Iteration,Objective,Fairness,Duration
0,1537.807714707156,0.5139230294063983,1529
1,1537.807714707156,0.5139230294063983,1529
2,1526.80586163421,0.514025296125276,1518
3,1500.8013715403076,0.5142730938020091,1492
4,1500.8013715403076,0.5142730938020091,1492
5,1500.8013715403076,0.5142730938020091,1492
6,1500.8013715403076,0.5142730938020091,1492
7,1509.8029436458419,0.5141863330109305,1501
8,1521.8050103008975,0.5140722791999119,1513
9,1521.8050103008975,0.5140722791999119,1513
10,1521.8050103008975,0.5140722791999119,1513
11,1521.8050103008975,0.5140722791999119,1513
12,1521.8050103008975,0.5140722791999119,1513
13,1521.8050103008975,0.5140722791999119,1513
14,1521.8050103008975,0.5140722791999119,1513
15,1515.8039811431213,0.5141290759866832,1507
16,1515.8039811431213,0.5141290759866832,1507
17,1515.8039811431213,0.5141290759866832,1507
18,1513.8036362422974,0.5141481102484817,1505
19,1513.8036362422974,0.5141481102484817,1505
20,1513.8036362422974,0.5141481102484817,1505
21,1513.8036362422974,0.5141481102484817,1505
22,1482.7981689389815,0.5144498378045604,1474
23,1482.7981689389815,0.5144498378045604,1474
24,1482.7981689389815,0.5144498378045604,1474
25,1482.7981689389815,0.5144498378045604,1474
26,1482.7981689389815,0.5144498378045604,1474
27,1482.7981689389815,0.5144498378045604,1474
28,1482.7981689389815,0.5144498378045604,1474
29,1482.7981689389815,0.5144498378045604,1474
30,1473.7965377159414,0.5145398611511347,1465
31,1473.7965377159414,0.5145398611511347,1465
32,1473.7965377159414,0.5145398611511347,1465
33,1473.7965377159414,0.5145398611511347,1465
34,1473.7965377159414,0.5145398611511347,1465
35,1473.7965377159414,0.5145398611511347,1465
36,1473.7965377159414,0.5145398611511347,1465
37,1473.7965377159414,0.5145398611511347,1465
38,1474.7967199657548,0.5145298032144167,1466
39,1474.7967199657548,0.5145298032144167,1466
40,1474.7967199657548,0.5145298032144167,1466
41,1474.7967199657548,0.5145298032144167,1466
42,1443.7909504324602,0.5148482101291255,1435
43,1443.7909504324602,0.5148482101291255,1435
44,1443.7909504324602,0.5148482101291255,1435
45,1444.7911404897272,0.5148377213174838,1436
46,1444.7911404897272,0.5148377213174838,1436
47,1444.7911404897272,0.5148377213174838,1436
48,1440.7903786453694,0.5148797657080932,1432
49,1440.7903786453694,0.5148797657080932,1432
50,1440.7903786453694,0.5148797657080932,1432
51,1440.7903786453694,0.5148797657080932,1432
52,1440.7903786453694,0.5148797657080932,1432
53,1440.7903786453694,0.5148797657080932,1432
54,1440.7903786453694,0.5148797657080932,1432
55,1440.7903786453694,0.5148797657080932,1432
56,1440.7903786453694,0.5148797657080932,1432
57,1440.7903786453694,0.5148797657080932,1432
58,1440.7903786453694,0.5148797657080932,1432
59,1440.7903786453694,0.5148797657080932,1432
60,1440.7903786453694,0.5148797657080932,1432
61,1440.7903786453694,0.5148797657080932,1432
62,1434.789227750693,0.5149432808668267,1426
63,1434.789227750693,0.5149432808668267,1426
64,1427.7878725627863,0.5150180704864068,1419
65,1417.7859128846358,0.5151262204947107,1409
66,1417.7859128846358,0.5151262204947107,1409
67,1445.827245085651,0.5680328319177225,1438
68,1445.827245085651,0.5680328319177225,1438
69,1445.827245085651,0.5680328319177225,1438
70,1445.827245085651,0.5680328319177225,1438
71,1445.827245085651,0.5680328319177225,1438
72,1421.1602679543334,0.5496540864054443,1413
73,1418.2283468610856,0.5458969723462724,1410
74,1418.2283468610856,0.5458969723462724,1410
75,1418.2283468610856,0.5458969723462724,1410
76,1377.0571997750376,0.5553421757705526,1369
77,1377.0571997750376,0.5553421757705526,1369
78,1378.0579676068705,0.5552998009453322,1370
79,1378.0579676068705,0.5552998009453322,1370
80,1378.0579676068705,0.5552998009453322,1370
81,1378.0579676068705,0.5552998009453322,1370
82,1364.309769768921,0.5414034343862625,1356
83,1364.309769768921,0.5414034343862625,1356
84,1364.309769768921,0.5414034343862625,1356
85,1364.309769768921,0.5414034343862625,1356
86,1364.309769768921,0.5414034343862625,1356
87,1364.309769768921,0.5414034343862625,1356
88,1364.309769768921,0.5414034343862625,1356
89,1364.309769768921,0.5414034343862625,1356
90,1332.7680420668335,0.5161124687177977,1324
91,1332.7680420668335,0.5161124687177977,1324
92,1332.7680420668335,0.5161124687177977,1324
93,1332.7680420668335,0.5161124687177977,1324
94,1332.7680420668335,0.5161124687177977,1324
95,1332.7680420668335,0.5161124687177977,1324
96,1332.7680420668335,0.5161124687177977,1324
97,1332.7680420668335,0.5161124687177977,1324
98,1332.7680420668335,0.5161124687177977,1324
99,1332.7680420668335,0.5161124687177977,1324
100,1332.7680420668335,0.5161124687177977,1324
101,1332.7680420668335,0.5161124687177977,1324
102,1332.7680420668335,0.5161124687177977,1324
103,1332.7680420668335,0.5161124687177977,1324
104,1332.7680420668335,0.5161124687177977,1324
105,1332.7680420668335,0.5161124687177977,1324
106,1332.7680420668335,0.5161124687177977,1324
107,1332.7680420668335,0.5161124687177977,1324
108,1332.7680420668335,0.5161124687177977,1324
109,1332.7680420668335,0.5161124687177977,1324
110,1365.775249994819,0.5157146801976321,1357
111,1365.775249994819,0.5157146801976321,1357
112,1365.775249994819,0.5157146801976321,1357
113,1365.775249994819,0.5157146801976321,1357
114,1365.775249994819,0.5157146801976321,1357
115,1365.775249994819,0.5157146801976321,1357
116,1365.775249994819,0.5157146801976321,1357
117,1365.775249994819,0.5157146801976321,1357
118,1365.775249994819,0.5157146801976321,1357
119,1365.775249994819,0.5157146801976321,1357
120,1365.775249994819,0.5157146801976321,1357
121,1365.775249994819,0.5157146801976321,1357
122,1327.7669180089542,0.5161745028170978,1319
123,1327.7669180089542,0.5161745028170978,1319
124,1327.7669180089542,0.5161745028170978,1319
125,1327.7669180089542,0.5161745028170978,1319
126,1319.7651014063335,0.5162747568248545,1311
127,1319.7651014063335,0.5162747568248545,1311
128,1319.7651014063335,0.5162747568248545,1311
129,1355.7731036317953,0.5158331329031334,1347
130,1355.7731036317953,0.5158331329031334,1347
131,1355.7731036317953,0.5158331329031334,1347
132,1355.7731036317953,0.5158331329031334,1347
133,1355.7731036317953,0.5158331329031334,1347
134,1355.7731036317953,0.5158331329031334,1347
135,1355.7731036317953,0.5158331329031334,1347
136,1355.7731036317953,0.5158331329031334,1347
137,1355.7731036317953,0.5158331329031334,1347
138,1355.7731036317953,0.5158331329031334,1347
139,1355.7731036317953,0.5158331329031334,1347
140,1355.7731036317953,0.5158331329031334,1347
141,1355.7731036317953,0.5158331329031334,1347
142,1355.7731036317953,0.5158331329031334,1347
143,1355.7731036317953,0.5158331329031334,1347
144,1355.7731036317953,0.5158331329031334,1347
145,1355.7731036317953,0.5158331329031334,1347
146,1355.7731036317953,0.5158331329031334,1347
147,1355.7731036317953,0.5158331329031334,1347
148,1355.7731036317953,0.5158331329031334,1347
149,1355.7731036317953,0.5158331329031334,1347
150,1355.7731036317953,0.5158331329031334,1347
151,1355.7731036317953,0.5158331329031334,1347
152,1355.7731036317953,0.5158331329031334,1347
153,1355.7731036317953,0.5158331329031334,1347
154,1355.7731036317953,0.5158331329031334,1347
155,1355.7731036317953,0.5158331329031334,1347
156,1355.7731036317953,0.5158331329031334,1347
157,1355.7731036317953,0.5158331329031334,1347
158,1355.7731036317953,0.5158331329031334,1347
159,1355.7731036317953,0.5158331329031334,1347
160,1355.7731036317953,0.5158331329031334,1347
161,1355.7731036317953,0.5158331329031334,1347
162,1355.7731036317953,0.5158331329031334,1347
163,1355.7731036317953,0.5158331329031334,1347
164,1355.7731036317953,0.5158331329031334,1347
165,1355.7731036317953,0.5158331329031334,1347
166,1355.7731036317953,0.5158331329031334,1347
167,1355.7731036317953,0.5158331329031334,1347
168,1355.7731036317953,0.5158331329031334,1347
169,1352.7724534005038,0.5158690176322418,1344
170,1352.7724534005038,0.5158690176322418,1344
171,1352.7724534005038,0.5158690176322418,1344
172,1352.7724534005038,0.5158690176322418,1344
173,1352.7724534005038,0.5158690176322418,1344
174,1352.7724534005038,0.5158690176322418,1344
175,1352.7724534005038,0.5158690176322418,1344
176,1352.7724534005038,0.5158690176322418,1344
177,1352.7724534005038,0.5158690176322418,1344
178,1352.7724534005038,0.5158690176322418,1344
179,1352.7724534005038,0.5158690176322418,1344
180,1352.7724534005038,0.5158690176322418,1344
181,1352.7724534005038,0.5158690176322418,1344
182,1352.7724534005038,0.5158690176322418,1344
183,1352.7724534005038,0.5158690176322418,1344
184,1354.7728872149453,0.5158450764379016,1346
185,1354.7728872149453,0.5158450764379016,1346
186,1354.7728872149453,0.5158450764379016,1346
187,1354.7728872149453,0.5158450764379016,1346
188,1354.7728872149453,0.5158450764379016,1346
189,1354.7728872149453,0.5158450764379016,1346
190,1354.7728872149453,0.5158450764379016,1346
191,1354.7728872149453,0.5158450764379016,1346
192,1354.7728872149453,0.5158450764379016,1346
193,1354.7728872149453,0.5158450764379016,1346
194,1354.7728872149453,0.5158450764379016,1346
195,1354.7728872149453,0.5158450764379016,1346
196,1354.7728872149453,0.5158450764379016,1346
197,1354.7728872149453,0.5158450764379016,1346
198,1354.7728872149453,0.5158450764379016,1346
199,1354.7728872149453,0.5158450764379016,1346
200,1354.7728872149453,0.5158450764379016,1346
201,1354.7728872149453,0.5158450764379016,1346
202,1354.7728872149453,0.5158450764379016,1346
203,1354.7728872149453,0.5158450764379016,1346
204,1354.7728872149453,0.5158450764379016,1346
205,1354.7728872149453,0.5158450764379016,1346
206,1354.7728872149453,0.5158450764379016,1346
207,1354.7728872149453,0.5158450764379016,1346
208,1354.7728872149453,0.5158450764379016,1346
209,1354.7728872149453,0.5158450764379016,1346
210,1353.772670471428,0.5158570380006582,1345
211,1353.772670471428,0.5158570380006582,1345
212,1357.7735354884426,0.515809299754822,1349
213,1357.7735354884426,0.515809299754822,1349
214,1442.6094469567608,0.5800525962052536,1435
215,1421.8914667811043,0.5644885882392799,1414
216,1358.759901636445,0.5165617198429993,1350
217,1357.7735354884426,0.515809299754822,1349
218,1350.7720182734627,0.5158930312658624,1342
219,1350.7720182734627,0.5158930312658624,1342
220,1350.7720182734627,0.5158930312658624,1342
221,1350.7720182734627,0.5158930312658624,1342
222,1350.7720182734627,0.5158930312658624,1342
223,1350.7720182734627,0.5158930312658624,1342
224,1350.7720182734627,0.5158930312658624,1342
225,1350.7720182734627,0.5158930312658624,1342
226,1350.7720182734627,0.5158930312658624,1342
227,1350.7720182734627,0.5158930312658624,1342
228,1350.7720182734627,0.5158930312658624,1342
229,1350.7720182734627,0.5158930312658624,1342
230,1350.7720182734627,0.5158930312658624,1342
231,1350.7720182734627,0.5158930312658624,1342
232,1350.7720182734627,0.5158930312658624,1342
233,1350.7720182734627,0.5158930312658624,1342
234,1350.7720182734627,0.5158930312658624,1342
235,1350.7720182734627,0.5158930312658624,1342
236,1350.7720182734627,0.5158930312658624,1342
237,1350.7720182734627,0.5158930312658624,1342
238,1350.7720182734627,0.5158930312658624,1342
239,1350.7720182734627,0.5158930312658624,1342
240,1350.7720182734627,0.5158930312658624,1342
241,1350.7720182734627,0.5158930312658624,1342
242,1350.7720182734627,0.5158930312658624,1342
243,1350.7720182734627,0.5158930312658624,1342
244,1350.7720182734627,0.5158930312658624,1342
245,1350.7720182734627,0.5158930312658624,1342
246,1350.7720182734627,0.5158930312658624,1342
247,1350.7720182734627,0.5158930312658624,1342
248,1350.7720182734627,0.5158930312658624,1342
249,1350.7720182734627,0.5158930312658624,1342
250,1350.7720182734627,0.5158930312658624,1342
251,1350.7720182734627,0.5158930312658624,1342
252,1350.7720182734627,0.5158930312658624,1342
253,1350.7720182734627,0.5158930312658624,1342
254,1350.7720182734627,0.5158930312658624,1342
255,1350.7720182734627,0.5158930312658624,1342
256,1350.7720182734627,0.5158930312658624,1342
257,1350.7720182734627,0.5158930312658624,1342
258,1350.7720182734627,0.5158930312658624,1342
259,1350.7720182734627,0.5158930312658624,1342
260,1350.7720182734627,0.5158930312658624,1342
261,1350.7720182734627,0.5158930312658624,1342
262,1350.7720182734627,0.5158930312658624,1342
263,1350.7720182734627,0.5158930312658624,1342
264,1350.7720182734627,0.5158930312658624,1342
265,1350.7720182734627,0.5158930312658624,1342
266,1350.7720182734627,0.5158930312658624,1342
267,1350.7720182734627,0.5158930312658624,1342
268,1350.7720182734627,0.5158930312658624,1342
269,1350.7720182734627,0.5158930312658624,1342
270,1350.7720182734627,0.5158930312658624,1342
271,1350.7720182734627,0.5158930312658624,1342
272,1350.7720182734627,0.5158930312658624,1342
273,1350.7720182734627,0.5158930312658624,1342
274,1350.7720182734627,0.5158930312658624,1342
275,1350.7720182734627,0.5158930312658624,1342
276,1350.7720182734627,0.5158930312658624,1342
277,1350.7720182734627,0.5158930312658624,1342
278,1350.7720182734627,0.5158930312658624,1342
279,1350.7720182734627,0.5158930312658624,1342
280,1350.7720182734627,0.5158930312658624,1342
281,1350.7720182734627,0.5158930312658624,1342
282,1350.7720182734627,0.5158930312658624,1342
283,1350.7720182734627,0.5158930312658624,1342
284,1350.7720182734627,0.5158930312658624,1342
285,1350.7720182734627,0.5158930312658624,1342
286,1350.7720182734627,0.5158930312658624,1342
287,1350.7720182734627,0.5158930312658624,1342
288,1350.7720182734627,0.5158930312658624,1342
289,1350.7720182734627,0.5158930312658624,1342
290,1350.7720182734627,0.5158930312658624,1342
291,1350.7720182734627,0.5158930312658624,1342
292,1350.7720182734627,0.5158930312658624,1342
293,1350.7720182734627,0.5158930312658624,1342
294,1350.7720182734627,0.5158930312658624,1342
295,1350.7720182734627,0.5158930312658624,1342
296,1350.7720182734627,0.5158930312658624,1342
297,1350.7720182734627,0.5158930312658624,1342
298,1350.7720182734627,0.5158930312658624,1342
299,1350.7720182734627,0.5158930312658624,1342
300,1350.7720182734627,0.5158930312658624,1342
301,1350.7720182734627,0.5158930312658624,1342
302,1350.7720182734627,0.5158930312658624,1342
303,1350.7720182734627,0.5158930312658624,1342
304,1350.7720182734627,0.5158930312658624,1342
305,1350.7720182734627,0.5158930312658624,1342
306,1350.7720182734627,0.5158930312658624,1342
307,1350.7720182734627,0.5158930312658624,1342
308,1350.7720182734627,0.5158930312658624,1342
309,1350.7720182734627,0.5158930312658624,1342
310,1350.7720182734627,0.5158930312658624,1342
311,1350.7720182734627,0.5158930312658624,1342
312,1350.7720182734627,0.5158930312658624,1342
313,1350.7720182734627,0.5158930312658624,1342
314,1350.7720182734627,0.5158930312658624,1342
315,1350.7720182734627,0.5158930312658624,1342
316,1350.7720182734627,0.5158930312658624,1342
317,1350.7720182734627,0.5158930312658624,1342
318,1350.7720182734627,0.5158930312658624,1342
319,1350.7720182734627,0.5158930312658624,1342
320,1350.7720182734627,0.5158930312658624,1342
321,1350.7720182734627,0.5158930312658624,1342
322,1350.7720182734627,0.5158930312658624,1342
323,1350.7720182734627,0.5158930312658624,1342
324,1350.7720182734627,0.5158930312658624,1342
325,1350.7720182734627,0.5158930312658624,1342
326,1350.7720182734627,0.5158930312658624,1342
327,1350.7720182734627,0.5158930312658624,1342
328,1350.7720182734627,0.5158930312658624,1342
329,1350.7720182734627,0.5158930312658624,1342
330,1350.7720182734627,0.5158930312658624,1342
331,1350.7720182734627,0.5158930312658624,1342
332,1350.7720182734627,0.5158930312658624,1342
333,1396.1861505959914,0.5482256845479297,1388
334,1396.1861505959914,0.5482256845479297,1388
335,1396.1861505959914,0.5482256845479297,1388
336,1396.1861505959914,0.5482256845479297,1388
337,1351.7583122899987,0.5166494321192764,1343
338,1351.7583122899987,0.5166494321192764,1343
339,1351.7583122899987,0.5166494321192764,1343
340,1351.7583122899987,0.5166494321192764,1343
341,1351.7583122899987,0.5166494321192764,1343
342,1351.7583122899987,0.5166494321192764,1343
343,1351.7583122899987,0.5166494321192764,1343
344,1351.7583122899987,0.5166494321192764,1343
345,1351.7583122899987,0.5166494321192764,1343
346,1351.7583122899987,0.5166494321192764,1343
347,1364.7612506685243,0.5164872699489899,1356
348,1364.7612506685243,0.5164872699489899,1356
349,1364.7612506685243,0.5164872699489899,1356
350,1364.7612506685243,0.5164872699489899,1356
351,1364.7612506685243,0.5164872699489899,1356
352,1364.7612506685243,0.5164872699489899,1356
353,1370.7625876295317,0.5164134862289291,1362
354,1370.7625876295317,0.5164134862289291,1362
355,1370.7625876295317,0.5164134862289291,1362
356,1370.7625876295317,0.5164134862289291,1362
357,1360.7603526651083,0.5165368286364068,1352
358,1360.7603526651083,0.5165368286364068,1352
359,1360.7603526651083,0.5165368286364068,1352
360,1360.7603526651083,0.5165368286364068,1352
361,1360.7603526651083,0.5165368286364068,1352
362,1360.7603526651083,0.5165368286364068,1352
363,1360.7603526651083,0.5165368286364068,1352
364,1360.7603526651083,0.5165368286364068,1352
365,1360.7603526651083,0.5165368286364068,1352
366,1360.7603526651083,0.5165368286364068,1352
367,1360.7603526651083,0.5165368286364068,1352
368,1360.7603526651083,0.5165368286364068,1352
369,1360.7603526651083,0.5165368286364068,1352
370,1360.7603526651083,0.5165368286364068,1352
371,1360.7603526651083,0.5165368286364068,1352
372,1360.7603526651083,0.5165368286364068,1352
373,1360.7603526651083,0.5165368286364068,1352
374,1360.7603526651083,0.5165368286364068,1352
375,1360.7603526651083,0.5165368286364068,1352
376,1360.7603526651083,0.5165368286364068,1352
377,1360.7603526651083,0.5165368286364068,1352
378,1360.7603526651083,0.5165368286364068,1352
379,1360.7603526651083,0.5165368286364068,1352
380,1360.7603526651083,0.5165368286364068,1352
381,1360.7603526651083,0.5165368286364068,1352
382,1360.7603526651083,0.5165368286364068,1352
383,1360.7603526651083,0.5165368286364068,1352
384,1360.7603526651083,0.5165368286364068,1352
385,1360.7603526651083,0.5165368286364068,1352
386,1360.7603526651083,0.5165368286364068,1352
387,1360.7603526651083,0.5165368286364068,1352
388,1360.7603526651083,0.5165368286364068,1352
389,1360.7603526651083,0.5165368286364068,1352
390,1360.7603526651083,0.5165368286364068,1352
391,1360.7603526651083,0.5165368286364068,1352
392,1360.7603526651083,0.5165368286364068,1352
393,1360.7603526651083,0.5165368286364068,1352
394,1360.7603526651083,0.5165368286364068,1352
395,1360.7603526651083,0.5165368286364068,1352
396,1360.7603526651083,0.5165368286364068,1352
397,1360.7603526651083,0.5165368286364068,1352
398,1355.7592225425642,0.5165991974302279,1347
399,1355.7592225425642,0.5165991974302279,1347
400,1355.7592225425642,0.5165991974302279,1347
401,1355.7592225425642,0.5165991974302279,1347
402,1355.7592225425642,0.5165991974302279,1347
403,1355.7592225425642,0.5165991974302279,1347
404,1357.759675612704,0.5165741935593754,1349
405,1357.759675612704,0.5165741935593754,1349
406,1357.759675612704,0.5165741935593754,1349
407,1357.759675612704,0.5165741935593754,1349
408,1357.759675612704,0.5165741935593754,1349
409,1357.759675612704,0.5165741935593754,1349
410,1357.759675612704,0.5165741935593754,1349
411,1357.759675612704,0.5165741935593754,1349
412,1357.759675612704,0.5165741935593754,1349
413,1357.759675612704,0.5165741935593754,1349
414,1357.759675612704,0.5165741935593754,1349
415,1357.759675612704,0.5165741935593754,1349
416,1357.759675612704,0.5165741935593754,1349
417,1357.759675612704,0.5165741935593754,1349
418,1357.759675612704,0.5165741935593754,1349
419,1357.759675612704,0.5165741935593754,1349
420,1357.759675612704,0.5165741935593754,1349
421,1357.759675612704,0.5165741935593754,1349
422,1357.759675612704,0.5165741935593754,1349
423,1357.759675612704,0.5165741935593754,1349
424,1357.759675612704,0.5165741935593754,1349
425,1357.759675612704,0.5165741935593754,1349
426,1357.759675612704,0.5165741935593754,1349
427,1357.759675612704,0.5165741935593754,1349
428,1357.759675612704,0.5165741935593754,1349
429,1357.759675612704,0.5165741935593754,1349
430,1357.759675612704,0.5165741935593754,1349
431,1357.759675612704,0.5165741935593754,1349
432,1357.759675612704,0.5165741935593754,1349
433,1357.759675612704,0.5165741935593754,1349
434,1357.759675612704,0.5165741935593754,1349
435,1355.7731036317953,0.5158331329031334,1347
436,1355.7731036317953,0.5158331329031334,1347
437,1355.7731036317953,0.5158331329031334,1347
438,1355.7731036317953,0.5158331329031334,1347
439,1355.7731036317953,0.5158331329031334,1347
440,1355.7731036317953,0.5158331329031334,1347
441,1355.7731036317953,0.5158331329031334,1347
442,1355.7731036317953,0.5158331329031334,1347
443,1355.7731036317953,0.5158331329031334,1347
444,1355.7731036317953,0.5158331329031334,1347
445,1355.7731036317953,0.5158331329031334,1347
446,1330.7675934796655,0.5161372251840178,1322
447,1330.7675934796655,0.5161372251840178,1322
448,1330.7675934796655,0.5161372251840178,1322
449,1330.7675934796655,0.5161372251840178,1322
450,1337.7691575376687,0.5160509085171843,1329
451,1337.7691575376687,0.5160509085171843,1329
452,1337.7691575376687,0.5160509085171843,1329
453,1337.7691575376687,0.5160509085171843,1329
454,1337.7691575376687,0.5160509085171843,1329
455,1332.753912276315,0.5168922584815131,1324
456,1332.753912276315,0.5168922584815131,1324
457,1332.753912276315,0.5168922584815131,1324
458,1332.753912276315,0.5168922584815131,1324
459,1332.753912276315,0.5168922584815131,1324
460,1332.753912276315,0.5168922584815131,1324
461,1332.753912276315,0.5168922584815131,1324
462,1332.753912276315,0.5168922584815131,1324
463,1332.753912276315,0.5168922584815131,1324
464,1332.753912276315,0.5168922584815131,1324
465,1332.753912276315,0.5168922584815131,1324
466,1332.753912276315,0.5168922584815131,1324
467,1332.753912276315,0.5168922584815131,1324
468,1332.753912276315,0.5168922584815131,1324
469,1332.753912276315,0.5168922584815131,1324
470,1332.753912276315,0.5168922584815131,1324
471,1332.753912276315,0.5168922584815131,1324
472,1332.753912276315,0.5168922584815131,1324
473,1332.753912276315,0.5168922584815131,1324
474,1332.753912276315,0.5168922584815131,1324
475,1332.753912276315,0.5168922584815131,1324
476,1332.753912276315,0.5168922584815131,1324
477,1332.753912276315,0.5168922584815131,1324
478,1332.753912276315,0.5168922584815131,1324
479,1332.753912276315,0.5168922584815131,1324
480,1332.753912276315,0.5168922584815131,1324
481,1332.753912276315,0.5168922584815131,1324
482,1332.753912276315,0.5168922584815131,1324
483,1340.7557804570006,0.5167891580021717,1332
484,1340.7557804570006,0.5167891580021717,1332
485,1340.7557804570006,0.5167891580021717,1332
486,1340.7557804570006,0.5167891580021717,1332
487,1340.7557804570006,0.5167891580021717,1332
488,1351.7583122899987,0.5166494321192764,1343
489,1351.7583122899987,0.5166494321192764,1343
490,1348.757625977781,0.516687308069484,1340
491,1348.757625977781,0.516687308069484,1340
492,1348.757625977781,0.516687308069484,1340
493,1322.7515445444462,0.5170229280106938,1314
494,1322.7515445444462,0.5170229280106938,1314
495,1322.7515445444462,0.5170229280106938,1314
496,1322.7515445444462,0.5170229280106938,1314
497,1322.7515445444462,0.5170229280106938,1314
498,1322.7515445444462,0.5170229280106938,1314
499,1350.7580838655929,0.5166620383226881,1342
500,1362.7608023404414,0.5165120121169229,1354
501,1362.7608023404414,0.5165120121169229,1354
502,1362.7608023404414,0.5165120121169229,1354
503,1362.7608023404414,0.5165120121169229,1354
504,1352.7585403691178,0.5166368449714215,1344
505,1352.7585403691178,0.5166368449714215,1344
506,1352.7585403691178,0.5166368449714215,1344
507,1352.7585403691178,0.5166368449714215,1344
508,1352.7585403691178,0.5166368449714215,1344
509,1352.7585403691178,0.5166368449714215,1344
510,1352.7585403691178,0.5166368449714215,1344
511,1352.7585403691178,0.5166368449714215,1344
512,1355.7592225425642,0.5165991974302279,1347
513,1351.7583122899987,0.5166494321192764,1343
514,1351.7583122899987,0.5166494321192764,1343
515,1351.7583122899987,0.5166494321192764,1343
516,1351.7583122899987,0.5166494321192764,1343
517,1351.7583122899987,0.5166494321192764,1343
518,1351.7583122899987,0.5166494321192764,1343
519,1348.757625977781,0.516687308069484,1340
520,1348.757625977781,0.516687308069484,1340
521,1348.757625977781,0.516687308069484,1340
522,1348.757625977781,0.516687308069484,1340
523,1348.757625977781,0.516687308069484,1340
524,1348.757625977781,0.516687308069484,1340
525,1348.757625977781,0.516687308069484,1340
526,1348.757625977781,0.516687308069484,1340
527,1348.757625977781,0.516687308069484,1340
528,1348.757625977781,0.516687308069484,1340
529,1348.757625977781,0.516687308069484,1340
530,1348.757625977781,0.516687308069484,1340
531,1348.757625977781,0.516687308069484,1340
532,1348.757625977781,0.516687308069484,1340
533,1348.757625977781,0.516687308069484,1340
534,1348.757625977781,0.516687308069484,1340
535,1348.757625977781,0.516687308069484,1340
536,1348.757625977781,0.516687308069484,1340
537,1348.757625977781,0.516687308069484,1340
538,1348.757625977781,0.516687308069484,1340
539,1348.757625977781,0.516687308069484,1340
540,1348.757625977781,0.516687308069484,1340
541,1348.757625977781,0.516687308069484,1340
542,1348.757625977781,0.516687308069484,1340
543,1348.757625977781,0.516687308069484,1340
544,1336.7548492251424,0.5168405504888285,1328
545,1336.7548492251424,0.5168405504888285,1328
546,1360.7603526651083,0.5165368286364068,1352
547,1360.7603526651083,0.5165368286364068,1352
548,1364.7612506685243,0.5164872699489899,1356
549,1364.7612506685243,0.5164872699489899,1356
550,1364.7612506685243,0.5164872699489899,1356
551,1364.7612506685243,0.5164872699489899,1356
552,1364.7612506685243,0.5164872699489899,1356
553,1364.7612506685243,0.5164872699489899,1356
554,1364.7612506685243,0.5164872699489899,1356
555,1389.766743518471,0.5161841325347184,1381
556,1395.7680318869523,0.5161130305213958,1387
557,1395.7680318869523,0.5161130305213958,1387
558,1395.7680318869523,0.5161130305213958,1387
559,1395.7680318869523,0.5161130305213958,1387
560,1395.7680318869523,0.5161130305213958,1387
561,1395.7680318869523,0.5161130305213958,1387
562,1395.7680318869523,0.5161130305213958,1387
563,1414.7720380805245,0.5158919381609027,1406
564,1402.769520752384,0.5160308635549598,1394
565,1402.769520752384,0.5160308635549598,1394
566,1402.769520752384,0.5160308635549598,1394
567,1402.769520752384,0.5160308635549598,1394
568,1398.7686718364364,0.5160777132209489,1390
569,1382.765225980481,0.5162678818719003,1374
570,1382.765225980481,0.5162678818719003,1374
571,1382.765225980481,0.5162678818719003,1374
572,1400.0314449742948,0.5567635223899123,1392
573,1400.0314449742948,0.5567635223899123,1392
574,1400.0314449742948,0.5567635223899123,1392
575,1400.0314449742948,0.5567635223899123,1392
576,1400.0314449742948,0.5567635223899123,1392
577,1400.0314449742948,0.5567635223899123,1392
578,1400.0314449742948,0.5567635223899123,1392
579,1400.0314449742948,0.5567635223899123,1392
580,1400.0314449742948,0.5567635223899123,1392
581,1405.9497577668649,0.5612716464202636,1398
582,1403.9480819409766,0.5613641312926824,1396
583,1355.7731036317953,0.5158331329031334,1347
584,1355.7731036317953,0.5158331329031334,1347
585,1355.7731036317953,0.5158331329031334,1347
586,1355.7731036317953,0.5158331329031334,1347
587,1355.7731036317953,0.5158331329031334,1347
588,1355.7731036317953,0.5158331329031334,1347
589,1355.7731036317953,0.5158331329031334,1347
590,1355.7731036317953,0.5158331329031334,1347
591,1355.7731036317953,0.5158331329031334,1347
592,1362.774609464759,0.5157500295386901,1354
593,1362.774609464759,0.5157500295386901,1354
594,1362.774609464759,0.5157500295386901,1354
595,1362.774609464759,0.5157500295386901,1354
596,1362.774609464759,0.5157500295386901,1354
597,1362.774609464759,0.5157500295386901,1354
598,1362.774609464759,0.5157500295386901,1354
599,1362.774609464759,0.5157500295386901,1354
600,1362.774609464759,0.5157500295386901,1354
601,1362.774609464759,0.5157500295386901,1354
602,1362.774609464759,0.5157500295386901,1354
603,1362.774609464759,0.5157500295386901,1354
604,1362.774609464759,0.5157500295386901,1354
605,1362.774609464759,0.5157500295386901,1354
606,1362.774609464759,0.5157500295386901,1354
607,1362.774609464759,0.5157500295386901,1354
608,1362.774609464759,0.5157500295386901,1354
609,1362.774609464759,0.5157500295386901,1354
610,1362.774609464759,0.5157500295386901,1354
611,1362.774609464759,0.5157500295386901,1354
612,1362.774609464759,0.5157500295386901,1354
613,1362.774609464759,0.5157500295386901,1354
614,1362.774609464759,0.5157500295386901,1354
615,1362.774609464759,0.5157500295386901,1354
616,1362.774609464759,0.5157500295386901,1354
617,1371.776522469961,0.5156444553001684,1363
618,1371.776522469961,0.5156444553001684,1363
619,1371.776522469961,0.5156444553001684,1363
620,1371.776522469961,0.5156444553001684,1363
621,1371.776522469961,0.5156444553001684,1363
622,1371.776522469961,0.5156444553001684,1363
623,1350.7720182734627,0.5158930312658624,1342
624,1350.7720182734627,0.5158930312658624,1342
625,1350.7720182734627,0.5158930312658624,1342
626,1343.7704849056506,0.5159776542135461,1335
627,1343.7704849056506,0.5159776542135461,1335
628,1343.7704849056506,0.5159776542135461,1335
629,1343.7704849056506,0.5159776542135461,1335
630,1343.7704849056506,0.5159776542135461,1335
631,1343.7704849056506,0.5159776542135461,1335
632,1343.7704849056506,0.5159776542135461,1335
633,1343.7704849056506,0.5159776542135461,1335
634,1343.7704849056506,0.5159776542135461,1335
635,1343.7704849056506,0.5159776542135461,1335
636,1338.7693796100407,0.5160386528675167,1330
637,1338.7693796100407,0.5160386528675167,1330
638,1338.7693796100407,0.5160386528675167,1330
639,1338.7693796100407,0.5160386528675167,1330
640,1338.7693796100407,0.5160386528675167,1330
641,1338.7693796100407,0.5160386528675167,1330
642,1338.7693796100407,0.5160386528675167,1330
643,1338.7693796100407,0.5160386528675167,1330
644,1338.7693796100407,0.5160386528675167,1330
645,1338.7693796100407,0.5160386528675167,1330
646,1338.7693796100407,0.5160386528675167,1330
647,1338.7693796100407,0.5160386528675167,1330
648,1338.7693796100407,0.5160386528675167,1330
649,1338.7693796100407,0.5160386528675167,1330
650,1338.7693796100407,0.5160386528675167,1330
651,1338.7693796100407,0.5160386528675167,1330
652,1338.7693796100407,0.5160386528675167,1330
653,1338.7693796100407,0.5160386528675167,1330
654,1340.7698227392184,0.5160141976148844,1332
655,1340.7698227392184,0.5160141976148844,1332
656,1340.7698227392184,0.5160141976148844,1332
657,1292.7588006091714,0.51662248293756,1284
658,1292.7588006091714,0.51662248293756,1284
659,1292.7588006091714,0.51662248293756,1284
660,1292.7588006091714,0.51662248293756,1284
661,1292.7588006091714,0.51662248293756,1284
662,1292.7588006091714,0.51662248293756,1284
663,1292.7588006091714,0.51662248293756,1284
664,1292.7588006091714,0.51662248293756,1284
665,1292.7588006091714,0.51662248293756,1284
666,1292.7588006091714,0.51662248293756,1284
667,1292.7588006091714,0.51662248293756,1284
668,1292.7588006091714,0.51662248293756,1284
669,1292.7588006091714,0.51662248293756,1284
670,1292.7588006091714,0.51662248293756,1284
671,1292.7588006091714,0.51662248293756,1284
672,1292.7588006091714,0.51662248293756,1284
673,1292.7588006091714,0.51662248293756,1284
674,1292.7588006091714,0.51662248293756,1284
675,1292.7588006091714,0.51662248293756,1284
676,1292.7588006091714,0.51662248293756,1284
677,1292.7588006091714,0.51662248293756,1284
678,1292.7588006091714,0.51662248293756,1284
679,1292.7588006091714,0.51662248293756,1284
680,1292.7588006091714,0.51662248293756,1284
681,1292.7588006091714,0.51662248293756,1284
682,1292.7588006091714,0.51662248293756,1284
683,1292.7588006091714,0.51662248293756,1284
684,1292.7588006091714,0.51662248293756,1284
685,1292.7588006091714,0.51662248293756,1284
686,1292.7588006091714,0.51662248293756,1284
687,1292.7588006091714,0.51662248293756,1284
688,1292.7588006091714,0.51662248293756,1284
689,1292.7588006091714,0.51662248293756,1284
690,1292.7588006091714,0.51662248293756,1284
691,1292.7588006091714,0.51662248293756,1284
692,1292.7588006091714,0.51662248293756,1284
693,1292.7588006091714,0.51662248293756,1284
694,1292.7588006091714,0.51662248293756,1284
695,1292.7588006091714,0.51662248293756,1284
696,1292.7588006091714,0.51662248293756,1284
697,1292.7588006091714,0.51662248293756,1284
698,1292.7588006091714,0.51662248293756,1284
699,1292.7588006091714,0.51662248293756,1284
700,1292.7588006091714,0.51662248293756,1284
701,1292.7588006091714,0.51662248293756,1284
702,1292.7588006091714,0.51662248293756,1284
703,1292.7588006091714,0.51662248293756,1284
704,1292.7588006091714,0.51662248293756,1284
705,1292.7588006091714,0.51662248293756,1284
706,1292.7588006091714,0.51662248293756,1284
707,1292.7588006091714,0.51662248293756,1284
708,1292.7588006091714,0.51662248293756,1284
709,1292.7588006091714,0.51662248293756,1284
710,1292.7588006091714,0.51662248293756,1284
711,1292.7588006091714,0.51662248293756,1284
712,1292.7588006091714,0.51662248293756,1284
713,1300.7606953973125,0.5165179140556055,1292
714,1300.7606953973125,0.5165179140556055,1292
715,1300.7606953973125,0.5165179140556055,1292
716,1300.7606953973125,0.5165179140556055,1292
717,1300.7606953973125,0.5165179140556055,1292
718,1300.7606953973125,0.5165179140556055,1292
719,1300.7606953973125,0.5165179140556055,1292
720,1300.7606953973125,0.5165179140556055,1292
721,1300.7606953973125,0.5165179140556055,1292
722,1300.7606953973125,0.5165179140556055,1292
723,1300.7606953973125,0.5165179140556055,1292
724,1300.7606953973125,0.5165179140556055,1292
725,1300.7606953973125,0.5165179140556055,1292
726,1300.7606953973125,0.5165179140556055,1292
727,1300.7606953973125,0.5165179140556055,1292
728,1300.7606953973125,0.5165179140556055,1292
729,1300.7606953973125,0.5165179140556055,1292
730,1300.7606953973125,0.5165179140556055,1292
731,1300.7606953973125,0.5165179140556055,1292
732,1300.7606953973125,0.5165179140556055,1292
733,1300.7606953973125,0.5165179140556055,1292
734,1300.7606953973125,0.5165179140556055,1292
735,1300.7606953973125,0.5165179140556055,1292
736,1300.7606953973125,0.5165179140556055,1292
737,1300.7606953973125,0.5165179140556055,1292
738,1300.7606953973125,0.5165179140556055,1292
739,1300.7606953973125,0.5165179140556055,1292
740,1300.7606953973125,0.5165179140556055,1292
741,1300.7606953973125,0.5165179140556055,1292
742,1300.7606953973125,0.5165179140556055,1292
743,1300.7606953973125,0.5165179140556055,1292
744,1300.7606953973125,0.5165179140556055,1292
745,1300.7606953973125,0.5165179140556055,1292
746,1300.7606953973125,0.5165179140556055,1292
747,1300.7606953973125,0.5165179140556055,1292
748,1300.7606953973125,0.5165179140556055,1292
749,1300.7606953973125,0.5165179140556055,1292
750,1300.7606953973125,0.5165179140556055,1292
751,1300.7606953973125,0.5165179140556055,1292
752,1300.7606953973125,0.5165179140556055,1292
753,1300.7606953973125,0.5165179140556055,1292
754,1300.7606953973125,0.5165179140556055,1292
755,1300.7606953973125,0.5165179140556055,1292
756,1300.7606953973125,0.5165179140556055,1292
757,1300.7606953973125,0.5165179140556055,1292
758,1300.7606953973125,0.5165179140556055,1292
759,1300.7606953973125,0.5165179140556055,1292
760,1300.7606953973125,0.5165179140556055,1292
761,1300.7606953973125,0.5165179140556055,1292
762,1300.7606953973125,0.5165179140556055,1292
763,1300.7606953973125,0.5165179140556055,1292
764,1300.7606953973125,0.5165179140556055,1292
765,1300.7606953973125,0.5165179140556055,1292
766,1300.7606953973125,0.5165179140556055,1292
767,1300.7606953973125,0.5165179140556055,1292
768,1300.7606953973125,0.5165179140556055,1292
769,1308.7625665013732,0.5164146522420952,1300
770,1308.7625665013732,0.5164146522420952,1300
771,1331.7678179453835,0.5161248374512354,1323
772,1331.7678179453835,0.5161248374512354,1323
773,1331.7678179453835,0.5161248374512354,1323
774,1331.7678179453835,0.5161248374512354,1323
775,1331.7678179453835,0.5161248374512354,1323
776,1331.7678179453835,0.5161248374512354,1323
777,1331.7678179453835,0.5161248374512354,1323
778,1336.7689351257395,0.516063182906203,1328
779,1336.7689351257395,0.516063182906203,1328
780,1336.7689351257395,0.516063182906203,1328
781,1336.7689351257395,0.516063182906203,1328
782,1336.7689351257395,0.516063182906203,1328
783,1336.7689351257395,0.516063182906203,1328
784,1336.7689351257395,0.516063182906203,1328
785,1336.7689351257395,0.516063182906203,1328
786,1336.7689351257395,0.516063182906203,1328
787,1336.7689351257395,0.516063182906203,1328
788,1336.7689351257395,0.516063182906203,1328
789,1336.7689351257395,0.516063182906203,1328
790,1336.7689351257395,0.516063182906203,1328
791,1336.7689351257395,0.516063182906203,1328
792,1336.7689351257395,0.516063182906203,1328
793,1336.7689351257395,0.516063182906203,1328
794,1336.7689351257395,0.516063182906203,1328
795,1369.7760995767915,0.5156677937753091,1361
796,1360.7741808417823,0.5157736842283474,1352
797,1360.7741808417823,0.5157736842283474,1352
798,1360.7741808417823,0.5157736842283474,1352
799,1360.7741808417823,0.5157736842283474,1352
800,1360.7741808417823,0.5157736842283474,1352
801,1360.7741808417823,0.5157736842283474,1352
802,1360.7741808417823,0.5157736842283474,1352
803,1360.7741808417823,0.5157736842283474,1352
804,1360.7741808417823,0.5157736842283474,1352
805,1360.7741808417823,0.5157736842283474,1352
806,1360.7741808417823,0.5157736842283474,1352
807,1360.7741808417823,0.5157736842283474,1352
808,1360.7741808417823,0.5157736842283474,1352
809,1360.7741808417823,0.5157736842283474,1352
810,1360.7741808417823,0.5157736842283474,1352
811,1360.7741808417823,0.5157736842283474,1352
812,1360.7741808417823,0.5157736842283474,1352
813,1360.7741808417823,0.5157736842283474,1352
814,1360.7741808417823,0.5157736842283474,1352
815,1360.7741808417823,0.5157736842283474,1352
816,1360.7741808417823,0.5157736842283474,1352
817,1360.7741808417823,0.5157736842283474,1352
818,1360.7741808417823,0.5157736842283474,1352
819,1360.7741808417823,0.5157736842283474,1352
820,1361.7743953140453,0.5157618480107513,1353
821,1361.7743953140453,0.5157618480107513,1353
822,1361.7743953140453,0.5157618480107513,1353
823,1360.7741808417823,0.5157736842283474,1352
824,1360.7741808417823,0.5157736842283474,1352
825,1356.7733197227158,0.515821207355638,1348
826,1356.7733197227158,0.515821207355638,1348
827,1350.7720182734627,0.5158930312658624,1342
828,1350.7720182734627,0.5158930312658624,1342
829,1350.7720182734627,0.5158930312658624,1342
830,1350.7720182734627,0.5158930312658624,1342
831,1355.7731036317953,0.5158331329031334,1347
832,1355.7731036317953,0.5158331329031334,1347
833,1355.7731036317953,0.5158331329031334,1347
834,1355.7731036317953,0.5158331329031334,1347
835,1355.7731036317953,0.5158331329031334,1347
836,1355.7731036317953,0.5158331329031334,1347
837,1355.7731036317953,0.5158331329031334,1347
838,1355.7731036317953,0.5158331329031334,1347
839,1355.7731036317953,0.5158331329031334,1347
840,1355.7731036317953,0.5158331329031334,1347
841,1355.7731036317953,0.5158331329031334,1347
842,1355.7731036317953,0.5158331329031334,1347
843,1355.7731036317953,0.5158331329031334,1347
844,1355.7731036317953,0.5158331329031334,1347
845,1355.7731036317953,0.5158331329031334,1347
846,1352.7724534005038,0.5158690176322418,1344
847,1354.7728872149453,0.5158450764379016,1346
848,1354.7728872149453,0.5158450764379016,1346
849,1354.7728872149453,0.5158450764379016,1346
850,1370.7625876295317,0.5164134862289291,1362
851,1370.7625876295317,0.5164134862289291,1362
852,1370.7625876295317,0.5164134862289291,1362
853,1370.7625876295317,0.5164134862289291,1362
854,1370.7625876295317,0.5164134862289291,1362
855,1370.7625876295317,0.5164134862289291,1362
856,1364.7612506685243,0.5164872699489899,1356
857,1366.7616976554011,0.5164626017990568,1358
858,1366.7616976554011,0.5164626017990568,1358
859,1366.7616976554011,0.5164626017990568,1358
860,1366.7616976554011,0.5164626017990568,1358
861,1378.76435174528,0.5163161288476816,1370
862,1378.76435174528,0.5163161288476816,1370
863,1378.76435174528,0.5163161288476816,1370
864,1377.764132375848,0.5163282353284739,1369
865,1377.764132375848,0.5163282353284739,1369
866,1377.764132375848,0.5163282353284739,1369
867,1377.764132375848,0.5163282353284739,1369
868,1377.764132375848,0.5163282353284739,1369
869,1377.764132375848,0.5163282353284739,1369
870,1371.7628092941545,0.5164012530819757,1363
871,1371.7628092941545,0.5164012530819757,1363
872,1371.7628092941545,0.5164012530819757,1363
873,1371.7628092941545,0.5164012530819757,1363
874,1371.7628092941545,0.5164012530819757,1363
875,1384.7656611626132,0.5162438651979496,1376
876,1384.7656611626132,0.5162438651979496,1376
877,1384.7656611626132,0.5162438651979496,1376
878,1384.7656611626132,0.5162438651979496,1376
879,1384.7656611626132,0.5162438651979496,1376
880,1384.7656611626132,0.5162438651979496,1376
881,1394.7678179453835,0.5161248374512354,1386
882,1394.7678179453835,0.5161248374512354,1386
883,1394.7678179453835,0.5161248374512354,1386
884,1394.7678179453835,0.5161248374512354,1386
885,1394.7678179453835,0.5161248374512354,1386
886,1394.7678179453835,0.5161248374512354,1386
887,1394.7678179453835,0.5161248374512354,1386
888,1390.7804780106674,0.5154261583516934,1382
889,1390.7804780106674,0.5154261583516934,1382
890,1390.7804780106674,0.5154261583516934,1382
891,1390.7804780106674,0.5154261583516934,1382
892,1386.7796544636217,0.5154716079679026,1378
893,1386.7796544636217,0.5154716079679026,1378
894,1386.7796544636217,0.5154716079679026,1378
895,1386.7796544636217,0.5154716079679026,1378
896,1386.7796544636217,0.5154716079679026,1378
897,1386.7796544636217,0.5154716079679026,1378
898,1386.7796544636217,0.5154716079679026,1378
899,1386.7796544636217,0.5154716079679026,1378
900,1386.7796544636217,0.5154716079679026,1378
901,1386.7796544636217,0.5154716079679026,1378
902,1386.7796544636217,0.5154716079679026,1378
903,1386.7796544636217,0.5154716079679026,1378
904,1386.7796544636217,0.5154716079679026,1378
905,1386.7796544636217,0.5154716079679026,1378
906,1376.7775742127449,0.5155864121001735,1368
907,1378.7779927284394,0.5155633152075383,1370
908,1373.776944105443,0.5156211862338296,1365
909,1373.776944105443,0.5156211862338296,1365
910,1373.776944105443,0.5156211862338296,1365
911,1373.776944105443,0.5156211862338296,1365
912,1373.776944105443,0.5156211862338296,1365
913,1373.776944105443,0.5156211862338296,1365
914,1377.7777836257148,0.5155748550929963,1369
915,1377.7777836257148,0.5155748550929963,1369
916,1377.7777836257148,0.5155748550929963,1369
917,1377.7777836257148,0.5155748550929963,1369
918,1344.7707049569108,0.515965510104263,1336
919,1344.7707049569108,0.515965510104263,1336
920,1344.7707049569108,0.515965510104263,1336
921,1344.7707049569108,0.515965510104263,1336
922,1344.7707049569108,0.515965510104263,1336
923,1344.7707049569108,0.515965510104263,1336
924,1333.7682658448064,0.5161001189400403,1325
925,1333.7682658448064,0.5161001189400403,1325
926,1333.7682658448064,0.5161001189400403,1325
927,1333.7682658448064,0.5161001189400403,1325
928,1333.7682658448064,0.5161001189400403,1325
929,1333.7682658448064,0.5161001189400403,1325
930,1333.7682658448064,0.5161001189400403,1325
931,1333.7682658448064,0.5161001189400403,1325
932,1333.7682658448064,0.5161001189400403,1325
933,1327.7669180089542,0.5161745028170978,1319
934,1327.7669180089542,0.5161745028170978,1319
935,1327.7669180089542,0.5161745028170978,1319
936,1337.7691575376687,0.5160509085171843,1329
937,1337.7691575376687,0.5160509085171843,1329
938,1337.7691575376687,0.5160509085171843,1329
939,1337.7691575376687,0.5160509085171843,1329
940,1337.7691575376687,0.5160509085171843,1329
941,1337.7691575376687,0.5160509085171843,1329
942,1337.7691575376687,0.5160509085171843,1329
943,1337.7691575376687,0.5160509085171843,1329
944,1337.7691575376687,0.5160509085171843,1329
945,1337.7691575376687,0.5160509085171843,1329
946,1338.7693796100407,0.5160386528675167,1330
947,1338.7693796100407,0.5160386528675167,1330
948,1338.7693796100407,0.5160386528675167,1330
949,1338.7693796100407,0.5160386528675167,1330
950,1338.7693796100407,0.5160386528675167,1330
951,1338.7693796100407,0.5160386528675167,1330
952,1338.7693796100407,0.5160386528675167,1330
953,1338.7693796100407,0.5160386528675167,1330
954,1338.7693796100407,0.5160386528675167,1330
955,1351.7722360014302,0.5158810153736146,1343
956,1351.7722360014302,0.5158810153736146,1343
957,1346.7711440576854,0.5159412771696841,1338
958,1346.7711440576854,0.5159412771696841,1338
959,1346.7711440576854,0.5159412771696841,1338
960,1346.7711440576854,0.5159412771696841,1338
961,1346.7711440576854,0.5159412771696841,1338
962,1344.7707049569108,0.515965510104263,1336
963,1344.7707049569108,0.515965510104263,1336
964,1344.7707049569108,0.515965510104263,1336
965,1344.7707049569108,0.515965510104263,1336
966,1344.7707049569108,0.515965510104263,1336
967,1344.7707049569108,0.515965510104263,1336
968,1344.7707049569108,0.515965510104263,1336
969,1344.7707049569108,0.515965510104263,1336
970,1344.7707049569108,0.515965510104263,1336
971,1344.7707049569108,0.515965510104263,1336
972,1344.7707049569108,0.515965510104263,1336
973,1344.7707049569108,0.515965510104263,1336
974,1344.7707049569108,0.515965510104263,1336
975,1344.7707049569108,0.515965510104263,1336
976,1344.7707049569108,0.515965510104263,1336
977,1344.7707049569108,0.515965510104263,1336
978,1344.7707049569108,0.515965510104263,1336
979,1344.7707049569108,0.515965510104263,1336
980,1344.7707049569108,0.515965510104263,1336
981,1344.7707049569108,0.515965510104263,1336
982,1344.7707049569108,0.515965510104263,1336
983,1344.7707049569108,0.515965510104263,1336
984,1344.7707049569108,0.515965510104263,1336
985,1344.7707049569108,0.515965510104263,1336
986,1344.7707049569108,0.515965510104263,1336
987,1344.7707049569108,0.515965510104263,1336
988,1344.7707049569108,0.515965510104263,1336
989,1349.7718002158545,0.5159050653501954,1341
990,1349.7718002158545,0.5159050653501954,1341
991,1349.7718002158545,0.5159050653501954,1341
992,1361.7743953140453,0.5157618480107513,1353
993,1361.7743953140453,0.5157618480107513,1353
994,1358.773750929709,0.5157974100602146,1350
995,1358.773750929709,0.5157974100602146,1350
996,1358.773750929709,0.5157974100602146,1350
997,1358.773750929709,0.5157974100602146,1350
998,1358.773750929709,0.5157974100602146,1350
999,1358.773750929709,0.5157974100602146,1350
1000,1380.7784100059048,0.515540286649847,1372
1001,1380.7784100059048,0.515540286649847,1372
1002,1380.7784100059048,0.515540286649847,1372
1003,1373.776944105443,0.5156211862338296,1365
1004,1373.776944105443,0.5156211862338296,1365
1005,1373.776944105443,0.5156211862338296,1365
1006,1373.776944105443,0.5156211862338296,1365
1007,1373.776944105443,0.5156211862338296,1365
1008,1373.776944105443,0.5156211862338296,1365
1009,1373.776944105443,0.5156211862338296,1365
1010,1373.776944105443,0.5156211862338296,1365
1011,1373.776944105443,0.5156211862338296,1365
1012,1373.776944105443,0.5156211862338296,1365
1013,1373.776944105443,0.5156211862338296,1365
1014,1373.776944105443,0.5156211862338296,1365
1015,1373.776944105443,0.5156211862338296,1365
1016,1373.776944105443,0.5156211862338296,1365
1017,1373.776944105443,0.5156211862338296,1365
1018,1373.776944105443,0.5156211862338296,1365
1019,1373.776944105443,0.5156211862338296,1365
1020,1373.776944105443,0.5156211862338296,1365
1021,1373.776944105443,0.5156211862338296,1365
1022,1373.776944105443,0.5156211862338296,1365
1023,1373.776944105443,0.5156211862338296,1365
1024,1374.7771544533027,0.515609577632296,1366
1025,1374.7771544533027,0.515609577632296,1366
1026,1374.7771544533027,0.515609577632296,1366
1027,1374.7771544533027,0.515609577632296,1366
1028,1404.783322718509,0.515269165645197,1396
1029,1404.783322718509,0.515269165645197,1396
1030,1404.783322718509,0.515269165645197,1396
1031,1404.783322718509,0.515269165645197,1396
1032,1379.7782015216071,0.5155517924057882,1371
1033,1379.7782015216071,0.5155517924057882,1371
1034,1379.7782015216071,0.5155517924057882,1371
1035,1379.7782015216071,0.5155517924057882,1371
1036,1379.7782015216071,0.5155517924057882,1371
1037,1379.7782015216071,0.5155517924057882,1371
1038,1379.7782015216071,0.5155517924057882,1371
1039,1379.7782015216071,0.5155517924057882,1371
1040,1379.7782015216071,0.5155517924057882,1371
1041,1379.7782015216071,0.5155517924057882,1371
1042,1379.7782015216071,0.5155517924057882,1371
1043,1379.7782015216071,0.5155517924057882,1371
1044,1379.7782015216071,0.5155517924057882,1371
1045,1379.7782015216071,0.5155517924057882,1371
1046,1379.7782015216071,0.5155517924057882,1371
1047,1379.7782015216071,0.5155517924057882,1371
1048,1385.7794478182361,0.5154830122386262,1377
1049,1385.7794478182361,0.5154830122386262,1377
1050,1385.7794478182361,0.5154830122386262,1377
1051,1385.7794478182361,0.5154830122386262,1377
1052,1385.7794478182361,0.5154830122386262,1377
1053,1385.7794478182361,0.5154830122386262,1377
1054,1385.7794478182361,0.5154830122386262,1377
1055,1385.7794478182361,0.5154830122386262,1377
1056,1385.7794478182361,0.5154830122386262,1377
1057,1396.7817043009316,0.5153584822885514,1388
1058,1381.778618182017,0.5155287979019277,1373
1059,1381.778618182017,0.5155287979019277,1373
1060,1383.7790336124142,0.5155058712795643,1375
1061,1383.7790336124142,0.5155058712795643,1375
1062,1383.7790336124142,0.5155058712795643,1375
1063,1383.7790336124142,0.5155058712795643,1375
1064,1383.7790336124142,0.5155058712795643,1375
1065,1383.7790336124142,0.5155058712795643,1375
1066,1383.7790336124142,0.5155058712795643,1375
1067,1383.7790336124142,0.5155058712795643,1375
1068,1372.776733444562,0.5156328121102606,1364
1069,1372.776733444562,0.5156328121102606,1364
1070,1372.776733444562,0.5156328121102606,1364
1071,1372.776733444562,0.5156328121102606,1364
1072,1372.776733444562,0.5156328121102606,1364
1073,1372.776733444562,0.5156328121102606,1364
1074,1372.776733444562,0.5156328121102606,1364
1075,1372.776733444562,0.5156328121102606,1364
1076,1372.776733444562,0.5156328121102606,1364
1077,1372.776733444562,0.5156328121102606,1364
1078,1372.776733444562,0.5156328121102606,1364
1079,1372.776733444562,0.5156328121102606,1364
1080,1372.776733444562,0.5156328121102606,1364
1081,1372.776733444562,0.5156328121102606,1364
1082,1372.776733444562,0.5156328121102606,1364
1083,1372.776733444562,0.5156328121102606,1364
1084,1372.776733444562,0.5156328121102606,1364
1085,1372.776733444562,0.5156328121102606,1364
1086,1372.776733444562,0.5156328121102606,1364
1087,1369.7760995767915,0.5156677937753091,1361
1088,1398.7821106773597,0.5153360553333455,1390
1089,1398.7821106773597,0.5153360553333455,1390
1090,1398.7821106773597,0.5153360553333455,1390
1091,1398.7821106773597,0.5153360553333455,1390
1092,1398.7821106773597,0.5153360553333455,1390
1093,1398.7821106773597,0.5153360553333455,1390
1094,1398.7821106773597,0.5153360553333455,1390
1095,1398.7821106773597,0.5153360553333455,1390
1096,1398.7821106773597,0.5153360553333455,1390
1097,1398.7821106773597,0.5153360553333455,1390
1098,1395.7815006667927,0.5153697203756757,1387
1099,1395.7815006667927,0.5153697203756757,1387
1100,1395.7815006667927,0.5153697203756757,1387
1101,1395.7815006667927,0.5153697203756757,1387
1102,1395.7815006667927,0.5153697203756757,1387
1103,1395.7815006667927,0.5153697203756757,1387
1104,1401.7827180221211,0.51530253741054,1393
1105,1401.7827180221211,0.51530253741054,1393
1106,1400.7825158689886,0.5153136937644209,1392
1107,1400.7825158689886,0.5153136937644209,1392
1108,1400.7825158689886,0.5153136937644209,1392
1109,1400.7825158689886,0.5153136937644209,1392
1110,1400.7825158689886,0.5153136937644209,1392
1111,1400.7825158689886,0.5153136937644209,1392
1112,1400.7825158689886,0.5153136937644209,1392
1113,1400.7825158689886,0.5153136937644209,1392
1114,1400.7825158689886,0.5153136937644209,1392
1115,1403.7831214462403,0.5152802733863011,1395
1116,1403.7831214462403,0.5152802733863011,1395
1117,1381.778618182017,0.5155287979019277,1373
1118,1381.778618182017,0.5155287979019277,1373
1119,1381.778618182017,0.5155287979019277,1373
1120,1381.778618182017,0.5155287979019277,1373
1121,1381.778618182017,0.5155287979019277,1373
1122,1381.778618182017,0.5155287979019277,1373
1123,1381.778618182017,0.5155287979019277,1373
1124,1381.778618182017,0.5155287979019277,1373
1125,1381.778618182017,0.5155287979019277,1373
1126,1381.778618182017,0.5155287979019277,1373
1127,1381.778618182017,0.5155287979019277,1373
1128,1381.778618182017,0.5155287979019277,1373
1129,1381.778618182017,0.5155287979019277,1373
1130,1381.778618182017,0.5155287979019277,1373
1131,1381.778618182017,0.5155287979019277,1373
1132,1381.778618182017,0.5155287979019277,1373
1133,1381.778618182017,0.5155287979019277,1373
1134,1381.778618182017,0.5155287979019277,1373
1135,1381.778618182017,0.5155287979019277,1373
1136,1381.778618182017,0.5155287979019277,1373
1137,1380.7784100059048,0.515540286649847,1372
1138,1387.7798608048877,0.5154602204808075,1379
1139,1387.7798608048877,0.5154602204808075,1379
1140,1387.7798608048877,0.5154602204808075,1379
1141,1387.7798608048877,0.5154602204808075,1379
1142,1387.7798608048877,0.5154602204808075,1379
1143,1387.7798608048877,0.5154602204808075,1379
1144,1387.7798608048877,0.5154602204808075,1379
1145,1387.7798608048877,0.5154602204808075,1379
1146,1381.778618182017,0.5155287979019277,1373
1147,1381.778618182017,0.5155287979019277,1373
1148,1381.778618182017,0.5155287979019277,1373
1149,1381.778618182017,0.5155287979019277,1373
1150,1381.778618182017,0.5155287979019277,1373
1151,1381.778618182017,0.5155287979019277,1373
1152,1381.778618182017,0.5155287979019277,1373
1153,1374.7771544533027,0.515609577632296,1366
1154,1386.7796544636217,0.5154716079679026,1378
1155,1386.7796544636217,0.5154716079679026,1378
1156,1386.7796544636217,0.5154716079679026,1378
1157,1386.7796544636217,0.5154716079679026,1378
1158,1386.7796544636217,0.5154716079679026,1378
1159,1386.7796544636217,0.5154716079679026,1378
1160,1386.7796544636217,0.5154716079679026,1378
1161,1387.7798608048877,0.5154602204808075,1379
1162,1387.7798608048877,0.5154602204808075,1379
1163,1387.7798608048877,0.5154602204808075,1379
1164,1387.7798608048877,0.5154602204808075,1379
1165,1387.7798608048877,0.5154602204808075,1379
1166,1387.7798608048877,0.5154602204808075,1379
1167,1387.7798608048877,0.5154602204808075,1379
1168,1388.7800668427053,0.5154488497403268,1380
1169,1388.7800668427053,0.5154488497403268,1380
1170,1388.7800668427053,0.5154488497403268,1380
1171,1388.7800668427053,0.5154488497403268,1380
1172,1388.7800668427053,0.5154488497403268,1380
1173,1375.7773644888384,0.5155979862671943,1367
1174,1375.7773644888384,0.5155979862671943,1367
1175,1375.7773644888384,0.5155979862671943,1367
1176,1375.7773644888384,0.5155979862671943,1367
1177,1375.7773644888384,0.5155979862671943,1367
1178,1375.7773644888384,0.5155979862671943,1367
1179,1375.7773644888384,0.5155979862671943,1367
1180,1375.7773644888384,0.5155979862671943,1367
1181,1375.7773644888384,0.5155979862671943,1367
1182,1375.7773644888384,0.5155979862671943,1367
1183,1375.7773644888384,0.5155979862671943,1367
1184,1375.7773644888384,0.5155979862671943,1367
1185,1375.7773644888384,0.5155979862671943,1367
1186,1375.7773644888384,0.5155979862671943,1367
1187,1375.7773644888384,0.5155979862671943,1367
1188,1381.778618182017,0.5155287979019277,1373
1189,1387.7798608048877,0.5154602204808075,1379
1190,1380.7784100059048,0.515540286649847,1372
1191,1380.7784100059048,0.515540286649847,1372
1192,1386.7796544636217,0.5154716079679026,1378
1193,1386.7796544636217,0.5154716079679026,1378
1194,1386.7796544636217,0.5154716079679026,1378
1195,1386.7796544636217,0.5154716079679026,1378
1196,1386.7796544636217,0.5154716079679026,1378
1197,1386.7796544636217,0.5154716079679026,1378
1198,1386.7796544636217,0.5154716079679026,1378
1199,1386.7796544636217,0.5154716079679026,1378
1200,1386.7796544636217,0.5154716079679026,1378
1201,1386.7796544636217,0.5154716079679026,1378
1202,1379.7782015216071,0.5155517924057882,1371
1203,1379.7782015216071,0.5155517924057882,1371
1204,1379.7782015216071,0.5155517924057882,1371
1205,1379.7782015216071,0.5155517924057882,1371
1206,1379.7782015216071,0.5155517924057882,1371
1207,1379.7782015216071,0.5155517924057882,1371
1208,1379.7782015216071,0.5155517924057882,1371
1209,1377.7777836257148,0.5155748550929963,1369
1210,1377.7777836257148,0.5155748550929963,1369
1211,1394.7812967345008,0.5153809749171794,1386
1212,1394.7812967345008,0.5153809749171794,1386
1213,1394.7812967345008,0.5153809749171794,1386
1214,1394.7812967345008,0.5153809749171794,1386
1215,1402.782919880991,0.5152913972963082,1394
1216,1405.7835236984356,0.5152580740377766,1397
1217,1405.7835236984356,0.5152580740377766,1397
1218,1405.7835236984356,0.5152580740377766,1397
1219,1405.7835236984356,0.5152580740377766,1397
1220,1410.784524235139,0.5152028567803976,1402
1221,1410.784524235139,0.5152028567803976,1402
1222,1410.784524235139,0.5152028567803976,1402
1223,1410.784524235139,0.5152028567803976,1402
1224,1410.784524235139,0.5152028567803976,1402
1225,1410.784524235139,0.5152028567803976,1402
1226,1409.7843247074165,0.5152138682441212,1401
1227,1409.7843247074165,0.5152138682441212,1401
1228,1409.7843247074165,0.5152138682441212,1401
1229,1409.7843247074165,0.5152138682441212,1401
1230,1409.7843247074165,0.5152138682441212,1401
1231,1392.780887972834,0.5154035335080535,1384
1232,1392.780887972834,0.5154035335080535,1384
1233,1392.780887972834,0.5154035335080535,1384
1234,1392.780887972834,0.5154035335080535,1384
1235,1392.780887972834,0.5154035335080535,1384
1236,1392.780887972834,0.5154035335080535,1384
1237,1392.780887972834,0.5154035335080535,1384
1238,1392.780887972834,0.5154035335080535,1384
1239,1392.780887972834,0.5154035335080535,1384
1240,1392.780887972834,0.5154035335080535,1384
1241,1392.780887972834,0.5154035335080535,1384
1242,1392.780887972834,0.5154035335080535,1384
1243,1392.780887972834,0.5154035335080535,1384
1244,1392.780887972834,0.5154035335080535,1384
1245,1388.7800668427053,0.5154488497403268,1380
1246,1388.7800668427053,0.5154488497403268,1380
1247,1388.7800668427053,0.5154488497403268,1380
1248,1388.7800668427053,0.5154488497403268,1380
1249,1388.7800668427053,0.5154488497403268,1380
1250,1388.7800668427053,0.5154488497403268,1380
1251,1388.7800668427053,0.5154488497403268,1380
1252,1388.7800668427053,0.5154488497403268,1380
1253,1388.7800668427053,0.5154488497403268,1380
1254,1388.7800668427053,0.5154488497403268,1380
1255,1388.7800668427053,0.5154488497403268,1380
1256,1388.7800668427053,0.5154488497403268,1380
1257,1388.7800668427053,0.5154488497403268,1380
1258,1388.7800668427053,0.5154488497403268,1380
1259,1388.7800668427053,0.5154488497403268,1380
1260,1388.7800668427053,0.5154488497403268,1380
1261,1388.7800668427053,0.5154488497403268,1380
1262,1362.774609464759,0.5157500295386901,1354
1263,1362.774609464759,0.5157500295386901,1354
1264,1362.774609464759,0.5157500295386901,1354
1265,1362.774609464759,0.5157500295386901,1354
1266,1362.774609464759,0.5157500295386901,1354
1267,1362.774609464759,0.5157500295386901,1354
1268,1362.774609464759,0.5157500295386901,1354
1269,1362.774609464759,0.5157500295386901,1354
1270,1362.774609464759,0.5157500295386901,1354
1271,1362.774609464759,0.5157500295386901,1354
1272,1360.7741808417823,0.5157736842283474,1352
1273,1353.772670471428,0.5158570380006582,1345
1274,1353.772670471428,0.5158570380006582,1345
1275,1353.772670471428,0.5158570380006582,1345
1276,1353.772670471428,0.5158570380006582,1345
1277,1353.772670471428,0.5158570380006582,1345
1278,1353.772670471428,0.5158570380006582,1345
1279,1353.772670471428,0.5158570380006582,1345
1280,1353.772670471428,0.5158570380006582,1345
1281,1353.772670471428,0.5158570380006582,1345
1282,1357.759675612704,0.5165741935593754,1349
1283,1350.7580838655929,0.5166620383226881,1342
1284,1350.7580838655929,0.5166620383226881,1342
1285,1350.7580838655929,0.5166620383226881,1342
1286,1350.7580838655929,0.5166620383226881,1342
1287,1350.7580838655929,0.5166620383226881,1342
1288,1356.759449248334,0.5165866860742796,1348
1289,1356.759449248334,0.5165866860742796,1348
1290,1356.759449248334,0.5165866860742796,1348
1291,1356.759449248334,0.5165866860742796,1348
1292,1358.759901636445,0.5165617198429993,1350
1293,1358.759901636445,0.5165617198429993,1350
1294,1358.759901636445,0.5165617198429993,1350
1295,1358.759901636445,0.5165617198429993,1350
1296,1358.759901636445,0.5165617198429993,1350
1297,1358.759901636445,0.5165617198429993,1350
1298,1355.7592225425642,0.5165991974302279,1347
1299,1354.758995494622,0.5166117276698642,1346
1300,1354.758995494622,0.5166117276698642,1346
1301,1354.758995494622,0.5166117276698642,1346
1302,1354.758995494622,0.5166117276698642,1346
1303,1354.758995494622,0.5166117276698642,1346
1304,1354.758995494622,0.5166117276698642,1346
1305,1354.758995494622,0.5166117276698642,1346
1306,1354.758995494622,0.5166117276698642,1346
1307,1354.758995494622,0.5166117276698642,1346
1308,1354.758995494622,0.5166117276698642,1346
1309,1354.758995494622,0.5166117276698642,1346
1310,1354.758995494622,0.5166117276698642,1346
1311,1354.758995494622,0.5166117276698642,1346
1312,1354.758995494622,0.5166117276698642,1346
1313,1354.758995494622,0.5166117276698642,1346
1314,1354.758995494622,0.5166117276698642,1346
1315,1354.758995494622,0.5166117276698642,1346
1316,1354.758995494622,0.5166117276698642,1346
1317,1354.758995494622,0.5166117276698642,1346
1318,1350.7580838655929,0.5166620383226881,1342
1319,1350.7580838655929,0.5166620383226881,1342
1320,1350.7580838655929,0.5166620383226881,1342
1321,1350.7580838655929,0.5166620383226881,1342
1322,1350.7580838655929,0.5166620383226881,1342
1323,1350.7580838655929,0.5166620383226881,1342
1324,1350.7580838655929,0.5166620383226881,1342
1325,1350.7580838655929,0.5166620383226881,1342
1326,1350.7580838655929,0.5166620383226881,1342
1327,1350.7580838655929,0.5166620383226881,1342
1328,1350.7580838655929,0.5166620383226881,1342
1329,1350.7580838655929,0.5166620383226881,1342
1330,1350.7580838655929,0.5166620383226881,1342
1331,1350.7580838655929,0.5166620383226881,1342
1332,1350.7580838655929,0.5166620383226881,1342
1333,1350.7580838655929,0.5166620383226881,1342
1334,1350.7580838655929,0.5166620383226881,1342
1335,1350.7580838655929,0.5166620383226881,1342
1336,1350.7580838655929,0.5166620383226881,1342
1337,1350.7580838655929,0.5166620383226881,1342
1338,1350.7580838655929,0.5166620383226881,1342
1339,1350.7580838655929,0.5166620383226881,1342
1340,1350.7580838655929,0.5166620383226881,1342
1341,1350.7580838655929,0.5166620383226881,1342
1342,1350.7580838655929,0.5166620383226881,1342
1343,1350.7580838655929,0.5166620383226881,1342
1344,1350.7580838655929,0.5166620383226881,1342
1345,1350.7580838655929,0.5166620383226881,1342
1346,1350.7580838655929,0.5166620383226881,1342
1347,1350.7580838655929,0.5166620383226881,1342
1348,1350.7580838655929,0.5166620383226881,1342
1349,1350.7580838655929,0.5166620383226881,1342
1350,1350.7580838655929,0.5166620383226881,1342
1351,1350.7580838655929,0.5166620383226881,1342
1352,1350.7580838655929,0.5166620383226881,1342
1353,1350.7580838655929,0.5166620383226881,1342
1354,1350.7580838655929,0.5166620383226881,1342
1355,1350.7580838655929,0.5166620383226881,1342
1356,1350.7580838655929,0.5166620383226881,1342
1357,1350.7580838655929,0.5166620383226881,1342
1358,1350.7580838655929,0.5166620383226881,1342
1359,1350.7580838655929,0.5166620383226881,1342
1360,1350.7580838655929,0.5166620383226881,1342
1361,1350.7580838655929,0.5166620383226881,1342
1362,1350.7580838655929,0.5166620383226881,1342
1363,1350.7580838655929,0.5166620383226881,1342
1364,1350.7580838655929,0.5166620383226881,1342
1365,1350.7580838655929,0.5166620383226881,1342
1366,1350.7580838655929,0.5166620383226881,1342
1367,1350.7580838655929,0.5166620383226881,1342
1368,1350.7580838655929,0.5166620383226881,1342
1369,1350.7580838655929,0.5166620383226881,1342
1370,1350.7580838655929,0.5166620383226881,1342
1371,1350.7580838655929,0.5166620383226881,1342
1372,1350.7580838655929,0.5166620383226881,1342
1373,1350.7580838655929,0.5166620383226881,1342
1374,1350.7580838655929,0.5166620383226881,1342
1375,1350.7580838655929,0.5166620383226881,1342
1376,1350.7580838655929,0.5166620383226881,1342
1377,1350.7580838655929,0.5166620383226881,1342
1378,1350.7580838655929,0.5166620383226881,1342
1379,1350.7580838655929,0.5166620383226881,1342
1380,1350.7580838655929,0.5166620383226881,1342
1381,1350.7580838655929,0.5166620383226881,1342
1382,1350.7580838655929,0.5166620383226881,1342
1383,1350.7580838655929,0.5166620383226881,1342
1384,1350.7580838655929,0.5166620383226881,1342
1385,1350.7580838655929,0.5166620383226881,1342
1386,1350.7580838655929,0.5166620383226881,1342
1387,1350.7580838655929,0.5166620383226881,1342
1388,1350.7580838655929,0.5166620383226881,1342
1389,1350.7580838655929,0.5166620383226881,1342
1390,1350.7580838655929,0.5166620383226881,1342
1391,1350.7580838655929,0.5166620383226881,1342
1392,1350.7580838655929,0.5166620383226881,1342
1393,1350.7580838655929,0.5166620383226881,1342
1394,1350.7580838655929,0.5166620383226881,1342
1395,1367.7619206477661,0.5164502953771505,1359
1396,1367.7619206477661,0.5164502953771505,1359
1397,1367.7619206477661,0.5164502953771505,1359
1398,1367.7619206477661,0.5164502953771505,1359
1399,1367.7619206477661,0.5164502953771505,1359
1400,1367.7619206477661,0.5164502953771505,1359
1401,1367.7619206477661,0.5164502953771505,1359
1402,1367.7619206477661,0.5164502953771505,1359
1403,1367.7619206477661,0.5164502953771505,1359
1404,1367.7619206477661,0.5164502953771505,1359
1405,1367.7619206477661,0.5164502953771505,1359
1406,1367.7619206477661,0.5164502953771505,1359
1407,1367.7619206477661,0.5164502953771505,1359
1408,1367.7619206477661,0.5164502953771505,1359
1409,1367.7619206477661,0.5164502953771505,1359
1410,1367.7619206477661,0.5164502953771505,1359
1411,1367.7619206477661,0.5164502953771505,1359
1412,1367.7619206477661,0.5164502953771505,1359
1413,1367.7619206477661,0.5164502953771505,1359
1414,1367.7619206477661,0.5164502953771505,1359
1415,1367.7619206477661,0.5164502953771505,1359
1416,1367.7619206477661,0.5164502953771505,1359
1417,1367.7619206477661,0.5164502953771505,1359
1418,1367.7619206477661,0.5164502953771505,1359
1419,1367.7619206477661,0.5164502953771505,1359
1420,1367.7619206477661,0.5164502953771505,1359
1421,1367.7619206477661,0.5164502953771505,1359
1422,1367.7619206477661,0.5164502953771505,1359
1423,1367.7619206477661,0.5164502953771505,1359
1424,1367.7619206477661,0.5164502953771505,1359
1425,1367.7619206477661,0.5164502953771505,1359
1426,1367.7619206477661,0.5164502953771505,1359
1427,1367.7619206477661,0.5164502953771505,1359
1428,1367.7619206477661,0.5164502953771505,1359
1429,1367.7619206477661,0.5164502953771505,1359
1430,1367.7619206477661,0.5164502953771505,1359
1431,1367.7619206477661,0.5164502953771505,1359
1432,1367.7619206477661,0.5164502953771505,1359
1433,1367.7619206477661,0.5164502953771505,1359
1434,1367.7619206477661,0.5164502953771505,1359
1435,1367.7619206477661,0.5164502953771505,1359
1436,1367.7619206477661,0.5164502953771505,1359
1437,1364.7612506685243,0.5164872699489899,1356
1438,1364.7612506685243,0.5164872699489899,1356
1439,1364.7612506685243,0.5164872699489899,1356
1440,1364.7612506685243,0.5164872699489899,1356
1441,1364.7612506685243,0.5164872699489899,1356
1442,1364.7612506685243,0.5164872699489899,1356
1443,1371.5267164891134,0.5294306573336973,1363
1444,1371.5267164891134,0.5294306573336973,1363
1445,1371.5267164891134,0.5294306573336973,1363
1446,1371.5267164891134,0.5294306573336973,1363
1447,1375.528319992295,0.5293421637806249,1367
1448,1375.528319992295,0.5293421637806249,1367
1449,1378.5295163111464,0.529276141768965,1370
1450,1378.5295163111464,0.529276141768965,1370
1451,1378.5295163111464,0.529276141768965,1370
1452,1378.5295163111464,0.529276141768965,1370
1453,1378.5295163111464,0.529276141768965,1370
1454,1378.5295163111464,0.529276141768965,1370
1455,1378.5295163111464,0.529276141768965,1370
1456,1378.5295163111464,0.529276141768965,1370
1457,1378.5295163111464,0.529276141768965,1370
1458,1378.5295163111464,0.529276141768965,1370
1459,1378.5295163111464,0.529276141768965,1370
1460,1378.5295163111464,0.529276141768965,1370
1461,1378.5295163111464,0.529276141768965,1370
1462,1378.5295163111464,0.529276141768965,1370
1463,1378.5295163111464,0.529276141768965,1370
1464,1378.5295163111464,0.529276141768965,1370
1465,1378.5295163111464,0.529276141768965,1370
1466,1378.5295163111464,0.529276141768965,1370
1467,1378.5295163111464,0.529276141768965,1370
1468,1378.5295163111464,0.529276141768965,1370
1469,1378.5295163111464,0.529276141768965,1370
1470,1378.5295163111464,0.529276141768965,1370
1471,1378.5295163111464,0.529276141768965,1370
1472,1378.5295163111464,0.529276141768965,1370
1473,1362.5230730332469,0.5296317310570124,1354
1474,1362.5230730332469,0.5296317310570124,1354
1475,1362.5230730332469,0.5296317310570124,1354
1476,1362.5230730332469,0.5296317310570124,1354
1477,1362.5230730332469,0.5296317310570124,1354
1478,1362.5230730332469,0.5296317310570124,1354
1479,1362.5230730332469,0.5296317310570124,1354
1480,1362.5230730332469,0.5296317310570124,1354
1481,1362.5230730332469,0.5296317310570124,1354
1482,1362.5230730332469,0.5296317310570124,1354
1483,1362.5230730332469,0.5296317310570124,1354
1484,1360.5222566111656,0.5296767874632713,1352
1485,1360.5222566111656,0.5296767874632713,1352
1486,1360.5222566111656,0.5296767874632713,1352
1487,1360.5222566111656,0.5296767874632713,1352
1488,1360.5222566111656,0.5296767874632713,1352
1489,1360.5222566111656,0.5296767874632713,1352
1490,1360.5222566111656,0.5296767874632713,1352
1491,1360.5222566111656,0.5296767874632713,1352
1492,1360.5222566111656,0.5296767874632713,1352
1493,1360.5222566111656,0.5296767874632713,1352
1494,1360.5222566111656,0.5296767874632713,1352
1495,1360.5222566111656,0.5296767874632713,1352
1496,1360.5222566111656,0.5296767874632713,1352
1497,1392.0685954702153,0.5547132742706751,1384
1498,1392.0685954702153,0.5547132742706751,1384
1499,1392.0685954702153,0.5547132742706751,1384
1500,1392.0685954702153,0.5547132742706751,1384
1501,1388.0655819417639,0.5548795837878661,1380
1502,1388.0655819417639,0.5548795837878661,1380
1503,1388.0655819417639,0.5548795837878661,1380
1504,1388.0655819417639,0.5548795837878661,1380
1505,1388.0655819417639,0.5548795837878661,1380
1506,1388.0655819417639,0.5548795837878661,1380
1507,1388.0655819417639,0.5548795837878661,1380
1508,1402.7722842639594,0.5710659898477157,1395
1509,1402.7722842639594,0.5710659898477157,1395
1510,1374.8935655992439,0.564372759423634,1367
1511,1359.1170534587104,0.5520389923448942,1351
1512,1362.1192395737626,0.5519183458188478,1354
1513,1317.750346892573,0.5170890235886949,1309
1514,1317.750346892573,0.5170890235886949,1309
1515,1317.750346892573,0.5170890235886949,1309
1516,1317.750346892573,0.5170890235886949,1309
1517,1317.750346892573,0.5170890235886949,1309
1518,1317.750346892573,0.5170890235886949,1309
1519,1317.750346892573,0.5170890235886949,1309
1520,1317.750346892573,0.5170890235886949,1309
1521,1317.750346892573,0.5170890235886949,1309
1522,1317.750346892573,0.5170890235886949,1309
1523,1317.750346892573,0.5170890235886949,1309
1524,1317.750346892573,0.5170890235886949,1309
1525,1317.750346892573,0.5170890235886949,1309
1526,1317.750346892573,0.5170890235886949,1309
1527,1317.750346892573,0.5170890235886949,1309
1528,1317.750346892573,0.5170890235886949,1309
1529,1317.750346892573,0.5170890235886949,1309
1530,1317.750346892573,0.5170890235886949,1309
1531,1317.750346892573,0.5170890235886949,1309
1532,1317.750346892573,0.5170890235886949,1309
1533,1317.750346892573,0.5170890235886949,1309
1534,1317.750346892573,0.5170890235886949,1309
1535,1317.750346892573,0.5170890235886949,1309
1536,1317.750346892573,0.5170890235886949,1309
1537,1317.750346892573,0.5170890235886949,1309
1538,1317.750346892573,0.5170890235886949,1309
1539,1330.7534416415654,0.5169182317016902,1322
1540,1330.7534416415654,0.5169182317016902,1322
1541,1330.7534416415654,0.5169182317016902,1322
1542,1309.7484111897086,0.5171958504575802,1301
1543,1309.7484111897086,0.5171958504575802,1301
1544,1309.7484111897086,0.5171958504575802,1301
1545,1309.7484111897086,0.5171958504575802,1301
1546,1309.7484111897086,0.5171958504575802,1301
1547,1309.7484111897086,0.5171958504575802,1301
1548,1309.7484111897086,0.5171958504575802,1301
1549,1290.74371547097,0.5174549960833306,1282
1550,1290.74371547097,0.5174549960833306,1282
1551,1290.74371547097,0.5174549960833306,1282
1552,1290.74371547097,0.5174549960833306,1282
1553,1290.74371547097,0.5174549960833306,1282
1554,1290.74371547097,0.5174549960833306,1282
1555,1290.74371547097,0.5174549960833306,1282
1556,1290.74371547097,0.5174549960833306,1282
1557,1290.74371547097,0.5174549960833306,1282
1558,1290.74371547097,0.5174549960833306,1282
1559,1292.7442164094787,0.5174273504702698,1284
1560,1292.7442164094787,0.5174273504702698,1284
1561,1292.7442164094787,0.5174273504702698,1284
1562,1292.7442164094787,0.5174273504702698,1284
1563,1292.7442164094787,0.5174273504702698,1284
1564,1292.7442164094787,0.5174273504702698,1284
1565,1292.7442164094787,0.5174273504702698,1284
1566,1292.7442164094787,0.5174273504702698,1284
1567,1292.7442164094787,0.5174273504702698,1284
1568,1292.7442164094787,0.5174273504702698,1284
1569,1292.7442164094787,0.5174273504702698,1284
1570,1292.7442164094787,0.5174273504702698,1284
1571,1292.7442164094787,0.5174273504702698,1284
1572,1292.7442164094787,0.5174273504702698,1284
1573,1303.7469434606633,0.5172768509567782,1295
1574,1302.7466974941735,0.517290425266363,1294
1575,1302.7466974941735,0.517290425266363,1294
1576,1302.7466974941735,0.517290425266363,1294
1577,1302.7466974941735,0.517290425266363,1294
1578,1302.7466974941735,0.517290425266363,1294
1579,1302.7466974941735,0.517290425266363,1294
1580,1302.7466974941735,0.517290425266363,1294
1581,1305.7474342371884,0.5172497661595871,1297
1582,1305.7474342371884,0.5172497661595871,1297
1583,1305.7474342371884,0.5172497661595871,1297
1584,1305.7474342371884,0.5172497661595871,1297
1585,1332.753912276315,0.5168922584815131,1324
1586,1332.753912276315,0.5168922584815131,1324
1587,1332.753912276315,0.5168922584815131,1324
1588,1348.757625977781,0.516687308069484,1340
1589,1341.7700437975705,0.5160019979265704,1333
1590,1339.7696013436323,0.5160264159143301,1331
1591,1339.7696013436323,0.5160264159143301,1331
1592,1339.7696013436323,0.5160264159143301,1331
1593,1339.7696013436323,0.5160264159143301,1331
1594,1312.7634933101735,0.5163635038535587,1304
1595,1312.7634933101735,0.5163635038535587,1304
1596,1312.7634933101735,0.5163635038535587,1304
1597,1270.7534640855501,0.5169169930711798,1262
1598,1270.7534640855501,0.5169169930711798,1262
1599,1270.7534640855501,0.5169169930711798,1262
1600,1270.7534640855501,0.5169169930711798,1262
1601,1270.7534640855501,0.5169169930711798,1262
1602,1270.7534640855501,0.5169169930711798,1262
1603,1270.7534640855501,0.5169169930711798,1262
1604,1270.7534640855501,0.5169169930711798,1262
1605,1270.7534640855501,0.5169169930711798,1262
1606,1270.7534640855501,0.5169169930711798,1262
1607,1270.7534640855501,0.5169169930711798,1262
1608,1270.7534640855501,0.5169169930711798,1262
1609,1270.7534640855501,0.5169169930711798,1262
1610,1270.7534640855501,0.5169169930711798,1262
1611,1270.7534640855501,0.5169169930711798,1262
1612,1270.7534640855501,0.5169169930711798,1262
1613,1270.7534640855501,0.5169169930711798,1262
1614,1270.7534640855501,0.5169169930711798,1262
1615,1270.7534640855501,0.5169169930711798,1262
1616,1270.7534640855501,0.5169169930711798,1262
1617,1270.7534640855501,0.5169169930711798,1262
1618,1270.7534640855501,0.5169169930711798,1262
1619,1270.7534640855501,0.5169169930711798,1262
1620,1270.7534640855501,0.5169169930711798,1262
1621,1270.7534640855501,0.5169169930711798,1262
1622,1270.7534640855501,0.5169169930711798,1262
1623,1270.7534640855501,0.5169169930711798,1262
1624,1270.7534640855501,0.5169169930711798,1262
1625,1270.7534640855501,0.5169169930711798,1262
1626,1270.7534640855501,0.5169169930711798,1262
1627,1270.7534640855501,0.5169169930711798,1262
1628,1270.7534640855501,0.5169169930711798,1262
1629,1270.7534640855501,0.5169169930711798,1262
1630,1270.7534640855501,0.5169169930711798,1262
1631,1270.7534640855501,0.5169169930711798,1262
1632,1270.7534640855501,0.5169169930711798,1262
1633,1270.7534640855501,0.5169169930711798,1262
1634,1270.7534640855501,0.5169169930711798,1262
1635,1270.7534640855501,0.5169169930711798,1262
1636,1270.7534640855501,0.5169169930711798,1262
1637,1270.7534640855501,0.5169169930711798,1262
1638,1270.7534640855501,0.5169169930711798,1262
1639,1270.7534640855501,0.5169169930711798,1262
1640,1270.7534640855501,0.5169169930711798,1262
1641,1270.7534640855501,0.5169169930711798,1262
1642,1270.7534640855501,0.5169169930711798,1262
1643,1270.7534640855501,0.5169169930711798,1262
1644,1270.7534640855501,0.5169169930711798,1262
1645,1270.7534640855501,0.5169169930711798,1262
1646,1270.7534640855501,0.5169169930711798,1262
1647,1270.7534640855501,0.5169169930711798,1262
1648,1270.7534640855501,0.5169169930711798,1262
1649,1270.7534640855501,0.5169169930711798,1262
1650,1270.7534640855501,0.5169169930711798,1262
1651,1270.7534640855501,0.5169169930711798,1262
1652,1270.7534640855501,0.5169169930711798,1262
1653,1270.7534640855501,0.5169169930711798,1262
1654,1270.7534640855501,0.5169169930711798,1262
1655,1270.7534640855501,0.5169169930711798,1262
1656,1270.7534640855501,0.5169169930711798,1262
1657,1273.7542028983635,0.516876219737115,1265
1658,1273.7542028983635,0.516876219737115,1265
1659,1273.7542028983635,0.516876219737115,1265
1660,1273.7542028983635,0.516876219737115,1265
1661,1273.7542028983635,0.516876219737115,1265
1662,1273.7542028983635,0.516876219737115,1265
1663,1273.7542028983635,0.516876219737115,1265
1664,1273.7542028983635,0.516876219737115,1265
1665,1314.8368986455735,0.5675000747476022,1307
1666,1294.1445058254883,0.5505239610657647,1286
1667,1294.1445058254883,0.5505239610657647,1286
1668,1294.1445058254883,0.5505239610657647,1286
1669,1294.1445058254883,0.5505239610657647,1286
1670,1294.1445058254883,0.5505239610657647,1286
1671,1294.1445058254883,0.5505239610657647,1286
1672,1294.1445058254883,0.5505239610657647,1286
1673,1294.1445058254883,0.5505239610657647,1286
1674,1294.1445058254883,0.5505239610657647,1286
1675,1294.1445058254883,0.5505239610657647,1286
1676,1294.1445058254883,0.5505239610657647,1286
1677,1294.1445058254883,0.5505239610657647,1286
1678,1294.1445058254883,0.5505239610657647,1286
1679,1294.1445058254883,0.5505239610657647,1286
1680,1294.1445058254883,0.5505239610657647,1286
1681,1294.1445058254883,0.5505239610657647,1286
1682,1294.1445058254883,0.5505239610657647,1286
1683,1294.1445058254883,0.5505239610657647,1286
1684,1294.1445058254883,0.5505239610657647,1286
1685,1294.1445058254883,0.5505239610657647,1286
1686,1294.1445058254883,0.5505239610657647,1286
1687,1294.1445058254883,0.5505239610657647,1286
1688,1294.1445058254883,0.5505239610657647,1286
1689,1294.1445058254883,0.5505239610657647,1286
1690,1294.1445058254883,0.5505239610657647,1286
1691,1294.1445058254883,0.5505239610657647,1286
1692,1294.1445058254883,0.5505239610657647,1286
1693,1294.1445058254883,0.5505239610657647,1286
1694,1294.1445058254883,0.5505239610657647,1286
1695,1294.1445058254883,0.5505239610657647,1286
1696,1294.1445058254883,0.5505239610657647,1286
1697,1294.1445058254883,0.5505239610657647,1286
1698,1294.1445058254883,0.5505239610657647,1286
1699,1294.1445058254883,0.5505239610657647,1286
1700,1294.1445058254883,0.5505239610657647,1286
1701,1294.1445058254883,0.5505239610657647,1286
1702,1294.1445058254883,0.5505239610657647,1286
1703,1294.1445058254883,0.5505239610657647,1286
1704,1294.1445058254883,0.5505239610657647,1286
1705,1294.1445058254883,0.5505239610657647,1286
1706,1294.1445058254883,0.5505239610657647,1286
1707,1294.1445058254883,0.5505239610657647,1286
1708,1294.1445058254883,0.5505239610657647,1286
1709,1294.1445058254883,0.5505239610657647,1286
1710,1294.1445058254883,0.5505239610657647,1286
1711,1294.1445058254883,0.5505239610657647,1286
1712,1289.264084365025,0.5439247039169476,1281
1713,1289.264084365025,0.5439247039169476,1281
1714,1289.264084365025,0.5439247039169476,1281
1715,1289.264084365025,0.5439247039169476,1281
1716,1289.264084365025,0.5439247039169476,1281
1717,1289.264084365025,0.5439247039169476,1281
1718,1254.7494626885161,0.5171378207220735,1246
1719,1254.7494626885161,0.5171378207220735,1246
1720,1254.7494626885161,0.5171378207220735,1246
1721,1254.7494626885161,0.5171378207220735,1246
1722,1254.7494626885161,0.5171378207220735,1246
1723,1254.7494626885161,0.5171378207220735,1246
1724,1254.7494626885161,0.5171378207220735,1246
1725,1254.7494626885161,0.5171378207220735,1246
1726,1254.7494626885161,0.5171378207220735,1246
1727,1254.7494626885161,0.5171378207220735,1246
1728,1254.7494626885161,0.5171378207220735,1246
1729,1254.7494626885161,0.5171378207220735,1246
1730,1254.7494626885161,0.5171378207220735,1246
1731,1254.7494626885161,0.5171378207220735,1246
1732,1254.7494626885161,0.5171378207220735,1246
1733,1254.7494626885161,0.5171378207220735,1246
1734,1254.7494626885161,0.5171378207220735,1246
1735,1254.7494626885161,0.5171378207220735,1246
1736,1254.7494626885161,0.5171378207220735,1246
1737,1254.7494626885161,0.5171378207220735,1246
1738,1254.7494626885161,0.5171378207220735,1246
1739,1255.7346845165807,0.5179533931246831,1247
1740,1255.7346845165807,0.5179533931246831,1247
1741,1255.7346845165807,0.5179533931246831,1247
1742,1255.7346845165807,0.5179533931246831,1247
1743,1254.7344189075575,0.5179680514593037,1246
1744,1254.7344189075575,0.5179680514593037,1246
1745,1254.7344189075575,0.5179680514593037,1246
1746,1254.7344189075575,0.5179680514593037,1246
1747,1254.7344189075575,0.5179680514593037,1246
1748,1254.7344189075575,0.5179680514593037,1246
1749,1254.7344189075575,0.5179680514593037,1246
1750,1254.7344189075575,0.5179680514593037,1246
1751,1254.7344189075575,0.5179680514593037,1246
1752,1254.7344189075575,0.5179680514593037,1246
1753,1254.7344189075575,0.5179680514593037,1246
1754,1254.7344189075575,0.5179680514593037,1246
1755,1254.7344189075575,0.5179680514593037,1246
1756,1254.7344189075575,0.5179680514593037,1246
1757,1254.7344189075575,0.5179680514593037,1246
1758,1254.7344189075575,0.5179680514593037,1246
1759,1254.7344189075575,0.5179680514593037,1246
1760,1254.7344189075575,0.5179680514593037,1246
1761,1254.7344189075575,0.5179680514593037,1246
1762,1254.7344189075575,0.5179680514593037,1246
1763,1254.7344189075575,0.5179680514593037,1246
1764,1254.7344189075575,0.5179680514593037,1246
1765,1254.7344189075575,0.5179680514593037,1246
1766,1254.7344189075575,0.5179680514593037,1246
1767,1254.7344189075575,0.5179680514593037,1246
1768,1254.7344189075575,0.5179680514593037,1246
1769,1254.7344189075575,0.5179680514593037,1246
1770,1254.7344189075575,0.5179680514593037,1246
1771,1254.7344189075575,0.5179680514593037,1246
1772,1254.7344189075575,0.5179680514593037,1246
1773,1254.7344189075575,0.5179680514593037,1246
1774,1254.7344189075575,0.5179680514593037,1246
1775,1254.7344189075575,0.5179680514593037,1246
1776,1254.7344189075575,0.5179680514593037,1246
1777,1254.7344189075575,0.5179680514593037,1246
1778,1254.7344189075575,0.5179680514593037,1246
1779,1254.7344189075575,0.5179680514593037,1246
1780,1254.7344189075575,0.5179680514593037,1246
1781,1254.7344189075575,0.5179680514593037,1246
1782,1254.7344189075575,0.5179680514593037,1246
1783,1254.7344189075575,0.5179680514593037,1246
1784,1254.7344189075575,0.5179680514593037,1246
1785,1254.7344189075575,0.5179680514593037,1246
1786,1254.7344189075575,0.5179680514593037,1246
1787,1254.7344189075575,0.5179680514593037,1246
1788,1254.7344189075575,0.5179680514593037,1246
1789,1254.7344189075575,0.5179680514593037,1246
1790,1254.7344189075575,0.5179680514593037,1246
1791,1254.7344189075575,0.5179680514593037,1246
1792,1254.7344189075575,0.5179680514593037,1246
1793,1254.7344189075575,0.5179680514593037,1246
1794,1254.7344189075575,0.5179680514593037,1246
1795,1263.7367938936318,0.5178369815876531,1255
1796,1263.7367938936318,0.5178369815876531,1255
1797,1263.7367938936318,0.5178369815876531,1255
1798,1263.7367938936318,0.5178369815876531,1255
1799,1263.7367938936318,0.5178369815876531,1255
1800,1263.7367938936318,0.5178369815876531,1255
1801,1263.7367938936318,0.5178369815876531,1255
1802,1263.7367938936318,0.5178369815876531,1255
1803,1263.7367938936318,0.5178369815876531,1255
1804,1263.7367938936318,0.5178369815876531,1255
1805,1263.7367938936318,0.5178369815876531,1255
1806,1263.7367938936318,0.5178369815876531,1255
1807,1263.7367938936318,0.5178369815876531,1255
1808,1263.7367938936318,0.5178369815876531,1255
1809,1263.7367938936318,0.5178369815876531,1255
1810,1263.7367938936318,0.5178369815876531,1255
1811,1263.7367938936318,0.5178369815876531,1255
1812,1263.7367938936318,0.5178369815876531,1255
1813,1263.7367938936318,0.5178369815876531,1255
1814,1263.7367938936318,0.5178369815876531,1255
1815,1263.7367938936318,0.5178369815876531,1255
1816,1263.7367938936318,0.5178369815876531,1255
1817,1263.7367938936318,0.5178369815876531,1255
1818,1263.7367938936318,0.5178369815876531,1255
1819,1263.7367938936318,0.5178369815876531,1255
1820,1263.7367938936318,0.5178369815876531,1255
1821,1263.7367938936318,0.5178369815876531,1255
1822,1263.7367938936318,0.5178369815876531,1255
1823,1263.7367938936318,0.5178369815876531,1255
1824,1263.7367938936318,0.5178369815876531,1255
1825,1263.7367938936318,0.5178369815876531,1255
1826,1263.7367938936318,0.5178369815876531,1255
1827,1263.7367938936318,0.5178369815876531,1255
1828,1263.7367938936318,0.5178369815876531,1255
1829,1262.736531718202,0.5178514504303474,1254
1830,1262.736531718202,0.5178514504303474,1254
1831,1262.736531718202,0.5178514504303474,1254
1832,1262.736531718202,0.5178514504303474,1254
1833,1262.736531718202,0.5178514504303474,1254
1834,1262.736531718202,0.5178514504303474,1254
1835,1262.736531718202,0.5178514504303474,1254
1836,1262.736531718202,0.5178514504303474,1254
1837,1243.731468332775,0.5181308867121921,1235
1838,1243.731468332775,0.5181308867121921,1235
1839,1243.731468332775,0.5181308867121921,1235
1840,1243.731468332775,0.5181308867121921,1235
1841,1243.731468332775,0.5181308867121921,1235
1842,1243.731468332775,0.5181308867121921,1235
1843,1243.731468332775,0.5181308867121921,1235
1844,1243.731468332775,0.5181308867121921,1235
1845,1243.731468332775,0.5181308867121921,1235
1846,1239.7303820977797,0.5181908334558685,1231
1847,1250.7333521214548,0.5180269248645294,1242
1848,1250.7333521214548,0.5180269248645294,1242
1849,1250.7333521214548,0.5180269248645294,1242
1850,1250.7333521214548,0.5180269248645294,1242
1851,1250.7333521214548,0.5180269248645294,1242
1852,1250.7333521214548,0.5180269248645294,1242
1853,1250.7333521214548,0.5180269248645294,1242
1854,1250.7333521214548,0.5180269248645294,1242
1855,1250.7333521214548,0.5180269248645294,1242
1856,1250.7333521214548,0.5180269248645294,1242
1857,1250.7333521214548,0.5180269248645294,1242
1858,1250.7333521214548,0.5180269248645294,1242
1859,1250.7333521214548,0.5180269248645294,1242
1860,1250.7333521214548,0.5180269248645294,1242
1861,1250.7333521214548,0.5180269248645294,1242
1862,1250.7333521214548,0.5180269248645294,1242
1863,1250.7333521214548,0.5180269248645294,1242
1864,1250.7333521214548,0.5180269248645294,1242
1865,1250.7333521214548,0.5180269248645294,1242
1866,1250.7333521214548,0.5180269248645294,1242
1867,1250.7333521214548,0.5180269248645294,1242
1868,1250.7333521214548,0.5180269248645294,1242
1869,1250.7333521214548,0.5180269248645294,1242
1870,1250.7333521214548,0.5180269248645294,1242
1871,1250.7333521214548,0.5180269248645294,1242
1872,1250.7333521214548,0.5180269248645294,1242
1873,1250.7333521214548,0.5180269248645294,1242
1874,1254.7344189075575,0.5179680514593037,1246
1875,1254.7344189075575,0.5179680514593037,1246
1876,1247.7325474343822,0.5180713336433642,1239
1877,1247.7325474343822,0.5180713336433642,1239
1878,1247.7325474343822,0.5180713336433642,1239
1879,1247.7325474343822,0.5180713336433642,1239
1880,1247.7325474343822,0.5180713336433642,1239
1881,1247.7325474343822,0.5180713336433642,1239
1882,1247.7325474343822,0.5180713336433642,1239
1883,1247.7325474343822,0.5180713336433642,1239
1884,1247.7325474343822,0.5180713336433642,1239
1885,1247.7325474343822,0.5180713336433642,1239
1886,1247.7325474343822,0.5180713336433642,1239
1887,1247.7325474343822,0.5180713336433642,1239
1888,1247.7325474343822,0.5180713336433642,1239
1889,1247.7325474343822,0.5180713336433642,1239
1890,1247.7325474343822,0.5180713336433642,1239
1891,1247.7325474343822,0.5180713336433642,1239
1892,1247.7325474343822,0.5180713336433642,1239
1893,1252.733886386641,0.5179974400308481,1244
1894,1252.733886386641,0.5179974400308481,1244
1895,1252.733886386641,0.5179974400308481,1244
1896,1252.733886386641,0.5179974400308481,1244
1897,1252.733886386641,0.5179974400308481,1244
1898,1252.733886386641,0.5179974400308481,1244
1899,1252.733886386641,0.5179974400308481,1244
1900,1252.733886386641,0.5179974400308481,1244
1901,1273.7393924684882,0.5176935723792374,1265
1902,1273.7393924684882,0.5176935723792374,1265
1903,1273.7393924684882,0.5176935723792374,1265
1904,1273.7393924684882,0.5176935723792374,1265
1905,1273.7393924684882,0.5176935723792374,1265
1906,1273.7393924684882,0.5176935723792374,1265
1907,1273.7393924684882,0.5176935723792374,1265
1908,1273.7393924684882,0.5176935723792374,1265
1909,1273.7393924684882,0.5176935723792374,1265
1910,1273.7393924684882,0.5176935723792374,1265
1911,1273.7393924684882,0.5176935723792374,1265
1912,1273.7393924684882,0.5176935723792374,1265
1913,1273.7393924684882,0.5176935723792374,1265
1914,1272.753957023339,0.5168897889989582,1264
1915,1272.753957023339,0.5168897889989582,1264
1916,1272.753957023339,0.5168897889989582,1264
1917,1272.753957023339,0.5168897889989582,1264
1918,1265.7522247678055,0.516985388090204,1257
1919,1265.7522247678055,0.516985388090204,1257
1920,1265.7522247678055,0.516985388090204,1257
1921,1265.7522247678055,0.516985388090204,1257
1922,1262.7514763567497,0.5170266911286027,1254
1923,1262.7514763567497,0.5170266911286027,1254
1924,1247.747679049034,0.5172362555720654,1239
1925,1247.747679049034,0.5172362555720654,1239
1926,1247.747679049034,0.5172362555720654,1239
1927,1247.747679049034,0.5172362555720654,1239
1928,1245.747165669324,0.5172645877856558,1237
1929,1245.747165669324,0.5172645877856558,1237
1930,1245.747165669324,0.5172645877856558,1237
1931,1245.747165669324,0.5172645877856558,1237
1932,1245.747165669324,0.5172645877856558,1237
1933,1245.747165669324,0.5172645877856558,1237
1934,1245.747165669324,0.5172645877856558,1237
1935,1245.747165669324,0.5172645877856558,1237
1936,1245.747165669324,0.5172645877856558,1237
1937,1245.747165669324,0.5172645877856558,1237
1938,1245.747165669324,0.5172645877856558,1237
1939,1245.747165669324,0.5172645877856558,1237
1940,1245.747165669324,0.5172645877856558,1237
1941,1245.747165669324,0.5172645877856558,1237
1942,1245.747165669324,0.5172645877856558,1237
1943,1245.747165669324,0.5172645877856558,1237
1944,1245.747165669324,0.5172645877856558,1237
1945,1245.747165669324,0.5172645877856558,1237
1946,1245.747165669324,0.5172645877856558,1237
1947,1245.747165669324,0.5172645877856558,1237
1948,1247.747679049034,0.5172362555720654,1239
1949,1247.747679049034,0.5172362555720654,1239
1950,1247.747679049034,0.5172362555720654,1239
1951,1247.747679049034,0.5172362555720654,1239
1952,1247.747679049034,0.5172362555720654,1239
1953,1247.747679049034,0.5172362555720654,1239
1954,1247.747679049034,0.5172362555720654,1239
1955,1247.747679049034,0.5172362555720654,1239
1956,1239.7456153566202,0.5173501458818838,1231
1957,1239.7456153566202,0.5173501458818838,1231
1958,1239.7456153566202,0.5173501458818838,1231
1959,1241.7461338315009,0.5173215324778734,1233
1960,1252.748955158839,0.5171658300861534,1244
1961,1252.748955158839,0.5171658300861534,1244
1962,1252.748955158839,0.5171658300861534,1244
1963,1252.748955158839,0.5171658300861534,1244
1964,1252.748955158839,0.5171658300861534,1244
1965,1252.748955158839,0.5171658300861534,1244
1966,1259.7507242980928,0.5170681954694943,1251
1967,1259.7507242980928,0.5170681954694943,1251
1968,1259.7507242980928,0.5170681954694943,1251
1969,1255.7497158329436,0.5171238502790457,1247
1970,1255.7497158329436,0.5171238502790457,1247
1971,1255.7497158329436,0.5171238502790457,1247
1972,1255.7497158329436,0.5171238502790457,1247
1973,1255.7497158329436,0.5171238502790457,1247
1974,1255.7497158329436,0.5171238502790457,1247
1975,1255.7497158329436,0.5171238502790457,1247
1976,1255.7497158329436,0.5171238502790457,1247
1977,1255.7497158329436,0.5171238502790457,1247
1978,1245.747165669324,0.5172645877856558,1237
1979,1245.747165669324,0.5172645877856558,1237
1980,1245.747165669324,0.5172645877856558,1237
1981,1245.747165669324,0.5172645877856558,1237
1982,1245.747165669324,0.5172645877856558,1237
1983,1245.747165669324,0.5172645877856558,1237
1984,1245.747165669324,0.5172645877856558,1237
1985,1246.747422569911,0.5172504100490709,1238
1986,1246.747422569911,0.5172504100490709,1238
1987,1246.747422569911,0.5172504100490709,1238
1988,1246.747422569911,0.5172504100490709,1238
1989,1246.747422569911,0.5172504100490709,1238
1990,1246.747422569911,0.5172504100490709,1238
1991,1243.7466505995983,0.5172930132672019,1235
1992,1243.7466505995983,0.5172930132672019,1235
1993,1243.7466505995983,0.5172930132672019,1235
1994,1243.7466505995983,0.5172930132672019,1235
1995,1243.7466505995983,0.5172930132672019,1235
1996,1243.7466505995983,0.5172930132672019,1235
1997,1243.7466505995983,0.5172930132672019,1235
1998,1243.7466505995983,0.5172930132672019,1235
1999,1243.7466505995983,0.5172930132672019,1235
2000,1243.7466505995983,0.5172930132672019,1235
2001,1243.7466505995983,0.5172930132672019,1235
2002,1243.7466505995983,0.5172930132672019,1235
2003,1243.7466505995983,0.5172930132672019,1235
2004,1243.7466505995983,0.5172930132672019,1235
2005,1243.7466505995983,0.5172930132672019,1235
2006,1243.7466505995983,0.5172930132672019,1235
2007,1243.7466505995983,0.5172930132672019,1235
2008,1243.7466505995983,0.5172930132672019,1235
2009,1243.7466505995983,0.5172930132672019,1235
2010,1243.7466505995983,0.5172930132672019,1235
2011,1242.7463924283704,0.5173072611274553,1234
2012,1242.7463924283704,0.5173072611274553,1234
2013,1242.7463924283704,0.5173072611274553,1234
2014,1242.7463924283704,0.5173072611274553,1234
2015,1242.7463924283704,0.5173072611274553,1234
2016,1242.7463924283704,0.5173072611274553,1234
2017,1242.7463924283704,0.5173072611274553,1234
2018,1242.7463924283704,0.5173072611274553,1234
2019,1242.7463924283704,0.5173072611274553,1234
2020,1239.7456153566202,0.5173501458818838,1231
2021,1239.7456153566202,0.5173501458818838,1231
2022,1239.7456153566202,0.5173501458818838,1231
2023,1239.7456153566202,0.5173501458818838,1231
2024,1239.7456153566202,0.5173501458818838,1231
2025,1239.7456153566202,0.5173501458818838,1231
2026,1239.7456153566202,0.5173501458818838,1231
2027,1239.7456153566202,0.5173501458818838,1231
2028,1239.7456153566202,0.5173501458818838,1231
2029,1239.7456153566202,0.5173501458818838,1231
2030,1237.7450951664891,0.5173788539465166,1229
2031,1237.7450951664891,0.5173788539465166,1229
2032,1237.7450951664891,0.5173788539465166,1229
2033,1237.7450951664891,0.5173788539465166,1229
2034,1237.7450951664891,0.5173788539465166,1229
2035,1237.7450951664891,0.5173788539465166,1229
2036,1237.7450951664891,0.5173788539465166,1229
2037,1237.7450951664891,0.5173788539465166,1229
2038,1237.7450951664891,0.5173788539465166,1229
2039,1244.746908346234,0.5172787888391823,1236
2040,1244.746908346234,0.5172787888391823,1236
2041,1244.746908346234,0.5172787888391823,1236
2042,1244.746908346234,0.5172787888391823,1236
2043,1244.746908346234,0.5172787888391823,1236
2044,1244.746908346234,0.5172787888391823,1236
2045,1264.9148642700868,0.5631973360879245,1257
2046,1264.9148642700868,0.5631973360879245,1257
2047,1264.9148642700868,0.5631973360879245,1257
2048,1261.9119738963334,0.563356848988225,1254
2049,1261.9119738963334,0.563356848988225,1254
2050,1261.9119738963334,0.563356848988225,1254
2051,1261.9119738963334,0.563356848988225,1254
2052,1261.9119738963334,0.563356848988225,1254
2053,1261.9119738963334,0.563356848988225,1254
2054,1261.9119738963334,0.563356848988225,1254
2055,1248.4722101609366,0.5324387328401395,1240
2056,1248.4722101609366,0.5324387328401395,1240
2057,1248.4722101609366,0.5324387328401395,1240
2058,1248.4722101609366,0.5324387328401395,1240
2059,1246.4712317649232,0.532492728205114,1238
2060,1246.4712317649232,0.532492728205114,1238
2061,1246.4712317649232,0.532492728205114,1238
2062,1246.4712317649232,0.532492728205114,1238
2063,1246.4712317649232,0.532492728205114,1238
2064,1246.4712317649232,0.532492728205114,1238
2065,1246.4712317649232,0.532492728205114,1238
2066,1246.4712317649232,0.532492728205114,1238
2067,1246.4712317649232,0.532492728205114,1238
2068,1246.4712317649232,0.532492728205114,1238
2069,1246.4712317649232,0.532492728205114,1238
2070,1246.4712317649232,0.532492728205114,1238
2071,1246.4712317649232,0.532492728205114,1238
2072,1246.4712317649232,0.532492728205114,1238
2073,1246.4712317649232,0.532492728205114,1238
2074,1246.4712317649232,0.532492728205114,1238
2075,1231.728187942906,0.5183119236806815,1223
2076,1231.728187942906,0.5183119236806815,1223
2077,1231.728187942906,0.5183119236806815,1223
2078,1231.728187942906,0.5183119236806815,1223
2079,1231.728187942906,0.5183119236806815,1223
2080,1231.728187942906,0.5183119236806815,1223
2081,1231.728187942906,0.5183119236806815,1223
2082,1231.728187942906,0.5183119236806815,1223
2083,1231.728187942906,0.5183119236806815,1223
2084,1231.728187942906,0.5183119236806815,1223
2085,1231.728187942906,0.5183119236806815,1223
2086,1231.728187942906,0.5183119236806815,1223
2087,1231.728187942906,0.5183119236806815,1223
2088,1231.728187942906,0.5183119236806815,1223
2089,1231.728187942906,0.5183119236806815,1223
2090,1231.728187942906,0.5183119236806815,1223
2091,1231.728187942906,0.5183119236806815,1223
2092,1231.728187942906,0.5183119236806815,1223
2093,1231.728187942906,0.5183119236806815,1223
2094,1231.728187942906,0.5183119236806815,1223
2095,1231.728187942906,0.5183119236806815,1223
2096,1231.728187942906,0.5183119236806815,1223
2097,1231.728187942906,0.5183119236806815,1223
2098,1231.728187942906,0.5183119236806815,1223
2099,1231.728187942906,0.5183119236806815,1223
2100,1231.728187942906,0.5183119236806815,1223
2101,1231.728187942906,0.5183119236806815,1223
2102,1231.728187942906,0.5183119236806815,1223
2103,1231.728187942906,0.5183119236806815,1223
2104,1231.728187942906,0.5183119236806815,1223
2105,1231.728187942906,0.5183119236806815,1223
2106,1231.728187942906,0.5183119236806815,1223
2107,1231.728187942906,0.5183119236806815,1223
2108,1231.728187942906,0.5183119236806815,1223
2109,1231.728187942906,0.5183119236806815,1223
2110,1231.728187942906,0.5183119236806815,1223
2111,1231.728187942906,0.5183119236806815,1223
2112,1231.728187942906,0.5183119236806815,1223
2113,1216.7239942007561,0.5185433664041845,1208
2114,1216.7239942007561,0.5185433664041845,1208
2115,1216.7239942007561,0.5185433664041845,1208
2116,1216.7239942007561,0.5185433664041845,1208
2117,1216.7239942007561,0.5185433664041845,1208
2118,1216.7239942007561,0.5185433664041845,1208
2119,1216.7239942007561,0.5185433664041845,1208
2120,1216.7239942007561,0.5185433664041845,1208
2121,1216.7239942007561,0.5185433664041845,1208
2122,1216.7239942007561,0.5185433664041845,1208
2123,1216.7239942007561,0.5185433664041845,1208
2124,1216.7239942007561,0.5185433664041845,1208
2125,1216.7239942007561,0.5185433664041845,1208
2126,1216.7239942007561,0.5185433664041845,1208
2127,1216.7239942007561,0.5185433664041845,1208
2128,1216.7239942007561,0.5185433664041845,1208
2129,1216.7239942007561,0.5185433664041845,1208
2130,1216.7239942007561,0.5185433664041845,1208
2131,1216.7239942007561,0.5185433664041845,1208
2132,1216.7239942007561,0.5185433664041845,1208
2133,1216.7239942007561,0.5185433664041845,1208
2134,1216.7239942007561,0.5185433664041845,1208
2135,1216.7239942007561,0.5185433664041845,1208
2136,1210.737900318377,0.5177759206193798,1202
2137,1210.737900318377,0.5177759206193798,1202
2138,1210.737900318377,0.5177759206193798,1202
2139,1210.737900318377,0.5177759206193798,1202
2140,1210.737900318377,0.5177759206193798,1202
2141,1210.737900318377,0.5177759206193798,1202
2142,1210.737900318377,0.5177759206193798,1202
2143,1210.737900318377,0.5177759206193798,1202
2144,1210.737900318377,0.5177759206193798,1202
2145,1210.737900318377,0.5177759206193798,1202
2146,1210.737900318377,0.5177759206193798,1202
2147,1210.737900318377,0.5177759206193798,1202
2148,1194.733479486118,0.5180198959095978,1186
2149,1194.733479486118,0.5180198959095978,1186
2150,1194.733479486118,0.5180198959095978,1186
2151,1198.7345960283892,0.5179582765789662,1190
2152,1197.7343176090835,0.5179736418828064,1189
2153,1197.7343176090835,0.5179736418828064,1189
2154,1227.7424681867733,0.5175238307520313,1219
2155,1227.7424681867733,0.5175238307520313,1219
2156,1227.7424681867733,0.5175238307520313,1219
2157,1227.7424681867733,0.5175238307520313,1219
2158,1227.7424681867733,0.5175238307520313,1219
2159,1227.7424681867733,0.5175238307520313,1219
2160,1227.7424681867733,0.5175238307520313,1219
2161,1227.7424681867733,0.5175238307520313,1219
2162,1227.7424681867733,0.5175238307520313,1219
2163,1227.7424681867733,0.5175238307520313,1219
2164,1227.7424681867733,0.5175238307520313,1219
2165,1227.7424681867733,0.5175238307520313,1219
2166,1227.7424681867733,0.5175238307520313,1219
2167,1227.7424681867733,0.5175238307520313,1219
2168,1227.7424681867733,0.5175238307520313,1219
2169,1227.7424681867733,0.5175238307520313,1219
2170,1227.7424681867733,0.5175238307520313,1219
2171,1227.7424681867733,0.5175238307520313,1219
2172,1227.7424681867733,0.5175238307520313,1219
2173,1227.7424681867733,0.5175238307520313,1219
2174,1227.7424681867733,0.5175238307520313,1219
2175,1227.7424681867733,0.5175238307520313,1219
2176,1227.7424681867733,0.5175238307520313,1219
2177,1227.7424681867733,0.5175238307520313,1219
2178,1227.7424681867733,0.5175238307520313,1219
2179,1227.7424681867733,0.5175238307520313,1219
2180,1227.7424681867733,0.5175238307520313,1219
2181,1227.7424681867733,0.5175238307520313,1219
2182,1227.7424681867733,0.5175238307520313,1219
2183,1227.7424681867733,0.5175238307520313,1219
2184,1227.7424681867733,0.5175238307520313,1219
2185,1227.7424681867733,0.5175238307520313,1219
2186,1227.7424681867733,0.5175238307520313,1219
2187,1227.7424681867733,0.5175238307520313,1219
2188,1227.7424681867733,0.5175238307520313,1219
2189,1227.7424681867733,0.5175238307520313,1219
2190,1227.7424681867733,0.5175238307520313,1219
2191,1227.7424681867733,0.5175238307520313,1219
2192,1227.7424681867733,0.5175238307520313,1219
2193,1227.7424681867733,0.5175238307520313,1219
2194,1227.7424681867733,0.5175238307520313,1219
2195,1227.7424681867733,0.5175238307520313,1219
2196,1220.7406030775476,0.517626761724746,1212
2197,1220.7406030775476,0.517626761724746,1212
2198,1220.7406030775476,0.517626761724746,1212
2199,1220.7406030775476,0.517626761724746,1212
2200,1220.7406030775476,0.517626761724746,1212
2201,1220.7406030775476,0.517626761724746,1212
2202,1220.7406030775476,0.517626761724746,1212
2203,1220.7406030775476,0.517626761724746,1212
2204,1220.7406030775476,0.517626761724746,1212
2205,1220.7406030775476,0.517626761724746,1212
2206,1220.7406030775476,0.517626761724746,1212
2207,1220.7406030775476,0.517626761724746,1212
2208,1220.7406030775476,0.517626761724746,1212
2209,1220.7406030775476,0.517626761724746,1212
2210,1220.7406030775476,0.517626761724746,1212
2211,1220.7406030775476,0.517626761724746,1212
2212,1220.7406030775476,0.517626761724746,1212
2213,1220.7406030775476,0.517626761724746,1212
2214,1220.7406030775476,0.517626761724746,1212
2215,1220.7406030775476,0.517626761724746,1212
2216,1220.7406030775476,0.517626761724746,1212
2217,1220.7406030775476,0.517626761724746,1212
2218,1220.7406030775476,0.517626761724746,1212
2219,1220.7406030775476,0.517626761724746,1212
2220,1220.7406030775476,0.517626761724746,1212
2221,1220.7406030775476,0.517626761724746,1212
2222,1220.7406030775476,0.517626761724746,1212
2223,1220.7406030775476,0.517626761724746,1212
2224,1220.7406030775476,0.517626761724746,1212
2225,1220.7406030775476,0.517626761724746,1212
2226,1220.7406030775476,0.517626761724746,1212
2227,1220.7406030775476,0.517626761724746,1212
2228,1220.7406030775476,0.517626761724746,1212
2229,1220.7406030775476,0.517626761724746,1212
2230,1220.7406030775476,0.517626761724746,1212
2231,1220.7406030775476,0.517626761724746,1212
2232,1220.7406030775476,0.517626761724746,1212
2233,1220.7406030775476,0.517626761724746,1212
2234,1220.7406030775476,0.517626761724746,1212
2235,1220.7406030775476,0.517626761724746,1212
2236,1220.7406030775476,0.517626761724746,1212
2237,1220.7406030775476,0.517626761724746,1212
2238,1220.7406030775476,0.517626761724746,1212
2239,1220.7406030775476,0.517626761724746,1212
2240,1220.7406030775476,0.517626761724746,1212
2241,1220.7406030775476,0.517626761724746,1212
2242,1220.7406030775476,0.517626761724746,1212
2243,1220.7406030775476,0.517626761724746,1212
2244,1220.7406030775476,0.517626761724746,1212
2245,1220.7406030775476,0.517626761724746,1212
2246,1220.7406030775476,0.517626761724746,1212
2247,1232.7284638079054,0.5182966993429683,1224
2248,1232.7284638079054,0.5182966993429683,1224
2249,1234.7290141645403,0.5182663264602442,1226
2250,1234.7290141645403,0.5182663264602442,1226
2251,1234.7290141645403,0.5182663264602442,1226
2252,1234.7290141645403,0.5182663264602442,1226
2253,1234.7290141645403,0.5182663264602442,1226
2254,1234.7290141645403,0.5182663264602442,1226
2255,1234.7290141645403,0.5182663264602442,1226
2256,1234.7290141645403,0.5182663264602442,1226
2257,1234.7290141645403,0.5182663264602442,1226
2258,1234.7290141645403,0.5182663264602442,1226
2259,1234.7290141645403,0.5182663264602442,1226
2260,1234.7290141645403,0.5182663264602442,1226
2261,1234.7290141645403,0.5182663264602442,1226
2262,1234.7290141645403,0.5182663264602442,1226
2263,1234.7290141645403,0.5182663264602442,1226
2264,1234.7290141645403,0.5182663264602442,1226
2265,1234.7290141645403,0.5182663264602442,1226
2266,1234.7290141645403,0.5182663264602442,1226
2267,1234.7290141645403,0.5182663264602442,1226
2268,1234.7290141645403,0.5182663264602442,1226
2269,1234.7290141645403,0.5182663264602442,1226
2270,1234.7290141645403,0.5182663264602442,1226
2271,1234.7290141645403,0.5182663264602442,1226
2272,1234.7290141645403,0.5182663264602442,1226
2273,1234.7290141645403,0.5182663264602442,1226
2274,1234.7290141645403,0.5182663264602442,1226
2275,1234.7290141645403,0.5182663264602442,1226
2276,1234.7290141645403,0.5182663264602442,1226
2277,1234.7290141645403,0.5182663264602442,1226
2278,1249.1097524831675,0.5524419159399807,1241
2279,1249.1097524831675,0.5524419159399807,1241
2280,1249.1097524831675,0.5524419159399807,1241
2281,1249.1097524831675,0.5524419159399807,1241
2282,1249.1097524831675,0.5524419159399807,1241
2283,1249.1097524831675,0.5524419159399807,1241
2284,1249.1097524831675,0.5524419159399807,1241
2285,1249.1097524831675,0.5524419159399807,1241
2286,1249.1097524831675,0.5524419159399807,1241
2287,1249.1097524831675,0.5524419159399807,1241
2288,1249.1097524831675,0.5524419159399807,1241
2289,1249.1097524831675,0.5524419159399807,1241
2290,1249.1097524831675,0.5524419159399807,1241
2291,1249.1097524831675,0.5524419159399807,1241
2292,1249.1097524831675,0.5524419159399807,1241
2293,1249.1097524831675,0.5524419159399807,1241
2294,1249.1097524831675,0.5524419159399807,1241
2295,1249.1097524831675,0.5524419159399807,1241
2296,1249.1097524831675,0.5524419159399807,1241
2297,1270.6778552617034,0.576277303438006,1263
2298,1270.6778552617034,0.576277303438006,1263
2299,1270.6778552617034,0.576277303438006,1263
2300,1270.6778552617034,0.576277303438006,1263
2301,1270.6778552617034,0.576277303438006,1263
2302,1270.6778552617034,0.576277303438006,1263
2303,1270.6778552617034,0.576277303438006,1263
2304,1270.6778552617034,0.576277303438006,1263
2305,1268.93473563129,0.562100682599889,1261
2306,1205.736531718202,0.5178514504303474,1197
2307,1205.736531718202,0.5178514504303474,1197
2308,1205.736531718202,0.5178514504303474,1197
2309,1205.736531718202,0.5178514504303474,1197
2310,1205.736531718202,0.5178514504303474,1197
2311,1205.736531718202,0.5178514504303474,1197
2312,1205.736531718202,0.5178514504303474,1197
2313,1205.736531718202,0.5178514504303474,1197
2314,1205.736531718202,0.5178514504303474,1197
2315,1205.736531718202,0.5178514504303474,1197
2316,1205.736531718202,0.5178514504303474,1197
2317,1205.736531718202,0.5178514504303474,1197
2318,1205.736531718202,0.5178514504303474,1197
2319,1205.736531718202,0.5178514504303474,1197
2320,1205.736531718202,0.5178514504303474,1197
2321,1205.736531718202,0.5178514504303474,1197
2322,1205.736531718202,0.5178514504303474,1197
2323,1205.736531718202,0.5178514504303474,1197
2324,1205.736531718202,0.5178514504303474,1197
2325,1205.736531718202,0.5178514504303474,1197
2326,1205.736531718202,0.5178514504303474,1197
2327,1205.736531718202,0.5178514504303474,1197
2328,1204.7362566017844,0.517866633455606,1196
2329,1204.7362566017844,0.517866633455606,1196
2330,1204.7362566017844,0.517866633455606,1196
2331,1204.7362566017844,0.517866633455606,1196
2332,1204.7362566017844,0.517866633455606,1196
2333,1204.7362566017844,0.517866633455606,1196
2334,1204.7362566017844,0.517866633455606,1196
2335,1204.7362566017844,0.517866633455606,1196
2336,1204.7362566017844,0.517866633455606,1196
2337,1204.7362566017844,0.517866633455606,1196
2338,1204.7362566017844,0.517866633455606,1196
2339,1204.7362566017844,0.517866633455606,1196
2340,1204.7362566017844,0.517866633455606,1196
2341,1204.7362566017844,0.517866633455606,1196
2342,1204.7362566017844,0.517866633455606,1196
2343,1204.7362566017844,0.517866633455606,1196
2344,1204.7362566017844,0.517866633455606,1196
2345,1204.7362566017844,0.517866633455606,1196
2346,1204.7362566017844,0.517866633455606,1196
2347,1204.7362566017844,0.517866633455606,1196
2348,1204.7362566017844,0.517866633455606,1196
2349,1204.7362566017844,0.517866633455606,1196
2350,1204.7362566017844,0.517866633455606,1196
2351,1197.7343176090835,0.5179736418828064,1189
2352,1197.7343176090835,0.5179736418828064,1189
2353,1197.7343176090835,0.5179736418828064,1189
2354,1197.7343176090835,0.5179736418828064,1189
2355,1197.7343176090835,0.5179736418828064,1189
2356,1197.7343176090835,0.5179736418828064,1189
2357,1197.7343176090835,0.5179736418828064,1189
2358,1197.7343176090835,0.5179736418828064,1189
2359,1197.7343176090835,0.5179736418828064,1189
2360,1204.7362566017844,0.517866633455606,1196
2361,1204.7362566017844,0.517866633455606,1196
2362,1204.7362566017844,0.517866633455606,1196
2363,1204.7362566017844,0.517866633455606,1196
2364,1204.7362566017844,0.517866633455606,1196
2365,1204.7362566017844,0.517866633455606,1196
2366,1204.7362566017844,0.517866633455606,1196
2367,1204.7362566017844,0.517866633455606,1196
2368,1204.7362566017844,0.517866633455606,1196
2369,1204.7362566017844,0.517866633455606,1196
2370,1204.7362566017844,0.517866633455606,1196
2371,1204.7362566017844,0.517866633455606,1196
2372,1204.7362566017844,0.517866633455606,1196
2373,1204.7362566017844,0.517866633455606,1196
2374,1204.7362566017844,0.517866633455606,1196
2375,1204.7362566017844,0.517866633455606,1196
2376,1194.733479486118,0.5180198959095978,1186
2377,1194.733479486118,0.5180198959095978,1186
2378,1194.733479486118,0.5180198959095978,1186
2379,1194.733479486118,0.5180198959095978,1186
2380,1194.733479486118,0.5180198959095978,1186
2381,1194.733479486118,0.5180198959095978,1186
2382,1194.733479486118,0.5180198959095978,1186
2383,1194.733479486118,0.5180198959095978,1186
2384,1194.733479486118,0.5180198959095978,1186
2385,1194.733479486118,0.5180198959095978,1186
2386,1194.733479486118,0.5180198959095978,1186
2387,1194.733479486118,0.5180198959095978,1186
2388,1194.733479486118,0.5180198959095978,1186
2389,1194.733479486118,0.5180198959095978,1186
2390,1194.733479486118,0.5180198959095978,1186
2391,1194.733479486118,0.5180198959095978,1186
2392,1194.733479486118,0.5180198959095978,1186
2393,1194.733479486118,0.5180198959095978,1186
2394,1194.733479486118,0.5180198959095978,1186
2395,1194.733479486118,0.5180198959095978,1186
2396,1194.733479486118,0.5180198959095978,1186
2397,1194.733479486118,0.5180198959095978,1186
2398,1194.733479486118,0.5180198959095978,1186
2399,1194.733479486118,0.5180198959095978,1186
2400,1194.733479486118,0.5180198959095978,1186
2401,1194.733479486118,0.5180198959095978,1186
2402,1194.733479486118,0.5180198959095978,1186
2403,1194.733479486118,0.5180198959095978,1186
2404,1194.733479486118,0.5180198959095978,1186
2405,1194.733479486118,0.5180198959095978,1186
2406,1194.733479486118,0.5180198959095978,1186
2407,1194.733479486118,0.5180198959095978,1186
2408,1194.733479486118,0.5180198959095978,1186
2409,1194.733479486118,0.5180198959095978,1186
2410,1194.733479486118,0.5180198959095978,1186
2411,1194.733479486118,0.5180198959095978,1186
2412,1194.733479486118,0.5180198959095978,1186
2413,1194.733479486118,0.5180198959095978,1186
2414,1194.733479486118,0.5180198959095978,1186
2415,1194.733479486118,0.5180198959095978,1186
2416,1194.733479486118,0.5180198959095978,1186
2417,1194.733479486118,0.5180198959095978,1186
2418,1194.733479486118,0.5180198959095978,1186
2419,1194.733479486118,0.5180198959095978,1186
2420,1194.733479486118,0.5180198959095978,1186
2421,1194.733479486118,0.5180198959095978,1186
2422,1194.733479486118,0.5180198959095978,1186
2423,1194.733479486118,0.5180198959095978,1186
2424,1194.733479486118,0.5180198959095978,1186
2425,1194.733479486118,0.5180198959095978,1186
2426,1194.733479486118,0.5180198959095978,1186
2427,1194.733479486118,0.5180198959095978,1186
2428,1194.733479486118,0.5180198959095978,1186
2429,1194.733479486118,0.5180198959095978,1186
2430,1194.733479486118,0.5180198959095978,1186
2431,1194.733479486118,0.5180198959095978,1186
2432,1203.735981017134,0.5178818423215207,1195
2433,1203.735981017134,0.5178818423215207,1195
2434,1203.735981017134,0.5178818423215207,1195
2435,1203.735981017134,0.5178818423215207,1195
2436,1203.735981017134,0.5178818423215207,1195
2437,1203.735981017134,0.5178818423215207,1195
2438,1203.735981017134,0.5178818423215207,1195
2439,1203.735981017134,0.5178818423215207,1195
2440,1203.735981017134,0.5178818423215207,1195
2441,1203.735981017134,0.5178818423215207,1195
2442,1203.735981017134,0.5178818423215207,1195
2443,1203.735981017134,0.5178818423215207,1195
2444,1195.733759339175,0.5180044514804076,1187
2445,1223.7414050854197,0.517582500804655,1215
2446,1223.7414050854197,0.517582500804655,1215
2447,1223.7414050854197,0.517582500804655,1215
2448,1223.7414050854197,0.517582500804655,1215
2449,1223.7414050854197,0.517582500804655,1215
2450,1223.7414050854197,0.517582500804655,1215
2451,1223.7414050854197,0.517582500804655,1215
2452,1223.7414050854197,0.517582500804655,1215
2453,1223.7414050854197,0.517582500804655,1215
2454,1223.7414050854197,0.517582500804655,1215
2455,1223.7414050854197,0.517582500804655,1215
2456,1223.7414050854197,0.517582500804655,1215
2457,1223.7414050854197,0.517582500804655,1215
2458,1223.7414050854197,0.517582500804655,1215
2459,1223.7414050854197,0.517582500804655,1215
2460,1223.7414050854197,0.517582500804655,1215
2461,1223.7414050854197,0.517582500804655,1215
2462,1223.7414050854197,0.517582500804655,1215
2463,1231.743524219077,0.5174655508235628,1223
2464,1231.743524219077,0.5174655508235628,1223
2465,1231.743524219077,0.5174655508235628,1223
2466,1231.743524219077,0.5174655508235628,1223
2467,1231.743524219077,0.5174655508235628,1223
2468,1231.743524219077,0.5174655508235628,1223
2469,1231.743524219077,0.5174655508235628,1223
2470,1231.743524219077,0.5174655508235628,1223
2471,1231.743524219077,0.5174655508235628,1223
2472,1231.743524219077,0.5174655508235628,1223
2473,1231.743524219077,0.5174655508235628,1223
2474,1231.743524219077,0.5174655508235628,1223
2475,1231.743524219077,0.5174655508235628,1223
2476,1231.743524219077,0.5174655508235628,1223
2477,1231.743524219077,0.5174655508235628,1223
2478,1231.743524219077,0.5174655508235628,1223
2479,1231.743524219077,0.5174655508235628,1223
2480,1231.743524219077,0.5174655508235628,1223
2481,1231.743524219077,0.5174655508235628,1223
2482,1255.7497158329436,0.5171238502790457,1247
2483,1255.7497158329436,0.5171238502790457,1247
2484,1260.750975391245,0.5170543382315105,1252
2485,1260.750975391245,0.5170543382315105,1252
2486,1260.750975391245,0.5170543382315105,1252
2487,1260.750975391245,0.5170543382315105,1252
2488,1260.750975391245,0.5170543382315105,1252
2489,1260.750975391245,0.5170543382315105,1252
2490,1260.750975391245,0.5170543382315105,1252
2491,1260.750975391245,0.5170543382315105,1252
2492,1260.750975391245,0.5170543382315105,1252
2493,1260.750975391245,0.5170543382315105,1252
2494,1260.750975391245,0.5170543382315105,1252
2495,1260.750975391245,0.5170543382315105,1252
2496,1262.7514763567497,0.5170266911286027,1254
2497,1262.7514763567497,0.5170266911286027,1254
2498,1262.7514763567497,0.5170266911286027,1254
2499,1262.7514763567497,0.5170266911286027,1254
2500,1262.7514763567497,0.5170266911286027,1254
2501,1262.7514763567497,0.5170266911286027,1254
2502,1262.7514763567497,0.5170266911286027,1254
2503,1262.7514763567497,0.5170266911286027,1254
2504,1262.7514763567497,0.5170266911286027,1254
2505,1262.7514763567497,0.5170266911286027,1254
2506,1262.7514763567497,0.5170266911286027,1254
2507,1262.7514763567497,0.5170266911286027,1254
2508,1262.7514763567497,0.5170266911286027,1254
2509,1262.7514763567497,0.5170266911286027,1254
2510,1262.7514763567497,0.5170266911286027,1254
2511,1262.7514763567497,0.5170266911286027,1254
2512,1262.7514763567497,0.5170266911286027,1254
2513,1262.7514763567497,0.5170266911286027,1254
2514,1262.7514763567497,0.5170266911286027,1254
2515,1262.7514763567497,0.5170266911286027,1254
2516,1262.7514763567497,0.5170266911286027,1254
2517,1262.7514763567497,0.5170266911286027,1254
2518,1262.7514763567497,0.5170266911286027,1254
2519,1262.7514763567497,0.5170266911286027,1254
2520,1262.7514763567497,0.5170266911286027,1254
2521,1262.7514763567497,0.5170266911286027,1254
2522,1262.7514763567497,0.5170266911286027,1254
2523,1262.7514763567497,0.5170266911286027,1254
2524,1262.7514763567497,0.5170266911286027,1254
2525,1262.7514763567497,0.5170266911286027,1254
2526,1262.7514763567497,0.5170266911286027,1254
2527,1262.7514763567497,0.5170266911286027,1254
2528,1269.7532170208726,0.5169306279871603,1261
2529,1269.7532170208726,0.5169306279871603,1261
2530,1269.7532170208726,0.5169306279871603,1261
2531,1263.7517262310785,0.517012901154611,1255
2532,1263.7517262310785,0.517012901154611,1255
2533,1263.7517262310785,0.517012901154611,1255
2534,1263.7517262310785,0.517012901154611,1255
2535,1263.7517262310785,0.517012901154611,1255
2536,1263.7517262310785,0.517012901154611,1255
2537,1263.7517262310785,0.517012901154611,1255
2538,1263.7517262310785,0.517012901154611,1255
2539,1263.7517262310785,0.517012901154611,1255
2540,1263.7517262310785,0.517012901154611,1255
2541,1263.7517262310785,0.517012901154611,1255
2542,1263.7517262310785,0.517012901154611,1255
2543,1263.7517262310785,0.517012901154611,1255
2544,1263.7517262310785,0.517012901154611,1255
2545,1263.7517262310785,0.517012901154611,1255
2546,1263.7517262310785,0.517012901154611,1255
2547,1263.7517262310785,0.517012901154611,1255
2548,1263.7517262310785,0.517012901154611,1255
2549,1263.7517262310785,0.517012901154611,1255
2550,1263.7517262310785,0.517012901154611,1255
2551,1263.7517262310785,0.517012901154611,1255
2552,1263.7517262310785,0.517012901154611,1255
2553,1263.7517262310785,0.517012901154611,1255
2554,1263.7517262310785,0.517012901154611,1255
2555,1263.7517262310785,0.517012901154611,1255
2556,1263.7517262310785,0.517012901154611,1255
2557,1263.7517262310785,0.517012901154611,1255
2558,1263.7517262310785,0.517012901154611,1255
2559,1263.7517262310785,0.517012901154611,1255
2560,1263.7517262310785,0.517012901154611,1255
2561,1263.7517262310785,0.517012901154611,1255
2562,1263.7517262310785,0.517012901154611,1255
2563,1263.7517262310785,0.517012901154611,1255
2564,1263.7517262310785,0.517012901154611,1255
2565,1263.7517262310785,0.517012901154611,1255
2566,1263.7517262310785,0.517012901154611,1255
2567,1263.7517262310785,0.517012901154611,1255
2568,1263.7517262310785,0.517012901154611,1255
2569,1263.7517262310785,0.517012901154611,1255
2570,1263.7517262310785,0.517012901154611,1255
2571,1263.7517262310785,0.517012901154611,1255
2572,1263.7517262310785,0.517012901154611,1255
2573,1263.7517262310785,0.517012901154611,1255
2574,1263.7517262310785,0.517012901154611,1255
2575,1263.7517262310785,0.517012901154611,1255
2576,1263.7517262310785,0.517012901154611,1255
2577,1263.7517262310785,0.517012901154611,1255
2578,1263.7517262310785,0.517012901154611,1255
2579,1263.7517262310785,0.517012901154611,1255
2580,1263.7517262310785,0.517012901154611,1255
2581,1263.7517262310785,0.517012901154611,1255
2582,1263.7517262310785,0.517012901154611,1255
2583,1263.7517262310785,0.517012901154611,1255
2584,1263.7517262310785,0.517012901154611,1255
2585,1263.7517262310785,0.517012901154611,1255
2586,1263.7517262310785,0.517012901154611,1255
2587,1263.7517262310785,0.517012901154611,1255
2588,1263.7517262310785,0.517012901154611,1255
2589,1263.7517262310785,0.517012901154611,1255
2590,1263.7517262310785,0.517012901154611,1255
2591,1263.7517262310785,0.517012901154611,1255
2592,1263.7517262310785,0.517012901154611,1255
2593,1263.7517262310785,0.517012901154611,1255
2594,1263.7517262310785,0.517012901154611,1255
2595,1263.7517262310785,0.517012901154611,1255
2596,1263.7517262310785,0.517012901154611,1255
2597,1263.7517262310785,0.517012901154611,1255
2598,1263.7517262310785,0.517012901154611,1255
2599,1263.7517262310785,0.517012901154611,1255
2600,1263.7517262310785,0.517012901154611,1255
2601,1263.7517262310785,0.517012901154611,1255
2602,1263.7517262310785,0.517012901154611,1255
2603,1263.7517262310785,0.517012901154611,1255
2604,1263.7517262310785,0.517012901154611,1255
2605,1263.7517262310785,0.517012901154611,1255
2606,1263.7517262310785,0.517012901154611,1255
2607,1263.7517262310785,0.517012901154611,1255
2608,1263.7517262310785,0.517012901154611,1255
2609,1263.7517262310785,0.517012901154611,1255
2610,1263.7517262310785,0.517012901154611,1255
2611,1263.7517262310785,0.517012901154611,1255
2612,1263.7517262310785,0.517012901154611,1255
2613,1263.7517262310785,0.517012901154611,1255
2614,1263.7517262310785,0.517012901154611,1255
2615,1263.7517262310785,0.517012901154611,1255
2616,1263.7517262310785,0.517012901154611,1255
2617,1263.7517262310785,0.517012901154611,1255
2618,1263.7517262310785,0.517012901154611,1255
2619,1263.7517262310785,0.517012901154611,1255
2620,1263.7517262310785,0.517012901154611,1255
2621,1263.7517262310785,0.517012901154611,1255
2622,1263.7517262310785,0.517012901154611,1255
2623,1263.7517262310785,0.517012901154611,1255
2624,1263.7517262310785,0.517012901154611,1255
2625,1263.7517262310785,0.517012901154611,1255
2626,1263.7517262310785,0.517012901154611,1255
2627,1263.7517262310785,0.517012901154611,1255
2628,1263.7517262310785,0.517012901154611,1255
2629,1263.7517262310785,0.517012901154611,1255
2630,1263.7517262310785,0.517012901154611,1255
2631,1263.7517262310785,0.517012901154611,1255
2632,1263.7517262310785,0.517012901154611,1255
2633,1263.7517262310785,0.517012901154611,1255
2634,1263.7517262310785,0.517012901154611,1255
2635,1263.7517262310785,0.517012901154611,1255
2636,1263.7517262310785,0.517012901154611,1255
2637,1263.7517262310785,0.517012901154611,1255
2638,1263.7517262310785,0.517012901154611,1255
2639,1263.7517262310785,0.517012901154611,1255
2640,1263.7517262310785,0.517012901154611,1255
2641,1263.7517262310785,0.517012901154611,1255
2642,1263.7517262310785,0.517012901154611,1255
2643,1263.7517262310785,0.517012901154611,1255
2644,1263.7517262310785,0.517012901154611,1255
2645,1263.7517262310785,0.517012901154611,1255
2646,1263.7517262310785,0.517012901154611,1255
2647,1263.7517262310785,0.517012901154611,1255
2648,1263.7517262310785,0.517012901154611,1255
2649,1263.7517262310785,0.517012901154611,1255
2650,1263.7517262310785,0.517012901154611,1255
2651,1263.7517262310785,0.517012901154611,1255
2652,1263.7517262310785,0.517012901154611,1255
2653,1263.7517262310785,0.517012901154611,1255
2654,1263.7517262310785,0.517012901154611,1255
2655,1263.7517262310785,0.517012901154611,1255
2656,1263.7517262310785,0.517012901154611,1255
2657,1263.7517262310785,0.517012901154611,1255
2658,1263.7517262310785,0.517012901154611,1255
2659,1263.7517262310785,0.517012901154611,1255
2660,1263.7517262310785,0.517012901154611,1255
2661,1263.7517262310785,0.517012901154611,1255
2662,1263.7517262310785,0.517012901154611,1255
2663,1263.7517262310785,0.517012901154611,1255
2664,1263.7517262310785,0.517012901154611,1255
2665,1263.7517262310785,0.517012901154611,1255
2666,1263.7517262310785,0.517012901154611,1255
2667,1263.7517262310785,0.517012901154611,1255
2668,1263.7517262310785,0.517012901154611,1255
2669,1263.7517262310785,0.517012901154611,1255
2670,1263.7517262310785,0.517012901154611,1255
2671,1263.7517262310785,0.517012901154611,1255
2672,1263.7517262310785,0.517012901154611,1255
2673,1263.7517262310785,0.517012901154611,1255
2674,1263.7517262310785,0.517012901154611,1255
2675,1263.7517262310785,0.517012901154611,1255
2676,1263.7517262310785,0.517012901154611,1255
2677,1263.7517262310785,0.517012901154611,1255
2678,1263.7517262310785,0.517012901154611,1255
2679,1263.7517262310785,0.517012901154611,1255
2680,1263.7517262310785,0.517012901154611,1255
2681,1263.7517262310785,0.517012901154611,1255
2682,1263.7517262310785,0.517012901154611,1255
2683,1263.7517262310785,0.517012901154611,1255
2684,1263.7517262310785,0.517012901154611,1255
2685,1263.7517262310785,0.517012901154611,1255
2686,1263.7517262310785,0.517012901154611,1255
2687,1263.7517262310785,0.517012901154611,1255
2688,1263.7517262310785,0.517012901154611,1255
2689,1263.7517262310785,0.517012901154611,1255
2690,1263.7517262310785,0.517012901154611,1255
2691,1263.7517262310785,0.517012901154611,1255
2692,1263.7517262310785,0.517012901154611,1255
2693,1263.7517262310785,0.517012901154611,1255
2694,1263.7517262310785,0.517012901154611,1255
2695,1263.7517262310785,0.517012901154611,1255
2696,1263.7517262310785,0.517012901154611,1255
2697,1263.7517262310785,0.517012901154611,1255
2698,1263.7517262310785,0.517012901154611,1255
2699,1263.7517262310785,0.517012901154611,1255
2700,1263.7517262310785,0.517012901154611,1255
2701,1263.7517262310785,0.517012901154611,1255
2702,1261.751226077134,0.5170405034694207,1253
2703,1261.751226077134,0.5170405034694207,1253
2704,1261.751226077134,0.5170405034694207,1253
2705,1261.751226077134,0.5170405034694207,1253
2706,1261.751226077134,0.5170405034694207,1253
2707,1261.751226077134,0.5170405034694207,1253
2708,1260.750975391245,0.5170543382315105,1252
2709,1260.750975391245,0.5170543382315105,1252
2710,1260.750975391245,0.5170543382315105,1252
2711,1260.750975391245,0.5170543382315105,1252
2712,1260.750975391245,0.5170543382315105,1252
2713,1260.750975391245,0.5170543382315105,1252
2714,1260.750975391245,0.5170543382315105,1252
2715,1260.750975391245,0.5170543382315105,1252
2716,1272.753957023339,0.5168897889989582,1264
2717,1272.753957023339,0.5168897889989582,1264
2718,1272.753957023339,0.5168897889989582,1264
2719,1272.753957023339,0.5168897889989582,1264
2720,1272.753957023339,0.5168897889989582,1264
2721,1272.753957023339,0.5168897889989582,1264
2722,1272.753957023339,0.5168897889989582,1264
2723,1272.753957023339,0.5168897889989582,1264
2724,1272.753957023339,0.5168897889989582,1264
2725,1272.753957023339,0.5168897889989582,1264
2726,1272.753957023339,0.5168897889989582,1264
2727,1272.753957023339,0.5168897889989582,1264
2728,1272.753957023339,0.5168897889989582,1264
2729,1272.753957023339,0.5168897889989582,1264
2730,1272.753957023339,0.5168897889989582,1264
2731,1272.753957023339,0.5168897889989582,1264
2732,1272.753957023339,0.5168897889989582,1264
2733,1272.753957023339,0.5168897889989582,1264
2734,1272.753957023339,0.5168897889989582,1264
2735,1272.753957023339,0.5168897889989582,1264
2736,1272.753957023339,0.5168897889989582,1264
2737,1272.753957023339,0.5168897889989582,1264
2738,1272.753957023339,0.5168897889989582,1264
2739,1272.753957023339,0.5168897889989582,1264
2740,1272.753957023339,0.5168897889989582,1264
2741,1272.753957023339,0.5168897889989582,1264
2742,1272.753957023339,0.5168897889989582,1264
2743,1272.753957023339,0.5168897889989582,1264
2744,1272.753957023339,0.5168897889989582,1264
2745,1272.753957023339,0.5168897889989582,1264
2746,1272.753957023339,0.5168897889989582,1264
2747,1272.753957023339,0.5168897889989582,1264
2748,1272.753957023339,0.5168897889989582,1264
2749,1272.753957023339,0.5168897889989582,1264
2750,1272.753957023339,0.5168897889989582,1264
2751,1272.753957023339,0.5168897889989582,1264
2752,1272.753957023339,0.5168897889989582,1264
2753,1272.753957023339,0.5168897889989582,1264
2754,1272.753957023339,0.5168897889989582,1264
2755,1272.753957023339,0.5168897889989582,1264
2756,1272.753957023339,0.5168897889989582,1264
2757,1272.753957023339,0.5168897889989582,1264
2758,1272.753957023339,0.5168897889989582,1264
2759,1272.753957023339,0.5168897889989582,1264
2760,1272.753957023339,0.5168897889989582,1264
2761,1272.753957023339,0.5168897889989582,1264
2762,1272.753957023339,0.5168897889989582,1264
2763,1272.753957023339,0.5168897889989582,1264
2764,1272.753957023339,0.5168897889989582,1264
2765,1272.753957023339,0.5168897889989582,1264
2766,1272.753957023339,0.5168897889989582,1264
2767,1272.753957023339,0.5168897889989582,1264
2768,1272.753957023339,0.5168897889989582,1264
2769,1272.753957023339,0.5168897889989582,1264
2770,1272.753957023339,0.5168897889989582,1264
2771,1272.753957023339,0.5168897889989582,1264
2772,1272.753957023339,0.5168897889989582,1264
2773,1272.753957023339,0.5168897889989582,1264
2774,1272.753957023339,0.5168897889989582,1264
2775,1291.758562072959,0.5166356471876893,1283
2776,1291.758562072959,0.5166356471876893,1283
2777,1291.758562072959,0.5166356471876893,1283
2778,1291.758562072959,0.5166356471876893,1283
2779,1291.758562072959,0.5166356471876893,1283
2780,1298.7602239381376,0.5165439327738605,1290
2781,1298.7602239381376,0.5165439327738605,1290
2782,1298.7602239381376,0.5165439327738605,1290
2783,1298.7602239381376,0.5165439327738605,1290
2784,1298.7602239381376,0.5165439327738605,1290
2785,1298.7602239381376,0.5165439327738605,1290
2786,1298.7602239381376,0.5165439327738605,1290
2787,1298.7602239381376,0.5165439327738605,1290
2788,1298.7602239381376,0.5165439327738605,1290
2789,1298.7602239381376,0.5165439327738605,1290
2790,1298.7602239381376,0.5165439327738605,1290
2791,1298.7602239381376,0.5165439327738605,1290
2792,1298.7602239381376,0.5165439327738605,1290
2793,1298.7602239381376,0.5165439327738605,1290
2794,1298.7602239381376,0.5165439327738605,1290
2795,1298.7602239381376,0.5165439327738605,1290
2796,1298.7602239381376,0.5165439327738605,1290
2797,1298.7602239381376,0.5165439327738605,1290
2798,1298.7602239381376,0.5165439327738605,1290
2799,1298.7602239381376,0.5165439327738605,1290
2800,1298.7602239381376,0.5165439327738605,1290
2801,1298.7602239381376,0.5165439327738605,1290
2802,1298.7602239381376,0.5165439327738605,1290
2803,1298.7602239381376,0.5165439327738605,1290
2804,1298.7602239381376,0.5165439327738605,1290
2805,1298.7602239381376,0.5165439327738605,1290
2806,1298.7602239381376,0.5165439327738605,1290
2807,1298.7602239381376,0.5165439327738605,1290
2808,1298.7602239381376,0.5165439327738605,1290
2809,1298.7602239381376,0.5165439327738605,1290
2810,1298.7602239381376,0.5165439327738605,1290
2811,1298.7602239381376,0.5165439327738605,1290
2812,1298.7602239381376,0.5165439327738605,1290
2813,1298.7602239381376,0.5165439327738605,1290
2814,1298.7602239381376,0.5165439327738605,1290
2815,1298.7602239381376,0.5165439327738605,1290
2816,1298.7602239381376,0.5165439327738605,1290
2817,1298.7602239381376,0.5165439327738605,1290
2818,1298.7602239381376,0.5165439327738605,1290
2819,1298.7602239381376,0.5165439327738605,1290
2820,1298.7602239381376,0.5165439327738605,1290
2821,1298.7602239381376,0.5165439327738605,1290
2822,1298.7602239381376,0.5165439327738605,1290
2823,1298.7602239381376,0.5165439327738605,1290
2824,1298.7602239381376,0.5165439327738605,1290
2825,1298.7602239381376,0.5165439327738605,1290
2826,1298.7602239381376,0.5165439327738605,1290
2827,1298.7602239381376,0.5165439327738605,1290
2828,1298.7602239381376,0.5165439327738605,1290
2829,1298.7602239381376,0.5165439327738605,1290
2830,1298.7602239381376,0.5165439327738605,1290
2831,1298.7602239381376,0.5165439327738605,1290
2832,1298.7602239381376,0.5165439327738605,1290
2833,1298.7602239381376,0.5165439327738605,1290
2834,1298.7602239381376,0.5165439327738605,1290
2835,1298.7602239381376,0.5165439327738605,1290
2836,1298.7602239381376,0.5165439327738605,1290
2837,1298.7602239381376,0.5165439327738605,1290
2838,1298.7602239381376,0.5165439327738605,1290
2839,1298.7602239381376,0.5165439327738605,1290
2840,1298.7602239381376,0.5165439327738605,1290
2841,1298.7602239381376,0.5165439327738605,1290
2842,1298.7602239381376,0.5165439327738605,1290
2843,1298.7602239381376,0.5165439327738605,1290
2844,1298.7602239381376,0.5165439327738605,1290
2845,1298.7602239381376,0.5165439327738605,1290
2846,1298.7602239381376,0.5165439327738605,1290
2847,1298.7602239381376,0.5165439327738605,1290
2848,1298.7602239381376,0.5165439327738605,1290
2849,1298.7602239381376,0.5165439327738605,1290
2850,1298.7602239381376,0.5165439327738605,1290
2851,1298.7602239381376,0.5165439327738605,1290
2852,1298.7602239381376,0.5165439327738605,1290
2853,1298.7602239381376,0.5165439327738605,1290
2854,1298.7602239381376,0.5165439327738605,1290
2855,1298.7602239381376,0.5165439327738605,1290
2856,1298.7602239381376,0.5165439327738605,1290
2857,1298.7602239381376,0.5165439327738605,1290
2858,1298.7602239381376,0.5165439327738605,1290
2859,1298.7602239381376,0.5165439327738605,1290
2860,1298.7602239381376,0.5165439327738605,1290
2861,1298.7602239381376,0.5165439327738605,1290
2862,1298.7602239381376,0.5165439327738605,1290
2863,1298.7602239381376,0.5165439327738605,1290
2864,1298.7602239381376,0.5165439327738605,1290
2865,1298.7602239381376,0.5165439327738605,1290
2866,1298.7602239381376,0.5165439327738605,1290
2867,1298.7602239381376,0.5165439327738605,1290
2868,1298.7602239381376,0.5165439327738605,1290
2869,1298.7602239381376,0.5165439327738605,1290
2870,1298.7602239381376,0.5165439327738605,1290
2871,1298.7602239381376,0.5165439327738605,1290
2872,1298.7602239381376,0.5165439327738605,1290
2873,1298.7602239381376,0.5165439327738605,1290
2874,1298.7602239381376,0.5165439327738605,1290
2875,1298.7602239381376,0.5165439327738605,1290
2876,1298.7602239381376,0.5165439327738605,1290
2877,1298.7602239381376,0.5165439327738605,1290
2878,1298.7602239381376,0.5165439327738605,1290
2879,1298.7602239381376,0.5165439327738605,1290
2880,1298.7602239381376,0.5165439327738605,1290
2881,1298.7602239381376,0.5165439327738605,1290
2882,1298.7602239381376,0.5165439327738605,1290
2883,1298.7602239381376,0.5165439327738605,1290
2884,1298.7602239381376,0.5165439327738605,1290
2885,1298.7602239381376,0.5165439327738605,1290
2886,1298.7602239381376,0.5165439327738605,1290
2887,1298.7602239381376,0.5165439327738605,1290
2888,1298.7602239381376,0.5165439327738605,1290
2889,1298.7602239381376,0.5165439327738605,1290
2890,1298.7602239381376,0.5165439327738605,1290
2891,1298.7602239381376,0.5165439327738605,1290
2892,1298.7602239381376,0.5165439327738605,1290
2893,1298.7602239381376,0.5165439327738605,1290
2894,1298.7602239381376,0.5165439327738605,1290
2895,1298.7602239381376,0.5165439327738605,1290
2896,1298.7602239381376,0.5165439327738605,1290
2897,1298.7602239381376,0.5165439327738605,1290
2898,1298.7602239381376,0.5165439327738605,1290
2899,1298.7602239381376,0.5165439327738605,1290
2900,1298.7602239381376,0.5165439327738605,1290
2901,1298.7602239381376,0.5165439327738605,1290
2902,1298.7602239381376,0.5165439327738605,1290
2903,1298.7602239381376,0.5165439327738605,1290
2904,1298.7602239381376,0.5165439327738605,1290
2905,1298.7602239381376,0.5165439327738605,1290
2906,1298.7602239381376,0.5165439327738605,1290
2907,1298.7602239381376,0.5165439327738605,1290
2908,1298.7602239381376,0.5165439327738605,1290
2909,1298.7602239381376,0.5165439327738605,1290
2910,1298.7602239381376,0.5165439327738605,1290
2911,1298.7602239381376,0.5165439327738605,1290
2912,1298.7602239381376,0.5165439327738605,1290
2913,1298.7602239381376,0.5165439327738605,1290
2914,1298.7602239381376,0.5165439327738605,1290
2915,1298.7602239381376,0.5165439327738605,1290
2916,1298.7602239381376,0.5165439327738605,1290
2917,1298.7602239381376,0.5165439327738605,1290
2918,1298.7602239381376,0.5165439327738605,1290
2919,1298.7602239381376,0.5165439327738605,1290
2920,1298.7602239381376,0.5165439327738605,1290
2921,1298.7602239381376,0.5165439327738605,1290
2922,1298.7602239381376,0.5165439327738605,1290
2923,1298.7602239381376,0.5165439327738605,1290
2924,1298.7602239381376,0.5165439327738605,1290
2925,1298.7602239381376,0.5165439327738605,1290
2926,1298.7602239381376,0.5165439327738605,1290
2927,1298.7602239381376,0.5165439327738605,1290
2928,1298.7602239381376,0.5165439327738605,1290
2929,1298.7602239381376,0.5165439327738605,1290
2930,1298.7602239381376,0.5165439327738605,1290
2931,1298.7602239381376,0.5165439327738605,1290
2932,1298.7602239381376,0.5165439327738605,1290
2933,1298.7602239381376,0.5165439327738605,1290
2934,1298.7602239381376,0.5165439327738605,1290
2935,1298.7602239381376,0.5165439327738605,1290
2936,1298.7602239381376,0.5165439327738605,1290
2937,1298.7602239381376,0.5165439327738605,1290
2938,1298.7602239381376,0.5165439327738605,1290
2939,1298.7602239381376,0.5165439327738605,1290
2940,1298.7602239381376,0.5165439327738605,1290
2941,1298.7602239381376,0.5165439327738605,1290
2942,1298.7602239381376,0.5165439327738605,1290
2943,1298.7602239381376,0.5165439327738605,1290
2944,1298.7602239381376,0.5165439327738605,1290
2945,1298.7602239381376,0.5165439327738605,1290
2946,1298.7602239381376,0.5165439327738605,1290
2947,1298.7602239381376,0.5165439327738605,1290
2948,1298.7602239381376,0.5165439327738605,1290
2949,1298.7602239381376,0.5165439327738605,1290
2950,1298.7602239381376,0.5165439327738605,1290
2951,1298.7602239381376,0.5165439327738605,1290
2952,1298.7602239381376,0.5165439327738605,1290
2953,1298.7602239381376,0.5165439327738605,1290
2954,1298.7602239381376,0.5165439327738605,1290
2955,1298.7602239381376,0.5165439327738605,1290
2956,1298.7602239381376,0.5165439327738605,1290
2957,1298.7602239381376,0.5165439327738605,1290
2958,1298.7602239381376,0.5165439327738605,1290
2959,1298.7602239381376,0.5165439327738605,1290
2960,1298.7602239381376,0.5165439327738605,1290
2961,1298.7602239381376,0.5165439327738605,1290
2962,1298.7602239381376,0.5165439327738605,1290
2963,1298.7602239381376,0.5165439327738605,1290
2964,1298.7602239381376,0.5165439327738605,1290
2965,1298.7602239381376,0.5165439327738605,1290
2966,1298.7602239381376,0.5165439327738605,1290
2967,1298.7602239381376,0.5165439327738605,1290
2968,1298.7602239381376,0.5165439327738605,1290
2969,1298.7602239381376,0.5165439327738605,1290
2970,1298.7602239381376,0.5165439327738605,1290
2971,1298.7602239381376,0.5165439327738605,1290
2972,1298.7602239381376,0.5165439327738605,1290
2973,1298.7602239381376,0.5165439327738605,1290
2974,1298.7602239381376,0.5165439327738605,1290
2975,1298.7602239381376,0.5165439327738605,1290
2976,1298.7602239381376,0.5165439327738605,1290
2977,1298.7602239381376,0.5165439327738605,1290
2978,1298.7602239381376,0.5165439327738605,1290
2979,1298.7602239381376,0.5165439327738605,1290
2980,1298.7602239381376,0.5165439327738605,1290
2981,1298.7602239381376,0.5165439327738605,1290
2982,1298.7602239381376,0.5165439327738605,1290
2983,1298.7602239381376,0.5165439327738605,1290
2984,1298.7602239381376,0.5165439327738605,1290
2985,1298.7602239381376,0.5165439327738605,1290
2986,1298.7602239381376,0.5165439327738605,1290
2987,1298.7602239381376,0.5165439327738605,1290
2988,1298.7602239381376,0.5165439327738605,1290
2989,1298.7602239381376,0.5165439327738605,1290
2990,1298.7602239381376,0.5165439327738605,1290
2991,1298.7602239381376,0.5165439327738605,1290
2992,1298.7602239381376,0.5165439327738605,1290
2993,1298.7602239381376,0.5165439327738605,1290
2994,1298.7602239381376,0.5165439327738605,1290
2995,1298.7602239381376,0.5165439327738605,1290
2996,1298.7602239381376,0.5165439327738605,1290
2997,1298.7602239381376,0.5165439327738605,1290
2998,1298.7602239381376,0.5165439327738605,1290
2999,1298.7602239381376,0.5165439327738605,1290
3000,1298.7602239381376,0.5165439327738605,1290
3001,1298.7602239381376,0.5165439327738605,1290
3002,1298.7602239381376,0.5165439327738605,1290
3003,1298.7602239381376,0.5165439327738605,1290
3004,1298.7602239381376,0.5165439327738605,1290
3005,1298.7602239381376,0.5165439327738605,1290
3006,1298.7602239381376,0.5165439327738605,1290
3007,1298.7602239381376,0.5165439327738605,1290
3008,1298.7602239381376,0.5165439327738605,1290
3009,1298.7602239381376,0.5165439327738605,1290
3010,1298.7602239381376,0.5165439327738605,1290
3011,1298.7602239381376,0.5165439327738605,1290
3012,1298.7602239381376,0.5165439327738605,1290
3013,1298.7602239381376,0.5165439327738605,1290
3014,1298.7602239381376,0.5165439327738605,1290
3015,1298.7602239381376,0.5165439327738605,1290
3016,1298.7602239381376,0.5165439327738605,1290
3017,1298.7602239381376,0.5165439327738605,1290
3018,1298.7602239381376,0.5165439327738605,1290
3019,1298.7602239381376,0.5165439327738605,1290
3020,1298.7602239381376,0.5165439327738605,1290
3021,1298.7602239381376,0.5165439327738605,1290
3022,1298.7602239381376,0.5165439327738605,1290
3023,1298.7602239381376,0.5165439327738605,1290
3024,1298.7602239381376,0.5165439327738605,1290
3025,1298.7602239381376,0.5165439327738605,1290
3026,1298.7602239381376,0.5165439327738605,1290
3027,1298.7602239381376,0.5165439327738605,1290
3028,1298.7602239381376,0.5165439327738605,1290
3029,1298.7602239381376,0.5165439327738605,1290
3030,1298.7602239381376,0.5165439327738605,1290
3031,1298.7602239381376,0.5165439327738605,1290
3032,1298.7602239381376,0.5165439327738605,1290
3033,1298.7602239381376,0.5165439327738605,1290
3034,1298.7602239381376,0.5165439327738605,1290
3035,1298.7602239381376,0.5165439327738605,1290
3036,1298.7602239381376,0.5165439327738605,1290
3037,1298.7602239381376,0.5165439327738605,1290
3038,1298.7602239381376,0.5165439327738605,1290
3039,1298.7602239381376,0.5165439327738605,1290
3040,1298.7602239381376,0.5165439327738605,1290
3041,1298.7602239381376,0.5165439327738605,1290
3042,1298.7602239381376,0.5165439327738605,1290
3043,1298.7602239381376,0.5165439327738605,1290
3044,1298.7602239381376,0.5165439327738605,1290
3045,1298.7602239381376,0.5165439327738605,1290
3046,1298.7602239381376,0.5165439327738605,1290
3047,1298.7602239381376,0.5165439327738605,1290
3048,1298.7602239381376,0.5165439327738605,1290
3049,1298.7602239381376,0.5165439327738605,1290
3050,1298.7602239381376,0.5165439327738605,1290
3051,1298.7602239381376,0.5165439327738605,1290
3052,1298.7602239381376,0.5165439327738605,1290
3053,1298.7602239381376,0.5165439327738605,1290
3054,1298.7602239381376,0.5165439327738605,1290
3055,1298.7602239381376,0.5165439327738605,1290
3056,1298.7602239381376,0.5165439327738605,1290
3057,1298.7602239381376,0.5165439327738605,1290
3058,1298.7602239381376,0.5165439327738605,1290
3059,1298.7602239381376,0.5165439327738605,1290
3060,1298.7602239381376,0.5165439327738605,1290
3061,1298.7602239381376,0.5165439327738605,1290
3062,1298.7602239381376,0.5165439327738605,1290
3063,1298.7602239381376,0.5165439327738605,1290
3064,1298.7602239381376,0.5165439327738605,1290
3065,1298.7602239381376,0.5165439327738605,1290
3066,1298.7602239381376,0.5165439327738605,1290
3067,1298.7602239381376,0.5165439327738605,1290
3068,1298.7602239381376,0.5165439327738605,1290
3069,1298.7602239381376,0.5165439327738605,1290
3070,1298.7602239381376,0.5165439327738605,1290
3071,1298.7602239381376,0.5165439327738605,1290
3072,1298.7602239381376,0.5165439327738605,1290
3073,1298.7602239381376,0.5165439327738605,1290
3074,1298.7602239381376,0.5165439327738605,1290
3075,1298.7602239381376,0.5165439327738605,1290
3076,1298.7602239381376,0.5165439327738605,1290
3077,1298.7602239381376,0.5165439327738605,1290
3078,1298.7602239381376,0.5165439327738605,1290
3079,1298.7602239381376,0.5165439327738605,1290
3080,1298.7602239381376,0.5165439327738605,1290
3081,1298.7602239381376,0.5165439327738605,1290
3082,1298.7602239381376,0.5165439327738605,1290
3083,1298.7602239381376,0.5165439327738605,1290
3084,1298.7602239381376,0.5165439327738605,1290
3085,1298.7602239381376,0.5165439327738605,1290
3086,1298.7602239381376,0.5165439327738605,1290
3087,1298.7602239381376,0.5165439327738605,1290
3088,1298.7602239381376,0.5165439327738605,1290
3089,1298.7602239381376,0.5165439327738605,1290
3090,1298.7602239381376,0.5165439327738605,1290
3091,1298.7602239381376,0.5165439327738605,1290
3092,1298.7602239381376,0.5165439327738605,1290
3093,1298.7602239381376,0.5165439327738605,1290
3094,1298.7602239381376,0.5165439327738605,1290
3095,1298.7602239381376,0.5165439327738605,1290
3096,1298.7602239381376,0.5165439327738605,1290
3097,1298.7602239381376,0.5165439327738605,1290
3098,1298.7602239381376,0.5165439327738605,1290
3099,1298.7602239381376,0.5165439327738605,1290
3100,1298.7602239381376,0.5165439327738605,1290
3101,1298.7602239381376,0.5165439327738605,1290
3102,1298.7602239381376,0.5165439327738605,1290
3103,1298.7602239381376,0.5165439327738605,1290
3104,1298.7602239381376,0.5165439327738605,1290
3105,1298.7602239381376,0.5165439327738605,1290
3106,1298.7602239381376,0.5165439327738605,1290
3107,1298.7602239381376,0.5165439327738605,1290
3108,1298.7602239381376,0.5165439327738605,1290
3109,1298.7602239381376,0.5165439327738605,1290
3110,1298.7602239381376,0.5165439327738605,1290
3111,1298.7602239381376,0.5165439327738605,1290
3112,1298.7602239381376,0.5165439327738605,1290
3113,1298.7602239381376,0.5165439327738605,1290
3114,1298.7602239381376,0.5165439327738605,1290
3115,1298.7602239381376,0.5165439327738605,1290
3116,1298.7602239381376,0.5165439327738605,1290
3117,1298.7602239381376,0.5165439327738605,1290
3118,1298.7602239381376,0.5165439327738605,1290
3119,1298.7602239381376,0.5165439327738605,1290
3120,1298.7602239381376,0.5165439327738605,1290
3121,1298.7602239381376,0.5165439327738605,1290
3122,1298.7602239381376,0.5165439327738605,1290
3123,1298.7602239381376,0.5165439327738605,1290
3124,1298.7602239381376,0.5165439327738605,1290
3125,1298.7602239381376,0.5165439327738605,1290
3126,1298.7602239381376,0.5165439327738605,1290
3127,1298.7602239381376,0.5165439327738605,1290
3128,1298.7602239381376,0.5165439327738605,1290
3129,1298.7602239381376,0.5165439327738605,1290
3130,1298.7602239381376,0.5165439327738605,1290
3131,1298.7602239381376,0.5165439327738605,1290
3132,1298.7602239381376,0.5165439327738605,1290
3133,1298.7602239381376,0.5165439327738605,1290
3134,1298.7602239381376,0.5165439327738605,1290
3135,1298.7602239381376,0.5165439327738605,1290
3136,1298.7602239381376,0.5165439327738605,1290
3137,1298.7602239381376,0.5165439327738605,1290
3138,1298.7602239381376,0.5165439327738605,1290
3139,1298.7602239381376,0.5165439327738605,1290
3140,1298.7602239381376,0.5165439327738605,1290
3141,1298.7602239381376,0.5165439327738605,1290
3142,1298.7602239381376,0.5165439327738605,1290
3143,1298.7602239381376,0.5165439327738605,1290
3144,1300.7606953973125,0.5165179140556055,1292
3145,1300.7606953973125,0.5165179140556055,1292
3146,1300.7606953973125,0.5165179140556055,1292
3147,1300.7606953973125,0.5165179140556055,1292
3148,1300.7606953973125,0.5165179140556055,1292
3149,1300.7606953973125,0.5165179140556055,1292
3150,1300.7606953973125,0.5165179140556055,1292
3151,1300.7606953973125,0.5165179140556055,1292
3152,1300.7606953973125,0.5165179140556055,1292
3153,1300.7606953973125,0.5165179140556055,1292
3154,1300.7606953973125,0.5165179140556055,1292
3155,1300.7606953973125,0.5165179140556055,1292
3156,1300.7606953973125,0.5165179140556055,1292
3157,1300.7606953973125,0.5165179140556055,1292
3158,1300.7606953973125,0.5165179140556055,1292
3159,1300.7606953973125,0.5165179140556055,1292
3160,1300.7606953973125,0.5165179140556055,1292
3161,1300.7606953973125,0.5165179140556055,1292
3162,1300.7606953973125,0.5165179140556055,1292
3163,1300.7606953973125,0.5165179140556055,1292
3164,1300.7606953973125,0.5165179140556055,1292
3165,1322.7657852645175,0.5162370163069803,1314
3166,1322.7657852645175,0.5162370163069803,1314
3167,1322.7657852645175,0.5162370163069803,1314
3168,1322.7657852645175,0.5162370163069803,1314
3169,1322.7657852645175,0.5162370163069803,1314
3170,1322.7657852645175,0.5162370163069803,1314
3171,1322.7657852645175,0.5162370163069803,1314
3172,1322.7657852645175,0.5162370163069803,1314
3173,1322.7657852645175,0.5162370163069803,1314
3174,1322.7657852645175,0.5162370163069803,1314
3175,1322.7657852645175,0.5162370163069803,1314
3176,1322.7657852645175,0.5162370163069803,1314
3177,1322.7657852645175,0.5162370163069803,1314
3178,1322.7657852645175,0.5162370163069803,1314
3179,1322.7657852645175,0.5162370163069803,1314
3180,1322.7657852645175,0.5162370163069803,1314
3181,1322.7657852645175,0.5162370163069803,1314
3182,1322.7657852645175,0.5162370163069803,1314
3183,1322.7657852645175,0.5162370163069803,1314
3184,1322.7657852645175,0.5162370163069803,1314
3185,1318.7648727467897,0.5162873760049869,1310
3186,1318.7648727467897,0.5162873760049869,1310
3187,1318.7648727467897,0.5162873760049869,1310
3188,1318.7648727467897,0.5162873760049869,1310
3189,1318.7648727467897,0.5162873760049869,1310
3190,1318.7648727467897,0.5162873760049869,1310
3191,1318.7648727467897,0.5162873760049869,1310
3192,1318.7648727467897,0.5162873760049869,1310
3193,1318.7648727467897,0.5162873760049869,1310
3194,1318.7648727467897,0.5162873760049869,1310
3195,1318.7648727467897,0.5162873760049869,1310
3196,1318.7648727467897,0.5162873760049869,1310
3197,1318.7648727467897,0.5162873760049869,1310
3198,1318.7648727467897,0.5162873760049869,1310
3199,1318.7648727467897,0.5162873760049869,1310
3200,1318.7648727467897,0.5162873760049869,1310
3201,1318.7648727467897,0.5162873760049869,1310
3202,1318.7648727467897,0.5162873760049869,1310
3203,1318.7648727467897,0.5162873760049869,1310
3204,1318.7648727467897,0.5162873760049869,1310
3205,1318.7648727467897,0.5162873760049869,1310
3206,1318.7648727467897,0.5162873760049869,1310
3207,1318.7648727467897,0.5162873760049869,1310
3208,1318.7648727467897,0.5162873760049869,1310
3209,1318.7648727467897,0.5162873760049869,1310
3210,1318.7648727467897,0.5162873760049869,1310
3211,1318.7648727467897,0.5162873760049869,1310
3212,1318.7648727467897,0.5162873760049869,1310
3213,1318.7648727467897,0.5162873760049869,1310
3214,1318.7648727467897,0.5162873760049869,1310
3215,1318.7648727467897,0.5162873760049869,1310
3216,1318.7648727467897,0.5162873760049869,1310
3217,1318.7648727467897,0.5162873760049869,1310
3218,1318.7648727467897,0.5162873760049869,1310
3219,1318.7648727467897,0.5162873760049869,1310
3220,1318.7648727467897,0.5162873760049869,1310
3221,1318.7648727467897,0.5162873760049869,1310
3222,1327.7669180089542,0.5161745028170978,1319
3223,1327.7669180089542,0.5161745028170978,1319
3224,1327.7669180089542,0.5161745028170978,1319
3225,1327.7669180089542,0.5161745028170978,1319
3226,1327.7669180089542,0.5161745028170978,1319
3227,1327.7669180089542,0.5161745028170978,1319
3228,1327.7669180089542,0.5161745028170978,1319
3229,1327.7669180089542,0.5161745028170978,1319
3230,1327.7669180089542,0.5161745028170978,1319
3231,1327.7669180089542,0.5161745028170978,1319
3232,1327.7669180089542,0.5161745028170978,1319
3233,1327.7669180089542,0.5161745028170978,1319
3234,1327.7669180089542,0.5161745028170978,1319
3235,1327.7669180089542,0.5161745028170978,1319
3236,1327.7669180089542,0.5161745028170978,1319
3237,1327.7669180089542,0.5161745028170978,1319
3238,1327.7669180089542,0.5161745028170978,1319
3239,1327.7669180089542,0.5161745028170978,1319
3240,1327.7669180089542,0.5161745028170978,1319
3241,1327.7669180089542,0.5161745028170978,1319
3242,1327.7669180089542,0.5161745028170978,1319
3243,1327.7669180089542,0.5161745028170978,1319
3244,1327.7669180089542,0.5161745028170978,1319
3245,1327.7669180089542,0.5161745028170978,1319
3246,1327.7669180089542,0.5161745028170978,1319
3247,1327.7669180089542,0.5161745028170978,1319
3248,1327.7669180089542,0.5161745028170978,1319
3249,1327.7669180089542,0.5161745028170978,1319
3250,1327.7669180089542,0.5161745028170978,1319
3251,1327.7669180089542,0.5161745028170978,1319
3252,1327.7669180089542,0.5161745028170978,1319
3253,1327.7669180089542,0.5161745028170978,1319
3254,1327.7669180089542,0.5161745028170978,1319
3255,1327.7669180089542,0.5161745028170978,1319
3256,1327.7669180089542,0.5161745028170978,1319
3257,1327.7669180089542,0.5161745028170978,1319
3258,1327.7669180089542,0.5161745028170978,1319
3259,1327.7669180089542,0.5161745028170978,1319
3260,1327.7669180089542,0.5161745028170978,1319
3261,1327.7669180089542,0.5161745028170978,1319
3262,1327.7669180089542,0.5161745028170978,1319
3263,1327.7669180089542,0.5161745028170978,1319
3264,1327.7669180089542,0.5161745028170978,1319
3265,1327.7669180089542,0.5161745028170978,1319
3266,1327.7669180089542,0.5161745028170978,1319
3267,1327.7669180089542,0.5161745028170978,1319
3268,1327.7669180089542,0.5161745028170978,1319
3269,1327.7669180089542,0.5161745028170978,1319
3270,1327.7669180089542,0.5161745028170978,1319
3271,1327.7669180089542,0.5161745028170978,1319
3272,1327.7669180089542,0.5161745028170978,1319
3273,1327.7669180089542,0.5161745028170978,1319
3274,1327.7669180089542,0.5161745028170978,1319
3275,1327.7669180089542,0.5161745028170978,1319
3276,1327.7669180089542,0.5161745028170978,1319
3277,1327.7669180089542,0.5161745028170978,1319
3278,1327.7669180089542,0.5161745028170978,1319
3279,1327.7669180089542,0.5161745028170978,1319
3280,1327.7669180089542,0.5161745028170978,1319
3281,1327.7669180089542,0.5161745028170978,1319
3282,1327.7669180089542,0.5161745028170978,1319
3283,1327.7669180089542,0.5161745028170978,1319
3284,1327.7669180089542,0.5161745028170978,1319
3285,1327.7669180089542,0.5161745028170978,1319
3286,1327.7669180089542,0.5161745028170978,1319
3287,1327.7669180089542,0.5161745028170978,1319
3288,1327.7669180089542,0.5161745028170978,1319
3289,1327.7669180089542,0.5161745028170978,1319
3290,1327.7669180089542,0.5161745028170978,1319
3291,1327.7669180089542,0.5161745028170978,1319
3292,1327.7669180089542,0.5161745028170978,1319
3293,1327.7669180089542,0.5161745028170978,1319
3294,1339.7696013436323,0.5160264159143301,1331
3295,1340.7698227392184,0.5160141976148844,1332
3296,1340.7698227392184,0.5160141976148844,1332
3297,1340.7698227392184,0.5160141976148844,1332
3298,1340.7698227392184,0.5160141976148844,1332
3299,1337.7691575376687,0.5160509085171843,1329
3300,1337.7691575376687,0.5160509085171843,1329
3301,1337.7691575376687,0.5160509085171843,1329
3302,1337.7691575376687,0.5160509085171843,1329
3303,1337.7691575376687,0.5160509085171843,1329
3304,1337.7691575376687,0.5160509085171843,1329
3305,1337.7691575376687,0.5160509085171843,1329
3306,1337.7691575376687,0.5160509085171843,1329
3307,1337.7691575376687,0.5160509085171843,1329
3308,1337.7691575376687,0.5160509085171843,1329
3309,1337.7691575376687,0.5160509085171843,1329
3310,1337.7691575376687,0.5160509085171843,1329
3311,1337.7691575376687,0.5160509085171843,1329
3312,1337.7691575376687,0.5160509085171843,1329
3313,1337.7691575376687,0.5160509085171843,1329
3314,1337.7691575376687,0.5160509085171843,1329
3315,1337.7691575376687,0.5160509085171843,1329
3316,1337.7691575376687,0.5160509085171843,1329
3317,1337.7691575376687,0.5160509085171843,1329
3318,1337.7691575376687,0.5160509085171843,1329
3319,1337.7691575376687,0.5160509085171843,1329
3320,1337.7691575376687,0.5160509085171843,1329
3321,1329.7673686688859,0.5161496319599442,1321
3322,1329.7673686688859,0.5161496319599442,1321
3323,1329.7673686688859,0.5161496319599442,1321
3324,1329.7673686688859,0.5161496319599442,1321
3325,1329.7673686688859,0.5161496319599442,1321
3326,1324.7662394111117,0.5162119530291523,1316
3327,1324.7662394111117,0.5162119530291523,1316
3328,1324.7662394111117,0.5162119530291523,1316
3329,1324.7662394111117,0.5162119530291523,1316
3330,1324.7662394111117,0.5162119530291523,1316
3331,1324.7662394111117,0.5162119530291523,1316
3332,1324.7662394111117,0.5162119530291523,1316
3333,1324.7662394111117,0.5162119530291523,1316
3334,1324.7662394111117,0.5162119530291523,1316
3335,1324.7662394111117,0.5162119530291523,1316
3336,1324.7662394111117,0.5162119530291523,1316
3337,1324.7662394111117,0.5162119530291523,1316
3338,1323.7660125131576,0.5162244749912979,1315
3339,1323.7660125131576,0.5162244749912979,1315
3340,1323.7660125131576,0.5162244749912979,1315
3341,1323.7660125131576,0.5162244749912979,1315
3342,1323.7660125131576,0.5162244749912979,1315
3343,1323.7660125131576,0.5162244749912979,1315
3344,1323.7660125131576,0.5162244749912979,1315
3345,1323.7660125131576,0.5162244749912979,1315
3346,1323.7660125131576,0.5162244749912979,1315
3347,1314.7639545525549,0.5163380489760037,1306
3348,1314.7639545525549,0.5163380489760037,1306
3349,1314.7639545525549,0.5163380489760037,1306
3350,1314.7639545525549,0.5163380489760037,1306
3351,1314.7639545525549,0.5163380489760037,1306
3352,1314.7639545525549,0.5163380489760037,1306
3353,1314.7639545525549,0.5163380489760037,1306
3354,1314.7639545525549,0.5163380489760037,1306
3355,1314.7639545525549,0.5163380489760037,1306
3356,1314.7639545525549,0.5163380489760037,1306
3357,1314.7639545525549,0.5163380489760037,1306
3358,1314.7639545525549,0.5163380489760037,1306
3359,1314.7639545525549,0.5163380489760037,1306
3360,1314.7639545525549,0.5163380489760037,1306
3361,1314.7639545525549,0.5163380489760037,1306
3362,1314.7639545525549,0.5163380489760037,1306
3363,1314.7639545525549,0.5163380489760037,1306
3364,1314.7639545525549,0.5163380489760037,1306
3365,1314.7639545525549,0.5163380489760037,1306
3366,1314.7639545525549,0.5163380489760037,1306
3367,1314.7639545525549,0.5163380489760037,1306
3368,1314.7639545525549,0.5163380489760037,1306
3369,1314.7639545525549,0.5163380489760037,1306
3370,1314.7639545525549,0.5163380489760037,1306
3371,1314.7639545525549,0.5163380489760037,1306
3372,1314.7639545525549,0.5163380489760037,1306
3373,1314.7639545525549,0.5163380489760037,1306
3374,1314.7639545525549,0.5163380489760037,1306
3375,1314.7639545525549,0.5163380489760037,1306
3376,1314.7639545525549,0.5163380489760037,1306
3377,1314.7639545525549,0.5163380489760037,1306
3378,1314.7639545525549,0.5163380489760037,1306
3379,1314.7639545525549,0.5163380489760037,1306
3380,1314.7639545525549,0.5163380489760037,1306
3381,1314.7639545525549,0.5163380489760037,1306
3382,1314.7639545525549,0.5163380489760037,1306
3383,1314.7639545525549,0.5163380489760037,1306
3384,1314.7639545525549,0.5163380489760037,1306
3385,1314.7639545525549,0.5163380489760037,1306
3386,1314.7639545525549,0.5163380489760037,1306
3387,1314.7639545525549,0.5163380489760037,1306
3388,1314.7639545525549,0.5163380489760037,1306
3389,1314.7639545525549,0.5163380489760037,1306
3390,1314.7639545525549,0.5163380489760037,1306
3391,1314.7639545525549,0.5163380489760037,1306
3392,1314.7639545525549,0.5163380489760037,1306
3393,1314.7639545525549,0.5163380489760037,1306
3394,1314.7639545525549,0.5163380489760037,1306
3395,1314.7639545525549,0.5163380489760037,1306
3396,1314.7639545525549,0.5163380489760037,1306
3397,1314.7639545525549,0.5163380489760037,1306
3398,1314.7639545525549,0.5163380489760037,1306
3399,1314.7639545525549,0.5163380489760037,1306
3400,1314.7639545525549,0.5163380489760037,1306
3401,1310.7630306286942,0.5163890381515315,1302
3402,1310.7630306286942,0.5163890381515315,1302
3403,1310.7630306286942,0.5163890381515315,1302
3404,1310.7630306286942,0.5163890381515315,1302
3405,1310.7630306286942,0.5163890381515315,1302
3406,1310.7630306286942,0.5163890381515315,1302
3407,1310.7630306286942,0.5163890381515315,1302
3408,1310.7630306286942,0.5163890381515315,1302
3409,1310.7630306286942,0.5163890381515315,1302
3410,1310.7630306286942,0.5163890381515315,1302
3411,1310.7630306286942,0.5163890381515315,1302
3412,1310.7630306286942,0.5163890381515315,1302
3413,1310.7630306286942,0.5163890381515315,1302
3414,1310.7630306286942,0.5163890381515315,1302
3415,1310.7630306286942,0.5163890381515315,1302
3416,1310.7630306286942,0.5163890381515315,1302
3417,1310.7630306286942,0.5163890381515315,1302
3418,1310.7630306286942,0.5163890381515315,1302
3419,1310.7630306286942,0.5163890381515315,1302
3420,1310.7630306286942,0.5163890381515315,1302
3421,1310.7630306286942,0.5163890381515315,1302
3422,1310.7630306286942,0.5163890381515315,1302
3423,1310.7630306286942,0.5163890381515315,1302
3424,1310.7630306286942,0.5163890381515315,1302
3425,1310.7630306286942,0.5163890381515315,1302
3426,1310.7630306286942,0.5163890381515315,1302
3427,1310.7630306286942,0.5163890381515315,1302
3428,1310.7630306286942,0.5163890381515315,1302
3429,1310.7630306286942,0.5163890381515315,1302
3430,1310.7630306286942,0.5163890381515315,1302
3431,1310.7630306286942,0.5163890381515315,1302
3432,1310.7630306286942,0.5163890381515315,1302
3433,1310.7630306286942,0.5163890381515315,1302
3434,1310.7630306286942,0.5163890381515315,1302
3435,1310.7630306286942,0.5163890381515315,1302
3436,1310.7630306286942,0.5163890381515315,1302
3437,1310.7630306286942,0.5163890381515315,1302
3438,1310.7630306286942,0.5163890381515315,1302
3439,1310.7630306286942,0.5163890381515315,1302
3440,1310.7630306286942,0.5163890381515315,1302
3441,1310.7630306286942,0.5163890381515315,1302
3442,1310.7630306286942,0.5163890381515315,1302
3443,1310.7630306286942,0.5163890381515315,1302
3444,1310.7630306286942,0.5163890381515315,1302
3445,1310.7630306286942,0.5163890381515315,1302
3446,1310.7630306286942,0.5163890381515315,1302
3447,1310.7630306286942,0.5163890381515315,1302
3448,1310.7630306286942,0.5163890381515315,1302
3449,1310.7630306286942,0.5163890381515315,1302
3450,1310.7630306286942,0.5163890381515315,1302
3451,1310.7630306286942,0.5163890381515315,1302
3452,1310.7630306286942,0.5163890381515315,1302
3453,1310.7630306286942,0.5163890381515315,1302
3454,1310.7630306286942,0.5163890381515315,1302
3455,1310.7630306286942,0.5163890381515315,1302
3456,1310.7630306286942,0.5163890381515315,1302
3457,1310.7630306286942,0.5163890381515315,1302
3458,1310.7630306286942,0.5163890381515315,1302
3459,1310.7630306286942,0.5163890381515315,1302
3460,1310.7630306286942,0.5163890381515315,1302
3461,1310.7630306286942,0.5163890381515315,1302
3462,1310.7630306286942,0.5163890381515315,1302
3463,1310.7630306286942,0.5163890381515315,1302
3464,1310.7630306286942,0.5163890381515315,1302
3465,1310.7630306286942,0.5163890381515315,1302
3466,1310.7630306286942,0.5163890381515315,1302
3467,1310.7630306286942,0.5163890381515315,1302
3468,1310.7630306286942,0.5163890381515315,1302
3469,1310.7630306286942,0.5163890381515315,1302
3470,1310.7630306286942,0.5163890381515315,1302
3471,1310.7630306286942,0.5163890381515315,1302
3472,1310.7630306286942,0.5163890381515315,1302
3473,1310.7630306286942,0.5163890381515315,1302
3474,1310.7630306286942,0.5163890381515315,1302
3475,1310.7630306286942,0.5163890381515315,1302
3476,1310.7630306286942,0.5163890381515315,1302
3477,1310.7630306286942,0.5163890381515315,1302
3478,1310.7630306286942,0.5163890381515315,1302
3479,1310.7630306286942,0.5163890381515315,1302
3480,1310.7630306286942,0.5163890381515315,1302
3481,1310.7630306286942,0.5163890381515315,1302
3482,1310.7630306286942,0.5163890381515315,1302
3483,1310.7630306286942,0.5163890381515315,1302
3484,1310.7630306286942,0.5163890381515315,1302
3485,1310.7630306286942,0.5163890381515315,1302
3486,1310.7630306286942,0.5163890381515315,1302
3487,1310.7630306286942,0.5163890381515315,1302
3488,1310.7630306286942,0.5163890381515315,1302
3489,1310.7630306286942,0.5163890381515315,1302
3490,1310.7630306286942,0.5163890381515315,1302
3491,1310.7630306286942,0.5163890381515315,1302
3492,1310.7630306286942,0.5163890381515315,1302
3493,1310.7630306286942,0.5163890381515315,1302
3494,1310.7630306286942,0.5163890381515315,1302
3495,1310.7630306286942,0.5163890381515315,1302
3496,1310.7630306286942,0.5163890381515315,1302
3497,1310.7630306286942,0.5163890381515315,1302
3498,1310.7630306286942,0.5163890381515315,1302
3499,1310.7630306286942,0.5163890381515315,1302
3500,1310.7630306286942,0.5163890381515315,1302
3501,1310.7630306286942,0.5163890381515315,1302
3502,1310.7630306286942,0.5163890381515315,1302
3503,1310.7630306286942,0.5163890381515315,1302
3504,1310.7630306286942,0.5163890381515315,1302
3505,1310.7630306286942,0.5163890381515315,1302
3506,1310.7630306286942,0.5163890381515315,1302
3507,1310.7630306286942,0.5163890381515315,1302
3508,1310.7630306286942,0.5163890381515315,1302
3509,1310.7630306286942,0.5163890381515315,1302
3510,1310.7630306286942,0.5163890381515315,1302
3511,1310.7630306286942,0.5163890381515315,1302
3512,1310.7630306286942,0.5163890381515315,1302
3513,1310.7630306286942,0.5163890381515315,1302
3514,1310.7630306286942,0.5163890381515315,1302
3515,1310.7630306286942,0.5163890381515315,1302
3516,1310.7630306286942,0.5163890381515315,1302
3517,1310.7630306286942,0.5163890381515315,1302
3518,1310.7630306286942,0.5163890381515315,1302
3519,1310.7630306286942,0.5163890381515315,1302
3520,1310.7630306286942,0.5163890381515315,1302
3521,1310.7630306286942,0.5163890381515315,1302
3522,1310.7630306286942,0.5163890381515315,1302
3523,1310.7630306286942,0.5163890381515315,1302
3524,1310.7630306286942,0.5163890381515315,1302
3525,1310.7630306286942,0.5163890381515315,1302
3526,1310.7630306286942,0.5163890381515315,1302
3527,1310.7630306286942,0.5163890381515315,1302
3528,1310.7630306286942,0.5163890381515315,1302
3529,1310.7630306286942,0.5163890381515315,1302
3530,1310.7630306286942,0.5163890381515315,1302
3531,1310.7630306286942,0.5163890381515315,1302
3532,1310.7630306286942,0.5163890381515315,1302
3533,1310.7630306286942,0.5163890381515315,1302
3534,1310.7630306286942,0.5163890381515315,1302
3535,1310.7630306286942,0.5163890381515315,1302
3536,1310.7630306286942,0.5163890381515315,1302
3537,1310.7630306286942,0.5163890381515315,1302
3538,1310.7630306286942,0.5163890381515315,1302
3539,1310.7630306286942,0.5163890381515315,1302
3540,1310.7630306286942,0.5163890381515315,1302
3541,1310.7630306286942,0.5163890381515315,1302
3542,1310.7630306286942,0.5163890381515315,1302
3543,1310.7630306286942,0.5163890381515315,1302
3544,1310.7630306286942,0.5163890381515315,1302
3545,1310.7630306286942,0.5163890381515315,1302
3546,1310.7630306286942,0.5163890381515315,1302
3547,1310.7630306286942,0.5163890381515315,1302
3548,1310.7630306286942,0.5163890381515315,1302
3549,1310.7630306286942,0.5163890381515315,1302
3550,1310.7630306286942,0.5163890381515315,1302
3551,1310.7630306286942,0.5163890381515315,1302
3552,1310.7630306286942,0.5163890381515315,1302
3553,1310.7630306286942,0.5163890381515315,1302
3554,1310.7630306286942,0.5163890381515315,1302
3555,1310.7630306286942,0.5163890381515315,1302
3556,1310.7630306286942,0.5163890381515315,1302
3557,1310.7630306286942,0.5163890381515315,1302
3558,1310.7630306286942,0.5163890381515315,1302
3559,1310.7630306286942,0.5163890381515315,1302
3560,1310.7630306286942,0.5163890381515315,1302
3561,1310.7630306286942,0.5163890381515315,1302
3562,1310.7630306286942,0.5163890381515315,1302
3563,1310.7630306286942,0.5163890381515315,1302
3564,1310.7630306286942,0.5163890381515315,1302
3565,1310.7630306286942,0.5163890381515315,1302
3566,1310.7630306286942,0.5163890381515315,1302
3567,1310.7630306286942,0.5163890381515315,1302
3568,1310.7630306286942,0.5163890381515315,1302
3569,1310.7630306286942,0.5163890381515315,1302
3570,1310.7630306286942,0.5163890381515315,1302
3571,1310.7630306286942,0.5163890381515315,1302
3572,1310.7630306286942,0.5163890381515315,1302
3573,1310.7630306286942,0.5163890381515315,1302
3574,1310.7630306286942,0.5163890381515315,1302
3575,1310.7630306286942,0.5163890381515315,1302
3576,1310.7630306286942,0.5163890381515315,1302
3577,1310.7630306286942,0.5163890381515315,1302
3578,1310.7630306286942,0.5163890381515315,1302
3579,1310.7630306286942,0.5163890381515315,1302
3580,1310.7630306286942,0.5163890381515315,1302
3581,1310.7630306286942,0.5163890381515315,1302
3582,1310.7630306286942,0.5163890381515315,1302
3583,1310.7630306286942,0.5163890381515315,1302
3584,1310.7630306286942,0.5163890381515315,1302
3585,1310.7630306286942,0.5163890381515315,1302
3586,1310.7630306286942,0.5163890381515315,1302
3587,1310.7630306286942,0.5163890381515315,1302
3588,1310.7630306286942,0.5163890381515315,1302
3589,1310.7630306286942,0.5163890381515315,1302
3590,1310.7630306286942,0.5163890381515315,1302
3591,1310.7630306286942,0.5163890381515315,1302
3592,1310.7630306286942,0.5163890381515315,1302
3593,1310.7630306286942,0.5163890381515315,1302
3594,1310.7630306286942,0.5163890381515315,1302
3595,1310.7630306286942,0.5163890381515315,1302
3596,1310.7630306286942,0.5163890381515315,1302
3597,1310.7630306286942,0.5163890381515315,1302
3598,1310.7630306286942,0.5163890381515315,1302
3599,1310.7630306286942,0.5163890381515315,1302
3600,1310.7630306286942,0.5163890381515315,1302
3601,1310.7630306286942,0.5163890381515315,1302
3602,1310.7630306286942,0.5163890381515315,1302
3603,1310.7630306286942,0.5163890381515315,1302
3604,1310.7630306286942,0.5163890381515315,1302
3605,1310.7630306286942,0.5163890381515315,1302
3606,1310.7630306286942,0.5163890381515315,1302
3607,1310.7630306286942,0.5163890381515315,1302
3608,1310.7630306286942,0.5163890381515315,1302
3609,1310.7630306286942,0.5163890381515315,1302
3610,1310.7630306286942,0.5163890381515315,1302
3611,1310.7630306286942,0.5163890381515315,1302
3612,1310.7630306286942,0.5163890381515315,1302
3613,1310.7630306286942,0.5163890381515315,1302
3614,1310.7630306286942,0.5163890381515315,1302
3615,1310.7630306286942,0.5163890381515315,1302
3616,1310.7630306286942,0.5163890381515315,1302
3617,1310.7630306286942,0.5163890381515315,1302
3618,1310.7630306286942,0.5163890381515315,1302
3619,1310.7630306286942,0.5163890381515315,1302
3620,1310.7630306286942,0.5163890381515315,1302
3621,1310.7630306286942,0.5163890381515315,1302
3622,1310.7630306286942,0.5163890381515315,1302
3623,1310.7630306286942,0.5163890381515315,1302
3624,1310.7630306286942,0.5163890381515315,1302
3625,1310.7630306286942,0.5163890381515315,1302
3626,1310.7630306286942,0.5163890381515315,1302
3627,1310.7630306286942,0.5163890381515315,1302
3628,1310.7630306286942,0.5163890381515315,1302
3629,1310.7630306286942,0.5163890381515315,1302
3630,1310.7630306286942,0.5163890381515315,1302
3631,1310.7630306286942,0.5163890381515315,1302
3632,1310.7630306286942,0.5163890381515315,1302
3633,1310.7630306286942,0.5163890381515315,1302
3634,1310.7630306286942,0.5163890381515315,1302
3635,1312.7634933101735,0.5163635038535587,1304
3636,1312.7634933101735,0.5163635038535587,1304
3637,1312.7634933101735,0.5163635038535587,1304
3638,1312.7634933101735,0.5163635038535587,1304
3639,1312.7634933101735,0.5163635038535587,1304
3640,1312.7634933101735,0.5163635038535587,1304
3641,1312.7634933101735,0.5163635038535587,1304
3642,1312.7634933101735,0.5163635038535587,1304
3643,1323.751782964278,0.5170097701833307,1315
3644,1323.751782964278,0.5170097701833307,1315
3645,1323.751782964278,0.5170097701833307,1315
3646,1323.751782964278,0.5170097701833307,1315
3647,1323.751782964278,0.5170097701833307,1315
3648,1323.751782964278,0.5170097701833307,1315
3649,1323.751782964278,0.5170097701833307,1315
3650,1323.751782964278,0.5170097701833307,1315
3651,1323.751782964278,0.5170097701833307,1315
3652,1323.751782964278,0.5170097701833307,1315
3653,1323.751782964278,0.5170097701833307,1315
3654,1323.751782964278,0.5170097701833307,1315
3655,1323.751782964278,0.5170097701833307,1315
3656,1323.751782964278,0.5170097701833307,1315
3657,1323.751782964278,0.5170097701833307,1315
3658,1323.751782964278,0.5170097701833307,1315
3659,1323.751782964278,0.5170097701833307,1315
3660,1323.751782964278,0.5170097701833307,1315
3661,1323.751782964278,0.5170097701833307,1315
3662,1323.751782964278,0.5170097701833307,1315
3663,1323.751782964278,0.5170097701833307,1315
3664,1323.751782964278,0.5170097701833307,1315
3665,1323.751782964278,0.5170097701833307,1315
3666,1323.751782964278,0.5170097701833307,1315
3667,1323.751782964278,0.5170097701833307,1315
3668,1323.751782964278,0.5170097701833307,1315
3669,1323.751782964278,0.5170097701833307,1315
3670,1323.751782964278,0.5170097701833307,1315
3671,1323.751782964278,0.5170097701833307,1315
3672,1323.751782964278,0.5170097701833307,1315
3673,1323.751782964278,0.5170097701833307,1315
3674,1323.751782964278,0.5170097701833307,1315
3675,1323.751782964278,0.5170097701833307,1315
3676,1323.751782964278,0.5170097701833307,1315
3677,1323.751782964278,0.5170097701833307,1315
3678,1323.751782964278,0.5170097701833307,1315
3679,1323.751782964278,0.5170097701833307,1315
3680,1323.751782964278,0.5170097701833307,1315
3681,1323.751782964278,0.5170097701833307,1315
3682,1323.751782964278,0.5170097701833307,1315
3683,1323.751782964278,0.5170097701833307,1315
3684,1323.751782964278,0.5170097701833307,1315
3685,1323.751782964278,0.5170097701833307,1315
3686,1323.751782964278,0.5170097701833307,1315
3687,1323.751782964278,0.5170097701833307,1315
3688,1323.751782964278,0.5170097701833307,1315
3689,1323.751782964278,0.5170097701833307,1315
3690,1323.751782964278,0.5170097701833307,1315
3691,1323.751782964278,0.5170097701833307,1315
3692,1323.751782964278,0.5170097701833307,1315
3693,1323.751782964278,0.5170097701833307,1315
3694,1323.751782964278,0.5170097701833307,1315
3695,1323.751782964278,0.5170097701833307,1315
3696,1323.751782964278,0.5170097701833307,1315
3697,1323.751782964278,0.5170097701833307,1315
3698,1323.751782964278,0.5170097701833307,1315
3699,1323.751782964278,0.5170097701833307,1315
3700,1323.751782964278,0.5170097701833307,1315
3701,1323.751782964278,0.5170097701833307,1315
3702,1323.751782964278,0.5170097701833307,1315
3703,1323.751782964278,0.5170097701833307,1315
3704,1323.751782964278,0.5170097701833307,1315
3705,1323.751782964278,0.5170097701833307,1315
3706,1323.751782964278,0.5170097701833307,1315
3707,1323.751782964278,0.5170097701833307,1315
3708,1323.751782964278,0.5170097701833307,1315
3709,1323.751782964278,0.5170097701833307,1315
3710,1323.751782964278,0.5170097701833307,1315
3711,1323.751782964278,0.5170097701833307,1315
3712,1323.751782964278,0.5170097701833307,1315
3713,1323.751782964278,0.5170097701833307,1315
3714,1323.751782964278,0.5170097701833307,1315
3715,1323.751782964278,0.5170097701833307,1315
3716,1323.751782964278,0.5170097701833307,1315
3717,1323.751782964278,0.5170097701833307,1315
3718,1323.751782964278,0.5170097701833307,1315
3719,1323.751782964278,0.5170097701833307,1315
3720,1323.751782964278,0.5170097701833307,1315
3721,1323.751782964278,0.5170097701833307,1315
3722,1323.751782964278,0.5170097701833307,1315
3723,1323.751782964278,0.5170097701833307,1315
3724,1323.751782964278,0.5170097701833307,1315
3725,1323.751782964278,0.5170097701833307,1315
3726,1323.751782964278,0.5170097701833307,1315
3727,1323.751782964278,0.5170097701833307,1315
3728,1323.751782964278,0.5170097701833307,1315
3729,1323.751782964278,0.5170097701833307,1315
3730,1323.751782964278,0.5170097701833307,1315
3731,1323.751782964278,0.5170097701833307,1315
3732,1323.751782964278,0.5170097701833307,1315
3733,1323.751782964278,0.5170097701833307,1315
3734,1323.751782964278,0.5170097701833307,1315
3735,1323.751782964278,0.5170097701833307,1315
3736,1323.751782964278,0.5170097701833307,1315
3737,1323.751782964278,0.5170097701833307,1315
3738,1312.7634933101735,0.5163635038535587,1304
3739,1312.7634933101735,0.5163635038535587,1304
3740,1312.7634933101735,0.5163635038535587,1304
3741,1312.7634933101735,0.5163635038535587,1304
3742,1312.7634933101735,0.5163635038535587,1304
3743,1312.7634933101735,0.5163635038535587,1304
3744,1312.7634933101735,0.5163635038535587,1304
3745,1312.7634933101735,0.5163635038535587,1304
3746,1312.7634933101735,0.5163635038535587,1304
3747,1312.7634933101735,0.5163635038535587,1304
3748,1312.7634933101735,0.5163635038535587,1304
3749,1312.7634933101735,0.5163635038535587,1304
3750,1312.7634933101735,0.5163635038535587,1304
3751,1312.7634933101735,0.5163635038535587,1304
3752,1312.7634933101735,0.5163635038535587,1304
3753,1312.7634933101735,0.5163635038535587,1304
3754,1312.7634933101735,0.5163635038535587,1304
3755,1312.7634933101735,0.5163635038535587,1304
3756,1312.7634933101735,0.5163635038535587,1304
3757,1312.7634933101735,0.5163635038535587,1304
3758,1312.7634933101735,0.5163635038535587,1304
3759,1312.7634933101735,0.5163635038535587,1304
3760,1312.7634933101735,0.5163635038535587,1304
3761,1312.7634933101735,0.5163635038535587,1304
3762,1312.7634933101735,0.5163635038535587,1304
3763,1312.7634933101735,0.5163635038535587,1304
3764,1312.7634933101735,0.5163635038535587,1304
3765,1312.7634933101735,0.5163635038535587,1304
3766,1312.7634933101735,0.5163635038535587,1304
3767,1312.7634933101735,0.5163635038535587,1304
3768,1312.7634933101735,0.5163635038535587,1304
3769,1312.7634933101735,0.5163635038535587,1304
3770,1312.7634933101735,0.5163635038535587,1304
3771,1312.7634933101735,0.5163635038535587,1304
3772,1312.7634933101735,0.5163635038535587,1304
3773,1312.7634933101735,0.5163635038535587,1304
3774,1312.7634933101735,0.5163635038535587,1304
3775,1312.7634933101735,0.5163635038535587,1304
3776,1312.7634933101735,0.5163635038535587,1304
3777,1312.7634933101735,0.5163635038535587,1304
3778,1312.7634933101735,0.5163635038535587,1304
3779,1312.7634933101735,0.5163635038535587,1304
3780,1312.7634933101735,0.5163635038535587,1304
3781,1312.7634933101735,0.5163635038535587,1304
3782,1312.7634933101735,0.5163635038535587,1304
3783,1312.7634933101735,0.5163635038535587,1304
3784,1312.7634933101735,0.5163635038535587,1304
3785,1312.7634933101735,0.5163635038535587,1304
3786,1312.7634933101735,0.5163635038535587,1304
3787,1312.7634933101735,0.5163635038535587,1304
3788,1312.7634933101735,0.5163635038535587,1304
3789,1312.7634933101735,0.5163635038535587,1304
3790,1312.7634933101735,0.5163635038535587,1304
3791,1312.7634933101735,0.5163635038535587,1304
3792,1312.7634933101735,0.5163635038535587,1304
3793,1312.7634933101735,0.5163635038535587,1304
3794,1304.7616338820196,0.5164661213013494,1296
3795,1304.7616338820196,0.5164661213013494,1296
3796,1304.7616338820196,0.5164661213013494,1296
3797,1304.7616338820196,0.5164661213013494,1296
3798,1304.7616338820196,0.5164661213013494,1296
3799,1304.7616338820196,0.5164661213013494,1296
3800,1304.7616338820196,0.5164661213013494,1296
3801,1304.7616338820196,0.5164661213013494,1296
3802,1304.7616338820196,0.5164661213013494,1296
3803,1304.7616338820196,0.5164661213013494,1296
3804,1304.7616338820196,0.5164661213013494,1296
3805,1304.7616338820196,0.5164661213013494,1296
3806,1304.7616338820196,0.5164661213013494,1296
3807,1304.7616338820196,0.5164661213013494,1296
3808,1304.7616338820196,0.5164661213013494,1296
3809,1306.7621009214245,0.5164403464997517,1298
3810,1306.7621009214245,0.5164403464997517,1298
3811,1306.7621009214245,0.5164403464997517,1298
3812,1306.7621009214245,0.5164403464997517,1298
3813,1306.7621009214245,0.5164403464997517,1298
3814,1306.7621009214245,0.5164403464997517,1298
3815,1306.7621009214245,0.5164403464997517,1298
3816,1306.7621009214245,0.5164403464997517,1298
3817,1306.7621009214245,0.5164403464997517,1298
3818,1306.7621009214245,0.5164403464997517,1298
3819,1306.7621009214245,0.5164403464997517,1298
3820,1306.7621009214245,0.5164403464997517,1298
3821,1306.7621009214245,0.5164403464997517,1298
3822,1306.7621009214245,0.5164403464997517,1298
3823,1306.7621009214245,0.5164403464997517,1298
3824,1306.7621009214245,0.5164403464997517,1298
3825,1306.7621009214245,0.5164403464997517,1298
3826,1306.7621009214245,0.5164403464997517,1298
3827,1306.7621009214245,0.5164403464997517,1298
3828,1306.7621009214245,0.5164403464997517,1298
3829,1306.7621009214245,0.5164403464997517,1298
3830,1306.7621009214245,0.5164403464997517,1298
3831,1306.7621009214245,0.5164403464997517,1298
3832,1306.7621009214245,0.5164403464997517,1298
3833,1306.7621009214245,0.5164403464997517,1298
3834,1306.7621009214245,0.5164403464997517,1298
3835,1306.7621009214245,0.5164403464997517,1298
3836,1306.7621009214245,0.5164403464997517,1298
3837,1306.7621009214245,0.5164403464997517,1298
3838,1306.7621009214245,0.5164403464997517,1298
3839,1306.7621009214245,0.5164403464997517,1298
3840,1306.7621009214245,0.5164403464997517,1298
3841,1306.7621009214245,0.5164403464997517,1298
3842,1306.7621009214245,0.5164403464997517,1298
3843,1306.7621009214245,0.5164403464997517,1298
3844,1306.7621009214245,0.5164403464997517,1298
3845,1306.7621009214245,0.5164403464997517,1298
3846,1306.7621009214245,0.5164403464997517,1298
3847,1306.7621009214245,0.5164403464997517,1298
3848,1306.7621009214245,0.5164403464997517,1298
3849,1306.7621009214245,0.5164403464997517,1298
3850,1306.7621009214245,0.5164403464997517,1298
3851,1306.7621009214245,0.5164403464997517,1298
3852,1306.7621009214245,0.5164403464997517,1298
3853,1306.7621009214245,0.5164403464997517,1298
3854,1306.7621009214245,0.5164403464997517,1298
3855,1306.7621009214245,0.5164403464997517,1298
3856,1306.7621009214245,0.5164403464997517,1298
3857,1306.7621009214245,0.5164403464997517,1298
3858,1306.7621009214245,0.5164403464997517,1298
3859,1306.7621009214245,0.5164403464997517,1298
3860,1306.7621009214245,0.5164403464997517,1298
3861,1306.7621009214245,0.5164403464997517,1298
3862,1306.7621009214245,0.5164403464997517,1298
3863,1306.7621009214245,0.5164403464997517,1298
3864,1306.7621009214245,0.5164403464997517,1298
3865,1306.7621009214245,0.5164403464997517,1298
3866,1306.7621009214245,0.5164403464997517,1298
3867,1306.7621009214245,0.5164403464997517,1298
3868,1306.7621009214245,0.5164403464997517,1298
3869,1306.7621009214245,0.5164403464997517,1298
3870,1306.7621009214245,0.5164403464997517,1298
3871,1306.7621009214245,0.5164403464997517,1298
3872,1306.7621009214245,0.5164403464997517,1298
3873,1306.7621009214245,0.5164403464997517,1298
3874,1306.7621009214245,0.5164403464997517,1298
3875,1306.7621009214245,0.5164403464997517,1298
3876,1306.7621009214245,0.5164403464997517,1298
3877,1306.7621009214245,0.5164403464997517,1298
3878,1306.7621009214245,0.5164403464997517,1298
3879,1306.7621009214245,0.5164403464997517,1298
3880,1306.7621009214245,0.5164403464997517,1298
3881,1306.7621009214245,0.5164403464997517,1298
3882,1306.7621009214245,0.5164403464997517,1298
3883,1306.7621009214245,0.5164403464997517,1298
3884,1306.7621009214245,0.5164403464997517,1298
3885,1306.7621009214245,0.5164403464997517,1298
3886,1306.7621009214245,0.5164403464997517,1298
3887,1306.7621009214245,0.5164403464997517,1298
3888,1306.7621009214245,0.5164403464997517,1298
3889,1306.7621009214245,0.5164403464997517,1298
3890,1306.7621009214245,0.5164403464997517,1298
3891,1306.7621009214245,0.5164403464997517,1298
3892,1309.7627987461872,0.5164018351993879,1301
3893,1309.7627987461872,0.5164018351993879,1301
3894,1309.7627987461872,0.5164018351993879,1301
3895,1309.7627987461872,0.5164018351993879,1301
3896,1309.7627987461872,0.5164018351993879,1301
3897,1309.7627987461872,0.5164018351993879,1301
3898,1309.7627987461872,0.5164018351993879,1301
3899,1309.7627987461872,0.5164018351993879,1301
3900,1309.7627987461872,0.5164018351993879,1301
3901,1309.7627987461872,0.5164018351993879,1301
3902,1309.7627987461872,0.5164018351993879,1301
3903,1309.7627987461872,0.5164018351993879,1301
3904,1309.7627987461872,0.5164018351993879,1301
3905,1309.7627987461872,0.5164018351993879,1301
3906,1309.7627987461872,0.5164018351993879,1301
3907,1309.7627987461872,0.5164018351993879,1301
3908,1309.7627987461872,0.5164018351993879,1301
3909,1309.7627987461872,0.5164018351993879,1301
3910,1310.7630306286942,0.5163890381515315,1302
3911,1310.7630306286942,0.5163890381515315,1302
3912,1310.7630306286942,0.5163890381515315,1302
3913,1310.7630306286942,0.5163890381515315,1302
3914,1310.7630306286942,0.5163890381515315,1302
3915,1310.7630306286942,0.5163890381515315,1302
3916,1310.7630306286942,0.5163890381515315,1302
3917,1310.7630306286942,0.5163890381515315,1302
3918,1284.75688168453,0.5167283838559512,1276
3919,1284.75688168453,0.5167283838559512,1276
3920,1284.75688168453,0.5167283838559512,1276
3921,1284.75688168453,0.5167283838559512,1276
3922,1284.75688168453,0.5167283838559512,1276
3923,1284.75688168453,0.5167283838559512,1276
3924,1284.75688168453,0.5167283838559512,1276
3925,1284.75688168453,0.5167283838559512,1276
3926,1284.75688168453,0.5167283838559512,1276
3927,1284.75688168453,0.5167283838559512,1276
3928,1284.75688168453,0.5167283838559512,1276
3929,1284.75688168453,0.5167283838559512,1276
3930,1284.75688168453,0.5167283838559512,1276
3931,1284.75688168453,0.5167283838559512,1276
3932,1284.75688168453,0.5167283838559512,1276
3933,1284.75688168453,0.5167283838559512,1276
3934,1284.75688168453,0.5167283838559512,1276
3935,1284.75688168453,0.5167283838559512,1276
3936,1284.75688168453,0.5167283838559512,1276
3937,1284.75688168453,0.5167283838559512,1276
3938,1284.75688168453,0.5167283838559512,1276
3939,1284.75688168453,0.5167283838559512,1276
3940,1284.75688168453,0.5167283838559512,1276
3941,1284.75688168453,0.5167283838559512,1276
3942,1284.75688168453,0.5167283838559512,1276
3943,1284.75688168453,0.5167283838559512,1276
3944,1284.75688168453,0.5167283838559512,1276
3945,1284.75688168453,0.5167283838559512,1276
3946,1284.75688168453,0.5167283838559512,1276
3947,1284.75688168453,0.5167283838559512,1276
3948,1283.756640098871,0.5167417163978417,1275
3949,1283.756640098871,0.5167417163978417,1275
3950,1283.756640098871,0.5167417163978417,1275
3951,1283.756640098871,0.5167417163978417,1275
3952,1283.756640098871,0.5167417163978417,1275
3953,1283.756640098871,0.5167417163978417,1275
3954,1283.756640098871,0.5167417163978417,1275
3955,1283.756640098871,0.5167417163978417,1275
3956,1283.756640098871,0.5167417163978417,1275
3957,1287.7576041389636,0.5166885133022322,1279
3958,1287.7576041389636,0.5166885133022322,1279
3959,1287.7576041389636,0.5166885133022322,1279
3960,1288.7578441926382,0.5166752653069462,1280
3961,1288.7578441926382,0.5166752653069462,1280
3962,1288.7578441926382,0.5166752653069462,1280
3963,1288.7578441926382,0.5166752653069462,1280
3964,1288.7578441926382,0.5166752653069462,1280
3965,1288.7578441926382,0.5166752653069462,1280
3966,1288.7578441926382,0.5166752653069462,1280
3967,1288.7578441926382,0.5166752653069462,1280
3968,1288.7578441926382,0.5166752653069462,1280
3969,1288.7578441926382,0.5166752653069462,1280
3970,1288.7578441926382,0.5166752653069462,1280
3971,1292.7588006091714,0.51662248293756,1284
3972,1314.7639545525549,0.5163380489760037,1306
3973,1314.7639545525549,0.5163380489760037,1306
3974,1290.7583231587325,0.5166488322995269,1282
3975,1290.7583231587325,0.5166488322995269,1282
3976,1290.7583231587325,0.5166488322995269,1282
3977,1290.7583231587325,0.5166488322995269,1282
3978,1290.7583231587325,0.5166488322995269,1282
3979,1290.7583231587325,0.5166488322995269,1282
3980,1290.7583231587325,0.5166488322995269,1282
3981,1290.7583231587325,0.5166488322995269,1282
3982,1290.7583231587325,0.5166488322995269,1282
3983,1290.7583231587325,0.5166488322995269,1282
3984,1290.7583231587325,0.5166488322995269,1282
3985,1290.7583231587325,0.5166488322995269,1282
3986,1290.7583231587325,0.5166488322995269,1282
3987,1290.7583231587325,0.5166488322995269,1282
3988,1290.7583231587325,0.5166488322995269,1282
3989,1290.7583231587325,0.5166488322995269,1282
3990,1290.7583231587325,0.5166488322995269,1282
3991,1290.7583231587325,0.5166488322995269,1282
3992,1290.7583231587325,0.5166488322995269,1282
3993,1290.7583231587325,0.5166488322995269,1282
3994,1290.7583231587325,0.5166488322995269,1282
3995,1290.7583231587325,0.5166488322995269,1282
3996,1290.7583231587325,0.5166488322995269,1282
3997,1290.7583231587325,0.5166488322995269,1282
3998,1290.7583231587325,0.5166488322995269,1282
3999,1290.7583231587325,0.5166488322995269,1282
4000,1290.7583231587325,0.5166488322995269,1282
4001,1290.7583231587325,0.5166488322995269,1282
4002,1290.7583231587325,0.5166488322995269,1282
4003,1290.7583231587325,0.5166488322995269,1282
4004,1290.7583231587325,0.5166488322995269,1282
4005,1290.7583231587325,0.5166488322995269,1282
4006,1290.7583231587325,0.5166488322995269,1282
4007,1290.7583231587325,0.5166488322995269,1282
4008,1290.7583231587325,0.5166488322995269,1282
4009,1290.7583231587325,0.5166488322995269,1282
4010,1290.7583231587325,0.5166488322995269,1282
4011,1290.7583231587325,0.5166488322995269,1282
4012,1290.7583231587325,0.5166488322995269,1282
4013,1290.7583231587325,0.5166488322995269,1282
4014,1291.758562072959,0.5166356471876893,1283
4015,1291.758562072959,0.5166356471876893,1283
4016,1291.758562072959,0.5166356471876893,1283
4017,1291.758562072959,0.5166356471876893,1283
4018,1291.758562072959,0.5166356471876893,1283
4019,1291.758562072959,0.5166356471876893,1283
4020,1291.758562072959,0.5166356471876893,1283
4021,1291.758562072959,0.5166356471876893,1283
4022,1291.758562072959,0.5166356471876893,1283
4023,1291.758562072959,0.5166356471876893,1283
4024,1291.758562072959,0.5166356471876893,1283
4025,1291.758562072959,0.5166356471876893,1283
4026,1290.7583231587325,0.5166488322995269,1282
4027,1290.7583231587325,0.5166488322995269,1282
4028,1290.7583231587325,0.5166488322995269,1282
4029,1290.7583231587325,0.5166488322995269,1282
4030,1290.7583231587325,0.5166488322995269,1282
4031,1290.7583231587325,0.5166488322995269,1282
4032,1290.7583231587325,0.5166488322995269,1282
4033,1290.7583231587325,0.5166488322995269,1282
4034,1290.7583231587325,0.5166488322995269,1282
4035,1290.7583231587325,0.5166488322995269,1282
4036,1290.7583231587325,0.5166488322995269,1282
4037,1290.7583231587325,0.5166488322995269,1282
4038,1290.7583231587325,0.5166488322995269,1282
4039,1322.7657852645175,0.5162370163069803,1314
4040,1322.7657852645175,0.5162370163069803,1314
4041,1322.7657852645175,0.5162370163069803,1314
4042,1322.7657852645175,0.5162370163069803,1314
4043,1322.7657852645175,0.5162370163069803,1314
4044,1322.7657852645175,0.5162370163069803,1314
4045,1322.7657852645175,0.5162370163069803,1314
4046,1322.7657852645175,0.5162370163069803,1314
4047,1322.7657852645175,0.5162370163069803,1314
4048,1322.7657852645175,0.5162370163069803,1314
4049,1322.7657852645175,0.5162370163069803,1314
4050,1322.7657852645175,0.5162370163069803,1314
4051,1322.7657852645175,0.5162370163069803,1314
4052,1322.7657852645175,0.5162370163069803,1314
4053,1322.7657852645175,0.5162370163069803,1314
4054,1322.7657852645175,0.5162370163069803,1314
4055,1322.7657852645175,0.5162370163069803,1314
4056,1322.7657852645175,0.5162370163069803,1314
4057,1322.7657852645175,0.5162370163069803,1314
4058,1322.7657852645175,0.5162370163069803,1314
4059,1322.7657852645175,0.5162370163069803,1314
4060,1322.7657852645175,0.5162370163069803,1314
4061,1322.7657852645175,0.5162370163069803,1314
4062,1322.7657852645175,0.5162370163069803,1314
4063,1322.7657852645175,0.5162370163069803,1314
4064,1322.7657852645175,0.5162370163069803,1314
4065,1322.7657852645175,0.5162370163069803,1314
4066,1322.7657852645175,0.5162370163069803,1314
4067,1322.7657852645175,0.5162370163069803,1314
4068,1322.7657852645175,0.5162370163069803,1314
4069,1322.7657852645175,0.5162370163069803,1314
4070,1322.7657852645175,0.5162370163069803,1314
4071,1323.7660125131576,0.5162244749912979,1315
4072,1323.7660125131576,0.5162244749912979,1315
4073,1323.7660125131576,0.5162244749912979,1315
4074,1323.7660125131576,0.5162244749912979,1315
4075,1323.7660125131576,0.5162244749912979,1315
4076,1323.7660125131576,0.5162244749912979,1315
4077,1323.7660125131576,0.5162244749912979,1315
4078,1323.7660125131576,0.5162244749912979,1315
4079,1323.7660125131576,0.5162244749912979,1315
4080,1323.7660125131576,0.5162244749912979,1315
4081,1323.7660125131576,0.5162244749912979,1315
4082,1323.7660125131576,0.5162244749912979,1315
4083,1323.7660125131576,0.5162244749912979,1315
4084,1323.7660125131576,0.5162244749912979,1315
4085,1323.7660125131576,0.5162244749912979,1315
4086,1323.7660125131576,0.5162244749912979,1315
4087,1323.7660125131576,0.5162244749912979,1315
4088,1323.7660125131576,0.5162244749912979,1315
4089,1323.7660125131576,0.5162244749912979,1315
4090,1323.7660125131576,0.5162244749912979,1315
4091,1323.7660125131576,0.5162244749912979,1315
4092,1323.7660125131576,0.5162244749912979,1315
4093,1323.7660125131576,0.5162244749912979,1315
4094,1323.7660125131576,0.5162244749912979,1315
4095,1323.7660125131576,0.5162244749912979,1315
4096,1323.7660125131576,0.5162244749912979,1315
4097,1323.7660125131576,0.5162244749912979,1315
4098,1323.7660125131576,0.5162244749912979,1315
4099,1323.7660125131576,0.5162244749912979,1315
4100,1323.7660125131576,0.5162244749912979,1315
4101,1323.7660125131576,0.5162244749912979,1315
4102,1324.7662394111117,0.5162119530291523,1316
4103,1316.76441436254,0.5163126731490032,1308
4104,1316.76441436254,0.5163126731490032,1308
4105,1285.7571228858214,0.5167150725264057,1277
4106,1285.7571228858214,0.5167150725264057,1277
4107,1285.7571228858214,0.5167150725264057,1277
4108,1285.7571228858214,0.5167150725264057,1277
4109,1285.7571228858214,0.5167150725264057,1277
4110,1285.7571228858214,0.5167150725264057,1277
4111,1285.7571228858214,0.5167150725264057,1277
4112,1285.7571228858214,0.5167150725264057,1277
4113,1290.7583231587325,0.5166488322995269,1282
4114,1287.7576041389636,0.5166885133022322,1279
4115,1287.7576041389636,0.5166885133022322,1279
4116,1287.7576041389636,0.5166885133022322,1279
4117,1279.7556698941291,0.5167952597059006,1271
4118,1279.7556698941291,0.5167952597059006,1271
4119,1279.7556698941291,0.5167952597059006,1271
4120,1279.7556698941291,0.5167952597059006,1271
4121,1279.7556698941291,0.5167952597059006,1271
4122,1279.7556698941291,0.5167952597059006,1271
4123,1279.7556698941291,0.5167952597059006,1271
4124,1279.7556698941291,0.5167952597059006,1271
4125,1279.7556698941291,0.5167952597059006,1271
4126,1279.7556698941291,0.5167952597059006,1271
4127,1279.7556698941291,0.5167952597059006,1271
4128,1272.753957023339,0.5168897889989582,1264
4129,1272.753957023339,0.5168897889989582,1264
4130,1272.753957023339,0.5168897889989582,1264
4131,1272.753957023339,0.5168897889989582,1264
4132,1272.753957023339,0.5168897889989582,1264
4133,1272.753957023339,0.5168897889989582,1264
4134,1272.753957023339,0.5168897889989582,1264
4135,1272.753957023339,0.5168897889989582,1264
4136,1272.753957023339,0.5168897889989582,1264
4137,1272.753957023339,0.5168897889989582,1264
4138,1272.753957023339,0.5168897889989582,1264
4139,1272.753957023339,0.5168897889989582,1264
4140,1272.753957023339,0.5168897889989582,1264
4141,1272.753957023339,0.5168897889989582,1264
4142,1272.753957023339,0.5168897889989582,1264
4143,1272.753957023339,0.5168897889989582,1264
4144,1272.753957023339,0.5168897889989582,1264
4145,1272.753957023339,0.5168897889989582,1264
4146,1272.753957023339,0.5168897889989582,1264
4147,1272.753957023339,0.5168897889989582,1264
4148,1272.753957023339,0.5168897889989582,1264
4149,1272.753957023339,0.5168897889989582,1264
4150,1272.753957023339,0.5168897889989582,1264
4151,1272.753957023339,0.5168897889989582,1264
4152,1272.753957023339,0.5168897889989582,1264
4153,1272.753957023339,0.5168897889989582,1264
4154,1272.753957023339,0.5168897889989582,1264
4155,1272.753957023339,0.5168897889989582,1264
4156,1272.753957023339,0.5168897889989582,1264
4157,1272.753957023339,0.5168897889989582,1264
4158,1272.753957023339,0.5168897889989582,1264
4159,1272.753957023339,0.5168897889989582,1264
4160,1272.753957023339,0.5168897889989582,1264
4161,1272.753957023339,0.5168897889989582,1264
4162,1272.753957023339,0.5168897889989582,1264
4163,1272.753957023339,0.5168897889989582,1264
4164,1272.753957023339,0.5168897889989582,1264
4165,1272.753957023339,0.5168897889989582,1264
4166,1272.753957023339,0.5168897889989582,1264
4167,1272.753957023339,0.5168897889989582,1264
4168,1272.753957023339,0.5168897889989582,1264
4169,1272.753957023339,0.5168897889989582,1264
4170,1272.753957023339,0.5168897889989582,1264
4171,1272.753957023339,0.5168897889989582,1264
4172,1272.753957023339,0.5168897889989582,1264
4173,1272.753957023339,0.5168897889989582,1264
4174,1272.753957023339,0.5168897889989582,1264
4175,1272.753957023339,0.5168897889989582,1264
4176,1272.753957023339,0.5168897889989582,1264
4177,1272.753957023339,0.5168897889989582,1264
4178,1272.753957023339,0.5168897889989582,1264
4179,1272.753957023339,0.5168897889989582,1264
4180,1272.753957023339,0.5168897889989582,1264
4181,1272.753957023339,0.5168897889989582,1264
4182,1272.753957023339,0.5168897889989582,1264
4183,1272.753957023339,0.5168897889989582,1264
4184,1272.753957023339,0.5168897889989582,1264
4185,1272.753957023339,0.5168897889989582,1264
4186,1272.753957023339,0.5168897889989582,1264
4187,1272.753957023339,0.5168897889989582,1264
4188,1272.753957023339,0.5168897889989582,1264
4189,1272.753957023339,0.5168897889989582,1264
4190,1272.753957023339,0.5168897889989582,1264
4191,1272.753957023339,0.5168897889989582,1264
4192,1272.753957023339,0.5168897889989582,1264
4193,1272.753957023339,0.5168897889989582,1264
4194,1272.753957023339,0.5168897889989582,1264
4195,1281.75615577077,0.5167684453217428,1273
4196,1281.75615577077,0.5167684453217428,1273
4197,1281.75615577077,0.5167684453217428,1273
4198,1281.75615577077,0.5167684453217428,1273
4199,1281.75615577077,0.5167684453217428,1273
4200,1281.75615577077,0.5167684453217428,1273
4201,1281.75615577077,0.5167684453217428,1273
4202,1281.75615577077,0.5167684453217428,1273
4203,1281.75615577077,0.5167684453217428,1273
4204,1281.75615577077,0.5167684453217428,1273
4205,1281.75615577077,0.5167684453217428,1273
4206,1281.75615577077,0.5167684453217428,1273
4207,1252.748955158839,0.5171658300861534,1244
4208,1252.748955158839,0.5171658300861534,1244
4209,1252.748955158839,0.5171658300861534,1244
4210,1254.7494626885161,0.5171378207220735,1246
4211,1254.7494626885161,0.5171378207220735,1246
4212,1254.7494626885161,0.5171378207220735,1246
4213,1254.7494626885161,0.5171378207220735,1246
4214,1247.747679049034,0.5172362555720654,1239
4215,1247.747679049034,0.5172362555720654,1239
4216,1247.747679049034,0.5172362555720654,1239
4217,1247.747679049034,0.5172362555720654,1239
4218,1247.747679049034,0.5172362555720654,1239
4219,1247.747679049034,0.5172362555720654,1239
4220,1247.747679049034,0.5172362555720654,1239
4221,1247.747679049034,0.5172362555720654,1239
4222,1247.747679049034,0.5172362555720654,1239
4223,1247.747679049034,0.5172362555720654,1239
4224,1247.747679049034,0.5172362555720654,1239
4225,1247.747679049034,0.5172362555720654,1239
4226,1247.747679049034,0.5172362555720654,1239
4227,1247.747679049034,0.5172362555720654,1239
4228,1247.747679049034,0.5172362555720654,1239
4229,1247.747679049034,0.5172362555720654,1239
4230,1247.747679049034,0.5172362555720654,1239
4231,1247.747679049034,0.5172362555720654,1239
4232,1247.747679049034,0.5172362555720654,1239
4233,1247.747679049034,0.5172362555720654,1239
4234,1247.747679049034,0.5172362555720654,1239
4235,1247.747679049034,0.5172362555720654,1239
4236,1247.747679049034,0.5172362555720654,1239
4237,1247.747679049034,0.5172362555720654,1239
4238,1247.747679049034,0.5172362555720654,1239
4239,1247.747679049034,0.5172362555720654,1239
4240,1247.747679049034,0.5172362555720654,1239
4241,1247.747679049034,0.5172362555720654,1239
4242,1247.747679049034,0.5172362555720654,1239
4243,1247.747679049034,0.5172362555720654,1239
4244,1247.747679049034,0.5172362555720654,1239
4245,1247.747679049034,0.5172362555720654,1239
4246,1247.747679049034,0.5172362555720654,1239
4247,1247.747679049034,0.5172362555720654,1239
4248,1247.747679049034,0.5172362555720654,1239
4249,1247.747679049034,0.5172362555720654,1239
4250,1247.747679049034,0.5172362555720654,1239
4251,1247.747679049034,0.5172362555720654,1239
4252,1247.747679049034,0.5172362555720654,1239
4253,1247.747679049034,0.5172362555720654,1239
4254,1247.747679049034,0.5172362555720654,1239
4255,1247.747679049034,0.5172362555720654,1239
4256,1247.747679049034,0.5172362555720654,1239
4257,1247.747679049034,0.5172362555720654,1239
4258,1247.747679049034,0.5172362555720654,1239
4259,1247.747679049034,0.5172362555720654,1239
4260,1247.747679049034,0.5172362555720654,1239
4261,1247.747679049034,0.5172362555720654,1239
4262,1247.747679049034,0.5172362555720654,1239
4263,1247.747679049034,0.5172362555720654,1239
4264,1247.747679049034,0.5172362555720654,1239
4265,1247.747679049034,0.5172362555720654,1239
4266,1247.747679049034,0.5172362555720654,1239
4267,1247.747679049034,0.5172362555720654,1239
4268,1247.747679049034,0.5172362555720654,1239
4269,1263.7517262310785,0.517012901154611,1255
4270,1263.7517262310785,0.517012901154611,1255
4271,1263.7517262310785,0.517012901154611,1255
4272,1263.7517262310785,0.517012901154611,1255
4273,1263.7517262310785,0.517012901154611,1255
4274,1263.7517262310785,0.517012901154611,1255
4275,1263.7517262310785,0.517012901154611,1255
4276,1263.7517262310785,0.517012901154611,1255
4277,1263.7517262310785,0.517012901154611,1255
4278,1263.7517262310785,0.517012901154611,1255
4279,1263.7517262310785,0.517012901154611,1255
4280,1263.7517262310785,0.517012901154611,1255
4281,1263.7517262310785,0.517012901154611,1255
4282,1263.7517262310785,0.517012901154611,1255
4283,1263.7517262310785,0.517012901154611,1255
4284,1263.7517262310785,0.517012901154611,1255
4285,1263.7517262310785,0.517012901154611,1255
4286,1263.7517262310785,0.517012901154611,1255
4287,1263.7517262310785,0.517012901154611,1255
4288,1263.7517262310785,0.517012901154611,1255
4289,1263.7517262310785,0.517012901154611,1255
4290,1263.7517262310785,0.517012901154611,1255
4291,1263.7517262310785,0.517012901154611,1255
4292,1263.7517262310785,0.517012901154611,1255
4293,1263.7517262310785,0.517012901154611,1255
4294,1263.7517262310785,0.517012901154611,1255
4295,1263.7517262310785,0.517012901154611,1255
4296,1263.7517262310785,0.517012901154611,1255
4297,1263.7517262310785,0.517012901154611,1255
4298,1263.7517262310785,0.517012901154611,1255
4299,1263.7517262310785,0.517012901154611,1255
4300,1263.7517262310785,0.517012901154611,1255
4301,1263.7517262310785,0.517012901154611,1255
4302,1263.7517262310785,0.517012901154611,1255
4303,1263.7517262310785,0.517012901154611,1255
4304,1263.7517262310785,0.517012901154611,1255
4305,1263.7517262310785,0.517012901154611,1255
4306,1263.7517262310785,0.517012901154611,1255
4307,1263.7517262310785,0.517012901154611,1255
4308,1263.7517262310785,0.517012901154611,1255
4309,1263.7517262310785,0.517012901154611,1255
4310,1263.7517262310785,0.517012901154611,1255
4311,1275.754693465434,0.516849146499227,1267
4312,1275.754693465434,0.516849146499227,1267
4313,1275.754693465434,0.516849146499227,1267
4314,1275.754693465434,0.516849146499227,1267
4315,1274.7544483787456,0.5168626722546641,1266
4316,1274.7544483787456,0.5168626722546641,1266
4317,1274.7544483787456,0.5168626722546641,1266
4318,1274.7544483787456,0.5168626722546641,1266
4319,1274.7544483787456,0.5168626722546641,1266
4320,1274.7544483787456,0.5168626722546641,1266
4321,1274.7544483787456,0.5168626722546641,1266
4322,1274.7544483787456,0.5168626722546641,1266
4323,1274.7544483787456,0.5168626722546641,1266
4324,1274.7544483787456,0.5168626722546641,1266
4325,1274.7544483787456,0.5168626722546641,1266
4326,1274.7544483787456,0.5168626722546641,1266
4327,1274.7544483787456,0.5168626722546641,1266
4328,1274.7544483787456,0.5168626722546641,1266
4329,1274.7544483787456,0.5168626722546641,1266
4330,1274.7544483787456,0.5168626722546641,1266
4331,1274.7544483787456,0.5168626722546641,1266
4332,1274.7544483787456,0.5168626722546641,1266
4333,1274.7544483787456,0.5168626722546641,1266
4334,1276.7549381593751,0.5168356424185927,1268
4335,1276.7549381593751,0.5168356424185927,1268
4336,1276.7549381593751,0.5168356424185927,1268
4337,1276.7549381593751,0.5168356424185927,1268
4338,1276.7549381593751,0.5168356424185927,1268
4339,1276.7549381593751,0.5168356424185927,1268
4340,1276.7549381593751,0.5168356424185927,1268
4341,1276.7549381593751,0.5168356424185927,1268
4342,1276.7549381593751,0.5168356424185927,1268
4343,1276.7549381593751,0.5168356424185927,1268
4344,1276.7549381593751,0.5168356424185927,1268
4345,1276.7549381593751,0.5168356424185927,1268
4346,1276.7549381593751,0.5168356424185927,1268
4347,1276.7549381593751,0.5168356424185927,1268
4348,1276.7549381593751,0.5168356424185927,1268
4349,1276.7549381593751,0.5168356424185927,1268
4350,1276.7549381593751,0.5168356424185927,1268
4351,1276.7549381593751,0.5168356424185927,1268
4352,1276.7549381593751,0.5168356424185927,1268
4353,1276.7549381593751,0.5168356424185927,1268
4354,1276.7549381593751,0.5168356424185927,1268
4355,1276.7549381593751,0.5168356424185927,1268
4356,1276.7549381593751,0.5168356424185927,1268
4357,1276.7549381593751,0.5168356424185927,1268
4358,1276.7549381593751,0.5168356424185927,1268
4359,1276.7549381593751,0.5168356424185927,1268
4360,1276.7549381593751,0.5168356424185927,1268
4361,1276.7549381593751,0.5168356424185927,1268
4362,1276.7549381593751,0.5168356424185927,1268
4363,1276.7549381593751,0.5168356424185927,1268
4364,1276.7549381593751,0.5168356424185927,1268
4365,1276.7549381593751,0.5168356424185927,1268
4366,1276.7549381593751,0.5168356424185927,1268
4367,1276.7549381593751,0.5168356424185927,1268
4368,1276.7549381593751,0.5168356424185927,1268
4369,1276.7549381593751,0.5168356424185927,1268
4370,1276.7549381593751,0.5168356424185927,1268
4371,1276.7549381593751,0.5168356424185927,1268
4372,1276.7549381593751,0.5168356424185927,1268
4373,1276.7549381593751,0.5168356424185927,1268
4374,1276.7549381593751,0.5168356424185927,1268
4375,1276.7549381593751,0.5168356424185927,1268
4376,1276.7549381593751,0.5168356424185927,1268
4377,1276.7549381593751,0.5168356424185927,1268
4378,1276.7549381593751,0.5168356424185927,1268
4379,1276.7549381593751,0.5168356424185927,1268
4380,1276.7549381593751,0.5168356424185927,1268
4381,1276.7549381593751,0.5168356424185927,1268
4382,1276.7549381593751,0.5168356424185927,1268
4383,1276.7549381593751,0.5168356424185927,1268
4384,1276.7549381593751,0.5168356424185927,1268
4385,1276.7549381593751,0.5168356424185927,1268
4386,1276.7549381593751,0.5168356424185927,1268
4387,1276.7549381593751,0.5168356424185927,1268
4388,1276.7549381593751,0.5168356424185927,1268
4389,1276.7549381593751,0.5168356424185927,1268
4390,1276.7549381593751,0.5168356424185927,1268
4391,1276.7549381593751,0.5168356424185927,1268
4392,1276.7549381593751,0.5168356424185927,1268
4393,1276.7549381593751,0.5168356424185927,1268
4394,1276.7549381593751,0.5168356424185927,1268
4395,1276.7549381593751,0.5168356424185927,1268
4396,1276.7549381593751,0.5168356424185927,1268
4397,1276.7549381593751,0.5168356424185927,1268
4398,1275.754693465434,0.516849146499227,1267
4399,1275.754693465434,0.516849146499227,1267
4400,1275.754693465434,0.516849146499227,1267
4401,1275.754693465434,0.516849146499227,1267
4402,1275.754693465434,0.516849146499227,1267
4403,1275.754693465434,0.516849146499227,1267
4404,1275.754693465434,0.516849146499227,1267
4405,1275.754693465434,0.516849146499227,1267
4406,1275.754693465434,0.516849146499227,1267
4407,1275.754693465434,0.516849146499227,1267
4408,1275.754693465434,0.516849146499227,1267
4409,1275.754693465434,0.516849146499227,1267
4410,1275.754693465434,0.516849146499227,1267
4411,1275.754693465434,0.516849146499227,1267
4412,1275.754693465434,0.516849146499227,1267
4413,1275.754693465434,0.516849146499227,1267
4414,1275.754693465434,0.516849146499227,1267
4415,1275.754693465434,0.516849146499227,1267
4416,1275.754693465434,0.516849146499227,1267
4417,1275.754693465434,0.516849146499227,1267
4418,1275.754693465434,0.516849146499227,1267
4419,1275.754693465434,0.516849146499227,1267
4420,1275.754693465434,0.516849146499227,1267
4421,1275.754693465434,0.516849146499227,1267
4422,1275.754693465434,0.516849146499227,1267
4423,1275.754693465434,0.516849146499227,1267
4424,1275.754693465434,0.516849146499227,1267
4425,1275.754693465434,0.516849146499227,1267
4426,1275.754693465434,0.516849146499227,1267
4427,1275.754693465434,0.516849146499227,1267
4428,1275.754693465434,0.516849146499227,1267
4429,1275.754693465434,0.516849146499227,1267
4430,1275.754693465434,0.516849146499227,1267
4431,1275.754693465434,0.516849146499227,1267
4432,1275.754693465434,0.516849146499227,1267
4433,1275.754693465434,0.516849146499227,1267
4434,1275.754693465434,0.516849146499227,1267
4435,1275.754693465434,0.516849146499227,1267
4436,1275.754693465434,0.516849146499227,1267
4437,1275.754693465434,0.516849146499227,1267
4438,1275.754693465434,0.516849146499227,1267
4439,1275.754693465434,0.516849146499227,1267
4440,1275.754693465434,0.516849146499227,1267
4441,1275.754693465434,0.516849146499227,1267
4442,1275.754693465434,0.516849146499227,1267
4443,1275.754693465434,0.516849146499227,1267
4444,1275.754693465434,0.516849146499227,1267
4445,1275.754693465434,0.516849146499227,1267
4446,1275.754693465434,0.516849146499227,1267
4447,1275.754693465434,0.516849146499227,1267
4448,1275.754693465434,0.516849146499227,1267
4449,1275.754693465434,0.516849146499227,1267
4450,1275.754693465434,0.516849146499227,1267
4451,1275.754693465434,0.516849146499227,1267
4452,1275.754693465434,0.516849146499227,1267
4453,1275.754693465434,0.516849146499227,1267
4454,1275.754693465434,0.516849146499227,1267
4455,1275.754693465434,0.516849146499227,1267
4456,1275.754693465434,0.516849146499227,1267
4457,1275.754693465434,0.516849146499227,1267
4458,1275.754693465434,0.516849146499227,1267
4459,1275.754693465434,0.516849146499227,1267
4460,1275.754693465434,0.516849146499227,1267
4461,1275.754693465434,0.516849146499227,1267
4462,1275.754693465434,0.516849146499227,1267
4463,1275.754693465434,0.516849146499227,1267
4464,1275.754693465434,0.516849146499227,1267
4465,1275.754693465434,0.516849146499227,1267
4466,1275.754693465434,0.516849146499227,1267
4467,1275.754693465434,0.516849146499227,1267
4468,1275.754693465434,0.516849146499227,1267
4469,1275.754693465434,0.516849146499227,1267
4470,1275.754693465434,0.516849146499227,1267
4471,1275.754693465434,0.516849146499227,1267
4472,1275.754693465434,0.516849146499227,1267
4473,1275.754693465434,0.516849146499227,1267
4474,1275.754693465434,0.516849146499227,1267
4475,1275.754693465434,0.516849146499227,1267
4476,1275.754693465434,0.516849146499227,1267
4477,1275.754693465434,0.516849146499227,1267
4478,1275.754693465434,0.516849146499227,1267
4479,1275.754693465434,0.516849146499227,1267
4480,1275.754693465434,0.516849146499227,1267
4481,1275.754693465434,0.516849146499227,1267
4482,1275.754693465434,0.516849146499227,1267
4483,1275.754693465434,0.516849146499227,1267
4484,1275.754693465434,0.516849146499227,1267
4485,1275.754693465434,0.516849146499227,1267
4486,1275.754693465434,0.516849146499227,1267
4487,1275.754693465434,0.516849146499227,1267
4488,1275.754693465434,0.516849146499227,1267
4489,1275.754693465434,0.516849146499227,1267
4490,1275.754693465434,0.516849146499227,1267
4491,1275.754693465434,0.516849146499227,1267
4492,1275.754693465434,0.516849146499227,1267
4493,1275.754693465434,0.516849146499227,1267
4494,1275.754693465434,0.516849146499227,1267
4495,1275.754693465434,0.516849146499227,1267
4496,1275.754693465434,0.516849146499227,1267
4497,1275.754693465434,0.516849146499227,1267
4498,1275.754693465434,0.516849146499227,1267
4499,1275.754693465434,0.516849146499227,1267
4500,1275.754693465434,0.516849146499227,1267
4501,1275.754693465434,0.516849146499227,1267
4502,1275.754693465434,0.516849146499227,1267
4503,1275.754693465434,0.516849146499227,1267
4504,1275.754693465434,0.516849146499227,1267
4505,1275.754693465434,0.516849146499227,1267
4506,1275.754693465434,0.516849146499227,1267
4507,1275.754693465434,0.516849146499227,1267
4508,1275.754693465434,0.516849146499227,1267
4509,1275.754693465434,0.516849146499227,1267
4510,1275.754693465434,0.516849146499227,1267
4511,1275.754693465434,0.516849146499227,1267
4512,1275.754693465434,0.516849146499227,1267
4513,1275.754693465434,0.516849146499227,1267
4514,1275.754693465434,0.516849146499227,1267
4515,1275.754693465434,0.516849146499227,1267
4516,1275.754693465434,0.516849146499227,1267
4517,1288.7578441926382,0.5166752653069462,1280
4518,1288.7578441926382,0.5166752653069462,1280
4519,1288.7578441926382,0.5166752653069462,1280
4520,1288.7578441926382,0.5166752653069462,1280
4521,1291.7439661386704,0.5174411623250272,1283
4522,1291.7439661386704,0.5174411623250272,1283
4523,1291.7439661386704,0.5174411623250272,1283
4524,1291.7439661386704,0.5174411623250272,1283
4525,1291.7439661386704,0.5174411623250272,1283
4526,1291.7439661386704,0.5174411623250272,1283
4527,1291.7439661386704,0.5174411623250272,1283
4528,1291.7439661386704,0.5174411623250272,1283
4529,1291.7439661386704,0.5174411623250272,1283
4530,1296.7452135425763,0.517372321049874,1288
4531,1296.7452135425763,0.517372321049874,1288
4532,1296.7452135425763,0.517372321049874,1288
4533,1296.7452135425763,0.517372321049874,1288
4534,1296.7452135425763,0.517372321049874,1288
4535,1296.7452135425763,0.517372321049874,1288
4536,1296.7452135425763,0.517372321049874,1288
4537,1296.7452135425763,0.517372321049874,1288
4538,1296.7452135425763,0.517372321049874,1288
4539,1296.7452135425763,0.517372321049874,1288
4540,1296.7452135425763,0.517372321049874,1288
4541,1296.7452135425763,0.517372321049874,1288
4542,1296.7452135425763,0.517372321049874,1288
4543,1296.7452135425763,0.517372321049874,1288
4544,1296.7452135425763,0.517372321049874,1288
4545,1296.7452135425763,0.517372321049874,1288
4546,1296.7452135425763,0.517372321049874,1288
4547,1296.7452135425763,0.517372321049874,1288
4548,1296.7452135425763,0.517372321049874,1288
4549,1296.7452135425763,0.517372321049874,1288
4550,1296.7452135425763,0.517372321049874,1288
4551,1296.7452135425763,0.517372321049874,1288
4552,1296.7452135425763,0.517372321049874,1288
4553,1272.7391344922517,0.517707809478383,1264
4554,1272.7391344922517,0.517707809478383,1264
4555,1272.7391344922517,0.517707809478383,1264
4556,1272.7391344922517,0.517707809478383,1264
4557,1272.7391344922517,0.517707809478383,1264
4558,1272.7391344922517,0.517707809478383,1264
4559,1272.7391344922517,0.517707809478383,1264
4560,1272.7391344922517,0.517707809478383,1264
4561,1272.7391344922517,0.517707809478383,1264
4562,1272.7391344922517,0.517707809478383,1264
4563,1272.7391344922517,0.517707809478383,1264
4564,1272.7391344922517,0.517707809478383,1264
4565,1272.7391344922517,0.517707809478383,1264
4566,1272.7391344922517,0.517707809478383,1264
4567,1272.7391344922517,0.517707809478383,1264
4568,1272.7391344922517,0.517707809478383,1264
4569,1272.7391344922517,0.517707809478383,1264
4570,1272.7391344922517,0.517707809478383,1264
4571,1272.7391344922517,0.517707809478383,1264
4572,1272.7391344922517,0.517707809478383,1264
4573,1272.7391344922517,0.517707809478383,1264
4574,1272.7391344922517,0.517707809478383,1264
4575,1272.7391344922517,0.517707809478383,1264
4576,1272.7391344922517,0.517707809478383,1264
4577,1272.7391344922517,0.517707809478383,1264
4578,1272.7391344922517,0.517707809478383,1264
4579,1272.7391344922517,0.517707809478383,1264
4580,1272.7391344922517,0.517707809478383,1264
4581,1272.7391344922517,0.517707809478383,1264
4582,1272.7391344922517,0.517707809478383,1264
4583,1272.7391344922517,0.517707809478383,1264
4584,1272.7391344922517,0.517707809478383,1264
4585,1272.7391344922517,0.517707809478383,1264
4586,1272.7391344922517,0.517707809478383,1264
4587,1272.7391344922517,0.517707809478383,1264
4588,1272.7391344922517,0.517707809478383,1264
4589,1272.7391344922517,0.517707809478383,1264
4590,1272.7391344922517,0.517707809478383,1264
4591,1272.7391344922517,0.517707809478383,1264
4592,1272.7391344922517,0.517707809478383,1264
4593,1272.7391344922517,0.517707809478383,1264
4594,1278.7406761541167,0.5176227288015055,1270
4595,1278.7406761541167,0.5176227288015055,1270
4596,1278.7406761541167,0.5176227288015055,1270
4597,1278.7406761541167,0.5176227288015055,1270
4598,1278.7406761541167,0.5176227288015055,1270
4599,1278.7406761541167,0.5176227288015055,1270
4600,1278.7406761541167,0.5176227288015055,1270
4601,1278.7406761541167,0.5176227288015055,1270
4602,1278.7406761541167,0.5176227288015055,1270
4603,1278.7406761541167,0.5176227288015055,1270
4604,1284.742203076923,0.5175384615384615,1276
4605,1284.742203076923,0.5175384615384615,1276
4606,1284.742203076923,0.5175384615384615,1276
4607,1284.742203076923,0.5175384615384615,1276
4608,1284.742203076923,0.5175384615384615,1276
4609,1284.742203076923,0.5175384615384615,1276
4610,1284.742203076923,0.5175384615384615,1276
4611,1284.742203076923,0.5175384615384615,1276
4612,1285.7424561459186,0.5175244952583578,1277
4613,1285.7424561459186,0.5175244952583578,1277
4614,1285.7424561459186,0.5175244952583578,1277
4615,1285.7424561459186,0.5175244952583578,1277
4616,1285.7424561459186,0.5175244952583578,1277
4617,1285.7424561459186,0.5175244952583578,1277
4618,1285.7424561459186,0.5175244952583578,1277
4619,1285.7424561459186,0.5175244952583578,1277
4620,1275.7399071788684,0.5176651667291193,1267
4621,1275.7399071788684,0.5176651667291193,1267
4622,1275.7399071788684,0.5176651667291193,1267
4623,1275.7399071788684,0.5176651667291193,1267
4624,1275.7399071788684,0.5176651667291193,1267
4625,1275.7399071788684,0.5176651667291193,1267
4626,1275.7399071788684,0.5176651667291193,1267
4627,1275.7399071788684,0.5176651667291193,1267
4628,1275.7399071788684,0.5176651667291193,1267
4629,1275.7399071788684,0.5176651667291193,1267
4630,1275.7399071788684,0.5176651667291193,1267
4631,1275.7399071788684,0.5176651667291193,1267
4632,1275.7399071788684,0.5176651667291193,1267
4633,1275.7399071788684,0.5176651667291193,1267
4634,1275.7399071788684,0.5176651667291193,1267
4635,1275.7399071788684,0.5176651667291193,1267
4636,1275.7399071788684,0.5176651667291193,1267
4637,1275.7399071788684,0.5176651667291193,1267
4638,1275.7399071788684,0.5176651667291193,1267
4639,1275.7399071788684,0.5176651667291193,1267
4640,1275.7399071788684,0.5176651667291193,1267
4641,1275.7399071788684,0.5176651667291193,1267
4642,1275.7399071788684,0.5176651667291193,1267
4643,1275.7399071788684,0.5176651667291193,1267
4644,1275.7399071788684,0.5176651667291193,1267
4645,1279.7409316590674,0.5176086280867808,1271
4646,1279.7409316590674,0.5176086280867808,1271
4647,1279.7409316590674,0.5176086280867808,1271
4648,1279.7409316590674,0.5176086280867808,1271
4649,1279.7409316590674,0.5176086280867808,1271
4650,1279.7409316590674,0.5176086280867808,1271
4651,1279.7409316590674,0.5176086280867808,1271
4652,1279.7409316590674,0.5176086280867808,1271
4653,1279.7409316590674,0.5176086280867808,1271
4654,1279.7409316590674,0.5176086280867808,1271
4655,1279.7409316590674,0.5176086280867808,1271
4656,1279.7409316590674,0.5176086280867808,1271
4657,1279.7409316590674,0.5176086280867808,1271
4658,1279.7409316590674,0.5176086280867808,1271
4659,1279.7409316590674,0.5176086280867808,1271
4660,1279.7409316590674,0.5176086280867808,1271
4661,1279.7409316590674,0.5176086280867808,1271
4662,1279.7409316590674,0.5176086280867808,1271
4663,1279.7409316590674,0.5176086280867808,1271
4664,1279.7409316590674,0.5176086280867808,1271
4665,1279.7409316590674,0.5176086280867808,1271
4666,1279.7409316590674,0.5176086280867808,1271
4667,1279.7409316590674,0.5176086280867808,1271
4668,1279.7409316590674,0.5176086280867808,1271
4669,1279.7409316590674,0.5176086280867808,1271
4670,1279.7409316590674,0.5176086280867808,1271
4671,1279.7409316590674,0.5176086280867808,1271
4672,1279.7409316590674,0.5176086280867808,1271
4673,1279.7409316590674,0.5176086280867808,1271
4674,1280.7411867555907,0.5175945499122192,1272
4675,1280.7411867555907,0.5175945499122192,1272
4676,1280.7411867555907,0.5175945499122192,1272
4677,1280.7411867555907,0.5175945499122192,1272
4678,1280.7411867555907,0.5175945499122192,1272
4679,1280.7411867555907,0.5175945499122192,1272
4680,1280.7411867555907,0.5175945499122192,1272
4681,1281.7414414446641,0.5175804942238348,1273
4682,1281.7414414446641,0.5175804942238348,1273
4683,1281.7414414446641,0.5175804942238348,1273
4684,1281.7414414446641,0.5175804942238348,1273
4685,1281.7414414446641,0.5175804942238348,1273
4686,1281.7414414446641,0.5175804942238348,1273
4687,1281.7414414446641,0.5175804942238348,1273
4688,1283.74194960436,0.517552450090513,1275
4689,1283.74194960436,0.517552450090513,1275
4690,1279.7409316590674,0.5176086280867808,1271
4691,1279.7409316590674,0.5176086280867808,1271
4692,1279.7409316590674,0.5176086280867808,1271
4693,1279.7409316590674,0.5176086280867808,1271
4694,1279.7409316590674,0.5176086280867808,1271
4695,1279.7409316590674,0.5176086280867808,1271
4696,1279.7409316590674,0.5176086280867808,1271
4697,1279.7409316590674,0.5176086280867808,1271
4698,1279.7409316590674,0.5176086280867808,1271
4699,1279.7409316590674,0.5176086280867808,1271
4700,1279.7409316590674,0.5176086280867808,1271
4701,1279.7409316590674,0.5176086280867808,1271
4702,1279.7409316590674,0.5176086280867808,1271
4703,1289.7434644054329,0.5174688517973088,1281
4704,1289.7434644054329,0.5174688517973088,1281
4705,1289.7434644054329,0.5174688517973088,1281
4706,1289.7434644054329,0.5174688517973088,1281
4707,1284.742203076923,0.5175384615384615,1276
4708,1284.742203076923,0.5175384615384615,1276
4709,1284.742203076923,0.5175384615384615,1276
4710,1284.742203076923,0.5175384615384615,1276
4711,1284.742203076923,0.5175384615384615,1276
4712,1284.742203076923,0.5175384615384615,1276
4713,1284.742203076923,0.5175384615384615,1276
4714,1277.7404202397568,0.5176368521105528,1269
4715,1277.7404202397568,0.5176368521105528,1269
4716,1277.7404202397568,0.5176368521105528,1269
4717,1277.7404202397568,0.5176368521105528,1269
4718,1277.7404202397568,0.5176368521105528,1269
4719,1277.7404202397568,0.5176368521105528,1269
4720,1277.7404202397568,0.5176368521105528,1269
4721,1277.7404202397568,0.5176368521105528,1269
4722,1277.7404202397568,0.5176368521105528,1269
4723,1277.7404202397568,0.5176368521105528,1269
4724,1277.7404202397568,0.5176368521105528,1269
4725,1277.7404202397568,0.5176368521105528,1269
4726,1277.7404202397568,0.5176368521105528,1269
4727,1277.7404202397568,0.5176368521105528,1269
4728,1277.7404202397568,0.5176368521105528,1269
4729,1277.7404202397568,0.5176368521105528,1269
4730,1277.7404202397568,0.5176368521105528,1269
4731,1277.7404202397568,0.5176368521105528,1269
4732,1277.7404202397568,0.5176368521105528,1269
4733,1275.754693465434,0.516849146499227,1267
4734,1275.754693465434,0.516849146499227,1267
4735,1275.754693465434,0.516849146499227,1267
4736,1275.754693465434,0.516849146499227,1267
4737,1267.7527216951441,0.5169579638441443,1259
4738,1267.7527216951441,0.5169579638441443,1259
4739,1267.7527216951441,0.5169579638441443,1259
4740,1266.752473432161,0.5169716648917752,1258
4741,1266.752473432161,0.5169716648917752,1258
4742,1266.752473432161,0.5169716648917752,1258
4743,1266.752473432161,0.5169716648917752,1258
4744,1266.752473432161,0.5169716648917752,1258
4745,1266.752473432161,0.5169716648917752,1258
4746,1266.752473432161,0.5169716648917752,1258
4747,1266.752473432161,0.5169716648917752,1258
4748,1266.752473432161,0.5169716648917752,1258
4749,1266.752473432161,0.5169716648917752,1258
4750,1266.752473432161,0.5169716648917752,1258
4751,1266.752473432161,0.5169716648917752,1258
4752,1266.752473432161,0.5169716648917752,1258
4753,1266.752473432161,0.5169716648917752,1258
4754,1266.752473432161,0.5169716648917752,1258
4755,1266.752473432161,0.5169716648917752,1258
4756,1266.752473432161,0.5169716648917752,1258
4757,1266.752473432161,0.5169716648917752,1258
4758,1266.752473432161,0.5169716648917752,1258
4759,1266.752473432161,0.5169716648917752,1258
4760,1266.752473432161,0.5169716648917752,1258
4761,1266.752473432161,0.5169716648917752,1258
4762,1266.752473432161,0.5169716648917752,1258
4763,1266.752473432161,0.5169716648917752,1258
4764,1266.752473432161,0.5169716648917752,1258
4765,1266.752473432161,0.5169716648917752,1258
4766,1266.752473432161,0.5169716648917752,1258
4767,1266.752473432161,0.5169716648917752,1258
4768,1266.752473432161,0.5169716648917752,1258
4769,1266.752473432161,0.5169716648917752,1258
4770,1266.752473432161,0.5169716648917752,1258
4771,1266.752473432161,0.5169716648917752,1258
4772,1266.752473432161,0.5169716648917752,1258
4773,1266.752473432161,0.5169716648917752,1258
4774,1266.752473432161,0.5169716648917752,1258
4775,1266.752473432161,0.5169716648917752,1258
4776,1266.752473432161,0.5169716648917752,1258
4777,1266.752473432161,0.5169716648917752,1258
4778,1266.752473432161,0.5169716648917752,1258
4779,1266.752473432161,0.5169716648917752,1258
4780,1266.752473432161,0.5169716648917752,1258
4781,1266.752473432161,0.5169716648917752,1258
4782,1266.752473432161,0.5169716648917752,1258
4783,1266.752473432161,0.5169716648917752,1258
4784,1266.752473432161,0.5169716648917752,1258
4785,1266.752473432161,0.5169716648917752,1258
4786,1266.752473432161,0.5169716648917752,1258
4787,1266.752473432161,0.5169716648917752,1258
4788,1266.752473432161,0.5169716648917752,1258
4789,1266.752473432161,0.5169716648917752,1258
4790,1266.752473432161,0.5169716648917752,1258
4791,1266.752473432161,0.5169716648917752,1258
4792,1266.752473432161,0.5169716648917752,1258
4793,1266.752473432161,0.5169716648917752,1258
4794,1266.752473432161,0.5169716648917752,1258
4795,1266.752473432161,0.5169716648917752,1258
4796,1266.752473432161,0.5169716648917752,1258
4797,1266.752473432161,0.5169716648917752,1258
4798,1266.752473432161,0.5169716648917752,1258
4799,1266.752473432161,0.5169716648917752,1258
4800,1266.752473432161,0.5169716648917752,1258
4801,1266.752473432161,0.5169716648917752,1258
4802,1266.752473432161,0.5169716648917752,1258
4803,1266.752473432161,0.5169716648917752,1258
4804,1266.752473432161,0.5169716648917752,1258
4805,1266.752473432161,0.5169716648917752,1258
4806,1266.752473432161,0.5169716648917752,1258
4807,1266.752473432161,0.5169716648917752,1258
4808,1266.752473432161,0.5169716648917752,1258
4809,1266.752473432161,0.5169716648917752,1258
4810,1266.752473432161,0.5169716648917752,1258
4811,1266.752473432161,0.5169716648917752,1258
4812,1266.752473432161,0.5169716648917752,1258
4813,1266.752473432161,0.5169716648917752,1258
4814,1266.752473432161,0.5169716648917752,1258
4815,1266.752473432161,0.5169716648917752,1258
4816,1266.752473432161,0.5169716648917752,1258
4817,1266.752473432161,0.5169716648917752,1258
4818,1266.752473432161,0.5169716648917752,1258
4819,1266.752473432161,0.5169716648917752,1258
4820,1266.752473432161,0.5169716648917752,1258
4821,1266.752473432161,0.5169716648917752,1258
4822,1266.752473432161,0.5169716648917752,1258
4823,1266.752473432161,0.5169716648917752,1258
4824,1266.752473432161,0.5169716648917752,1258
4825,1266.752473432161,0.5169716648917752,1258
4826,1266.752473432161,0.5169716648917752,1258
4827,1266.752473432161,0.5169716648917752,1258
4828,1266.752473432161,0.5169716648917752,1258
4829,1266.752473432161,0.5169716648917752,1258
4830,1266.752473432161,0.5169716648917752,1258
4831,1266.752473432161,0.5169716648917752,1258
4832,1266.752473432161,0.5169716648917752,1258
4833,1266.752473432161,0.5169716648917752,1258
4834,1266.752473432161,0.5169716648917752,1258
4835,1266.752473432161,0.5169716648917752,1258
4836,1266.752473432161,0.5169716648917752,1258
4837,1266.752473432161,0.5169716648917752,1258
4838,1266.752473432161,0.5169716648917752,1258
4839,1266.752473432161,0.5169716648917752,1258
4840,1266.752473432161,0.5169716648917752,1258
4841,1266.752473432161,0.5169716648917752,1258
4842,1266.752473432161,0.5169716648917752,1258
4843,1266.752473432161,0.5169716648917752,1258
4844,1266.752473432161,0.5169716648917752,1258
4845,1266.752473432161,0.5169716648917752,1258
4846,1266.752473432161,0.5169716648917752,1258
4847,1266.752473432161,0.5169716648917752,1258
4848,1266.752473432161,0.5169716648917752,1258
4849,1266.752473432161,0.5169716648917752,1258
4850,1266.752473432161,0.5169716648917752,1258
4851,1266.752473432161,0.5169716648917752,1258
4852,1266.752473432161,0.5169716648917752,1258
4853,1266.752473432161,0.5169716648917752,1258
4854,1266.752473432161,0.5169716648917752,1258
4855,1266.752473432161,0.5169716648917752,1258
4856,1266.752473432161,0.5169716648917752,1258
4857,1266.752473432161,0.5169716648917752,1258
4858,1263.7517262310785,0.517012901154611,1255
4859,1263.7517262310785,0.517012901154611,1255
4860,1263.7517262310785,0.517012901154611,1255
4861,1263.7517262310785,0.517012901154611,1255
4862,1263.7517262310785,0.517012901154611,1255
4863,1263.7517262310785,0.517012901154611,1255
4864,1263.7517262310785,0.517012901154611,1255
4865,1263.7517262310785,0.517012901154611,1255
4866,1263.7517262310785,0.517012901154611,1255
4867,1263.7517262310785,0.517012901154611,1255
4868,1263.7517262310785,0.517012901154611,1255
4869,1263.7517262310785,0.517012901154611,1255
4870,1263.7517262310785,0.517012901154611,1255
4871,1263.7517262310785,0.517012901154611,1255
4872,1263.7517262310785,0.517012901154611,1255
4873,1263.7517262310785,0.517012901154611,1255
4874,1263.7517262310785,0.517012901154611,1255
4875,1263.7517262310785,0.517012901154611,1255
4876,1263.7517262310785,0.517012901154611,1255
4877,1263.7517262310785,0.517012901154611,1255
4878,1263.7517262310785,0.517012901154611,1255
4879,1263.7517262310785,0.517012901154611,1255
4880,1263.7517262310785,0.517012901154611,1255
4881,1258.7504727966843,0.5170820752381722,1250
4882,1258.7504727966843,0.5170820752381722,1250
4883,1258.7504727966843,0.5170820752381722,1250
4884,1258.7504727966843,0.5170820752381722,1250
4885,1252.748955158839,0.5171658300861534,1244
4886,1254.7494626885161,0.5171378207220735,1246
4887,1254.7494626885161,0.5171378207220735,1246
4888,1254.7494626885161,0.5171378207220735,1246
4889,1254.7494626885161,0.5171378207220735,1246
4890,1254.7494626885161,0.5171378207220735,1246
4891,1254.7494626885161,0.5171378207220735,1246
4892,1246.747422569911,0.5172504100490709,1238
4893,1246.747422569911,0.5172504100490709,1238
4894,1246.747422569911,0.5172504100490709,1238
4895,1246.747422569911,0.5172504100490709,1238
4896,1246.747422569911,0.5172504100490709,1238
4897,1246.747422569911,0.5172504100490709,1238
4898,1246.747422569911,0.5172504100490709,1238
4899,1246.747422569911,0.5172504100490709,1238
4900,1246.747422569911,0.5172504100490709,1238
4901,1246.747422569911,0.5172504100490709,1238
4902,1246.747422569911,0.5172504100490709,1238
4903,1246.747422569911,0.5172504100490709,1238
4904,1246.747422569911,0.5172504100490709,1238
4905,1246.747422569911,0.5172504100490709,1238
4906,1246.747422569911,0.5172504100490709,1238
4907,1246.747422569911,0.5172504100490709,1238
4908,1246.747422569911,0.5172504100490709,1238
4909,1246.747422569911,0.5172504100490709,1238
4910,1246.747422569911,0.5172504100490709,1238
4911,1246.747422569911,0.5172504100490709,1238
4912,1246.747422569911,0.5172504100490709,1238
4913,1246.747422569911,0.5172504100490709,1238
4914,1246.747422569911,0.5172504100490709,1238
4915,1246.747422569911,0.5172504100490709,1238
4916,1246.747422569911,0.5172504100490709,1238
4917,1246.747422569911,0.5172504100490709,1238
4918,1246.747422569911,0.5172504100490709,1238
4919,1246.747422569911,0.5172504100490709,1238
4920,1246.747422569911,0.5172504100490709,1238
4921,1246.747422569911,0.5172504100490709,1238
4922,1246.747422569911,0.5172504100490709,1238
4923,1246.747422569911,0.5172504100490709,1238
4924,1246.747422569911,0.5172504100490709,1238
4925,1246.747422569911,0.5172504100490709,1238
4926,1246.747422569911,0.5172504100490709,1238
4927,1246.747422569911,0.5172504100490709,1238
4928,1246.747422569911,0.5172504100490709,1238
4929,1246.747422569911,0.5172504100490709,1238
4930,1246.747422569911,0.5172504100490709,1238
4931,1246.747422569911,0.5172504100490709,1238
4932,1246.747422569911,0.5172504100490709,1238
4933,1246.747422569911,0.5172504100490709,1238
4934,1246.747422569911,0.5172504100490709,1238
4935,1246.747422569911,0.5172504100490709,1238
4936,1246.747422569911,0.5172504100490709,1238
4937,1246.747422569911,0.5172504100490709,1238
4938,1246.747422569911,0.5172504100490709,1238
4939,1246.747422569911,0.5172504100490709,1238
4940,1246.747422569911,0.5172504100490709,1238
4941,1246.747422569911,0.5172504100490709,1238
4942,1246.747422569911,0.5172504100490709,1238
4943,1246.747422569911,0.5172504100490709,1238
4944,1246.747422569911,0.5172504100490709,1238
4945,1246.747422569911,0.5172504100490709,1238
4946,1246.747422569911,0.5172504100490709,1238
4947,1246.747422569911,0.5172504100490709,1238
4948,1246.747422569911,0.5172504100490709,1238
4949,1246.747422569911,0.5172504100490709,1238
4950,1248.7328161034172,0.5180565064339275,1240
4951,1248.7328161034172,0.5180565064339275,1240
4952,1248.7328161034172,0.5180565064339275,1240
4953,1248.7328161034172,0.5180565064339275,1240
4954,1248.7328161034172,0.5180565064339275,1240
4955,1248.7328161034172,0.5180565064339275,1240
4956,1248.7328161034172,0.5180565064339275,1240
4957,1248.7328161034172,0.5180565064339275,1240
4958,1248.7328161034172,0.5180565064339275,1240
4959,1248.7328161034172,0.5180565064339275,1240
4960,1248.7328161034172,0.5180565064339275,1240
4961,1248.7328161034172,0.5180565064339275,1240
4962,1248.7328161034172,0.5180565064339275,1240
4963,1248.7328161034172,0.5180565064339275,1240
4964,1248.7328161034172,0.5180565064339275,1240
4965,1248.7328161034172,0.5180565064339275,1240
4966,1248.7328161034172,0.5180565064339275,1240
4967,1248.7328161034172,0.5180565064339275,1240
4968,1248.7328161034172,0.5180565064339275,1240
4969,1248.7328161034172,0.5180565064339275,1240
4970,1248.7328161034172,0.5180565064339275,1240
4971,1248.7328161034172,0.5180565064339275,1240
4972,1248.7328161034172,0.5180565064339275,1240
4973,1248.7328161034172,0.5180565064339275,1240
4974,1248.7328161034172,0.5180565064339275,1240
4975,1248.7328161034172,0.5180565064339275,1240
4976,1248.7328161034172,0.5180565064339275,1240
4977,1248.7328161034172,0.5180565064339275,1240
4978,1248.7328161034172,0.5180565064339275,1240
4979,1248.7328161034172,0.5180565064339275,1240
4980,1248.7328161034172,0.5180565064339275,1240
4981,1248.7328161034172,0.5180565064339275,1240
4982,1248.7328161034172,0.5180565064339275,1240
4983,1248.7328161034172,0.5180565064339275,1240
4984,1248.7328161034172,0.5180565064339275,1240
4985,1248.7328161034172,0.5180565064339275,1240
4986,1248.7328161034172,0.5180565064339275,1240
4987,1248.7328161034172,0.5180565064339275,1240
4988,1248.7328161034172,0.5180565064339275,1240
4989,1248.7328161034172,0.5180565064339275,1240
4990,1248.7328161034172,0.5180565064339275,1240
4991,1248.7328161034172,0.5180565064339275,1240
4992,1248.7328161034172,0.5180565064339275,1240
4993,1248.7328161034172,0.5180565064339275,1240
4994,1248.7328161034172,0.5180565064339275,1240
4995,1248.7328161034172,0.5180565064339275,1240
4996,1248.7328161034172,0.5180565064339275,1240
4997,1248.7328161034172,0.5180565064339275,1240
4998,1248.7328161034172,0.5180565064339275,1240
4999,1248.7328161034172,0.5180565064339275,1240
5000,1248.7328161034172,0.5180565064339275,1240
5001,1248.7328161034172,0.5180565064339275,1240
5002,1248.7328161034172,0.5180565064339275,1240
5003,1248.7328161034172,0.5180565064339275,1240
5004,1248.7328161034172,0.5180565064339275,1240
5005,1246.747422569911,0.5172504100490709,1238
5006,1246.747422569911,0.5172504100490709,1238
5007,1246.747422569911,0.5172504100490709,1238
5008,1246.747422569911,0.5172504100490709,1238
5009,1246.747422569911,0.5172504100490709,1238
5010,1246.747422569911,0.5172504100490709,1238
5011,1246.747422569911,0.5172504100490709,1238
5012,1246.747422569911,0.5172504100490709,1238
5013,1256.7499685651107,0.517109902587701,1248
5014,1256.7499685651107,0.517109902587701,1248
5015,1256.7499685651107,0.517109902587701,1248
5016,1256.7499685651107,0.517109902587701,1248
5017,1256.7499685651107,0.517109902587701,1248
5018,1256.7499685651107,0.517109902587701,1248
5019,1256.7499685651107,0.517109902587701,1248
5020,1256.7499685651107,0.517109902587701,1248
5021,1256.7499685651107,0.517109902587701,1248
5022,1252.748955158839,0.5171658300861534,1244
5023,1252.748955158839,0.5171658300861534,1244
5024,1252.748955158839,0.5171658300861534,1244
5025,1252.748955158839,0.5171658300861534,1244
5026,1252.748955158839,0.5171658300861534,1244
5027,1252.748955158839,0.5171658300861534,1244
5028,1252.748955158839,0.5171658300861534,1244
5029,1252.748955158839,0.5171658300861534,1244
5030,1252.748955158839,0.5171658300861534,1244
5031,1252.748955158839,0.5171658300861534,1244
5032,1252.748955158839,0.5171658300861534,1244
5033,1252.748955158839,0.5171658300861534,1244
5034,1252.748955158839,0.5171658300861534,1244
5035,1252.748955158839,0.5171658300861534,1244
5036,1252.748955158839,0.5171658300861534,1244
5037,1252.748955158839,0.5171658300861534,1244
5038,1252.748955158839,0.5171658300861534,1244
5039,1252.748955158839,0.5171658300861534,1244
5040,1252.748955158839,0.5171658300861534,1244
5041,1252.748955158839,0.5171658300861534,1244
5042,1252.748955158839,0.5171658300861534,1244
5043,1252.748955158839,0.5171658300861534,1244
5044,1252.748955158839,0.5171658300861534,1244
5045,1252.748955158839,0.5171658300861534,1244
5046,1252.748955158839,0.5171658300861534,1244
5047,1252.748955158839,0.5171658300861534,1244
5048,1252.748955158839,0.5171658300861534,1244
5049,1252.748955158839,0.5171658300861534,1244
5050,1252.748955158839,0.5171658300861534,1244
5051,1252.748955158839,0.5171658300861534,1244
5052,1252.748955158839,0.5171658300861534,1244
5053,1252.748955158839,0.5171658300861534,1244
5054,1252.748955158839,0.5171658300861534,1244
5055,1252.748955158839,0.5171658300861534,1244
5056,1252.748955158839,0.5171658300861534,1244
5057,1252.748955158839,0.5171658300861534,1244
5058,1252.748955158839,0.5171658300861534,1244
5059,1252.748955158839,0.5171658300861534,1244
5060,1252.748955158839,0.5171658300861534,1244
5061,1252.748955158839,0.5171658300861534,1244
5062,1252.748955158839,0.5171658300861534,1244
5063,1252.748955158839,0.5171658300861534,1244
5064,1252.748955158839,0.5171658300861534,1244
5065,1252.748955158839,0.5171658300861534,1244
5066,1252.748955158839,0.5171658300861534,1244
5067,1252.748955158839,0.5171658300861534,1244
5068,1252.748955158839,0.5171658300861534,1244
5069,1252.748955158839,0.5171658300861534,1244
5070,1252.748955158839,0.5171658300861534,1244
5071,1252.748955158839,0.5171658300861534,1244
5072,1252.748955158839,0.5171658300861534,1244
5073,1252.748955158839,0.5171658300861534,1244
5074,1252.748955158839,0.5171658300861534,1244
5075,1252.748955158839,0.5171658300861534,1244
5076,1252.748955158839,0.5171658300861534,1244
5077,1252.748955158839,0.5171658300861534,1244
5078,1252.748955158839,0.5171658300861534,1244
5079,1252.748955158839,0.5171658300861534,1244
5080,1252.748955158839,0.5171658300861534,1244
5081,1252.748955158839,0.5171658300861534,1244
5082,1252.748955158839,0.5171658300861534,1244
5083,1252.748955158839,0.5171658300861534,1244
5084,1252.748955158839,0.5171658300861534,1244
5085,1252.748955158839,0.5171658300861534,1244
5086,1252.748955158839,0.5171658300861534,1244
5087,1253.7492091308186,0.5171518139724827,1245
5088,1253.7492091308186,0.5171518139724827,1245
5089,1253.7492091308186,0.5171518139724827,1245
5090,1253.7492091308186,0.5171518139724827,1245
5091,1253.7492091308186,0.5171518139724827,1245
5092,1253.7492091308186,0.5171518139724827,1245
5093,1253.7492091308186,0.5171518139724827,1245
5094,1253.7492091308186,0.5171518139724827,1245
5095,1253.7492091308186,0.5171518139724827,1245
5096,1253.7492091308186,0.5171518139724827,1245
5097,1253.7492091308186,0.5171518139724827,1245
5098,1253.7492091308186,0.5171518139724827,1245
5099,1253.7492091308186,0.5171518139724827,1245
5100,1253.7492091308186,0.5171518139724827,1245
5101,1253.7492091308186,0.5171518139724827,1245
5102,1253.7492091308186,0.5171518139724827,1245
5103,1253.7492091308186,0.5171518139724827,1245
5104,1253.7492091308186,0.5171518139724827,1245
5105,1253.7492091308186,0.5171518139724827,1245
5106,1253.7492091308186,0.5171518139724827,1245
5107,1253.7492091308186,0.5171518139724827,1245
5108,1253.7492091308186,0.5171518139724827,1245
5109,1253.7492091308186,0.5171518139724827,1245
5110,1253.7492091308186,0.5171518139724827,1245
5111,1253.7492091308186,0.5171518139724827,1245
5112,1253.7492091308186,0.5171518139724827,1245
5113,1253.7492091308186,0.5171518139724827,1245
5114,1253.7492091308186,0.5171518139724827,1245
5115,1253.7492091308186,0.5171518139724827,1245
5116,1253.7492091308186,0.5171518139724827,1245
5117,1253.7492091308186,0.5171518139724827,1245
5118,1253.7492091308186,0.5171518139724827,1245
5119,1253.7492091308186,0.5171518139724827,1245
5120,1253.7492091308186,0.5171518139724827,1245
5121,1253.7492091308186,0.5171518139724827,1245
5122,1253.7492091308186,0.5171518139724827,1245
5123,1253.7492091308186,0.5171518139724827,1245
5124,1253.7492091308186,0.5171518139724827,1245
5125,1253.7492091308186,0.5171518139724827,1245
5126,1253.7492091308186,0.5171518139724827,1245
5127,1253.7492091308186,0.5171518139724827,1245
5128,1253.7492091308186,0.5171518139724827,1245
5129,1253.7492091308186,0.5171518139724827,1245
5130,1253.7492091308186,0.5171518139724827,1245
5131,1253.7492091308186,0.5171518139724827,1245
5132,1253.7492091308186,0.5171518139724827,1245
5133,1253.7492091308186,0.5171518139724827,1245
5134,1253.7492091308186,0.5171518139724827,1245
5135,1253.7492091308186,0.5171518139724827,1245
5136,1253.7492091308186,0.5171518139724827,1245
5137,1253.7492091308186,0.5171518139724827,1245
5138,1253.7492091308186,0.5171518139724827,1245
5139,1253.7492091308186,0.5171518139724827,1245
5140,1253.7492091308186,0.5171518139724827,1245
5141,1253.7492091308186,0.5171518139724827,1245
5142,1253.7492091308186,0.5171518139724827,1245
5143,1253.7492091308186,0.5171518139724827,1245
5144,1253.7492091308186,0.5171518139724827,1245
5145,1253.7492091308186,0.5171518139724827,1245
5146,1253.7492091308186,0.5171518139724827,1245
5147,1253.7492091308186,0.5171518139724827,1245
5148,1253.7492091308186,0.5171518139724827,1245
5149,1253.7492091308186,0.5171518139724827,1245
5150,1253.7492091308186,0.5171518139724827,1245
5151,1253.7492091308186,0.5171518139724827,1245
5152,1253.7492091308186,0.5171518139724827,1245
5153,1253.7492091308186,0.5171518139724827,1245
5154,1253.7492091308186,0.5171518139724827,1245
5155,1253.7492091308186,0.5171518139724827,1245
5156,1253.7492091308186,0.5171518139724827,1245
5157,1253.7492091308186,0.5171518139724827,1245
5158,1253.7492091308186,0.5171518139724827,1245
5159,1253.7492091308186,0.5171518139724827,1245
5160,1253.7492091308186,0.5171518139724827,1245
5161,1253.7492091308186,0.5171518139724827,1245
5162,1253.7492091308186,0.5171518139724827,1245
5163,1253.7492091308186,0.5171518139724827,1245
5164,1253.7492091308186,0.5171518139724827,1245
5165,1253.7492091308186,0.5171518139724827,1245
5166,1253.7492091308186,0.5171518139724827,1245
5167,1253.7492091308186,0.5171518139724827,1245
5168,1253.7492091308186,0.5171518139724827,1245
5169,1253.7492091308186,0.5171518139724827,1245
5170,1253.7492091308186,0.5171518139724827,1245
5171,1219.7403348438202,0.5176415649105814,1211
5172,1219.7403348438202,0.5176415649105814,1211
5173,1219.7403348438202,0.5176415649105814,1211
5174,1219.7403348438202,0.5176415649105814,1211
5175,1219.7403348438202,0.5176415649105814,1211
5176,1219.7403348438202,0.5176415649105814,1211
5177,1219.7403348438202,0.5176415649105814,1211
5178,1219.7403348438202,0.5176415649105814,1211
5179,1219.7403348438202,0.5176415649105814,1211
5180,1219.7403348438202,0.5176415649105814,1211
5181,1219.7403348438202,0.5176415649105814,1211
5182,1219.7403348438202,0.5176415649105814,1211
5183,1219.7403348438202,0.5176415649105814,1211
5184,1219.7403348438202,0.5176415649105814,1211
5185,1219.7403348438202,0.5176415649105814,1211
5186,1219.7403348438202,0.5176415649105814,1211
5187,1219.7403348438202,0.5176415649105814,1211
5188,1219.7403348438202,0.5176415649105814,1211
5189,1219.7403348438202,0.5176415649105814,1211
5190,1219.7403348438202,0.5176415649105814,1211
5191,1219.7403348438202,0.5176415649105814,1211
5192,1219.7403348438202,0.5176415649105814,1211
5193,1219.7403348438202,0.5176415649105814,1211
5194,1219.7403348438202,0.5176415649105814,1211
5195,1219.7403348438202,0.5176415649105814,1211
5196,1221.725403840123,0.5184655717371465,1213
5197,1221.725403840123,0.5184655717371465,1213
5198,1221.725403840123,0.5184655717371465,1213
5199,1221.725403840123,0.5184655717371465,1213
5200,1221.725403840123,0.5184655717371465,1213
5201,1221.725403840123,0.5184655717371465,1213
5202,1221.725403840123,0.5184655717371465,1213
5203,1221.725403840123,0.5184655717371465,1213
5204,1221.725403840123,0.5184655717371465,1213
5205,1221.725403840123,0.5184655717371465,1213
5206,1221.725403840123,0.5184655717371465,1213
5207,1221.725403840123,0.5184655717371465,1213
5208,1221.725403840123,0.5184655717371465,1213
5209,1221.725403840123,0.5184655717371465,1213
5210,1221.725403840123,0.5184655717371465,1213
5211,1221.725403840123,0.5184655717371465,1213
5212,1221.725403840123,0.5184655717371465,1213
5213,1221.725403840123,0.5184655717371465,1213
5214,1221.725403840123,0.5184655717371465,1213
5215,1221.725403840123,0.5184655717371465,1213
5216,1221.725403840123,0.5184655717371465,1213
5217,1221.725403840123,0.5184655717371465,1213
5218,1221.725403840123,0.5184655717371465,1213
5219,1221.725403840123,0.5184655717371465,1213
5220,1221.725403840123,0.5184655717371465,1213
5221,1219.7403348438202,0.5176415649105814,1211
5222,1219.7403348438202,0.5176415649105814,1211
5223,1219.7403348438202,0.5176415649105814,1211
5224,1219.7403348438202,0.5176415649105814,1211
5225,1219.7403348438202,0.5176415649105814,1211
5226,1219.7403348438202,0.5176415649105814,1211
5227,1219.7403348438202,0.5176415649105814,1211
5228,1219.7403348438202,0.5176415649105814,1211
5229,1219.7403348438202,0.5176415649105814,1211
5230,1219.7403348438202,0.5176415649105814,1211
5231,1219.7403348438202,0.5176415649105814,1211
5232,1219.7403348438202,0.5176415649105814,1211
5233,1219.7403348438202,0.5176415649105814,1211
5234,1219.7403348438202,0.5176415649105814,1211
5235,1219.7403348438202,0.5176415649105814,1211
5236,1219.7403348438202,0.5176415649105814,1211
5237,1219.7403348438202,0.5176415649105814,1211
5238,1219.7403348438202,0.5176415649105814,1211
5239,1219.7403348438202,0.5176415649105814,1211
5240,1219.7403348438202,0.5176415649105814,1211
5241,1219.7403348438202,0.5176415649105814,1211
5242,1219.7403348438202,0.5176415649105814,1211
5243,1219.7403348438202,0.5176415649105814,1211
5244,1219.7403348438202,0.5176415649105814,1211
5245,1219.7403348438202,0.5176415649105814,1211
5246,1219.7403348438202,0.5176415649105814,1211
5247,1219.7403348438202,0.5176415649105814,1211
5248,1219.7403348438202,0.5176415649105814,1211
5249,1219.7403348438202,0.5176415649105814,1211
5250,1219.7403348438202,0.5176415649105814,1211
5251,1219.7403348438202,0.5176415649105814,1211
5252,1219.7403348438202,0.5176415649105814,1211
5253,1219.7403348438202,0.5176415649105814,1211
5254,1219.7403348438202,0.5176415649105814,1211
5255,1219.7403348438202,0.5176415649105814,1211
5256,1219.7403348438202,0.5176415649105814,1211
5257,1219.7403348438202,0.5176415649105814,1211
5258,1219.7403348438202,0.5176415649105814,1211
5259,1219.7403348438202,0.5176415649105814,1211
5260,1219.7403348438202,0.5176415649105814,1211
5261,1219.7403348438202,0.5176415649105814,1211
5262,1219.7403348438202,0.5176415649105814,1211
5263,1219.7403348438202,0.5176415649105814,1211
5264,1219.7403348438202,0.5176415649105814,1211
5265,1219.7403348438202,0.5176415649105814,1211
5266,1219.7403348438202,0.5176415649105814,1211
5267,1219.7403348438202,0.5176415649105814,1211
5268,1219.7403348438202,0.5176415649105814,1211
5269,1219.7403348438202,0.5176415649105814,1211
5270,1219.7403348438202,0.5176415649105814,1211
5271,1219.7403348438202,0.5176415649105814,1211
5272,1219.7403348438202,0.5176415649105814,1211
5273,1219.7403348438202,0.5176415649105814,1211
5274,1219.7403348438202,0.5176415649105814,1211
5275,1219.7403348438202,0.5176415649105814,1211
5276,1219.7403348438202,0.5176415649105814,1211
5277,1219.7403348438202,0.5176415649105814,1211
5278,1219.7403348438202,0.5176415649105814,1211
5279,1219.7403348438202,0.5176415649105814,1211
5280,1219.7403348438202,0.5176415649105814,1211
5281,1219.7403348438202,0.5176415649105814,1211
5282,1219.7403348438202,0.5176415649105814,1211
5283,1219.7403348438202,0.5176415649105814,1211
5284,1219.7403348438202,0.5176415649105814,1211
5285,1224.7416715273587,0.5175677965033819,1216
5286,1224.7416715273587,0.5175677965033819,1216
5287,1224.7416715273587,0.5175677965033819,1216
5288,1224.7416715273587,0.5175677965033819,1216
5289,1224.7416715273587,0.5175677965033819,1216
5290,1224.7416715273587,0.5175677965033819,1216
5291,1224.7416715273587,0.5175677965033819,1216
5292,1224.7416715273587,0.5175677965033819,1216
5293,1224.7416715273587,0.5175677965033819,1216
5294,1224.7416715273587,0.5175677965033819,1216
5295,1224.7416715273587,0.5175677965033819,1216
5296,1224.7416715273587,0.5175677965033819,1216
5297,1224.7416715273587,0.5175677965033819,1216
5298,1224.7416715273587,0.5175677965033819,1216
5299,1224.7416715273587,0.5175677965033819,1216
5300,1224.7416715273587,0.5175677965033819,1216
5301,1224.7416715273587,0.5175677965033819,1216
5302,1224.7416715273587,0.5175677965033819,1216
5303,1224.7416715273587,0.5175677965033819,1216
5304,1224.7416715273587,0.5175677965033819,1216
5305,1224.7416715273587,0.5175677965033819,1216
5306,1224.7416715273587,0.5175677965033819,1216
5307,1224.7416715273587,0.5175677965033819,1216
5308,1224.7416715273587,0.5175677965033819,1216
5309,1224.7416715273587,0.5175677965033819,1216
5310,1224.7416715273587,0.5175677965033819,1216
5311,1224.7416715273587,0.5175677965033819,1216
5312,1224.7416715273587,0.5175677965033819,1216
5313,1224.7416715273587,0.5175677965033819,1216
5314,1224.7416715273587,0.5175677965033819,1216
5315,1224.7416715273587,0.5175677965033819,1216
5316,1224.7416715273587,0.5175677965033819,1216
5317,1224.7416715273587,0.5175677965033819,1216
5318,1224.7416715273587,0.5175677965033819,1216
5319,1224.7416715273587,0.5175677965033819,1216
5320,1224.7416715273587,0.5175677965033819,1216
5321,1224.7416715273587,0.5175677965033819,1216
5322,1224.7416715273587,0.5175677965033819,1216
5323,1224.7416715273587,0.5175677965033819,1216
5324,1224.7416715273587,0.5175677965033819,1216
5325,1224.7416715273587,0.5175677965033819,1216
5326,1224.7416715273587,0.5175677965033819,1216
5327,1224.7416715273587,0.5175677965033819,1216
5328,1224.7416715273587,0.5175677965033819,1216
5329,1224.7416715273587,0.5175677965033819,1216
5330,1224.7416715273587,0.5175677965033819,1216
5331,1224.7416715273587,0.5175677965033819,1216
5332,1224.7416715273587,0.5175677965033819,1216
5333,1224.7416715273587,0.5175677965033819,1216
5334,1224.7416715273587,0.5175677965033819,1216
5335,1224.7416715273587,0.5175677965033819,1216
5336,1224.7416715273587,0.5175677965033819,1216
5337,1224.7416715273587,0.5175677965033819,1216
5338,1224.7416715273587,0.5175677965033819,1216
5339,1224.7416715273587,0.5175677965033819,1216
5340,1224.7416715273587,0.5175677965033819,1216
5341,1224.7416715273587,0.5175677965033819,1216
5342,1224.7416715273587,0.5175677965033819,1216
5343,1224.7416715273587,0.5175677965033819,1216
5344,1224.7416715273587,0.5175677965033819,1216
5345,1224.7416715273587,0.5175677965033819,1216
5346,1224.7416715273587,0.5175677965033819,1216
5347,1224.7416715273587,0.5175677965033819,1216
5348,1224.7416715273587,0.5175677965033819,1216
5349,1224.7416715273587,0.5175677965033819,1216
5350,1224.7416715273587,0.5175677965033819,1216
5351,1225.741937524155,0.5175531167684821,1217
5352,1225.741937524155,0.5175531167684821,1217
5353,1225.741937524155,0.5175531167684821,1217
5354,1225.741937524155,0.5175531167684821,1217
5355,1225.741937524155,0.5175531167684821,1217
5356,1225.741937524155,0.5175531167684821,1217
5357,1225.741937524155,0.5175531167684821,1217
5358,1225.741937524155,0.5175531167684821,1217
5359,1225.741937524155,0.5175531167684821,1217
5360,1225.741937524155,0.5175531167684821,1217
5361,1225.741937524155,0.5175531167684821,1217
5362,1225.741937524155,0.5175531167684821,1217
5363,1225.741937524155,0.5175531167684821,1217
5364,1225.741937524155,0.5175531167684821,1217
5365,1225.741937524155,0.5175531167684821,1217
5366,1225.741937524155,0.5175531167684821,1217
5367,1225.741937524155,0.5175531167684821,1217
5368,1225.741937524155,0.5175531167684821,1217
5369,1225.741937524155,0.5175531167684821,1217
5370,1225.741937524155,0.5175531167684821,1217
5371,1225.741937524155,0.5175531167684821,1217
5372,1223.7414050854197,0.517582500804655,1215
5373,1223.7414050854197,0.517582500804655,1215
5374,1223.7414050854197,0.517582500804655,1215
5375,1223.7414050854197,0.517582500804655,1215
5376,1223.7414050854197,0.517582500804655,1215
5377,1223.7414050854197,0.517582500804655,1215
5378,1223.7414050854197,0.517582500804655,1215
5379,1223.7414050854197,0.517582500804655,1215
5380,1223.7414050854197,0.517582500804655,1215
5381,1223.7414050854197,0.517582500804655,1215
5382,1223.7414050854197,0.517582500804655,1215
5383,1223.7414050854197,0.517582500804655,1215
5384,1223.7414050854197,0.517582500804655,1215
5385,1223.7414050854197,0.517582500804655,1215
5386,1223.7414050854197,0.517582500804655,1215
5387,1223.7414050854197,0.517582500804655,1215
5388,1223.7414050854197,0.517582500804655,1215
5389,1223.7414050854197,0.517582500804655,1215
5390,1223.7414050854197,0.517582500804655,1215
5391,1223.7414050854197,0.517582500804655,1215
5392,1223.7414050854197,0.517582500804655,1215
5393,1223.7414050854197,0.517582500804655,1215
5394,1223.7414050854197,0.517582500804655,1215
5395,1223.7414050854197,0.517582500804655,1215
5396,1223.7414050854197,0.517582500804655,1215
5397,1223.7414050854197,0.517582500804655,1215
5398,1223.7414050854197,0.517582500804655,1215
5399,1223.7414050854197,0.517582500804655,1215
5400,1223.7414050854197,0.517582500804655,1215
5401,1223.7414050854197,0.517582500804655,1215
5402,1223.7414050854197,0.517582500804655,1215
5403,1223.7414050854197,0.517582500804655,1215
5404,1223.7414050854197,0.517582500804655,1215
5405,1223.7414050854197,0.517582500804655,1215
5406,1223.7414050854197,0.517582500804655,1215
5407,1223.7414050854197,0.517582500804655,1215
5408,1223.7414050854197,0.517582500804655,1215
5409,1223.7414050854197,0.517582500804655,1215
5410,1223.7414050854197,0.517582500804655,1215
5411,1223.7414050854197,0.517582500804655,1215
5412,1223.7414050854197,0.517582500804655,1215
5413,1223.7414050854197,0.517582500804655,1215
5414,1223.7414050854197,0.517582500804655,1215
5415,1223.7414050854197,0.517582500804655,1215
5416,1223.7414050854197,0.517582500804655,1215
5417,1223.7414050854197,0.517582500804655,1215
5418,1223.7414050854197,0.517582500804655,1215
5419,1228.7427328548124,0.5175092243481066,1220
5420,1228.7427328548124,0.5175092243481066,1220
5421,1228.7427328548124,0.5175092243481066,1220
5422,1228.7427328548124,0.5175092243481066,1220
5423,1228.7427328548124,0.5175092243481066,1220
5424,1228.7427328548124,0.5175092243481066,1220
5425,1228.7427328548124,0.5175092243481066,1220
5426,1228.7427328548124,0.5175092243481066,1220
5427,1228.7427328548124,0.5175092243481066,1220
5428,1228.7427328548124,0.5175092243481066,1220
5429,1228.7427328548124,0.5175092243481066,1220
5430,1228.7427328548124,0.5175092243481066,1220
5431,1228.7427328548124,0.5175092243481066,1220
5432,1228.7427328548124,0.5175092243481066,1220
5433,1228.7427328548124,0.5175092243481066,1220
5434,1228.7427328548124,0.5175092243481066,1220
5435,1228.7427328548124,0.5175092243481066,1220
5436,1228.7427328548124,0.5175092243481066,1220
5437,1228.7427328548124,0.5175092243481066,1220
5438,1228.7427328548124,0.5175092243481066,1220
5439,1228.7427328548124,0.5175092243481066,1220
5440,1228.7427328548124,0.5175092243481066,1220
5441,1228.7427328548124,0.5175092243481066,1220
5442,1228.7427328548124,0.5175092243481066,1220
5443,1228.7427328548124,0.5175092243481066,1220
5444,1228.7427328548124,0.5175092243481066,1220
5445,1228.7427328548124,0.5175092243481066,1220
5446,1228.7427328548124,0.5175092243481066,1220
5447,1228.7427328548124,0.5175092243481066,1220
5448,1228.7427328548124,0.5175092243481066,1220
5449,1228.7427328548124,0.5175092243481066,1220
5450,1228.7427328548124,0.5175092243481066,1220
5451,1228.7427328548124,0.5175092243481066,1220
5452,1228.7427328548124,0.5175092243481066,1220
5453,1228.7427328548124,0.5175092243481066,1220
5454,1228.7427328548124,0.5175092243481066,1220
5455,1228.7427328548124,0.5175092243481066,1220
5456,1228.7427328548124,0.5175092243481066,1220
5457,1228.7427328548124,0.5175092243481066,1220
5458,1228.7427328548124,0.5175092243481066,1220
5459,1228.7427328548124,0.5175092243481066,1220
5460,1228.7427328548124,0.5175092243481066,1220
5461,1233.744049606326,0.5174365559422837,1225
5462,1233.744049606326,0.5174365559422837,1225
5463,1233.744049606326,0.5174365559422837,1225
5464,1233.744049606326,0.5174365559422837,1225
5465,1233.744049606326,0.5174365559422837,1225
5466,1233.744049606326,0.5174365559422837,1225
5467,1233.744049606326,0.5174365559422837,1225
5468,1233.744049606326,0.5174365559422837,1225
5469,1233.744049606326,0.5174365559422837,1225
5470,1233.744049606326,0.5174365559422837,1225
5471,1233.744049606326,0.5174365559422837,1225
5472,1233.744049606326,0.5174365559422837,1225
5473,1233.744049606326,0.5174365559422837,1225
5474,1233.744049606326,0.5174365559422837,1225
5475,1233.744049606326,0.5174365559422837,1225
5476,1233.744049606326,0.5174365559422837,1225
5477,1233.744049606326,0.5174365559422837,1225
5478,1233.744049606326,0.5174365559422837,1225
5479,1233.744049606326,0.5174365559422837,1225
5480,1233.744049606326,0.5174365559422837,1225
5481,1233.744049606326,0.5174365559422837,1225
5482,1233.744049606326,0.5174365559422837,1225
5483,1233.744049606326,0.5174365559422837,1225
5484,1233.744049606326,0.5174365559422837,1225
5485,1233.744049606326,0.5174365559422837,1225
5486,1233.744049606326,0.5174365559422837,1225
5487,1233.744049606326,0.5174365559422837,1225
5488,1233.744049606326,0.5174365559422837,1225
5489,1233.744049606326,0.5174365559422837,1225
5490,1233.744049606326,0.5174365559422837,1225
5491,1233.744049606326,0.5174365559422837,1225
5492,1233.744049606326,0.5174365559422837,1225
5493,1233.744049606326,0.5174365559422837,1225
5494,1233.744049606326,0.5174365559422837,1225
5495,1233.744049606326,0.5174365559422837,1225
5496,1233.744049606326,0.5174365559422837,1225
5497,1233.744049606326,0.5174365559422837,1225
5498,1233.744049606326,0.5174365559422837,1225
5499,1233.744049606326,0.5174365559422837,1225
5500,1233.744049606326,0.5174365559422837,1225
5501,1233.744049606326,0.5174365559422837,1225
5502,1233.744049606326,0.5174365559422837,1225
5503,1233.744049606326,0.5174365559422837,1225
5504,1233.744049606326,0.5174365559422837,1225
5505,1233.744049606326,0.5174365559422837,1225
5506,1233.744049606326,0.5174365559422837,1225
5507,1233.744049606326,0.5174365559422837,1225
5508,1233.744049606326,0.5174365559422837,1225
5509,1233.744049606326,0.5174365559422837,1225
5510,1233.744049606326,0.5174365559422837,1225
5511,1233.744049606326,0.5174365559422837,1225
5512,1233.744049606326,0.5174365559422837,1225
5513,1233.744049606326,0.5174365559422837,1225
5514,1233.744049606326,0.5174365559422837,1225
5515,1233.744049606326,0.5174365559422837,1225
5516,1233.744049606326,0.5174365559422837,1225
5517,1233.744049606326,0.5174365559422837,1225
5518,1233.744049606326,0.5174365559422837,1225
5519,1233.744049606326,0.5174365559422837,1225
5520,1233.744049606326,0.5174365559422837,1225
5521,1233.744049606326,0.5174365559422837,1225
5522,1233.744049606326,0.5174365559422837,1225
5523,1233.744049606326,0.5174365559422837,1225
5524,1233.744049606326,0.5174365559422837,1225
5525,1233.744049606326,0.5174365559422837,1225
5526,1233.744049606326,0.5174365559422837,1225
5527,1233.744049606326,0.5174365559422837,1225
5528,1233.744049606326,0.5174365559422837,1225
5529,1233.744049606326,0.5174365559422837,1225
5530,1233.744049606326,0.5174365559422837,1225
5531,1233.744049606326,0.5174365559422837,1225
5532,1233.744049606326,0.5174365559422837,1225
5533,1233.744049606326,0.5174365559422837,1225
5534,1233.744049606326,0.5174365559422837,1225
5535,1233.744049606326,0.5174365559422837,1225
5536,1233.744049606326,0.5174365559422837,1225
5537,1233.744049606326,0.5174365559422837,1225
5538,1233.744049606326,0.5174365559422837,1225
5539,1233.744049606326,0.5174365559422837,1225
5540,1233.744049606326,0.5174365559422837,1225
5541,1233.744049606326,0.5174365559422837,1225
5542,1233.744049606326,0.5174365559422837,1225
5543,1233.744049606326,0.5174365559422837,1225
5544,1233.744049606326,0.5174365559422837,1225
5545,1233.744049606326,0.5174365559422837,1225
5546,1233.744049606326,0.5174365559422837,1225
5547,1233.744049606326,0.5174365559422837,1225
5548,1233.744049606326,0.5174365559422837,1225
5549,1233.744049606326,0.5174365559422837,1225
5550,1233.744049606326,0.5174365559422837,1225
5551,1233.744049606326,0.5174365559422837,1225
5552,1233.744049606326,0.5174365559422837,1225
5553,1233.744049606326,0.5174365559422837,1225
5554,1233.744049606326,0.5174365559422837,1225
5555,1233.744049606326,0.5174365559422837,1225
5556,1233.744049606326,0.5174365559422837,1225
5557,1233.744049606326,0.5174365559422837,1225
5558,1233.744049606326,0.5174365559422837,1225
5559,1233.744049606326,0.5174365559422837,1225
5560,1233.744049606326,0.5174365559422837,1225
5561,1233.744049606326,0.5174365559422837,1225
5562,1233.744049606326,0.5174365559422837,1225
5563,1233.744049606326,0.5174365559422837,1225
5564,1233.744049606326,0.5174365559422837,1225
5565,1233.744049606326,0.5174365559422837,1225
5566,1233.744049606326,0.5174365559422837,1225
5567,1233.744049606326,0.5174365559422837,1225
5568,1233.744049606326,0.5174365559422837,1225
5569,1233.744049606326,0.5174365559422837,1225
5570,1233.744049606326,0.5174365559422837,1225
5571,1233.744049606326,0.5174365559422837,1225
5572,1233.744049606326,0.5174365559422837,1225
5573,1233.744049606326,0.5174365559422837,1225
5574,1233.744049606326,0.5174365559422837,1225
5575,1233.744049606326,0.5174365559422837,1225
5576,1233.744049606326,0.5174365559422837,1225
5577,1233.744049606326,0.5174365559422837,1225
5578,1233.744049606326,0.5174365559422837,1225
5579,1233.744049606326,0.5174365559422837,1225
5580,1233.744049606326,0.5174365559422837,1225
5581,1233.744049606326,0.5174365559422837,1225
5582,1233.744049606326,0.5174365559422837,1225
5583,1233.744049606326,0.5174365559422837,1225
5584,1231.743524219077,0.5174655508235628,1223
5585,1231.743524219077,0.5174655508235628,1223
5586,1231.743524219077,0.5174655508235628,1223
5587,1231.743524219077,0.5174655508235628,1223
5588,1244.746908346234,0.5172787888391823,1236
5589,1244.746908346234,0.5172787888391823,1236
5590,1244.746908346234,0.5172787888391823,1236
5591,1244.746908346234,0.5172787888391823,1236
5592,1244.746908346234,0.5172787888391823,1236
5593,1244.746908346234,0.5172787888391823,1236
5594,1244.746908346234,0.5172787888391823,1236
5595,1244.746908346234,0.5172787888391823,1236
5596,1244.746908346234,0.5172787888391823,1236
5597,1246.747422569911,0.5172504100490709,1238
5598,1246.747422569911,0.5172504100490709,1238
5599,1246.747422569911,0.5172504100490709,1238
5600,1246.747422569911,0.5172504100490709,1238
5601,1246.747422569911,0.5172504100490709,1238
5602,1246.747422569911,0.5172504100490709,1238
5603,1246.747422569911,0.5172504100490709,1238
5604,1227.7424681867733,0.5175238307520313,1219
5605,1227.7424681867733,0.5175238307520313,1219
5606,1227.7424681867733,0.5175238307520313,1219
5607,1227.7424681867733,0.5175238307520313,1219
5608,1227.7424681867733,0.5175238307520313,1219
5609,1227.7424681867733,0.5175238307520313,1219
5610,1227.7424681867733,0.5175238307520313,1219
5611,1227.7424681867733,0.5175238307520313,1219
5612,1227.7424681867733,0.5175238307520313,1219
5613,1227.7424681867733,0.5175238307520313,1219
5614,1227.7424681867733,0.5175238307520313,1219
5615,1227.7424681867733,0.5175238307520313,1219
5616,1227.7424681867733,0.5175238307520313,1219
5617,1227.7424681867733,0.5175238307520313,1219
5618,1227.7424681867733,0.5175238307520313,1219
5619,1227.7424681867733,0.5175238307520313,1219
5620,1227.7424681867733,0.5175238307520313,1219
5621,1227.7424681867733,0.5175238307520313,1219
5622,1227.7424681867733,0.5175238307520313,1219
5623,1227.7424681867733,0.5175238307520313,1219
5624,1227.7424681867733,0.5175238307520313,1219
5625,1227.7424681867733,0.5175238307520313,1219
5626,1227.7424681867733,0.5175238307520313,1219
5627,1227.7424681867733,0.5175238307520313,1219
5628,1227.7424681867733,0.5175238307520313,1219
5629,1227.7424681867733,0.5175238307520313,1219
5630,1227.7424681867733,0.5175238307520313,1219
5631,1227.7424681867733,0.5175238307520313,1219
5632,1227.7424681867733,0.5175238307520313,1219
5633,1227.7424681867733,0.5175238307520313,1219
5634,1227.7424681867733,0.5175238307520313,1219
5635,1227.7424681867733,0.5175238307520313,1219
5636,1227.7424681867733,0.5175238307520313,1219
5637,1227.7424681867733,0.5175238307520313,1219
5638,1227.7424681867733,0.5175238307520313,1219
5639,1227.7424681867733,0.5175238307520313,1219
5640,1227.7424681867733,0.5175238307520313,1219
5641,1227.7424681867733,0.5175238307520313,1219
5642,1227.7424681867733,0.5175238307520313,1219
5643,1227.7424681867733,0.5175238307520313,1219
5644,1227.7424681867733,0.5175238307520313,1219
5645,1227.7424681867733,0.5175238307520313,1219
5646,1227.7424681867733,0.5175238307520313,1219
5647,1227.7424681867733,0.5175238307520313,1219
5648,1227.7424681867733,0.5175238307520313,1219
5649,1227.7424681867733,0.5175238307520313,1219
5650,1227.7424681867733,0.5175238307520313,1219
5651,1227.7424681867733,0.5175238307520313,1219
5652,1227.7424681867733,0.5175238307520313,1219
5653,1227.7424681867733,0.5175238307520313,1219
5654,1227.7424681867733,0.5175238307520313,1219
5655,1227.7424681867733,0.5175238307520313,1219
5656,1230.7432608698666,0.5174800844444506,1222
5657,1230.7432608698666,0.5174800844444506,1222
5658,1230.7432608698666,0.5174800844444506,1222
5659,1230.7432608698666,0.5174800844444506,1222
5660,1230.7432608698666,0.5174800844444506,1222
5661,1230.7432608698666,0.5174800844444506,1222
5662,1230.7432608698666,0.5174800844444506,1222
5663,1230.7432608698666,0.5174800844444506,1222
5664,1230.7432608698666,0.5174800844444506,1222
5665,1230.7432608698666,0.5174800844444506,1222
5666,1230.7432608698666,0.5174800844444506,1222
5667,1230.7432608698666,0.5174800844444506,1222
5668,1230.7432608698666,0.5174800844444506,1222
5669,1230.7432608698666,0.5174800844444506,1222
5670,1230.7432608698666,0.5174800844444506,1222
5671,1230.7432608698666,0.5174800844444506,1222
5672,1230.7432608698666,0.5174800844444506,1222
5673,1230.7432608698666,0.5174800844444506,1222
5674,1230.7432608698666,0.5174800844444506,1222
5675,1230.7432608698666,0.5174800844444506,1222
5676,1230.7432608698666,0.5174800844444506,1222
5677,1230.7432608698666,0.5174800844444506,1222
5678,1230.7432608698666,0.5174800844444506,1222
5679,1230.7432608698666,0.5174800844444506,1222
5680,1230.7432608698666,0.5174800844444506,1222
5681,1230.7432608698666,0.5174800844444506,1222
5682,1230.7432608698666,0.5174800844444506,1222
5683,1230.7432608698666,0.5174800844444506,1222
5684,1230.7432608698666,0.5174800844444506,1222
5685,1230.7432608698666,0.5174800844444506,1222
5686,1230.7432608698666,0.5174800844444506,1222
5687,1230.7432608698666,0.5174800844444506,1222
5688,1230.7432608698666,0.5174800844444506,1222
5689,1230.7432608698666,0.5174800844444506,1222
5690,1230.7432608698666,0.5174800844444506,1222
5691,1230.7432608698666,0.5174800844444506,1222
5692,1230.7432608698666,0.5174800844444506,1222
5693,1230.7432608698666,0.5174800844444506,1222
5694,1230.7432608698666,0.5174800844444506,1222
5695,1230.7432608698666,0.5174800844444506,1222
5696,1230.7432608698666,0.5174800844444506,1222
5697,1230.7432608698666,0.5174800844444506,1222
5698,1230.7432608698666,0.5174800844444506,1222
5699,1230.7432608698666,0.5174800844444506,1222
5700,1230.7432608698666,0.5174800844444506,1222
5701,1230.7432608698666,0.5174800844444506,1222
5702,1230.7432608698666,0.5174800844444506,1222
5703,1230.7432608698666,0.5174800844444506,1222
5704,1230.7432608698666,0.5174800844444506,1222
5705,1230.7432608698666,0.5174800844444506,1222
5706,1230.7432608698666,0.5174800844444506,1222
5707,1230.7432608698666,0.5174800844444506,1222
5708,1230.7432608698666,0.5174800844444506,1222
5709,1230.7432608698666,0.5174800844444506,1222
5710,1230.7432608698666,0.5174800844444506,1222
5711,1230.7432608698666,0.5174800844444506,1222
5712,1230.7432608698666,0.5174800844444506,1222
5713,1230.7432608698666,0.5174800844444506,1222
5714,1230.7432608698666,0.5174800844444506,1222
5715,1230.7432608698666,0.5174800844444506,1222
5716,1230.7432608698666,0.5174800844444506,1222
5717,1230.7432608698666,0.5174800844444506,1222
5718,1230.7432608698666,0.5174800844444506,1222
5719,1230.7432608698666,0.5174800844444506,1222
5720,1230.7432608698666,0.5174800844444506,1222
5721,1230.7432608698666,0.5174800844444506,1222
5722,1230.7432608698666,0.5174800844444506,1222
5723,1230.7432608698666,0.5174800844444506,1222
5724,1230.7432608698666,0.5174800844444506,1222
5725,1230.7432608698666,0.5174800844444506,1222
5726,1230.7432608698666,0.5174800844444506,1222
5727,1230.7432608698666,0.5174800844444506,1222
5728,1230.7432608698666,0.5174800844444506,1222
5729,1230.7432608698666,0.5174800844444506,1222
5730,1230.7432608698666,0.5174800844444506,1222
5731,1230.7432608698666,0.5174800844444506,1222
5732,1230.7432608698666,0.5174800844444506,1222
5733,1230.7432608698666,0.5174800844444506,1222
5734,1230.7432608698666,0.5174800844444506,1222
5735,1230.7432608698666,0.5174800844444506,1222
5736,1230.7432608698666,0.5174800844444506,1222
5737,1230.7432608698666,0.5174800844444506,1222
5738,1230.7432608698666,0.5174800844444506,1222
5739,1230.7432608698666,0.5174800844444506,1222
5740,1230.7432608698666,0.5174800844444506,1222
5741,1230.7432608698666,0.5174800844444506,1222
5742,1230.7432608698666,0.5174800844444506,1222
5743,1230.7432608698666,0.5174800844444506,1222
5744,1230.7432608698666,0.5174800844444506,1222
5745,1230.7432608698666,0.5174800844444506,1222
5746,1230.7432608698666,0.5174800844444506,1222
5747,1230.7432608698666,0.5174800844444506,1222
5748,1230.7432608698666,0.5174800844444506,1222
5749,1230.7432608698666,0.5174800844444506,1222
5750,1230.7432608698666,0.5174800844444506,1222
5751,1230.7432608698666,0.5174800844444506,1222
5752,1230.7432608698666,0.5174800844444506,1222
5753,1230.7432608698666,0.5174800844444506,1222
5754,1230.7432608698666,0.5174800844444506,1222
5755,1230.7432608698666,0.5174800844444506,1222
5756,1230.7432608698666,0.5174800844444506,1222
5757,1230.7432608698666,0.5174800844444506,1222
5758,1230.7432608698666,0.5174800844444506,1222
5759,1230.7432608698666,0.5174800844444506,1222
5760,1230.7432608698666,0.5174800844444506,1222
5761,1230.7432608698666,0.5174800844444506,1222
5762,1230.7432608698666,0.5174800844444506,1222
5763,1230.7432608698666,0.5174800844444506,1222
5764,1230.7432608698666,0.5174800844444506,1222
5765,1230.7432608698666,0.5174800844444506,1222
5766,1230.7432608698666,0.5174800844444506,1222
5767,1230.7432608698666,0.5174800844444506,1222
5768,1230.7432608698666,0.5174800844444506,1222
5769,1230.7432608698666,0.5174800844444506,1222
5770,1230.7432608698666,0.5174800844444506,1222
5771,1230.7432608698666,0.5174800844444506,1222
5772,1230.7432608698666,0.5174800844444506,1222
5773,1230.7432608698666,0.5174800844444506,1222
5774,1230.7432608698666,0.5174800844444506,1222
5775,1230.7432608698666,0.5174800844444506,1222
5776,1230.7432608698666,0.5174800844444506,1222
5777,1230.7432608698666,0.5174800844444506,1222
5778,1230.7432608698666,0.5174800844444506,1222
5779,1230.7432608698666,0.5174800844444506,1222
5780,1230.7432608698666,0.5174800844444506,1222
5781,1230.7432608698666,0.5174800844444506,1222
5782,1230.7432608698666,0.5174800844444506,1222
5783,1230.7432608698666,0.5174800844444506,1222
5784,1230.7432608698666,0.5174800844444506,1222
5785,1230.7432608698666,0.5174800844444506,1222
5786,1230.7432608698666,0.5174800844444506,1222
5787,1230.7432608698666,0.5174800844444506,1222
5788,1230.7432608698666,0.5174800844444506,1222
5789,1230.7432608698666,0.5174800844444506,1222
5790,1230.7432608698666,0.5174800844444506,1222
5791,1230.7432608698666,0.5174800844444506,1222
5792,1230.7432608698666,0.5174800844444506,1222
5793,1230.7432608698666,0.5174800844444506,1222
5794,1230.7432608698666,0.5174800844444506,1222
5795,1230.7432608698666,0.5174800844444506,1222
5796,1230.7432608698666,0.5174800844444506,1222
5797,1230.7432608698666,0.5174800844444506,1222
5798,1230.7432608698666,0.5174800844444506,1222
5799,1230.7432608698666,0.5174800844444506,1222
5800,1230.7432608698666,0.5174800844444506,1222
5801,1230.7432608698666,0.5174800844444506,1222
5802,1230.7432608698666,0.5174800844444506,1222
5803,1230.7432608698666,0.5174800844444506,1222
5804,1230.7432608698666,0.5174800844444506,1222
5805,1230.7432608698666,0.5174800844444506,1222
5806,1230.7432608698666,0.5174800844444506,1222
5807,1230.7432608698666,0.5174800844444506,1222
5808,1230.7432608698666,0.5174800844444506,1222
5809,1230.7432608698666,0.5174800844444506,1222
5810,1230.7432608698666,0.5174800844444506,1222
5811,1230.7432608698666,0.5174800844444506,1222
5812,1230.7432608698666,0.5174800844444506,1222
5813,1230.7432608698666,0.5174800844444506,1222
5814,1230.7432608698666,0.5174800844444506,1222
5815,1230.7432608698666,0.5174800844444506,1222
5816,1230.7432608698666,0.5174800844444506,1222
5817,1230.7432608698666,0.5174800844444506,1222
5818,1230.7432608698666,0.5174800844444506,1222
5819,1230.7432608698666,0.5174800844444506,1222
5820,1230.7432608698666,0.5174800844444506,1222
5821,1230.7432608698666,0.5174800844444506,1222
5822,1230.7432608698666,0.5174800844444506,1222
5823,1230.7432608698666,0.5174800844444506,1222
5824,1230.7432608698666,0.5174800844444506,1222
5825,1230.7432608698666,0.5174800844444506,1222
5826,1230.7432608698666,0.5174800844444506,1222
5827,1230.7432608698666,0.5174800844444506,1222
5828,1230.7432608698666,0.5174800844444506,1222
5829,1230.7432608698666,0.5174800844444506,1222
5830,1230.7432608698666,0.5174800844444506,1222
5831,1230.7432608698666,0.5174800844444506,1222
5832,1230.7432608698666,0.5174800844444506,1222
5833,1230.7432608698666,0.5174800844444506,1222
5834,1230.7432608698666,0.5174800844444506,1222
5835,1230.7432608698666,0.5174800844444506,1222
5836,1230.7432608698666,0.5174800844444506,1222
5837,1230.7432608698666,0.5174800844444506,1222
5838,1230.7432608698666,0.5174800844444506,1222
5839,1230.7432608698666,0.5174800844444506,1222
5840,1230.7432608698666,0.5174800844444506,1222
5841,1230.7432608698666,0.5174800844444506,1222
5842,1230.7432608698666,0.5174800844444506,1222
5843,1230.7432608698666,0.5174800844444506,1222
5844,1230.7432608698666,0.5174800844444506,1222
5845,1230.7432608698666,0.5174800844444506,1222
5846,1232.7437871308673,0.517451041342866,1224
5847,1232.7437871308673,0.517451041342866,1224
5848,1232.7437871308673,0.517451041342866,1224
5849,1232.7437871308673,0.517451041342866,1224
5850,1232.7437871308673,0.517451041342866,1224
5851,1232.7437871308673,0.517451041342866,1224
5852,1232.7437871308673,0.517451041342866,1224
5853,1232.7437871308673,0.517451041342866,1224
5854,1232.7437871308673,0.517451041342866,1224
5855,1232.7437871308673,0.517451041342866,1224
5856,1232.7437871308673,0.517451041342866,1224
5857,1232.7437871308673,0.517451041342866,1224
5858,1232.7437871308673,0.517451041342866,1224
5859,1232.7437871308673,0.517451041342866,1224
5860,1232.7437871308673,0.517451041342866,1224
5861,1232.7437871308673,0.517451041342866,1224
5862,1232.7437871308673,0.517451041342866,1224
5863,1232.7437871308673,0.517451041342866,1224
5864,1232.7437871308673,0.517451041342866,1224
5865,1232.7437871308673,0.517451041342866,1224
5866,1232.7437871308673,0.517451041342866,1224
5867,1232.7437871308673,0.517451041342866,1224
5868,1232.7437871308673,0.517451041342866,1224
5869,1232.7437871308673,0.517451041342866,1224
5870,1232.7437871308673,0.517451041342866,1224
5871,1232.7437871308673,0.517451041342866,1224
5872,1232.7437871308673,0.517451041342866,1224
5873,1232.7437871308673,0.517451041342866,1224
5874,1232.7437871308673,0.517451041342866,1224
5875,1232.7437871308673,0.517451041342866,1224
5876,1232.7437871308673,0.517451041342866,1224
5877,1232.7437871308673,0.517451041342866,1224
5878,1232.7437871308673,0.517451041342866,1224
5879,1232.7437871308673,0.517451041342866,1224
5880,1232.7437871308673,0.517451041342866,1224
5881,1232.7437871308673,0.517451041342866,1224
5882,1232.7437871308673,0.517451041342866,1224
5883,1232.7437871308673,0.517451041342866,1224
5884,1232.7437871308673,0.517451041342866,1224
5885,1232.7437871308673,0.517451041342866,1224
5886,1232.7437871308673,0.517451041342866,1224
5887,1232.7437871308673,0.517451041342866,1224
5888,1232.7437871308673,0.517451041342866,1224
5889,1232.7437871308673,0.517451041342866,1224
5890,1232.7437871308673,0.517451041342866,1224
5891,1232.7437871308673,0.517451041342866,1224
5892,1232.7437871308673,0.517451041342866,1224
5893,1232.7437871308673,0.517451041342866,1224
5894,1232.7437871308673,0.517451041342866,1224
5895,1232.7437871308673,0.517451041342866,1224
5896,1232.7437871308673,0.517451041342866,1224
5897,1232.7437871308673,0.517451041342866,1224
5898,1232.7437871308673,0.517451041342866,1224
5899,1232.7437871308673,0.517451041342866,1224
5900,1232.7437871308673,0.517451041342866,1224
5901,1232.7437871308673,0.517451041342866,1224
5902,1232.7437871308673,0.517451041342866,1224
5903,1232.7437871308673,0.517451041342866,1224
5904,1232.7437871308673,0.517451041342866,1224
5905,1232.7437871308673,0.517451041342866,1224
5906,1232.7437871308673,0.517451041342866,1224
5907,1232.7437871308673,0.517451041342866,1224
5908,1232.7437871308673,0.517451041342866,1224
5909,1232.7437871308673,0.517451041342866,1224
5910,1232.7437871308673,0.517451041342866,1224
5911,1232.7437871308673,0.517451041342866,1224
5912,1232.7437871308673,0.517451041342866,1224
5913,1232.7437871308673,0.517451041342866,1224
5914,1232.7437871308673,0.517451041342866,1224
5915,1232.7437871308673,0.517451041342866,1224
5916,1232.7437871308673,0.517451041342866,1224
5917,1232.7437871308673,0.517451041342866,1224
5918,1232.7437871308673,0.517451041342866,1224
5919,1232.7437871308673,0.517451041342866,1224
5920,1232.7437871308673,0.517451041342866,1224
5921,1232.7437871308673,0.517451041342866,1224
5922,1232.7437871308673,0.517451041342866,1224
5923,1232.7437871308673,0.517451041342866,1224
5924,1232.7437871308673,0.517451041342866,1224
5925,1232.7437871308673,0.517451041342866,1224
5926,1232.7437871308673,0.517451041342866,1224
5927,1232.7437871308673,0.517451041342866,1224
5928,1232.7437871308673,0.517451041342866,1224
5929,1232.7437871308673,0.517451041342866,1224
5930,1232.7437871308673,0.517451041342866,1224
5931,1232.7437871308673,0.517451041342866,1224
5932,1232.7437871308673,0.517451041342866,1224
5933,1232.7437871308673,0.517451041342866,1224
5934,1232.7437871308673,0.517451041342866,1224
5935,1232.7437871308673,0.517451041342866,1224
5936,1232.7437871308673,0.517451041342866,1224
5937,1232.7437871308673,0.517451041342866,1224
5938,1232.7437871308673,0.517451041342866,1224
5939,1232.7437871308673,0.517451041342866,1224
5940,1232.7437871308673,0.517451041342866,1224
5941,1232.7437871308673,0.517451041342866,1224
5942,1232.7437871308673,0.517451041342866,1224
5943,1232.7437871308673,0.517451041342866,1224
5944,1232.7437871308673,0.517451041342866,1224
5945,1232.7437871308673,0.517451041342866,1224
5946,1232.7437871308673,0.517451041342866,1224
5947,1232.7437871308673,0.517451041342866,1224
5948,1232.7437871308673,0.517451041342866,1224
5949,1232.7437871308673,0.517451041342866,1224
5950,1232.7437871308673,0.517451041342866,1224
5951,1232.7437871308673,0.517451041342866,1224
5952,1232.7437871308673,0.517451041342866,1224
5953,1232.7437871308673,0.517451041342866,1224
5954,1232.7437871308673,0.517451041342866,1224
5955,1232.7437871308673,0.517451041342866,1224
5956,1232.7437871308673,0.517451041342866,1224
5957,1232.7437871308673,0.517451041342866,1224
5958,1232.7437871308673,0.517451041342866,1224
5959,1232.7437871308673,0.517451041342866,1224
5960,1232.7437871308673,0.517451041342866,1224
5961,1232.7437871308673,0.517451041342866,1224
5962,1232.7437871308673,0.517451041342866,1224
5963,1232.7437871308673,0.517451041342866,1224
5964,1232.7437871308673,0.517451041342866,1224
5965,1232.7437871308673,0.517451041342866,1224
5966,1232.7437871308673,0.517451041342866,1224
5967,1232.7437871308673,0.517451041342866,1224
5968,1232.7437871308673,0.517451041342866,1224
5969,1232.7437871308673,0.517451041342866,1224
5970,1232.7437871308673,0.517451041342866,1224
5971,1232.7437871308673,0.517451041342866,1224
5972,1232.7437871308673,0.517451041342866,1224
5973,1232.7437871308673,0.517451041342866,1224
5974,1232.7437871308673,0.517451041342866,1224
5975,1232.7437871308673,0.517451041342866,1224
5976,1232.7437871308673,0.517451041342866,1224
5977,1232.7437871308673,0.517451041342866,1224
5978,1232.7437871308673,0.517451041342866,1224
5979,1232.7437871308673,0.517451041342866,1224
5980,1232.7437871308673,0.517451041342866,1224
5981,1232.7437871308673,0.517451041342866,1224
5982,1232.7437871308673,0.517451041342866,1224
5983,1232.7437871308673,0.517451041342866,1224
5984,1232.7437871308673,0.517451041342866,1224
5985,1232.7437871308673,0.517451041342866,1224
5986,1232.7437871308673,0.517451041342866,1224
5987,1232.7437871308673,0.517451041342866,1224
5988,1232.7437871308673,0.517451041342866,1224
5989,1232.7437871308673,0.517451041342866,1224
5990,1232.7437871308673,0.517451041342866,1224
5991,1232.7437871308673,0.517451041342866,1224
5992,1232.7437871308673,0.517451041342866,1224
5993,1232.7437871308673,0.517451041342866,1224
5994,1232.7437871308673,0.517451041342866,1224
5995,1232.7437871308673,0.517451041342866,1224
5996,1232.7437871308673,0.517451041342866,1224
5997,1232.7437871308673,0.517451041342866,1224
5998,1232.7437871308673,0.517451041342866,1224
5999,1232.7437871308673,0.517451041342866,1224
6000,1232.7437871308673,0.517451041342866,1224
6001,1232.7437871308673,0.517451041342866,1224
6002,1232.7437871308673,0.517451041342866,1224
6003,1232.7437871308673,0.517451041342866,1224
6004,1232.7437871308673,0.517451041342866,1224
6005,1232.7437871308673,0.517451041342866,1224
6006,1232.7437871308673,0.517451041342866,1224
6007,1232.7437871308673,0.517451041342866,1224
6008,1232.7437871308673,0.517451041342866,1224
6009,1232.7437871308673,0.517451041342866,1224
6010,1232.7437871308673,0.517451041342866,1224
6011,1232.7437871308673,0.517451041342866,1224
6012,1232.7437871308673,0.517451041342866,1224
6013,1232.7437871308673,0.517451041342866,1224
6014,1232.7437871308673,0.517451041342866,1224
6015,1232.7437871308673,0.517451041342866,1224
6016,1232.7437871308673,0.517451041342866,1224
6017,1232.7437871308673,0.517451041342866,1224
6018,1232.7437871308673,0.517451041342866,1224
6019,1232.7437871308673,0.517451041342866,1224
6020,1232.7437871308673,0.517451041342866,1224
6021,1232.7437871308673,0.517451041342866,1224
6022,1232.7437871308673,0.517451041342866,1224
6023,1232.7437871308673,0.517451041342866,1224
6024,1232.7437871308673,0.517451041342866,1224
6025,1232.7437871308673,0.517451041342866,1224
6026,1232.7437871308673,0.517451041342866,1224
6027,1232.7437871308673,0.517451041342866,1224
6028,1232.7437871308673,0.517451041342866,1224
6029,1232.7437871308673,0.517451041342866,1224
6030,1232.7437871308673,0.517451041342866,1224
6031,1232.7437871308673,0.517451041342866,1224
6032,1232.7437871308673,0.517451041342866,1224
6033,1232.7437871308673,0.517451041342866,1224
6034,1232.7437871308673,0.517451041342866,1224
6035,1232.7437871308673,0.517451041342866,1224
6036,1232.7437871308673,0.517451041342866,1224
6037,1232.7437871308673,0.517451041342866,1224
6038,1232.7437871308673,0.517451041342866,1224
6039,1232.7437871308673,0.517451041342866,1224
6040,1232.7437871308673,0.517451041342866,1224
6041,1232.7437871308673,0.517451041342866,1224
6042,1232.7437871308673,0.517451041342866,1224
6043,1232.7437871308673,0.517451041342866,1224
6044,1232.7437871308673,0.517451041342866,1224
6045,1232.7437871308673,0.517451041342866,1224
6046,1232.7437871308673,0.517451041342866,1224
6047,1232.7437871308673,0.517451041342866,1224
6048,1232.7437871308673,0.517451041342866,1224
6049,1232.7437871308673,0.517451041342866,1224
6050,1232.7437871308673,0.517451041342866,1224
6051,1232.7437871308673,0.517451041342866,1224
6052,1232.7437871308673,0.517451041342866,1224
6053,1232.7437871308673,0.517451041342866,1224
6054,1232.7437871308673,0.517451041342866,1224
6055,1232.7437871308673,0.517451041342866,1224
6056,1232.7437871308673,0.517451041342866,1224
6057,1232.7437871308673,0.517451041342866,1224
6058,1232.7437871308673,0.517451041342866,1224
6059,1232.7437871308673,0.517451041342866,1224
6060,1232.7437871308673,0.517451041342866,1224
6061,1232.7437871308673,0.517451041342866,1224
6062,1232.7437871308673,0.517451041342866,1224
6063,1232.7437871308673,0.517451041342866,1224
6064,1232.7437871308673,0.517451041342866,1224
6065,1232.7437871308673,0.517451041342866,1224
6066,1232.7437871308673,0.517451041342866,1224
6067,1232.7437871308673,0.517451041342866,1224
6068,1232.7437871308673,0.517451041342866,1224
6069,1232.7437871308673,0.517451041342866,1224
6070,1232.7437871308673,0.517451041342866,1224
6071,1232.7437871308673,0.517451041342866,1224
6072,1232.7437871308673,0.517451041342866,1224
6073,1232.7437871308673,0.517451041342866,1224
6074,1232.7437871308673,0.517451041342866,1224
6075,1232.7437871308673,0.517451041342866,1224
6076,1232.7437871308673,0.517451041342866,1224
6077,1232.7437871308673,0.517451041342866,1224
6078,1232.7437871308673,0.517451041342866,1224
6079,1232.7437871308673,0.517451041342866,1224
6080,1232.7437871308673,0.517451041342866,1224
6081,1232.7437871308673,0.517451041342866,1224
6082,1232.7437871308673,0.517451041342866,1224
6083,1232.7437871308673,0.517451041342866,1224
6084,1232.7437871308673,0.517451041342866,1224
6085,1232.7437871308673,0.517451041342866,1224
6086,1232.7437871308673,0.517451041342866,1224
6087,1232.7437871308673,0.517451041342866,1224
6088,1232.7437871308673,0.517451041342866,1224
6089,1232.7437871308673,0.517451041342866,1224
6090,1232.7437871308673,0.517451041342866,1224
6091,1232.7437871308673,0.517451041342866,1224
6092,1232.7437871308673,0.517451041342866,1224
6093,1232.7437871308673,0.517451041342866,1224
6094,1232.7437871308673,0.517451041342866,1224
6095,1232.7437871308673,0.517451041342866,1224
6096,1232.7437871308673,0.517451041342866,1224
6097,1232.7437871308673,0.517451041342866,1224
6098,1232.7437871308673,0.517451041342866,1224
6099,1232.7437871308673,0.517451041342866,1224
6100,1232.7437871308673,0.517451041342866,1224
6101,1232.7437871308673,0.517451041342866,1224
6102,1232.7437871308673,0.517451041342866,1224
6103,1232.7437871308673,0.517451041342866,1224
6104,1232.7437871308673,0.517451041342866,1224
6105,1232.7437871308673,0.517451041342866,1224
6106,1232.7437871308673,0.517451041342866,1224
6107,1232.7437871308673,0.517451041342866,1224
6108,1232.7437871308673,0.517451041342866,1224
6109,1232.7437871308673,0.517451041342866,1224
6110,1232.7437871308673,0.517451041342866,1224
6111,1232.7437871308673,0.517451041342866,1224
6112,1232.7437871308673,0.517451041342866,1224
6113,1232.7437871308673,0.517451041342866,1224
6114,1232.7437871308673,0.517451041342866,1224
6115,1232.7437871308673,0.517451041342866,1224
6116,1232.7437871308673,0.517451041342866,1224
6117,1232.7437871308673,0.517451041342866,1224
6118,1232.7437871308673,0.517451041342866,1224
6119,1232.7437871308673,0.517451041342866,1224
6120,1232.7437871308673,0.517451041342866,1224
6121,1232.7437871308673,0.517451041342866,1224
6122,1232.7437871308673,0.517451041342866,1224
6123,1232.7437871308673,0.517451041342866,1224
6124,1232.7437871308673,0.517451041342866,1224
6125,1232.7437871308673,0.517451041342866,1224
6126,1232.7437871308673,0.517451041342866,1224
6127,1232.7437871308673,0.517451041342866,1224
6128,1232.7437871308673,0.517451041342866,1224
6129,1232.7437871308673,0.517451041342866,1224
6130,1232.7437871308673,0.517451041342866,1224
6131,1232.7437871308673,0.517451041342866,1224
6132,1232.7437871308673,0.517451041342866,1224
6133,1232.7437871308673,0.517451041342866,1224
6134,1232.7437871308673,0.517451041342866,1224
6135,1232.7437871308673,0.517451041342866,1224
6136,1232.7437871308673,0.517451041342866,1224
6137,1232.7437871308673,0.517451041342866,1224
6138,1232.7437871308673,0.517451041342866,1224
6139,1232.7437871308673,0.517451041342866,1224
6140,1232.7437871308673,0.517451041342866,1224
6141,1232.7437871308673,0.517451041342866,1224
6142,1232.7437871308673,0.517451041342866,1224
6143,1232.7437871308673,0.517451041342866,1224
6144,1232.7437871308673,0.517451041342866,1224
6145,1232.7437871308673,0.517451041342866,1224
6146,1232.7437871308673,0.517451041342866,1224
6147,1232.7437871308673,0.517451041342866,1224
6148,1232.7437871308673,0.517451041342866,1224
6149,1232.7437871308673,0.517451041342866,1224
6150,1232.7437871308673,0.517451041342866,1224
6151,1232.7437871308673,0.517451041342866,1224
6152,1232.7437871308673,0.517451041342866,1224
6153,1232.7437871308673,0.517451041342866,1224
6154,1232.7437871308673,0.517451041342866,1224
6155,1232.7437871308673,0.517451041342866,1224
6156,1232.7437871308673,0.517451041342866,1224
6157,1232.7437871308673,0.517451041342866,1224
6158,1232.7437871308673,0.517451041342866,1224
6159,1232.7437871308673,0.517451041342866,1224
6160,1232.7437871308673,0.517451041342866,1224
6161,1232.7437871308673,0.517451041342866,1224
6162,1232.7437871308673,0.517451041342866,1224
6163,1232.7437871308673,0.517451041342866,1224
6164,1232.7437871308673,0.517451041342866,1224
6165,1232.7437871308673,0.517451041342866,1224
6166,1232.7437871308673,0.517451041342866,1224
6167,1232.7437871308673,0.517451041342866,1224
6168,1232.7437871308673,0.517451041342866,1224
6169,1232.7437871308673,0.517451041342866,1224
6170,1232.7437871308673,0.517451041342866,1224
6171,1232.7437871308673,0.517451041342866,1224
6172,1232.7437871308673,0.517451041342866,1224
6173,1232.7437871308673,0.517451041342866,1224
6174,1232.7437871308673,0.517451041342866,1224
6175,1232.7437871308673,0.517451041342866,1224
6176,1232.7437871308673,0.517451041342866,1224
6177,1232.7437871308673,0.517451041342866,1224
6178,1232.7437871308673,0.517451041342866,1224
6179,1232.7437871308673,0.517451041342866,1224
6180,1232.7437871308673,0.517451041342866,1224
6181,1232.7437871308673,0.517451041342866,1224
6182,1232.7437871308673,0.517451041342866,1224
6183,1232.7437871308673,0.517451041342866,1224
6184,1232.7437871308673,0.517451041342866,1224
6185,1232.7437871308673,0.517451041342866,1224
6186,1232.7437871308673,0.517451041342866,1224
6187,1232.7437871308673,0.517451041342866,1224
6188,1232.7437871308673,0.517451041342866,1224
6189,1232.7437871308673,0.517451041342866,1224
6190,1232.7437871308673,0.517451041342866,1224
6191,1232.7437871308673,0.517451041342866,1224
6192,1232.7437871308673,0.517451041342866,1224
6193,1232.7437871308673,0.517451041342866,1224
6194,1232.7437871308673,0.517451041342866,1224
6195,1232.7437871308673,0.517451041342866,1224
6196,1232.7437871308673,0.517451041342866,1224
6197,1232.7437871308673,0.517451041342866,1224
6198,1232.7437871308673,0.517451041342866,1224
6199,1232.7437871308673,0.517451041342866,1224
6200,1232.7437871308673,0.517451041342866,1224
6201,1232.7437871308673,0.517451041342866,1224
6202,1232.7437871308673,0.517451041342866,1224
6203,1232.7437871308673,0.517451041342866,1224
6204,1232.7437871308673,0.517451041342866,1224
6205,1232.7437871308673,0.517451041342866,1224
6206,1232.7437871308673,0.517451041342866,1224
6207,1232.7437871308673,0.517451041342866,1224
6208,1232.7437871308673,0.517451041342866,1224
6209,1232.7437871308673,0.517451041342866,1224
6210,1232.7437871308673,0.517451041342866,1224
6211,1232.7437871308673,0.517451041342866,1224
6212,1232.7437871308673,0.517451041342866,1224
6213,1232.7437871308673,0.517451041342866,1224
6214,1232.7437871308673,0.517451041342866,1224
6215,1232.7437871308673,0.517451041342866,1224
6216,1232.7437871308673,0.517451041342866,1224
6217,1232.7437871308673,0.517451041342866,1224
6218,1232.7437871308673,0.517451041342866,1224
6219,1232.7437871308673,0.517451041342866,1224
6220,1232.7437871308673,0.517451041342866,1224
6221,1232.7437871308673,0.517451041342866,1224
6222,1232.7437871308673,0.517451041342866,1224
6223,1232.7437871308673,0.517451041342866,1224
6224,1232.7437871308673,0.517451041342866,1224
6225,1232.7437871308673,0.517451041342866,1224
6226,1232.7437871308673,0.517451041342866,1224
6227,1232.7437871308673,0.517451041342866,1224
6228,1232.7437871308673,0.517451041342866,1224
6229,1232.7437871308673,0.517451041342866,1224
6230,1232.7437871308673,0.517451041342866,1224
6231,1232.7437871308673,0.517451041342866,1224
6232,1232.7437871308673,0.517451041342866,1224
6233,1232.7437871308673,0.517451041342866,1224
6234,1232.7437871308673,0.517451041342866,1224
6235,1232.7437871308673,0.517451041342866,1224
6236,1232.7437871308673,0.517451041342866,1224
6237,1232.7437871308673,0.517451041342866,1224
6238,1232.7437871308673,0.517451041342866,1224
6239,1232.7437871308673,0.517451041342866,1224
6240,1232.7437871308673,0.517451041342866,1224
6241,1232.7437871308673,0.517451041342866,1224
6242,1232.7437871308673,0.517451041342866,1224
6243,1232.7437871308673,0.517451041342866,1224
6244,1232.7437871308673,0.517451041342866,1224
6245,1232.7437871308673,0.517451041342866,1224
6246,1232.7437871308673,0.517451041342866,1224
6247,1232.7437871308673,0.517451041342866,1224
6248,1232.7437871308673,0.517451041342866,1224
6249,1232.7437871308673,0.517451041342866,1224
6250,1232.7437871308673,0.517451041342866,1224
6251,1232.7437871308673,0.517451041342866,1224
6252,1232.7437871308673,0.517451041342866,1224
6253,1232.7437871308673,0.517451041342866,1224
6254,1232.7437871308673,0.517451041342866,1224
6255,1232.7437871308673,0.517451041342866,1224
6256,1232.7437871308673,0.517451041342866,1224
6257,1232.7437871308673,0.517451041342866,1224
6258,1232.7437871308673,0.517451041342866,1224
6259,1232.7437871308673,0.517451041342866,1224
6260,1232.7437871308673,0.517451041342866,1224
6261,1232.7437871308673,0.517451041342866,1224
6262,1232.7437871308673,0.517451041342866,1224
6263,1232.7437871308673,0.517451041342866,1224
6264,1232.7437871308673,0.517451041342866,1224
6265,1232.7437871308673,0.517451041342866,1224
6266,1232.7437871308673,0.517451041342866,1224
6267,1232.7437871308673,0.517451041342866,1224
6268,1232.7437871308673,0.517451041342866,1224
6269,1232.7437871308673,0.517451041342866,1224
6270,1232.7437871308673,0.517451041342866,1224
6271,1232.7437871308673,0.517451041342866,1224
6272,1232.7437871308673,0.517451041342866,1224
6273,1232.7437871308673,0.517451041342866,1224
6274,1232.7437871308673,0.517451041342866,1224
6275,1232.7437871308673,0.517451041342866,1224
6276,1232.7437871308673,0.517451041342866,1224
6277,1232.7437871308673,0.517451041342866,1224
6278,1232.7437871308673,0.517451041342866,1224
6279,1232.7437871308673,0.517451041342866,1224
6280,1232.7437871308673,0.517451041342866,1224
6281,1232.7437871308673,0.517451041342866,1224
6282,1232.7437871308673,0.517451041342866,1224
6283,1232.7437871308673,0.517451041342866,1224
6284,1232.7437871308673,0.517451041342866,1224
6285,1232.7437871308673,0.517451041342866,1224
6286,1232.7437871308673,0.517451041342866,1224
6287,1232.7437871308673,0.517451041342866,1224
6288,1232.7437871308673,0.517451041342866,1224
6289,1232.7437871308673,0.517451041342866,1224
6290,1232.7437871308673,0.517451041342866,1224
6291,1232.7437871308673,0.517451041342866,1224
6292,1232.7437871308673,0.517451041342866,1224
6293,1232.7437871308673,0.517451041342866,1224
6294,1232.7437871308673,0.517451041342866,1224
6295,1232.7437871308673,0.517451041342866,1224
6296,1232.7437871308673,0.517451041342866,1224
6297,1232.7437871308673,0.517451041342866,1224
6298,1232.7437871308673,0.517451041342866,1224
6299,1232.7437871308673,0.517451041342866,1224
6300,1232.7437871308673,0.517451041342866,1224
6301,1232.7437871308673,0.517451041342866,1224
6302,1232.7437871308673,0.517451041342866,1224
6303,1232.7437871308673,0.517451041342866,1224
6304,1232.7437871308673,0.517451041342866,1224
6305,1232.7437871308673,0.517451041342866,1224
6306,1232.7437871308673,0.517451041342866,1224
6307,1232.7437871308673,0.517451041342866,1224
6308,1232.7437871308673,0.517451041342866,1224
6309,1232.7437871308673,0.517451041342866,1224
6310,1232.7437871308673,0.517451041342866,1224
6311,1232.7437871308673,0.517451041342866,1224
6312,1232.7437871308673,0.517451041342866,1224
6313,1232.7437871308673,0.517451041342866,1224
6314,1232.7437871308673,0.517451041342866,1224
6315,1232.7437871308673,0.517451041342866,1224
6316,1232.7437871308673,0.517451041342866,1224
6317,1232.7437871308673,0.517451041342866,1224
6318,1232.7437871308673,0.517451041342866,1224
6319,1232.7437871308673,0.517451041342866,1224
6320,1232.7437871308673,0.517451041342866,1224
6321,1232.7437871308673,0.517451041342866,1224
6322,1232.7437871308673,0.517451041342866,1224
6323,1232.7437871308673,0.517451041342866,1224
6324,1232.7437871308673,0.517451041342866,1224
6325,1232.7437871308673,0.517451041342866,1224
6326,1232.7437871308673,0.517451041342866,1224
6327,1232.7437871308673,0.517451041342866,1224
6328,1232.7437871308673,0.517451041342866,1224
6329,1232.7437871308673,0.517451041342866,1224
6330,1232.7437871308673,0.517451041342866,1224
6331,1232.7437871308673,0.517451041342866,1224
6332,1232.7437871308673,0.517451041342866,1224
6333,1232.7437871308673,0.517451041342866,1224
6334,1232.7437871308673,0.517451041342866,1224
6335,1232.7437871308673,0.517451041342866,1224
6336,1232.7437871308673,0.517451041342866,1224
6337,1232.7437871308673,0.517451041342866,1224
6338,1232.7437871308673,0.517451041342866,1224
6339,1232.7437871308673,0.517451041342866,1224
6340,1232.7437871308673,0.517451041342866,1224
6341,1232.7437871308673,0.517451041342866,1224
6342,1232.7437871308673,0.517451041342866,1224
6343,1232.7437871308673,0.517451041342866,1224
6344,1232.7437871308673,0.517451041342866,1224
6345,1232.7437871308673,0.517451041342866,1224
6346,1232.7437871308673,0.517451041342866,1224
6347,1232.7437871308673,0.517451041342866,1224
6348,1232.7437871308673,0.517451041342866,1224
6349,1232.7437871308673,0.517451041342866,1224
6350,1232.7437871308673,0.517451041342866,1224
6351,1232.7437871308673,0.517451041342866,1224
6352,1232.7437871308673,0.517451041342866,1224
6353,1232.7437871308673,0.517451041342866,1224
6354,1232.7437871308673,0.517451041342866,1224
6355,1232.7437871308673,0.517451041342866,1224
6356,1232.7437871308673,0.517451041342866,1224
6357,1232.7437871308673,0.517451041342866,1224
6358,1232.7437871308673,0.517451041342866,1224
6359,1232.7437871308673,0.517451041342866,1224
6360,1232.7437871308673,0.517451041342866,1224
6361,1232.7437871308673,0.517451041342866,1224
6362,1232.7437871308673,0.517451041342866,1224
6363,1232.7437871308673,0.517451041342866,1224
6364,1232.7437871308673,0.517451041342866,1224
6365,1232.7437871308673,0.517451041342866,1224
6366,1232.7437871308673,0.517451041342866,1224
6367,1232.7437871308673,0.517451041342866,1224
6368,1232.7437871308673,0.517451041342866,1224
6369,1232.7437871308673,0.517451041342866,1224
6370,1232.7437871308673,0.517451041342866,1224
6371,1232.7437871308673,0.517451041342866,1224
6372,1232.7437871308673,0.517451041342866,1224
6373,1232.7437871308673,0.517451041342866,1224
6374,1232.7437871308673,0.517451041342866,1224
6375,1232.7437871308673,0.517451041342866,1224
6376,1232.7437871308673,0.517451041342866,1224
6377,1232.7437871308673,0.517451041342866,1224
6378,1232.7437871308673,0.517451041342866,1224
6379,1232.7437871308673,0.517451041342866,1224
6380,1232.7437871308673,0.517451041342866,1224
6381,1232.7437871308673,0.517451041342866,1224
6382,1232.7437871308673,0.517451041342866,1224
6383,1232.7437871308673,0.517451041342866,1224
6384,1232.7437871308673,0.517451041342866,1224
6385,1232.7437871308673,0.517451041342866,1224
6386,1232.7437871308673,0.517451041342866,1224
6387,1232.7437871308673,0.517451041342866,1224
6388,1232.7437871308673,0.517451041342866,1224
6389,1232.7437871308673,0.517451041342866,1224
6390,1232.7437871308673,0.517451041342866,1224
6391,1232.7437871308673,0.517451041342866,1224
6392,1232.7437871308673,0.517451041342866,1224
6393,1232.7437871308673,0.517451041342866,1224
6394,1232.7437871308673,0.517451041342866,1224
6395,1232.7437871308673,0.517451041342866,1224
6396,1232.7437871308673,0.517451041342866,1224
6397,1232.7437871308673,0.517451041342866,1224
6398,1232.7437871308673,0.517451041342866,1224
6399,1232.7437871308673,0.517451041342866,1224
6400,1232.7437871308673,0.517451041342866,1224
6401,1232.7437871308673,0.517451041342866,1224
6402,1232.7437871308673,0.517451041342866,1224
6403,1232.7437871308673,0.517451041342866,1224
6404,1232.7437871308673,0.517451041342866,1224
6405,1232.7437871308673,0.517451041342866,1224
6406,1232.7437871308673,0.517451041342866,1224
6407,1232.7437871308673,0.517451041342866,1224
6408,1232.7437871308673,0.517451041342866,1224
6409,1232.7437871308673,0.517451041342866,1224
6410,1232.7437871308673,0.517451041342866,1224
6411,1232.7437871308673,0.517451041342866,1224
6412,1232.7437871308673,0.517451041342866,1224
6413,1232.7437871308673,0.517451041342866,1224
6414,1232.7437871308673,0.517451041342866,1224
6415,1232.7437871308673,0.517451041342866,1224
6416,1232.7437871308673,0.517451041342866,1224
6417,1232.7437871308673,0.517451041342866,1224
6418,1232.7437871308673,0.517451041342866,1224
6419,1232.7437871308673,0.517451041342866,1224
6420,1232.7437871308673,0.517451041342866,1224
6421,1232.7437871308673,0.517451041342866,1224
6422,1232.7437871308673,0.517451041342866,1224
6423,1232.7437871308673,0.517451041342866,1224
6424,1232.7437871308673,0.517451041342866,1224
6425,1232.7437871308673,0.517451041342866,1224
6426,1232.7437871308673,0.517451041342866,1224
6427,1232.7437871308673,0.517451041342866,1224
6428,1232.7437871308673,0.517451041342866,1224
6429,1232.7437871308673,0.517451041342866,1224
6430,1232.7437871308673,0.517451041342866,1224
6431,1232.7437871308673,0.517451041342866,1224
6432,1232.7437871308673,0.517451041342866,1224
6433,1232.7437871308673,0.517451041342866,1224
6434,1232.7437871308673,0.517451041342866,1224
6435,1240.7458748079364,0.5173358273765782,1232
6436,1240.7458748079364,0.5173358273765782,1232
6437,1240.7458748079364,0.5173358273765782,1232
6438,1240.7458748079364,0.5173358273765782,1232
6439,1240.7458748079364,0.5173358273765782,1232
6440,1240.7458748079364,0.5173358273765782,1232
6441,1240.7458748079364,0.5173358273765782,1232
6442,1240.7458748079364,0.5173358273765782,1232
6443,1240.7458748079364,0.5173358273765782,1232
6444,1240.7458748079364,0.5173358273765782,1232
6445,1240.7458748079364,0.5173358273765782,1232
6446,1240.7458748079364,0.5173358273765782,1232
6447,1240.7458748079364,0.5173358273765782,1232
6448,1240.7458748079364,0.5173358273765782,1232
6449,1240.7458748079364,0.5173358273765782,1232
6450,1240.7458748079364,0.5173358273765782,1232
6451,1240.7458748079364,0.5173358273765782,1232
6452,1240.7458748079364,0.5173358273765782,1232
6453,1240.7458748079364,0.5173358273765782,1232
6454,1240.7458748079364,0.5173358273765782,1232
6455,1240.7458748079364,0.5173358273765782,1232
6456,1240.7458748079364,0.5173358273765782,1232
6457,1240.7458748079364,0.5173358273765782,1232
6458,1240.7458748079364,0.5173358273765782,1232
6459,1240.7458748079364,0.5173358273765782,1232
6460,1240.7458748079364,0.5173358273765782,1232
6461,1240.7458748079364,0.5173358273765782,1232
6462,1240.7458748079364,0.5173358273765782,1232
6463,1240.7458748079364,0.5173358273765782,1232
6464,1240.7458748079364,0.5173358273765782,1232
6465,1240.7458748079364,0.5173358273765782,1232
6466,1240.7458748079364,0.5173358273765782,1232
6467,1240.7458748079364,0.5173358273765782,1232
6468,1240.7458748079364,0.5173358273765782,1232
6469,1240.7458748079364,0.5173358273765782,1232
6470,1240.7458748079364,0.5173358273765782,1232
6471,1240.7458748079364,0.5173358273765782,1232
6472,1240.7458748079364,0.5173358273765782,1232
6473,1240.7458748079364,0.5173358273765782,1232
6474,1240.7458748079364,0.5173358273765782,1232
6475,1240.7458748079364,0.5173358273765782,1232
6476,1240.7458748079364,0.5173358273765782,1232
6477,1240.7458748079364,0.5173358273765782,1232
6478,1240.7458748079364,0.5173358273765782,1232
6479,1240.7458748079364,0.5173358273765782,1232
6480,1240.7458748079364,0.5173358273765782,1232
6481,1240.7458748079364,0.5173358273765782,1232
6482,1240.7458748079364,0.5173358273765782,1232
6483,1240.7458748079364,0.5173358273765782,1232
6484,1240.7458748079364,0.5173358273765782,1232
6485,1240.7458748079364,0.5173358273765782,1232
6486,1240.7458748079364,0.5173358273765782,1232
6487,1240.7458748079364,0.5173358273765782,1232
6488,1240.7458748079364,0.5173358273765782,1232
6489,1240.7458748079364,0.5173358273765782,1232
6490,1240.7458748079364,0.5173358273765782,1232
6491,1240.7458748079364,0.5173358273765782,1232
6492,1240.7458748079364,0.5173358273765782,1232
6493,1240.7458748079364,0.5173358273765782,1232
6494,1240.7458748079364,0.5173358273765782,1232
6495,1240.7458748079364,0.5173358273765782,1232
6496,1240.7458748079364,0.5173358273765782,1232
6497,1240.7458748079364,0.5173358273765782,1232
6498,1240.7458748079364,0.5173358273765782,1232
6499,1240.7458748079364,0.5173358273765782,1232
6500,1240.7458748079364,0.5173358273765782,1232
6501,1240.7458748079364,0.5173358273765782,1232
6502,1240.7458748079364,0.5173358273765782,1232
6503,1240.7458748079364,0.5173358273765782,1232
6504,1240.7458748079364,0.5173358273765782,1232
6505,1240.7458748079364,0.5173358273765782,1232
6506,1240.7458748079364,0.5173358273765782,1232
6507,1240.7458748079364,0.5173358273765782,1232
6508,1240.7458748079364,0.5173358273765782,1232
6509,1240.7458748079364,0.5173358273765782,1232
6510,1240.7458748079364,0.5173358273765782,1232
6511,1240.7458748079364,0.5173358273765782,1232
6512,1240.7458748079364,0.5173358273765782,1232
6513,1240.7458748079364,0.5173358273765782,1232
6514,1240.7458748079364,0.5173358273765782,1232
6515,1240.7458748079364,0.5173358273765782,1232
6516,1240.7458748079364,0.5173358273765782,1232
6517,1240.7458748079364,0.5173358273765782,1232
6518,1240.7458748079364,0.5173358273765782,1232
6519,1240.7458748079364,0.5173358273765782,1232
6520,1240.7458748079364,0.5173358273765782,1232
6521,1240.7458748079364,0.5173358273765782,1232
6522,1240.7458748079364,0.5173358273765782,1232
6523,1240.7458748079364,0.5173358273765782,1232
6524,1240.7458748079364,0.5173358273765782,1232
6525,1240.7458748079364,0.5173358273765782,1232
6526,1240.7458748079364,0.5173358273765782,1232
6527,1240.7458748079364,0.5173358273765782,1232
6528,1240.7458748079364,0.5173358273765782,1232
6529,1240.7458748079364,0.5173358273765782,1232
6530,1240.7458748079364,0.5173358273765782,1232
6531,1240.7458748079364,0.5173358273765782,1232
6532,1240.7458748079364,0.5173358273765782,1232
6533,1240.7458748079364,0.5173358273765782,1232
6534,1240.7458748079364,0.5173358273765782,1232
6535,1240.7458748079364,0.5173358273765782,1232
6536,1240.7458748079364,0.5173358273765782,1232
6537,1240.7458748079364,0.5173358273765782,1232
6538,1240.7458748079364,0.5173358273765782,1232
6539,1240.7458748079364,0.5173358273765782,1232
6540,1240.7458748079364,0.5173358273765782,1232
6541,1240.7458748079364,0.5173358273765782,1232
6542,1240.7458748079364,0.5173358273765782,1232
6543,1240.7458748079364,0.5173358273765782,1232
6544,1240.7458748079364,0.5173358273765782,1232
6545,1240.7458748079364,0.5173358273765782,1232
6546,1240.7458748079364,0.5173358273765782,1232
6547,1240.7458748079364,0.5173358273765782,1232
6548,1240.7458748079364,0.5173358273765782,1232
6549,1240.7458748079364,0.5173358273765782,1232
6550,1240.7458748079364,0.5173358273765782,1232
6551,1240.7458748079364,0.5173358273765782,1232
6552,1240.7458748079364,0.5173358273765782,1232
6553,1240.7458748079364,0.5173358273765782,1232
6554,1240.7458748079364,0.5173358273765782,1232
6555,1240.7458748079364,0.5173358273765782,1232
6556,1240.7458748079364,0.5173358273765782,1232
6557,1240.7458748079364,0.5173358273765782,1232
6558,1240.7458748079364,0.5173358273765782,1232
6559,1240.7458748079364,0.5173358273765782,1232
6560,1240.7458748079364,0.5173358273765782,1232
6561,1240.7458748079364,0.5173358273765782,1232
6562,1240.7458748079364,0.5173358273765782,1232
6563,1240.7458748079364,0.5173358273765782,1232
6564,1240.7458748079364,0.5173358273765782,1232
6565,1240.7458748079364,0.5173358273765782,1232
6566,1240.7458748079364,0.5173358273765782,1232
6567,1240.7458748079364,0.5173358273765782,1232
6568,1240.7458748079364,0.5173358273765782,1232
6569,1240.7458748079364,0.5173358273765782,1232
6570,1240.7458748079364,0.5173358273765782,1232
6571,1240.7458748079364,0.5173358273765782,1232
6572,1240.7458748079364,0.5173358273765782,1232
6573,1240.7458748079364,0.5173358273765782,1232
6574,1240.7458748079364,0.5173358273765782,1232
6575,1240.7458748079364,0.5173358273765782,1232
6576,1240.7458748079364,0.5173358273765782,1232
6577,1240.7458748079364,0.5173358273765782,1232
6578,1240.7458748079364,0.5173358273765782,1232
6579,1240.7458748079364,0.5173358273765782,1232
6580,1240.7458748079364,0.5173358273765782,1232
6581,1240.7458748079364,0.5173358273765782,1232
6582,1240.7458748079364,0.5173358273765782,1232
6583,1240.7458748079364,0.5173358273765782,1232
6584,1240.7458748079364,0.5173358273765782,1232
6585,1240.7458748079364,0.5173358273765782,1232
6586,1240.7458748079364,0.5173358273765782,1232
6587,1240.7458748079364,0.5173358273765782,1232
6588,1240.7458748079364,0.5173358273765782,1232
6589,1240.7458748079364,0.5173358273765782,1232
6590,1240.7458748079364,0.5173358273765782,1232
6591,1240.7458748079364,0.5173358273765782,1232
6592,1240.7458748079364,0.5173358273765782,1232
6593,1240.7458748079364,0.5173358273765782,1232
6594,1240.7458748079364,0.5173358273765782,1232
6595,1240.7458748079364,0.5173358273765782,1232
6596,1240.7458748079364,0.5173358273765782,1232
6597,1240.7458748079364,0.5173358273765782,1232
6598,1240.7458748079364,0.5173358273765782,1232
6599,1240.7458748079364,0.5173358273765782,1232
6600,1240.7458748079364,0.5173358273765782,1232
6601,1240.7458748079364,0.5173358273765782,1232
6602,1240.7458748079364,0.5173358273765782,1232
6603,1240.7458748079364,0.5173358273765782,1232
6604,1240.7458748079364,0.5173358273765782,1232
6605,1240.7458748079364,0.5173358273765782,1232
6606,1240.7458748079364,0.5173358273765782,1232
6607,1240.7458748079364,0.5173358273765782,1232
6608,1240.7458748079364,0.5173358273765782,1232
6609,1240.7458748079364,0.5173358273765782,1232
6610,1240.7458748079364,0.5173358273765782,1232
6611,1240.7458748079364,0.5173358273765782,1232
6612,1240.7458748079364,0.5173358273765782,1232
6613,1240.7458748079364,0.5173358273765782,1232
6614,1240.7458748079364,0.5173358273765782,1232
6615,1240.7458748079364,0.5173358273765782,1232
6616,1240.7458748079364,0.5173358273765782,1232
6617,1240.7458748079364,0.5173358273765782,1232
6618,1240.7458748079364,0.5173358273765782,1232
6619,1240.7458748079364,0.5173358273765782,1232
6620,1240.7458748079364,0.5173358273765782,1232
6621,1240.7458748079364,0.5173358273765782,1232
6622,1240.7458748079364,0.5173358273765782,1232
6623,1240.7458748079364,0.5173358273765782,1232
6624,1240.7458748079364,0.5173358273765782,1232
6625,1240.7458748079364,0.5173358273765782,1232
6626,1240.7458748079364,0.5173358273765782,1232
6627,1240.7458748079364,0.5173358273765782,1232
6628,1240.7458748079364,0.5173358273765782,1232
6629,1240.7458748079364,0.5173358273765782,1232
6630,1240.7458748079364,0.5173358273765782,1232
6631,1240.7458748079364,0.5173358273765782,1232
6632,1240.7458748079364,0.5173358273765782,1232
6633,1240.7458748079364,0.5173358273765782,1232
6634,1240.7458748079364,0.5173358273765782,1232
6635,1240.7458748079364,0.5173358273765782,1232
6636,1240.7458748079364,0.5173358273765782,1232
6637,1240.7458748079364,0.5173358273765782,1232
6638,1240.7458748079364,0.5173358273765782,1232
6639,1240.7458748079364,0.5173358273765782,1232
6640,1240.7458748079364,0.5173358273765782,1232
6641,1240.7458748079364,0.5173358273765782,1232
6642,1240.7458748079364,0.5173358273765782,1232
6643,1240.7458748079364,0.5173358273765782,1232
6644,1240.7458748079364,0.5173358273765782,1232
6645,1240.7458748079364,0.5173358273765782,1232
6646,1240.7458748079364,0.5173358273765782,1232
6647,1240.7458748079364,0.5173358273765782,1232
6648,1240.7458748079364,0.5173358273765782,1232
6649,1240.7458748079364,0.5173358273765782,1232
6650,1240.7458748079364,0.5173358273765782,1232
6651,1240.7458748079364,0.5173358273765782,1232
6652,1240.7458748079364,0.5173358273765782,1232
6653,1240.7458748079364,0.5173358273765782,1232
6654,1240.7458748079364,0.5173358273765782,1232
6655,1240.7458748079364,0.5173358273765782,1232
6656,1240.7458748079364,0.5173358273765782,1232
6657,1240.7458748079364,0.5173358273765782,1232
6658,1240.7458748079364,0.5173358273765782,1232
6659,1240.7458748079364,0.5173358273765782,1232
6660,1240.7458748079364,0.5173358273765782,1232
6661,1240.7458748079364,0.5173358273765782,1232
6662,1240.7458748079364,0.5173358273765782,1232
6663,1240.7458748079364,0.5173358273765782,1232
6664,1240.7458748079364,0.5173358273765782,1232
6665,1240.7458748079364,0.5173358273765782,1232
6666,1240.7458748079364,0.5173358273765782,1232
6667,1240.7458748079364,0.5173358273765782,1232
6668,1240.7458748079364,0.5173358273765782,1232
6669,1240.7458748079364,0.5173358273765782,1232
6670,1240.7458748079364,0.5173358273765782,1232
6671,1240.7458748079364,0.5173358273765782,1232
6672,1240.7458748079364,0.5173358273765782,1232
6673,1240.7458748079364,0.5173358273765782,1232
6674,1240.7458748079364,0.5173358273765782,1232
6675,1240.7458748079364,0.5173358273765782,1232
6676,1240.7458748079364,0.5173358273765782,1232
6677,1240.7458748079364,0.5173358273765782,1232
6678,1240.7458748079364,0.5173358273765782,1232
6679,1240.7458748079364,0.5173358273765782,1232
6680,1240.7458748079364,0.5173358273765782,1232
6681,1240.7458748079364,0.5173358273765782,1232
6682,1240.7458748079364,0.5173358273765782,1232
6683,1240.7458748079364,0.5173358273765782,1232
6684,1240.7458748079364,0.5173358273765782,1232
6685,1240.7458748079364,0.5173358273765782,1232
6686,1240.7458748079364,0.5173358273765782,1232
6687,1240.7458748079364,0.5173358273765782,1232
6688,1240.7458748079364,0.5173358273765782,1232
6689,1240.7458748079364,0.5173358273765782,1232
6690,1240.7458748079364,0.5173358273765782,1232
6691,1240.7458748079364,0.5173358273765782,1232
6692,1240.7458748079364,0.5173358273765782,1232
6693,1240.7458748079364,0.5173358273765782,1232
6694,1240.7458748079364,0.5173358273765782,1232
6695,1238.7453554764925,0.5173644880522966,1230
6696,1238.7453554764925,0.5173644880522966,1230
6697,1238.7453554764925,0.5173644880522966,1230
6698,1238.7453554764925,0.5173644880522966,1230
6699,1238.7453554764925,0.5173644880522966,1230
6700,1238.7453554764925,0.5173644880522966,1230
6701,1238.7453554764925,0.5173644880522966,1230
6702,1238.7453554764925,0.5173644880522966,1230
6703,1238.7453554764925,0.5173644880522966,1230
6704,1238.7453554764925,0.5173644880522966,1230
6705,1238.7453554764925,0.5173644880522966,1230
6706,1238.7453554764925,0.5173644880522966,1230
6707,1238.7453554764925,0.5173644880522966,1230
6708,1238.7453554764925,0.5173644880522966,1230
6709,1238.7453554764925,0.5173644880522966,1230
6710,1238.7453554764925,0.5173644880522966,1230
6711,1238.7453554764925,0.5173644880522966,1230
6712,1238.7453554764925,0.5173644880522966,1230
6713,1238.7453554764925,0.5173644880522966,1230
6714,1238.7453554764925,0.5173644880522966,1230
6715,1238.7453554764925,0.5173644880522966,1230
6716,1238.7453554764925,0.5173644880522966,1230
6717,1238.7453554764925,0.5173644880522966,1230
6718,1238.7453554764925,0.5173644880522966,1230
6719,1238.7453554764925,0.5173644880522966,1230
6720,1238.7453554764925,0.5173644880522966,1230
6721,1238.7453554764925,0.5173644880522966,1230
6722,1238.7453554764925,0.5173644880522966,1230
6723,1238.7453554764925,0.5173644880522966,1230
6724,1238.7453554764925,0.5173644880522966,1230
6725,1238.7453554764925,0.5173644880522966,1230
6726,1238.7453554764925,0.5173644880522966,1230
6727,1238.7453554764925,0.5173644880522966,1230
6728,1238.7453554764925,0.5173644880522966,1230
6729,1238.7453554764925,0.5173644880522966,1230
6730,1238.7453554764925,0.5173644880522966,1230
6731,1238.7453554764925,0.5173644880522966,1230
6732,1238.7453554764925,0.5173644880522966,1230
6733,1238.7453554764925,0.5173644880522966,1230
6734,1238.7453554764925,0.5173644880522966,1230
6735,1238.7453554764925,0.5173644880522966,1230
6736,1238.7453554764925,0.5173644880522966,1230
6737,1238.7453554764925,0.5173644880522966,1230
6738,1238.7453554764925,0.5173644880522966,1230
6739,1238.7453554764925,0.5173644880522966,1230
6740,1238.7453554764925,0.5173644880522966,1230
6741,1238.7453554764925,0.5173644880522966,1230
6742,1238.7453554764925,0.5173644880522966,1230
6743,1238.7453554764925,0.5173644880522966,1230
6744,1238.7453554764925,0.5173644880522966,1230
6745,1238.7453554764925,0.5173644880522966,1230
6746,1238.7453554764925,0.5173644880522966,1230
6747,1238.7453554764925,0.5173644880522966,1230
6748,1238.7453554764925,0.5173644880522966,1230
6749,1238.7453554764925,0.5173644880522966,1230
6750,1238.7453554764925,0.5173644880522966,1230
6751,1238.7453554764925,0.5173644880522966,1230
6752,1238.7453554764925,0.5173644880522966,1230
6753,1238.7453554764925,0.5173644880522966,1230
6754,1238.7453554764925,0.5173644880522966,1230
6755,1238.7453554764925,0.5173644880522966,1230
6756,1238.7453554764925,0.5173644880522966,1230
6757,1238.7453554764925,0.5173644880522966,1230
6758,1238.7453554764925,0.5173644880522966,1230
6759,1238.7453554764925,0.5173644880522966,1230
6760,1238.7453554764925,0.5173644880522966,1230
6761,1238.7453554764925,0.5173644880522966,1230
6762,1238.7453554764925,0.5173644880522966,1230
6763,1238.7453554764925,0.5173644880522966,1230
6764,1238.7453554764925,0.5173644880522966,1230
6765,1238.7453554764925,0.5173644880522966,1230
6766,1238.7453554764925,0.5173644880522966,1230
6767,1238.7453554764925,0.5173644880522966,1230
6768,1238.7453554764925,0.5173644880522966,1230
6769,1238.7453554764925,0.5173644880522966,1230
6770,1238.7453554764925,0.5173644880522966,1230
6771,1238.7453554764925,0.5173644880522966,1230
6772,1238.7453554764925,0.5173644880522966,1230
6773,1238.7453554764925,0.5173644880522966,1230
6774,1238.7453554764925,0.5173644880522966,1230
6775,1238.7453554764925,0.5173644880522966,1230
6776,1238.7453554764925,0.5173644880522966,1230
6777,1238.7453554764925,0.5173644880522966,1230
6778,1238.7453554764925,0.5173644880522966,1230
6779,1238.7453554764925,0.5173644880522966,1230
6780,1238.7453554764925,0.5173644880522966,1230
6781,1238.7453554764925,0.5173644880522966,1230
6782,1238.7453554764925,0.5173644880522966,1230
6783,1238.7453554764925,0.5173644880522966,1230
6784,1238.7453554764925,0.5173644880522966,1230
6785,1238.7453554764925,0.5173644880522966,1230
6786,1238.7453554764925,0.5173644880522966,1230
6787,1238.7453554764925,0.5173644880522966,1230
6788,1238.7453554764925,0.5173644880522966,1230
6789,1238.7453554764925,0.5173644880522966,1230
6790,1238.7453554764925,0.5173644880522966,1230
6791,1238.7453554764925,0.5173644880522966,1230
6792,1238.7453554764925,0.5173644880522966,1230
6793,1238.7453554764925,0.5173644880522966,1230
6794,1238.7453554764925,0.5173644880522966,1230
6795,1238.7453554764925,0.5173644880522966,1230
6796,1238.7453554764925,0.5173644880522966,1230
6797,1238.7453554764925,0.5173644880522966,1230
6798,1238.7453554764925,0.5173644880522966,1230
6799,1238.7453554764925,0.5173644880522966,1230
6800,1238.7453554764925,0.5173644880522966,1230
6801,1238.7453554764925,0.5173644880522966,1230
6802,1238.7453554764925,0.5173644880522966,1230
6803,1238.7453554764925,0.5173644880522966,1230
6804,1238.7453554764925,0.5173644880522966,1230
6805,1238.7453554764925,0.5173644880522966,1230
6806,1238.7453554764925,0.5173644880522966,1230
6807,1238.7453554764925,0.5173644880522966,1230
6808,1238.7453554764925,0.5173644880522966,1230
6809,1238.7453554764925,0.5173644880522966,1230
6810,1238.7453554764925,0.5173644880522966,1230
6811,1238.7453554764925,0.5173644880522966,1230
6812,1238.7453554764925,0.5173644880522966,1230
6813,1238.7453554764925,0.5173644880522966,1230
6814,1238.7453554764925,0.5173644880522966,1230
6815,1238.7453554764925,0.5173644880522966,1230
6816,1238.7453554764925,0.5173644880522966,1230
6817,1238.7453554764925,0.5173644880522966,1230
6818,1238.7453554764925,0.5173644880522966,1230
6819,1238.7453554764925,0.5173644880522966,1230
6820,1238.7453554764925,0.5173644880522966,1230
6821,1238.7453554764925,0.5173644880522966,1230
6822,1238.7453554764925,0.5173644880522966,1230
6823,1238.7453554764925,0.5173644880522966,1230
6824,1238.7453554764925,0.5173644880522966,1230
6825,1238.7453554764925,0.5173644880522966,1230
6826,1238.7453554764925,0.5173644880522966,1230
6827,1238.7453554764925,0.5173644880522966,1230
6828,1238.7453554764925,0.5173644880522966,1230
6829,1238.7453554764925,0.5173644880522966,1230
6830,1238.7453554764925,0.5173644880522966,1230
6831,1238.7453554764925,0.5173644880522966,1230
6832,1238.7453554764925,0.5173644880522966,1230
6833,1238.7453554764925,0.5173644880522966,1230
6834,1238.7453554764925,0.5173644880522966,1230
6835,1238.7453554764925,0.5173644880522966,1230
6836,1238.7453554764925,0.5173644880522966,1230
6837,1238.7453554764925,0.5173644880522966,1230
6838,1238.7453554764925,0.5173644880522966,1230
6839,1238.7453554764925,0.5173644880522966,1230
6840,1238.7453554764925,0.5173644880522966,1230
6841,1238.7453554764925,0.5173644880522966,1230
6842,1238.7453554764925,0.5173644880522966,1230
6843,1238.7453554764925,0.5173644880522966,1230
6844,1238.7453554764925,0.5173644880522966,1230
6845,1238.7453554764925,0.5173644880522966,1230
6846,1238.7453554764925,0.5173644880522966,1230
6847,1238.7453554764925,0.5173644880522966,1230
6848,1238.7453554764925,0.5173644880522966,1230
6849,1238.7453554764925,0.5173644880522966,1230
6850,1238.7453554764925,0.5173644880522966,1230
6851,1238.7453554764925,0.5173644880522966,1230
6852,1238.7453554764925,0.5173644880522966,1230
6853,1238.7453554764925,0.5173644880522966,1230
6854,1238.7453554764925,0.5173644880522966,1230
6855,1238.7453554764925,0.5173644880522966,1230
6856,1238.7453554764925,0.5173644880522966,1230
6857,1238.7453554764925,0.5173644880522966,1230
6858,1238.7453554764925,0.5173644880522966,1230
6859,1238.7453554764925,0.5173644880522966,1230
6860,1238.7453554764925,0.5173644880522966,1230
6861,1238.7453554764925,0.5173644880522966,1230
6862,1238.7453554764925,0.5173644880522966,1230
6863,1238.7453554764925,0.5173644880522966,1230
6864,1238.7453554764925,0.5173644880522966,1230
6865,1238.7453554764925,0.5173644880522966,1230
6866,1238.7453554764925,0.5173644880522966,1230
6867,1238.7453554764925,0.5173644880522966,1230
6868,1238.7453554764925,0.5173644880522966,1230
6869,1238.7453554764925,0.5173644880522966,1230
6870,1238.7453554764925,0.5173644880522966,1230
6871,1238.7453554764925,0.5173644880522966,1230
6872,1238.7453554764925,0.5173644880522966,1230
6873,1238.7453554764925,0.5173644880522966,1230
6874,1238.7453554764925,0.5173644880522966,1230
6875,1238.7453554764925,0.5173644880522966,1230
6876,1238.7453554764925,0.5173644880522966,1230
6877,1238.7453554764925,0.5173644880522966,1230
6878,1238.7453554764925,0.5173644880522966,1230
6879,1238.7453554764925,0.5173644880522966,1230
6880,1238.7453554764925,0.5173644880522966,1230
6881,1238.7453554764925,0.5173644880522966,1230
6882,1238.7453554764925,0.5173644880522966,1230
6883,1238.7453554764925,0.5173644880522966,1230
6884,1238.7453554764925,0.5173644880522966,1230
6885,1238.7453554764925,0.5173644880522966,1230
6886,1238.7453554764925,0.5173644880522966,1230
6887,1238.7453554764925,0.5173644880522966,1230
6888,1238.7453554764925,0.5173644880522966,1230
6889,1238.7453554764925,0.5173644880522966,1230
6890,1238.7453554764925,0.5173644880522966,1230
6891,1238.7453554764925,0.5173644880522966,1230
6892,1238.7453554764925,0.5173644880522966,1230
6893,1238.7453554764925,0.5173644880522966,1230
6894,1238.7453554764925,0.5173644880522966,1230
6895,1238.7453554764925,0.5173644880522966,1230
6896,1238.7453554764925,0.5173644880522966,1230
6897,1238.7453554764925,0.5173644880522966,1230
6898,1238.7453554764925,0.5173644880522966,1230
6899,1238.7453554764925,0.5173644880522966,1230
6900,1238.7453554764925,0.5173644880522966,1230
6901,1238.7453554764925,0.5173644880522966,1230
6902,1238.7453554764925,0.5173644880522966,1230
6903,1238.7453554764925,0.5173644880522966,1230
6904,1238.7453554764925,0.5173644880522966,1230
6905,1238.7453554764925,0.5173644880522966,1230
6906,1238.7453554764925,0.5173644880522966,1230
6907,1238.7453554764925,0.5173644880522966,1230
6908,1238.7453554764925,0.5173644880522966,1230
6909,1238.7453554764925,0.5173644880522966,1230
6910,1238.7453554764925,0.5173644880522966,1230
6911,1238.7453554764925,0.5173644880522966,1230
6912,1238.7453554764925,0.5173644880522966,1230
6913,1238.7453554764925,0.5173644880522966,1230
6914,1238.7453554764925,0.5173644880522966,1230
6915,1238.7453554764925,0.5173644880522966,1230
6916,1238.7453554764925,0.5173644880522966,1230
6917,1238.7453554764925,0.5173644880522966,1230
6918,1238.7453554764925,0.5173644880522966,1230
6919,1238.7453554764925,0.5173644880522966,1230
6920,1238.7453554764925,0.5173644880522966,1230
6921,1238.7453554764925,0.5173644880522966,1230
6922,1238.7453554764925,0.5173644880522966,1230
6923,1238.7453554764925,0.5173644880522966,1230
6924,1238.7453554764925,0.5173644880522966,1230
6925,1238.7453554764925,0.5173644880522966,1230
6926,1238.7453554764925,0.5173644880522966,1230
6927,1238.7453554764925,0.5173644880522966,1230
6928,1238.7453554764925,0.5173644880522966,1230
6929,1238.7453554764925,0.5173644880522966,1230
6930,1238.7453554764925,0.5173644880522966,1230
6931,1238.7453554764925,0.5173644880522966,1230
6932,1238.7453554764925,0.5173644880522966,1230
6933,1238.7453554764925,0.5173644880522966,1230
6934,1238.7453554764925,0.5173644880522966,1230
6935,1238.7453554764925,0.5173644880522966,1230
6936,1238.7453554764925,0.5173644880522966,1230
6937,1238.7453554764925,0.5173644880522966,1230
6938,1238.7453554764925,0.5173644880522966,1230
6939,1238.7453554764925,0.5173644880522966,1230
6940,1238.7453554764925,0.5173644880522966,1230
6941,1238.7453554764925,0.5173644880522966,1230
6942,1238.7453554764925,0.5173644880522966,1230
6943,1238.7453554764925,0.5173644880522966,1230
6944,1238.7453554764925,0.5173644880522966,1230
6945,1238.7453554764925,0.5173644880522966,1230
6946,1238.7453554764925,0.5173644880522966,1230
6947,1238.7453554764925,0.5173644880522966,1230
6948,1238.7453554764925,0.5173644880522966,1230
6949,1238.7453554764925,0.5173644880522966,1230
6950,1238.7453554764925,0.5173644880522966,1230
6951,1238.7453554764925,0.5173644880522966,1230
6952,1238.7453554764925,0.5173644880522966,1230
6953,1238.7453554764925,0.5173644880522966,1230
6954,1238.7453554764925,0.5173644880522966,1230
6955,1238.7453554764925,0.5173644880522966,1230
6956,1238.7453554764925,0.5173644880522966,1230
6957,1238.7453554764925,0.5173644880522966,1230
6958,1238.7453554764925,0.5173644880522966,1230
6959,1238.7453554764925,0.5173644880522966,1230
6960,1238.7453554764925,0.5173644880522966,1230
6961,1238.7453554764925,0.5173644880522966,1230
6962,1238.7453554764925,0.5173644880522966,1230
6963,1238.7453554764925,0.5173644880522966,1230
6964,1238.7453554764925,0.5173644880522966,1230
6965,1238.7453554764925,0.5173644880522966,1230
6966,1238.7453554764925,0.5173644880522966,1230
6967,1238.7453554764925,0.5173644880522966,1230
6968,1238.7453554764925,0.5173644880522966,1230
6969,1238.7453554764925,0.5173644880522966,1230
6970,1238.7453554764925,0.5173644880522966,1230
6971,1238.7453554764925,0.5173644880522966,1230
6972,1238.7453554764925,0.5173644880522966,1230
6973,1238.7453554764925,0.5173644880522966,1230
6974,1238.7453554764925,0.5173644880522966,1230
6975,1238.7453554764925,0.5173644880522966,1230
6976,1238.7453554764925,0.5173644880522966,1230
6977,1238.7453554764925,0.5173644880522966,1230
6978,1238.7453554764925,0.5173644880522966,1230
6979,1238.7453554764925,0.5173644880522966,1230
6980,1238.7453554764925,0.5173644880522966,1230
6981,1238.7453554764925,0.5173644880522966,1230
6982,1238.7453554764925,0.5173644880522966,1230
6983,1238.7453554764925,0.5173644880522966,1230
6984,1238.7453554764925,0.5173644880522966,1230
6985,1238.7453554764925,0.5173644880522966,1230
6986,1238.7453554764925,0.5173644880522966,1230
6987,1238.7453554764925,0.5173644880522966,1230
6988,1238.7453554764925,0.5173644880522966,1230
6989,1238.7453554764925,0.5173644880522966,1230
6990,1238.7453554764925,0.5173644880522966,1230
6991,1238.7453554764925,0.5173644880522966,1230
6992,1238.7453554764925,0.5173644880522966,1230
6993,1238.7453554764925,0.5173644880522966,1230
6994,1238.7453554764925,0.5173644880522966,1230
6995,1238.7453554764925,0.5173644880522966,1230
6996,1238.7453554764925,0.5173644880522966,1230
6997,1238.7453554764925,0.5173644880522966,1230
6998,1238.7453554764925,0.5173644880522966,1230
6999,1238.7453554764925,0.5173644880522966,1230
7000,1238.7453554764925,0.5173644880522966,1230
7001,1238.7453554764925,0.5173644880522966,1230
7002,1238.7453554764925,0.5173644880522966,1230
7003,1238.7453554764925,0.5173644880522966,1230
7004,1238.7453554764925,0.5173644880522966,1230
7005,1238.7453554764925,0.5173644880522966,1230
7006,1238.7453554764925,0.5173644880522966,1230
7007,1238.7453554764925,0.5173644880522966,1230
7008,1238.7453554764925,0.5173644880522966,1230
7009,1238.7453554764925,0.5173644880522966,1230
7010,1238.7453554764925,0.5173644880522966,1230
7011,1238.7453554764925,0.5173644880522966,1230
7012,1238.7453554764925,0.5173644880522966,1230
7013,1238.7453554764925,0.5173644880522966,1230
7014,1238.7453554764925,0.5173644880522966,1230
7015,1238.7453554764925,0.5173644880522966,1230
7016,1238.7453554764925,0.5173644880522966,1230
7017,1238.7453554764925,0.5173644880522966,1230
7018,1238.7453554764925,0.5173644880522966,1230
7019,1238.7453554764925,0.5173644880522966,1230
7020,1238.7453554764925,0.5173644880522966,1230
7021,1238.7453554764925,0.5173644880522966,1230
7022,1238.7453554764925,0.5173644880522966,1230
7023,1238.7453554764925,0.5173644880522966,1230
7024,1238.7453554764925,0.5173644880522966,1230
7025,1238.7453554764925,0.5173644880522966,1230
7026,1238.7453554764925,0.5173644880522966,1230
7027,1238.7453554764925,0.5173644880522966,1230
7028,1238.7453554764925,0.5173644880522966,1230
7029,1238.7453554764925,0.5173644880522966,1230
7030,1238.7453554764925,0.5173644880522966,1230
7031,1238.7453554764925,0.5173644880522966,1230
7032,1238.7453554764925,0.5173644880522966,1230
7033,1238.7453554764925,0.5173644880522966,1230
7034,1238.7453554764925,0.5173644880522966,1230
7035,1238.7453554764925,0.5173644880522966,1230
7036,1238.7453554764925,0.5173644880522966,1230
7037,1238.7453554764925,0.5173644880522966,1230
7038,1238.7453554764925,0.5173644880522966,1230
7039,1238.7453554764925,0.5173644880522966,1230
7040,1238.7453554764925,0.5173644880522966,1230
7041,1238.7453554764925,0.5173644880522966,1230
7042,1238.7453554764925,0.5173644880522966,1230
7043,1238.7453554764925,0.5173644880522966,1230
7044,1238.7453554764925,0.5173644880522966,1230
7045,1238.7453554764925,0.5173644880522966,1230
7046,1238.7453554764925,0.5173644880522966,1230
7047,1238.7453554764925,0.5173644880522966,1230
7048,1238.7453554764925,0.5173644880522966,1230
7049,1238.7453554764925,0.5173644880522966,1230
7050,1238.7453554764925,0.5173644880522966,1230
7051,1238.7453554764925,0.5173644880522966,1230
7052,1238.7453554764925,0.5173644880522966,1230
7053,1238.7453554764925,0.5173644880522966,1230
7054,1238.7453554764925,0.5173644880522966,1230
7055,1238.7453554764925,0.5173644880522966,1230
7056,1238.7453554764925,0.5173644880522966,1230
7057,1238.7453554764925,0.5173644880522966,1230
7058,1238.7453554764925,0.5173644880522966,1230
7059,1238.7453554764925,0.5173644880522966,1230
7060,1238.7453554764925,0.5173644880522966,1230
7061,1238.7453554764925,0.5173644880522966,1230
7062,1238.7453554764925,0.5173644880522966,1230
7063,1238.7453554764925,0.5173644880522966,1230
7064,1238.7453554764925,0.5173644880522966,1230
7065,1238.7453554764925,0.5173644880522966,1230
7066,1238.7453554764925,0.5173644880522966,1230
7067,1238.7453554764925,0.5173644880522966,1230
7068,1238.7453554764925,0.5173644880522966,1230
7069,1238.7453554764925,0.5173644880522966,1230
7070,1238.7453554764925,0.5173644880522966,1230
7071,1238.7453554764925,0.5173644880522966,1230
7072,1238.7453554764925,0.5173644880522966,1230
7073,1238.7453554764925,0.5173644880522966,1230
7074,1238.7453554764925,0.5173644880522966,1230
7075,1238.7453554764925,0.5173644880522966,1230
7076,1238.7453554764925,0.5173644880522966,1230
7077,1238.7453554764925,0.5173644880522966,1230
7078,1238.7453554764925,0.5173644880522966,1230
7079,1238.7453554764925,0.5173644880522966,1230
7080,1238.7453554764925,0.5173644880522966,1230
7081,1238.7453554764925,0.5173644880522966,1230
7082,1238.7453554764925,0.5173644880522966,1230
7083,1238.7453554764925,0.5173644880522966,1230
7084,1238.7453554764925,0.5173644880522966,1230
7085,1238.7453554764925,0.5173644880522966,1230
7086,1238.7453554764925,0.5173644880522966,1230
7087,1238.7453554764925,0.5173644880522966,1230
7088,1238.7453554764925,0.5173644880522966,1230
7089,1238.7453554764925,0.5173644880522966,1230
7090,1238.7453554764925,0.5173644880522966,1230
7091,1238.7453554764925,0.5173644880522966,1230
7092,1238.7453554764925,0.5173644880522966,1230
7093,1238.7453554764925,0.5173644880522966,1230
7094,1238.7453554764925,0.5173644880522966,1230
7095,1238.7453554764925,0.5173644880522966,1230
7096,1238.7453554764925,0.5173644880522966,1230
7097,1238.7453554764925,0.5173644880522966,1230
7098,1238.7453554764925,0.5173644880522966,1230
7099,1238.7453554764925,0.5173644880522966,1230
7100,1238.7453554764925,0.5173644880522966,1230
7101,1238.7453554764925,0.5173644880522966,1230
7102,1238.7453554764925,0.5173644880522966,1230
7103,1238.7453554764925,0.5173644880522966,1230
7104,1238.7453554764925,0.5173644880522966,1230
7105,1238.7453554764925,0.5173644880522966,1230
7106,1238.7453554764925,0.5173644880522966,1230
7107,1238.7453554764925,0.5173644880522966,1230
7108,1238.7453554764925,0.5173644880522966,1230
7109,1238.7453554764925,0.5173644880522966,1230
7110,1238.7453554764925,0.5173644880522966,1230
7111,1238.7453554764925,0.5173644880522966,1230
7112,1238.7453554764925,0.5173644880522966,1230
7113,1238.7453554764925,0.5173644880522966,1230
7114,1238.7453554764925,0.5173644880522966,1230
7115,1238.7453554764925,0.5173644880522966,1230
7116,1238.7453554764925,0.5173644880522966,1230
7117,1238.7453554764925,0.5173644880522966,1230
7118,1238.7453554764925,0.5173644880522966,1230
7119,1238.7453554764925,0.5173644880522966,1230
7120,1238.7453554764925,0.5173644880522966,1230
7121,1238.7453554764925,0.5173644880522966,1230
7122,1238.7453554764925,0.5173644880522966,1230
7123,1238.7453554764925,0.5173644880522966,1230
7124,1238.7453554764925,0.5173644880522966,1230
7125,1238.7453554764925,0.5173644880522966,1230
7126,1238.7453554764925,0.5173644880522966,1230
7127,1238.7453554764925,0.5173644880522966,1230
7128,1238.7453554764925,0.5173644880522966,1230
7129,1238.7453554764925,0.5173644880522966,1230
7130,1238.7453554764925,0.5173644880522966,1230
7131,1238.7453554764925,0.5173644880522966,1230
7132,1238.7453554764925,0.5173644880522966,1230
7133,1238.7453554764925,0.5173644880522966,1230
7134,1238.7453554764925,0.5173644880522966,1230
7135,1238.7453554764925,0.5173644880522966,1230
7136,1238.7453554764925,0.5173644880522966,1230
7137,1238.7453554764925,0.5173644880522966,1230
7138,1238.7453554764925,0.5173644880522966,1230
7139,1238.7453554764925,0.5173644880522966,1230
7140,1238.7453554764925,0.5173644880522966,1230
7141,1238.7453554764925,0.5173644880522966,1230
7142,1238.7453554764925,0.5173644880522966,1230
7143,1238.7453554764925,0.5173644880522966,1230
7144,1238.7453554764925,0.5173644880522966,1230
7145,1238.7453554764925,0.5173644880522966,1230
7146,1238.7453554764925,0.5173644880522966,1230
7147,1238.7453554764925,0.5173644880522966,1230
7148,1238.7453554764925,0.5173644880522966,1230
7149,1238.7453554764925,0.5173644880522966,1230
7150,1238.7453554764925,0.5173644880522966,1230
7151,1238.7453554764925,0.5173644880522966,1230
7152,1238.7453554764925,0.5173644880522966,1230
7153,1238.7453554764925,0.5173644880522966,1230
7154,1238.7453554764925,0.5173644880522966,1230
7155,1238.7453554764925,0.5173644880522966,1230
7156,1238.7453554764925,0.5173644880522966,1230
7157,1238.7453554764925,0.5173644880522966,1230
7158,1238.7453554764925,0.5173644880522966,1230
7159,1238.7453554764925,0.5173644880522966,1230
7160,1238.7453554764925,0.5173644880522966,1230
7161,1238.7453554764925,0.5173644880522966,1230
7162,1238.7453554764925,0.5173644880522966,1230
7163,1238.7453554764925,0.5173644880522966,1230
7164,1238.7453554764925,0.5173644880522966,1230
7165,1238.7453554764925,0.5173644880522966,1230
7166,1238.7453554764925,0.5173644880522966,1230
7167,1238.7453554764925,0.5173644880522966,1230
7168,1238.7453554764925,0.5173644880522966,1230
7169,1238.7453554764925,0.5173644880522966,1230
7170,1238.7453554764925,0.5173644880522966,1230
7171,1238.7453554764925,0.5173644880522966,1230
7172,1238.7453554764925,0.5173644880522966,1230
7173,1238.7453554764925,0.5173644880522966,1230
7174,1238.7453554764925,0.5173644880522966,1230
7175,1238.7453554764925,0.5173644880522966,1230
7176,1238.7453554764925,0.5173644880522966,1230
7177,1238.7453554764925,0.5173644880522966,1230
7178,1238.7453554764925,0.5173644880522966,1230
7179,1238.7453554764925,0.5173644880522966,1230
7180,1238.7453554764925,0.5173644880522966,1230
7181,1238.7453554764925,0.5173644880522966,1230
7182,1238.7453554764925,0.5173644880522966,1230
7183,1238.7453554764925,0.5173644880522966,1230
7184,1238.7453554764925,0.5173644880522966,1230
7185,1238.7453554764925,0.5173644880522966,1230
7186,1238.7453554764925,0.5173644880522966,1230
7187,1238.7453554764925,0.5173644880522966,1230
7188,1238.7453554764925,0.5173644880522966,1230
7189,1238.7453554764925,0.5173644880522966,1230
7190,1238.7453554764925,0.5173644880522966,1230
7191,1238.7453554764925,0.5173644880522966,1230
7192,1238.7453554764925,0.5173644880522966,1230
7193,1238.7453554764925,0.5173644880522966,1230
7194,1238.7453554764925,0.5173644880522966,1230
7195,1238.7453554764925,0.5173644880522966,1230
7196,1238.7453554764925,0.5173644880522966,1230
7197,1238.7453554764925,0.5173644880522966,1230
7198,1238.7453554764925,0.5173644880522966,1230
7199,1238.7453554764925,0.5173644880522966,1230
7200,1238.7453554764925,0.5173644880522966,1230
7201,1238.7453554764925,0.5173644880522966,1230
7202,1238.7453554764925,0.5173644880522966,1230
7203,1238.7453554764925,0.5173644880522966,1230
7204,1238.7453554764925,0.5173644880522966,1230
7205,1238.7453554764925,0.5173644880522966,1230
7206,1238.7453554764925,0.5173644880522966,1230
7207,1238.7453554764925,0.5173644880522966,1230
7208,1238.7453554764925,0.5173644880522966,1230
7209,1238.7453554764925,0.5173644880522966,1230
7210,1238.7453554764925,0.5173644880522966,1230
7211,1238.7453554764925,0.5173644880522966,1230
7212,1238.7453554764925,0.5173644880522966,1230
7213,1238.7453554764925,0.5173644880522966,1230
7214,1238.7453554764925,0.5173644880522966,1230
7215,1238.7453554764925,0.5173644880522966,1230
7216,1238.7453554764925,0.5173644880522966,1230
7217,1238.7453554764925,0.5173644880522966,1230
7218,1238.7453554764925,0.5173644880522966,1230
7219,1238.7453554764925,0.5173644880522966,1230
7220,1238.7453554764925,0.5173644880522966,1230
7221,1238.7453554764925,0.5173644880522966,1230
7222,1238.7453554764925,0.5173644880522966,1230
7223,1238.7453554764925,0.5173644880522966,1230
7224,1238.7453554764925,0.5173644880522966,1230
7225,1238.7453554764925,0.5173644880522966,1230
7226,1238.7453554764925,0.5173644880522966,1230
7227,1238.7453554764925,0.5173644880522966,1230
7228,1238.7453554764925,0.5173644880522966,1230
7229,1238.7453554764925,0.5173644880522966,1230
7230,1238.7453554764925,0.5173644880522966,1230
7231,1238.7453554764925,0.5173644880522966,1230
7232,1238.7453554764925,0.5173644880522966,1230
7233,1238.7453554764925,0.5173644880522966,1230
7234,1238.7453554764925,0.5173644880522966,1230
7235,1238.7453554764925,0.5173644880522966,1230
7236,1238.7453554764925,0.5173644880522966,1230
7237,1238.7453554764925,0.5173644880522966,1230
7238,1238.7453554764925,0.5173644880522966,1230
7239,1238.7453554764925,0.5173644880522966,1230
7240,1238.7453554764925,0.5173644880522966,1230
7241,1238.7453554764925,0.5173644880522966,1230
7242,1238.7453554764925,0.5173644880522966,1230
7243,1238.7453554764925,0.5173644880522966,1230
7244,1238.7453554764925,0.5173644880522966,1230
7245,1238.7453554764925,0.5173644880522966,1230
7246,1238.7453554764925,0.5173644880522966,1230
7247,1238.7453554764925,0.5173644880522966,1230
7248,1238.7453554764925,0.5173644880522966,1230
7249,1238.7453554764925,0.5173644880522966,1230
7250,1238.7453554764925,0.5173644880522966,1230
7251,1238.7453554764925,0.5173644880522966,1230
7252,1238.7453554764925,0.5173644880522966,1230
7253,1238.7453554764925,0.5173644880522966,1230
7254,1238.7453554764925,0.5173644880522966,1230
7255,1238.7453554764925,0.5173644880522966,1230
7256,1238.7453554764925,0.5173644880522966,1230
7257,1238.7453554764925,0.5173644880522966,1230
7258,1238.7453554764925,0.5173644880522966,1230
7259,1238.7453554764925,0.5173644880522966,1230
7260,1238.7453554764925,0.5173644880522966,1230
7261,1238.7453554764925,0.5173644880522966,1230
7262,1238.7453554764925,0.5173644880522966,1230
7263,1238.7453554764925,0.5173644880522966,1230
7264,1238.7453554764925,0.5173644880522966,1230
7265,1238.7453554764925,0.5173644880522966,1230
7266,1238.7453554764925,0.5173644880522966,1230
7267,1238.7453554764925,0.5173644880522966,1230
7268,1238.7453554764925,0.5173644880522966,1230
7269,1238.7453554764925,0.5173644880522966,1230
7270,1238.7453554764925,0.5173644880522966,1230
7271,1238.7453554764925,0.5173644880522966,1230
7272,1238.7453554764925,0.5173644880522966,1230
7273,1238.7453554764925,0.5173644880522966,1230
7274,1238.7453554764925,0.5173644880522966,1230
7275,1238.7453554764925,0.5173644880522966,1230
7276,1238.7453554764925,0.5173644880522966,1230
7277,1238.7453554764925,0.5173644880522966,1230
7278,1238.7453554764925,0.5173644880522966,1230
7279,1238.7453554764925,0.5173644880522966,1230
7280,1238.7453554764925,0.5173644880522966,1230
7281,1238.7453554764925,0.5173644880522966,1230
7282,1238.7453554764925,0.5173644880522966,1230
7283,1238.7453554764925,0.5173644880522966,1230
7284,1238.7453554764925,0.5173644880522966,1230
7285,1238.7453554764925,0.5173644880522966,1230
7286,1238.7453554764925,0.5173644880522966,1230
7287,1238.7453554764925,0.5173644880522966,1230
7288,1238.7453554764925,0.5173644880522966,1230
7289,1238.7453554764925,0.5173644880522966,1230
7290,1238.7453554764925,0.5173644880522966,1230
7291,1238.7453554764925,0.5173644880522966,1230
7292,1238.7453554764925,0.5173644880522966,1230
7293,1238.7453554764925,0.5173644880522966,1230
7294,1238.7453554764925,0.5173644880522966,1230
7295,1238.7453554764925,0.5173644880522966,1230
7296,1238.7453554764925,0.5173644880522966,1230
7297,1238.7453554764925,0.5173644880522966,1230
7298,1238.7453554764925,0.5173644880522966,1230
7299,1238.7453554764925,0.5173644880522966,1230
7300,1238.7453554764925,0.5173644880522966,1230
7301,1238.7453554764925,0.5173644880522966,1230
7302,1238.7453554764925,0.5173644880522966,1230
7303,1238.7453554764925,0.5173644880522966,1230
7304,1238.7453554764925,0.5173644880522966,1230
7305,1238.7453554764925,0.5173644880522966,1230
7306,1238.7453554764925,0.5173644880522966,1230
7307,1238.7453554764925,0.5173644880522966,1230
7308,1238.7453554764925,0.5173644880522966,1230
7309,1238.7453554764925,0.5173644880522966,1230
7310,1238.7453554764925,0.5173644880522966,1230
7311,1238.7453554764925,0.5173644880522966,1230
7312,1238.7453554764925,0.5173644880522966,1230
7313,1238.7453554764925,0.5173644880522966,1230
7314,1238.7453554764925,0.5173644880522966,1230
7315,1238.7453554764925,0.5173644880522966,1230
7316,1238.7453554764925,0.5173644880522966,1230
7317,1238.7453554764925,0.5173644880522966,1230
7318,1238.7453554764925,0.5173644880522966,1230
7319,1238.7453554764925,0.5173644880522966,1230
7320,1238.7453554764925,0.5173644880522966,1230
7321,1238.7453554764925,0.5173644880522966,1230
7322,1238.7453554764925,0.5173644880522966,1230
7323,1238.7453554764925,0.5173644880522966,1230
7324,1238.7453554764925,0.5173644880522966,1230
7325,1238.7453554764925,0.5173644880522966,1230
7326,1238.7453554764925,0.5173644880522966,1230
7327,1238.7453554764925,0.5173644880522966,1230
7328,1238.7453554764925,0.5173644880522966,1230
7329,1238.7453554764925,0.5173644880522966,1230
7330,1238.7453554764925,0.5173644880522966,1230
7331,1238.7453554764925,0.5173644880522966,1230
7332,1238.7453554764925,0.5173644880522966,1230
7333,1238.7453554764925,0.5173644880522966,1230
7334,1238.7453554764925,0.5173644880522966,1230
7335,1238.7453554764925,0.5173644880522966,1230
7336,1238.7453554764925,0.5173644880522966,1230
7337,1238.7453554764925,0.5173644880522966,1230
7338,1238.7453554764925,0.5173644880522966,1230
7339,1238.7453554764925,0.5173644880522966,1230
7340,1238.7453554764925,0.5173644880522966,1230
7341,1238.7453554764925,0.5173644880522966,1230
7342,1238.7453554764925,0.5173644880522966,1230
7343,1238.7453554764925,0.5173644880522966,1230
7344,1238.7453554764925,0.5173644880522966,1230
7345,1238.7453554764925,0.5173644880522966,1230
7346,1238.7453554764925,0.5173644880522966,1230
7347,1238.7453554764925,0.5173644880522966,1230
7348,1238.7453554764925,0.5173644880522966,1230
7349,1238.7453554764925,0.5173644880522966,1230
7350,1238.7453554764925,0.5173644880522966,1230
7351,1238.7453554764925,0.5173644880522966,1230
7352,1238.7453554764925,0.5173644880522966,1230
7353,1238.7453554764925,0.5173644880522966,1230
7354,1238.7453554764925,0.5173644880522966,1230
7355,1238.7453554764925,0.5173644880522966,1230
7356,1238.7453554764925,0.5173644880522966,1230
7357,1238.7453554764925,0.5173644880522966,1230
7358,1238.7453554764925,0.5173644880522966,1230
7359,1238.7453554764925,0.5173644880522966,1230
7360,1238.7453554764925,0.5173644880522966,1230
7361,1238.7453554764925,0.5173644880522966,1230
7362,1238.7453554764925,0.5173644880522966,1230
7363,1238.7453554764925,0.5173644880522966,1230
7364,1238.7453554764925,0.5173644880522966,1230
7365,1238.7453554764925,0.5173644880522966,1230
7366,1238.7453554764925,0.5173644880522966,1230
7367,1238.7453554764925,0.5173644880522966,1230
7368,1238.7453554764925,0.5173644880522966,1230
7369,1238.7453554764925,0.5173644880522966,1230
7370,1238.7453554764925,0.5173644880522966,1230
7371,1238.7453554764925,0.5173644880522966,1230
7372,1238.7453554764925,0.5173644880522966,1230
7373,1238.7453554764925,0.5173644880522966,1230
7374,1238.7453554764925,0.5173644880522966,1230
7375,1238.7453554764925,0.5173644880522966,1230
7376,1238.7453554764925,0.5173644880522966,1230
7377,1238.7453554764925,0.5173644880522966,1230
7378,1238.7453554764925,0.5173644880522966,1230
7379,1238.7453554764925,0.5173644880522966,1230
7380,1238.7453554764925,0.5173644880522966,1230
7381,1238.7453554764925,0.5173644880522966,1230
7382,1238.7453554764925,0.5173644880522966,1230
7383,1238.7453554764925,0.5173644880522966,1230
7384,1238.7453554764925,0.5173644880522966,1230
7385,1238.7453554764925,0.5173644880522966,1230
7386,1238.7453554764925,0.5173644880522966,1230
7387,1238.7453554764925,0.5173644880522966,1230
7388,1238.7453554764925,0.5173644880522966,1230
7389,1238.7453554764925,0.5173644880522966,1230
7390,1238.7453554764925,0.5173644880522966,1230
7391,1238.7453554764925,0.5173644880522966,1230
7392,1238.7453554764925,0.5173644880522966,1230
7393,1238.7453554764925,0.5173644880522966,1230
7394,1238.7453554764925,0.5173644880522966,1230
7395,1238.7453554764925,0.5173644880522966,1230
7396,1238.7453554764925,0.5173644880522966,1230
7397,1238.7453554764925,0.5173644880522966,1230
7398,1238.7453554764925,0.5173644880522966,1230
7399,1238.7453554764925,0.5173644880522966,1230
7400,1238.7453554764925,0.5173644880522966,1230
7401,1238.7453554764925,0.5173644880522966,1230
7402,1238.7453554764925,0.5173644880522966,1230
7403,1238.7453554764925,0.5173644880522966,1230
7404,1238.7453554764925,0.5173644880522966,1230
7405,1238.7453554764925,0.5173644880522966,1230
7406,1238.7453554764925,0.5173644880522966,1230
7407,1238.7453554764925,0.5173644880522966,1230
7408,1238.7453554764925,0.5173644880522966,1230
7409,1238.7453554764925,0.5173644880522966,1230
7410,1238.7453554764925,0.5173644880522966,1230
7411,1238.7453554764925,0.5173644880522966,1230
7412,1238.7453554764925,0.5173644880522966,1230
7413,1238.7453554764925,0.5173644880522966,1230
7414,1238.7453554764925,0.5173644880522966,1230
7415,1238.7453554764925,0.5173644880522966,1230
7416,1238.7453554764925,0.5173644880522966,1230
7417,1238.7453554764925,0.5173644880522966,1230
7418,1238.7453554764925,0.5173644880522966,1230
7419,1238.7453554764925,0.5173644880522966,1230
7420,1238.7453554764925,0.5173644880522966,1230
7421,1238.7453554764925,0.5173644880522966,1230
7422,1238.7453554764925,0.5173644880522966,1230
7423,1238.7453554764925,0.5173644880522966,1230
7424,1238.7453554764925,0.5173644880522966,1230
7425,1238.7453554764925,0.5173644880522966,1230
7426,1238.7453554764925,0.5173644880522966,1230
7427,1238.7453554764925,0.5173644880522966,1230
7428,1238.7453554764925,0.5173644880522966,1230
7429,1238.7453554764925,0.5173644880522966,1230
7430,1238.7453554764925,0.5173644880522966,1230
7431,1238.7453554764925,0.5173644880522966,1230
7432,1238.7453554764925,0.5173644880522966,1230
7433,1238.7453554764925,0.5173644880522966,1230
7434,1238.7453554764925,0.5173644880522966,1230
7435,1238.7453554764925,0.5173644880522966,1230
7436,1238.7453554764925,0.5173644880522966,1230
7437,1238.7453554764925,0.5173644880522966,1230
7438,1238.7453554764925,0.5173644880522966,1230
7439,1238.7453554764925,0.5173644880522966,1230
7440,1238.7453554764925,0.5173644880522966,1230
7441,1238.7453554764925,0.5173644880522966,1230
7442,1238.7453554764925,0.5173644880522966,1230
7443,1238.7453554764925,0.5173644880522966,1230
7444,1238.7453554764925,0.5173644880522966,1230
7445,1238.7453554764925,0.5173644880522966,1230
7446,1238.7453554764925,0.5173644880522966,1230
7447,1238.7453554764925,0.5173644880522966,1230
7448,1238.7453554764925,0.5173644880522966,1230
7449,1238.7453554764925,0.5173644880522966,1230
7450,1238.7453554764925,0.5173644880522966,1230
7451,1238.7453554764925,0.5173644880522966,1230
7452,1238.7453554764925,0.5173644880522966,1230
7453,1238.7453554764925,0.5173644880522966,1230
7454,1238.7453554764925,0.5173644880522966,1230
7455,1238.7453554764925,0.5173644880522966,1230
7456,1238.7453554764925,0.5173644880522966,1230
7457,1238.7453554764925,0.5173644880522966,1230
7458,1238.7453554764925,0.5173644880522966,1230
7459,1238.7453554764925,0.5173644880522966,1230
7460,1238.7453554764925,0.5173644880522966,1230
7461,1238.7453554764925,0.5173644880522966,1230
7462,1238.7453554764925,0.5173644880522966,1230
7463,1238.7453554764925,0.5173644880522966,1230
7464,1238.7453554764925,0.5173644880522966,1230
7465,1238.7453554764925,0.5173644880522966,1230
7466,1238.7453554764925,0.5173644880522966,1230
7467,1238.7453554764925,0.5173644880522966,1230
7468,1238.7453554764925,0.5173644880522966,1230
7469,1238.7453554764925,0.5173644880522966,1230
7470,1238.7453554764925,0.5173644880522966,1230
7471,1238.7453554764925,0.5173644880522966,1230
7472,1238.7453554764925,0.5173644880522966,1230
7473,1238.7453554764925,0.5173644880522966,1230
7474,1238.7453554764925,0.5173644880522966,1230
7475,1238.7453554764925,0.5173644880522966,1230
7476,1238.7453554764925,0.5173644880522966,1230
7477,1238.7453554764925,0.5173644880522966,1230
7478,1238.7453554764925,0.5173644880522966,1230
7479,1238.7453554764925,0.5173644880522966,1230
7480,1238.7453554764925,0.5173644880522966,1230
7481,1238.7453554764925,0.5173644880522966,1230
7482,1238.7453554764925,0.5173644880522966,1230
7483,1238.7453554764925,0.5173644880522966,1230
7484,1238.7453554764925,0.5173644880522966,1230
7485,1238.7453554764925,0.5173644880522966,1230
7486,1238.7453554764925,0.5173644880522966,1230
7487,1238.7453554764925,0.5173644880522966,1230
7488,1238.7453554764925,0.5173644880522966,1230
7489,1238.7453554764925,0.5173644880522966,1230
7490,1238.7453554764925,0.5173644880522966,1230
7491,1238.7453554764925,0.5173644880522966,1230
7492,1238.7453554764925,0.5173644880522966,1230
7493,1238.7453554764925,0.5173644880522966,1230
7494,1238.7453554764925,0.5173644880522966,1230
7495,1238.7453554764925,0.5173644880522966,1230
7496,1238.7453554764925,0.5173644880522966,1230
7497,1238.7453554764925,0.5173644880522966,1230
7498,1238.7453554764925,0.5173644880522966,1230
7499,1238.7453554764925,0.5173644880522966,1230
7500,1238.7453554764925,0.5173644880522966,1230
7501,1238.7453554764925,0.5173644880522966,1230
7502,1238.7453554764925,0.5173644880522966,1230
7503,1238.7453554764925,0.5173644880522966,1230
7504,1238.7453554764925,0.5173644880522966,1230
7505,1238.7453554764925,0.5173644880522966,1230
7506,1238.7453554764925,0.5173644880522966,1230
7507,1238.7453554764925,0.5173644880522966,1230
7508,1238.7453554764925,0.5173644880522966,1230
7509,1238.7453554764925,0.5173644880522966,1230
7510,1238.7453554764925,0.5173644880522966,1230
7511,1238.7453554764925,0.5173644880522966,1230
7512,1238.7453554764925,0.5173644880522966,1230
7513,1238.7453554764925,0.5173644880522966,1230
7514,1238.7453554764925,0.5173644880522966,1230
7515,1238.7453554764925,0.5173644880522966,1230
7516,1238.7453554764925,0.5173644880522966,1230
7517,1238.7453554764925,0.5173644880522966,1230
7518,1238.7453554764925,0.5173644880522966,1230
7519,1238.7453554764925,0.5173644880522966,1230
7520,1238.7453554764925,0.5173644880522966,1230
7521,1238.7453554764925,0.5173644880522966,1230
7522,1238.7453554764925,0.5173644880522966,1230
7523,1238.7453554764925,0.5173644880522966,1230
7524,1238.7453554764925,0.5173644880522966,1230
7525,1238.7453554764925,0.5173644880522966,1230
7526,1238.7453554764925,0.5173644880522966,1230
7527,1238.7453554764925,0.5173644880522966,1230
7528,1238.7453554764925,0.5173644880522966,1230
7529,1238.7453554764925,0.5173644880522966,1230
7530,1238.7453554764925,0.5173644880522966,1230
7531,1238.7453554764925,0.5173644880522966,1230
7532,1238.7453554764925,0.5173644880522966,1230
7533,1238.7453554764925,0.5173644880522966,1230
7534,1238.7453554764925,0.5173644880522966,1230
7535,1238.7453554764925,0.5173644880522966,1230
7536,1238.7453554764925,0.5173644880522966,1230
7537,1238.7453554764925,0.5173644880522966,1230
7538,1238.7453554764925,0.5173644880522966,1230
7539,1238.7453554764925,0.5173644880522966,1230
7540,1238.7453554764925,0.5173644880522966,1230
7541,1238.7453554764925,0.5173644880522966,1230
7542,1238.7453554764925,0.5173644880522966,1230
7543,1238.7453554764925,0.5173644880522966,1230
7544,1238.7453554764925,0.5173644880522966,1230
7545,1238.7453554764925,0.5173644880522966,1230
7546,1238.7453554764925,0.5173644880522966,1230
7547,1238.7453554764925,0.5173644880522966,1230
7548,1238.7453554764925,0.5173644880522966,1230
7549,1238.7453554764925,0.5173644880522966,1230
7550,1238.7453554764925,0.5173644880522966,1230
7551,1238.7453554764925,0.5173644880522966,1230
7552,1238.7453554764925,0.5173644880522966,1230
7553,1238.7453554764925,0.5173644880522966,1230
7554,1238.7453554764925,0.5173644880522966,1230
7555,1238.7453554764925,0.5173644880522966,1230
7556,1238.7453554764925,0.5173644880522966,1230
7557,1238.7453554764925,0.5173644880522966,1230
7558,1238.7453554764925,0.5173644880522966,1230
7559,1238.7453554764925,0.5173644880522966,1230
7560,1238.7453554764925,0.5173644880522966,1230
7561,1238.7453554764925,0.5173644880522966,1230
7562,1238.7453554764925,0.5173644880522966,1230
7563,1238.7453554764925,0.5173644880522966,1230
7564,1238.7453554764925,0.5173644880522966,1230
7565,1238.7453554764925,0.5173644880522966,1230
7566,1238.7453554764925,0.5173644880522966,1230
7567,1238.7453554764925,0.5173644880522966,1230
7568,1238.7453554764925,0.5173644880522966,1230
7569,1238.7453554764925,0.5173644880522966,1230
7570,1238.7453554764925,0.5173644880522966,1230
7571,1238.7453554764925,0.5173644880522966,1230
7572,1238.7453554764925,0.5173644880522966,1230
7573,1238.7453554764925,0.5173644880522966,1230
7574,1238.7453554764925,0.5173644880522966,1230
7575,1238.7453554764925,0.5173644880522966,1230
7576,1238.7453554764925,0.5173644880522966,1230
7577,1238.7453554764925,0.5173644880522966,1230
7578,1238.7453554764925,0.5173644880522966,1230
7579,1238.7453554764925,0.5173644880522966,1230
7580,1238.7453554764925,0.5173644880522966,1230
7581,1238.7453554764925,0.5173644880522966,1230
7582,1238.7453554764925,0.5173644880522966,1230
7583,1238.7453554764925,0.5173644880522966,1230
7584,1238.7453554764925,0.5173644880522966,1230
7585,1238.7453554764925,0.5173644880522966,1230
7586,1238.7453554764925,0.5173644880522966,1230
7587,1238.7453554764925,0.5173644880522966,1230
7588,1238.7453554764925,0.5173644880522966,1230
7589,1238.7453554764925,0.5173644880522966,1230
7590,1238.7453554764925,0.5173644880522966,1230
7591,1238.7453554764925,0.5173644880522966,1230
7592,1238.7453554764925,0.5173644880522966,1230
7593,1238.7453554764925,0.5173644880522966,1230
7594,1238.7453554764925,0.5173644880522966,1230
7595,1238.7453554764925,0.5173644880522966,1230
7596,1238.7453554764925,0.5173644880522966,1230
7597,1238.7453554764925,0.5173644880522966,1230
7598,1238.7453554764925,0.5173644880522966,1230
7599,1238.7453554764925,0.5173644880522966,1230
7600,1238.7453554764925,0.5173644880522966,1230
7601,1238.7453554764925,0.5173644880522966,1230
7602,1238.7453554764925,0.5173644880522966,1230
7603,1238.7453554764925,0.5173644880522966,1230
7604,1238.7453554764925,0.5173644880522966,1230
7605,1238.7453554764925,0.5173644880522966,1230
7606,1238.7453554764925,0.5173644880522966,1230
7607,1238.7453554764925,0.5173644880522966,1230
7608,1238.7453554764925,0.5173644880522966,1230
7609,1238.7453554764925,0.5173644880522966,1230
7610,1238.7453554764925,0.5173644880522966,1230
7611,1238.7453554764925,0.5173644880522966,1230
7612,1238.7453554764925,0.5173644880522966,1230
7613,1238.7453554764925,0.5173644880522966,1230
7614,1238.7453554764925,0.5173644880522966,1230
7615,1238.7453554764925,0.5173644880522966,1230
7616,1238.7453554764925,0.5173644880522966,1230
7617,1238.7453554764925,0.5173644880522966,1230
7618,1238.7453554764925,0.5173644880522966,1230
7619,1238.7453554764925,0.5173644880522966,1230
7620,1238.7453554764925,0.5173644880522966,1230
7621,1238.7453554764925,0.5173644880522966,1230
7622,1238.7453554764925,0.5173644880522966,1230
7623,1238.7453554764925,0.5173644880522966,1230
7624,1238.7453554764925,0.5173644880522966,1230
7625,1238.7453554764925,0.5173644880522966,1230
7626,1238.7453554764925,0.5173644880522966,1230
7627,1238.7453554764925,0.5173644880522966,1230
7628,1238.7453554764925,0.5173644880522966,1230
7629,1238.7453554764925,0.5173644880522966,1230
7630,1238.7453554764925,0.5173644880522966,1230
7631,1238.7453554764925,0.5173644880522966,1230
7632,1238.7453554764925,0.5173644880522966,1230
7633,1238.7453554764925,0.5173644880522966,1230
7634,1238.7453554764925,0.5173644880522966,1230
7635,1238.7453554764925,0.5173644880522966,1230
7636,1238.7453554764925,0.5173644880522966,1230
7637,1238.7453554764925,0.5173644880522966,1230
7638,1238.7453554764925,0.5173644880522966,1230
7639,1238.7453554764925,0.5173644880522966,1230
7640,1238.7453554764925,0.5173644880522966,1230
7641,1238.7453554764925,0.5173644880522966,1230
7642,1238.7453554764925,0.5173644880522966,1230
7643,1238.7453554764925,0.5173644880522966,1230
7644,1238.7453554764925,0.5173644880522966,1230
7645,1238.7453554764925,0.5173644880522966,1230
7646,1238.7453554764925,0.5173644880522966,1230
7647,1238.7453554764925,0.5173644880522966,1230
7648,1238.7453554764925,0.5173644880522966,1230
7649,1238.7453554764925,0.5173644880522966,1230
7650,1238.7453554764925,0.5173644880522966,1230
7651,1238.7453554764925,0.5173644880522966,1230
7652,1238.7453554764925,0.5173644880522966,1230
7653,1238.7453554764925,0.5173644880522966,1230
7654,1238.7453554764925,0.5173644880522966,1230
7655,1238.7453554764925,0.5173644880522966,1230
7656,1238.7453554764925,0.5173644880522966,1230
7657,1238.7453554764925,0.5173644880522966,1230
7658,1238.7453554764925,0.5173644880522966,1230
7659,1238.7453554764925,0.5173644880522966,1230
7660,1238.7453554764925,0.5173644880522966,1230
7661,1238.7453554764925,0.5173644880522966,1230
7662,1238.7453554764925,0.5173644880522966,1230
7663,1238.7453554764925,0.5173644880522966,1230
7664,1238.7453554764925,0.5173644880522966,1230
7665,1238.7453554764925,0.5173644880522966,1230
7666,1238.7453554764925,0.5173644880522966,1230
7667,1238.7453554764925,0.5173644880522966,1230
7668,1238.7453554764925,0.5173644880522966,1230
7669,1238.7453554764925,0.5173644880522966,1230
7670,1238.7453554764925,0.5173644880522966,1230
7671,1238.7453554764925,0.5173644880522966,1230
7672,1238.7453554764925,0.5173644880522966,1230
7673,1238.7453554764925,0.5173644880522966,1230
7674,1238.7453554764925,0.5173644880522966,1230
7675,1238.7453554764925,0.5173644880522966,1230
7676,1238.7453554764925,0.5173644880522966,1230
7677,1238.7453554764925,0.5173644880522966,1230
7678,1238.7453554764925,0.5173644880522966,1230
7679,1238.7453554764925,0.5173644880522966,1230
7680,1238.7453554764925,0.5173644880522966,1230
7681,1238.7453554764925,0.5173644880522966,1230
7682,1238.7453554764925,0.5173644880522966,1230
7683,1238.7453554764925,0.5173644880522966,1230
7684,1238.7453554764925,0.5173644880522966,1230
7685,1238.7453554764925,0.5173644880522966,1230
7686,1238.7453554764925,0.5173644880522966,1230
7687,1238.7453554764925,0.5173644880522966,1230
7688,1238.7453554764925,0.5173644880522966,1230
7689,1238.7453554764925,0.5173644880522966,1230
7690,1238.7453554764925,0.5173644880522966,1230
7691,1238.7453554764925,0.5173644880522966,1230
7692,1238.7453554764925,0.5173644880522966,1230
7693,1238.7453554764925,0.5173644880522966,1230
7694,1238.7453554764925,0.5173644880522966,1230
7695,1238.7453554764925,0.5173644880522966,1230
7696,1238.7453554764925,0.5173644880522966,1230
7697,1238.7453554764925,0.5173644880522966,1230
7698,1238.7453554764925,0.5173644880522966,1230
7699,1238.7453554764925,0.5173644880522966,1230
7700,1238.7453554764925,0.5173644880522966,1230
7701,1238.7453554764925,0.5173644880522966,1230
7702,1238.7453554764925,0.5173644880522966,1230
7703,1238.7453554764925,0.5173644880522966,1230
7704,1238.7453554764925,0.5173644880522966,1230
7705,1238.7453554764925,0.5173644880522966,1230
7706,1238.7453554764925,0.5173644880522966,1230
7707,1238.7453554764925,0.5173644880522966,1230
7708,1238.7453554764925,0.5173644880522966,1230
7709,1238.7453554764925,0.5173644880522966,1230
7710,1238.7453554764925,0.5173644880522966,1230
7711,1238.7453554764925,0.5173644880522966,1230
7712,1238.7453554764925,0.5173644880522966,1230
7713,1238.7453554764925,0.5173644880522966,1230
7714,1238.7453554764925,0.5173644880522966,1230
7715,1238.7453554764925,0.5173644880522966,1230
7716,1238.7453554764925,0.5173644880522966,1230
7717,1238.7453554764925,0.5173644880522966,1230
7718,1238.7453554764925,0.5173644880522966,1230
7719,1238.7453554764925,0.5173644880522966,1230
7720,1238.7453554764925,0.5173644880522966,1230
7721,1238.7453554764925,0.5173644880522966,1230
7722,1238.7453554764925,0.5173644880522966,1230
7723,1238.7453554764925,0.5173644880522966,1230
7724,1238.7453554764925,0.5173644880522966,1230
7725,1238.7453554764925,0.5173644880522966,1230
7726,1238.7453554764925,0.5173644880522966,1230
7727,1238.7453554764925,0.5173644880522966,1230
7728,1238.7453554764925,0.5173644880522966,1230
7729,1238.7453554764925,0.5173644880522966,1230
7730,1238.7453554764925,0.5173644880522966,1230
7731,1238.7453554764925,0.5173644880522966,1230
7732,1238.7453554764925,0.5173644880522966,1230
7733,1238.7453554764925,0.5173644880522966,1230
7734,1238.7453554764925,0.5173644880522966,1230
7735,1238.7453554764925,0.5173644880522966,1230
7736,1238.7453554764925,0.5173644880522966,1230
7737,1238.7453554764925,0.5173644880522966,1230
7738,1238.7453554764925,0.5173644880522966,1230
7739,1238.7453554764925,0.5173644880522966,1230
7740,1238.7453554764925,0.5173644880522966,1230
7741,1238.7453554764925,0.5173644880522966,1230
7742,1238.7453554764925,0.5173644880522966,1230
7743,1238.7453554764925,0.5173644880522966,1230
7744,1238.7453554764925,0.5173644880522966,1230
7745,1238.7453554764925,0.5173644880522966,1230
7746,1238.7453554764925,0.5173644880522966,1230
7747,1238.7453554764925,0.5173644880522966,1230
7748,1238.7453554764925,0.5173644880522966,1230
7749,1238.7453554764925,0.5173644880522966,1230
7750,1238.7453554764925,0.5173644880522966,1230
7751,1238.7453554764925,0.5173644880522966,1230
7752,1238.7453554764925,0.5173644880522966,1230
7753,1238.7453554764925,0.5173644880522966,1230
7754,1238.7453554764925,0.5173644880522966,1230
7755,1238.7453554764925,0.5173644880522966,1230
7756,1238.7453554764925,0.5173644880522966,1230
7757,1238.7453554764925,0.5173644880522966,1230
7758,1238.7453554764925,0.5173644880522966,1230
7759,1238.7453554764925,0.5173644880522966,1230
7760,1238.7453554764925,0.5173644880522966,1230
7761,1238.7453554764925,0.5173644880522966,1230
7762,1238.7453554764925,0.5173644880522966,1230
7763,1238.7453554764925,0.5173644880522966,1230
7764,1238.7453554764925,0.5173644880522966,1230
7765,1238.7453554764925,0.5173644880522966,1230
7766,1238.7453554764925,0.5173644880522966,1230
7767,1238.7453554764925,0.5173644880522966,1230
7768,1238.7453554764925,0.5173644880522966,1230
7769,1238.7453554764925,0.5173644880522966,1230
7770,1238.7453554764925,0.5173644880522966,1230
7771,1238.7453554764925,0.5173644880522966,1230
7772,1238.7453554764925,0.5173644880522966,1230
7773,1238.7453554764925,0.5173644880522966,1230
7774,1238.7453554764925,0.5173644880522966,1230
7775,1238.7453554764925,0.5173644880522966,1230
7776,1238.7453554764925,0.5173644880522966,1230
7777,1238.7453554764925,0.5173644880522966,1230
7778,1238.7453554764925,0.5173644880522966,1230
7779,1238.7453554764925,0.5173644880522966,1230
7780,1238.7453554764925,0.5173644880522966,1230
7781,1238.7453554764925,0.5173644880522966,1230
7782,1238.7453554764925,0.5173644880522966,1230
7783,1238.7453554764925,0.5173644880522966,1230
7784,1238.7453554764925,0.5173644880522966,1230
7785,1238.7453554764925,0.5173644880522966,1230
7786,1238.7453554764925,0.5173644880522966,1230
7787,1238.7453554764925,0.5173644880522966,1230
7788,1238.7453554764925,0.5173644880522966,1230
7789,1238.7453554764925,0.5173644880522966,1230
7790,1238.7453554764925,0.5173644880522966,1230
7791,1238.7453554764925,0.5173644880522966,1230
7792,1238.7453554764925,0.5173644880522966,1230
7793,1238.7453554764925,0.5173644880522966,1230
7794,1238.7453554764925,0.5173644880522966,1230
7795,1238.7453554764925,0.5173644880522966,1230
7796,1238.7453554764925,0.5173644880522966,1230
7797,1238.7453554764925,0.5173644880522966,1230
7798,1238.7453554764925,0.5173644880522966,1230
7799,1238.7453554764925,0.5173644880522966,1230
7800,1238.7453554764925,0.5173644880522966,1230
7801,1238.7453554764925,0.5173644880522966,1230
7802,1238.7453554764925,0.5173644880522966,1230
7803,1238.7453554764925,0.5173644880522966,1230
7804,1238.7453554764925,0.5173644880522966,1230
7805,1238.7453554764925,0.5173644880522966,1230
7806,1238.7453554764925,0.5173644880522966,1230
7807,1238.7453554764925,0.5173644880522966,1230
7808,1238.7453554764925,0.5173644880522966,1230
7809,1238.7453554764925,0.5173644880522966,1230
7810,1238.7453554764925,0.5173644880522966,1230
7811,1238.7453554764925,0.5173644880522966,1230
7812,1238.7453554764925,0.5173644880522966,1230
7813,1238.7453554764925,0.5173644880522966,1230
7814,1238.7453554764925,0.5173644880522966,1230
7815,1238.7453554764925,0.5173644880522966,1230
7816,1238.7453554764925,0.5173644880522966,1230
7817,1238.7453554764925,0.5173644880522966,1230
7818,1238.7453554764925,0.5173644880522966,1230
7819,1238.7453554764925,0.5173644880522966,1230
7820,1238.7453554764925,0.5173644880522966,1230
7821,1238.7453554764925,0.5173644880522966,1230
7822,1238.7453554764925,0.5173644880522966,1230
7823,1238.7453554764925,0.5173644880522966,1230
7824,1238.7453554764925,0.5173644880522966,1230
7825,1238.7453554764925,0.5173644880522966,1230
7826,1238.7453554764925,0.5173644880522966,1230
7827,1238.7453554764925,0.5173644880522966,1230
7828,1238.7453554764925,0.5173644880522966,1230
7829,1238.7453554764925,0.5173644880522966,1230
7830,1238.7453554764925,0.5173644880522966,1230
7831,1238.7453554764925,0.5173644880522966,1230
7832,1238.7453554764925,0.5173644880522966,1230
7833,1238.7453554764925,0.5173644880522966,1230
7834,1238.7453554764925,0.5173644880522966,1230
7835,1238.7453554764925,0.5173644880522966,1230
7836,1238.7453554764925,0.5173644880522966,1230
7837,1238.7453554764925,0.5173644880522966,1230
7838,1238.7453554764925,0.5173644880522966,1230
7839,1238.7453554764925,0.5173644880522966,1230
7840,1238.7453554764925,0.5173644880522966,1230
7841,1238.7453554764925,0.5173644880522966,1230
7842,1238.7453554764925,0.5173644880522966,1230
7843,1238.7453554764925,0.5173644880522966,1230
7844,1238.7453554764925,0.5173644880522966,1230
7845,1238.7453554764925,0.5173644880522966,1230
7846,1238.7453554764925,0.5173644880522966,1230
7847,1238.7453554764925,0.5173644880522966,1230
7848,1238.7453554764925,0.5173644880522966,1230
7849,1238.7453554764925,0.5173644880522966,1230
7850,1238.7453554764925,0.5173644880522966,1230
7851,1238.7453554764925,0.5173644880522966,1230
7852,1238.7453554764925,0.5173644880522966,1230
7853,1238.7453554764925,0.5173644880522966,1230
7854,1238.7453554764925,0.5173644880522966,1230
7855,1238.7453554764925,0.5173644880522966,1230
7856,1238.7453554764925,0.5173644880522966,1230
7857,1238.7453554764925,0.5173644880522966,1230
7858,1238.7453554764925,0.5173644880522966,1230
7859,1238.7453554764925,0.5173644880522966,1230
7860,1238.7453554764925,0.5173644880522966,1230
7861,1238.7453554764925,0.5173644880522966,1230
7862,1238.7453554764925,0.5173644880522966,1230
7863,1238.7453554764925,0.5173644880522966,1230
7864,1238.7453554764925,0.5173644880522966,1230
7865,1238.7453554764925,0.5173644880522966,1230
7866,1238.7453554764925,0.5173644880522966,1230
7867,1238.7453554764925,0.5173644880522966,1230
7868,1238.7453554764925,0.5173644880522966,1230
7869,1238.7453554764925,0.5173644880522966,1230
7870,1238.7453554764925,0.5173644880522966,1230
7871,1238.7453554764925,0.5173644880522966,1230
7872,1238.7453554764925,0.5173644880522966,1230
7873,1238.7453554764925,0.5173644880522966,1230
7874,1238.7453554764925,0.5173644880522966,1230
7875,1238.7453554764925,0.5173644880522966,1230
7876,1238.7453554764925,0.5173644880522966,1230
7877,1238.7453554764925,0.5173644880522966,1230
7878,1238.7453554764925,0.5173644880522966,1230
7879,1238.7453554764925,0.5173644880522966,1230
7880,1238.7453554764925,0.5173644880522966,1230
7881,1238.7453554764925,0.5173644880522966,1230
7882,1238.7453554764925,0.5173644880522966,1230
7883,1238.7453554764925,0.5173644880522966,1230
7884,1238.7453554764925,0.5173644880522966,1230
7885,1238.7453554764925,0.5173644880522966,1230
7886,1238.7453554764925,0.5173644880522966,1230
7887,1238.7453554764925,0.5173644880522966,1230
7888,1238.7453554764925,0.5173644880522966,1230
7889,1238.7453554764925,0.5173644880522966,1230
7890,1238.7453554764925,0.5173644880522966,1230
7891,1238.7453554764925,0.5173644880522966,1230
7892,1238.7453554764925,0.5173644880522966,1230
7893,1238.7453554764925,0.5173644880522966,1230
7894,1238.7453554764925,0.5173644880522966,1230
7895,1238.7453554764925,0.5173644880522966,1230
7896,1238.7453554764925,0.5173644880522966,1230
7897,1238.7453554764925,0.5173644880522966,1230
7898,1238.7453554764925,0.5173644880522966,1230
7899,1238.7453554764925,0.5173644880522966,1230
7900,1238.7453554764925,0.5173644880522966,1230
7901,1238.7453554764925,0.5173644880522966,1230
7902,1238.7453554764925,0.5173644880522966,1230
7903,1238.7453554764925,0.5173644880522966,1230
7904,1238.7453554764925,0.5173644880522966,1230
7905,1238.7453554764925,0.5173644880522966,1230
7906,1238.7453554764925,0.5173644880522966,1230
7907,1238.7453554764925,0.5173644880522966,1230
7908,1238.7453554764925,0.5173644880522966,1230
7909,1238.7453554764925,0.5173644880522966,1230
7910,1238.7453554764925,0.5173644880522966,1230
7911,1238.7453554764925,0.5173644880522966,1230
7912,1238.7453554764925,0.5173644880522966,1230
7913,1238.7453554764925,0.5173644880522966,1230
7914,1238.7453554764925,0.5173644880522966,1230
7915,1238.7453554764925,0.5173644880522966,1230
7916,1238.7453554764925,0.5173644880522966,1230
7917,1238.7453554764925,0.5173644880522966,1230
7918,1238.7453554764925,0.5173644880522966,1230
7919,1238.7453554764925,0.5173644880522966,1230
7920,1238.7453554764925,0.5173644880522966,1230
7921,1238.7453554764925,0.5173644880522966,1230
7922,1238.7453554764925,0.5173644880522966,1230
7923,1238.7453554764925,0.5173644880522966,1230
7924,1238.7453554764925,0.5173644880522966,1230
7925,1238.7453554764925,0.5173644880522966,1230
7926,1238.7453554764925,0.5173644880522966,1230
7927,1238.7453554764925,0.5173644880522966,1230
7928,1238.7453554764925,0.5173644880522966,1230
7929,1238.7453554764925,0.5173644880522966,1230
7930,1238.7453554764925,0.5173644880522966,1230
7931,1238.7453554764925,0.5173644880522966,1230
7932,1238.7453554764925,0.5173644880522966,1230
7933,1238.7453554764925,0.5173644880522966,1230
7934,1238.7453554764925,0.5173644880522966,1230
7935,1238.7453554764925,0.5173644880522966,1230
7936,1238.7453554764925,0.5173644880522966,1230
7937,1238.7453554764925,0.5173644880522966,1230
7938,1238.7453554764925,0.5173644880522966,1230
7939,1238.7453554764925,0.5173644880522966,1230
7940,1238.7453554764925,0.5173644880522966,1230
7941,1238.7453554764925,0.5173644880522966,1230
7942,1238.7453554764925,0.5173644880522966,1230
7943,1238.7453554764925,0.5173644880522966,1230
7944,1238.7453554764925,0.5173644880522966,1230
7945,1238.7453554764925,0.5173644880522966,1230
7946,1238.7453554764925,0.5173644880522966,1230
7947,1238.7453554764925,0.5173644880522966,1230
7948,1238.7453554764925,0.5173644880522966,1230
7949,1238.7453554764925,0.5173644880522966,1230
7950,1238.7453554764925,0.5173644880522966,1230
7951,1238.7453554764925,0.5173644880522966,1230
7952,1238.7453554764925,0.5173644880522966,1230
7953,1238.7453554764925,0.5173644880522966,1230
7954,1238.7453554764925,0.5173644880522966,1230
7955,1238.7453554764925,0.5173644880522966,1230
7956,1238.7453554764925,0.5173644880522966,1230
7957,1238.7453554764925,0.5173644880522966,1230
7958,1238.7453554764925,0.5173644880522966,1230
7959,1238.7453554764925,0.5173644880522966,1230
7960,1238.7453554764925,0.5173644880522966,1230
7961,1238.7453554764925,0.5173644880522966,1230
7962,1238.7453554764925,0.5173644880522966,1230
7963,1238.7453554764925,0.5173644880522966,1230
7964,1238.7453554764925,0.5173644880522966,1230
7965,1238.7453554764925,0.5173644880522966,1230
7966,1238.7453554764925,0.5173644880522966,1230
7967,1238.7453554764925,0.5173644880522966,1230
7968,1238.7453554764925,0.5173644880522966,1230
7969,1238.7453554764925,0.5173644880522966,1230
7970,1238.7453554764925,0.5173644880522966,1230
7971,1238.7453554764925,0.5173644880522966,1230
7972,1238.7453554764925,0.5173644880522966,1230
7973,1238.7453554764925,0.5173644880522966,1230
7974,1238.7453554764925,0.5173644880522966,1230
7975,1238.7453554764925,0.5173644880522966,1230
7976,1238.7453554764925,0.5173644880522966,1230
7977,1238.7453554764925,0.5173644880522966,1230
7978,1238.7453554764925,0.5173644880522966,1230
7979,1238.7453554764925,0.5173644880522966,1230
7980,1238.7453554764925,0.5173644880522966,1230
7981,1238.7453554764925,0.5173644880522966,1230
7982,1238.7453554764925,0.5173644880522966,1230
7983,1238.7453554764925,0.5173644880522966,1230
7984,1238.7453554764925,0.5173644880522966,1230
7985,1238.7453554764925,0.5173644880522966,1230
7986,1238.7453554764925,0.5173644880522966,1230
7987,1238.7453554764925,0.5173644880522966,1230
7988,1238.7453554764925,0.5173644880522966,1230
7989,1238.7453554764925,0.5173644880522966,1230
7990,1238.7453554764925,0.5173644880522966,1230
7991,1238.7453554764925,0.5173644880522966,1230
7992,1238.7453554764925,0.5173644880522966,1230
7993,1238.7453554764925,0.5173644880522966,1230
7994,1238.7453554764925,0.5173644880522966,1230
7995,1238.7453554764925,0.5173644880522966,1230
7996,1238.7453554764925,0.5173644880522966,1230
7997,1238.7453554764925,0.5173644880522966,1230
7998,1238.7453554764925,0.5173644880522966,1230
7999,1238.7453554764925,0.5173644880522966,1230
8000,1238.7453554764925,0.5173644880522966,1230
8001,1238.7453554764925,0.5173644880522966,1230
8002,1238.7453554764925,0.5173644880522966,1230
8003,1238.7453554764925,0.5173644880522966,1230
8004,1238.7453554764925,0.5173644880522966,1230
8005,1238.7453554764925,0.5173644880522966,1230
8006,1238.7453554764925,0.5173644880522966,1230
8007,1238.7453554764925,0.5173644880522966,1230
8008,1238.7453554764925,0.5173644880522966,1230
8009,1238.7453554764925,0.5173644880522966,1230
8010,1238.7453554764925,0.5173644880522966,1230
8011,1238.7453554764925,0.5173644880522966,1230
8012,1238.7453554764925,0.5173644880522966,1230
8013,1238.7453554764925,0.5173644880522966,1230
8014,1238.7453554764925,0.5173644880522966,1230
8015,1238.7453554764925,0.5173644880522966,1230
8016,1238.7453554764925,0.5173644880522966,1230
8017,1238.7453554764925,0.5173644880522966,1230
8018,1238.7453554764925,0.5173644880522966,1230
8019,1238.7453554764925,0.5173644880522966,1230
8020,1238.7453554764925,0.5173644880522966,1230
8021,1238.7453554764925,0.5173644880522966,1230
8022,1238.7453554764925,0.5173644880522966,1230
8023,1238.7453554764925,0.5173644880522966,1230
8024,1238.7453554764925,0.5173644880522966,1230
8025,1238.7453554764925,0.5173644880522966,1230
8026,1238.7453554764925,0.5173644880522966,1230
8027,1238.7453554764925,0.5173644880522966,1230
8028,1238.7453554764925,0.5173644880522966,1230
8029,1238.7453554764925,0.5173644880522966,1230
8030,1238.7453554764925,0.5173644880522966,1230
8031,1238.7453554764925,0.5173644880522966,1230
8032,1238.7453554764925,0.5173644880522966,1230
8033,1238.7453554764925,0.5173644880522966,1230
8034,1238.7453554764925,0.5173644880522966,1230
8035,1238.7453554764925,0.5173644880522966,1230
8036,1238.7453554764925,0.5173644880522966,1230
8037,1238.7453554764925,0.5173644880522966,1230
8038,1238.7453554764925,0.5173644880522966,1230
8039,1238.7453554764925,0.5173644880522966,1230
8040,1238.7453554764925,0.5173644880522966,1230
8041,1238.7453554764925,0.5173644880522966,1230
8042,1238.7453554764925,0.5173644880522966,1230
8043,1238.7453554764925,0.5173644880522966,1230
8044,1238.7453554764925,0.5173644880522966,1230
8045,1238.7453554764925,0.5173644880522966,1230
8046,1238.7453554764925,0.5173644880522966,1230
8047,1238.7453554764925,0.5173644880522966,1230
8048,1238.7453554764925,0.5173644880522966,1230
8049,1238.7453554764925,0.5173644880522966,1230
8050,1238.7453554764925,0.5173644880522966,1230
8051,1238.7453554764925,0.5173644880522966,1230
8052,1238.7453554764925,0.5173644880522966,1230
8053,1238.7453554764925,0.5173644880522966,1230
8054,1238.7453554764925,0.5173644880522966,1230
8055,1238.7453554764925,0.5173644880522966,1230
8056,1238.7453554764925,0.5173644880522966,1230
8057,1238.7453554764925,0.5173644880522966,1230
8058,1238.7453554764925,0.5173644880522966,1230
8059,1238.7453554764925,0.5173644880522966,1230
8060,1238.7453554764925,0.5173644880522966,1230
8061,1238.7453554764925,0.5173644880522966,1230
8062,1238.7453554764925,0.5173644880522966,1230
8063,1238.7453554764925,0.5173644880522966,1230
8064,1238.7453554764925,0.5173644880522966,1230
8065,1238.7453554764925,0.5173644880522966,1230
8066,1238.7453554764925,0.5173644880522966,1230
8067,1238.7453554764925,0.5173644880522966,1230
8068,1238.7453554764925,0.5173644880522966,1230
8069,1238.7453554764925,0.5173644880522966,1230
8070,1238.7453554764925,0.5173644880522966,1230
8071,1238.7453554764925,0.5173644880522966,1230
8072,1238.7453554764925,0.5173644880522966,1230
8073,1238.7453554764925,0.5173644880522966,1230
8074,1238.7453554764925,0.5173644880522966,1230
8075,1238.7453554764925,0.5173644880522966,1230
8076,1238.7453554764925,0.5173644880522966,1230
8077,1238.7453554764925,0.5173644880522966,1230
8078,1238.7453554764925,0.5173644880522966,1230
8079,1238.7453554764925,0.5173644880522966,1230
8080,1238.7453554764925,0.5173644880522966,1230
8081,1238.7453554764925,0.5173644880522966,1230
8082,1238.7453554764925,0.5173644880522966,1230
8083,1238.7453554764925,0.5173644880522966,1230
8084,1238.7453554764925,0.5173644880522966,1230
8085,1238.7453554764925,0.5173644880522966,1230
8086,1238.7453554764925,0.5173644880522966,1230
8087,1238.7453554764925,0.5173644880522966,1230
8088,1238.7453554764925,0.5173644880522966,1230
8089,1238.7453554764925,0.5173644880522966,1230
8090,1238.7453554764925,0.5173644880522966,1230
8091,1238.7453554764925,0.5173644880522966,1230
8092,1238.7453554764925,0.5173644880522966,1230
8093,1238.7453554764925,0.5173644880522966,1230
8094,1238.7453554764925,0.5173644880522966,1230
8095,1238.7453554764925,0.5173644880522966,1230
8096,1238.7453554764925,0.5173644880522966,1230
8097,1238.7453554764925,0.5173644880522966,1230
8098,1238.7453554764925,0.5173644880522966,1230
8099,1238.7453554764925,0.5173644880522966,1230
8100,1238.7453554764925,0.5173644880522966,1230
8101,1238.7453554764925,0.5173644880522966,1230
8102,1238.7453554764925,0.5173644880522966,1230
8103,1238.7453554764925,0.5173644880522966,1230
8104,1238.7453554764925,0.5173644880522966,1230
8105,1238.7453554764925,0.5173644880522966,1230
8106,1238.7453554764925,0.5173644880522966,1230
8107,1238.7453554764925,0.5173644880522966,1230
8108,1238.7453554764925,0.5173644880522966,1230
8109,1238.7453554764925,0.5173644880522966,1230
8110,1238.7453554764925,0.5173644880522966,1230
8111,1238.7453554764925,0.5173644880522966,1230
8112,1238.7453554764925,0.5173644880522966,1230
8113,1238.7453554764925,0.5173644880522966,1230
8114,1238.7453554764925,0.5173644880522966,1230
8115,1238.7453554764925,0.5173644880522966,1230
8116,1238.7453554764925,0.5173644880522966,1230
8117,1238.7453554764925,0.5173644880522966,1230
8118,1238.7453554764925,0.5173644880522966,1230
8119,1238.7453554764925,0.5173644880522966,1230
8120,1238.7453554764925,0.5173644880522966,1230
8121,1238.7453554764925,0.5173644880522966,1230
8122,1238.7453554764925,0.5173644880522966,1230
8123,1238.7453554764925,0.5173644880522966,1230
8124,1238.7453554764925,0.5173644880522966,1230
8125,1238.7453554764925,0.5173644880522966,1230
8126,1238.7453554764925,0.5173644880522966,1230
8127,1238.7453554764925,0.5173644880522966,1230
8128,1238.7453554764925,0.5173644880522966,1230
8129,1238.7453554764925,0.5173644880522966,1230
8130,1238.7453554764925,0.5173644880522966,1230
8131,1238.7453554764925,0.5173644880522966,1230
8132,1238.7453554764925,0.5173644880522966,1230
8133,1238.7453554764925,0.5173644880522966,1230
8134,1238.7453554764925,0.5173644880522966,1230
8135,1238.7453554764925,0.5173644880522966,1230
8136,1238.7453554764925,0.5173644880522966,1230
8137,1238.7453554764925,0.5173644880522966,1230
8138,1238.7453554764925,0.5173644880522966,1230
8139,1238.7453554764925,0.5173644880522966,1230
8140,1238.7453554764925,0.5173644880522966,1230
8141,1238.7453554764925,0.5173644880522966,1230
8142,1238.7453554764925,0.5173644880522966,1230
8143,1238.7453554764925,0.5173644880522966,1230
8144,1238.7453554764925,0.5173644880522966,1230
8145,1238.7453554764925,0.5173644880522966,1230
8146,1238.7453554764925,0.5173644880522966,1230
8147,1238.7453554764925,0.5173644880522966,1230
8148,1238.7453554764925,0.5173644880522966,1230
8149,1238.7453554764925,0.5173644880522966,1230
8150,1238.7453554764925,0.5173644880522966,1230
8151,1238.7453554764925,0.5173644880522966,1230
8152,1238.7453554764925,0.5173644880522966,1230
8153,1238.7453554764925,0.5173644880522966,1230
8154,1238.7453554764925,0.5173644880522966,1230
8155,1238.7453554764925,0.5173644880522966,1230
8156,1238.7453554764925,0.5173644880522966,1230
8157,1238.7453554764925,0.5173644880522966,1230
8158,1238.7453554764925,0.5173644880522966,1230
8159,1238.7453554764925,0.5173644880522966,1230
8160,1238.7453554764925,0.5173644880522966,1230
8161,1238.7453554764925,0.5173644880522966,1230
8162,1238.7453554764925,0.5173644880522966,1230
8163,1238.7453554764925,0.5173644880522966,1230
8164,1238.7453554764925,0.5173644880522966,1230
8165,1238.7453554764925,0.5173644880522966,1230
8166,1238.7453554764925,0.5173644880522966,1230
8167,1238.7453554764925,0.5173644880522966,1230
8168,1238.7453554764925,0.5173644880522966,1230
8169,1238.7453554764925,0.5173644880522966,1230
8170,1238.7453554764925,0.5173644880522966,1230
8171,1238.7453554764925,0.5173644880522966,1230
8172,1238.7453554764925,0.5173644880522966,1230
8173,1238.7453554764925,0.5173644880522966,1230
8174,1238.7453554764925,0.5173644880522966,1230
8175,1238.7453554764925,0.5173644880522966,1230
8176,1238.7453554764925,0.5173644880522966,1230
8177,1238.7453554764925,0.5173644880522966,1230
8178,1238.7453554764925,0.5173644880522966,1230
8179,1238.7453554764925,0.5173644880522966,1230
8180,1238.7453554764925,0.5173644880522966,1230
8181,1238.7453554764925,0.5173644880522966,1230
8182,1238.7453554764925,0.5173644880522966,1230
8183,1238.7453554764925,0.5173644880522966,1230
8184,1238.7453554764925,0.5173644880522966,1230
8185,1238.7453554764925,0.5173644880522966,1230
8186,1238.7453554764925,0.5173644880522966,1230
8187,1238.7453554764925,0.5173644880522966,1230
8188,1238.7453554764925,0.5173644880522966,1230
8189,1238.7453554764925,0.5173644880522966,1230
8190,1238.7453554764925,0.5173644880522966,1230
8191,1238.7453554764925,0.5173644880522966,1230
8192,1238.7453554764925,0.5173644880522966,1230
8193,1238.7453554764925,0.5173644880522966,1230
8194,1238.7453554764925,0.5173644880522966,1230
8195,1238.7453554764925,0.5173644880522966,1230
8196,1238.7453554764925,0.5173644880522966,1230
8197,1238.7453554764925,0.5173644880522966,1230
8198,1238.7453554764925,0.5173644880522966,1230
8199,1238.7453554764925,0.5173644880522966,1230
8200,1238.7453554764925,0.5173644880522966,1230
8201,1238.7453554764925,0.5173644880522966,1230
8202,1238.7453554764925,0.5173644880522966,1230
8203,1238.7453554764925,0.5173644880522966,1230
8204,1238.7453554764925,0.5173644880522966,1230
8205,1238.7453554764925,0.5173644880522966,1230
8206,1238.7453554764925,0.5173644880522966,1230
8207,1238.7453554764925,0.5173644880522966,1230
8208,1238.7453554764925,0.5173644880522966,1230
8209,1238.7453554764925,0.5173644880522966,1230
8210,1238.7453554764925,0.5173644880522966,1230
8211,1238.7453554764925,0.5173644880522966,1230
8212,1238.7453554764925,0.5173644880522966,1230
8213,1238.7453554764925,0.5173644880522966,1230
8214,1238.7453554764925,0.5173644880522966,1230
8215,1238.7453554764925,0.5173644880522966,1230
8216,1238.7453554764925,0.5173644880522966,1230
8217,1238.7453554764925,0.5173644880522966,1230
8218,1238.7453554764925,0.5173644880522966,1230
8219,1238.7453554764925,0.5173644880522966,1230
8220,1238.7453554764925,0.5173644880522966,1230
8221,1238.7453554764925,0.5173644880522966,1230
8222,1238.7453554764925,0.5173644880522966,1230
8223,1238.7453554764925,0.5173644880522966,1230
8224,1238.7453554764925,0.5173644880522966,1230
8225,1238.7453554764925,0.5173644880522966,1230
8226,1238.7453554764925,0.5173644880522966,1230
8227,1238.7453554764925,0.5173644880522966,1230
8228,1238.7453554764925,0.5173644880522966,1230
8229,1238.7453554764925,0.5173644880522966,1230
8230,1238.7453554764925,0.5173644880522966,1230
8231,1238.7453554764925,0.5173644880522966,1230
8232,1238.7453554764925,0.5173644880522966,1230
8233,1238.7453554764925,0.5173644880522966,1230
8234,1238.7453554764925,0.5173644880522966,1230
8235,1238.7453554764925,0.5173644880522966,1230
8236,1238.7453554764925,0.5173644880522966,1230
8237,1238.7453554764925,0.5173644880522966,1230
8238,1238.7453554764925,0.5173644880522966,1230
8239,1238.7453554764925,0.5173644880522966,1230
8240,1238.7453554764925,0.5173644880522966,1230
8241,1238.7453554764925,0.5173644880522966,1230
8242,1238.7453554764925,0.5173644880522966,1230
8243,1238.7453554764925,0.5173644880522966,1230
8244,1238.7453554764925,0.5173644880522966,1230
8245,1238.7453554764925,0.5173644880522966,1230
8246,1238.7453554764925,0.5173644880522966,1230
8247,1238.7453554764925,0.5173644880522966,1230
8248,1238.7453554764925,0.5173644880522966,1230
8249,1238.7453554764925,0.5173644880522966,1230
8250,1238.7453554764925,0.5173644880522966,1230
8251,1238.7453554764925,0.5173644880522966,1230
8252,1238.7453554764925,0.5173644880522966,1230
8253,1238.7453554764925,0.5173644880522966,1230
8254,1238.7453554764925,0.5173644880522966,1230
8255,1238.7453554764925,0.5173644880522966,1230
8256,1238.7453554764925,0.5173644880522966,1230
8257,1238.7453554764925,0.5173644880522966,1230
8258,1238.7453554764925,0.5173644880522966,1230
8259,1238.7453554764925,0.5173644880522966,1230
8260,1238.7453554764925,0.5173644880522966,1230
8261,1238.7453554764925,0.5173644880522966,1230
8262,1238.7453554764925,0.5173644880522966,1230
8263,1238.7453554764925,0.5173644880522966,1230
8264,1238.7453554764925,0.5173644880522966,1230
8265,1238.7453554764925,0.5173644880522966,1230
8266,1238.7453554764925,0.5173644880522966,1230
8267,1238.7453554764925,0.5173644880522966,1230
8268,1238.7453554764925,0.5173644880522966,1230
8269,1238.7453554764925,0.5173644880522966,1230
8270,1238.7453554764925,0.5173644880522966,1230
8271,1238.7453554764925,0.5173644880522966,1230
8272,1238.7453554764925,0.5173644880522966,1230
8273,1238.7453554764925,0.5173644880522966,1230
8274,1238.7453554764925,0.5173644880522966,1230
8275,1238.7453554764925,0.5173644880522966,1230
8276,1238.7453554764925,0.5173644880522966,1230
8277,1238.7453554764925,0.5173644880522966,1230
8278,1238.7453554764925,0.5173644880522966,1230
8279,1238.7453554764925,0.5173644880522966,1230
8280,1238.7453554764925,0.5173644880522966,1230
8281,1238.7453554764925,0.5173644880522966,1230
8282,1238.7453554764925,0.5173644880522966,1230
8283,1238.7453554764925,0.5173644880522966,1230
8284,1238.7453554764925,0.5173644880522966,1230
8285,1238.7453554764925,0.5173644880522966,1230
8286,1238.7453554764925,0.5173644880522966,1230
8287,1238.7453554764925,0.5173644880522966,1230
8288,1238.7453554764925,0.5173644880522966,1230
8289,1238.7453554764925,0.5173644880522966,1230
8290,1238.7453554764925,0.5173644880522966,1230
8291,1238.7453554764925,0.5173644880522966,1230
8292,1238.7453554764925,0.5173644880522966,1230
8293,1238.7453554764925,0.5173644880522966,1230
8294,1238.7453554764925,0.5173644880522966,1230
8295,1238.7453554764925,0.5173644880522966,1230
8296,1238.7453554764925,0.5173644880522966,1230
8297,1238.7453554764925,0.5173644880522966,1230
8298,1238.7453554764925,0.5173644880522966,1230
8299,1238.7453554764925,0.5173644880522966,1230
8300,1238.7453554764925,0.5173644880522966,1230
8301,1238.7453554764925,0.5173644880522966,1230
8302,1238.7453554764925,0.5173644880522966,1230
8303,1238.7453554764925,0.5173644880522966,1230
8304,1238.7453554764925,0.5173644880522966,1230
8305,1238.7453554764925,0.5173644880522966,1230
8306,1238.7453554764925,0.5173644880522966,1230
8307,1238.7453554764925,0.5173644880522966,1230
8308,1238.7453554764925,0.5173644880522966,1230
8309,1238.7453554764925,0.5173644880522966,1230
8310,1238.7453554764925,0.5173644880522966,1230
8311,1238.7453554764925,0.5173644880522966,1230
8312,1238.7453554764925,0.5173644880522966,1230
8313,1238.7453554764925,0.5173644880522966,1230
8314,1238.7453554764925,0.5173644880522966,1230
8315,1238.7453554764925,0.5173644880522966,1230
8316,1238.7453554764925,0.5173644880522966,1230
8317,1238.7453554764925,0.5173644880522966,1230
8318,1238.7453554764925,0.5173644880522966,1230
8319,1238.7453554764925,0.5173644880522966,1230
8320,1238.7453554764925,0.5173644880522966,1230
8321,1238.7453554764925,0.5173644880522966,1230
8322,1238.7453554764925,0.5173644880522966,1230
8323,1238.7453554764925,0.5173644880522966,1230
8324,1238.7453554764925,0.5173644880522966,1230
8325,1238.7453554764925,0.5173644880522966,1230
8326,1238.7453554764925,0.5173644880522966,1230
8327,1238.7453554764925,0.5173644880522966,1230
8328,1238.7453554764925,0.5173644880522966,1230
8329,1238.7453554764925,0.5173644880522966,1230
8330,1238.7453554764925,0.5173644880522966,1230
8331,1238.7453554764925,0.5173644880522966,1230
8332,1238.7453554764925,0.5173644880522966,1230
8333,1238.7453554764925,0.5173644880522966,1230
8334,1238.7453554764925,0.5173644880522966,1230
8335,1238.7453554764925,0.5173644880522966,1230
8336,1238.7453554764925,0.5173644880522966,1230
8337,1238.7453554764925,0.5173644880522966,1230
8338,1238.7453554764925,0.5173644880522966,1230
8339,1238.7453554764925,0.5173644880522966,1230
8340,1238.7453554764925,0.5173644880522966,1230
8341,1238.7453554764925,0.5173644880522966,1230
8342,1238.7453554764925,0.5173644880522966,1230
8343,1238.7453554764925,0.5173644880522966,1230
8344,1238.7453554764925,0.5173644880522966,1230
8345,1238.7453554764925,0.5173644880522966,1230
8346,1238.7453554764925,0.5173644880522966,1230
8347,1238.7453554764925,0.5173644880522966,1230
8348,1238.7453554764925,0.5173644880522966,1230
8349,1238.7453554764925,0.5173644880522966,1230
8350,1238.7453554764925,0.5173644880522966,1230
8351,1238.7453554764925,0.5173644880522966,1230
8352,1238.7453554764925,0.5173644880522966,1230
8353,1238.7453554764925,0.5173644880522966,1230
8354,1238.7453554764925,0.5173644880522966,1230
8355,1238.7453554764925,0.5173644880522966,1230
8356,1238.7453554764925,0.5173644880522966,1230
8357,1238.7453554764925,0.5173644880522966,1230
8358,1238.7453554764925,0.5173644880522966,1230
8359,1238.7453554764925,0.5173644880522966,1230
8360,1238.7453554764925,0.5173644880522966,1230
8361,1238.7453554764925,0.5173644880522966,1230
8362,1238.7453554764925,0.5173644880522966,1230
8363,1238.7453554764925,0.5173644880522966,1230
8364,1238.7453554764925,0.5173644880522966,1230
8365,1238.7453554764925,0.5173644880522966,1230
8366,1238.7453554764925,0.5173644880522966,1230
8367,1238.7453554764925,0.5173644880522966,1230
8368,1238.7453554764925,0.5173644880522966,1230
8369,1238.7453554764925,0.5173644880522966,1230
8370,1238.7453554764925,0.5173644880522966,1230
8371,1238.7453554764925,0.5173644880522966,1230
8372,1238.7453554764925,0.5173644880522966,1230
8373,1238.7453554764925,0.5173644880522966,1230
8374,1238.7453554764925,0.5173644880522966,1230
8375,1238.7453554764925,0.5173644880522966,1230
8376,1238.7453554764925,0.5173644880522966,1230
8377,1238.7453554764925,0.5173644880522966,1230
8378,1238.7453554764925,0.5173644880522966,1230
8379,1238.7453554764925,0.5173644880522966,1230
8380,1238.7453554764925,0.5173644880522966,1230
8381,1238.7453554764925,0.5173644880522966,1230
8382,1238.7453554764925,0.5173644880522966,1230
8383,1238.7453554764925,0.5173644880522966,1230
8384,1238.7453554764925,0.5173644880522966,1230
8385,1238.7453554764925,0.5173644880522966,1230
8386,1238.7453554764925,0.5173644880522966,1230
8387,1238.7453554764925,0.5173644880522966,1230
8388,1238.7453554764925,0.5173644880522966,1230
8389,1238.7453554764925,0.5173644880522966,1230
8390,1238.7453554764925,0.5173644880522966,1230
8391,1238.7453554764925,0.5173644880522966,1230
8392,1238.7453554764925,0.5173644880522966,1230
8393,1238.7453554764925,0.5173644880522966,1230
8394,1238.7453554764925,0.5173644880522966,1230
8395,1238.7453554764925,0.5173644880522966,1230
8396,1238.7453554764925,0.5173644880522966,1230
8397,1238.7453554764925,0.5173644880522966,1230
8398,1238.7453554764925,0.5173644880522966,1230
8399,1238.7453554764925,0.5173644880522966,1230
8400,1238.7453554764925,0.5173644880522966,1230
8401,1238.7453554764925,0.5173644880522966,1230
8402,1238.7453554764925,0.5173644880522966,1230
8403,1238.7453554764925,0.5173644880522966,1230
8404,1238.7453554764925,0.5173644880522966,1230
8405,1238.7453554764925,0.5173644880522966,1230
8406,1238.7453554764925,0.5173644880522966,1230
8407,1238.7453554764925,0.5173644880522966,1230
8408,1238.7453554764925,0.5173644880522966,1230
8409,1238.7453554764925,0.5173644880522966,1230
8410,1238.7453554764925,0.5173644880522966,1230
8411,1238.7453554764925,0.5173644880522966,1230
8412,1238.7453554764925,0.5173644880522966,1230
8413,1238.7453554764925,0.5173644880522966,1230
8414,1238.7453554764925,0.5173644880522966,1230
8415,1238.7453554764925,0.5173644880522966,1230
8416,1238.7453554764925,0.5173644880522966,1230
8417,1238.7453554764925,0.5173644880522966,1230
8418,1238.7453554764925,0.5173644880522966,1230
8419,1238.7453554764925,0.5173644880522966,1230
8420,1238.7453554764925,0.5173644880522966,1230
8421,1238.7453554764925,0.5173644880522966,1230
8422,1238.7453554764925,0.5173644880522966,1230
8423,1238.7453554764925,0.5173644880522966,1230
8424,1238.7453554764925,0.5173644880522966,1230
8425,1238.7453554764925,0.5173644880522966,1230
8426,1238.7453554764925,0.5173644880522966,1230
8427,1238.7453554764925,0.5173644880522966,1230
8428,1238.7453554764925,0.5173644880522966,1230
8429,1238.7453554764925,0.5173644880522966,1230
8430,1238.7453554764925,0.5173644880522966,1230
8431,1238.7453554764925,0.5173644880522966,1230
8432,1238.7453554764925,0.5173644880522966,1230
8433,1238.7453554764925,0.5173644880522966,1230
8434,1238.7453554764925,0.5173644880522966,1230
8435,1238.7453554764925,0.5173644880522966,1230
8436,1238.7453554764925,0.5173644880522966,1230
8437,1238.7453554764925,0.5173644880522966,1230
8438,1238.7453554764925,0.5173644880522966,1230
8439,1238.7453554764925,0.5173644880522966,1230
8440,1238.7453554764925,0.5173644880522966,1230
8441,1238.7453554764925,0.5173644880522966,1230
8442,1238.7453554764925,0.5173644880522966,1230
8443,1238.7453554764925,0.5173644880522966,1230
8444,1238.7453554764925,0.5173644880522966,1230
8445,1238.7453554764925,0.5173644880522966,1230
8446,1238.7453554764925,0.5173644880522966,1230
8447,1238.7453554764925,0.5173644880522966,1230
8448,1238.7453554764925,0.5173644880522966,1230
8449,1238.7453554764925,0.5173644880522966,1230
8450,1238.7453554764925,0.5173644880522966,1230
8451,1238.7453554764925,0.5173644880522966,1230
8452,1238.7453554764925,0.5173644880522966,1230
8453,1238.7453554764925,0.5173644880522966,1230
8454,1238.7453554764925,0.5173644880522966,1230
8455,1238.7453554764925,0.5173644880522966,1230
8456,1238.7453554764925,0.5173644880522966,1230
8457,1238.7453554764925,0.5173644880522966,1230
8458,1238.7453554764925,0.5173644880522966,1230
8459,1238.7453554764925,0.5173644880522966,1230
8460,1238.7453554764925,0.5173644880522966,1230
8461,1238.7453554764925,0.5173644880522966,1230
8462,1238.7453554764925,0.5173644880522966,1230
8463,1238.7453554764925,0.5173644880522966,1230
8464,1238.7453554764925,0.5173644880522966,1230
8465,1238.7453554764925,0.5173644880522966,1230
8466,1238.7453554764925,0.5173644880522966,1230
8467,1238.7453554764925,0.5173644880522966,1230
8468,1238.7453554764925,0.5173644880522966,1230
8469,1238.7453554764925,0.5173644880522966,1230
8470,1238.7453554764925,0.5173644880522966,1230
8471,1238.7453554764925,0.5173644880522966,1230
8472,1238.7453554764925,0.5173644880522966,1230
8473,1238.7453554764925,0.5173644880522966,1230
8474,1238.7453554764925,0.5173644880522966,1230
8475,1238.7453554764925,0.5173644880522966,1230
8476,1238.7453554764925,0.5173644880522966,1230
8477,1238.7453554764925,0.5173644880522966,1230
8478,1238.7453554764925,0.5173644880522966,1230
8479,1238.7453554764925,0.5173644880522966,1230
8480,1238.7453554764925,0.5173644880522966,1230
8481,1238.7453554764925,0.5173644880522966,1230
8482,1238.7453554764925,0.5173644880522966,1230
8483,1238.7453554764925,0.5173644880522966,1230
8484,1238.7453554764925,0.5173644880522966,1230
8485,1238.7453554764925,0.5173644880522966,1230
8486,1238.7453554764925,0.5173644880522966,1230
8487,1238.7453554764925,0.5173644880522966,1230
8488,1238.7453554764925,0.5173644880522966,1230
8489,1238.7453554764925,0.5173644880522966,1230
8490,1238.7453554764925,0.5173644880522966,1230
8491,1238.7453554764925,0.5173644880522966,1230
8492,1238.7453554764925,0.5173644880522966,1230
8493,1238.7453554764925,0.5173644880522966,1230
8494,1238.7453554764925,0.5173644880522966,1230
8495,1238.7453554764925,0.5173644880522966,1230
8496,1238.7453554764925,0.5173644880522966,1230
8497,1238.7453554764925,0.5173644880522966,1230
8498,1238.7453554764925,0.5173644880522966,1230
8499,1238.7453554764925,0.5173644880522966,1230
8500,1238.7453554764925,0.5173644880522966,1230
8501,1238.7453554764925,0.5173644880522966,1230
8502,1238.7453554764925,0.5173644880522966,1230
8503,1238.7453554764925,0.5173644880522966,1230
8504,1238.7453554764925,0.5173644880522966,1230
8505,1238.7453554764925,0.5173644880522966,1230
8506,1238.7453554764925,0.5173644880522966,1230
8507,1238.7453554764925,0.5173644880522966,1230
8508,1238.7453554764925,0.5173644880522966,1230
8509,1238.7453554764925,0.5173644880522966,1230
8510,1238.7453554764925,0.5173644880522966,1230
8511,1238.7453554764925,0.5173644880522966,1230
8512,1238.7453554764925,0.5173644880522966,1230
8513,1238.7453554764925,0.5173644880522966,1230
8514,1238.7453554764925,0.5173644880522966,1230
8515,1238.7453554764925,0.5173644880522966,1230
8516,1238.7453554764925,0.5173644880522966,1230
8517,1238.7453554764925,0.5173644880522966,1230
8518,1238.7453554764925,0.5173644880522966,1230
8519,1238.7453554764925,0.5173644880522966,1230
8520,1238.7453554764925,0.5173644880522966,1230
8521,1238.7453554764925,0.5173644880522966,1230
8522,1238.7453554764925,0.5173644880522966,1230
8523,1238.7453554764925,0.5173644880522966,1230
8524,1238.7453554764925,0.5173644880522966,1230
8525,1238.7453554764925,0.5173644880522966,1230
8526,1238.7453554764925,0.5173644880522966,1230
8527,1238.7453554764925,0.5173644880522966,1230
8528,1238.7453554764925,0.5173644880522966,1230
8529,1238.7453554764925,0.5173644880522966,1230
8530,1238.7453554764925,0.5173644880522966,1230
8531,1238.7453554764925,0.5173644880522966,1230
8532,1238.7453554764925,0.5173644880522966,1230
8533,1238.7453554764925,0.5173644880522966,1230
8534,1238.7453554764925,0.5173644880522966,1230
8535,1238.7453554764925,0.5173644880522966,1230
8536,1238.7453554764925,0.5173644880522966,1230
8537,1238.7453554764925,0.5173644880522966,1230
8538,1238.7453554764925,0.5173644880522966,1230
8539,1238.7453554764925,0.5173644880522966,1230
8540,1238.7453554764925,0.5173644880522966,1230
8541,1238.7453554764925,0.5173644880522966,1230
8542,1238.7453554764925,0.5173644880522966,1230
8543,1238.7453554764925,0.5173644880522966,1230
8544,1238.7453554764925,0.5173644880522966,1230
8545,1238.7453554764925,0.5173644880522966,1230
8546,1238.7453554764925,0.5173644880522966,1230
8547,1238.7453554764925,0.5173644880522966,1230
8548,1238.7453554764925,0.5173644880522966,1230
8549,1238.7453554764925,0.5173644880522966,1230
8550,1238.7453554764925,0.5173644880522966,1230
8551,1238.7453554764925,0.5173644880522966,1230
8552,1238.7453554764925,0.5173644880522966,1230
8553,1238.7453554764925,0.5173644880522966,1230
8554,1238.7453554764925,0.5173644880522966,1230
8555,1238.7453554764925,0.5173644880522966,1230
8556,1238.7453554764925,0.5173644880522966,1230
8557,1238.7453554764925,0.5173644880522966,1230
8558,1238.7453554764925,0.5173644880522966,1230
8559,1238.7453554764925,0.5173644880522966,1230
8560,1238.7453554764925,0.5173644880522966,1230
8561,1238.7453554764925,0.5173644880522966,1230
8562,1238.7453554764925,0.5173644880522966,1230
8563,1238.7453554764925,0.5173644880522966,1230
8564,1238.7453554764925,0.5173644880522966,1230
8565,1238.7453554764925,0.5173644880522966,1230
8566,1238.7453554764925,0.5173644880522966,1230
8567,1238.7453554764925,0.5173644880522966,1230
8568,1238.7453554764925,0.5173644880522966,1230
