Iteration,Objective,Fairness,Duration
0,1839.27298561209,0.5555123244444206,1820
1,1825.2534023882868,0.5559639670598053,1806
2,1825.2534023882868,0.5559639670598053,1806
3,1825.2534023882868,0.5559639670598053,1806
4,1825.2534023882868,0.5559639670598053,1806
5,1804.623520053935,0.5474280430365576,1785
6,1804.623520053935,0.5474280430365576,1785
7,1775.5880800487591,0.5482453863293537,1756
8,1775.5880800487591,0.5482453863293537,1756
9,1775.5880800487591,0.5482453863293537,1756
10,1735.537149190271,0.5494199909992813,1716
11,1735.537149190271,0.5494199909992813,1716
12,1735.537149190271,0.5494199909992813,1716
13,1722.4083953025142,0.5523894072298372,1703
14,1722.4083953025142,0.5523894072298372,1703
15,1722.4083953025142,0.5523894072298372,1703
16,1722.4083953025142,0.5523894072298372,1703
17,1722.4083953025142,0.5523894072298372,1703
18,1722.4083953025142,0.5523894072298372,1703
19,1722.4083953025142,0.5523894072298372,1703
20,1722.4083953025142,0.5523894072298372,1703
21,1722.4083953025142,0.5523894072298372,1703
22,1722.4083953025142,0.5523894072298372,1703
23,1722.4083953025142,0.5523894072298372,1703
24,1722.4083953025142,0.5523894072298372,1703
25,1722.4083953025142,0.5523894072298372,1703
26,1722.4083953025142,0.5523894072298372,1703
27,1722.4083953025142,0.5523894072298372,1703
28,1722.4083953025142,0.5523894072298372,1703
29,1722.4083953025142,0.5523894072298372,1703
30,1722.4083953025142,0.5523894072298372,1703
31,1722.4083953025142,0.5523894072298372,1703
32,1722.4083953025142,0.5523894072298372,1703
33,1722.4083953025142,0.5523894072298372,1703
34,1722.4083953025142,0.5523894072298372,1703
35,1719.4041988950275,0.5524861878453039,1700
36,1693.3671719087288,0.5533401312562546,1674
37,1693.3671719087288,0.5533401312562546,1674
38,1693.3671719087288,0.5533401312562546,1674
39,1672.0166759250699,0.5614235257133346,1653
40,1672.0166759250699,0.5614235257133346,1653
41,1672.0166759250699,0.5614235257133346,1653
42,1672.0166759250699,0.5614235257133346,1653
43,1672.0166759250699,0.5614235257133346,1653
44,1672.0166759250699,0.5614235257133346,1653
45,1654.9875019657127,0.562096356879322,1636
46,1654.9875019657127,0.562096356879322,1636
47,1654.9875019657127,0.562096356879322,1636
48,1654.9875019657127,0.562096356879322,1636
49,1654.9875019657127,0.562096356879322,1636
50,1654.9875019657127,0.562096356879322,1636
51,1665.681798620171,0.569146710789413,1647
52,1664.6798692084353,0.5691912082925416,1646
53,1654.6604383111494,0.5696393378424971,1636
54,1654.6604383111494,0.5696393378424971,1636
55,1654.6604383111494,0.5696393378424971,1636
56,1654.6604383111494,0.5696393378424971,1636
57,1654.6604383111494,0.5696393378424971,1636
58,1654.6604383111494,0.5696393378424971,1636
59,1654.6604383111494,0.5696393378424971,1636
60,1654.6604383111494,0.5696393378424971,1636
61,1654.6604383111494,0.5696393378424971,1636
62,1654.6604383111494,0.5696393378424971,1636
63,1654.6604383111494,0.5696393378424971,1636
64,1654.6604383111494,0.5696393378424971,1636
65,1654.6604383111494,0.5696393378424971,1636
66,1654.6604383111494,0.5696393378424971,1636
67,1654.6604383111494,0.5696393378424971,1636
68,1639.6308178213224,0.5703224672204268,1621
69,1639.6308178213224,0.5703224672204268,1621
70,1639.6308178213224,0.5703224672204268,1621
71,1639.6308178213224,0.5703224672204268,1621
72,1639.6308178213224,0.5703224672204268,1621
73,1639.6308178213224,0.5703224672204268,1621
74,1639.6308178213224,0.5703224672204268,1621
75,1632.6167961592957,0.5706458450346944,1614
76,1632.6167961592957,0.5706458450346944,1614
77,1632.6167961592957,0.5706458450346944,1614
78,1622.5965412007681,0.5711129796870796,1604
79,1622.5965412007681,0.5711129796870796,1604
80,1617.5863134649944,0.5713488592021588,1599
81,1617.5863134649944,0.5713488592021588,1599
82,1617.5863134649944,0.5713488592021588,1599
83,1617.5863134649944,0.5713488592021588,1599
84,1617.5863134649944,0.5713488592021588,1599
85,1611.9107870013,0.5638656134386562,1593
86,1575.843131410243,0.565425936110633,1557
87,1575.843131410243,0.565425936110633,1557
88,1575.843131410243,0.565425936110633,1557
89,1575.843131410243,0.565425936110633,1557
90,1575.843131410243,0.565425936110633,1557
91,1575.843131410243,0.565425936110633,1557
92,1575.843131410243,0.565425936110633,1557
93,1575.843131410243,0.565425936110633,1557
94,1575.843131410243,0.565425936110633,1557
95,1575.843131410243,0.565425936110633,1557
96,1575.843131410243,0.565425936110633,1557
97,1575.843131410243,0.565425936110633,1557
98,1575.843131410243,0.565425936110633,1557
99,1575.843131410243,0.565425936110633,1557
100,1575.843131410243,0.565425936110633,1557
101,1575.843131410243,0.565425936110633,1557
102,1576.118642685773,0.5821346244056018,1558
103,1576.118642685773,0.5821346244056018,1558
104,1576.118642685773,0.5821346244056018,1558
105,1576.118642685773,0.5821346244056018,1558
106,1576.118642685773,0.5821346244056018,1558
107,1576.118642685773,0.5821346244056018,1558
108,1576.118642685773,0.5821346244056018,1558
109,1576.118642685773,0.5821346244056018,1558
110,1576.118642685773,0.5821346244056018,1558
111,1576.118642685773,0.5821346244056018,1558
112,1576.118642685773,0.5821346244056018,1558
113,1580.971167208428,0.5855358116137457,1563
114,1580.971167208428,0.5855358116137457,1563
115,1580.971167208428,0.5855358116137457,1563
116,1580.971167208428,0.5855358116137457,1563
117,1580.971167208428,0.5855358116137457,1563
118,1580.971167208428,0.5855358116137457,1563
119,1580.971167208428,0.5855358116137457,1563
120,1584.8533764616539,0.5882523878769875,1567
121,1580.971167208428,0.5855358116137457,1563
122,1580.971167208428,0.5855358116137457,1563
123,1580.971167208428,0.5855358116137457,1563
124,1580.971167208428,0.5855358116137457,1563
125,1576.118642685773,0.5821346244056018,1558
126,1576.118642685773,0.5821346244056018,1558
127,1573.2391671558469,0.5793550010182933,1555
128,1573.2391671558469,0.5793550010182933,1555
129,1578.2509230220107,0.5790838786436645,1560
130,1578.2509230220107,0.5790838786436645,1560
131,1572.1088509713097,0.5823604480786501,1554
132,1572.1088509713097,0.5823604480786501,1554
133,1572.1088509713097,0.5823604480786501,1554
134,1572.1088509713097,0.5823604480786501,1554
135,1572.1088509713097,0.5823604480786501,1554
136,1572.1088509713097,0.5823604480786501,1554
137,1566.094062742863,0.5827015050077765,1548
138,1566.094062742863,0.5827015050077765,1548
139,1566.094062742863,0.5827015050077765,1548
140,1566.094062742863,0.5827015050077765,1548
141,1566.094062742863,0.5827015050077765,1548
142,1566.094062742863,0.5827015050077765,1548
143,1566.094062742863,0.5827015050077765,1548
144,1566.094062742863,0.5827015050077765,1548
145,1566.094062742863,0.5827015050077765,1548
146,1566.094062742863,0.5827015050077765,1548
147,1566.094062742863,0.5827015050077765,1548
148,1566.094062742863,0.5827015050077765,1548
149,1566.094062742863,0.5827015050077765,1548
150,1566.094062742863,0.5827015050077765,1548
151,1566.094062742863,0.5827015050077765,1548
152,1566.094062742863,0.5827015050077765,1548
153,1566.094062742863,0.5827015050077765,1548
154,1566.094062742863,0.5827015050077765,1548
155,1566.094062742863,0.5827015050077765,1548
156,1566.094062742863,0.5827015050077765,1548
157,1566.094062742863,0.5827015050077765,1548
158,1566.094062742863,0.5827015050077765,1548
159,1566.094062742863,0.5827015050077765,1548
160,1566.094062742863,0.5827015050077765,1548
161,1566.094062742863,0.5827015050077765,1548
162,1566.094062742863,0.5827015050077765,1548
163,1566.094062742863,0.5827015050077765,1548
164,1566.094062742863,0.5827015050077765,1548
165,1566.094062742863,0.5827015050077765,1548
166,1566.094062742863,0.5827015050077765,1548
167,1566.094062742863,0.5827015050077765,1548
168,1566.094062742863,0.5827015050077765,1548
169,1566.094062742863,0.5827015050077765,1548
170,1566.094062742863,0.5827015050077765,1548
171,1566.094062742863,0.5827015050077765,1548
172,1566.094062742863,0.5827015050077765,1548
173,1566.094062742863,0.5827015050077765,1548
174,1566.094062742863,0.5827015050077765,1548
175,1560.0791524062204,0.5830453780853224,1542
176,1560.0791524062204,0.5830453780853224,1542
177,1560.0791524062204,0.5830453780853224,1542
178,1560.0791524062204,0.5830453780853224,1542
179,1560.0791524062204,0.5830453780853224,1542
180,1560.0791524062204,0.5830453780853224,1542
181,1560.0791524062204,0.5830453780853224,1542
182,1560.0791524062204,0.5830453780853224,1542
183,1560.0791524062204,0.5830453780853224,1542
184,1560.0791524062204,0.5830453780853224,1542
185,1560.0791524062204,0.5830453780853224,1542
186,1560.0791524062204,0.5830453780853224,1542
187,1560.0791524062204,0.5830453780853224,1542
188,1560.0791524062204,0.5830453780853224,1542
189,1560.0791524062204,0.5830453780853224,1542
190,1560.0791524062204,0.5830453780853224,1542
191,1560.0791524062204,0.5830453780853224,1542
192,1557.585835186387,0.5713598896128489,1539
193,1557.585835186387,0.5713598896128489,1539
194,1540.742090141635,0.5677562236707819,1522
195,1540.742090141635,0.5677562236707819,1522
196,1540.742090141635,0.5677562236707819,1522
197,1540.742090141635,0.5677562236707819,1522
198,1540.742090141635,0.5677562236707819,1522
199,1540.742090141635,0.5677562236707819,1522
200,1540.742090141635,0.5677562236707819,1522
201,1540.742090141635,0.5677562236707819,1522
202,1540.742090141635,0.5677562236707819,1522
203,1540.742090141635,0.5677562236707819,1522
204,1540.742090141635,0.5677562236707819,1522
205,1540.742090141635,0.5677562236707819,1522
206,1540.742090141635,0.5677562236707819,1522
207,1540.742090141635,0.5677562236707819,1522
208,1540.742090141635,0.5677562236707819,1522
209,1540.742090141635,0.5677562236707819,1522
210,1540.742090141635,0.5677562236707819,1522
211,1540.742090141635,0.5677562236707819,1522
212,1540.742090141635,0.5677562236707819,1522
213,1540.742090141635,0.5677562236707819,1522
214,1540.742090141635,0.5677562236707819,1522
215,1540.742090141635,0.5677562236707819,1522
216,1540.742090141635,0.5677562236707819,1522
217,1540.742090141635,0.5677562236707819,1522
218,1540.742090141635,0.5677562236707819,1522
219,1540.742090141635,0.5677562236707819,1522
220,1540.742090141635,0.5677562236707819,1522
221,1540.742090141635,0.5677562236707819,1522
222,1540.742090141635,0.5677562236707819,1522
223,1540.742090141635,0.5677562236707819,1522
224,1540.742090141635,0.5677562236707819,1522
225,1540.742090141635,0.5677562236707819,1522
226,1540.742090141635,0.5677562236707819,1522
227,1540.742090141635,0.5677562236707819,1522
228,1540.742090141635,0.5677562236707819,1522
229,1540.742090141635,0.5677562236707819,1522
230,1540.742090141635,0.5677562236707819,1522
231,1540.742090141635,0.5677562236707819,1522
232,1540.742090141635,0.5677562236707819,1522
233,1540.742090141635,0.5677562236707819,1522
234,1540.742090141635,0.5677562236707819,1522
235,1540.742090141635,0.5677562236707819,1522
236,1540.742090141635,0.5677562236707819,1522
237,1540.742090141635,0.5677562236707819,1522
238,1543.2222609976186,0.5566821725641488,1524
239,1543.2222609976186,0.5566821725641488,1524
240,1543.2222609976186,0.5566821725641488,1524
241,1543.2222609976186,0.5566821725641488,1524
242,1536.2103498779495,0.5569568755085436,1517
243,1536.2103498779495,0.5569568755085436,1517
244,1536.2103498779495,0.5569568755085436,1517
245,1536.2103498779495,0.5569568755085436,1517
246,1536.2103498779495,0.5569568755085436,1517
247,1536.2103498779495,0.5569568755085436,1517
248,1536.2103498779495,0.5569568755085436,1517
249,1536.2103498779495,0.5569568755085436,1517
250,1536.2103498779495,0.5569568755085436,1517
251,1536.2103498779495,0.5569568755085436,1517
252,1536.2103498779495,0.5569568755085436,1517
253,1533.2052098137992,0.557075419423452,1514
254,1533.2052098137992,0.557075419423452,1514
255,1533.2052098137992,0.557075419423452,1514
256,1533.2052098137992,0.557075419423452,1514
257,1533.2052098137992,0.557075419423452,1514
258,1533.2052098137992,0.557075419423452,1514
259,1533.2052098137992,0.557075419423452,1514
260,1533.2052098137992,0.557075419423452,1514
261,1533.2052098137992,0.557075419423452,1514
262,1533.2052098137992,0.557075419423452,1514
263,1533.2052098137992,0.557075419423452,1514
264,1533.2052098137992,0.557075419423452,1514
265,1533.2052098137992,0.557075419423452,1514
266,1533.2052098137992,0.557075419423452,1514
267,1533.2052098137992,0.557075419423452,1514
268,1533.2052098137992,0.557075419423452,1514
269,1533.2052098137992,0.557075419423452,1514
270,1533.2052098137992,0.557075419423452,1514
271,1533.2052098137992,0.557075419423452,1514
272,1526.193132997832,0.5573539437769376,1507
273,1526.193132997832,0.5573539437769376,1507
274,1529.1983231308543,0.5572342451371225,1510
275,1529.2300967781932,0.5565014580675016,1510
276,1529.2300967781932,0.5565014580675016,1510
277,1529.2300967781932,0.5565014580675016,1510
278,1529.2300967781932,0.5565014580675016,1510
279,1529.2300967781932,0.5565014580675016,1510
280,1529.2300967781932,0.5565014580675016,1510
281,1529.2300967781932,0.5565014580675016,1510
282,1529.2300967781932,0.5565014580675016,1510
283,1529.2300967781932,0.5565014580675016,1510
284,1533.236891687095,0.5563447489138613,1514
285,1533.236891687095,0.5563447489138613,1514
286,1533.236891687095,0.5563447489138613,1514
287,1521.2163933099089,0.5568174974652015,1502
288,1521.2163933099089,0.5568174974652015,1502
289,1521.2163933099089,0.5568174974652015,1502
290,1521.2163933099089,0.5568174974652015,1502
291,1521.2163933099089,0.5568174974652015,1502
292,1521.2163933099089,0.5568174974652015,1502
293,1521.2163933099089,0.5568174974652015,1502
294,1521.2163933099089,0.5568174974652015,1502
295,1521.2163933099089,0.5568174974652015,1502
296,1521.2163933099089,0.5568174974652015,1502
297,1521.2163933099089,0.5568174974652015,1502
298,1521.2163933099089,0.5568174974652015,1502
299,1521.2163933099089,0.5568174974652015,1502
300,1521.2163933099089,0.5568174974652015,1502
301,1521.2163933099089,0.5568174974652015,1502
302,1521.2163933099089,0.5568174974652015,1502
303,1521.2163933099089,0.5568174974652015,1502
304,1521.2163933099089,0.5568174974652015,1502
305,1521.2163933099089,0.5568174974652015,1502
306,1521.2163933099089,0.5568174974652015,1502
307,1521.2163933099089,0.5568174974652015,1502
308,1521.2163933099089,0.5568174974652015,1502
309,1521.2163933099089,0.5568174974652015,1502
310,1521.2163933099089,0.5568174974652015,1502
311,1521.2163933099089,0.5568174974652015,1502
312,1521.2163933099089,0.5568174974652015,1502
313,1521.2163933099089,0.5568174974652015,1502
314,1521.2163933099089,0.5568174974652015,1502
315,1521.2163933099089,0.5568174974652015,1502
316,1521.2163933099089,0.5568174974652015,1502
317,1521.2163933099089,0.5568174974652015,1502
318,1521.2163933099089,0.5568174974652015,1502
319,1521.2163933099089,0.5568174974652015,1502
320,1521.2163933099089,0.5568174974652015,1502
321,1521.2163933099089,0.5568174974652015,1502
322,1521.2163933099089,0.5568174974652015,1502
323,1521.2163933099089,0.5568174974652015,1502
324,1521.2163933099089,0.5568174974652015,1502
325,1521.2163933099089,0.5568174974652015,1502
326,1521.2163933099089,0.5568174974652015,1502
327,1521.2163933099089,0.5568174974652015,1502
328,1521.2163933099089,0.5568174974652015,1502
329,1521.2163933099089,0.5568174974652015,1502
330,1521.2163933099089,0.5568174974652015,1502
331,1521.2163933099089,0.5568174974652015,1502
332,1521.2163933099089,0.5568174974652015,1502
333,1510.197299631366,0.5572578498301215,1491
334,1510.197299631366,0.5572578498301215,1491
335,1510.197299631366,0.5572578498301215,1491
336,1510.197299631366,0.5572578498301215,1491
337,1510.197299631366,0.5572578498301215,1491
338,1510.197299631366,0.5572578498301215,1491
339,1510.197299631366,0.5572578498301215,1491
340,1510.197299631366,0.5572578498301215,1491
341,1510.197299631366,0.5572578498301215,1491
342,1510.197299631366,0.5572578498301215,1491
343,1510.197299631366,0.5572578498301215,1491
344,1510.197299631366,0.5572578498301215,1491
345,1510.197299631366,0.5572578498301215,1491
346,1510.197299631366,0.5572578498301215,1491
347,1510.197299631366,0.5572578498301215,1491
348,1510.197299631366,0.5572578498301215,1491
349,1510.197299631366,0.5572578498301215,1491
350,1510.197299631366,0.5572578498301215,1491
351,1510.197299631366,0.5572578498301215,1491
352,1510.197299631366,0.5572578498301215,1491
353,1510.197299631366,0.5572578498301215,1491
354,1510.197299631366,0.5572578498301215,1491
355,1510.197299631366,0.5572578498301215,1491
356,1510.197299631366,0.5572578498301215,1491
357,1510.197299631366,0.5572578498301215,1491
358,1510.197299631366,0.5572578498301215,1491
359,1510.197299631366,0.5572578498301215,1491
360,1510.197299631366,0.5572578498301215,1491
361,1510.197299631366,0.5572578498301215,1491
362,1510.197299631366,0.5572578498301215,1491
363,1510.197299631366,0.5572578498301215,1491
364,1510.197299631366,0.5572578498301215,1491
365,1510.197299631366,0.5572578498301215,1491
366,1510.197299631366,0.5572578498301215,1491
367,1510.197299631366,0.5572578498301215,1491
368,1510.197299631366,0.5572578498301215,1491
369,1510.197299631366,0.5572578498301215,1491
370,1510.197299631366,0.5572578498301215,1491
371,1510.197299631366,0.5572578498301215,1491
372,1510.197299631366,0.5572578498301215,1491
373,1510.197299631366,0.5572578498301215,1491
374,1510.197299631366,0.5572578498301215,1491
375,1510.197299631366,0.5572578498301215,1491
376,1522.509357264836,0.5731236793165131,1504
377,1522.509357264836,0.5731236793165131,1504
378,1522.509357264836,0.5731236793165131,1504
379,1522.509357264836,0.5731236793165131,1504
380,1522.509357264836,0.5731236793165131,1504
381,1522.509357264836,0.5731236793165131,1504
382,1522.509357264836,0.5731236793165131,1504
383,1522.509357264836,0.5731236793165131,1504
384,1522.509357264836,0.5731236793165131,1504
385,1522.509357264836,0.5731236793165131,1504
386,1522.509357264836,0.5731236793165131,1504
387,1522.509357264836,0.5731236793165131,1504
388,1522.509357264836,0.5731236793165131,1504
389,1522.509357264836,0.5731236793165131,1504
390,1522.509357264836,0.5731236793165131,1504
391,1520.700663354566,0.5687116385017097,1502
392,1520.700663354566,0.5687116385017097,1502
393,1520.700663354566,0.5687116385017097,1502
394,1520.700663354566,0.5687116385017097,1502
395,1520.700663354566,0.5687116385017097,1502
396,1520.700663354566,0.5687116385017097,1502
397,1520.700663354566,0.5687116385017097,1502
398,1520.700663354566,0.5687116385017097,1502
399,1520.700663354566,0.5687116385017097,1502
400,1520.700663354566,0.5687116385017097,1502
401,1520.700663354566,0.5687116385017097,1502
402,1520.700663354566,0.5687116385017097,1502
403,1520.700663354566,0.5687116385017097,1502
404,1520.700663354566,0.5687116385017097,1502
405,1520.700663354566,0.5687116385017097,1502
406,1520.700663354566,0.5687116385017097,1502
407,1520.700663354566,0.5687116385017097,1502
408,1520.700663354566,0.5687116385017097,1502
409,1520.700663354566,0.5687116385017097,1502
410,1520.700663354566,0.5687116385017097,1502
411,1520.700663354566,0.5687116385017097,1502
412,1520.700663354566,0.5687116385017097,1502
413,1520.700663354566,0.5687116385017097,1502
414,1520.700663354566,0.5687116385017097,1502
415,1520.700663354566,0.5687116385017097,1502
416,1520.700663354566,0.5687116385017097,1502
417,1520.700663354566,0.5687116385017097,1502
418,1520.700663354566,0.5687116385017097,1502
419,1520.700663354566,0.5687116385017097,1502
420,1520.700663354566,0.5687116385017097,1502
421,1520.700663354566,0.5687116385017097,1502
422,1520.700663354566,0.5687116385017097,1502
423,1520.700663354566,0.5687116385017097,1502
424,1520.700663354566,0.5687116385017097,1502
425,1520.700663354566,0.5687116385017097,1502
426,1520.700663354566,0.5687116385017097,1502
427,1520.700663354566,0.5687116385017097,1502
428,1517.6943488473241,0.568857268281272,1499
429,1517.6943488473241,0.568857268281272,1499
430,1517.6943488473241,0.568857268281272,1499
431,1500.9536481563111,0.5628771181662549,1482
432,1500.9536481563111,0.5628771181662549,1482
433,1500.9536481563111,0.5628771181662549,1482
434,1500.9536481563111,0.5628771181662549,1482
435,1500.9536481563111,0.5628771181662549,1482
436,1500.9536481563111,0.5628771181662549,1482
437,1500.9536481563111,0.5628771181662549,1482
438,1499.9517065301025,0.5629218973684845,1481
439,1499.9517065301025,0.5629218973684845,1481
440,1499.9517065301025,0.5629218973684845,1481
441,1499.9517065301025,0.5629218973684845,1481
442,1499.9517065301025,0.5629218973684845,1481
443,1499.9517065301025,0.5629218973684845,1481
444,1499.9517065301025,0.5629218973684845,1481
445,1499.9517065301025,0.5629218973684845,1481
446,1499.9517065301025,0.5629218973684845,1481
447,1499.9517065301025,0.5629218973684845,1481
448,1499.9517065301025,0.5629218973684845,1481
449,1499.9517065301025,0.5629218973684845,1481
450,1499.9517065301025,0.5629218973684845,1481
451,1499.9517065301025,0.5629218973684845,1481
452,1499.9517065301025,0.5629218973684845,1481
453,1499.9517065301025,0.5629218973684845,1481
454,1499.9517065301025,0.5629218973684845,1481
455,1499.9517065301025,0.5629218973684845,1481
456,1499.9517065301025,0.5629218973684845,1481
457,1499.9517065301025,0.5629218973684845,1481
458,1499.9517065301025,0.5629218973684845,1481
459,1499.9517065301025,0.5629218973684845,1481
460,1499.9517065301025,0.5629218973684845,1481
461,1499.9517065301025,0.5629218973684845,1481
462,1499.9517065301025,0.5629218973684845,1481
463,1499.9517065301025,0.5629218973684845,1481
464,1499.9517065301025,0.5629218973684845,1481
465,1499.9517065301025,0.5629218973684845,1481
466,1499.9517065301025,0.5629218973684845,1481
467,1499.9517065301025,0.5629218973684845,1481
468,1499.9517065301025,0.5629218973684845,1481
469,1499.9517065301025,0.5629218973684845,1481
470,1499.9517065301025,0.5629218973684845,1481
471,1499.9517065301025,0.5629218973684845,1481
472,1499.9517065301025,0.5629218973684845,1481
473,1499.9517065301025,0.5629218973684845,1481
474,1499.9517065301025,0.5629218973684845,1481
475,1499.9517065301025,0.5629218973684845,1481
476,1499.9517065301025,0.5629218973684845,1481
477,1499.9517065301025,0.5629218973684845,1481
478,1499.9517065301025,0.5629218973684845,1481
479,1499.9517065301025,0.5629218973684845,1481
480,1499.9517065301025,0.5629218973684845,1481
481,1499.9517065301025,0.5629218973684845,1481
482,1499.9517065301025,0.5629218973684845,1481
483,1499.9517065301025,0.5629218973684845,1481
484,1499.9517065301025,0.5629218973684845,1481
485,1499.9517065301025,0.5629218973684845,1481
486,1499.9517065301025,0.5629218973684845,1481
487,1499.9517065301025,0.5629218973684845,1481
488,1499.9517065301025,0.5629218973684845,1481
489,1499.9517065301025,0.5629218973684845,1481
490,1499.9517065301025,0.5629218973684845,1481
491,1499.9517065301025,0.5629218973684845,1481
492,1499.9517065301025,0.5629218973684845,1481
493,1499.9517065301025,0.5629218973684845,1481
494,1499.9517065301025,0.5629218973684845,1481
495,1499.9517065301025,0.5629218973684845,1481
496,1499.9517065301025,0.5629218973684845,1481
497,1499.9517065301025,0.5629218973684845,1481
498,1499.9517065301025,0.5629218973684845,1481
499,1499.9517065301025,0.5629218973684845,1481
500,1499.9517065301025,0.5629218973684845,1481
501,1499.9517065301025,0.5629218973684845,1481
502,1499.9517065301025,0.5629218973684845,1481
503,1499.9517065301025,0.5629218973684845,1481
504,1499.9517065301025,0.5629218973684845,1481
505,1499.177908687509,0.5577050579449037,1480
506,1499.177908687509,0.5577050579449037,1480
507,1499.177908687509,0.5577050579449037,1480
508,1499.177908687509,0.5577050579449037,1480
509,1499.177908687509,0.5577050579449037,1480
510,1499.177908687509,0.5577050579449037,1480
511,1499.177908687509,0.5577050579449037,1480
512,1499.177908687509,0.5577050579449037,1480
513,1499.177908687509,0.5577050579449037,1480
514,1499.177908687509,0.5577050579449037,1480
515,1499.177908687509,0.5577050579449037,1480
516,1499.177908687509,0.5577050579449037,1480
517,1499.177908687509,0.5577050579449037,1480
518,1499.177908687509,0.5577050579449037,1480
519,1499.177908687509,0.5577050579449037,1480
520,1499.177908687509,0.5577050579449037,1480
521,1501.1814567357346,0.5576232302644206,1482
522,1501.1814567357346,0.5576232302644206,1482
523,1501.1814567357346,0.5576232302644206,1482
524,1501.1814567357346,0.5576232302644206,1482
525,1471.1271602935421,0.5588754544847264,1452
526,1471.1271602935421,0.5588754544847264,1452
527,1471.1271602935421,0.5588754544847264,1452
528,1471.1271602935421,0.5588754544847264,1452
529,1471.1271602935421,0.5588754544847264,1452
530,1471.1271602935421,0.5588754544847264,1452
531,1471.1271602935421,0.5588754544847264,1452
532,1476.136372416559,0.558662997773084,1457
533,1476.136372416559,0.558662997773084,1457
534,1476.136372416559,0.558662997773084,1457
535,1476.136372416559,0.558662997773084,1457
536,1476.136372416559,0.558662997773084,1457
537,1476.136372416559,0.558662997773084,1457
538,1476.136372416559,0.558662997773084,1457
539,1466.1178814397947,0.5590894501892373,1447
540,1466.1178814397947,0.5590894501892373,1447
541,1473.130853110182,0.5587902880493104,1454
542,1473.130853110182,0.5587902880493104,1454
543,1473.130853110182,0.5587902880493104,1454
544,1473.130853110182,0.5587902880493104,1454
545,1466.1178814397947,0.5590894501892373,1447
546,1466.1178814397947,0.5590894501892373,1447
547,1467.0864761091057,0.5598137428711792,1448
548,1467.0864761091057,0.5598137428711792,1448
549,1467.0864761091057,0.5598137428711792,1448
550,1467.0864761091057,0.5598137428711792,1448
551,1467.0864761091057,0.5598137428711792,1448
552,1466.1178814397947,0.5590894501892373,1447
553,1466.1178814397947,0.5590894501892373,1447
554,1466.1178814397947,0.5590894501892373,1447
555,1466.1178814397947,0.5590894501892373,1447
556,1466.1178814397947,0.5590894501892373,1447
557,1466.1178814397947,0.5590894501892373,1447
558,1466.1178814397947,0.5590894501892373,1447
559,1466.1178814397947,0.5590894501892373,1447
560,1466.1178814397947,0.5590894501892373,1447
561,1466.1178814397947,0.5590894501892373,1447
562,1466.1178814397947,0.5590894501892373,1447
563,1466.1178814397947,0.5590894501892373,1447
564,1467.1197425836556,0.559046527129716,1448
565,1467.1197425836556,0.559046527129716,1448
566,1467.1197425836556,0.559046527129716,1448
567,1467.1197425836556,0.559046527129716,1448
568,1467.1197425836556,0.559046527129716,1448
569,1445.0781650001707,0.5600054197377596,1426
570,1445.0781650001707,0.5600054197377596,1426
571,1446.0462800309954,0.5607407741929088,1427
572,1446.0462800309954,0.5607407741929088,1427
573,1446.0462800309954,0.5607407741929088,1427
574,1446.0462800309954,0.5607407741929088,1427
575,1446.0462800309954,0.5607407741929088,1427
576,1446.0462800309954,0.5607407741929088,1427
577,1446.0462800309954,0.5607407741929088,1427
578,1446.0462800309954,0.5607407741929088,1427
579,1446.0462800309954,0.5607407741929088,1427
580,1445.0781650001707,0.5600054197377596,1426
581,1445.0781650001707,0.5600054197377596,1426
582,1445.0781650001707,0.5600054197377596,1426
583,1445.0781650001707,0.5600054197377596,1426
584,1445.0781650001707,0.5600054197377596,1426
585,1445.0781650001707,0.5600054197377596,1426
586,1445.0781650001707,0.5600054197377596,1426
587,1445.0781650001707,0.5600054197377596,1426
588,1452.823333483769,0.5658825303558829,1434
589,1445.0781650001707,0.5600054197377596,1426
590,1445.0781650001707,0.5600054197377596,1426
591,1445.0781650001707,0.5600054197377596,1426
592,1445.0781650001707,0.5600054197377596,1426
593,1445.0781650001707,0.5600054197377596,1426
594,1449.0858243436953,0.5598287743612712,1430
595,1449.0858243436953,0.5598287743612712,1430
596,1449.0858243436953,0.5598287743612712,1430
597,1449.0858243436953,0.5598287743612712,1430
598,1449.0858243436953,0.5598287743612712,1430
599,1449.0858243436953,0.5598287743612712,1430
600,1449.0858243436953,0.5598287743612712,1430
601,1449.0858243436953,0.5598287743612712,1430
602,1449.0858243436953,0.5598287743612712,1430
603,1449.0858243436953,0.5598287743612712,1430
604,1449.0858243436953,0.5598287743612712,1430
605,1449.0858243436953,0.5598287743612712,1430
606,1449.0858243436953,0.5598287743612712,1430
607,1449.0858243436953,0.5598287743612712,1430
608,1449.0858243436953,0.5598287743612712,1430
609,1449.0858243436953,0.5598287743612712,1430
610,1451.0896371908577,0.5597408396942397,1432
611,1451.0896371908577,0.5597408396942397,1432
612,1451.0896371908577,0.5597408396942397,1432
613,1451.0896371908577,0.5597408396942397,1432
614,1451.0896371908577,0.5597408396942397,1432
615,1451.0896371908577,0.5597408396942397,1432
616,1451.0896371908577,0.5597408396942397,1432
617,1451.0896371908577,0.5597408396942397,1432
618,1451.0896371908577,0.5597408396942397,1432
619,1451.0896371908577,0.5597408396942397,1432
620,1451.0896371908577,0.5597408396942397,1432
621,1451.0896371908577,0.5597408396942397,1432
622,1451.0896371908577,0.5597408396942397,1432
623,1451.0896371908577,0.5597408396942397,1432
624,1451.0896371908577,0.5597408396942397,1432
625,1451.0896371908577,0.5597408396942397,1432
626,1451.0896371908577,0.5597408396942397,1432
627,1451.0896371908577,0.5597408396942397,1432
628,1451.0896371908577,0.5597408396942397,1432
629,1451.0896371908577,0.5597408396942397,1432
630,1451.0896371908577,0.5597408396942397,1432
631,1451.0896371908577,0.5597408396942397,1432
632,1451.0896371908577,0.5597408396942397,1432
633,1451.0896371908577,0.5597408396942397,1432
634,1449.0858243436953,0.5598287743612712,1430
635,1449.0858243436953,0.5598287743612712,1430
636,1449.0858243436953,0.5598287743612712,1430
637,1449.0858243436953,0.5598287743612712,1430
638,1449.0858243436953,0.5598287743612712,1430
639,1449.0858243436953,0.5598287743612712,1430
640,1449.0858243436953,0.5598287743612712,1430
641,1449.0858243436953,0.5598287743612712,1430
642,1449.0858243436953,0.5598287743612712,1430
643,1449.0858243436953,0.5598287743612712,1430
644,1449.0858243436953,0.5598287743612712,1430
645,1449.0858243436953,0.5598287743612712,1430
646,1449.0858243436953,0.5598287743612712,1430
647,1449.0858243436953,0.5598287743612712,1430
648,1449.0858243436953,0.5598287743612712,1430
649,1449.0858243436953,0.5598287743612712,1430
650,1449.0858243436953,0.5598287743612712,1430
651,1449.0858243436953,0.5598287743612712,1430
652,1449.0858243436953,0.5598287743612712,1430
653,1449.0858243436953,0.5598287743612712,1430
654,1449.0858243436953,0.5598287743612712,1430
655,1449.0858243436953,0.5598287743612712,1430
656,1449.0858243436953,0.5598287743612712,1430
657,1449.0858243436953,0.5598287743612712,1430
658,1449.0858243436953,0.5598287743612712,1430
659,1449.0858243436953,0.5598287743612712,1430
660,1449.0858243436953,0.5598287743612712,1430
661,1449.0858243436953,0.5598287743612712,1430
662,1449.0858243436953,0.5598287743612712,1430
663,1449.0858243436953,0.5598287743612712,1430
664,1449.0858243436953,0.5598287743612712,1430
665,1449.0858243436953,0.5598287743612712,1430
666,1449.0858243436953,0.5598287743612712,1430
667,1449.0858243436953,0.5598287743612712,1430
668,1449.0858243436953,0.5598287743612712,1430
669,1449.0858243436953,0.5598287743612712,1430
670,1449.0858243436953,0.5598287743612712,1430
671,1449.0858243436953,0.5598287743612712,1430
672,1449.0858243436953,0.5598287743612712,1430
673,1449.0858243436953,0.5598287743612712,1430
674,1449.0858243436953,0.5598287743612712,1430
675,1449.0858243436953,0.5598287743612712,1430
676,1449.0858243436953,0.5598287743612712,1430
677,1449.0858243436953,0.5598287743612712,1430
678,1449.0858243436953,0.5598287743612712,1430
679,1449.0858243436953,0.5598287743612712,1430
680,1449.0858243436953,0.5598287743612712,1430
681,1449.0858243436953,0.5598287743612712,1430
682,1449.0858243436953,0.5598287743612712,1430
683,1449.0858243436953,0.5598287743612712,1430
684,1449.0858243436953,0.5598287743612712,1430
685,1449.0858243436953,0.5598287743612712,1430
686,1449.0858243436953,0.5598287743612712,1430
687,1449.0858243436953,0.5598287743612712,1430
688,1449.0858243436953,0.5598287743612712,1430
689,1449.0858243436953,0.5598287743612712,1430
690,1449.0858243436953,0.5598287743612712,1430
691,1449.0858243436953,0.5598287743612712,1430
692,1449.0858243436953,0.5598287743612712,1430
693,1449.0858243436953,0.5598287743612712,1430
694,1449.0858243436953,0.5598287743612712,1430
695,1449.0858243436953,0.5598287743612712,1430
696,1449.0858243436953,0.5598287743612712,1430
697,1449.0858243436953,0.5598287743612712,1430
698,1449.0858243436953,0.5598287743612712,1430
699,1449.0858243436953,0.5598287743612712,1430
700,1449.0858243436953,0.5598287743612712,1430
701,1449.0858243436953,0.5598287743612712,1430
702,1449.0858243436953,0.5598287743612712,1430
703,1449.0858243436953,0.5598287743612712,1430
704,1449.0858243436953,0.5598287743612712,1430
705,1449.0858243436953,0.5598287743612712,1430
706,1449.0858243436953,0.5598287743612712,1430
707,1449.0858243436953,0.5598287743612712,1430
708,1449.0858243436953,0.5598287743612712,1430
709,1449.0858243436953,0.5598287743612712,1430
710,1449.0858243436953,0.5598287743612712,1430
711,1449.0858243436953,0.5598287743612712,1430
712,1449.0858243436953,0.5598287743612712,1430
713,1449.0858243436953,0.5598287743612712,1430
714,1449.0858243436953,0.5598287743612712,1430
715,1449.0858243436953,0.5598287743612712,1430
716,1449.0858243436953,0.5598287743612712,1430
717,1449.0858243436953,0.5598287743612712,1430
718,1449.0858243436953,0.5598287743612712,1430
719,1449.0858243436953,0.5598287743612712,1430
720,1449.0858243436953,0.5598287743612712,1430
721,1449.0858243436953,0.5598287743612712,1430
722,1449.0858243436953,0.5598287743612712,1430
723,1449.0858243436953,0.5598287743612712,1430
724,1449.0858243436953,0.5598287743612712,1430
725,1449.0858243436953,0.5598287743612712,1430
726,1449.0858243436953,0.5598287743612712,1430
727,1449.0858243436953,0.5598287743612712,1430
728,1449.0858243436953,0.5598287743612712,1430
729,1449.0858243436953,0.5598287743612712,1430
730,1449.0858243436953,0.5598287743612712,1430
731,1449.0858243436953,0.5598287743612712,1430
732,1449.0858243436953,0.5598287743612712,1430
733,1449.0858243436953,0.5598287743612712,1430
734,1449.0858243436953,0.5598287743612712,1430
735,1449.0858243436953,0.5598287743612712,1430
736,1449.0858243436953,0.5598287743612712,1430
737,1449.0858243436953,0.5598287743612712,1430
738,1449.0858243436953,0.5598287743612712,1430
739,1449.0858243436953,0.5598287743612712,1430
740,1449.0858243436953,0.5598287743612712,1430
741,1449.0858243436953,0.5598287743612712,1430
742,1449.0858243436953,0.5598287743612712,1430
743,1449.0858243436953,0.5598287743612712,1430
744,1449.0858243436953,0.5598287743612712,1430
745,1449.0858243436953,0.5598287743612712,1430
746,1449.0858243436953,0.5598287743612712,1430
747,1449.0858243436953,0.5598287743612712,1430
748,1449.0858243436953,0.5598287743612712,1430
749,1449.0858243436953,0.5598287743612712,1430
750,1449.0858243436953,0.5598287743612712,1430
751,1449.0858243436953,0.5598287743612712,1430
752,1449.0858243436953,0.5598287743612712,1430
753,1449.0858243436953,0.5598287743612712,1430
754,1449.0858243436953,0.5598287743612712,1430
755,1449.0858243436953,0.5598287743612712,1430
756,1449.0858243436953,0.5598287743612712,1430
757,1449.0858243436953,0.5598287743612712,1430
758,1449.0858243436953,0.5598287743612712,1430
759,1449.0858243436953,0.5598287743612712,1430
760,1449.0858243436953,0.5598287743612712,1430
761,1449.0858243436953,0.5598287743612712,1430
762,1449.0858243436953,0.5598287743612712,1430
763,1449.0858243436953,0.5598287743612712,1430
764,1449.0858243436953,0.5598287743612712,1430
765,1449.0858243436953,0.5598287743612712,1430
766,1449.0858243436953,0.5598287743612712,1430
767,1449.0858243436953,0.5598287743612712,1430
768,1449.0858243436953,0.5598287743612712,1430
769,1449.0858243436953,0.5598287743612712,1430
770,1449.0858243436953,0.5598287743612712,1430
771,1449.0858243436953,0.5598287743612712,1430
772,1449.0858243436953,0.5598287743612712,1430
773,1449.0858243436953,0.5598287743612712,1430
774,1449.0858243436953,0.5598287743612712,1430
775,1449.0858243436953,0.5598287743612712,1430
776,1449.0858243436953,0.5598287743612712,1430
777,1449.0858243436953,0.5598287743612712,1430
778,1449.0858243436953,0.5598287743612712,1430
779,1449.0858243436953,0.5598287743612712,1430
780,1449.0858243436953,0.5598287743612712,1430
781,1449.0858243436953,0.5598287743612712,1430
782,1449.0858243436953,0.5598287743612712,1430
783,1449.0858243436953,0.5598287743612712,1430
784,1449.0858243436953,0.5598287743612712,1430
785,1449.0858243436953,0.5598287743612712,1430
786,1449.0858243436953,0.5598287743612712,1430
787,1449.0858243436953,0.5598287743612712,1430
788,1449.0858243436953,0.5598287743612712,1430
789,1449.0858243436953,0.5598287743612712,1430
790,1449.0858243436953,0.5598287743612712,1430
791,1449.0858243436953,0.5598287743612712,1430
792,1449.0858243436953,0.5598287743612712,1430
793,1450.0877321642088,0.5597847748106816,1431
794,1450.0877321642088,0.5597847748106816,1431
795,1450.0877321642088,0.5597847748106816,1431
796,1450.0877321642088,0.5597847748106816,1431
797,1450.0877321642088,0.5597847748106816,1431
798,1450.0877321642088,0.5597847748106816,1431
799,1450.0877321642088,0.5597847748106816,1431
800,1450.0877321642088,0.5597847748106816,1431
801,1450.0877321642088,0.5597847748106816,1431
802,1450.0877321642088,0.5597847748106816,1431
803,1450.0877321642088,0.5597847748106816,1431
804,1450.0877321642088,0.5597847748106816,1431
805,1450.0877321642088,0.5597847748106816,1431
806,1450.0877321642088,0.5597847748106816,1431
807,1450.0877321642088,0.5597847748106816,1431
808,1450.0877321642088,0.5597847748106816,1431
809,1450.0877321642088,0.5597847748106816,1431
810,1450.0877321642088,0.5597847748106816,1431
811,1450.0877321642088,0.5597847748106816,1431
812,1450.0877321642088,0.5597847748106816,1431
813,1450.0877321642088,0.5597847748106816,1431
814,1450.0877321642088,0.5597847748106816,1431
815,1450.0877321642088,0.5597847748106816,1431
816,1450.0877321642088,0.5597847748106816,1431
817,1450.0877321642088,0.5597847748106816,1431
818,1450.0877321642088,0.5597847748106816,1431
819,1450.0877321642088,0.5597847748106816,1431
820,1450.0877321642088,0.5597847748106816,1431
821,1450.0877321642088,0.5597847748106816,1431
822,1450.0877321642088,0.5597847748106816,1431
823,1450.0877321642088,0.5597847748106816,1431
824,1450.0877321642088,0.5597847748106816,1431
825,1450.0877321642088,0.5597847748106816,1431
826,1450.0877321642088,0.5597847748106816,1431
827,1450.0877321642088,0.5597847748106816,1431
828,1450.0877321642088,0.5597847748106816,1431
829,1450.0877321642088,0.5597847748106816,1431
830,1450.0877321642088,0.5597847748106816,1431
831,1450.0877321642088,0.5597847748106816,1431
832,1450.0877321642088,0.5597847748106816,1431
833,1450.0877321642088,0.5597847748106816,1431
834,1450.0877321642088,0.5597847748106816,1431
835,1450.0877321642088,0.5597847748106816,1431
836,1450.0877321642088,0.5597847748106816,1431
837,1450.0877321642088,0.5597847748106816,1431
838,1450.0877321642088,0.5597847748106816,1431
839,1450.0877321642088,0.5597847748106816,1431
840,1450.0877321642088,0.5597847748106816,1431
841,1450.0877321642088,0.5597847748106816,1431
842,1450.0877321642088,0.5597847748106816,1431
843,1450.0877321642088,0.5597847748106816,1431
844,1450.0877321642088,0.5597847748106816,1431
845,1450.0877321642088,0.5597847748106816,1431
846,1450.0877321642088,0.5597847748106816,1431
847,1450.0877321642088,0.5597847748106816,1431
848,1450.0877321642088,0.5597847748106816,1431
849,1450.0877321642088,0.5597847748106816,1431
850,1450.0877321642088,0.5597847748106816,1431
851,1450.0877321642088,0.5597847748106816,1431
852,1450.0877321642088,0.5597847748106816,1431
853,1450.0877321642088,0.5597847748106816,1431
854,1450.0877321642088,0.5597847748106816,1431
855,1450.0877321642088,0.5597847748106816,1431
856,1449.8170033584224,0.5660285203315855,1431
857,1449.8170033584224,0.5660285203315855,1431
858,1449.8170033584224,0.5660285203315855,1431
859,1449.8170033584224,0.5660285203315855,1431
860,1449.8170033584224,0.5660285203315855,1431
861,1449.8170033584224,0.5660285203315855,1431
862,1449.8170033584224,0.5660285203315855,1431
863,1449.8170033584224,0.5660285203315855,1431
864,1449.8170033584224,0.5660285203315855,1431
865,1449.8170033584224,0.5660285203315855,1431
866,1449.8170033584224,0.5660285203315855,1431
867,1449.8170033584224,0.5660285203315855,1431
868,1461.4350713932745,0.5748369143617506,1443
869,1461.4350713932745,0.5748369143617506,1443
870,1461.4350713932745,0.5748369143617506,1443
871,1461.4350713932745,0.5748369143617506,1443
872,1456.7640138915558,0.5672506021320137,1438
873,1456.7640138915558,0.5672506021320137,1438
874,1456.7640138915558,0.5672506021320137,1438
875,1454.827538107807,0.5657855602443026,1436
876,1454.827538107807,0.5657855602443026,1436
877,1454.827538107807,0.5657855602443026,1436
878,1454.827538107807,0.5657855602443026,1436
879,1454.827538107807,0.5657855602443026,1436
880,1454.827538107807,0.5657855602443026,1436
881,1456.7640138915558,0.5672506021320137,1438
882,1456.7640138915558,0.5672506021320137,1438
883,1454.827538107807,0.5657855602443026,1436
884,1454.827538107807,0.5657855602443026,1436
885,1454.827538107807,0.5657855602443026,1436
886,1454.827538107807,0.5657855602443026,1436
887,1454.827538107807,0.5657855602443026,1436
888,1454.827538107807,0.5657855602443026,1436
889,1454.827538107807,0.5657855602443026,1436
890,1450.9546977713414,0.5628529111775472,1432
891,1450.9546977713414,0.5628529111775472,1432
892,1450.9546977713414,0.5628529111775472,1432
893,1450.9546977713414,0.5628529111775472,1432
894,1450.9546977713414,0.5628529111775472,1432
895,1461.6053720913017,0.5709093152375078,1443
896,1461.6053720913017,0.5709093152375078,1443
897,1461.6053720913017,0.5709093152375078,1443
898,1461.6053720913017,0.5709093152375078,1443
899,1461.6053720913017,0.5709093152375078,1443
900,1457.42548032292,0.57505811063376,1439
901,1457.42548032292,0.57505811063376,1439
902,1457.42548032292,0.57505811063376,1439
903,1457.42548032292,0.57505811063376,1439
904,1457.42548032292,0.57505811063376,1439
905,1457.42548032292,0.57505811063376,1439
906,1457.42548032292,0.57505811063376,1439
907,1457.42548032292,0.57505811063376,1439
908,1457.42548032292,0.57505811063376,1439
909,1453.4158327191903,0.5752806107197793,1435
910,1446.398811877163,0.5756731578145026,1428
911,1446.398811877163,0.5756731578145026,1428
912,1446.398811877163,0.5756731578145026,1428
913,1446.398811877163,0.5756731578145026,1428
914,1446.398811877163,0.5756731578145026,1428
915,1446.398811877163,0.5756731578145026,1428
916,1446.398811877163,0.5756731578145026,1428
917,1446.398811877163,0.5756731578145026,1428
918,1446.398811877163,0.5756731578145026,1428
919,1446.398811877163,0.5756731578145026,1428
920,1446.398811877163,0.5756731578145026,1428
921,1446.398811877163,0.5756731578145026,1428
922,1446.398811877163,0.5756731578145026,1428
923,1446.398811877163,0.5756731578145026,1428
924,1446.398811877163,0.5756731578145026,1428
925,1446.398811877163,0.5756731578145026,1428
926,1446.398811877163,0.5756731578145026,1428
927,1446.398811877163,0.5756731578145026,1428
928,1449.3207724057754,0.5544102304941081,1430
929,1449.3207724057754,0.5544102304941081,1430
930,1449.3207724057754,0.5544102304941081,1430
931,1449.3207724057754,0.5544102304941081,1430
932,1449.3207724057754,0.5544102304941081,1430
933,1449.3207724057754,0.5544102304941081,1430
934,1449.3207724057754,0.5544102304941081,1430
935,1449.3207724057754,0.5544102304941081,1430
936,1449.3207724057754,0.5544102304941081,1430
937,1449.3207724057754,0.5544102304941081,1430
938,1449.3207724057754,0.5544102304941081,1430
939,1449.3207724057754,0.5544102304941081,1430
940,1449.3207724057754,0.5544102304941081,1430
941,1449.3207724057754,0.5544102304941081,1430
942,1449.3207724057754,0.5544102304941081,1430
943,1449.3207724057754,0.5544102304941081,1430
944,1449.3207724057754,0.5544102304941081,1430
945,1449.3207724057754,0.5544102304941081,1430
946,1449.3207724057754,0.5544102304941081,1430
947,1449.3207724057754,0.5544102304941081,1430
948,1449.3207724057754,0.5544102304941081,1430
949,1449.3207724057754,0.5544102304941081,1430
950,1449.3207724057754,0.5544102304941081,1430
951,1449.3207724057754,0.5544102304941081,1430
952,1449.3207724057754,0.5544102304941081,1430
953,1449.3207724057754,0.5544102304941081,1430
954,1449.3207724057754,0.5544102304941081,1430
955,1449.3207724057754,0.5544102304941081,1430
956,1449.3207724057754,0.5544102304941081,1430
957,1449.3207724057754,0.5544102304941081,1430
958,1449.3207724057754,0.5544102304941081,1430
959,1449.3207724057754,0.5544102304941081,1430
960,1449.3207724057754,0.5544102304941081,1430
961,1449.3207724057754,0.5544102304941081,1430
962,1449.3207724057754,0.5544102304941081,1430
963,1449.3207724057754,0.5544102304941081,1430
964,1449.3207724057754,0.5544102304941081,1430
965,1449.3207724057754,0.5544102304941081,1430
966,1449.3207724057754,0.5544102304941081,1430
967,1449.3207724057754,0.5544102304941081,1430
968,1449.3207724057754,0.5544102304941081,1430
969,1449.3207724057754,0.5544102304941081,1430
970,1449.3207724057754,0.5544102304941081,1430
971,1449.3207724057754,0.5544102304941081,1430
972,1449.3207724057754,0.5544102304941081,1430
973,1449.3207724057754,0.5544102304941081,1430
974,1435.296308939129,0.5549744248355882,1416
975,1435.296308939129,0.5549744248355882,1416
976,1435.296308939129,0.5549744248355882,1416
977,1435.296308939129,0.5549744248355882,1416
978,1435.296308939129,0.5549744248355882,1416
979,1435.296308939129,0.5549744248355882,1416
980,1435.296308939129,0.5549744248355882,1416
981,1435.296308939129,0.5549744248355882,1416
982,1435.296308939129,0.5549744248355882,1416
983,1435.296308939129,0.5549744248355882,1416
984,1435.296308939129,0.5549744248355882,1416
985,1435.296308939129,0.5549744248355882,1416
986,1435.296308939129,0.5549744248355882,1416
987,1435.296308939129,0.5549744248355882,1416
988,1435.296308939129,0.5549744248355882,1416
989,1435.296308939129,0.5549744248355882,1416
990,1435.296308939129,0.5549744248355882,1416
991,1435.296308939129,0.5549744248355882,1416
992,1435.296308939129,0.5549744248355882,1416
993,1435.296308939129,0.5549744248355882,1416
994,1435.296308939129,0.5549744248355882,1416
995,1435.296308939129,0.5549744248355882,1416
996,1435.296308939129,0.5549744248355882,1416
997,1435.296308939129,0.5549744248355882,1416
998,1435.296308939129,0.5549744248355882,1416
999,1435.296308939129,0.5549744248355882,1416
1000,1435.296308939129,0.5549744248355882,1416
1001,1435.296308939129,0.5549744248355882,1416
1002,1435.296308939129,0.5549744248355882,1416
1003,1435.296308939129,0.5549744248355882,1416
1004,1435.296308939129,0.5549744248355882,1416
1005,1435.296308939129,0.5549744248355882,1416
1006,1435.296308939129,0.5549744248355882,1416
1007,1435.296308939129,0.5549744248355882,1416
1008,1435.296308939129,0.5549744248355882,1416
1009,1435.296308939129,0.5549744248355882,1416
1010,1435.296308939129,0.5549744248355882,1416
1011,1435.296308939129,0.5549744248355882,1416
1012,1435.296308939129,0.5549744248355882,1416
1013,1435.296308939129,0.5549744248355882,1416
1014,1435.296308939129,0.5549744248355882,1416
1015,1435.296308939129,0.5549744248355882,1416
1016,1435.296308939129,0.5549744248355882,1416
1017,1435.296308939129,0.5549744248355882,1416
1018,1435.296308939129,0.5549744248355882,1416
1019,1435.296308939129,0.5549744248355882,1416
1020,1435.296308939129,0.5549744248355882,1416
1021,1435.296308939129,0.5549744248355882,1416
1022,1435.296308939129,0.5549744248355882,1416
1023,1435.296308939129,0.5549744248355882,1416
1024,1435.296308939129,0.5549744248355882,1416
1025,1435.296308939129,0.5549744248355882,1416
1026,1435.296308939129,0.5549744248355882,1416
1027,1435.296308939129,0.5549744248355882,1416
1028,1435.296308939129,0.5549744248355882,1416
1029,1435.296308939129,0.5549744248355882,1416
1030,1435.296308939129,0.5549744248355882,1416
1031,1435.296308939129,0.5549744248355882,1416
1032,1435.296308939129,0.5549744248355882,1416
1033,1435.296308939129,0.5549744248355882,1416
1034,1435.296308939129,0.5549744248355882,1416
1035,1435.296308939129,0.5549744248355882,1416
1036,1435.296308939129,0.5549744248355882,1416
1037,1435.296308939129,0.5549744248355882,1416
1038,1435.296308939129,0.5549744248355882,1416
1039,1435.296308939129,0.5549744248355882,1416
1040,1435.296308939129,0.5549744248355882,1416
1041,1435.296308939129,0.5549744248355882,1416
1042,1435.296308939129,0.5549744248355882,1416
1043,1435.296308939129,0.5549744248355882,1416
1044,1435.296308939129,0.5549744248355882,1416
1045,1435.296308939129,0.5549744248355882,1416
1046,1435.296308939129,0.5549744248355882,1416
1047,1435.296308939129,0.5549744248355882,1416
1048,1435.296308939129,0.5549744248355882,1416
1049,1435.296308939129,0.5549744248355882,1416
1050,1435.296308939129,0.5549744248355882,1416
1051,1435.296308939129,0.5549744248355882,1416
1052,1435.296308939129,0.5549744248355882,1416
1053,1435.296308939129,0.5549744248355882,1416
1054,1435.296308939129,0.5549744248355882,1416
1055,1435.296308939129,0.5549744248355882,1416
1056,1435.296308939129,0.5549744248355882,1416
1057,1435.296308939129,0.5549744248355882,1416
1058,1435.296308939129,0.5549744248355882,1416
1059,1435.296308939129,0.5549744248355882,1416
1060,1435.296308939129,0.5549744248355882,1416
1061,1435.296308939129,0.5549744248355882,1416
1062,1435.296308939129,0.5549744248355882,1416
1063,1437.29983464068,0.5548931125304392,1418
1064,1437.29983464068,0.5548931125304392,1418
1065,1437.29983464068,0.5548931125304392,1418
1066,1437.29983464068,0.5548931125304392,1418
1067,1437.29983464068,0.5548931125304392,1418
1068,1437.29983464068,0.5548931125304392,1418
1069,1437.29983464068,0.5548931125304392,1418
1070,1437.29983464068,0.5548931125304392,1418
1071,1437.29983464068,0.5548931125304392,1418
1072,1437.29983464068,0.5548931125304392,1418
1073,1437.29983464068,0.5548931125304392,1418
1074,1437.29983464068,0.5548931125304392,1418
1075,1437.29983464068,0.5548931125304392,1418
1076,1418.2659147203938,0.5556753985149063,1399
1077,1418.2659147203938,0.5556753985149063,1399
1078,1418.2659147203938,0.5556753985149063,1399
1079,1418.2659147203938,0.5556753985149063,1399
1080,1418.2659147203938,0.5556753985149063,1399
1081,1418.2659147203938,0.5556753985149063,1399
1082,1418.2659147203938,0.5556753985149063,1399
1083,1418.2659147203938,0.5556753985149063,1399
1084,1418.2659147203938,0.5556753985149063,1399
1085,1418.2659147203938,0.5556753985149063,1399
1086,1418.2659147203938,0.5556753985149063,1399
1087,1418.2659147203938,0.5556753985149063,1399
1088,1418.2659147203938,0.5556753985149063,1399
1089,1418.2659147203938,0.5556753985149063,1399
1090,1418.2659147203938,0.5556753985149063,1399
1091,1418.2659147203938,0.5556753985149063,1399
1092,1418.2659147203938,0.5556753985149063,1399
1093,1418.2659147203938,0.5556753985149063,1399
1094,1418.2659147203938,0.5556753985149063,1399
1095,1418.2659147203938,0.5556753985149063,1399
1096,1418.2659147203938,0.5556753985149063,1399
1097,1418.2659147203938,0.5556753985149063,1399
1098,1418.2659147203938,0.5556753985149063,1399
1099,1418.2659147203938,0.5556753985149063,1399
1100,1418.2659147203938,0.5556753985149063,1399
1101,1418.2659147203938,0.5556753985149063,1399
1102,1418.2659147203938,0.5556753985149063,1399
1103,1418.2659147203938,0.5556753985149063,1399
1104,1418.2659147203938,0.5556753985149063,1399
1105,1418.2659147203938,0.5556753985149063,1399
1106,1418.2659147203938,0.5556753985149063,1399
1107,1418.2659147203938,0.5556753985149063,1399
1108,1418.2659147203938,0.5556753985149063,1399
1109,1418.2659147203938,0.5556753985149063,1399
1110,1418.2659147203938,0.5556753985149063,1399
1111,1418.2659147203938,0.5556753985149063,1399
1112,1418.2659147203938,0.5556753985149063,1399
1113,1418.2659147203938,0.5556753985149063,1399
1114,1418.2659147203938,0.5556753985149063,1399
1115,1418.2659147203938,0.5556753985149063,1399
1116,1418.2659147203938,0.5556753985149063,1399
1117,1418.2659147203938,0.5556753985149063,1399
1118,1418.2659147203938,0.5556753985149063,1399
1119,1418.2659147203938,0.5556753985149063,1399
1120,1418.2659147203938,0.5556753985149063,1399
1121,1418.2659147203938,0.5556753985149063,1399
1122,1418.2659147203938,0.5556753985149063,1399
1123,1418.2659147203938,0.5556753985149063,1399
1124,1418.2659147203938,0.5556753985149063,1399
1125,1418.2659147203938,0.5556753985149063,1399
1126,1418.2659147203938,0.5556753985149063,1399
1127,1418.2659147203938,0.5556753985149063,1399
1128,1418.2659147203938,0.5556753985149063,1399
1129,1418.2659147203938,0.5556753985149063,1399
1130,1418.2659147203938,0.5556753985149063,1399
1131,1418.2659147203938,0.5556753985149063,1399
1132,1418.2659147203938,0.5556753985149063,1399
1133,1418.2659147203938,0.5556753985149063,1399
1134,1418.2659147203938,0.5556753985149063,1399
1135,1418.2659147203938,0.5556753985149063,1399
1136,1418.2659147203938,0.5556753985149063,1399
1137,1418.2659147203938,0.5556753985149063,1399
1138,1418.2659147203938,0.5556753985149063,1399
1139,1418.2659147203938,0.5556753985149063,1399
1140,1418.2659147203938,0.5556753985149063,1399
1141,1418.2659147203938,0.5556753985149063,1399
1142,1418.2659147203938,0.5556753985149063,1399
1143,1418.2659147203938,0.5556753985149063,1399
1144,1418.2659147203938,0.5556753985149063,1399
1145,1418.2659147203938,0.5556753985149063,1399
1146,1418.2659147203938,0.5556753985149063,1399
1147,1418.2659147203938,0.5556753985149063,1399
1148,1418.2659147203938,0.5556753985149063,1399
1149,1418.2659147203938,0.5556753985149063,1399
1150,1418.2659147203938,0.5556753985149063,1399
1151,1418.2659147203938,0.5556753985149063,1399
1152,1418.2659147203938,0.5556753985149063,1399
1153,1418.2659147203938,0.5556753985149063,1399
1154,1418.2659147203938,0.5556753985149063,1399
1155,1418.2659147203938,0.5556753985149063,1399
1156,1418.2659147203938,0.5556753985149063,1399
1157,1418.2659147203938,0.5556753985149063,1399
1158,1418.2659147203938,0.5556753985149063,1399
1159,1418.2659147203938,0.5556753985149063,1399
1160,1418.2659147203938,0.5556753985149063,1399
1161,1418.2659147203938,0.5556753985149063,1399
1162,1418.2659147203938,0.5556753985149063,1399
1163,1418.2659147203938,0.5556753985149063,1399
1164,1418.2659147203938,0.5556753985149063,1399
1165,1418.2659147203938,0.5556753985149063,1399
1166,1418.2659147203938,0.5556753985149063,1399
1167,1418.2659147203938,0.5556753985149063,1399
1168,1418.2659147203938,0.5556753985149063,1399
1169,1418.2659147203938,0.5556753985149063,1399
1170,1418.2659147203938,0.5556753985149063,1399
1171,1418.2659147203938,0.5556753985149063,1399
1172,1418.2659147203938,0.5556753985149063,1399
1173,1418.2659147203938,0.5556753985149063,1399
1174,1418.2659147203938,0.5556753985149063,1399
1175,1418.2659147203938,0.5556753985149063,1399
1176,1418.2659147203938,0.5556753985149063,1399
1177,1418.2659147203938,0.5556753985149063,1399
1178,1418.2659147203938,0.5556753985149063,1399
1179,1418.2659147203938,0.5556753985149063,1399
1180,1418.2659147203938,0.5556753985149063,1399
1181,1418.2659147203938,0.5556753985149063,1399
1182,1418.2659147203938,0.5556753985149063,1399
1183,1418.2659147203938,0.5556753985149063,1399
1184,1418.2659147203938,0.5556753985149063,1399
1185,1418.2659147203938,0.5556753985149063,1399
1186,1418.2659147203938,0.5556753985149063,1399
1187,1418.2659147203938,0.5556753985149063,1399
1188,1418.2659147203938,0.5556753985149063,1399
1189,1418.2659147203938,0.5556753985149063,1399
1190,1418.2659147203938,0.5556753985149063,1399
1191,1418.2659147203938,0.5556753985149063,1399
1192,1418.2659147203938,0.5556753985149063,1399
1193,1418.2659147203938,0.5556753985149063,1399
1194,1419.2677239884065,0.5556336718540928,1400
1195,1419.2677239884065,0.5556336718540928,1400
1196,1419.2677239884065,0.5556336718540928,1400
1197,1419.2677239884065,0.5556336718540928,1400
1198,1419.2677239884065,0.5556336718540928,1400
1199,1419.2677239884065,0.5556336718540928,1400
1200,1419.2677239884065,0.5556336718540928,1400
1201,1419.2677239884065,0.5556336718540928,1400
1202,1419.2677239884065,0.5556336718540928,1400
1203,1419.2677239884065,0.5556336718540928,1400
1204,1419.2677239884065,0.5556336718540928,1400
1205,1419.2677239884065,0.5556336718540928,1400
1206,1419.2677239884065,0.5556336718540928,1400
1207,1419.2677239884065,0.5556336718540928,1400
1208,1419.2677239884065,0.5556336718540928,1400
1209,1419.2677239884065,0.5556336718540928,1400
1210,1419.2677239884065,0.5556336718540928,1400
1211,1419.2677239884065,0.5556336718540928,1400
1212,1419.2677239884065,0.5556336718540928,1400
1213,1419.2677239884065,0.5556336718540928,1400
1214,1419.2677239884065,0.5556336718540928,1400
1215,1419.2677239884065,0.5556336718540928,1400
1216,1419.2677239884065,0.5556336718540928,1400
1217,1419.2677239884065,0.5556336718540928,1400
1218,1419.2677239884065,0.5556336718540928,1400
1219,1419.2677239884065,0.5556336718540928,1400
1220,1419.2677239884065,0.5556336718540928,1400
1221,1419.2677239884065,0.5556336718540928,1400
1222,1419.2677239884065,0.5556336718540928,1400
1223,1419.2677239884065,0.5556336718540928,1400
1224,1419.2677239884065,0.5556336718540928,1400
1225,1419.2677239884065,0.5556336718540928,1400
1226,1419.2677239884065,0.5556336718540928,1400
1227,1419.2677239884065,0.5556336718540928,1400
1228,1419.2677239884065,0.5556336718540928,1400
1229,1419.2677239884065,0.5556336718540928,1400
1230,1419.2677239884065,0.5556336718540928,1400
1231,1419.2677239884065,0.5556336718540928,1400
1232,1419.2677239884065,0.5556336718540928,1400
1233,1419.2677239884065,0.5556336718540928,1400
1234,1419.2677239884065,0.5556336718540928,1400
1235,1419.2677239884065,0.5556336718540928,1400
1236,1419.2677239884065,0.5556336718540928,1400
1237,1419.2677239884065,0.5556336718540928,1400
1238,1419.2677239884065,0.5556336718540928,1400
1239,1419.2677239884065,0.5556336718540928,1400
1240,1419.2677239884065,0.5556336718540928,1400
1241,1419.2677239884065,0.5556336718540928,1400
1242,1419.2677239884065,0.5556336718540928,1400
1243,1419.2677239884065,0.5556336718540928,1400
1244,1419.2677239884065,0.5556336718540928,1400
1245,1419.2677239884065,0.5556336718540928,1400
1246,1419.2677239884065,0.5556336718540928,1400
1247,1419.2677239884065,0.5556336718540928,1400
1248,1419.2677239884065,0.5556336718540928,1400
1249,1419.2677239884065,0.5556336718540928,1400
1250,1419.2677239884065,0.5556336718540928,1400
1251,1419.2677239884065,0.5556336718540928,1400
1252,1419.2677239884065,0.5556336718540928,1400
1253,1419.2677239884065,0.5556336718540928,1400
1254,1419.2677239884065,0.5556336718540928,1400
1255,1419.2677239884065,0.5556336718540928,1400
1256,1419.2677239884065,0.5556336718540928,1400
1257,1419.2677239884065,0.5556336718540928,1400
1258,1419.2677239884065,0.5556336718540928,1400
1259,1419.2677239884065,0.5556336718540928,1400
1260,1419.2677239884065,0.5556336718540928,1400
1261,1419.2677239884065,0.5556336718540928,1400
1262,1419.2677239884065,0.5556336718540928,1400
1263,1419.2677239884065,0.5556336718540928,1400
1264,1419.2677239884065,0.5556336718540928,1400
1265,1419.2677239884065,0.5556336718540928,1400
1266,1419.2677239884065,0.5556336718540928,1400
1267,1419.2677239884065,0.5556336718540928,1400
1268,1419.2677239884065,0.5556336718540928,1400
1269,1419.2677239884065,0.5556336718540928,1400
1270,1419.2677239884065,0.5556336718540928,1400
1271,1419.2677239884065,0.5556336718540928,1400
1272,1419.2677239884065,0.5556336718540928,1400
1273,1419.2677239884065,0.5556336718540928,1400
1274,1419.2677239884065,0.5556336718540928,1400
1275,1419.2677239884065,0.5556336718540928,1400
1276,1419.2677239884065,0.5556336718540928,1400
1277,1419.2677239884065,0.5556336718540928,1400
1278,1419.2677239884065,0.5556336718540928,1400
1279,1419.2677239884065,0.5556336718540928,1400
1280,1419.2677239884065,0.5556336718540928,1400
1281,1419.2677239884065,0.5556336718540928,1400
1282,1419.2677239884065,0.5556336718540928,1400
1283,1419.2677239884065,0.5556336718540928,1400
1284,1419.2677239884065,0.5556336718540928,1400
1285,1419.2677239884065,0.5556336718540928,1400
1286,1419.2677239884065,0.5556336718540928,1400
1287,1419.2677239884065,0.5556336718540928,1400
1288,1419.2677239884065,0.5556336718540928,1400
1289,1419.2677239884065,0.5556336718540928,1400
1290,1419.2677239884065,0.5556336718540928,1400
1291,1419.2677239884065,0.5556336718540928,1400
1292,1419.2677239884065,0.5556336718540928,1400
1293,1419.2677239884065,0.5556336718540928,1400
1294,1419.2677239884065,0.5556336718540928,1400
1295,1419.2677239884065,0.5556336718540928,1400
1296,1419.2677239884065,0.5556336718540928,1400
1297,1419.2677239884065,0.5556336718540928,1400
1298,1419.2677239884065,0.5556336718540928,1400
1299,1419.2677239884065,0.5556336718540928,1400
1300,1419.2677239884065,0.5556336718540928,1400
1301,1419.2677239884065,0.5556336718540928,1400
1302,1419.2677239884065,0.5556336718540928,1400
1303,1419.2677239884065,0.5556336718540928,1400
1304,1419.2677239884065,0.5556336718540928,1400
1305,1419.2677239884065,0.5556336718540928,1400
1306,1419.2677239884065,0.5556336718540928,1400
1307,1419.2677239884065,0.5556336718540928,1400
1308,1419.2677239884065,0.5556336718540928,1400
1309,1419.2677239884065,0.5556336718540928,1400
1310,1419.2677239884065,0.5556336718540928,1400
1311,1419.2677239884065,0.5556336718540928,1400
1312,1419.2677239884065,0.5556336718540928,1400
1313,1419.2677239884065,0.5556336718540928,1400
1314,1419.2677239884065,0.5556336718540928,1400
1315,1419.2677239884065,0.5556336718540928,1400
1316,1419.2677239884065,0.5556336718540928,1400
1317,1419.2677239884065,0.5556336718540928,1400
1318,1419.2677239884065,0.5556336718540928,1400
1319,1419.2677239884065,0.5556336718540928,1400
1320,1419.2677239884065,0.5556336718540928,1400
1321,1419.2677239884065,0.5556336718540928,1400
1322,1419.2677239884065,0.5556336718540928,1400
1323,1419.2677239884065,0.5556336718540928,1400
1324,1419.2677239884065,0.5556336718540928,1400
1325,1419.2677239884065,0.5556336718540928,1400
1326,1419.2677239884065,0.5556336718540928,1400
1327,1419.2677239884065,0.5556336718540928,1400
1328,1419.2677239884065,0.5556336718540928,1400
1329,1419.2677239884065,0.5556336718540928,1400
1330,1419.2677239884065,0.5556336718540928,1400
1331,1419.2677239884065,0.5556336718540928,1400
1332,1419.2677239884065,0.5556336718540928,1400
1333,1419.2677239884065,0.5556336718540928,1400
1334,1419.2677239884065,0.5556336718540928,1400
1335,1419.2677239884065,0.5556336718540928,1400
1336,1419.2677239884065,0.5556336718540928,1400
1337,1419.2677239884065,0.5556336718540928,1400
1338,1419.2677239884065,0.5556336718540928,1400
1339,1419.2677239884065,0.5556336718540928,1400
1340,1419.2677239884065,0.5556336718540928,1400
1341,1419.2677239884065,0.5556336718540928,1400
1342,1419.2677239884065,0.5556336718540928,1400
1343,1419.2677239884065,0.5556336718540928,1400
1344,1419.2677239884065,0.5556336718540928,1400
1345,1419.2677239884065,0.5556336718540928,1400
1346,1419.2677239884065,0.5556336718540928,1400
1347,1419.2677239884065,0.5556336718540928,1400
1348,1419.2677239884065,0.5556336718540928,1400
1349,1419.2677239884065,0.5556336718540928,1400
1350,1419.2677239884065,0.5556336718540928,1400
1351,1419.2677239884065,0.5556336718540928,1400
1352,1414.2586505129627,0.5558429309741065,1395
1353,1414.2586505129627,0.5558429309741065,1395
1354,1414.2586505129627,0.5558429309741065,1395
1355,1414.2586505129627,0.5558429309741065,1395
1356,1414.2586505129627,0.5558429309741065,1395
1357,1414.2586505129627,0.5558429309741065,1395
1358,1414.2586505129627,0.5558429309741065,1395
1359,1414.2586505129627,0.5558429309741065,1395
1360,1414.2586505129627,0.5558429309741065,1395
1361,1414.2586505129627,0.5558429309741065,1395
1362,1414.2586505129627,0.5558429309741065,1395
1363,1414.2586505129627,0.5558429309741065,1395
1364,1414.2586505129627,0.5558429309741065,1395
1365,1414.2586505129627,0.5558429309741065,1395
1366,1414.2586505129627,0.5558429309741065,1395
1367,1414.2586505129627,0.5558429309741065,1395
1368,1414.2586505129627,0.5558429309741065,1395
1369,1414.2586505129627,0.5558429309741065,1395
1370,1414.2586505129627,0.5558429309741065,1395
1371,1414.2586505129627,0.5558429309741065,1395
1372,1414.2586505129627,0.5558429309741065,1395
1373,1414.2586505129627,0.5558429309741065,1395
1374,1414.2586505129627,0.5558429309741065,1395
1375,1414.2586505129627,0.5558429309741065,1395
1376,1414.2586505129627,0.5558429309741065,1395
1377,1414.2586505129627,0.5558429309741065,1395
1378,1414.2586505129627,0.5558429309741065,1395
1379,1414.2586505129627,0.5558429309741065,1395
1380,1414.2586505129627,0.5558429309741065,1395
1381,1414.2586505129627,0.5558429309741065,1395
1382,1414.2586505129627,0.5558429309741065,1395
1383,1414.2586505129627,0.5558429309741065,1395
1384,1414.2586505129627,0.5558429309741065,1395
1385,1414.2586505129627,0.5558429309741065,1395
1386,1414.2586505129627,0.5558429309741065,1395
1387,1414.2586505129627,0.5558429309741065,1395
1388,1414.2586505129627,0.5558429309741065,1395
1389,1414.2586505129627,0.5558429309741065,1395
1390,1414.2586505129627,0.5558429309741065,1395
1391,1414.2586505129627,0.5558429309741065,1395
1392,1414.2586505129627,0.5558429309741065,1395
1393,1414.2586505129627,0.5558429309741065,1395
1394,1414.2586505129627,0.5558429309741065,1395
1395,1414.2586505129627,0.5558429309741065,1395
1396,1414.2586505129627,0.5558429309741065,1395
1397,1414.2586505129627,0.5558429309741065,1395
1398,1414.2586505129627,0.5558429309741065,1395
1399,1414.2586505129627,0.5558429309741065,1395
1400,1414.2586505129627,0.5558429309741065,1395
1401,1414.2586505129627,0.5558429309741065,1395
1402,1414.2586505129627,0.5558429309741065,1395
1403,1414.2586505129627,0.5558429309741065,1395
1404,1414.2586505129627,0.5558429309741065,1395
1405,1414.2586505129627,0.5558429309741065,1395
1406,1414.2586505129627,0.5558429309741065,1395
1407,1414.2586505129627,0.5558429309741065,1395
1408,1414.2586505129627,0.5558429309741065,1395
1409,1414.2586505129627,0.5558429309741065,1395
1410,1414.2586505129627,0.5558429309741065,1395
1411,1414.2586505129627,0.5558429309741065,1395
1412,1414.2586505129627,0.5558429309741065,1395
1413,1414.2586505129627,0.5558429309741065,1395
1414,1414.2586505129627,0.5558429309741065,1395
1415,1426.280313560915,0.5553433219346205,1407
1416,1426.280313560915,0.5553433219346205,1407
1417,1426.280313560915,0.5553433219346205,1407
1418,1426.280313560915,0.5553433219346205,1407
1419,1411.2531736944795,0.5559692413634798,1392
1420,1411.2531736944795,0.5559692413634798,1392
1421,1411.2531736944795,0.5559692413634798,1392
1422,1411.2531736944795,0.5559692413634798,1392
1423,1406.2439905750111,0.5561810291740992,1387
1424,1406.2439905750111,0.5561810291740992,1387
1425,1406.2439905750111,0.5561810291740992,1387
1426,1406.2439905750111,0.5561810291740992,1387
1427,1406.2439905750111,0.5561810291740992,1387
1428,1406.2439905750111,0.5561810291740992,1387
1429,1406.2439905750111,0.5561810291740992,1387
1430,1406.2439905750111,0.5561810291740992,1387
1431,1406.2439905750111,0.5561810291740992,1387
1432,1401.2347379190603,0.5563944206858781,1382
1433,1384.2027480194743,0.5571321951228264,1365
1434,1384.2027480194743,0.5571321951228264,1365
1435,1384.2027480194743,0.5571321951228264,1365
1436,1384.2027480194743,0.5571321951228264,1365
1437,1384.2027480194743,0.5571321951228264,1365
1438,1384.2027480194743,0.5571321951228264,1365
1439,1384.2027480194743,0.5571321951228264,1365
1440,1384.2027480194743,0.5571321951228264,1365
1441,1384.2027480194743,0.5571321951228264,1365
1442,1384.2027480194743,0.5571321951228264,1365
1443,1384.2027480194743,0.5571321951228264,1365
1444,1362.160089786284,0.5581160104639268,1343
1445,1362.160089786284,0.5581160104639268,1343
1446,1362.160089786284,0.5581160104639268,1343
1447,1362.160089786284,0.5581160104639268,1343
1448,1362.160089786284,0.5581160104639268,1343
1449,1362.160089786284,0.5581160104639268,1343
1450,1362.160089786284,0.5581160104639268,1343
1451,1362.160089786284,0.5581160104639268,1343
1452,1362.160089786284,0.5581160104639268,1343
1453,1362.160089786284,0.5581160104639268,1343
1454,1362.160089786284,0.5581160104639268,1343
1455,1362.160089786284,0.5581160104639268,1343
1456,1362.160089786284,0.5581160104639268,1343
1457,1362.160089786284,0.5581160104639268,1343
1458,1362.160089786284,0.5581160104639268,1343
1459,1362.160089786284,0.5581160104639268,1343
1460,1362.160089786284,0.5581160104639268,1343
1461,1362.160089786284,0.5581160104639268,1343
1462,1362.160089786284,0.5581160104639268,1343
1463,1362.160089786284,0.5581160104639268,1343
1464,1362.160089786284,0.5581160104639268,1343
1465,1362.160089786284,0.5581160104639268,1343
1466,1362.160089786284,0.5581160104639268,1343
1467,1362.160089786284,0.5581160104639268,1343
1468,1362.160089786284,0.5581160104639268,1343
1469,1362.160089786284,0.5581160104639268,1343
1470,1362.160089786284,0.5581160104639268,1343
1471,1362.160089786284,0.5581160104639268,1343
1472,1362.160089786284,0.5581160104639268,1343
1473,1362.160089786284,0.5581160104639268,1343
1474,1362.160089786284,0.5581160104639268,1343
1475,1362.160089786284,0.5581160104639268,1343
1476,1362.160089786284,0.5581160104639268,1343
1477,1362.160089786284,0.5581160104639268,1343
1478,1362.160089786284,0.5581160104639268,1343
1479,1362.160089786284,0.5581160104639268,1343
1480,1362.160089786284,0.5581160104639268,1343
1481,1362.160089786284,0.5581160104639268,1343
1482,1362.160089786284,0.5581160104639268,1343
1483,1362.160089786284,0.5581160104639268,1343
1484,1362.160089786284,0.5581160104639268,1343
1485,1362.160089786284,0.5581160104639268,1343
1486,1362.160089786284,0.5581160104639268,1343
1487,1362.160089786284,0.5581160104639268,1343
1488,1362.160089786284,0.5581160104639268,1343
1489,1362.160089786284,0.5581160104639268,1343
1490,1362.160089786284,0.5581160104639268,1343
1491,1362.160089786284,0.5581160104639268,1343
1492,1362.160089786284,0.5581160104639268,1343
1493,1362.160089786284,0.5581160104639268,1343
1494,1362.160089786284,0.5581160104639268,1343
1495,1362.160089786284,0.5581160104639268,1343
1496,1362.160089786284,0.5581160104639268,1343
1497,1366.1679543912842,0.557934631197321,1347
1498,1366.1679543912842,0.557934631197321,1347
1499,1366.1679543912842,0.557934631197321,1347
1500,1366.1679543912842,0.557934631197321,1347
1501,1366.1679543912842,0.557934631197321,1347
1502,1366.1679543912842,0.557934631197321,1347
1503,1366.1679543912842,0.557934631197321,1347
1504,1366.1679543912842,0.557934631197321,1347
1505,1366.1679543912842,0.557934631197321,1347
1506,1366.1679543912842,0.557934631197321,1347
1507,1366.1679543912842,0.557934631197321,1347
1508,1366.1679543912842,0.557934631197321,1347
1509,1366.1679543912842,0.557934631197321,1347
1510,1366.1679543912842,0.557934631197321,1347
1511,1366.1679543912842,0.557934631197321,1347
1512,1366.1679543912842,0.557934631197321,1347
1513,1366.1679543912842,0.557934631197321,1347
1514,1366.1679543912842,0.557934631197321,1347
1515,1366.1679543912842,0.557934631197321,1347
1516,1366.1679543912842,0.557934631197321,1347
1517,1366.1679543912842,0.557934631197321,1347
1518,1366.1679543912842,0.557934631197321,1347
1519,1366.1679543912842,0.557934631197321,1347
1520,1366.1679543912842,0.557934631197321,1347
1521,1366.1679543912842,0.557934631197321,1347
1522,1366.1679543912842,0.557934631197321,1347
1523,1366.1679543912842,0.557934631197321,1347
1524,1366.1679543912842,0.557934631197321,1347
1525,1366.1679543912842,0.557934631197321,1347
1526,1366.1679543912842,0.557934631197321,1347
1527,1366.1679543912842,0.557934631197321,1347
1528,1366.1679543912842,0.557934631197321,1347
1529,1366.1679543912842,0.557934631197321,1347
1530,1366.1679543912842,0.557934631197321,1347
1531,1366.1679543912842,0.557934631197321,1347
1532,1366.1679543912842,0.557934631197321,1347
1533,1366.1679543912842,0.557934631197321,1347
1534,1366.1679543912842,0.557934631197321,1347
1535,1366.1679543912842,0.557934631197321,1347
1536,1366.1679543912842,0.557934631197321,1347
1537,1366.1679543912842,0.557934631197321,1347
1538,1366.1679543912842,0.557934631197321,1347
1539,1366.1679543912842,0.557934631197321,1347
1540,1366.1679543912842,0.557934631197321,1347
1541,1366.1679543912842,0.557934631197321,1347
1542,1366.1679543912842,0.557934631197321,1347
1543,1366.1679543912842,0.557934631197321,1347
1544,1366.1679543912842,0.557934631197321,1347
1545,1366.1679543912842,0.557934631197321,1347
1546,1366.1679543912842,0.557934631197321,1347
1547,1366.1679543912842,0.557934631197321,1347
1548,1366.1679543912842,0.557934631197321,1347
1549,1366.1679543912842,0.557934631197321,1347
1550,1366.1679543912842,0.557934631197321,1347
1551,1366.1679543912842,0.557934631197321,1347
1552,1366.1679543912842,0.557934631197321,1347
1553,1366.1679543912842,0.557934631197321,1347
1554,1366.1679543912842,0.557934631197321,1347
1555,1366.1679543912842,0.557934631197321,1347
1556,1368.1718683760232,0.5578443640216025,1349
1557,1368.1718683760232,0.5578443640216025,1349
1558,1368.1718683760232,0.5578443640216025,1349
1559,1368.1718683760232,0.5578443640216025,1349
1560,1368.1718683760232,0.5578443640216025,1349
1561,1368.1718683760232,0.5578443640216025,1349
1562,1368.1718683760232,0.5578443640216025,1349
1563,1368.1718683760232,0.5578443640216025,1349
1564,1368.1718683760232,0.5578443640216025,1349
1565,1368.1718683760232,0.5578443640216025,1349
1566,1368.1718683760232,0.5578443640216025,1349
1567,1368.1718683760232,0.5578443640216025,1349
1568,1368.1718683760232,0.5578443640216025,1349
1569,1368.1718683760232,0.5578443640216025,1349
1570,1368.1718683760232,0.5578443640216025,1349
1571,1368.1718683760232,0.5578443640216025,1349
1572,1368.1718683760232,0.5578443640216025,1349
1573,1368.1718683760232,0.5578443640216025,1349
1574,1368.1718683760232,0.5578443640216025,1349
1575,1368.1718683760232,0.5578443640216025,1349
1576,1368.1718683760232,0.5578443640216025,1349
1577,1368.1718683760232,0.5578443640216025,1349
1578,1368.1718683760232,0.5578443640216025,1349
1579,1368.1718683760232,0.5578443640216025,1349
1580,1368.1718683760232,0.5578443640216025,1349
1581,1368.1718683760232,0.5578443640216025,1349
1582,1368.1718683760232,0.5578443640216025,1349
1583,1368.1718683760232,0.5578443640216025,1349
1584,1368.1718683760232,0.5578443640216025,1349
1585,1368.1718683760232,0.5578443640216025,1349
1586,1368.1718683760232,0.5578443640216025,1349
1587,1368.1718683760232,0.5578443640216025,1349
1588,1368.1718683760232,0.5578443640216025,1349
1589,1368.1718683760232,0.5578443640216025,1349
1590,1368.1718683760232,0.5578443640216025,1349
1591,1368.1718683760232,0.5578443640216025,1349
1592,1368.1718683760232,0.5578443640216025,1349
1593,1368.1718683760232,0.5578443640216025,1349
1594,1368.1718683760232,0.5578443640216025,1349
1595,1368.1718683760232,0.5578443640216025,1349
1596,1368.1718683760232,0.5578443640216025,1349
1597,1368.1718683760232,0.5578443640216025,1349
1598,1368.1718683760232,0.5578443640216025,1349
1599,1368.1718683760232,0.5578443640216025,1349
1600,1368.1718683760232,0.5578443640216025,1349
1601,1368.1718683760232,0.5578443640216025,1349
1602,1368.1718683760232,0.5578443640216025,1349
1603,1368.1718683760232,0.5578443640216025,1349
1604,1368.1718683760232,0.5578443640216025,1349
1605,1368.1718683760232,0.5578443640216025,1349
1606,1368.1718683760232,0.5578443640216025,1349
1607,1368.1718683760232,0.5578443640216025,1349
1608,1368.1718683760232,0.5578443640216025,1349
1609,1368.1718683760232,0.5578443640216025,1349
1610,1368.1718683760232,0.5578443640216025,1349
1611,1368.1718683760232,0.5578443640216025,1349
1612,1368.1718683760232,0.5578443640216025,1349
1613,1368.1718683760232,0.5578443640216025,1349
1614,1368.1718683760232,0.5578443640216025,1349
1615,1368.1718683760232,0.5578443640216025,1349
1616,1368.1718683760232,0.5578443640216025,1349
1617,1368.1718683760232,0.5578443640216025,1349
1618,1368.1718683760232,0.5578443640216025,1349
1619,1368.1718683760232,0.5578443640216025,1349
1620,1368.1718683760232,0.5578443640216025,1349
1621,1368.1718683760232,0.5578443640216025,1349
1622,1368.1718683760232,0.5578443640216025,1349
1623,1368.1718683760232,0.5578443640216025,1349
1624,1368.1718683760232,0.5578443640216025,1349
1625,1368.1718683760232,0.5578443640216025,1349
1626,1368.1718683760232,0.5578443640216025,1349
1627,1368.1718683760232,0.5578443640216025,1349
1628,1368.1718683760232,0.5578443640216025,1349
1629,1368.1718683760232,0.5578443640216025,1349
1630,1368.1718683760232,0.5578443640216025,1349
1631,1368.1718683760232,0.5578443640216025,1349
1632,1368.1718683760232,0.5578443640216025,1349
1633,1368.1718683760232,0.5578443640216025,1349
1634,1368.1718683760232,0.5578443640216025,1349
1635,1368.1718683760232,0.5578443640216025,1349
1636,1368.1718683760232,0.5578443640216025,1349
1637,1368.1718683760232,0.5578443640216025,1349
1638,1368.1718683760232,0.5578443640216025,1349
1639,1368.1718683760232,0.5578443640216025,1349
1640,1368.1718683760232,0.5578443640216025,1349
1641,1368.1718683760232,0.5578443640216025,1349
1642,1368.1718683760232,0.5578443640216025,1349
1643,1368.1718683760232,0.5578443640216025,1349
1644,1368.1718683760232,0.5578443640216025,1349
1645,1368.1718683760232,0.5578443640216025,1349
1646,1368.1718683760232,0.5578443640216025,1349
1647,1368.1718683760232,0.5578443640216025,1349
1648,1368.1718683760232,0.5578443640216025,1349
1649,1368.1718683760232,0.5578443640216025,1349
1650,1368.1718683760232,0.5578443640216025,1349
1651,1368.1718683760232,0.5578443640216025,1349
1652,1368.1718683760232,0.5578443640216025,1349
1653,1368.1718683760232,0.5578443640216025,1349
1654,1368.1718683760232,0.5578443640216025,1349
1655,1368.1718683760232,0.5578443640216025,1349
1656,1368.1718683760232,0.5578443640216025,1349
1657,1368.1718683760232,0.5578443640216025,1349
1658,1368.1718683760232,0.5578443640216025,1349
1659,1368.1718683760232,0.5578443640216025,1349
1660,1368.1718683760232,0.5578443640216025,1349
1661,1368.1718683760232,0.5578443640216025,1349
1662,1368.1718683760232,0.5578443640216025,1349
1663,1368.1718683760232,0.5578443640216025,1349
1664,1368.1718683760232,0.5578443640216025,1349
1665,1368.1718683760232,0.5578443640216025,1349
1666,1368.1718683760232,0.5578443640216025,1349
1667,1368.1718683760232,0.5578443640216025,1349
1668,1368.1718683760232,0.5578443640216025,1349
1669,1368.1718683760232,0.5578443640216025,1349
1670,1368.1718683760232,0.5578443640216025,1349
1671,1368.1718683760232,0.5578443640216025,1349
1672,1368.1718683760232,0.5578443640216025,1349
1673,1368.1718683760232,0.5578443640216025,1349
1674,1368.1718683760232,0.5578443640216025,1349
1675,1368.1718683760232,0.5578443640216025,1349
1676,1368.1718683760232,0.5578443640216025,1349
1677,1368.1718683760232,0.5578443640216025,1349
1678,1368.1718683760232,0.5578443640216025,1349
1679,1368.1718683760232,0.5578443640216025,1349
1680,1367.169912904224,0.5578894625409566,1348
1681,1367.169912904224,0.5578894625409566,1348
1682,1367.169912904224,0.5578894625409566,1348
1683,1367.169912904224,0.5578894625409566,1348
1684,1367.169912904224,0.5578894625409566,1348
1685,1367.169912904224,0.5578894625409566,1348
1686,1367.169912904224,0.5578894625409566,1348
1687,1367.169912904224,0.5578894625409566,1348
1688,1367.169912904224,0.5578894625409566,1348
1689,1367.169912904224,0.5578894625409566,1348
1690,1367.169912904224,0.5578894625409566,1348
1691,1367.169912904224,0.5578894625409566,1348
1692,1367.169912904224,0.5578894625409566,1348
1693,1367.169912904224,0.5578894625409566,1348
1694,1367.169912904224,0.5578894625409566,1348
1695,1367.169912904224,0.5578894625409566,1348
1696,1367.169912904224,0.5578894625409566,1348
1697,1367.169912904224,0.5578894625409566,1348
1698,1367.169912904224,0.5578894625409566,1348
1699,1367.169912904224,0.5578894625409566,1348
1700,1367.169912904224,0.5578894625409566,1348
1701,1367.169912904224,0.5578894625409566,1348
1702,1367.169912904224,0.5578894625409566,1348
1703,1367.169912904224,0.5578894625409566,1348
1704,1367.169912904224,0.5578894625409566,1348
1705,1367.169912904224,0.5578894625409566,1348
1706,1367.169912904224,0.5578894625409566,1348
1707,1367.169912904224,0.5578894625409566,1348
1708,1367.169912904224,0.5578894625409566,1348
1709,1367.169912904224,0.5578894625409566,1348
1710,1367.169912904224,0.5578894625409566,1348
1711,1367.169912904224,0.5578894625409566,1348
1712,1367.169912904224,0.5578894625409566,1348
1713,1367.169912904224,0.5578894625409566,1348
1714,1367.169912904224,0.5578894625409566,1348
1715,1367.169912904224,0.5578894625409566,1348
1716,1367.169912904224,0.5578894625409566,1348
1717,1367.169912904224,0.5578894625409566,1348
1718,1367.169912904224,0.5578894625409566,1348
1719,1367.169912904224,0.5578894625409566,1348
1720,1367.169912904224,0.5578894625409566,1348
1721,1367.169912904224,0.5578894625409566,1348
1722,1367.169912904224,0.5578894625409566,1348
1723,1367.169912904224,0.5578894625409566,1348
1724,1367.169912904224,0.5578894625409566,1348
1725,1367.169912904224,0.5578894625409566,1348
1726,1367.169912904224,0.5578894625409566,1348
1727,1367.169912904224,0.5578894625409566,1348
1728,1367.169912904224,0.5578894625409566,1348
1729,1367.169912904224,0.5578894625409566,1348
1730,1367.169912904224,0.5578894625409566,1348
1731,1367.169912904224,0.5578894625409566,1348
1732,1367.169912904224,0.5578894625409566,1348
1733,1367.169912904224,0.5578894625409566,1348
1734,1367.169912904224,0.5578894625409566,1348
1735,1367.169912904224,0.5578894625409566,1348
1736,1367.169912904224,0.5578894625409566,1348
1737,1367.169912904224,0.5578894625409566,1348
1738,1367.169912904224,0.5578894625409566,1348
1739,1367.169912904224,0.5578894625409566,1348
1740,1367.169912904224,0.5578894625409566,1348
1741,1367.169912904224,0.5578894625409566,1348
1742,1367.169912904224,0.5578894625409566,1348
1743,1367.169912904224,0.5578894625409566,1348
1744,1367.169912904224,0.5578894625409566,1348
1745,1367.169912904224,0.5578894625409566,1348
1746,1367.169912904224,0.5578894625409566,1348
1747,1367.169912904224,0.5578894625409566,1348
1748,1367.169912904224,0.5578894625409566,1348
1749,1367.169912904224,0.5578894625409566,1348
1750,1367.169912904224,0.5578894625409566,1348
1751,1367.169912904224,0.5578894625409566,1348
1752,1367.169912904224,0.5578894625409566,1348
1753,1367.169912904224,0.5578894625409566,1348
1754,1367.169912904224,0.5578894625409566,1348
1755,1367.169912904224,0.5578894625409566,1348
1756,1367.169912904224,0.5578894625409566,1348
1757,1367.169912904224,0.5578894625409566,1348
1758,1367.169912904224,0.5578894625409566,1348
1759,1367.169912904224,0.5578894625409566,1348
1760,1367.169912904224,0.5578894625409566,1348
1761,1367.169912904224,0.5578894625409566,1348
1762,1367.169912904224,0.5578894625409566,1348
1763,1367.169912904224,0.5578894625409566,1348
1764,1367.169912904224,0.5578894625409566,1348
1765,1367.169912904224,0.5578894625409566,1348
1766,1367.169912904224,0.5578894625409566,1348
1767,1367.169912904224,0.5578894625409566,1348
1768,1367.169912904224,0.5578894625409566,1348
1769,1367.169912904224,0.5578894625409566,1348
1770,1367.169912904224,0.5578894625409566,1348
1771,1367.169912904224,0.5578894625409566,1348
1772,1367.169912904224,0.5578894625409566,1348
1773,1367.169912904224,0.5578894625409566,1348
1774,1367.169912904224,0.5578894625409566,1348
1775,1367.169912904224,0.5578894625409566,1348
1776,1367.169912904224,0.5578894625409566,1348
1777,1367.169912904224,0.5578894625409566,1348
1778,1367.169912904224,0.5578894625409566,1348
1779,1367.169912904224,0.5578894625409566,1348
1780,1367.169912904224,0.5578894625409566,1348
1781,1367.169912904224,0.5578894625409566,1348
1782,1367.169912904224,0.5578894625409566,1348
1783,1367.169912904224,0.5578894625409566,1348
1784,1367.169912904224,0.5578894625409566,1348
1785,1367.169912904224,0.5578894625409566,1348
1786,1367.169912904224,0.5578894625409566,1348
1787,1367.169912904224,0.5578894625409566,1348
1788,1367.169912904224,0.5578894625409566,1348
1789,1367.169912904224,0.5578894625409566,1348
1790,1367.169912904224,0.5578894625409566,1348
1791,1367.169912904224,0.5578894625409566,1348
1792,1367.169912904224,0.5578894625409566,1348
1793,1367.169912904224,0.5578894625409566,1348
1794,1367.169912904224,0.5578894625409566,1348
1795,1367.169912904224,0.5578894625409566,1348
1796,1367.169912904224,0.5578894625409566,1348
1797,1367.169912904224,0.5578894625409566,1348
1798,1367.169912904224,0.5578894625409566,1348
1799,1367.169912904224,0.5578894625409566,1348
1800,1367.169912904224,0.5578894625409566,1348
1801,1367.169912904224,0.5578894625409566,1348
1802,1367.169912904224,0.5578894625409566,1348
1803,1367.169912904224,0.5578894625409566,1348
1804,1367.169912904224,0.5578894625409566,1348
1805,1367.169912904224,0.5578894625409566,1348
1806,1373.7189238036813,0.5682905026826289,1355
1807,1373.7189238036813,0.5682905026826289,1355
1808,1373.7189238036813,0.5682905026826289,1355
1809,1373.7189238036813,0.5682905026826289,1355
1810,1373.7189238036813,0.5682905026826289,1355
1811,1373.7189238036813,0.5682905026826289,1355
1812,1373.7189238036813,0.5682905026826289,1355
1813,1373.7189238036813,0.5682905026826289,1355
1814,1373.7189238036813,0.5682905026826289,1355
1815,1373.7189238036813,0.5682905026826289,1355
1816,1373.7189238036813,0.5682905026826289,1355
1817,1373.7189238036813,0.5682905026826289,1355
1818,1373.7189238036813,0.5682905026826289,1355
1819,1373.7189238036813,0.5682905026826289,1355
1820,1373.7189238036813,0.5682905026826289,1355
1821,1373.7189238036813,0.5682905026826289,1355
1822,1373.7189238036813,0.5682905026826289,1355
1823,1373.7189238036813,0.5682905026826289,1355
1824,1386.7486964022494,0.5676038652617786,1368
1825,1386.7486964022494,0.5676038652617786,1368
1826,1386.7486964022494,0.5676038652617786,1368
1827,1386.7486964022494,0.5676038652617786,1368
1828,1386.7486964022494,0.5676038652617786,1368
1829,1386.7486964022494,0.5676038652617786,1368
1830,1386.7486964022494,0.5676038652617786,1368
1831,1386.7486964022494,0.5676038652617786,1368
1832,1386.7486964022494,0.5676038652617786,1368
1833,1386.7486964022494,0.5676038652617786,1368
1834,1386.7486964022494,0.5676038652617786,1368
1835,1386.7486964022494,0.5676038652617786,1368
1836,1386.7486964022494,0.5676038652617786,1368
1837,1386.7486964022494,0.5676038652617786,1368
1838,1386.7486964022494,0.5676038652617786,1368
1839,1386.7486964022494,0.5676038652617786,1368
1840,1386.7486964022494,0.5676038652617786,1368
1841,1386.7486964022494,0.5676038652617786,1368
1842,1386.7486964022494,0.5676038652617786,1368
1843,1386.7486964022494,0.5676038652617786,1368
1844,1386.7486964022494,0.5676038652617786,1368
1845,1386.7486964022494,0.5676038652617786,1368
1846,1386.7486964022494,0.5676038652617786,1368
1847,1386.7486964022494,0.5676038652617786,1368
1848,1363.5526863270777,0.5490616621983915,1344
1849,1363.5526863270777,0.5490616621983915,1344
1850,1363.5526863270777,0.5490616621983915,1344
1851,1363.5526863270777,0.5490616621983915,1344
1852,1363.5526863270777,0.5490616621983915,1344
1853,1361.5493758911093,0.5491380098913898,1342
1854,1361.5493758911093,0.5491380098913898,1342
1855,1361.5493758911093,0.5491380098913898,1342
1856,1361.5493758911093,0.5491380098913898,1342
1857,1361.5493758911093,0.5491380098913898,1342
1858,1361.5493758911093,0.5491380098913898,1342
1859,1361.5493758911093,0.5491380098913898,1342
1860,1361.5493758911093,0.5491380098913898,1342
1861,1361.5493758911093,0.5491380098913898,1342
1862,1361.5493758911093,0.5491380098913898,1342
1863,1361.5493758911093,0.5491380098913898,1342
1864,1361.5493758911093,0.5491380098913898,1342
1865,1361.5493758911093,0.5491380098913898,1342
1866,1361.5493758911093,0.5491380098913898,1342
1867,1361.5493758911093,0.5491380098913898,1342
1868,1361.5493758911093,0.5491380098913898,1342
1869,1361.5493758911093,0.5491380098913898,1342
1870,1347.525911903423,0.5496791535188388,1328
1871,1347.525911903423,0.5496791535188388,1328
1872,1347.525911903423,0.5496791535188388,1328
1873,1347.525911903423,0.5496791535188388,1328
1874,1347.525911903423,0.5496791535188388,1328
1875,1347.525911903423,0.5496791535188388,1328
1876,1347.525911903423,0.5496791535188388,1328
1877,1347.525911903423,0.5496791535188388,1328
1878,1347.525911903423,0.5496791535188388,1328
1879,1347.525911903423,0.5496791535188388,1328
1880,1347.525911903423,0.5496791535188388,1328
1881,1347.525911903423,0.5496791535188388,1328
1882,1347.525911903423,0.5496791535188388,1328
1883,1347.525911903423,0.5496791535188388,1328
1884,1347.525911903423,0.5496791535188388,1328
1885,1347.525911903423,0.5496791535188388,1328
1886,1347.525911903423,0.5496791535188388,1328
1887,1347.525911903423,0.5496791535188388,1328
1888,1347.525911903423,0.5496791535188388,1328
1889,1347.525911903423,0.5496791535188388,1328
1890,1347.525911903423,0.5496791535188388,1328
1891,1347.525911903423,0.5496791535188388,1328
1892,1347.525911903423,0.5496791535188388,1328
1893,1347.525911903423,0.5496791535188388,1328
1894,1347.525911903423,0.5496791535188388,1328
1895,1347.525911903423,0.5496791535188388,1328
1896,1347.525911903423,0.5496791535188388,1328
1897,1347.525911903423,0.5496791535188388,1328
1898,1347.525911903423,0.5496791535188388,1328
1899,1347.525911903423,0.5496791535188388,1328
1900,1347.525911903423,0.5496791535188388,1328
1901,1347.525911903423,0.5496791535188388,1328
1902,1347.525911903423,0.5496791535188388,1328
1903,1347.525911903423,0.5496791535188388,1328
1904,1347.525911903423,0.5496791535188388,1328
1905,1347.525911903423,0.5496791535188388,1328
1906,1347.525911903423,0.5496791535188388,1328
1907,1347.525911903423,0.5496791535188388,1328
1908,1347.525911903423,0.5496791535188388,1328
1909,1347.525911903423,0.5496791535188388,1328
1910,1347.525911903423,0.5496791535188388,1328
1911,1347.525911903423,0.5496791535188388,1328
1912,1347.525911903423,0.5496791535188388,1328
1913,1347.525911903423,0.5496791535188388,1328
1914,1347.525911903423,0.5496791535188388,1328
1915,1347.525911903423,0.5496791535188388,1328
1916,1347.525911903423,0.5496791535188388,1328
1917,1347.525911903423,0.5496791535188388,1328
1918,1347.525911903423,0.5496791535188388,1328
1919,1347.525911903423,0.5496791535188388,1328
1920,1347.525911903423,0.5496791535188388,1328
1921,1347.525911903423,0.5496791535188388,1328
1922,1347.525911903423,0.5496791535188388,1328
1923,1347.525911903423,0.5496791535188388,1328
1924,1347.525911903423,0.5496791535188388,1328
1925,1347.525911903423,0.5496791535188388,1328
1926,1347.525911903423,0.5496791535188388,1328
1927,1347.525911903423,0.5496791535188388,1328
1928,1347.525911903423,0.5496791535188388,1328
1929,1347.525911903423,0.5496791535188388,1328
1930,1347.525911903423,0.5496791535188388,1328
1931,1347.525911903423,0.5496791535188388,1328
1932,1347.525911903423,0.5496791535188388,1328
1933,1347.525911903423,0.5496791535188388,1328
1934,1347.525911903423,0.5496791535188388,1328
1935,1347.525911903423,0.5496791535188388,1328
1936,1347.525911903423,0.5496791535188388,1328
1937,1347.525911903423,0.5496791535188388,1328
1938,1347.525911903423,0.5496791535188388,1328
1939,1347.525911903423,0.5496791535188388,1328
1940,1347.525911903423,0.5496791535188388,1328
1941,1347.525911903423,0.5496791535188388,1328
1942,1347.525911903423,0.5496791535188388,1328
1943,1347.525911903423,0.5496791535188388,1328
1944,1347.525911903423,0.5496791535188388,1328
1945,1347.525911903423,0.5496791535188388,1328
1946,1347.525911903423,0.5496791535188388,1328
1947,1347.525911903423,0.5496791535188388,1328
1948,1347.525911903423,0.5496791535188388,1328
1949,1347.525911903423,0.5496791535188388,1328
1950,1347.525911903423,0.5496791535188388,1328
1951,1347.525911903423,0.5496791535188388,1328
1952,1347.525911903423,0.5496791535188388,1328
1953,1347.525911903423,0.5496791535188388,1328
1954,1347.525911903423,0.5496791535188388,1328
1955,1347.525911903423,0.5496791535188388,1328
1956,1347.525911903423,0.5496791535188388,1328
1957,1347.525911903423,0.5496791535188388,1328
1958,1347.525911903423,0.5496791535188388,1328
1959,1347.525911903423,0.5496791535188388,1328
1960,1347.525911903423,0.5496791535188388,1328
1961,1347.525911903423,0.5496791535188388,1328
1962,1347.525911903423,0.5496791535188388,1328
1963,1347.525911903423,0.5496791535188388,1328
1964,1347.525911903423,0.5496791535188388,1328
1965,1347.525911903423,0.5496791535188388,1328
1966,1347.525911903423,0.5496791535188388,1328
1967,1347.525911903423,0.5496791535188388,1328
1968,1347.525911903423,0.5496791535188388,1328
1969,1347.525911903423,0.5496791535188388,1328
1970,1347.525911903423,0.5496791535188388,1328
1971,1347.525911903423,0.5496791535188388,1328
1972,1347.525911903423,0.5496791535188388,1328
1973,1347.525911903423,0.5496791535188388,1328
1974,1347.525911903423,0.5496791535188388,1328
1975,1347.525911903423,0.5496791535188388,1328
1976,1347.525911903423,0.5496791535188388,1328
1977,1347.525911903423,0.5496791535188388,1328
1978,1347.525911903423,0.5496791535188388,1328
1979,1347.525911903423,0.5496791535188388,1328
1980,1347.525911903423,0.5496791535188388,1328
1981,1347.525911903423,0.5496791535188388,1328
1982,1347.525911903423,0.5496791535188388,1328
1983,1347.525911903423,0.5496791535188388,1328
1984,1347.525911903423,0.5496791535188388,1328
1985,1347.525911903423,0.5496791535188388,1328
1986,1347.525911903423,0.5496791535188388,1328
1987,1347.525911903423,0.5496791535188388,1328
1988,1347.525911903423,0.5496791535188388,1328
1989,1347.525911903423,0.5496791535188388,1328
1990,1347.525911903423,0.5496791535188388,1328
1991,1347.525911903423,0.5496791535188388,1328
1992,1347.525911903423,0.5496791535188388,1328
1993,1347.525911903423,0.5496791535188388,1328
1994,1347.525911903423,0.5496791535188388,1328
1995,1347.525911903423,0.5496791535188388,1328
1996,1347.525911903423,0.5496791535188388,1328
1997,1347.525911903423,0.5496791535188388,1328
1998,1347.525911903423,0.5496791535188388,1328
1999,1347.525911903423,0.5496791535188388,1328
2000,1347.525911903423,0.5496791535188388,1328
2001,1347.525911903423,0.5496791535188388,1328
2002,1347.525911903423,0.5496791535188388,1328
2003,1347.525911903423,0.5496791535188388,1328
2004,1347.525911903423,0.5496791535188388,1328
2005,1347.525911903423,0.5496791535188388,1328
2006,1347.525911903423,0.5496791535188388,1328
2007,1347.525911903423,0.5496791535188388,1328
2008,1347.525911903423,0.5496791535188388,1328
2009,1347.525911903423,0.5496791535188388,1328
2010,1347.525911903423,0.5496791535188388,1328
2011,1347.525911903423,0.5496791535188388,1328
2012,1347.525911903423,0.5496791535188388,1328
2013,1347.525911903423,0.5496791535188388,1328
2014,1347.525911903423,0.5496791535188388,1328
2015,1347.525911903423,0.5496791535188388,1328
2016,1347.525911903423,0.5496791535188388,1328
2017,1347.525911903423,0.5496791535188388,1328
2018,1347.525911903423,0.5496791535188388,1328
2019,1347.525911903423,0.5496791535188388,1328
2020,1347.525911903423,0.5496791535188388,1328
2021,1347.525911903423,0.5496791535188388,1328
2022,1347.525911903423,0.5496791535188388,1328
2023,1347.525911903423,0.5496791535188388,1328
2024,1347.525911903423,0.5496791535188388,1328
2025,1347.525911903423,0.5496791535188388,1328
2026,1347.525911903423,0.5496791535188388,1328
2027,1347.525911903423,0.5496791535188388,1328
2028,1347.525911903423,0.5496791535188388,1328
2029,1347.525911903423,0.5496791535188388,1328
2030,1347.525911903423,0.5496791535188388,1328
2031,1347.525911903423,0.5496791535188388,1328
2032,1347.525911903423,0.5496791535188388,1328
2033,1347.525911903423,0.5496791535188388,1328
2034,1347.525911903423,0.5496791535188388,1328
2035,1347.525911903423,0.5496791535188388,1328
2036,1347.525911903423,0.5496791535188388,1328
2037,1347.525911903423,0.5496791535188388,1328
2038,1347.525911903423,0.5496791535188388,1328
2039,1347.525911903423,0.5496791535188388,1328
2040,1347.525911903423,0.5496791535188388,1328
2041,1347.525911903423,0.5496791535188388,1328
2042,1347.525911903423,0.5496791535188388,1328
2043,1347.525911903423,0.5496791535188388,1328
2044,1347.525911903423,0.5496791535188388,1328
2045,1347.525911903423,0.5496791535188388,1328
2046,1347.525911903423,0.5496791535188388,1328
2047,1347.525911903423,0.5496791535188388,1328
2048,1347.525911903423,0.5496791535188388,1328
2049,1347.525911903423,0.5496791535188388,1328
2050,1347.525911903423,0.5496791535188388,1328
2051,1347.525911903423,0.5496791535188388,1328
2052,1347.525911903423,0.5496791535188388,1328
2053,1347.525911903423,0.5496791535188388,1328
2054,1347.525911903423,0.5496791535188388,1328
2055,1347.525911903423,0.5496791535188388,1328
2056,1347.525911903423,0.5496791535188388,1328
2057,1347.525911903423,0.5496791535188388,1328
2058,1347.525911903423,0.5496791535188388,1328
2059,1347.525911903423,0.5496791535188388,1328
2060,1347.525911903423,0.5496791535188388,1328
2061,1347.525911903423,0.5496791535188388,1328
2062,1347.525911903423,0.5496791535188388,1328
2063,1347.525911903423,0.5496791535188388,1328
2064,1347.525911903423,0.5496791535188388,1328
2065,1347.525911903423,0.5496791535188388,1328
2066,1347.525911903423,0.5496791535188388,1328
2067,1347.525911903423,0.5496791535188388,1328
2068,1347.525911903423,0.5496791535188388,1328
2069,1347.525911903423,0.5496791535188388,1328
2070,1347.525911903423,0.5496791535188388,1328
2071,1347.525911903423,0.5496791535188388,1328
2072,1347.525911903423,0.5496791535188388,1328
2073,1347.525911903423,0.5496791535188388,1328
2074,1347.525911903423,0.5496791535188388,1328
2075,1347.525911903423,0.5496791535188388,1328
2076,1347.525911903423,0.5496791535188388,1328
2077,1347.525911903423,0.5496791535188388,1328
2078,1347.525911903423,0.5496791535188388,1328
2079,1347.525911903423,0.5496791535188388,1328
2080,1347.525911903423,0.5496791535188388,1328
2081,1347.525911903423,0.5496791535188388,1328
2082,1347.525911903423,0.5496791535188388,1328
2083,1347.525911903423,0.5496791535188388,1328
2084,1347.525911903423,0.5496791535188388,1328
2085,1347.525911903423,0.5496791535188388,1328
2086,1347.525911903423,0.5496791535188388,1328
2087,1347.525911903423,0.5496791535188388,1328
2088,1347.525911903423,0.5496791535188388,1328
2089,1347.525911903423,0.5496791535188388,1328
2090,1347.525911903423,0.5496791535188388,1328
2091,1347.525911903423,0.5496791535188388,1328
2092,1347.525911903423,0.5496791535188388,1328
2093,1347.525911903423,0.5496791535188388,1328
2094,1347.525911903423,0.5496791535188388,1328
2095,1347.525911903423,0.5496791535188388,1328
2096,1347.525911903423,0.5496791535188388,1328
2097,1347.525911903423,0.5496791535188388,1328
2098,1347.525911903423,0.5496791535188388,1328
2099,1347.525911903423,0.5496791535188388,1328
2100,1347.525911903423,0.5496791535188388,1328
2101,1347.525911903423,0.5496791535188388,1328
2102,1347.525911903423,0.5496791535188388,1328
2103,1347.525911903423,0.5496791535188388,1328
2104,1347.525911903423,0.5496791535188388,1328
2105,1347.525911903423,0.5496791535188388,1328
2106,1347.525911903423,0.5496791535188388,1328
2107,1347.525911903423,0.5496791535188388,1328
2108,1347.525911903423,0.5496791535188388,1328
2109,1347.525911903423,0.5496791535188388,1328
2110,1347.525911903423,0.5496791535188388,1328
2111,1347.525911903423,0.5496791535188388,1328
2112,1347.525911903423,0.5496791535188388,1328
2113,1347.525911903423,0.5496791535188388,1328
2114,1347.525911903423,0.5496791535188388,1328
2115,1347.525911903423,0.5496791535188388,1328
2116,1347.525911903423,0.5496791535188388,1328
2117,1347.525911903423,0.5496791535188388,1328
2118,1347.525911903423,0.5496791535188388,1328
2119,1347.525911903423,0.5496791535188388,1328
2120,1347.525911903423,0.5496791535188388,1328
2121,1347.525911903423,0.5496791535188388,1328
2122,1347.525911903423,0.5496791535188388,1328
2123,1347.525911903423,0.5496791535188388,1328
2124,1347.525911903423,0.5496791535188388,1328
2125,1347.525911903423,0.5496791535188388,1328
2126,1347.525911903423,0.5496791535188388,1328
2127,1347.525911903423,0.5496791535188388,1328
2128,1347.525911903423,0.5496791535188388,1328
2129,1347.525911903423,0.5496791535188388,1328
2130,1347.525911903423,0.5496791535188388,1328
2131,1347.525911903423,0.5496791535188388,1328
2132,1347.525911903423,0.5496791535188388,1328
2133,1347.525911903423,0.5496791535188388,1328
2134,1347.525911903423,0.5496791535188388,1328
2135,1347.525911903423,0.5496791535188388,1328
2136,1347.525911903423,0.5496791535188388,1328
2137,1347.525911903423,0.5496791535188388,1328
2138,1347.525911903423,0.5496791535188388,1328
2139,1347.525911903423,0.5496791535188388,1328
2140,1347.525911903423,0.5496791535188388,1328
2141,1347.525911903423,0.5496791535188388,1328
2142,1347.525911903423,0.5496791535188388,1328
2143,1347.525911903423,0.5496791535188388,1328
2144,1347.525911903423,0.5496791535188388,1328
2145,1347.525911903423,0.5496791535188388,1328
2146,1347.525911903423,0.5496791535188388,1328
2147,1347.525911903423,0.5496791535188388,1328
2148,1347.525911903423,0.5496791535188388,1328
2149,1347.525911903423,0.5496791535188388,1328
2150,1347.525911903423,0.5496791535188388,1328
2151,1347.525911903423,0.5496791535188388,1328
2152,1347.525911903423,0.5496791535188388,1328
2153,1347.525911903423,0.5496791535188388,1328
2154,1347.525911903423,0.5496791535188388,1328
2155,1347.525911903423,0.5496791535188388,1328
2156,1347.525911903423,0.5496791535188388,1328
2157,1347.525911903423,0.5496791535188388,1328
2158,1347.525911903423,0.5496791535188388,1328
2159,1347.525911903423,0.5496791535188388,1328
2160,1347.525911903423,0.5496791535188388,1328
2161,1347.525911903423,0.5496791535188388,1328
2162,1347.525911903423,0.5496791535188388,1328
2163,1347.525911903423,0.5496791535188388,1328
2164,1347.525911903423,0.5496791535188388,1328
2165,1347.525911903423,0.5496791535188388,1328
2166,1347.525911903423,0.5496791535188388,1328
2167,1347.525911903423,0.5496791535188388,1328
2168,1347.525911903423,0.5496791535188388,1328
2169,1347.525911903423,0.5496791535188388,1328
2170,1347.525911903423,0.5496791535188388,1328
2171,1347.525911903423,0.5496791535188388,1328
2172,1347.525911903423,0.5496791535188388,1328
2173,1347.525911903423,0.5496791535188388,1328
2174,1347.525911903423,0.5496791535188388,1328
2175,1347.525911903423,0.5496791535188388,1328
2176,1347.525911903423,0.5496791535188388,1328
2177,1347.525911903423,0.5496791535188388,1328
2178,1347.525911903423,0.5496791535188388,1328
2179,1347.525911903423,0.5496791535188388,1328
2180,1347.525911903423,0.5496791535188388,1328
2181,1347.525911903423,0.5496791535188388,1328
2182,1347.525911903423,0.5496791535188388,1328
2183,1347.525911903423,0.5496791535188388,1328
2184,1347.525911903423,0.5496791535188388,1328
2185,1347.525911903423,0.5496791535188388,1328
2186,1347.525911903423,0.5496791535188388,1328
2187,1347.525911903423,0.5496791535188388,1328
2188,1347.525911903423,0.5496791535188388,1328
2189,1347.525911903423,0.5496791535188388,1328
2190,1347.525911903423,0.5496791535188388,1328
2191,1347.525911903423,0.5496791535188388,1328
2192,1347.525911903423,0.5496791535188388,1328
2193,1347.525911903423,0.5496791535188388,1328
2194,1347.525911903423,0.5496791535188388,1328
2195,1347.525911903423,0.5496791535188388,1328
2196,1347.525911903423,0.5496791535188388,1328
2197,1347.525911903423,0.5496791535188388,1328
2198,1347.525911903423,0.5496791535188388,1328
2199,1347.525911903423,0.5496791535188388,1328
2200,1347.525911903423,0.5496791535188388,1328
2201,1347.525911903423,0.5496791535188388,1328
2202,1347.525911903423,0.5496791535188388,1328
2203,1347.525911903423,0.5496791535188388,1328
2204,1347.525911903423,0.5496791535188388,1328
2205,1347.525911903423,0.5496791535188388,1328
2206,1347.525911903423,0.5496791535188388,1328
2207,1347.525911903423,0.5496791535188388,1328
2208,1347.525911903423,0.5496791535188388,1328
2209,1347.525911903423,0.5496791535188388,1328
2210,1347.525911903423,0.5496791535188388,1328
2211,1347.525911903423,0.5496791535188388,1328
2212,1347.525911903423,0.5496791535188388,1328
2213,1347.525911903423,0.5496791535188388,1328
2214,1347.525911903423,0.5496791535188388,1328
2215,1347.525911903423,0.5496791535188388,1328
2216,1347.525911903423,0.5496791535188388,1328
2217,1347.525911903423,0.5496791535188388,1328
2218,1347.525911903423,0.5496791535188388,1328
2219,1347.525911903423,0.5496791535188388,1328
2220,1347.525911903423,0.5496791535188388,1328
2221,1347.525911903423,0.5496791535188388,1328
2222,1347.525911903423,0.5496791535188388,1328
2223,1347.525911903423,0.5496791535188388,1328
2224,1347.525911903423,0.5496791535188388,1328
2225,1347.525911903423,0.5496791535188388,1328
2226,1347.525911903423,0.5496791535188388,1328
2227,1347.525911903423,0.5496791535188388,1328
2228,1347.525911903423,0.5496791535188388,1328
2229,1347.525911903423,0.5496791535188388,1328
2230,1347.525911903423,0.5496791535188388,1328
2231,1347.525911903423,0.5496791535188388,1328
2232,1347.525911903423,0.5496791535188388,1328
2233,1347.525911903423,0.5496791535188388,1328
2234,1347.525911903423,0.5496791535188388,1328
2235,1347.525911903423,0.5496791535188388,1328
2236,1347.525911903423,0.5496791535188388,1328
2237,1347.525911903423,0.5496791535188388,1328
2238,1347.525911903423,0.5496791535188388,1328
2239,1347.525911903423,0.5496791535188388,1328
2240,1347.525911903423,0.5496791535188388,1328
2241,1347.525911903423,0.5496791535188388,1328
2242,1347.525911903423,0.5496791535188388,1328
2243,1347.525911903423,0.5496791535188388,1328
2244,1347.525911903423,0.5496791535188388,1328
2245,1347.525911903423,0.5496791535188388,1328
2246,1347.525911903423,0.5496791535188388,1328
2247,1347.525911903423,0.5496791535188388,1328
2248,1347.525911903423,0.5496791535188388,1328
2249,1347.525911903423,0.5496791535188388,1328
2250,1347.525911903423,0.5496791535188388,1328
2251,1347.525911903423,0.5496791535188388,1328
2252,1347.525911903423,0.5496791535188388,1328
2253,1347.525911903423,0.5496791535188388,1328
2254,1347.525911903423,0.5496791535188388,1328
2255,1347.525911903423,0.5496791535188388,1328
2256,1347.525911903423,0.5496791535188388,1328
2257,1347.525911903423,0.5496791535188388,1328
2258,1347.525911903423,0.5496791535188388,1328
2259,1347.525911903423,0.5496791535188388,1328
2260,1347.525911903423,0.5496791535188388,1328
2261,1347.525911903423,0.5496791535188388,1328
2262,1347.525911903423,0.5496791535188388,1328
2263,1347.525911903423,0.5496791535188388,1328
2264,1347.525911903423,0.5496791535188388,1328
2265,1347.525911903423,0.5496791535188388,1328
2266,1347.525911903423,0.5496791535188388,1328
2267,1347.525911903423,0.5496791535188388,1328
2268,1347.525911903423,0.5496791535188388,1328
2269,1347.525911903423,0.5496791535188388,1328
2270,1347.525911903423,0.5496791535188388,1328
2271,1347.525911903423,0.5496791535188388,1328
2272,1347.525911903423,0.5496791535188388,1328
2273,1347.525911903423,0.5496791535188388,1328
2274,1347.525911903423,0.5496791535188388,1328
2275,1347.525911903423,0.5496791535188388,1328
2276,1347.525911903423,0.5496791535188388,1328
2277,1347.525911903423,0.5496791535188388,1328
2278,1347.525911903423,0.5496791535188388,1328
2279,1347.525911903423,0.5496791535188388,1328
2280,1347.525911903423,0.5496791535188388,1328
2281,1347.525911903423,0.5496791535188388,1328
2282,1347.525911903423,0.5496791535188388,1328
2283,1347.525911903423,0.5496791535188388,1328
2284,1347.525911903423,0.5496791535188388,1328
2285,1347.525911903423,0.5496791535188388,1328
2286,1347.525911903423,0.5496791535188388,1328
2287,1347.525911903423,0.5496791535188388,1328
2288,1347.525911903423,0.5496791535188388,1328
2289,1347.525911903423,0.5496791535188388,1328
2290,1347.525911903423,0.5496791535188388,1328
2291,1347.525911903423,0.5496791535188388,1328
2292,1347.525911903423,0.5496791535188388,1328
2293,1347.525911903423,0.5496791535188388,1328
2294,1347.525911903423,0.5496791535188388,1328
2295,1347.525911903423,0.5496791535188388,1328
2296,1347.525911903423,0.5496791535188388,1328
2297,1347.525911903423,0.5496791535188388,1328
2298,1347.525911903423,0.5496791535188388,1328
2299,1347.525911903423,0.5496791535188388,1328
2300,1347.525911903423,0.5496791535188388,1328
2301,1347.525911903423,0.5496791535188388,1328
2302,1347.525911903423,0.5496791535188388,1328
2303,1347.525911903423,0.5496791535188388,1328
2304,1347.525911903423,0.5496791535188388,1328
2305,1347.525911903423,0.5496791535188388,1328
2306,1347.525911903423,0.5496791535188388,1328
2307,1347.525911903423,0.5496791535188388,1328
2308,1347.525911903423,0.5496791535188388,1328
2309,1347.525911903423,0.5496791535188388,1328
2310,1347.525911903423,0.5496791535188388,1328
2311,1347.525911903423,0.5496791535188388,1328
2312,1347.525911903423,0.5496791535188388,1328
2313,1347.525911903423,0.5496791535188388,1328
2314,1347.525911903423,0.5496791535188388,1328
2315,1347.525911903423,0.5496791535188388,1328
2316,1347.525911903423,0.5496791535188388,1328
2317,1347.525911903423,0.5496791535188388,1328
2318,1347.525911903423,0.5496791535188388,1328
2319,1347.525911903423,0.5496791535188388,1328
2320,1347.525911903423,0.5496791535188388,1328
2321,1347.525911903423,0.5496791535188388,1328
2322,1347.525911903423,0.5496791535188388,1328
2323,1347.525911903423,0.5496791535188388,1328
2324,1347.525911903423,0.5496791535188388,1328
2325,1347.525911903423,0.5496791535188388,1328
2326,1347.525911903423,0.5496791535188388,1328
2327,1347.525911903423,0.5496791535188388,1328
2328,1347.525911903423,0.5496791535188388,1328
2329,1347.525911903423,0.5496791535188388,1328
2330,1347.525911903423,0.5496791535188388,1328
2331,1347.525911903423,0.5496791535188388,1328
2332,1347.525911903423,0.5496791535188388,1328
2333,1347.525911903423,0.5496791535188388,1328
2334,1347.525911903423,0.5496791535188388,1328
2335,1347.525911903423,0.5496791535188388,1328
2336,1347.525911903423,0.5496791535188388,1328
2337,1347.525911903423,0.5496791535188388,1328
2338,1347.525911903423,0.5496791535188388,1328
2339,1347.525911903423,0.5496791535188388,1328
2340,1347.525911903423,0.5496791535188388,1328
2341,1347.525911903423,0.5496791535188388,1328
2342,1347.525911903423,0.5496791535188388,1328
2343,1347.525911903423,0.5496791535188388,1328
2344,1347.525911903423,0.5496791535188388,1328
2345,1347.525911903423,0.5496791535188388,1328
2346,1347.525911903423,0.5496791535188388,1328
2347,1347.525911903423,0.5496791535188388,1328
2348,1347.525911903423,0.5496791535188388,1328
2349,1347.525911903423,0.5496791535188388,1328
2350,1347.525911903423,0.5496791535188388,1328
2351,1347.525911903423,0.5496791535188388,1328
2352,1347.525911903423,0.5496791535188388,1328
2353,1347.525911903423,0.5496791535188388,1328
2354,1347.525911903423,0.5496791535188388,1328
2355,1347.525911903423,0.5496791535188388,1328
2356,1347.525911903423,0.5496791535188388,1328
2357,1347.525911903423,0.5496791535188388,1328
2358,1347.525911903423,0.5496791535188388,1328
2359,1347.525911903423,0.5496791535188388,1328
2360,1347.525911903423,0.5496791535188388,1328
2361,1347.525911903423,0.5496791535188388,1328
2362,1347.525911903423,0.5496791535188388,1328
2363,1347.525911903423,0.5496791535188388,1328
2364,1347.525911903423,0.5496791535188388,1328
2365,1347.525911903423,0.5496791535188388,1328
2366,1347.525911903423,0.5496791535188388,1328
2367,1347.525911903423,0.5496791535188388,1328
2368,1347.525911903423,0.5496791535188388,1328
2369,1347.525911903423,0.5496791535188388,1328
2370,1347.525911903423,0.5496791535188388,1328
2371,1347.525911903423,0.5496791535188388,1328
2372,1347.525911903423,0.5496791535188388,1328
2373,1347.525911903423,0.5496791535188388,1328
2374,1347.525911903423,0.5496791535188388,1328
2375,1347.525911903423,0.5496791535188388,1328
2376,1347.525911903423,0.5496791535188388,1328
2377,1347.525911903423,0.5496791535188388,1328
2378,1347.525911903423,0.5496791535188388,1328
2379,1347.525911903423,0.5496791535188388,1328
2380,1347.525911903423,0.5496791535188388,1328
2381,1347.525911903423,0.5496791535188388,1328
2382,1347.525911903423,0.5496791535188388,1328
2383,1347.525911903423,0.5496791535188388,1328
2384,1347.525911903423,0.5496791535188388,1328
2385,1347.525911903423,0.5496791535188388,1328
2386,1347.525911903423,0.5496791535188388,1328
2387,1347.525911903423,0.5496791535188388,1328
2388,1347.525911903423,0.5496791535188388,1328
2389,1347.525911903423,0.5496791535188388,1328
2390,1347.525911903423,0.5496791535188388,1328
2391,1347.525911903423,0.5496791535188388,1328
2392,1347.525911903423,0.5496791535188388,1328
2393,1347.525911903423,0.5496791535188388,1328
2394,1347.525911903423,0.5496791535188388,1328
2395,1347.525911903423,0.5496791535188388,1328
2396,1347.525911903423,0.5496791535188388,1328
2397,1347.525911903423,0.5496791535188388,1328
2398,1347.525911903423,0.5496791535188388,1328
2399,1347.525911903423,0.5496791535188388,1328
2400,1347.525911903423,0.5496791535188388,1328
2401,1347.525911903423,0.5496791535188388,1328
2402,1347.525911903423,0.5496791535188388,1328
2403,1347.525911903423,0.5496791535188388,1328
2404,1347.525911903423,0.5496791535188388,1328
2405,1347.525911903423,0.5496791535188388,1328
2406,1347.525911903423,0.5496791535188388,1328
2407,1347.525911903423,0.5496791535188388,1328
2408,1347.525911903423,0.5496791535188388,1328
2409,1347.525911903423,0.5496791535188388,1328
2410,1347.525911903423,0.5496791535188388,1328
2411,1347.525911903423,0.5496791535188388,1328
2412,1347.525911903423,0.5496791535188388,1328
2413,1347.525911903423,0.5496791535188388,1328
2414,1347.525911903423,0.5496791535188388,1328
2415,1347.525911903423,0.5496791535188388,1328
2416,1347.525911903423,0.5496791535188388,1328
2417,1347.525911903423,0.5496791535188388,1328
2418,1347.525911903423,0.5496791535188388,1328
2419,1347.525911903423,0.5496791535188388,1328
2420,1347.525911903423,0.5496791535188388,1328
2421,1347.525911903423,0.5496791535188388,1328
2422,1347.525911903423,0.5496791535188388,1328
2423,1347.525911903423,0.5496791535188388,1328
2424,1347.525911903423,0.5496791535188388,1328
2425,1347.525911903423,0.5496791535188388,1328
2426,1347.525911903423,0.5496791535188388,1328
2427,1347.525911903423,0.5496791535188388,1328
2428,1347.525911903423,0.5496791535188388,1328
2429,1347.525911903423,0.5496791535188388,1328
2430,1347.525911903423,0.5496791535188388,1328
2431,1347.525911903423,0.5496791535188388,1328
2432,1347.525911903423,0.5496791535188388,1328
2433,1347.525911903423,0.5496791535188388,1328
2434,1347.525911903423,0.5496791535188388,1328
2435,1347.525911903423,0.5496791535188388,1328
2436,1347.525911903423,0.5496791535188388,1328
2437,1347.525911903423,0.5496791535188388,1328
2438,1347.525911903423,0.5496791535188388,1328
2439,1347.525911903423,0.5496791535188388,1328
2440,1347.525911903423,0.5496791535188388,1328
2441,1347.525911903423,0.5496791535188388,1328
2442,1347.525911903423,0.5496791535188388,1328
2443,1347.525911903423,0.5496791535188388,1328
2444,1347.525911903423,0.5496791535188388,1328
2445,1347.525911903423,0.5496791535188388,1328
2446,1347.525911903423,0.5496791535188388,1328
2447,1347.525911903423,0.5496791535188388,1328
2448,1347.525911903423,0.5496791535188388,1328
2449,1347.525911903423,0.5496791535188388,1328
2450,1347.525911903423,0.5496791535188388,1328
2451,1347.525911903423,0.5496791535188388,1328
2452,1347.525911903423,0.5496791535188388,1328
2453,1347.525911903423,0.5496791535188388,1328
2454,1347.525911903423,0.5496791535188388,1328
2455,1347.525911903423,0.5496791535188388,1328
2456,1347.525911903423,0.5496791535188388,1328
2457,1347.525911903423,0.5496791535188388,1328
2458,1347.525911903423,0.5496791535188388,1328
2459,1347.525911903423,0.5496791535188388,1328
2460,1347.525911903423,0.5496791535188388,1328
2461,1347.525911903423,0.5496791535188388,1328
2462,1347.525911903423,0.5496791535188388,1328
2463,1347.525911903423,0.5496791535188388,1328
2464,1347.525911903423,0.5496791535188388,1328
2465,1347.525911903423,0.5496791535188388,1328
2466,1347.525911903423,0.5496791535188388,1328
2467,1347.525911903423,0.5496791535188388,1328
2468,1347.525911903423,0.5496791535188388,1328
2469,1347.525911903423,0.5496791535188388,1328
2470,1347.525911903423,0.5496791535188388,1328
2471,1347.525911903423,0.5496791535188388,1328
2472,1347.525911903423,0.5496791535188388,1328
2473,1347.525911903423,0.5496791535188388,1328
2474,1347.525911903423,0.5496791535188388,1328
2475,1347.525911903423,0.5496791535188388,1328
2476,1347.525911903423,0.5496791535188388,1328
2477,1347.525911903423,0.5496791535188388,1328
2478,1347.525911903423,0.5496791535188388,1328
2479,1347.525911903423,0.5496791535188388,1328
2480,1347.525911903423,0.5496791535188388,1328
2481,1347.525911903423,0.5496791535188388,1328
2482,1347.525911903423,0.5496791535188388,1328
2483,1347.525911903423,0.5496791535188388,1328
2484,1347.525911903423,0.5496791535188388,1328
2485,1347.525911903423,0.5496791535188388,1328
2486,1347.525911903423,0.5496791535188388,1328
2487,1347.525911903423,0.5496791535188388,1328
2488,1347.525911903423,0.5496791535188388,1328
2489,1347.525911903423,0.5496791535188388,1328
2490,1347.525911903423,0.5496791535188388,1328
2491,1347.525911903423,0.5496791535188388,1328
2492,1347.525911903423,0.5496791535188388,1328
2493,1347.525911903423,0.5496791535188388,1328
2494,1347.525911903423,0.5496791535188388,1328
2495,1347.525911903423,0.5496791535188388,1328
2496,1347.525911903423,0.5496791535188388,1328
2497,1347.525911903423,0.5496791535188388,1328
2498,1347.525911903423,0.5496791535188388,1328
2499,1347.525911903423,0.5496791535188388,1328
2500,1347.525911903423,0.5496791535188388,1328
2501,1347.525911903423,0.5496791535188388,1328
2502,1347.525911903423,0.5496791535188388,1328
2503,1347.525911903423,0.5496791535188388,1328
2504,1347.525911903423,0.5496791535188388,1328
2505,1347.525911903423,0.5496791535188388,1328
2506,1347.525911903423,0.5496791535188388,1328
2507,1347.525911903423,0.5496791535188388,1328
2508,1347.525911903423,0.5496791535188388,1328
2509,1347.525911903423,0.5496791535188388,1328
2510,1347.525911903423,0.5496791535188388,1328
2511,1347.525911903423,0.5496791535188388,1328
2512,1347.525911903423,0.5496791535188388,1328
2513,1347.525911903423,0.5496791535188388,1328
2514,1347.525911903423,0.5496791535188388,1328
2515,1347.525911903423,0.5496791535188388,1328
2516,1347.525911903423,0.5496791535188388,1328
2517,1347.525911903423,0.5496791535188388,1328
2518,1347.525911903423,0.5496791535188388,1328
2519,1347.525911903423,0.5496791535188388,1328
2520,1347.525911903423,0.5496791535188388,1328
2521,1347.525911903423,0.5496791535188388,1328
2522,1347.525911903423,0.5496791535188388,1328
2523,1347.525911903423,0.5496791535188388,1328
2524,1347.525911903423,0.5496791535188388,1328
2525,1347.525911903423,0.5496791535188388,1328
2526,1347.525911903423,0.5496791535188388,1328
2527,1347.525911903423,0.5496791535188388,1328
2528,1347.525911903423,0.5496791535188388,1328
2529,1347.525911903423,0.5496791535188388,1328
2530,1347.525911903423,0.5496791535188388,1328
2531,1347.525911903423,0.5496791535188388,1328
2532,1347.525911903423,0.5496791535188388,1328
2533,1347.525911903423,0.5496791535188388,1328
2534,1347.525911903423,0.5496791535188388,1328
2535,1347.525911903423,0.5496791535188388,1328
2536,1347.525911903423,0.5496791535188388,1328
2537,1347.525911903423,0.5496791535188388,1328
2538,1347.525911903423,0.5496791535188388,1328
2539,1347.525911903423,0.5496791535188388,1328
2540,1347.525911903423,0.5496791535188388,1328
2541,1347.525911903423,0.5496791535188388,1328
2542,1347.525911903423,0.5496791535188388,1328
2543,1347.525911903423,0.5496791535188388,1328
2544,1347.525911903423,0.5496791535188388,1328
2545,1347.525911903423,0.5496791535188388,1328
2546,1347.525911903423,0.5496791535188388,1328
2547,1347.525911903423,0.5496791535188388,1328
2548,1347.525911903423,0.5496791535188388,1328
2549,1347.525911903423,0.5496791535188388,1328
2550,1347.525911903423,0.5496791535188388,1328
2551,1347.525911903423,0.5496791535188388,1328
2552,1347.525911903423,0.5496791535188388,1328
2553,1347.525911903423,0.5496791535188388,1328
2554,1347.525911903423,0.5496791535188388,1328
2555,1347.525911903423,0.5496791535188388,1328
2556,1347.525911903423,0.5496791535188388,1328
2557,1347.525911903423,0.5496791535188388,1328
2558,1347.525911903423,0.5496791535188388,1328
2559,1347.525911903423,0.5496791535188388,1328
2560,1347.525911903423,0.5496791535188388,1328
2561,1347.525911903423,0.5496791535188388,1328
2562,1347.525911903423,0.5496791535188388,1328
2563,1347.525911903423,0.5496791535188388,1328
2564,1347.525911903423,0.5496791535188388,1328
2565,1347.525911903423,0.5496791535188388,1328
2566,1347.525911903423,0.5496791535188388,1328
2567,1347.525911903423,0.5496791535188388,1328
2568,1347.525911903423,0.5496791535188388,1328
2569,1347.525911903423,0.5496791535188388,1328
2570,1347.525911903423,0.5496791535188388,1328
2571,1347.525911903423,0.5496791535188388,1328
2572,1347.525911903423,0.5496791535188388,1328
2573,1347.525911903423,0.5496791535188388,1328
2574,1347.525911903423,0.5496791535188388,1328
2575,1347.525911903423,0.5496791535188388,1328
2576,1347.525911903423,0.5496791535188388,1328
2577,1347.525911903423,0.5496791535188388,1328
2578,1347.525911903423,0.5496791535188388,1328
2579,1347.525911903423,0.5496791535188388,1328
2580,1347.525911903423,0.5496791535188388,1328
2581,1347.525911903423,0.5496791535188388,1328
2582,1347.525911903423,0.5496791535188388,1328
2583,1347.525911903423,0.5496791535188388,1328
2584,1347.525911903423,0.5496791535188388,1328
2585,1347.525911903423,0.5496791535188388,1328
2586,1347.525911903423,0.5496791535188388,1328
2587,1347.525911903423,0.5496791535188388,1328
2588,1347.525911903423,0.5496791535188388,1328
2589,1347.525911903423,0.5496791535188388,1328
2590,1347.525911903423,0.5496791535188388,1328
2591,1347.525911903423,0.5496791535188388,1328
2592,1347.525911903423,0.5496791535188388,1328
2593,1347.525911903423,0.5496791535188388,1328
2594,1347.525911903423,0.5496791535188388,1328
2595,1347.525911903423,0.5496791535188388,1328
2596,1347.525911903423,0.5496791535188388,1328
2597,1347.525911903423,0.5496791535188388,1328
2598,1347.525911903423,0.5496791535188388,1328
2599,1347.525911903423,0.5496791535188388,1328
2600,1347.525911903423,0.5496791535188388,1328
2601,1347.525911903423,0.5496791535188388,1328
2602,1347.525911903423,0.5496791535188388,1328
2603,1347.525911903423,0.5496791535188388,1328
2604,1347.525911903423,0.5496791535188388,1328
2605,1347.525911903423,0.5496791535188388,1328
2606,1347.525911903423,0.5496791535188388,1328
2607,1347.525911903423,0.5496791535188388,1328
2608,1347.525911903423,0.5496791535188388,1328
2609,1347.525911903423,0.5496791535188388,1328
2610,1347.525911903423,0.5496791535188388,1328
2611,1347.525911903423,0.5496791535188388,1328
2612,1347.525911903423,0.5496791535188388,1328
2613,1347.525911903423,0.5496791535188388,1328
2614,1347.525911903423,0.5496791535188388,1328
2615,1347.525911903423,0.5496791535188388,1328
2616,1347.525911903423,0.5496791535188388,1328
2617,1347.525911903423,0.5496791535188388,1328
2618,1347.525911903423,0.5496791535188388,1328
2619,1347.525911903423,0.5496791535188388,1328
2620,1347.525911903423,0.5496791535188388,1328
2621,1347.525911903423,0.5496791535188388,1328
2622,1347.525911903423,0.5496791535188388,1328
2623,1347.525911903423,0.5496791535188388,1328
2624,1347.525911903423,0.5496791535188388,1328
2625,1347.525911903423,0.5496791535188388,1328
2626,1347.525911903423,0.5496791535188388,1328
2627,1347.525911903423,0.5496791535188388,1328
2628,1347.525911903423,0.5496791535188388,1328
2629,1347.525911903423,0.5496791535188388,1328
2630,1347.525911903423,0.5496791535188388,1328
2631,1347.525911903423,0.5496791535188388,1328
2632,1347.525911903423,0.5496791535188388,1328
2633,1347.525911903423,0.5496791535188388,1328
2634,1347.525911903423,0.5496791535188388,1328
2635,1347.525911903423,0.5496791535188388,1328
2636,1347.525911903423,0.5496791535188388,1328
2637,1347.525911903423,0.5496791535188388,1328
2638,1347.525911903423,0.5496791535188388,1328
2639,1347.525911903423,0.5496791535188388,1328
2640,1347.525911903423,0.5496791535188388,1328
2641,1347.525911903423,0.5496791535188388,1328
2642,1347.525911903423,0.5496791535188388,1328
2643,1347.525911903423,0.5496791535188388,1328
2644,1347.525911903423,0.5496791535188388,1328
2645,1347.525911903423,0.5496791535188388,1328
2646,1347.525911903423,0.5496791535188388,1328
2647,1347.525911903423,0.5496791535188388,1328
2648,1347.525911903423,0.5496791535188388,1328
2649,1347.525911903423,0.5496791535188388,1328
2650,1347.525911903423,0.5496791535188388,1328
2651,1347.525911903423,0.5496791535188388,1328
2652,1347.525911903423,0.5496791535188388,1328
2653,1347.525911903423,0.5496791535188388,1328
2654,1347.525911903423,0.5496791535188388,1328
2655,1347.525911903423,0.5496791535188388,1328
2656,1347.525911903423,0.5496791535188388,1328
2657,1347.525911903423,0.5496791535188388,1328
2658,1347.525911903423,0.5496791535188388,1328
2659,1347.525911903423,0.5496791535188388,1328
2660,1347.525911903423,0.5496791535188388,1328
2661,1347.525911903423,0.5496791535188388,1328
2662,1347.525911903423,0.5496791535188388,1328
2663,1347.525911903423,0.5496791535188388,1328
2664,1347.525911903423,0.5496791535188388,1328
2665,1347.525911903423,0.5496791535188388,1328
2666,1347.525911903423,0.5496791535188388,1328
2667,1347.525911903423,0.5496791535188388,1328
2668,1347.525911903423,0.5496791535188388,1328
2669,1347.525911903423,0.5496791535188388,1328
2670,1347.525911903423,0.5496791535188388,1328
2671,1347.525911903423,0.5496791535188388,1328
2672,1347.525911903423,0.5496791535188388,1328
2673,1347.525911903423,0.5496791535188388,1328
2674,1347.525911903423,0.5496791535188388,1328
2675,1347.525911903423,0.5496791535188388,1328
2676,1347.525911903423,0.5496791535188388,1328
2677,1347.525911903423,0.5496791535188388,1328
2678,1347.525911903423,0.5496791535188388,1328
2679,1347.525911903423,0.5496791535188388,1328
2680,1347.525911903423,0.5496791535188388,1328
2681,1347.525911903423,0.5496791535188388,1328
2682,1347.525911903423,0.5496791535188388,1328
2683,1347.525911903423,0.5496791535188388,1328
2684,1347.525911903423,0.5496791535188388,1328
2685,1347.525911903423,0.5496791535188388,1328
2686,1347.525911903423,0.5496791535188388,1328
2687,1347.525911903423,0.5496791535188388,1328
2688,1347.525911903423,0.5496791535188388,1328
2689,1347.525911903423,0.5496791535188388,1328
2690,1347.525911903423,0.5496791535188388,1328
2691,1347.525911903423,0.5496791535188388,1328
2692,1347.525911903423,0.5496791535188388,1328
2693,1347.525911903423,0.5496791535188388,1328
2694,1347.525911903423,0.5496791535188388,1328
2695,1347.525911903423,0.5496791535188388,1328
2696,1347.525911903423,0.5496791535188388,1328
2697,1347.525911903423,0.5496791535188388,1328
2698,1347.525911903423,0.5496791535188388,1328
2699,1347.525911903423,0.5496791535188388,1328
2700,1347.525911903423,0.5496791535188388,1328
2701,1347.525911903423,0.5496791535188388,1328
2702,1347.525911903423,0.5496791535188388,1328
2703,1347.525911903423,0.5496791535188388,1328
2704,1347.525911903423,0.5496791535188388,1328
2705,1347.525911903423,0.5496791535188388,1328
2706,1347.525911903423,0.5496791535188388,1328
2707,1347.525911903423,0.5496791535188388,1328
2708,1347.525911903423,0.5496791535188388,1328
2709,1347.525911903423,0.5496791535188388,1328
2710,1347.525911903423,0.5496791535188388,1328
2711,1347.525911903423,0.5496791535188388,1328
2712,1347.525911903423,0.5496791535188388,1328
2713,1347.525911903423,0.5496791535188388,1328
2714,1347.525911903423,0.5496791535188388,1328
2715,1347.525911903423,0.5496791535188388,1328
2716,1347.525911903423,0.5496791535188388,1328
2717,1347.525911903423,0.5496791535188388,1328
2718,1347.525911903423,0.5496791535188388,1328
2719,1347.525911903423,0.5496791535188388,1328
2720,1347.525911903423,0.5496791535188388,1328
2721,1347.525911903423,0.5496791535188388,1328
2722,1347.525911903423,0.5496791535188388,1328
2723,1347.525911903423,0.5496791535188388,1328
2724,1347.525911903423,0.5496791535188388,1328
2725,1347.525911903423,0.5496791535188388,1328
2726,1347.525911903423,0.5496791535188388,1328
2727,1347.525911903423,0.5496791535188388,1328
2728,1347.525911903423,0.5496791535188388,1328
2729,1347.525911903423,0.5496791535188388,1328
2730,1347.525911903423,0.5496791535188388,1328
2731,1347.525911903423,0.5496791535188388,1328
2732,1347.525911903423,0.5496791535188388,1328
2733,1347.525911903423,0.5496791535188388,1328
2734,1347.525911903423,0.5496791535188388,1328
2735,1347.525911903423,0.5496791535188388,1328
2736,1347.525911903423,0.5496791535188388,1328
2737,1347.525911903423,0.5496791535188388,1328
2738,1347.525911903423,0.5496791535188388,1328
2739,1347.525911903423,0.5496791535188388,1328
2740,1347.525911903423,0.5496791535188388,1328
2741,1347.525911903423,0.5496791535188388,1328
2742,1347.525911903423,0.5496791535188388,1328
2743,1347.525911903423,0.5496791535188388,1328
2744,1347.525911903423,0.5496791535188388,1328
2745,1347.525911903423,0.5496791535188388,1328
2746,1347.525911903423,0.5496791535188388,1328
2747,1347.525911903423,0.5496791535188388,1328
2748,1347.525911903423,0.5496791535188388,1328
2749,1347.525911903423,0.5496791535188388,1328
2750,1347.525911903423,0.5496791535188388,1328
2751,1347.525911903423,0.5496791535188388,1328
2752,1347.525911903423,0.5496791535188388,1328
2753,1347.525911903423,0.5496791535188388,1328
2754,1347.525911903423,0.5496791535188388,1328
2755,1347.525911903423,0.5496791535188388,1328
2756,1347.525911903423,0.5496791535188388,1328
2757,1347.525911903423,0.5496791535188388,1328
2758,1347.525911903423,0.5496791535188388,1328
2759,1347.525911903423,0.5496791535188388,1328
2760,1347.525911903423,0.5496791535188388,1328
2761,1347.525911903423,0.5496791535188388,1328
2762,1347.525911903423,0.5496791535188388,1328
2763,1347.525911903423,0.5496791535188388,1328
2764,1347.525911903423,0.5496791535188388,1328
2765,1347.525911903423,0.5496791535188388,1328
2766,1347.525911903423,0.5496791535188388,1328
2767,1347.525911903423,0.5496791535188388,1328
2768,1347.525911903423,0.5496791535188388,1328
2769,1347.525911903423,0.5496791535188388,1328
2770,1347.525911903423,0.5496791535188388,1328
2771,1347.525911903423,0.5496791535188388,1328
2772,1347.525911903423,0.5496791535188388,1328
2773,1347.525911903423,0.5496791535188388,1328
2774,1347.525911903423,0.5496791535188388,1328
2775,1347.525911903423,0.5496791535188388,1328
2776,1347.525911903423,0.5496791535188388,1328
2777,1347.525911903423,0.5496791535188388,1328
2778,1347.525911903423,0.5496791535188388,1328
2779,1347.525911903423,0.5496791535188388,1328
2780,1347.525911903423,0.5496791535188388,1328
2781,1347.525911903423,0.5496791535188388,1328
2782,1347.525911903423,0.5496791535188388,1328
2783,1347.525911903423,0.5496791535188388,1328
2784,1347.525911903423,0.5496791535188388,1328
2785,1347.525911903423,0.5496791535188388,1328
2786,1347.525911903423,0.5496791535188388,1328
2787,1347.525911903423,0.5496791535188388,1328
2788,1347.525911903423,0.5496791535188388,1328
2789,1347.525911903423,0.5496791535188388,1328
2790,1347.525911903423,0.5496791535188388,1328
2791,1347.525911903423,0.5496791535188388,1328
2792,1347.525911903423,0.5496791535188388,1328
2793,1347.525911903423,0.5496791535188388,1328
2794,1347.525911903423,0.5496791535188388,1328
2795,1347.525911903423,0.5496791535188388,1328
2796,1347.525911903423,0.5496791535188388,1328
2797,1347.525911903423,0.5496791535188388,1328
2798,1347.525911903423,0.5496791535188388,1328
2799,1347.525911903423,0.5496791535188388,1328
2800,1347.525911903423,0.5496791535188388,1328
2801,1347.525911903423,0.5496791535188388,1328
2802,1347.525911903423,0.5496791535188388,1328
2803,1347.525911903423,0.5496791535188388,1328
2804,1347.525911903423,0.5496791535188388,1328
2805,1347.525911903423,0.5496791535188388,1328
2806,1347.525911903423,0.5496791535188388,1328
2807,1347.525911903423,0.5496791535188388,1328
2808,1347.525911903423,0.5496791535188388,1328
2809,1347.525911903423,0.5496791535188388,1328
2810,1347.525911903423,0.5496791535188388,1328
2811,1347.525911903423,0.5496791535188388,1328
2812,1347.525911903423,0.5496791535188388,1328
2813,1347.525911903423,0.5496791535188388,1328
2814,1347.525911903423,0.5496791535188388,1328
2815,1347.525911903423,0.5496791535188388,1328
2816,1347.525911903423,0.5496791535188388,1328
2817,1347.525911903423,0.5496791535188388,1328
2818,1347.525911903423,0.5496791535188388,1328
2819,1347.525911903423,0.5496791535188388,1328
2820,1347.525911903423,0.5496791535188388,1328
2821,1347.525911903423,0.5496791535188388,1328
2822,1347.525911903423,0.5496791535188388,1328
2823,1347.525911903423,0.5496791535188388,1328
2824,1347.525911903423,0.5496791535188388,1328
2825,1347.525911903423,0.5496791535188388,1328
2826,1347.525911903423,0.5496791535188388,1328
2827,1347.525911903423,0.5496791535188388,1328
2828,1347.525911903423,0.5496791535188388,1328
2829,1347.525911903423,0.5496791535188388,1328
2830,1347.525911903423,0.5496791535188388,1328
2831,1353.5360307272401,0.5494457858108818,1334
2832,1353.5360307272401,0.5494457858108818,1334
2833,1353.5360307272401,0.5494457858108818,1334
2834,1353.5360307272401,0.5494457858108818,1334
2835,1353.5360307272401,0.5494457858108818,1334
2836,1353.5360307272401,0.5494457858108818,1334
2837,1353.5360307272401,0.5494457858108818,1334
2838,1353.5360307272401,0.5494457858108818,1334
2839,1353.5360307272401,0.5494457858108818,1334
2840,1353.5360307272401,0.5494457858108818,1334
2841,1353.5360307272401,0.5494457858108818,1334
2842,1353.5360307272401,0.5494457858108818,1334
2843,1353.5360307272401,0.5494457858108818,1334
2844,1353.5360307272401,0.5494457858108818,1334
2845,1353.5360307272401,0.5494457858108818,1334
2846,1353.5360307272401,0.5494457858108818,1334
2847,1353.5360307272401,0.5494457858108818,1334
2848,1353.5360307272401,0.5494457858108818,1334
2849,1353.5360307272401,0.5494457858108818,1334
2850,1353.5360307272401,0.5494457858108818,1334
2851,1353.5360307272401,0.5494457858108818,1334
2852,1353.5360307272401,0.5494457858108818,1334
2853,1353.5360307272401,0.5494457858108818,1334
2854,1353.5360307272401,0.5494457858108818,1334
2855,1353.5360307272401,0.5494457858108818,1334
2856,1353.5360307272401,0.5494457858108818,1334
2857,1353.5360307272401,0.5494457858108818,1334
2858,1353.5360307272401,0.5494457858108818,1334
2859,1353.5360307272401,0.5494457858108818,1334
2860,1353.5360307272401,0.5494457858108818,1334
2861,1353.5360307272401,0.5494457858108818,1334
2862,1353.5360307272401,0.5494457858108818,1334
2863,1353.5360307272401,0.5494457858108818,1334
2864,1353.5360307272401,0.5494457858108818,1334
2865,1353.5360307272401,0.5494457858108818,1334
2866,1353.5360307272401,0.5494457858108818,1334
2867,1353.5360307272401,0.5494457858108818,1334
2868,1347.525911903423,0.5496791535188388,1328
2869,1347.525911903423,0.5496791535188388,1328
2870,1347.525911903423,0.5496791535188388,1328
2871,1334.5036575747722,0.5501923991058071,1315
2872,1334.5036575747722,0.5501923991058071,1315
2873,1334.5036575747722,0.5501923991058071,1315
2874,1334.5036575747722,0.5501923991058071,1315
2875,1334.5036575747722,0.5501923991058071,1315
2876,1334.5036575747722,0.5501923991058071,1315
2877,1334.5036575747722,0.5501923991058071,1315
2878,1334.5036575747722,0.5501923991058071,1315
2879,1334.5036575747722,0.5501923991058071,1315
2880,1334.5036575747722,0.5501923991058071,1315
2881,1334.5036575747722,0.5501923991058071,1315
2882,1334.5036575747722,0.5501923991058071,1315
2883,1334.5036575747722,0.5501923991058071,1315
2884,1334.5036575747722,0.5501923991058071,1315
2885,1334.5036575747722,0.5501923991058071,1315
2886,1334.5036575747722,0.5501923991058071,1315
2887,1334.5036575747722,0.5501923991058071,1315
2888,1334.5036575747722,0.5501923991058071,1315
2889,1334.5036575747722,0.5501923991058071,1315
2890,1334.5036575747722,0.5501923991058071,1315
2891,1334.5036575747722,0.5501923991058071,1315
2892,1334.5036575747722,0.5501923991058071,1315
2893,1334.5036575747722,0.5501923991058071,1315
2894,1334.5036575747722,0.5501923991058071,1315
2895,1334.5036575747722,0.5501923991058071,1315
2896,1334.5036575747722,0.5501923991058071,1315
2897,1334.5036575747722,0.5501923991058071,1315
2898,1334.5036575747722,0.5501923991058071,1315
2899,1334.5036575747722,0.5501923991058071,1315
2900,1334.5036575747722,0.5501923991058071,1315
2901,1334.5036575747722,0.5501923991058071,1315
2902,1334.5036575747722,0.5501923991058071,1315
2903,1334.5036575747722,0.5501923991058071,1315
2904,1334.5036575747722,0.5501923991058071,1315
2905,1334.5036575747722,0.5501923991058071,1315
2906,1334.5036575747722,0.5501923991058071,1315
2907,1334.5036575747722,0.5501923991058071,1315
2908,1334.5036575747722,0.5501923991058071,1315
2909,1334.5036575747722,0.5501923991058071,1315
2910,1334.5036575747722,0.5501923991058071,1315
2911,1334.5036575747722,0.5501923991058071,1315
2912,1334.5036575747722,0.5501923991058071,1315
2913,1334.5036575747722,0.5501923991058071,1315
2914,1334.5036575747722,0.5501923991058071,1315
2915,1334.5036575747722,0.5501923991058071,1315
2916,1334.5036575747722,0.5501923991058071,1315
2917,1334.5036575747722,0.5501923991058071,1315
2918,1334.5036575747722,0.5501923991058071,1315
2919,1334.5036575747722,0.5501923991058071,1315
2920,1334.5036575747722,0.5501923991058071,1315
2921,1334.5036575747722,0.5501923991058071,1315
2922,1334.5036575747722,0.5501923991058071,1315
2923,1334.5036575747722,0.5501923991058071,1315
2924,1334.5036575747722,0.5501923991058071,1315
2925,1334.5036575747722,0.5501923991058071,1315
2926,1334.5036575747722,0.5501923991058071,1315
2927,1334.5036575747722,0.5501923991058071,1315
2928,1334.5036575747722,0.5501923991058071,1315
2929,1334.5036575747722,0.5501923991058071,1315
2930,1334.5036575747722,0.5501923991058071,1315
2931,1334.5036575747722,0.5501923991058071,1315
2932,1334.5036575747722,0.5501923991058071,1315
2933,1334.5036575747722,0.5501923991058071,1315
2934,1334.5036575747722,0.5501923991058071,1315
2935,1334.5036575747722,0.5501923991058071,1315
2936,1334.5036575747722,0.5501923991058071,1315
2937,1334.5036575747722,0.5501923991058071,1315
2938,1334.5036575747722,0.5501923991058071,1315
2939,1334.5036575747722,0.5501923991058071,1315
2940,1334.5036575747722,0.5501923991058071,1315
2941,1334.5036575747722,0.5501923991058071,1315
2942,1334.5036575747722,0.5501923991058071,1315
2943,1334.5036575747722,0.5501923991058071,1315
2944,1334.5036575747722,0.5501923991058071,1315
2945,1334.5036575747722,0.5501923991058071,1315
2946,1334.5036575747722,0.5501923991058071,1315
2947,1334.5036575747722,0.5501923991058071,1315
2948,1334.5036575747722,0.5501923991058071,1315
2949,1334.5036575747722,0.5501923991058071,1315
2950,1334.5036575747722,0.5501923991058071,1315
2951,1334.5036575747722,0.5501923991058071,1315
2952,1334.5036575747722,0.5501923991058071,1315
2953,1334.5036575747722,0.5501923991058071,1315
2954,1334.5036575747722,0.5501923991058071,1315
2955,1334.5036575747722,0.5501923991058071,1315
2956,1334.5036575747722,0.5501923991058071,1315
2957,1334.5036575747722,0.5501923991058071,1315
2958,1334.5036575747722,0.5501923991058071,1315
2959,1334.5036575747722,0.5501923991058071,1315
2960,1334.5036575747722,0.5501923991058071,1315
2961,1334.5036575747722,0.5501923991058071,1315
2962,1334.5036575747722,0.5501923991058071,1315
2963,1334.5036575747722,0.5501923991058071,1315
2964,1334.5036575747722,0.5501923991058071,1315
2965,1334.5036575747722,0.5501923991058071,1315
2966,1334.5036575747722,0.5501923991058071,1315
2967,1334.5036575747722,0.5501923991058071,1315
2968,1334.5036575747722,0.5501923991058071,1315
2969,1334.5036575747722,0.5501923991058071,1315
2970,1334.5036575747722,0.5501923991058071,1315
2971,1334.5036575747722,0.5501923991058071,1315
2972,1334.5036575747722,0.5501923991058071,1315
2973,1334.5036575747722,0.5501923991058071,1315
2974,1334.5036575747722,0.5501923991058071,1315
2975,1334.5036575747722,0.5501923991058071,1315
2976,1334.5036575747722,0.5501923991058071,1315
2977,1334.5036575747722,0.5501923991058071,1315
2978,1334.5036575747722,0.5501923991058071,1315
2979,1334.5036575747722,0.5501923991058071,1315
2980,1334.5036575747722,0.5501923991058071,1315
2981,1334.5036575747722,0.5501923991058071,1315
2982,1334.5036575747722,0.5501923991058071,1315
2983,1334.5036575747722,0.5501923991058071,1315
2984,1334.5036575747722,0.5501923991058071,1315
2985,1334.5036575747722,0.5501923991058071,1315
2986,1334.5036575747722,0.5501923991058071,1315
2987,1334.5036575747722,0.5501923991058071,1315
2988,1334.5036575747722,0.5501923991058071,1315
2989,1334.5036575747722,0.5501923991058071,1315
2990,1334.5036575747722,0.5501923991058071,1315
2991,1334.5036575747722,0.5501923991058071,1315
2992,1334.5036575747722,0.5501923991058071,1315
2993,1334.5036575747722,0.5501923991058071,1315
2994,1334.5036575747722,0.5501923991058071,1315
2995,1334.5036575747722,0.5501923991058071,1315
2996,1334.5036575747722,0.5501923991058071,1315
2997,1334.5036575747722,0.5501923991058071,1315
2998,1334.5036575747722,0.5501923991058071,1315
2999,1334.5036575747722,0.5501923991058071,1315
3000,1334.5036575747722,0.5501923991058071,1315
3001,1334.5036575747722,0.5501923991058071,1315
3002,1334.5036575747722,0.5501923991058071,1315
3003,1334.5036575747722,0.5501923991058071,1315
3004,1334.5036575747722,0.5501923991058071,1315
3005,1334.5036575747722,0.5501923991058071,1315
3006,1334.5036575747722,0.5501923991058071,1315
3007,1334.5036575747722,0.5501923991058071,1315
3008,1334.5036575747722,0.5501923991058071,1315
3009,1334.5036575747722,0.5501923991058071,1315
3010,1334.5036575747722,0.5501923991058071,1315
3011,1334.5036575747722,0.5501923991058071,1315
3012,1334.5036575747722,0.5501923991058071,1315
3013,1334.5036575747722,0.5501923991058071,1315
3014,1335.5053857169542,0.5501525434281801,1316
3015,1335.5053857169542,0.5501525434281801,1316
3016,1335.5053857169542,0.5501525434281801,1316
3017,1335.5053857169542,0.5501525434281801,1316
3018,1335.5053857169542,0.5501525434281801,1316
3019,1335.5053857169542,0.5501525434281801,1316
3020,1335.5053857169542,0.5501525434281801,1316
3021,1335.5053857169542,0.5501525434281801,1316
3022,1335.5053857169542,0.5501525434281801,1316
3023,1335.5053857169542,0.5501525434281801,1316
3024,1335.5053857169542,0.5501525434281801,1316
3025,1335.5053857169542,0.5501525434281801,1316
3026,1335.5053857169542,0.5501525434281801,1316
3027,1335.5053857169542,0.5501525434281801,1316
3028,1335.5053857169542,0.5501525434281801,1316
3029,1335.5053857169542,0.5501525434281801,1316
3030,1335.5053857169542,0.5501525434281801,1316
3031,1335.5053857169542,0.5501525434281801,1316
3032,1335.5053857169542,0.5501525434281801,1316
3033,1335.5053857169542,0.5501525434281801,1316
3034,1335.5053857169542,0.5501525434281801,1316
3035,1335.5053857169542,0.5501525434281801,1316
3036,1335.5053857169542,0.5501525434281801,1316
3037,1335.5053857169542,0.5501525434281801,1316
3038,1335.5053857169542,0.5501525434281801,1316
3039,1335.5053857169542,0.5501525434281801,1316
3040,1335.5053857169542,0.5501525434281801,1316
3041,1335.5053857169542,0.5501525434281801,1316
3042,1335.5053857169542,0.5501525434281801,1316
3043,1335.5053857169542,0.5501525434281801,1316
3044,1335.5053857169542,0.5501525434281801,1316
3045,1335.5053857169542,0.5501525434281801,1316
3046,1335.5053857169542,0.5501525434281801,1316
3047,1335.5053857169542,0.5501525434281801,1316
3048,1335.5053857169542,0.5501525434281801,1316
3049,1335.5053857169542,0.5501525434281801,1316
3050,1335.5053857169542,0.5501525434281801,1316
3051,1335.5053857169542,0.5501525434281801,1316
3052,1335.5053857169542,0.5501525434281801,1316
3053,1335.5053857169542,0.5501525434281801,1316
3054,1335.5053857169542,0.5501525434281801,1316
3055,1335.5053857169542,0.5501525434281801,1316
3056,1335.5053857169542,0.5501525434281801,1316
3057,1335.5053857169542,0.5501525434281801,1316
3058,1335.5053857169542,0.5501525434281801,1316
3059,1335.5053857169542,0.5501525434281801,1316
3060,1335.5053857169542,0.5501525434281801,1316
3061,1335.5053857169542,0.5501525434281801,1316
3062,1335.5053857169542,0.5501525434281801,1316
3063,1335.5053857169542,0.5501525434281801,1316
3064,1335.5053857169542,0.5501525434281801,1316
3065,1335.5053857169542,0.5501525434281801,1316
3066,1335.5053857169542,0.5501525434281801,1316
3067,1335.5053857169542,0.5501525434281801,1316
3068,1335.5053857169542,0.5501525434281801,1316
3069,1335.5053857169542,0.5501525434281801,1316
3070,1335.5053857169542,0.5501525434281801,1316
3071,1335.5053857169542,0.5501525434281801,1316
3072,1335.5053857169542,0.5501525434281801,1316
3073,1335.5053857169542,0.5501525434281801,1316
3074,1335.5053857169542,0.5501525434281801,1316
3075,1335.5053857169542,0.5501525434281801,1316
3076,1335.5053857169542,0.5501525434281801,1316
3077,1335.5053857169542,0.5501525434281801,1316
3078,1335.5053857169542,0.5501525434281801,1316
3079,1335.5053857169542,0.5501525434281801,1316
3080,1335.5053857169542,0.5501525434281801,1316
3081,1335.5053857169542,0.5501525434281801,1316
3082,1335.5053857169542,0.5501525434281801,1316
3083,1335.5053857169542,0.5501525434281801,1316
3084,1335.5053857169542,0.5501525434281801,1316
3085,1335.5053857169542,0.5501525434281801,1316
3086,1335.5053857169542,0.5501525434281801,1316
3087,1335.5053857169542,0.5501525434281801,1316
3088,1335.5053857169542,0.5501525434281801,1316
3089,1335.5053857169542,0.5501525434281801,1316
3090,1335.5053857169542,0.5501525434281801,1316
3091,1335.5053857169542,0.5501525434281801,1316
3092,1335.5053857169542,0.5501525434281801,1316
3093,1335.5053857169542,0.5501525434281801,1316
3094,1335.5053857169542,0.5501525434281801,1316
3095,1335.5053857169542,0.5501525434281801,1316
3096,1335.5053857169542,0.5501525434281801,1316
3097,1335.5053857169542,0.5501525434281801,1316
3098,1335.5053857169542,0.5501525434281801,1316
3099,1335.5053857169542,0.5501525434281801,1316
3100,1335.5053857169542,0.5501525434281801,1316
3101,1335.5053857169542,0.5501525434281801,1316
3102,1335.5053857169542,0.5501525434281801,1316
3103,1335.5053857169542,0.5501525434281801,1316
3104,1335.5053857169542,0.5501525434281801,1316
3105,1335.5053857169542,0.5501525434281801,1316
3106,1335.5053857169542,0.5501525434281801,1316
3107,1335.5053857169542,0.5501525434281801,1316
3108,1335.5053857169542,0.5501525434281801,1316
3109,1335.5053857169542,0.5501525434281801,1316
3110,1335.5053857169542,0.5501525434281801,1316
3111,1335.5053857169542,0.5501525434281801,1316
3112,1335.5053857169542,0.5501525434281801,1316
3113,1335.5053857169542,0.5501525434281801,1316
3114,1335.5053857169542,0.5501525434281801,1316
3115,1335.5053857169542,0.5501525434281801,1316
3116,1335.5053857169542,0.5501525434281801,1316
3117,1335.5053857169542,0.5501525434281801,1316
3118,1335.5053857169542,0.5501525434281801,1316
3119,1335.5053857169542,0.5501525434281801,1316
3120,1335.5053857169542,0.5501525434281801,1316
3121,1335.5053857169542,0.5501525434281801,1316
3122,1335.5053857169542,0.5501525434281801,1316
3123,1335.5053857169542,0.5501525434281801,1316
3124,1335.5053857169542,0.5501525434281801,1316
3125,1335.5053857169542,0.5501525434281801,1316
3126,1335.5053857169542,0.5501525434281801,1316
3127,1335.5053857169542,0.5501525434281801,1316
3128,1335.5053857169542,0.5501525434281801,1316
3129,1335.5053857169542,0.5501525434281801,1316
3130,1335.5053857169542,0.5501525434281801,1316
3131,1335.5053857169542,0.5501525434281801,1316
3132,1335.5053857169542,0.5501525434281801,1316
3133,1335.5053857169542,0.5501525434281801,1316
3134,1335.5053857169542,0.5501525434281801,1316
3135,1335.5053857169542,0.5501525434281801,1316
3136,1335.5053857169542,0.5501525434281801,1316
3137,1335.5053857169542,0.5501525434281801,1316
3138,1335.5053857169542,0.5501525434281801,1316
3139,1338.5105537573388,0.5500333543049184,1319
3140,1338.5105537573388,0.5500333543049184,1319
3141,1338.5105537573388,0.5500333543049184,1319
3142,1338.5105537573388,0.5500333543049184,1319
3143,1338.5105537573388,0.5500333543049184,1319
3144,1338.5105537573388,0.5500333543049184,1319
3145,1338.5105537573388,0.5500333543049184,1319
3146,1338.5105537573388,0.5500333543049184,1319
3147,1338.5105537573388,0.5500333543049184,1319
3148,1333.5019266907589,0.5502323180175529,1314
3149,1333.5019266907589,0.5502323180175529,1314
3150,1333.5019266907589,0.5502323180175529,1314
3151,1333.5019266907589,0.5502323180175529,1314
3152,1333.5019266907589,0.5502323180175529,1314
3153,1333.5019266907589,0.5502323180175529,1314
3154,1333.5019266907589,0.5502323180175529,1314
3155,1327.491483442021,0.550473167850069,1308
3156,1327.491483442021,0.550473167850069,1308
3157,1327.491483442021,0.550473167850069,1308
3158,1327.491483442021,0.550473167850069,1308
3159,1327.491483442021,0.550473167850069,1308
3160,1327.491483442021,0.550473167850069,1308
3161,1327.491483442021,0.550473167850069,1308
3162,1326.4897331816526,0.550513533633472,1307
3163,1326.4897331816526,0.550513533633472,1307
3164,1326.4897331816526,0.550513533633472,1307
3165,1326.4897331816526,0.550513533633472,1307
3166,1326.4897331816526,0.550513533633472,1307
3167,1326.4897331816526,0.550513533633472,1307
3168,1326.4897331816526,0.550513533633472,1307
3169,1326.4897331816526,0.550513533633472,1307
3170,1326.4897331816526,0.550513533633472,1307
3171,1326.4897331816526,0.550513533633472,1307
3172,1326.4897331816526,0.550513533633472,1307
3173,1317.47385427879,0.5508797444928505,1298
3174,1317.47385427879,0.5508797444928505,1298
3175,1317.47385427879,0.5508797444928505,1298
3176,1317.47385427879,0.5508797444928505,1298
3177,1317.47385427879,0.5508797444928505,1298
3178,1317.47385427879,0.5508797444928505,1298
3179,1317.47385427879,0.5508797444928505,1298
3180,1317.47385427879,0.5508797444928505,1298
3181,1317.47385427879,0.5508797444928505,1298
3182,1317.47385427879,0.5508797444928505,1298
3183,1317.47385427879,0.5508797444928505,1298
3184,1317.47385427879,0.5508797444928505,1298
3185,1317.47385427879,0.5508797444928505,1298
3186,1317.47385427879,0.5508797444928505,1298
3187,1317.47385427879,0.5508797444928505,1298
3188,1317.47385427879,0.5508797444928505,1298
3189,1317.47385427879,0.5508797444928505,1298
3190,1317.47385427879,0.5508797444928505,1298
3191,1317.47385427879,0.5508797444928505,1298
3192,1317.47385427879,0.5508797444928505,1298
3193,1317.47385427879,0.5508797444928505,1298
3194,1317.47385427879,0.5508797444928505,1298
3195,1317.47385427879,0.5508797444928505,1298
3196,1317.47385427879,0.5508797444928505,1298
3197,1317.47385427879,0.5508797444928505,1298
3198,1317.47385427879,0.5508797444928505,1298
3199,1317.47385427879,0.5508797444928505,1298
3200,1317.47385427879,0.5508797444928505,1298
3201,1317.47385427879,0.5508797444928505,1298
3202,1317.47385427879,0.5508797444928505,1298
3203,1317.47385427879,0.5508797444928505,1298
3204,1317.47385427879,0.5508797444928505,1298
3205,1317.47385427879,0.5508797444928505,1298
3206,1317.47385427879,0.5508797444928505,1298
3207,1317.47385427879,0.5508797444928505,1298
3208,1317.47385427879,0.5508797444928505,1298
3209,1317.47385427879,0.5508797444928505,1298
3210,1317.47385427879,0.5508797444928505,1298
3211,1317.47385427879,0.5508797444928505,1298
3212,1317.47385427879,0.5508797444928505,1298
3213,1317.47385427879,0.5508797444928505,1298
3214,1317.47385427879,0.5508797444928505,1298
3215,1317.47385427879,0.5508797444928505,1298
3216,1317.47385427879,0.5508797444928505,1298
3217,1317.47385427879,0.5508797444928505,1298
3218,1317.47385427879,0.5508797444928505,1298
3219,1317.47385427879,0.5508797444928505,1298
3220,1317.47385427879,0.5508797444928505,1298
3221,1317.47385427879,0.5508797444928505,1298
3222,1317.47385427879,0.5508797444928505,1298
3223,1317.47385427879,0.5508797444928505,1298
3224,1317.47385427879,0.5508797444928505,1298
3225,1317.47385427879,0.5508797444928505,1298
3226,1317.47385427879,0.5508797444928505,1298
3227,1317.47385427879,0.5508797444928505,1298
3228,1317.47385427879,0.5508797444928505,1298
3229,1317.47385427879,0.5508797444928505,1298
3230,1317.47385427879,0.5508797444928505,1298
3231,1317.47385427879,0.5508797444928505,1298
3232,1317.47385427879,0.5508797444928505,1298
3233,1317.47385427879,0.5508797444928505,1298
3234,1317.47385427879,0.5508797444928505,1298
3235,1317.47385427879,0.5508797444928505,1298
3236,1317.47385427879,0.5508797444928505,1298
3237,1317.47385427879,0.5508797444928505,1298
3238,1317.47385427879,0.5508797444928505,1298
3239,1317.47385427879,0.5508797444928505,1298
3240,1317.47385427879,0.5508797444928505,1298
3241,1317.47385427879,0.5508797444928505,1298
3242,1317.47385427879,0.5508797444928505,1298
3243,1317.47385427879,0.5508797444928505,1298
3244,1317.47385427879,0.5508797444928505,1298
3245,1317.47385427879,0.5508797444928505,1298
3246,1317.47385427879,0.5508797444928505,1298
3247,1317.47385427879,0.5508797444928505,1298
3248,1317.47385427879,0.5508797444928505,1298
3249,1317.47385427879,0.5508797444928505,1298
3250,1317.47385427879,0.5508797444928505,1298
3251,1317.47385427879,0.5508797444928505,1298
3252,1317.47385427879,0.5508797444928505,1298
3253,1317.47385427879,0.5508797444928505,1298
3254,1317.47385427879,0.5508797444928505,1298
3255,1317.47385427879,0.5508797444928505,1298
3256,1317.47385427879,0.5508797444928505,1298
3257,1317.47385427879,0.5508797444928505,1298
3258,1317.47385427879,0.5508797444928505,1298
3259,1317.47385427879,0.5508797444928505,1298
3260,1317.47385427879,0.5508797444928505,1298
3261,1317.47385427879,0.5508797444928505,1298
3262,1317.47385427879,0.5508797444928505,1298
3263,1317.47385427879,0.5508797444928505,1298
3264,1317.47385427879,0.5508797444928505,1298
3265,1317.47385427879,0.5508797444928505,1298
3266,1317.47385427879,0.5508797444928505,1298
3267,1317.47385427879,0.5508797444928505,1298
3268,1317.47385427879,0.5508797444928505,1298
3269,1317.47385427879,0.5508797444928505,1298
3270,1317.47385427879,0.5508797444928505,1298
3271,1317.47385427879,0.5508797444928505,1298
3272,1317.47385427879,0.5508797444928505,1298
3273,1317.47385427879,0.5508797444928505,1298
3274,1317.47385427879,0.5508797444928505,1298
3275,1317.47385427879,0.5508797444928505,1298
3276,1317.47385427879,0.5508797444928505,1298
3277,1317.47385427879,0.5508797444928505,1298
3278,1317.47385427879,0.5508797444928505,1298
3279,1317.47385427879,0.5508797444928505,1298
3280,1317.47385427879,0.5508797444928505,1298
3281,1317.47385427879,0.5508797444928505,1298
3282,1317.47385427879,0.5508797444928505,1298
3283,1317.47385427879,0.5508797444928505,1298
3284,1317.47385427879,0.5508797444928505,1298
3285,1317.47385427879,0.5508797444928505,1298
3286,1317.47385427879,0.5508797444928505,1298
3287,1317.47385427879,0.5508797444928505,1298
3288,1317.47385427879,0.5508797444928505,1298
3289,1317.47385427879,0.5508797444928505,1298
3290,1317.47385427879,0.5508797444928505,1298
3291,1317.47385427879,0.5508797444928505,1298
3292,1317.47385427879,0.5508797444928505,1298
3293,1317.47385427879,0.5508797444928505,1298
3294,1317.47385427879,0.5508797444928505,1298
3295,1317.47385427879,0.5508797444928505,1298
3296,1317.47385427879,0.5508797444928505,1298
3297,1317.47385427879,0.5508797444928505,1298
3298,1317.47385427879,0.5508797444928505,1298
3299,1317.47385427879,0.5508797444928505,1298
3300,1317.47385427879,0.5508797444928505,1298
3301,1317.47385427879,0.5508797444928505,1298
3302,1317.47385427879,0.5508797444928505,1298
3303,1317.47385427879,0.5508797444928505,1298
3304,1317.47385427879,0.5508797444928505,1298
3305,1317.47385427879,0.5508797444928505,1298
3306,1317.47385427879,0.5508797444928505,1298
3307,1317.47385427879,0.5508797444928505,1298
3308,1317.47385427879,0.5508797444928505,1298
3309,1317.47385427879,0.5508797444928505,1298
3310,1317.47385427879,0.5508797444928505,1298
3311,1317.47385427879,0.5508797444928505,1298
3312,1317.47385427879,0.5508797444928505,1298
3313,1317.47385427879,0.5508797444928505,1298
3314,1317.47385427879,0.5508797444928505,1298
3315,1317.47385427879,0.5508797444928505,1298
3316,1317.47385427879,0.5508797444928505,1298
3317,1317.47385427879,0.5508797444928505,1298
3318,1317.47385427879,0.5508797444928505,1298
3319,1317.47385427879,0.5508797444928505,1298
3320,1317.47385427879,0.5508797444928505,1298
3321,1317.47385427879,0.5508797444928505,1298
3322,1317.47385427879,0.5508797444928505,1298
3323,1317.47385427879,0.5508797444928505,1298
3324,1317.47385427879,0.5508797444928505,1298
3325,1317.47385427879,0.5508797444928505,1298
3326,1317.47385427879,0.5508797444928505,1298
3327,1317.47385427879,0.5508797444928505,1298
3328,1317.47385427879,0.5508797444928505,1298
3329,1317.47385427879,0.5508797444928505,1298
3330,1317.47385427879,0.5508797444928505,1298
3331,1317.47385427879,0.5508797444928505,1298
3332,1317.47385427879,0.5508797444928505,1298
3333,1317.47385427879,0.5508797444928505,1298
3334,1317.47385427879,0.5508797444928505,1298
3335,1317.47385427879,0.5508797444928505,1298
3336,1317.47385427879,0.5508797444928505,1298
3337,1317.47385427879,0.5508797444928505,1298
3338,1317.47385427879,0.5508797444928505,1298
3339,1317.47385427879,0.5508797444928505,1298
3340,1317.47385427879,0.5508797444928505,1298
3341,1317.47385427879,0.5508797444928505,1298
3342,1317.47385427879,0.5508797444928505,1298
3343,1317.47385427879,0.5508797444928505,1298
3344,1317.47385427879,0.5508797444928505,1298
3345,1317.47385427879,0.5508797444928505,1298
3346,1317.47385427879,0.5508797444928505,1298
3347,1317.47385427879,0.5508797444928505,1298
3348,1317.47385427879,0.5508797444928505,1298
3349,1317.47385427879,0.5508797444928505,1298
3350,1317.47385427879,0.5508797444928505,1298
3351,1317.47385427879,0.5508797444928505,1298
3352,1317.47385427879,0.5508797444928505,1298
3353,1317.47385427879,0.5508797444928505,1298
3354,1317.47385427879,0.5508797444928505,1298
3355,1317.47385427879,0.5508797444928505,1298
3356,1317.47385427879,0.5508797444928505,1298
3357,1317.47385427879,0.5508797444928505,1298
3358,1317.47385427879,0.5508797444928505,1298
3359,1317.47385427879,0.5508797444928505,1298
3360,1317.47385427879,0.5508797444928505,1298
3361,1317.47385427879,0.5508797444928505,1298
3362,1317.47385427879,0.5508797444928505,1298
3363,1317.47385427879,0.5508797444928505,1298
3364,1317.47385427879,0.5508797444928505,1298
3365,1317.47385427879,0.5508797444928505,1298
3366,1317.47385427879,0.5508797444928505,1298
3367,1317.47385427879,0.5508797444928505,1298
3368,1317.47385427879,0.5508797444928505,1298
3369,1317.47385427879,0.5508797444928505,1298
3370,1317.47385427879,0.5508797444928505,1298
3371,1317.47385427879,0.5508797444928505,1298
3372,1317.47385427879,0.5508797444928505,1298
3373,1317.47385427879,0.5508797444928505,1298
3374,1317.47385427879,0.5508797444928505,1298
3375,1317.47385427879,0.5508797444928505,1298
3376,1317.47385427879,0.5508797444928505,1298
3377,1317.47385427879,0.5508797444928505,1298
3378,1317.47385427879,0.5508797444928505,1298
3379,1317.47385427879,0.5508797444928505,1298
3380,1317.47385427879,0.5508797444928505,1298
3381,1317.47385427879,0.5508797444928505,1298
3382,1317.47385427879,0.5508797444928505,1298
3383,1317.47385427879,0.5508797444928505,1298
3384,1317.47385427879,0.5508797444928505,1298
3385,1317.47385427879,0.5508797444928505,1298
3386,1317.47385427879,0.5508797444928505,1298
3387,1317.47385427879,0.5508797444928505,1298
3388,1317.47385427879,0.5508797444928505,1298
3389,1317.47385427879,0.5508797444928505,1298
3390,1317.47385427879,0.5508797444928505,1298
3391,1317.47385427879,0.5508797444928505,1298
3392,1317.47385427879,0.5508797444928505,1298
3393,1317.47385427879,0.5508797444928505,1298
3394,1317.47385427879,0.5508797444928505,1298
3395,1317.47385427879,0.5508797444928505,1298
3396,1317.47385427879,0.5508797444928505,1298
3397,1317.47385427879,0.5508797444928505,1298
3398,1317.47385427879,0.5508797444928505,1298
3399,1317.47385427879,0.5508797444928505,1298
3400,1317.47385427879,0.5508797444928505,1298
3401,1317.47385427879,0.5508797444928505,1298
3402,1317.47385427879,0.5508797444928505,1298
3403,1317.47385427879,0.5508797444928505,1298
3404,1317.47385427879,0.5508797444928505,1298
3405,1317.47385427879,0.5508797444928505,1298
3406,1317.47385427879,0.5508797444928505,1298
3407,1317.47385427879,0.5508797444928505,1298
3408,1317.47385427879,0.5508797444928505,1298
3409,1317.47385427879,0.5508797444928505,1298
3410,1317.47385427879,0.5508797444928505,1298
3411,1317.47385427879,0.5508797444928505,1298
3412,1317.47385427879,0.5508797444928505,1298
3413,1317.47385427879,0.5508797444928505,1298
3414,1317.47385427879,0.5508797444928505,1298
3415,1317.47385427879,0.5508797444928505,1298
3416,1317.47385427879,0.5508797444928505,1298
3417,1317.47385427879,0.5508797444928505,1298
3418,1317.47385427879,0.5508797444928505,1298
3419,1317.47385427879,0.5508797444928505,1298
3420,1317.47385427879,0.5508797444928505,1298
3421,1318.4756299321327,0.5508387930781209,1299
3422,1318.4756299321327,0.5508387930781209,1299
3423,1318.4756299321327,0.5508387930781209,1299
3424,1318.4756299321327,0.5508387930781209,1299
3425,1318.4756299321327,0.5508387930781209,1299
3426,1318.4756299321327,0.5508387930781209,1299
3427,1318.4756299321327,0.5508387930781209,1299
3428,1318.4756299321327,0.5508387930781209,1299
3429,1318.4756299321327,0.5508387930781209,1299
3430,1318.4756299321327,0.5508387930781209,1299
3431,1318.4756299321327,0.5508387930781209,1299
3432,1318.4756299321327,0.5508387930781209,1299
3433,1318.4756299321327,0.5508387930781209,1299
3434,1318.4756299321327,0.5508387930781209,1299
3435,1318.4756299321327,0.5508387930781209,1299
3436,1318.4756299321327,0.5508387930781209,1299
3437,1318.4756299321327,0.5508387930781209,1299
3438,1318.4756299321327,0.5508387930781209,1299
3439,1318.4756299321327,0.5508387930781209,1299
3440,1318.4756299321327,0.5508387930781209,1299
3441,1318.4756299321327,0.5508387930781209,1299
3442,1318.4756299321327,0.5508387930781209,1299
3443,1318.4756299321327,0.5508387930781209,1299
3444,1318.4756299321327,0.5508387930781209,1299
3445,1318.4756299321327,0.5508387930781209,1299
3446,1318.4756299321327,0.5508387930781209,1299
3447,1318.4756299321327,0.5508387930781209,1299
3448,1318.4756299321327,0.5508387930781209,1299
3449,1318.4756299321327,0.5508387930781209,1299
3450,1318.4756299321327,0.5508387930781209,1299
3451,1318.4756299321327,0.5508387930781209,1299
3452,1318.4756299321327,0.5508387930781209,1299
3453,1318.4756299321327,0.5508387930781209,1299
3454,1318.4756299321327,0.5508387930781209,1299
3455,1318.4756299321327,0.5508387930781209,1299
3456,1318.4756299321327,0.5508387930781209,1299
3457,1318.4756299321327,0.5508387930781209,1299
3458,1318.4756299321327,0.5508387930781209,1299
3459,1318.4756299321327,0.5508387930781209,1299
3460,1318.4756299321327,0.5508387930781209,1299
3461,1318.4756299321327,0.5508387930781209,1299
3462,1318.4756299321327,0.5508387930781209,1299
3463,1318.4756299321327,0.5508387930781209,1299
3464,1318.4756299321327,0.5508387930781209,1299
3465,1318.4756299321327,0.5508387930781209,1299
3466,1318.4756299321327,0.5508387930781209,1299
3467,1318.4756299321327,0.5508387930781209,1299
3468,1318.4756299321327,0.5508387930781209,1299
3469,1318.4756299321327,0.5508387930781209,1299
3470,1318.4756299321327,0.5508387930781209,1299
3471,1318.4756299321327,0.5508387930781209,1299
3472,1318.4756299321327,0.5508387930781209,1299
3473,1318.4756299321327,0.5508387930781209,1299
3474,1318.4756299321327,0.5508387930781209,1299
3475,1318.4756299321327,0.5508387930781209,1299
3476,1318.4756299321327,0.5508387930781209,1299
3477,1318.4756299321327,0.5508387930781209,1299
3478,1318.4756299321327,0.5508387930781209,1299
3479,1318.4756299321327,0.5508387930781209,1299
3480,1318.4756299321327,0.5508387930781209,1299
3481,1318.4756299321327,0.5508387930781209,1299
3482,1321.4809398280802,0.5507163323782235,1302
3483,1321.4809398280802,0.5507163323782235,1302
3484,1321.4809398280802,0.5507163323782235,1302
3485,1321.4809398280802,0.5507163323782235,1302
3486,1321.4809398280802,0.5507163323782235,1302
3487,1321.4809398280802,0.5507163323782235,1302
3488,1321.4809398280802,0.5507163323782235,1302
3489,1321.4809398280802,0.5507163323782235,1302
3490,1321.4809398280802,0.5507163323782235,1302
3491,1321.4809398280802,0.5507163323782235,1302
3492,1321.4809398280802,0.5507163323782235,1302
3493,1321.4809398280802,0.5507163323782235,1302
3494,1321.4809398280802,0.5507163323782235,1302
3495,1321.4809398280802,0.5507163323782235,1302
3496,1321.4809398280802,0.5507163323782235,1302
3497,1321.4809398280802,0.5507163323782235,1302
3498,1321.4809398280802,0.5507163323782235,1302
3499,1321.4809398280802,0.5507163323782235,1302
3500,1321.4809398280802,0.5507163323782235,1302
3501,1321.4809398280802,0.5507163323782235,1302
3502,1321.4809398280802,0.5507163323782235,1302
3503,1321.4809398280802,0.5507163323782235,1302
3504,1321.4809398280802,0.5507163323782235,1302
3505,1321.4809398280802,0.5507163323782235,1302
3506,1321.4809398280802,0.5507163323782235,1302
3507,1321.4809398280802,0.5507163323782235,1302
3508,1321.4809398280802,0.5507163323782235,1302
3509,1321.4809398280802,0.5507163323782235,1302
3510,1321.4809398280802,0.5507163323782235,1302
3511,1321.4809398280802,0.5507163323782235,1302
3512,1321.4809398280802,0.5507163323782235,1302
3513,1321.4809398280802,0.5507163323782235,1302
3514,1320.4791726999576,0.5507570871780988,1301
3515,1320.4791726999576,0.5507570871780988,1301
3516,1320.4791726999576,0.5507570871780988,1301
3517,1320.4791726999576,0.5507570871780988,1301
3518,1320.4791726999576,0.5507570871780988,1301
3519,1320.4791726999576,0.5507570871780988,1301
3520,1320.4791726999576,0.5507570871780988,1301
3521,1320.4791726999576,0.5507570871780988,1301
3522,1320.4791726999576,0.5507570871780988,1301
3523,1320.4791726999576,0.5507570871780988,1301
3524,1320.4791726999576,0.5507570871780988,1301
3525,1320.4791726999576,0.5507570871780988,1301
3526,1320.4791726999576,0.5507570871780988,1301
3527,1320.4791726999576,0.5507570871780988,1301
3528,1320.4791726999576,0.5507570871780988,1301
3529,1320.4791726999576,0.5507570871780988,1301
3530,1320.4791726999576,0.5507570871780988,1301
3531,1320.4791726999576,0.5507570871780988,1301
3532,1318.4756299321327,0.5508387930781209,1299
3533,1318.4756299321327,0.5508387930781209,1299
3534,1318.4756299321327,0.5508387930781209,1299
3535,1318.4756299321327,0.5508387930781209,1299
3536,1318.4756299321327,0.5508387930781209,1299
3537,1318.4756299321327,0.5508387930781209,1299
3538,1318.4756299321327,0.5508387930781209,1299
3539,1318.4756299321327,0.5508387930781209,1299
3540,1318.4756299321327,0.5508387930781209,1299
3541,1318.4756299321327,0.5508387930781209,1299
3542,1318.4756299321327,0.5508387930781209,1299
3543,1318.4756299321327,0.5508387930781209,1299
3544,1318.4756299321327,0.5508387930781209,1299
3545,1318.4756299321327,0.5508387930781209,1299
3546,1318.4756299321327,0.5508387930781209,1299
3547,1318.4756299321327,0.5508387930781209,1299
3548,1318.4756299321327,0.5508387930781209,1299
3549,1318.4756299321327,0.5508387930781209,1299
3550,1318.4756299321327,0.5508387930781209,1299
3551,1318.4756299321327,0.5508387930781209,1299
3552,1318.4756299321327,0.5508387930781209,1299
3553,1318.4756299321327,0.5508387930781209,1299
3554,1318.4756299321327,0.5508387930781209,1299
3555,1318.4756299321327,0.5508387930781209,1299
3556,1318.4756299321327,0.5508387930781209,1299
3557,1318.4756299321327,0.5508387930781209,1299
3558,1318.4756299321327,0.5508387930781209,1299
3559,1318.4756299321327,0.5508387930781209,1299
3560,1318.4756299321327,0.5508387930781209,1299
3561,1318.4756299321327,0.5508387930781209,1299
3562,1318.4756299321327,0.5508387930781209,1299
3563,1318.4756299321327,0.5508387930781209,1299
3564,1318.4756299321327,0.5508387930781209,1299
3565,1318.4756299321327,0.5508387930781209,1299
3566,1318.4756299321327,0.5508387930781209,1299
3567,1318.4756299321327,0.5508387930781209,1299
3568,1318.4756299321327,0.5508387930781209,1299
3569,1318.4756299321327,0.5508387930781209,1299
3570,1318.4756299321327,0.5508387930781209,1299
3571,1318.4756299321327,0.5508387930781209,1299
3572,1318.4756299321327,0.5508387930781209,1299
3573,1318.4756299321327,0.5508387930781209,1299
3574,1318.4756299321327,0.5508387930781209,1299
3575,1318.4756299321327,0.5508387930781209,1299
3576,1318.4756299321327,0.5508387930781209,1299
3577,1324.4862242706752,0.5505944587021422,1305
3578,1324.4862242706752,0.5505944587021422,1305
3579,1324.4862242706752,0.5505944587021422,1305
3580,1324.4862242706752,0.5505944587021422,1305
3581,1324.4862242706752,0.5505944587021422,1305
3582,1324.4862242706752,0.5505944587021422,1305
3583,1324.4862242706752,0.5505944587021422,1305
3584,1324.4862242706752,0.5505944587021422,1305
3585,1324.4862242706752,0.5505944587021422,1305
3586,1324.4862242706752,0.5505944587021422,1305
3587,1324.4862242706752,0.5505944587021422,1305
3588,1324.4862242706752,0.5505944587021422,1305
3589,1324.4862242706752,0.5505944587021422,1305
3590,1324.4862242706752,0.5505944587021422,1305
3591,1324.4862242706752,0.5505944587021422,1305
3592,1324.4862242706752,0.5505944587021422,1305
3593,1324.4862242706752,0.5505944587021422,1305
3594,1324.4862242706752,0.5505944587021422,1305
3595,1324.4862242706752,0.5505944587021422,1305
3596,1324.4862242706752,0.5505944587021422,1305
3597,1324.4862242706752,0.5505944587021422,1305
3598,1324.4862242706752,0.5505944587021422,1305
3599,1324.4862242706752,0.5505944587021422,1305
3600,1324.4862242706752,0.5505944587021422,1305
3601,1324.4862242706752,0.5505944587021422,1305
3602,1324.4862242706752,0.5505944587021422,1305
3603,1324.4862242706752,0.5505944587021422,1305
3604,1324.4862242706752,0.5505944587021422,1305
3605,1324.4862242706752,0.5505944587021422,1305
3606,1324.4862242706752,0.5505944587021422,1305
3607,1324.4862242706752,0.5505944587021422,1305
3608,1324.4862242706752,0.5505944587021422,1305
3609,1324.4862242706752,0.5505944587021422,1305
3610,1324.4862242706752,0.5505944587021422,1305
3611,1324.4862242706752,0.5505944587021422,1305
3612,1324.4862242706752,0.5505944587021422,1305
3613,1324.4862242706752,0.5505944587021422,1305
3614,1324.4862242706752,0.5505944587021422,1305
3615,1324.4862242706752,0.5505944587021422,1305
3616,1324.4862242706752,0.5505944587021422,1305
3617,1324.4862242706752,0.5505944587021422,1305
3618,1324.4862242706752,0.5505944587021422,1305
3619,1324.4862242706752,0.5505944587021422,1305
3620,1324.4862242706752,0.5505944587021422,1305
3621,1324.4862242706752,0.5505944587021422,1305
3622,1324.4862242706752,0.5505944587021422,1305
3623,1324.4862242706752,0.5505944587021422,1305
3624,1324.4862242706752,0.5505944587021422,1305
3625,1324.4862242706752,0.5505944587021422,1305
3626,1324.4862242706752,0.5505944587021422,1305
3627,1324.4862242706752,0.5505944587021422,1305
3628,1324.4862242706752,0.5505944587021422,1305
3629,1324.4862242706752,0.5505944587021422,1305
3630,1324.4862242706752,0.5505944587021422,1305
3631,1324.4862242706752,0.5505944587021422,1305
3632,1324.4862242706752,0.5505944587021422,1305
3633,1324.4862242706752,0.5505944587021422,1305
3634,1324.4862242706752,0.5505944587021422,1305
3635,1324.4862242706752,0.5505944587021422,1305
3636,1324.4862242706752,0.5505944587021422,1305
3637,1324.4862242706752,0.5505944587021422,1305
3638,1324.4862242706752,0.5505944587021422,1305
3639,1324.4862242706752,0.5505944587021422,1305
3640,1324.4862242706752,0.5505944587021422,1305
3641,1324.4862242706752,0.5505944587021422,1305
3642,1324.4862242706752,0.5505944587021422,1305
3643,1324.4862242706752,0.5505944587021422,1305
3644,1324.4862242706752,0.5505944587021422,1305
3645,1324.4862242706752,0.5505944587021422,1305
3646,1324.4862242706752,0.5505944587021422,1305
3647,1324.4862242706752,0.5505944587021422,1305
3648,1324.4862242706752,0.5505944587021422,1305
3649,1324.4862242706752,0.5505944587021422,1305
3650,1324.4862242706752,0.5505944587021422,1305
3651,1324.4862242706752,0.5505944587021422,1305
3652,1324.4862242706752,0.5505944587021422,1305
3653,1324.4862242706752,0.5505944587021422,1305
3654,1324.4862242706752,0.5505944587021422,1305
3655,1324.4862242706752,0.5505944587021422,1305
3656,1324.4862242706752,0.5505944587021422,1305
3657,1324.4862242706752,0.5505944587021422,1305
3658,1324.4862242706752,0.5505944587021422,1305
3659,1324.4862242706752,0.5505944587021422,1305
3660,1324.4862242706752,0.5505944587021422,1305
3661,1324.4862242706752,0.5505944587021422,1305
3662,1324.4862242706752,0.5505944587021422,1305
3663,1324.4862242706752,0.5505944587021422,1305
3664,1324.4862242706752,0.5505944587021422,1305
3665,1324.4862242706752,0.5505944587021422,1305
3666,1324.4862242706752,0.5505944587021422,1305
3667,1324.4862242706752,0.5505944587021422,1305
3668,1324.4862242706752,0.5505944587021422,1305
3669,1324.4862242706752,0.5505944587021422,1305
3670,1324.4862242706752,0.5505944587021422,1305
3671,1324.4862242706752,0.5505944587021422,1305
3672,1324.4862242706752,0.5505944587021422,1305
3673,1324.4862242706752,0.5505944587021422,1305
3674,1324.4862242706752,0.5505944587021422,1305
3675,1324.4862242706752,0.5505944587021422,1305
3676,1324.4862242706752,0.5505944587021422,1305
3677,1324.4862242706752,0.5505944587021422,1305
3678,1324.4862242706752,0.5505944587021422,1305
3679,1324.4862242706752,0.5505944587021422,1305
3680,1324.4862242706752,0.5505944587021422,1305
3681,1324.4862242706752,0.5505944587021422,1305
3682,1324.4862242706752,0.5505944587021422,1305
3683,1324.4862242706752,0.5505944587021422,1305
3684,1324.4862242706752,0.5505944587021422,1305
3685,1324.4862242706752,0.5505944587021422,1305
3686,1324.4862242706752,0.5505944587021422,1305
3687,1324.4862242706752,0.5505944587021422,1305
3688,1324.4862242706752,0.5505944587021422,1305
3689,1324.4862242706752,0.5505944587021422,1305
3690,1324.4862242706752,0.5505944587021422,1305
3691,1324.4862242706752,0.5505944587021422,1305
3692,1324.4862242706752,0.5505944587021422,1305
3693,1324.4862242706752,0.5505944587021422,1305
3694,1324.4862242706752,0.5505944587021422,1305
3695,1324.4862242706752,0.5505944587021422,1305
3696,1324.4862242706752,0.5505944587021422,1305
3697,1324.4862242706752,0.5505944587021422,1305
3698,1314.4685101587404,0.5510029944939949,1295
3699,1314.4685101587404,0.5510029944939949,1295
3700,1314.4685101587404,0.5510029944939949,1295
3701,1314.4685101587404,0.5510029944939949,1295
3702,1314.4685101587404,0.5510029944939949,1295
3703,1314.4685101587404,0.5510029944939949,1295
3704,1314.4685101587404,0.5510029944939949,1295
3705,1314.4685101587404,0.5510029944939949,1295
3706,1314.4685101587404,0.5510029944939949,1295
3707,1314.4685101587404,0.5510029944939949,1295
3708,1314.4685101587404,0.5510029944939949,1295
3709,1314.4685101587404,0.5510029944939949,1295
3710,1314.4685101587404,0.5510029944939949,1295
3711,1314.4685101587404,0.5510029944939949,1295
3712,1314.4685101587404,0.5510029944939949,1295
3713,1314.4685101587404,0.5510029944939949,1295
3714,1314.4685101587404,0.5510029944939949,1295
3715,1314.4685101587404,0.5510029944939949,1295
3716,1314.4685101587404,0.5510029944939949,1295
3717,1314.4685101587404,0.5510029944939949,1295
3718,1314.4685101587404,0.5510029944939949,1295
3719,1314.4685101587404,0.5510029944939949,1295
3720,1314.4685101587404,0.5510029944939949,1295
3721,1314.4685101587404,0.5510029944939949,1295
3722,1314.4685101587404,0.5510029944939949,1295
3723,1314.4685101587404,0.5510029944939949,1295
3724,1314.4685101587404,0.5510029944939949,1295
3725,1314.4685101587404,0.5510029944939949,1295
3726,1314.4685101587404,0.5510029944939949,1295
3727,1314.4685101587404,0.5510029944939949,1295
3728,1314.4685101587404,0.5510029944939949,1295
3729,1314.4685101587404,0.5510029944939949,1295
3730,1314.4685101587404,0.5510029944939949,1295
3731,1314.4685101587404,0.5510029944939949,1295
3732,1314.4685101587404,0.5510029944939949,1295
3733,1314.4685101587404,0.5510029944939949,1295
3734,1314.4685101587404,0.5510029944939949,1295
3735,1314.4685101587404,0.5510029944939949,1295
3736,1314.4685101587404,0.5510029944939949,1295
3737,1314.4685101587404,0.5510029944939949,1295
3738,1314.4685101587404,0.5510029944939949,1295
3739,1314.4685101587404,0.5510029944939949,1295
3740,1314.4685101587404,0.5510029944939949,1295
3741,1314.4685101587404,0.5510029944939949,1295
3742,1314.4685101587404,0.5510029944939949,1295
3743,1314.4685101587404,0.5510029944939949,1295
3744,1314.4685101587404,0.5510029944939949,1295
3745,1314.4685101587404,0.5510029944939949,1295
3746,1314.4685101587404,0.5510029944939949,1295
3747,1314.4685101587404,0.5510029944939949,1295
3748,1314.4685101587404,0.5510029944939949,1295
3749,1314.4685101587404,0.5510029944939949,1295
3750,1314.4685101587404,0.5510029944939949,1295
3751,1314.4685101587404,0.5510029944939949,1295
3752,1314.4685101587404,0.5510029944939949,1295
3753,1314.4685101587404,0.5510029944939949,1295
3754,1314.4685101587404,0.5510029944939949,1295
3755,1314.4685101587404,0.5510029944939949,1295
3756,1314.4685101587404,0.5510029944939949,1295
3757,1314.4685101587404,0.5510029944939949,1295
3758,1314.4685101587404,0.5510029944939949,1295
3759,1314.4685101587404,0.5510029944939949,1295
3760,1314.4685101587404,0.5510029944939949,1295
3761,1314.4685101587404,0.5510029944939949,1295
3762,1314.4685101587404,0.5510029944939949,1295
3763,1314.4685101587404,0.5510029944939949,1295
3764,1314.4685101587404,0.5510029944939949,1295
3765,1314.4685101587404,0.5510029944939949,1295
3766,1314.4685101587404,0.5510029944939949,1295
3767,1314.4685101587404,0.5510029944939949,1295
3768,1314.4685101587404,0.5510029944939949,1295
3769,1314.4685101587404,0.5510029944939949,1295
3770,1314.4685101587404,0.5510029944939949,1295
3771,1314.4685101587404,0.5510029944939949,1295
3772,1314.4685101587404,0.5510029944939949,1295
3773,1314.4685101587404,0.5510029944939949,1295
3774,1314.4685101587404,0.5510029944939949,1295
3775,1314.4685101587404,0.5510029944939949,1295
3776,1314.4685101587404,0.5510029944939949,1295
3777,1314.4685101587404,0.5510029944939949,1295
3778,1314.4685101587404,0.5510029944939949,1295
3779,1314.4685101587404,0.5510029944939949,1295
3780,1314.4685101587404,0.5510029944939949,1295
3781,1314.4685101587404,0.5510029944939949,1295
3782,1314.4685101587404,0.5510029944939949,1295
3783,1314.4685101587404,0.5510029944939949,1295
3784,1314.4685101587404,0.5510029944939949,1295
3785,1314.4685101587404,0.5510029944939949,1295
3786,1314.4685101587404,0.5510029944939949,1295
3787,1314.4685101587404,0.5510029944939949,1295
3788,1314.4685101587404,0.5510029944939949,1295
3789,1314.4685101587404,0.5510029944939949,1295
3790,1314.4685101587404,0.5510029944939949,1295
3791,1314.4685101587404,0.5510029944939949,1295
3792,1314.4685101587404,0.5510029944939949,1295
3793,1314.4685101587404,0.5510029944939949,1295
3794,1314.4685101587404,0.5510029944939949,1295
3795,1314.4685101587404,0.5510029944939949,1295
3796,1314.4685101587404,0.5510029944939949,1295
3797,1314.4685101587404,0.5510029944939949,1295
3798,1314.4685101587404,0.5510029944939949,1295
3799,1314.4685101587404,0.5510029944939949,1295
3800,1314.4685101587404,0.5510029944939949,1295
3801,1314.4685101587404,0.5510029944939949,1295
3802,1314.4685101587404,0.5510029944939949,1295
3803,1314.4685101587404,0.5510029944939949,1295
3804,1314.4685101587404,0.5510029944939949,1295
3805,1314.4685101587404,0.5510029944939949,1295
3806,1314.4685101587404,0.5510029944939949,1295
3807,1314.4685101587404,0.5510029944939949,1295
3808,1314.4685101587404,0.5510029944939949,1295
3809,1314.4685101587404,0.5510029944939949,1295
3810,1314.4685101587404,0.5510029944939949,1295
3811,1314.4685101587404,0.5510029944939949,1295
3812,1314.4685101587404,0.5510029944939949,1295
3813,1314.4685101587404,0.5510029944939949,1295
3814,1314.4685101587404,0.5510029944939949,1295
3815,1314.4685101587404,0.5510029944939949,1295
3816,1314.4685101587404,0.5510029944939949,1295
3817,1314.4685101587404,0.5510029944939949,1295
3818,1314.4685101587404,0.5510029944939949,1295
3819,1314.4685101587404,0.5510029944939949,1295
3820,1314.4685101587404,0.5510029944939949,1295
3821,1314.4685101587404,0.5510029944939949,1295
3822,1314.4685101587404,0.5510029944939949,1295
3823,1314.4685101587404,0.5510029944939949,1295
3824,1314.4685101587404,0.5510029944939949,1295
3825,1314.4685101587404,0.5510029944939949,1295
3826,1314.4685101587404,0.5510029944939949,1295
3827,1314.4685101587404,0.5510029944939949,1295
3828,1314.4685101587404,0.5510029944939949,1295
3829,1314.4685101587404,0.5510029944939949,1295
3830,1314.4685101587404,0.5510029944939949,1295
3831,1314.4685101587404,0.5510029944939949,1295
3832,1314.4685101587404,0.5510029944939949,1295
3833,1314.4685101587404,0.5510029944939949,1295
3834,1314.4685101587404,0.5510029944939949,1295
3835,1314.4685101587404,0.5510029944939949,1295
3836,1314.4685101587404,0.5510029944939949,1295
3837,1314.4685101587404,0.5510029944939949,1295
3838,1314.4685101587404,0.5510029944939949,1295
3839,1314.4685101587404,0.5510029944939949,1295
3840,1314.4685101587404,0.5510029944939949,1295
3841,1314.4685101587404,0.5510029944939949,1295
3842,1314.4685101587404,0.5510029944939949,1295
3843,1314.4685101587404,0.5510029944939949,1295
3844,1314.4685101587404,0.5510029944939949,1295
3845,1314.4685101587404,0.5510029944939949,1295
3846,1314.4685101587404,0.5510029944939949,1295
3847,1314.4685101587404,0.5510029944939949,1295
3848,1314.4685101587404,0.5510029944939949,1295
3849,1314.4685101587404,0.5510029944939949,1295
3850,1314.4685101587404,0.5510029944939949,1295
3851,1314.4685101587404,0.5510029944939949,1295
3852,1314.4685101587404,0.5510029944939949,1295
3853,1314.4685101587404,0.5510029944939949,1295
3854,1314.4685101587404,0.5510029944939949,1295
3855,1314.4685101587404,0.5510029944939949,1295
3856,1314.4685101587404,0.5510029944939949,1295
3857,1314.4685101587404,0.5510029944939949,1295
3858,1314.4685101587404,0.5510029944939949,1295
3859,1314.4685101587404,0.5510029944939949,1295
3860,1314.4685101587404,0.5510029944939949,1295
3861,1314.4685101587404,0.5510029944939949,1295
3862,1314.4685101587404,0.5510029944939949,1295
3863,1314.4685101587404,0.5510029944939949,1295
3864,1314.4685101587404,0.5510029944939949,1295
3865,1314.4685101587404,0.5510029944939949,1295
3866,1314.4685101587404,0.5510029944939949,1295
3867,1314.4685101587404,0.5510029944939949,1295
3868,1314.4685101587404,0.5510029944939949,1295
3869,1314.4685101587404,0.5510029944939949,1295
3870,1314.4685101587404,0.5510029944939949,1295
3871,1314.4685101587404,0.5510029944939949,1295
3872,1314.4685101587404,0.5510029944939949,1295
3873,1314.4685101587404,0.5510029944939949,1295
3874,1309.4595456767747,0.5512097399267836,1290
3875,1309.4595456767747,0.5512097399267836,1290
3876,1309.4595456767747,0.5512097399267836,1290
3877,1309.4595456767747,0.5512097399267836,1290
3878,1309.4595456767747,0.5512097399267836,1290
3879,1309.4595456767747,0.5512097399267836,1290
3880,1309.4595456767747,0.5512097399267836,1290
3881,1309.4595456767747,0.5512097399267836,1290
3882,1309.4595456767747,0.5512097399267836,1290
3883,1309.4595456767747,0.5512097399267836,1290
3884,1309.4595456767747,0.5512097399267836,1290
3885,1309.4595456767747,0.5512097399267836,1290
3886,1309.4595456767747,0.5512097399267836,1290
3887,1309.4595456767747,0.5512097399267836,1290
3888,1309.4595456767747,0.5512097399267836,1290
3889,1309.4595456767747,0.5512097399267836,1290
3890,1309.4595456767747,0.5512097399267836,1290
3891,1309.4595456767747,0.5512097399267836,1290
3892,1309.4595456767747,0.5512097399267836,1290
3893,1309.4595456767747,0.5512097399267836,1290
3894,1309.4595456767747,0.5512097399267836,1290
3895,1309.4595456767747,0.5512097399267836,1290
3896,1309.4595456767747,0.5512097399267836,1290
3897,1309.4595456767747,0.5512097399267836,1290
3898,1309.4595456767747,0.5512097399267836,1290
3899,1309.4595456767747,0.5512097399267836,1290
3900,1309.4595456767747,0.5512097399267836,1290
3901,1309.4595456767747,0.5512097399267836,1290
3902,1309.4595456767747,0.5512097399267836,1290
3903,1309.4595456767747,0.5512097399267836,1290
3904,1309.4595456767747,0.5512097399267836,1290
3905,1309.4595456767747,0.5512097399267836,1290
3906,1309.4595456767747,0.5512097399267836,1290
3907,1309.4595456767747,0.5512097399267836,1290
3908,1309.4595456767747,0.5512097399267836,1290
3909,1309.4595456767747,0.5512097399267836,1290
3910,1309.4595456767747,0.5512097399267836,1290
3911,1309.4595456767747,0.5512097399267836,1290
3912,1309.4595456767747,0.5512097399267836,1290
3913,1309.4595456767747,0.5512097399267836,1290
3914,1309.4595456767747,0.5512097399267836,1290
3915,1309.4595456767747,0.5512097399267836,1290
3916,1309.4595456767747,0.5512097399267836,1290
3917,1309.4595456767747,0.5512097399267836,1290
3918,1309.4595456767747,0.5512097399267836,1290
3919,1309.4595456767747,0.5512097399267836,1290
3920,1309.4595456767747,0.5512097399267836,1290
3921,1309.4595456767747,0.5512097399267836,1290
3922,1309.4595456767747,0.5512097399267836,1290
3923,1309.4595456767747,0.5512097399267836,1290
3924,1309.4595456767747,0.5512097399267836,1290
3925,1309.4595456767747,0.5512097399267836,1290
3926,1309.4595456767747,0.5512097399267836,1290
3927,1299.4413974942393,0.5516282865719723,1280
3928,1299.4413974942393,0.5516282865719723,1280
3929,1299.4413974942393,0.5516282865719723,1280
3930,1299.4413974942393,0.5516282865719723,1280
3931,1299.4413974942393,0.5516282865719723,1280
3932,1299.4413974942393,0.5516282865719723,1280
3933,1299.4413974942393,0.5516282865719723,1280
3934,1299.4413974942393,0.5516282865719723,1280
3935,1299.4413974942393,0.5516282865719723,1280
3936,1299.4413974942393,0.5516282865719723,1280
3937,1299.4413974942393,0.5516282865719723,1280
3938,1299.4413974942393,0.5516282865719723,1280
3939,1299.4413974942393,0.5516282865719723,1280
3940,1299.4413974942393,0.5516282865719723,1280
3941,1299.4413974942393,0.5516282865719723,1280
3942,1299.4413974942393,0.5516282865719723,1280
3943,1299.4413974942393,0.5516282865719723,1280
3944,1299.4413974942393,0.5516282865719723,1280
3945,1299.4413974942393,0.5516282865719723,1280
3946,1299.4413974942393,0.5516282865719723,1280
3947,1299.4413974942393,0.5516282865719723,1280
3948,1299.4413974942393,0.5516282865719723,1280
3949,1299.4413974942393,0.5516282865719723,1280
3950,1299.4413974942393,0.5516282865719723,1280
3951,1299.4413974942393,0.5516282865719723,1280
3952,1299.4413974942393,0.5516282865719723,1280
3953,1299.4413974942393,0.5516282865719723,1280
3954,1299.4413974942393,0.5516282865719723,1280
3955,1299.4413974942393,0.5516282865719723,1280
3956,1299.4413974942393,0.5516282865719723,1280
3957,1299.4413974942393,0.5516282865719723,1280
3958,1299.4413974942393,0.5516282865719723,1280
3959,1299.4413974942393,0.5516282865719723,1280
3960,1299.4413974942393,0.5516282865719723,1280
3961,1299.4413974942393,0.5516282865719723,1280
3962,1299.4413974942393,0.5516282865719723,1280
3963,1299.4413974942393,0.5516282865719723,1280
3964,1299.4413974942393,0.5516282865719723,1280
3965,1299.4413974942393,0.5516282865719723,1280
3966,1299.4413974942393,0.5516282865719723,1280
3967,1299.4413974942393,0.5516282865719723,1280
3968,1299.4413974942393,0.5516282865719723,1280
3969,1299.4413974942393,0.5516282865719723,1280
3970,1299.4413974942393,0.5516282865719723,1280
3971,1299.4413974942393,0.5516282865719723,1280
3972,1299.4413974942393,0.5516282865719723,1280
3973,1299.4413974942393,0.5516282865719723,1280
3974,1299.4413974942393,0.5516282865719723,1280
3975,1299.4413974942393,0.5516282865719723,1280
3976,1299.4413974942393,0.5516282865719723,1280
3977,1299.4413974942393,0.5516282865719723,1280
3978,1299.4413974942393,0.5516282865719723,1280
3979,1299.4413974942393,0.5516282865719723,1280
3980,1299.4413974942393,0.5516282865719723,1280
3981,1299.4413974942393,0.5516282865719723,1280
3982,1299.4413974942393,0.5516282865719723,1280
3983,1299.4413974942393,0.5516282865719723,1280
3984,1299.4413974942393,0.5516282865719723,1280
3985,1299.4413974942393,0.5516282865719723,1280
3986,1299.4413974942393,0.5516282865719723,1280
3987,1299.4413974942393,0.5516282865719723,1280
3988,1299.4413974942393,0.5516282865719723,1280
3989,1299.4413974942393,0.5516282865719723,1280
3990,1299.4413974942393,0.5516282865719723,1280
3991,1299.4413974942393,0.5516282865719723,1280
3992,1299.4413974942393,0.5516282865719723,1280
3993,1299.4413974942393,0.5516282865719723,1280
3994,1299.4413974942393,0.5516282865719723,1280
3995,1299.4413974942393,0.5516282865719723,1280
3996,1299.4413974942393,0.5516282865719723,1280
3997,1299.4413974942393,0.5516282865719723,1280
3998,1299.4413974942393,0.5516282865719723,1280
3999,1299.4413974942393,0.5516282865719723,1280
4000,1299.4413974942393,0.5516282865719723,1280
4001,1299.4413974942393,0.5516282865719723,1280
4002,1299.4413974942393,0.5516282865719723,1280
4003,1299.4413974942393,0.5516282865719723,1280
4004,1299.4413974942393,0.5516282865719723,1280
4005,1299.4413974942393,0.5516282865719723,1280
4006,1299.4413974942393,0.5516282865719723,1280
4007,1299.4413974942393,0.5516282865719723,1280
4008,1299.4413974942393,0.5516282865719723,1280
4009,1299.4413974942393,0.5516282865719723,1280
4010,1299.4413974942393,0.5516282865719723,1280
4011,1299.4413974942393,0.5516282865719723,1280
4012,1299.4413974942393,0.5516282865719723,1280
4013,1299.4413974942393,0.5516282865719723,1280
4014,1299.4413974942393,0.5516282865719723,1280
4015,1299.4413974942393,0.5516282865719723,1280
4016,1299.4413974942393,0.5516282865719723,1280
4017,1299.4413974942393,0.5516282865719723,1280
4018,1299.4413974942393,0.5516282865719723,1280
4019,1299.4413974942393,0.5516282865719723,1280
4020,1299.4413974942393,0.5516282865719723,1280
4021,1299.4413974942393,0.5516282865719723,1280
4022,1299.4413974942393,0.5516282865719723,1280
4023,1299.4413974942393,0.5516282865719723,1280
4024,1299.4413974942393,0.5516282865719723,1280
4025,1299.4413974942393,0.5516282865719723,1280
4026,1299.4413974942393,0.5516282865719723,1280
4027,1299.4413974942393,0.5516282865719723,1280
4028,1299.4413974942393,0.5516282865719723,1280
4029,1299.4413974942393,0.5516282865719723,1280
4030,1299.4413974942393,0.5516282865719723,1280
4031,1299.4413974942393,0.5516282865719723,1280
4032,1299.4413974942393,0.5516282865719723,1280
4033,1299.4413974942393,0.5516282865719723,1280
4034,1299.4413974942393,0.5516282865719723,1280
4035,1299.4413974942393,0.5516282865719723,1280
4036,1299.4413974942393,0.5516282865719723,1280
4037,1299.4413974942393,0.5516282865719723,1280
4038,1299.4413974942393,0.5516282865719723,1280
4039,1299.4413974942393,0.5516282865719723,1280
4040,1299.4413974942393,0.5516282865719723,1280
4041,1299.4413974942393,0.5516282865719723,1280
4042,1299.4413974942393,0.5516282865719723,1280
4043,1299.4413974942393,0.5516282865719723,1280
4044,1299.4413974942393,0.5516282865719723,1280
4045,1299.4413974942393,0.5516282865719723,1280
4046,1299.4413974942393,0.5516282865719723,1280
4047,1299.4413974942393,0.5516282865719723,1280
4048,1299.4413974942393,0.5516282865719723,1280
4049,1299.4413974942393,0.5516282865719723,1280
4050,1299.4413974942393,0.5516282865719723,1280
4051,1299.4413974942393,0.5516282865719723,1280
4052,1299.4413974942393,0.5516282865719723,1280
4053,1299.4413974942393,0.5516282865719723,1280
4054,1299.4413974942393,0.5516282865719723,1280
4055,1299.4413974942393,0.5516282865719723,1280
4056,1299.4413974942393,0.5516282865719723,1280
4057,1299.4413974942393,0.5516282865719723,1280
4058,1299.4413974942393,0.5516282865719723,1280
4059,1299.4413974942393,0.5516282865719723,1280
4060,1299.4413974942393,0.5516282865719723,1280
4061,1299.4413974942393,0.5516282865719723,1280
4062,1299.4413974942393,0.5516282865719723,1280
4063,1299.4413974942393,0.5516282865719723,1280
4064,1299.4413974942393,0.5516282865719723,1280
4065,1299.4413974942393,0.5516282865719723,1280
4066,1299.4413974942393,0.5516282865719723,1280
4067,1299.4413974942393,0.5516282865719723,1280
4068,1299.4413974942393,0.5516282865719723,1280
4069,1299.4413974942393,0.5516282865719723,1280
4070,1299.4413974942393,0.5516282865719723,1280
4071,1299.4413974942393,0.5516282865719723,1280
4072,1299.4413974942393,0.5516282865719723,1280
4073,1299.4413974942393,0.5516282865719723,1280
4074,1299.4413974942393,0.5516282865719723,1280
4075,1299.4413974942393,0.5516282865719723,1280
4076,1299.4413974942393,0.5516282865719723,1280
4077,1299.4413974942393,0.5516282865719723,1280
4078,1299.4413974942393,0.5516282865719723,1280
4079,1299.4413974942393,0.5516282865719723,1280
4080,1299.4413974942393,0.5516282865719723,1280
4081,1299.4413974942393,0.5516282865719723,1280
4082,1299.4413974942393,0.5516282865719723,1280
4083,1299.4413974942393,0.5516282865719723,1280
4084,1299.4413974942393,0.5516282865719723,1280
4085,1299.4413974942393,0.5516282865719723,1280
4086,1299.4413974942393,0.5516282865719723,1280
4087,1299.4413974942393,0.5516282865719723,1280
4088,1299.4413974942393,0.5516282865719723,1280
4089,1299.4413974942393,0.5516282865719723,1280
4090,1299.4413974942393,0.5516282865719723,1280
4091,1299.4413974942393,0.5516282865719723,1280
4092,1299.4413974942393,0.5516282865719723,1280
4093,1299.4413974942393,0.5516282865719723,1280
4094,1299.4413974942393,0.5516282865719723,1280
4095,1299.4413974942393,0.5516282865719723,1280
4096,1299.4413974942393,0.5516282865719723,1280
4097,1299.4413974942393,0.5516282865719723,1280
4098,1299.4413974942393,0.5516282865719723,1280
4099,1299.4413974942393,0.5516282865719723,1280
4100,1299.4413974942393,0.5516282865719723,1280
4101,1299.4413974942393,0.5516282865719723,1280
4102,1299.4413974942393,0.5516282865719723,1280
4103,1299.4413974942393,0.5516282865719723,1280
4104,1299.4413974942393,0.5516282865719723,1280
4105,1299.4413974942393,0.5516282865719723,1280
4106,1299.4413974942393,0.5516282865719723,1280
4107,1299.4413974942393,0.5516282865719723,1280
4108,1299.4413974942393,0.5516282865719723,1280
4109,1299.4413974942393,0.5516282865719723,1280
4110,1299.4413974942393,0.5516282865719723,1280
4111,1299.4413974942393,0.5516282865719723,1280
4112,1299.4413974942393,0.5516282865719723,1280
4113,1299.4413974942393,0.5516282865719723,1280
4114,1299.4413974942393,0.5516282865719723,1280
4115,1299.4413974942393,0.5516282865719723,1280
4116,1299.4413974942393,0.5516282865719723,1280
4117,1299.4413974942393,0.5516282865719723,1280
4118,1299.4413974942393,0.5516282865719723,1280
4119,1299.4413974942393,0.5516282865719723,1280
4120,1299.4413974942393,0.5516282865719723,1280
4121,1299.4413974942393,0.5516282865719723,1280
4122,1299.4413974942393,0.5516282865719723,1280
4123,1299.4413974942393,0.5516282865719723,1280
4124,1299.4413974942393,0.5516282865719723,1280
4125,1299.4413974942393,0.5516282865719723,1280
4126,1299.4413974942393,0.5516282865719723,1280
4127,1299.4413974942393,0.5516282865719723,1280
4128,1299.4413974942393,0.5516282865719723,1280
4129,1299.4413974942393,0.5516282865719723,1280
4130,1299.4413974942393,0.5516282865719723,1280
4131,1299.4413974942393,0.5516282865719723,1280
4132,1299.4413974942393,0.5516282865719723,1280
4133,1299.4413974942393,0.5516282865719723,1280
4134,1299.4413974942393,0.5516282865719723,1280
4135,1299.4413974942393,0.5516282865719723,1280
4136,1299.4413974942393,0.5516282865719723,1280
4137,1299.4413974942393,0.5516282865719723,1280
4138,1299.4413974942393,0.5516282865719723,1280
4139,1299.4413974942393,0.5516282865719723,1280
4140,1299.4413974942393,0.5516282865719723,1280
4141,1299.4413974942393,0.5516282865719723,1280
4142,1299.4413974942393,0.5516282865719723,1280
4143,1299.4413974942393,0.5516282865719723,1280
4144,1299.4413974942393,0.5516282865719723,1280
4145,1299.4413974942393,0.5516282865719723,1280
4146,1299.4413974942393,0.5516282865719723,1280
4147,1299.4413974942393,0.5516282865719723,1280
4148,1299.4413974942393,0.5516282865719723,1280
4149,1299.4413974942393,0.5516282865719723,1280
4150,1299.4413974942393,0.5516282865719723,1280
4151,1299.4413974942393,0.5516282865719723,1280
4152,1299.4413974942393,0.5516282865719723,1280
4153,1299.4413974942393,0.5516282865719723,1280
4154,1299.4413974942393,0.5516282865719723,1280
4155,1299.4413974942393,0.5516282865719723,1280
4156,1299.4413974942393,0.5516282865719723,1280
4157,1299.4413974942393,0.5516282865719723,1280
4158,1299.4413974942393,0.5516282865719723,1280
4159,1299.4413974942393,0.5516282865719723,1280
4160,1299.4413974942393,0.5516282865719723,1280
4161,1299.4413974942393,0.5516282865719723,1280
4162,1299.4413974942393,0.5516282865719723,1280
4163,1299.4413974942393,0.5516282865719723,1280
4164,1299.4413974942393,0.5516282865719723,1280
4165,1299.4413974942393,0.5516282865719723,1280
4166,1299.4413974942393,0.5516282865719723,1280
4167,1299.4413974942393,0.5516282865719723,1280
4168,1299.4413974942393,0.5516282865719723,1280
4169,1299.4413974942393,0.5516282865719723,1280
4170,1299.4413974942393,0.5516282865719723,1280
4171,1299.4413974942393,0.5516282865719723,1280
4172,1299.4413974942393,0.5516282865719723,1280
4173,1299.4413974942393,0.5516282865719723,1280
4174,1299.4413974942393,0.5516282865719723,1280
4175,1299.4413974942393,0.5516282865719723,1280
4176,1299.4413974942393,0.5516282865719723,1280
4177,1299.4413974942393,0.5516282865719723,1280
4178,1299.4413974942393,0.5516282865719723,1280
4179,1299.4413974942393,0.5516282865719723,1280
4180,1299.4413974942393,0.5516282865719723,1280
4181,1299.4413974942393,0.5516282865719723,1280
4182,1299.4413974942393,0.5516282865719723,1280
4183,1299.4413974942393,0.5516282865719723,1280
4184,1299.4413974942393,0.5516282865719723,1280
4185,1299.4413974942393,0.5516282865719723,1280
4186,1299.4413974942393,0.5516282865719723,1280
4187,1299.4413974942393,0.5516282865719723,1280
4188,1299.4413974942393,0.5516282865719723,1280
4189,1299.4413974942393,0.5516282865719723,1280
4190,1299.4413974942393,0.5516282865719723,1280
4191,1299.4413974942393,0.5516282865719723,1280
4192,1299.4413974942393,0.5516282865719723,1280
4193,1299.4413974942393,0.5516282865719723,1280
4194,1299.4413974942393,0.5516282865719723,1280
4195,1299.4413974942393,0.5516282865719723,1280
4196,1299.4413974942393,0.5516282865719723,1280
4197,1299.4413974942393,0.5516282865719723,1280
4198,1299.4413974942393,0.5516282865719723,1280
4199,1299.4413974942393,0.5516282865719723,1280
4200,1299.4413974942393,0.5516282865719723,1280
4201,1299.4413974942393,0.5516282865719723,1280
4202,1299.4413974942393,0.5516282865719723,1280
4203,1299.4413974942393,0.5516282865719723,1280
4204,1299.4413974942393,0.5516282865719723,1280
4205,1299.4413974942393,0.5516282865719723,1280
4206,1299.4413974942393,0.5516282865719723,1280
4207,1299.4413974942393,0.5516282865719723,1280
4208,1299.4413974942393,0.5516282865719723,1280
4209,1299.4413974942393,0.5516282865719723,1280
4210,1299.4413974942393,0.5516282865719723,1280
4211,1299.4413974942393,0.5516282865719723,1280
4212,1299.4413974942393,0.5516282865719723,1280
4213,1299.4413974942393,0.5516282865719723,1280
4214,1299.4413974942393,0.5516282865719723,1280
4215,1299.4413974942393,0.5516282865719723,1280
4216,1299.4413974942393,0.5516282865719723,1280
4217,1299.4413974942393,0.5516282865719723,1280
4218,1299.4413974942393,0.5516282865719723,1280
4219,1299.4413974942393,0.5516282865719723,1280
4220,1299.4413974942393,0.5516282865719723,1280
4221,1299.4413974942393,0.5516282865719723,1280
4222,1299.4413974942393,0.5516282865719723,1280
4223,1299.4413974942393,0.5516282865719723,1280
4224,1299.4413974942393,0.5516282865719723,1280
4225,1299.4413974942393,0.5516282865719723,1280
4226,1299.4413974942393,0.5516282865719723,1280
4227,1299.4413974942393,0.5516282865719723,1280
4228,1299.4413974942393,0.5516282865719723,1280
4229,1299.4413974942393,0.5516282865719723,1280
4230,1299.4413974942393,0.5516282865719723,1280
4231,1299.4413974942393,0.5516282865719723,1280
4232,1299.4413974942393,0.5516282865719723,1280
4233,1299.4413974942393,0.5516282865719723,1280
4234,1299.4413974942393,0.5516282865719723,1280
4235,1299.4413974942393,0.5516282865719723,1280
4236,1299.4413974942393,0.5516282865719723,1280
4237,1299.4413974942393,0.5516282865719723,1280
4238,1299.4413974942393,0.5516282865719723,1280
4239,1299.4413974942393,0.5516282865719723,1280
4240,1299.4413974942393,0.5516282865719723,1280
4241,1299.4413974942393,0.5516282865719723,1280
4242,1299.4413974942393,0.5516282865719723,1280
4243,1299.4413974942393,0.5516282865719723,1280
4244,1299.4413974942393,0.5516282865719723,1280
4245,1299.4413974942393,0.5516282865719723,1280
4246,1299.4413974942393,0.5516282865719723,1280
4247,1299.4413974942393,0.5516282865719723,1280
4248,1299.4413974942393,0.5516282865719723,1280
4249,1299.4413974942393,0.5516282865719723,1280
4250,1299.4413974942393,0.5516282865719723,1280
4251,1299.4413974942393,0.5516282865719723,1280
4252,1299.4413974942393,0.5516282865719723,1280
4253,1299.4413974942393,0.5516282865719723,1280
4254,1299.4413974942393,0.5516282865719723,1280
4255,1299.4413974942393,0.5516282865719723,1280
4256,1299.4413974942393,0.5516282865719723,1280
4257,1299.4413974942393,0.5516282865719723,1280
4258,1299.4413974942393,0.5516282865719723,1280
4259,1299.4413974942393,0.5516282865719723,1280
4260,1299.4413974942393,0.5516282865719723,1280
4261,1299.4413974942393,0.5516282865719723,1280
4262,1299.4413974942393,0.5516282865719723,1280
4263,1299.4413974942393,0.5516282865719723,1280
4264,1299.4413974942393,0.5516282865719723,1280
4265,1299.4413974942393,0.5516282865719723,1280
4266,1299.4413974942393,0.5516282865719723,1280
4267,1299.4413974942393,0.5516282865719723,1280
4268,1299.4413974942393,0.5516282865719723,1280
4269,1299.4413974942393,0.5516282865719723,1280
4270,1299.4413974942393,0.5516282865719723,1280
4271,1299.4413974942393,0.5516282865719723,1280
4272,1299.4413974942393,0.5516282865719723,1280
4273,1299.4413974942393,0.5516282865719723,1280
4274,1299.4413974942393,0.5516282865719723,1280
4275,1299.4413974942393,0.5516282865719723,1280
4276,1299.4413974942393,0.5516282865719723,1280
4277,1299.4413974942393,0.5516282865719723,1280
4278,1299.4413974942393,0.5516282865719723,1280
4279,1299.4413974942393,0.5516282865719723,1280
4280,1299.4413974942393,0.5516282865719723,1280
4281,1299.4413974942393,0.5516282865719723,1280
4282,1299.4413974942393,0.5516282865719723,1280
4283,1299.4413974942393,0.5516282865719723,1280
4284,1299.4413974942393,0.5516282865719723,1280
4285,1299.4413974942393,0.5516282865719723,1280
4286,1299.4413974942393,0.5516282865719723,1280
4287,1299.4413974942393,0.5516282865719723,1280
4288,1299.4413974942393,0.5516282865719723,1280
4289,1299.4413974942393,0.5516282865719723,1280
4290,1299.4413974942393,0.5516282865719723,1280
4291,1299.4413974942393,0.5516282865719723,1280
4292,1299.4413974942393,0.5516282865719723,1280
4293,1299.4413974942393,0.5516282865719723,1280
4294,1299.4413974942393,0.5516282865719723,1280
4295,1299.4413974942393,0.5516282865719723,1280
4296,1299.4413974942393,0.5516282865719723,1280
4297,1299.4413974942393,0.5516282865719723,1280
4298,1299.4413974942393,0.5516282865719723,1280
4299,1299.4413974942393,0.5516282865719723,1280
4300,1299.4413974942393,0.5516282865719723,1280
4301,1299.4413974942393,0.5516282865719723,1280
4302,1299.4413974942393,0.5516282865719723,1280
4303,1299.4413974942393,0.5516282865719723,1280
4304,1299.4413974942393,0.5516282865719723,1280
4305,1299.4413974942393,0.5516282865719723,1280
4306,1299.4413974942393,0.5516282865719723,1280
4307,1299.4413974942393,0.5516282865719723,1280
4308,1299.4413974942393,0.5516282865719723,1280
4309,1299.4413974942393,0.5516282865719723,1280
4310,1299.4413974942393,0.5516282865719723,1280
4311,1299.4413974942393,0.5516282865719723,1280
4312,1299.4413974942393,0.5516282865719723,1280
4313,1299.4413974942393,0.5516282865719723,1280
4314,1299.4413974942393,0.5516282865719723,1280
4315,1299.4413974942393,0.5516282865719723,1280
4316,1299.4413974942393,0.5516282865719723,1280
4317,1299.4413974942393,0.5516282865719723,1280
4318,1299.4413974942393,0.5516282865719723,1280
4319,1299.4413974942393,0.5516282865719723,1280
4320,1299.4413974942393,0.5516282865719723,1280
4321,1299.4413974942393,0.5516282865719723,1280
4322,1299.4413974942393,0.5516282865719723,1280
4323,1299.4413974942393,0.5516282865719723,1280
4324,1299.4413974942393,0.5516282865719723,1280
4325,1299.4413974942393,0.5516282865719723,1280
4326,1299.4413974942393,0.5516282865719723,1280
4327,1299.4413974942393,0.5516282865719723,1280
4328,1299.4413974942393,0.5516282865719723,1280
4329,1299.4413974942393,0.5516282865719723,1280
4330,1299.4413974942393,0.5516282865719723,1280
4331,1299.4413974942393,0.5516282865719723,1280
4332,1299.4413974942393,0.5516282865719723,1280
4333,1299.4413974942393,0.5516282865719723,1280
4334,1299.4413974942393,0.5516282865719723,1280
4335,1299.4413974942393,0.5516282865719723,1280
4336,1299.4413974942393,0.5516282865719723,1280
4337,1299.4413974942393,0.5516282865719723,1280
4338,1299.4413974942393,0.5516282865719723,1280
4339,1299.4413974942393,0.5516282865719723,1280
4340,1299.4413974942393,0.5516282865719723,1280
4341,1299.4413974942393,0.5516282865719723,1280
4342,1299.4413974942393,0.5516282865719723,1280
4343,1299.4413974942393,0.5516282865719723,1280
4344,1299.4413974942393,0.5516282865719723,1280
4345,1299.4413974942393,0.5516282865719723,1280
4346,1299.4413974942393,0.5516282865719723,1280
4347,1299.4413974942393,0.5516282865719723,1280
4348,1299.4413974942393,0.5516282865719723,1280
4349,1299.4413974942393,0.5516282865719723,1280
4350,1299.4413974942393,0.5516282865719723,1280
4351,1299.4413974942393,0.5516282865719723,1280
4352,1299.4413974942393,0.5516282865719723,1280
4353,1299.4413974942393,0.5516282865719723,1280
4354,1299.4413974942393,0.5516282865719723,1280
4355,1299.4413974942393,0.5516282865719723,1280
4356,1299.4413974942393,0.5516282865719723,1280
4357,1299.4413974942393,0.5516282865719723,1280
4358,1299.4413974942393,0.5516282865719723,1280
4359,1299.4413974942393,0.5516282865719723,1280
4360,1299.4413974942393,0.5516282865719723,1280
4361,1299.4413974942393,0.5516282865719723,1280
4362,1299.4413974942393,0.5516282865719723,1280
4363,1299.4413974942393,0.5516282865719723,1280
4364,1299.4413974942393,0.5516282865719723,1280
4365,1299.4413974942393,0.5516282865719723,1280
4366,1299.4413974942393,0.5516282865719723,1280
4367,1299.4413974942393,0.5516282865719723,1280
4368,1299.4413974942393,0.5516282865719723,1280
4369,1299.4413974942393,0.5516282865719723,1280
4370,1299.4413974942393,0.5516282865719723,1280
4371,1299.4413974942393,0.5516282865719723,1280
4372,1299.4413974942393,0.5516282865719723,1280
4373,1299.4413974942393,0.5516282865719723,1280
4374,1299.4413974942393,0.5516282865719723,1280
4375,1299.4413974942393,0.5516282865719723,1280
4376,1299.4413974942393,0.5516282865719723,1280
4377,1299.4413974942393,0.5516282865719723,1280
4378,1299.4413974942393,0.5516282865719723,1280
4379,1299.4413974942393,0.5516282865719723,1280
4380,1299.4413974942393,0.5516282865719723,1280
4381,1299.4413974942393,0.5516282865719723,1280
4382,1299.4413974942393,0.5516282865719723,1280
4383,1299.4413974942393,0.5516282865719723,1280
4384,1299.4413974942393,0.5516282865719723,1280
4385,1299.4413974942393,0.5516282865719723,1280
4386,1299.4413974942393,0.5516282865719723,1280
4387,1299.4413974942393,0.5516282865719723,1280
4388,1299.4413974942393,0.5516282865719723,1280
4389,1299.4413974942393,0.5516282865719723,1280
4390,1299.4413974942393,0.5516282865719723,1280
4391,1299.4413974942393,0.5516282865719723,1280
4392,1299.4413974942393,0.5516282865719723,1280
4393,1299.4413974942393,0.5516282865719723,1280
4394,1299.4413974942393,0.5516282865719723,1280
4395,1299.4413974942393,0.5516282865719723,1280
4396,1299.4413974942393,0.5516282865719723,1280
4397,1299.4413974942393,0.5516282865719723,1280
4398,1299.4413974942393,0.5516282865719723,1280
4399,1299.4413974942393,0.5516282865719723,1280
4400,1299.4413974942393,0.5516282865719723,1280
4401,1299.4413974942393,0.5516282865719723,1280
4402,1299.4413974942393,0.5516282865719723,1280
4403,1299.4413974942393,0.5516282865719723,1280
4404,1299.4413974942393,0.5516282865719723,1280
4405,1299.4413974942393,0.5516282865719723,1280
4406,1299.4413974942393,0.5516282865719723,1280
4407,1299.4413974942393,0.5516282865719723,1280
4408,1299.4413974942393,0.5516282865719723,1280
4409,1299.4413974942393,0.5516282865719723,1280
4410,1299.4413974942393,0.5516282865719723,1280
4411,1299.4413974942393,0.5516282865719723,1280
4412,1299.4413974942393,0.5516282865719723,1280
4413,1299.4413974942393,0.5516282865719723,1280
4414,1299.4413974942393,0.5516282865719723,1280
4415,1299.4413974942393,0.5516282865719723,1280
4416,1299.4413974942393,0.5516282865719723,1280
4417,1299.4413974942393,0.5516282865719723,1280
4418,1299.4413974942393,0.5516282865719723,1280
4419,1299.4413974942393,0.5516282865719723,1280
4420,1299.4413974942393,0.5516282865719723,1280
4421,1299.4413974942393,0.5516282865719723,1280
4422,1299.4413974942393,0.5516282865719723,1280
4423,1299.4413974942393,0.5516282865719723,1280
4424,1299.4413974942393,0.5516282865719723,1280
4425,1299.4413974942393,0.5516282865719723,1280
4426,1299.4413974942393,0.5516282865719723,1280
4427,1299.4413974942393,0.5516282865719723,1280
4428,1299.4413974942393,0.5516282865719723,1280
4429,1299.4413974942393,0.5516282865719723,1280
4430,1299.4413974942393,0.5516282865719723,1280
4431,1299.4413974942393,0.5516282865719723,1280
4432,1299.4413974942393,0.5516282865719723,1280
4433,1299.4413974942393,0.5516282865719723,1280
4434,1299.4413974942393,0.5516282865719723,1280
4435,1299.4413974942393,0.5516282865719723,1280
4436,1299.4413974942393,0.5516282865719723,1280
4437,1299.4413974942393,0.5516282865719723,1280
4438,1299.4413974942393,0.5516282865719723,1280
4439,1299.4413974942393,0.5516282865719723,1280
4440,1299.4413974942393,0.5516282865719723,1280
4441,1299.4413974942393,0.5516282865719723,1280
4442,1299.4413974942393,0.5516282865719723,1280
4443,1299.4413974942393,0.5516282865719723,1280
4444,1299.4413974942393,0.5516282865719723,1280
4445,1299.4413974942393,0.5516282865719723,1280
4446,1299.4413974942393,0.5516282865719723,1280
4447,1299.4413974942393,0.5516282865719723,1280
4448,1299.4413974942393,0.5516282865719723,1280
4449,1299.4413974942393,0.5516282865719723,1280
4450,1299.4413974942393,0.5516282865719723,1280
4451,1299.4413974942393,0.5516282865719723,1280
4452,1299.4413974942393,0.5516282865719723,1280
4453,1299.4413974942393,0.5516282865719723,1280
4454,1299.4413974942393,0.5516282865719723,1280
4455,1299.4413974942393,0.5516282865719723,1280
4456,1299.4413974942393,0.5516282865719723,1280
4457,1299.4413974942393,0.5516282865719723,1280
4458,1299.4413974942393,0.5516282865719723,1280
4459,1299.4413974942393,0.5516282865719723,1280
4460,1299.4413974942393,0.5516282865719723,1280
4461,1299.4413974942393,0.5516282865719723,1280
4462,1299.4413974942393,0.5516282865719723,1280
4463,1299.4413974942393,0.5516282865719723,1280
4464,1299.4413974942393,0.5516282865719723,1280
4465,1299.4413974942393,0.5516282865719723,1280
4466,1299.4413974942393,0.5516282865719723,1280
4467,1299.4413974942393,0.5516282865719723,1280
4468,1299.4413974942393,0.5516282865719723,1280
4469,1299.4413974942393,0.5516282865719723,1280
4470,1299.4413974942393,0.5516282865719723,1280
4471,1299.4413974942393,0.5516282865719723,1280
4472,1299.4413974942393,0.5516282865719723,1280
4473,1299.4413974942393,0.5516282865719723,1280
4474,1299.4413974942393,0.5516282865719723,1280
4475,1299.4413974942393,0.5516282865719723,1280
4476,1299.4413974942393,0.5516282865719723,1280
4477,1299.4413974942393,0.5516282865719723,1280
4478,1299.4413974942393,0.5516282865719723,1280
4479,1299.4413974942393,0.5516282865719723,1280
4480,1299.4413974942393,0.5516282865719723,1280
4481,1299.4413974942393,0.5516282865719723,1280
4482,1299.4413974942393,0.5516282865719723,1280
4483,1299.4413974942393,0.5516282865719723,1280
4484,1299.4413974942393,0.5516282865719723,1280
4485,1299.4413974942393,0.5516282865719723,1280
4486,1299.4413974942393,0.5516282865719723,1280
4487,1299.4413974942393,0.5516282865719723,1280
4488,1299.4413974942393,0.5516282865719723,1280
4489,1299.4413974942393,0.5516282865719723,1280
4490,1299.4413974942393,0.5516282865719723,1280
4491,1299.4413974942393,0.5516282865719723,1280
4492,1299.4413974942393,0.5516282865719723,1280
4493,1299.4413974942393,0.5516282865719723,1280
4494,1299.4413974942393,0.5516282865719723,1280
4495,1299.4413974942393,0.5516282865719723,1280
4496,1299.4413974942393,0.5516282865719723,1280
4497,1299.4413974942393,0.5516282865719723,1280
4498,1299.4413974942393,0.5516282865719723,1280
4499,1299.4413974942393,0.5516282865719723,1280
4500,1299.4413974942393,0.5516282865719723,1280
4501,1299.4413974942393,0.5516282865719723,1280
4502,1299.4413974942393,0.5516282865719723,1280
4503,1299.4413974942393,0.5516282865719723,1280
4504,1299.4413974942393,0.5516282865719723,1280
4505,1299.4413974942393,0.5516282865719723,1280
4506,1299.4413974942393,0.5516282865719723,1280
4507,1299.4413974942393,0.5516282865719723,1280
4508,1299.4413974942393,0.5516282865719723,1280
4509,1299.4413974942393,0.5516282865719723,1280
4510,1299.4413974942393,0.5516282865719723,1280
4511,1299.4413974942393,0.5516282865719723,1280
4512,1299.4413974942393,0.5516282865719723,1280
4513,1299.4413974942393,0.5516282865719723,1280
4514,1299.4413974942393,0.5516282865719723,1280
4515,1299.4413974942393,0.5516282865719723,1280
4516,1299.4413974942393,0.5516282865719723,1280
4517,1299.4413974942393,0.5516282865719723,1280
4518,1299.4413974942393,0.5516282865719723,1280
4519,1299.4413974942393,0.5516282865719723,1280
4520,1299.4413974942393,0.5516282865719723,1280
4521,1299.4413974942393,0.5516282865719723,1280
4522,1299.4413974942393,0.5516282865719723,1280
4523,1299.4413974942393,0.5516282865719723,1280
4524,1299.4413974942393,0.5516282865719723,1280
4525,1299.4413974942393,0.5516282865719723,1280
4526,1299.4413974942393,0.5516282865719723,1280
4527,1299.4413974942393,0.5516282865719723,1280
4528,1299.4413974942393,0.5516282865719723,1280
4529,1299.4413974942393,0.5516282865719723,1280
4530,1299.4413974942393,0.5516282865719723,1280
4531,1299.4413974942393,0.5516282865719723,1280
4532,1299.4413974942393,0.5516282865719723,1280
4533,1299.4413974942393,0.5516282865719723,1280
4534,1299.4413974942393,0.5516282865719723,1280
4535,1299.4413974942393,0.5516282865719723,1280
4536,1299.4413974942393,0.5516282865719723,1280
4537,1299.4413974942393,0.5516282865719723,1280
4538,1299.4413974942393,0.5516282865719723,1280
4539,1299.4413974942393,0.5516282865719723,1280
4540,1299.4413974942393,0.5516282865719723,1280
4541,1299.4413974942393,0.5516282865719723,1280
4542,1299.4413974942393,0.5516282865719723,1280
4543,1299.4413974942393,0.5516282865719723,1280
4544,1299.4413974942393,0.5516282865719723,1280
4545,1299.4413974942393,0.5516282865719723,1280
4546,1299.4413974942393,0.5516282865719723,1280
4547,1299.4413974942393,0.5516282865719723,1280
4548,1299.4413974942393,0.5516282865719723,1280
4549,1299.4413974942393,0.5516282865719723,1280
4550,1299.4413974942393,0.5516282865719723,1280
4551,1299.4413974942393,0.5516282865719723,1280
4552,1299.4413974942393,0.5516282865719723,1280
4553,1299.4413974942393,0.5516282865719723,1280
4554,1299.4413974942393,0.5516282865719723,1280
4555,1299.4413974942393,0.5516282865719723,1280
4556,1299.4413974942393,0.5516282865719723,1280
4557,1299.4413974942393,0.5516282865719723,1280
4558,1299.4413974942393,0.5516282865719723,1280
4559,1299.4413974942393,0.5516282865719723,1280
4560,1299.4413974942393,0.5516282865719723,1280
4561,1299.4413974942393,0.5516282865719723,1280
4562,1299.4413974942393,0.5516282865719723,1280
4563,1299.4413974942393,0.5516282865719723,1280
4564,1299.4413974942393,0.5516282865719723,1280
4565,1299.4413974942393,0.5516282865719723,1280
4566,1299.4413974942393,0.5516282865719723,1280
4567,1299.4413974942393,0.5516282865719723,1280
4568,1299.4413974942393,0.5516282865719723,1280
4569,1299.4413974942393,0.5516282865719723,1280
4570,1299.4413974942393,0.5516282865719723,1280
4571,1299.4413974942393,0.5516282865719723,1280
4572,1299.4413974942393,0.5516282865719723,1280
4573,1299.4413974942393,0.5516282865719723,1280
4574,1299.4413974942393,0.5516282865719723,1280
4575,1299.4413974942393,0.5516282865719723,1280
4576,1299.4413974942393,0.5516282865719723,1280
4577,1299.4413974942393,0.5516282865719723,1280
4578,1299.4413974942393,0.5516282865719723,1280
4579,1299.4413974942393,0.5516282865719723,1280
4580,1299.4413974942393,0.5516282865719723,1280
4581,1299.4413974942393,0.5516282865719723,1280
4582,1299.4413974942393,0.5516282865719723,1280
4583,1299.4413974942393,0.5516282865719723,1280
4584,1299.4413974942393,0.5516282865719723,1280
4585,1299.4413974942393,0.5516282865719723,1280
4586,1299.4413974942393,0.5516282865719723,1280
4587,1299.4413974942393,0.5516282865719723,1280
4588,1299.4413974942393,0.5516282865719723,1280
4589,1299.4413974942393,0.5516282865719723,1280
4590,1299.4413974942393,0.5516282865719723,1280
4591,1299.4413974942393,0.5516282865719723,1280
4592,1299.4413974942393,0.5516282865719723,1280
4593,1299.4413974942393,0.5516282865719723,1280
4594,1299.4413974942393,0.5516282865719723,1280
4595,1299.4413974942393,0.5516282865719723,1280
4596,1299.4413974942393,0.5516282865719723,1280
4597,1299.4413974942393,0.5516282865719723,1280
4598,1299.4413974942393,0.5516282865719723,1280
4599,1299.4413974942393,0.5516282865719723,1280
4600,1299.4413974942393,0.5516282865719723,1280
4601,1299.4413974942393,0.5516282865719723,1280
4602,1299.4413974942393,0.5516282865719723,1280
4603,1299.4413974942393,0.5516282865719723,1280
4604,1299.4413974942393,0.5516282865719723,1280
4605,1299.4413974942393,0.5516282865719723,1280
4606,1299.4413974942393,0.5516282865719723,1280
4607,1299.4413974942393,0.5516282865719723,1280
4608,1299.4413974942393,0.5516282865719723,1280
4609,1299.4413974942393,0.5516282865719723,1280
4610,1299.4413974942393,0.5516282865719723,1280
4611,1299.4413974942393,0.5516282865719723,1280
4612,1299.4413974942393,0.5516282865719723,1280
4613,1299.4413974942393,0.5516282865719723,1280
4614,1299.4413974942393,0.5516282865719723,1280
4615,1299.4413974942393,0.5516282865719723,1280
4616,1299.4413974942393,0.5516282865719723,1280
4617,1299.4413974942393,0.5516282865719723,1280
4618,1299.4413974942393,0.5516282865719723,1280
4619,1299.4413974942393,0.5516282865719723,1280
4620,1299.4413974942393,0.5516282865719723,1280
4621,1299.4413974942393,0.5516282865719723,1280
4622,1299.4413974942393,0.5516282865719723,1280
4623,1299.4413974942393,0.5516282865719723,1280
4624,1299.4413974942393,0.5516282865719723,1280
4625,1299.4413974942393,0.5516282865719723,1280
4626,1299.4413974942393,0.5516282865719723,1280
4627,1299.4413974942393,0.5516282865719723,1280
4628,1299.4413974942393,0.5516282865719723,1280
4629,1299.4413974942393,0.5516282865719723,1280
4630,1299.4413974942393,0.5516282865719723,1280
4631,1299.4413974942393,0.5516282865719723,1280
4632,1299.4413974942393,0.5516282865719723,1280
4633,1299.4413974942393,0.5516282865719723,1280
4634,1299.4413974942393,0.5516282865719723,1280
4635,1299.4413974942393,0.5516282865719723,1280
4636,1299.4413974942393,0.5516282865719723,1280
4637,1299.4413974942393,0.5516282865719723,1280
4638,1299.4413974942393,0.5516282865719723,1280
4639,1299.4413974942393,0.5516282865719723,1280
4640,1299.4413974942393,0.5516282865719723,1280
4641,1299.4413974942393,0.5516282865719723,1280
4642,1299.4413974942393,0.5516282865719723,1280
4643,1299.4413974942393,0.5516282865719723,1280
4644,1299.4413974942393,0.5516282865719723,1280
4645,1299.4413974942393,0.5516282865719723,1280
4646,1299.4413974942393,0.5516282865719723,1280
4647,1299.4413974942393,0.5516282865719723,1280
4648,1299.4413974942393,0.5516282865719723,1280
4649,1299.4413974942393,0.5516282865719723,1280
4650,1299.4413974942393,0.5516282865719723,1280
4651,1299.4413974942393,0.5516282865719723,1280
4652,1299.4413974942393,0.5516282865719723,1280
4653,1299.4413974942393,0.5516282865719723,1280
4654,1299.4413974942393,0.5516282865719723,1280
4655,1299.4413974942393,0.5516282865719723,1280
4656,1299.4413974942393,0.5516282865719723,1280
4657,1299.4413974942393,0.5516282865719723,1280
4658,1299.4413974942393,0.5516282865719723,1280
4659,1299.4413974942393,0.5516282865719723,1280
4660,1299.4413974942393,0.5516282865719723,1280
4661,1299.4413974942393,0.5516282865719723,1280
4662,1299.4413974942393,0.5516282865719723,1280
4663,1299.4413974942393,0.5516282865719723,1280
4664,1299.4413974942393,0.5516282865719723,1280
4665,1299.4413974942393,0.5516282865719723,1280
4666,1299.4413974942393,0.5516282865719723,1280
4667,1299.4413974942393,0.5516282865719723,1280
4668,1299.4413974942393,0.5516282865719723,1280
4669,1299.4413974942393,0.5516282865719723,1280
4670,1299.4413974942393,0.5516282865719723,1280
4671,1299.4413974942393,0.5516282865719723,1280
4672,1299.4413974942393,0.5516282865719723,1280
4673,1299.4413974942393,0.5516282865719723,1280
4674,1299.4413974942393,0.5516282865719723,1280
4675,1299.4413974942393,0.5516282865719723,1280
4676,1299.4413974942393,0.5516282865719723,1280
4677,1299.4413974942393,0.5516282865719723,1280
4678,1299.4413974942393,0.5516282865719723,1280
4679,1299.4413974942393,0.5516282865719723,1280
4680,1299.4413974942393,0.5516282865719723,1280
4681,1299.4413974942393,0.5516282865719723,1280
4682,1299.4413974942393,0.5516282865719723,1280
4683,1299.4413974942393,0.5516282865719723,1280
4684,1299.4413974942393,0.5516282865719723,1280
4685,1299.4413974942393,0.5516282865719723,1280
4686,1299.4413974942393,0.5516282865719723,1280
4687,1299.4413974942393,0.5516282865719723,1280
4688,1299.4413974942393,0.5516282865719723,1280
4689,1299.4413974942393,0.5516282865719723,1280
4690,1299.4413974942393,0.5516282865719723,1280
4691,1299.4413974942393,0.5516282865719723,1280
4692,1299.4413974942393,0.5516282865719723,1280
4693,1299.4413974942393,0.5516282865719723,1280
4694,1299.4413974942393,0.5516282865719723,1280
4695,1299.4413974942393,0.5516282865719723,1280
4696,1299.4413974942393,0.5516282865719723,1280
4697,1299.4413974942393,0.5516282865719723,1280
4698,1299.4413974942393,0.5516282865719723,1280
4699,1299.4413974942393,0.5516282865719723,1280
4700,1299.4413974942393,0.5516282865719723,1280
4701,1299.4413974942393,0.5516282865719723,1280
4702,1299.4413974942393,0.5516282865719723,1280
4703,1299.4413974942393,0.5516282865719723,1280
4704,1299.4413974942393,0.5516282865719723,1280
4705,1299.4413974942393,0.5516282865719723,1280
4706,1299.4413974942393,0.5516282865719723,1280
4707,1299.4413974942393,0.5516282865719723,1280
4708,1299.4413974942393,0.5516282865719723,1280
4709,1299.4413974942393,0.5516282865719723,1280
4710,1299.4413974942393,0.5516282865719723,1280
4711,1299.4413974942393,0.5516282865719723,1280
4712,1299.4413974942393,0.5516282865719723,1280
4713,1299.4413974942393,0.5516282865719723,1280
4714,1299.4413974942393,0.5516282865719723,1280
4715,1299.4413974942393,0.5516282865719723,1280
4716,1299.4413974942393,0.5516282865719723,1280
4717,1299.4413974942393,0.5516282865719723,1280
4718,1299.4413974942393,0.5516282865719723,1280
4719,1299.4413974942393,0.5516282865719723,1280
4720,1299.4413974942393,0.5516282865719723,1280
4721,1299.4413974942393,0.5516282865719723,1280
4722,1299.4413974942393,0.5516282865719723,1280
4723,1299.4413974942393,0.5516282865719723,1280
4724,1299.4413974942393,0.5516282865719723,1280
4725,1299.4413974942393,0.5516282865719723,1280
4726,1299.4413974942393,0.5516282865719723,1280
4727,1299.4413974942393,0.5516282865719723,1280
4728,1299.4413974942393,0.5516282865719723,1280
4729,1299.4413974942393,0.5516282865719723,1280
4730,1299.4413974942393,0.5516282865719723,1280
4731,1299.4413974942393,0.5516282865719723,1280
4732,1299.4413974942393,0.5516282865719723,1280
4733,1299.4413974942393,0.5516282865719723,1280
4734,1299.4413974942393,0.5516282865719723,1280
4735,1299.4413974942393,0.5516282865719723,1280
4736,1299.4413974942393,0.5516282865719723,1280
4737,1299.4413974942393,0.5516282865719723,1280
4738,1299.4413974942393,0.5516282865719723,1280
4739,1299.4413974942393,0.5516282865719723,1280
4740,1299.4413974942393,0.5516282865719723,1280
4741,1299.4413974942393,0.5516282865719723,1280
4742,1299.4413974942393,0.5516282865719723,1280
4743,1299.4413974942393,0.5516282865719723,1280
4744,1299.4413974942393,0.5516282865719723,1280
4745,1299.4413974942393,0.5516282865719723,1280
4746,1299.4413974942393,0.5516282865719723,1280
4747,1299.4413974942393,0.5516282865719723,1280
4748,1299.4413974942393,0.5516282865719723,1280
4749,1299.4413974942393,0.5516282865719723,1280
4750,1299.4413974942393,0.5516282865719723,1280
4751,1299.4413974942393,0.5516282865719723,1280
4752,1299.4413974942393,0.5516282865719723,1280
4753,1299.4413974942393,0.5516282865719723,1280
4754,1299.4413974942393,0.5516282865719723,1280
4755,1299.4413974942393,0.5516282865719723,1280
4756,1299.4413974942393,0.5516282865719723,1280
4757,1299.4413974942393,0.5516282865719723,1280
4758,1299.4413974942393,0.5516282865719723,1280
4759,1299.4413974942393,0.5516282865719723,1280
4760,1299.4413974942393,0.5516282865719723,1280
4761,1299.4413974942393,0.5516282865719723,1280
4762,1299.4413974942393,0.5516282865719723,1280
4763,1299.4413974942393,0.5516282865719723,1280
4764,1299.4413974942393,0.5516282865719723,1280
4765,1299.4413974942393,0.5516282865719723,1280
4766,1299.4413974942393,0.5516282865719723,1280
4767,1299.4413974942393,0.5516282865719723,1280
4768,1299.4413974942393,0.5516282865719723,1280
4769,1299.4413974942393,0.5516282865719723,1280
4770,1299.4413974942393,0.5516282865719723,1280
4771,1299.4413974942393,0.5516282865719723,1280
4772,1299.4413974942393,0.5516282865719723,1280
4773,1299.4413974942393,0.5516282865719723,1280
4774,1299.4413974942393,0.5516282865719723,1280
4775,1299.4413974942393,0.5516282865719723,1280
4776,1299.4413974942393,0.5516282865719723,1280
4777,1299.4413974942393,0.5516282865719723,1280
4778,1299.4413974942393,0.5516282865719723,1280
4779,1299.4413974942393,0.5516282865719723,1280
4780,1299.4413974942393,0.5516282865719723,1280
4781,1299.4413974942393,0.5516282865719723,1280
4782,1299.4413974942393,0.5516282865719723,1280
4783,1299.4413974942393,0.5516282865719723,1280
4784,1299.4413974942393,0.5516282865719723,1280
4785,1299.4413974942393,0.5516282865719723,1280
4786,1299.4413974942393,0.5516282865719723,1280
4787,1299.4413974942393,0.5516282865719723,1280
4788,1299.4413974942393,0.5516282865719723,1280
4789,1299.4413974942393,0.5516282865719723,1280
4790,1299.4413974942393,0.5516282865719723,1280
4791,1299.4413974942393,0.5516282865719723,1280
4792,1299.4413974942393,0.5516282865719723,1280
4793,1299.4413974942393,0.5516282865719723,1280
4794,1299.4413974942393,0.5516282865719723,1280
4795,1299.4413974942393,0.5516282865719723,1280
4796,1299.4413974942393,0.5516282865719723,1280
4797,1299.4413974942393,0.5516282865719723,1280
4798,1299.4413974942393,0.5516282865719723,1280
4799,1299.4413974942393,0.5516282865719723,1280
4800,1299.4413974942393,0.5516282865719723,1280
4801,1299.4413974942393,0.5516282865719723,1280
4802,1299.4413974942393,0.5516282865719723,1280
4803,1299.4413974942393,0.5516282865719723,1280
4804,1299.4413974942393,0.5516282865719723,1280
4805,1299.4413974942393,0.5516282865719723,1280
4806,1299.4413974942393,0.5516282865719723,1280
4807,1299.4413974942393,0.5516282865719723,1280
4808,1299.4413974942393,0.5516282865719723,1280
4809,1299.4413974942393,0.5516282865719723,1280
4810,1299.4413974942393,0.5516282865719723,1280
4811,1299.4413974942393,0.5516282865719723,1280
4812,1299.4413974942393,0.5516282865719723,1280
4813,1299.4413974942393,0.5516282865719723,1280
4814,1299.4413974942393,0.5516282865719723,1280
4815,1299.4413974942393,0.5516282865719723,1280
4816,1299.4413974942393,0.5516282865719723,1280
4817,1299.4413974942393,0.5516282865719723,1280
4818,1299.4413974942393,0.5516282865719723,1280
4819,1299.4413974942393,0.5516282865719723,1280
4820,1299.4413974942393,0.5516282865719723,1280
4821,1299.4413974942393,0.5516282865719723,1280
4822,1299.4413974942393,0.5516282865719723,1280
4823,1299.4413974942393,0.5516282865719723,1280
4824,1299.4413974942393,0.5516282865719723,1280
4825,1299.4413974942393,0.5516282865719723,1280
4826,1299.4413974942393,0.5516282865719723,1280
4827,1299.4413974942393,0.5516282865719723,1280
4828,1299.4413974942393,0.5516282865719723,1280
4829,1299.4413974942393,0.5516282865719723,1280
4830,1299.4413974942393,0.5516282865719723,1280
4831,1299.4413974942393,0.5516282865719723,1280
4832,1299.4413974942393,0.5516282865719723,1280
4833,1299.4413974942393,0.5516282865719723,1280
4834,1299.4413974942393,0.5516282865719723,1280
4835,1299.4413974942393,0.5516282865719723,1280
4836,1299.4413974942393,0.5516282865719723,1280
4837,1299.4413974942393,0.5516282865719723,1280
4838,1299.4413974942393,0.5516282865719723,1280
4839,1299.4413974942393,0.5516282865719723,1280
4840,1299.4413974942393,0.5516282865719723,1280
4841,1299.4413974942393,0.5516282865719723,1280
4842,1299.4413974942393,0.5516282865719723,1280
4843,1299.4413974942393,0.5516282865719723,1280
4844,1299.4413974942393,0.5516282865719723,1280
4845,1299.4413974942393,0.5516282865719723,1280
4846,1299.4413974942393,0.5516282865719723,1280
4847,1299.4413974942393,0.5516282865719723,1280
4848,1299.4413974942393,0.5516282865719723,1280
4849,1299.4413974942393,0.5516282865719723,1280
4850,1299.4413974942393,0.5516282865719723,1280
4851,1299.4413974942393,0.5516282865719723,1280
4852,1299.4413974942393,0.5516282865719723,1280
4853,1299.4413974942393,0.5516282865719723,1280
4854,1299.4413974942393,0.5516282865719723,1280
4855,1299.4413974942393,0.5516282865719723,1280
4856,1299.4413974942393,0.5516282865719723,1280
4857,1299.4413974942393,0.5516282865719723,1280
4858,1299.4413974942393,0.5516282865719723,1280
4859,1299.4413974942393,0.5516282865719723,1280
4860,1299.4413974942393,0.5516282865719723,1280
4861,1299.4413974942393,0.5516282865719723,1280
4862,1299.4413974942393,0.5516282865719723,1280
4863,1299.4413974942393,0.5516282865719723,1280
4864,1299.4413974942393,0.5516282865719723,1280
4865,1299.4413974942393,0.5516282865719723,1280
4866,1299.4413974942393,0.5516282865719723,1280
4867,1299.4413974942393,0.5516282865719723,1280
4868,1299.4413974942393,0.5516282865719723,1280
4869,1299.4413974942393,0.5516282865719723,1280
4870,1299.4413974942393,0.5516282865719723,1280
4871,1299.4413974942393,0.5516282865719723,1280
4872,1299.4413974942393,0.5516282865719723,1280
4873,1299.4413974942393,0.5516282865719723,1280
4874,1299.4413974942393,0.5516282865719723,1280
4875,1299.4413974942393,0.5516282865719723,1280
4876,1299.4413974942393,0.5516282865719723,1280
4877,1299.4413974942393,0.5516282865719723,1280
4878,1299.4413974942393,0.5516282865719723,1280
4879,1299.4413974942393,0.5516282865719723,1280
4880,1299.4413974942393,0.5516282865719723,1280
4881,1299.4413974942393,0.5516282865719723,1280
4882,1299.4413974942393,0.5516282865719723,1280
4883,1299.4413974942393,0.5516282865719723,1280
4884,1299.4413974942393,0.5516282865719723,1280
4885,1299.4413974942393,0.5516282865719723,1280
4886,1299.4413974942393,0.5516282865719723,1280
4887,1299.4413974942393,0.5516282865719723,1280
4888,1299.4413974942393,0.5516282865719723,1280
4889,1299.4413974942393,0.5516282865719723,1280
4890,1299.4413974942393,0.5516282865719723,1280
4891,1299.4413974942393,0.5516282865719723,1280
4892,1299.4413974942393,0.5516282865719723,1280
4893,1299.4413974942393,0.5516282865719723,1280
4894,1299.4413974942393,0.5516282865719723,1280
4895,1299.4413974942393,0.5516282865719723,1280
4896,1299.4413974942393,0.5516282865719723,1280
4897,1299.4413974942393,0.5516282865719723,1280
4898,1299.4413974942393,0.5516282865719723,1280
4899,1299.4413974942393,0.5516282865719723,1280
4900,1299.4413974942393,0.5516282865719723,1280
4901,1299.4413974942393,0.5516282865719723,1280
4902,1299.4413974942393,0.5516282865719723,1280
4903,1299.4413974942393,0.5516282865719723,1280
4904,1299.4413974942393,0.5516282865719723,1280
4905,1299.4413974942393,0.5516282865719723,1280
4906,1299.4413974942393,0.5516282865719723,1280
4907,1299.4413974942393,0.5516282865719723,1280
4908,1299.4413974942393,0.5516282865719723,1280
4909,1299.4413974942393,0.5516282865719723,1280
4910,1299.4413974942393,0.5516282865719723,1280
4911,1299.4413974942393,0.5516282865719723,1280
4912,1299.4413974942393,0.5516282865719723,1280
4913,1299.4413974942393,0.5516282865719723,1280
4914,1299.4413974942393,0.5516282865719723,1280
4915,1299.4413974942393,0.5516282865719723,1280
4916,1299.4413974942393,0.5516282865719723,1280
4917,1299.4413974942393,0.5516282865719723,1280
4918,1299.4413974942393,0.5516282865719723,1280
4919,1299.4413974942393,0.5516282865719723,1280
4920,1299.4413974942393,0.5516282865719723,1280
4921,1299.4413974942393,0.5516282865719723,1280
4922,1299.4413974942393,0.5516282865719723,1280
4923,1299.4413974942393,0.5516282865719723,1280
4924,1299.4413974942393,0.5516282865719723,1280
4925,1299.4413974942393,0.5516282865719723,1280
4926,1299.4413974942393,0.5516282865719723,1280
4927,1299.4413974942393,0.5516282865719723,1280
4928,1299.4413974942393,0.5516282865719723,1280
4929,1299.4413974942393,0.5516282865719723,1280
4930,1299.4413974942393,0.5516282865719723,1280
4931,1299.4413974942393,0.5516282865719723,1280
4932,1299.4413974942393,0.5516282865719723,1280
4933,1299.4413974942393,0.5516282865719723,1280
4934,1299.4413974942393,0.5516282865719723,1280
4935,1299.4413974942393,0.5516282865719723,1280
4936,1299.4413974942393,0.5516282865719723,1280
4937,1299.4413974942393,0.5516282865719723,1280
4938,1299.4413974942393,0.5516282865719723,1280
4939,1299.4413974942393,0.5516282865719723,1280
4940,1299.4413974942393,0.5516282865719723,1280
4941,1299.4413974942393,0.5516282865719723,1280
4942,1299.4413974942393,0.5516282865719723,1280
4943,1299.4413974942393,0.5516282865719723,1280
4944,1299.4413974942393,0.5516282865719723,1280
4945,1299.4413974942393,0.5516282865719723,1280
4946,1299.4413974942393,0.5516282865719723,1280
4947,1299.4413974942393,0.5516282865719723,1280
4948,1299.4413974942393,0.5516282865719723,1280
4949,1299.4413974942393,0.5516282865719723,1280
4950,1299.4413974942393,0.5516282865719723,1280
4951,1299.4413974942393,0.5516282865719723,1280
4952,1299.4413974942393,0.5516282865719723,1280
4953,1299.4413974942393,0.5516282865719723,1280
4954,1299.4413974942393,0.5516282865719723,1280
4955,1299.4413974942393,0.5516282865719723,1280
4956,1299.4413974942393,0.5516282865719723,1280
4957,1299.4413974942393,0.5516282865719723,1280
4958,1299.4413974942393,0.5516282865719723,1280
4959,1299.4413974942393,0.5516282865719723,1280
4960,1299.4413974942393,0.5516282865719723,1280
4961,1299.4413974942393,0.5516282865719723,1280
4962,1299.4413974942393,0.5516282865719723,1280
4963,1299.4413974942393,0.5516282865719723,1280
4964,1299.4413974942393,0.5516282865719723,1280
4965,1299.4413974942393,0.5516282865719723,1280
4966,1299.4413974942393,0.5516282865719723,1280
4967,1299.4413974942393,0.5516282865719723,1280
4968,1299.4413974942393,0.5516282865719723,1280
4969,1299.4413974942393,0.5516282865719723,1280
4970,1299.4413974942393,0.5516282865719723,1280
4971,1299.4413974942393,0.5516282865719723,1280
4972,1299.4413974942393,0.5516282865719723,1280
4973,1299.4413974942393,0.5516282865719723,1280
4974,1299.4413974942393,0.5516282865719723,1280
4975,1299.4413974942393,0.5516282865719723,1280
4976,1299.4413974942393,0.5516282865719723,1280
4977,1299.4413974942393,0.5516282865719723,1280
4978,1299.4413974942393,0.5516282865719723,1280
4979,1299.4413974942393,0.5516282865719723,1280
4980,1299.4413974942393,0.5516282865719723,1280
4981,1299.4413974942393,0.5516282865719723,1280
4982,1299.4413974942393,0.5516282865719723,1280
4983,1299.4413974942393,0.5516282865719723,1280
4984,1299.4413974942393,0.5516282865719723,1280
4985,1299.4413974942393,0.5516282865719723,1280
4986,1299.4413974942393,0.5516282865719723,1280
4987,1299.4413974942393,0.5516282865719723,1280
4988,1299.4413974942393,0.5516282865719723,1280
4989,1299.4413974942393,0.5516282865719723,1280
4990,1299.4413974942393,0.5516282865719723,1280
4991,1299.4413974942393,0.5516282865719723,1280
4992,1299.4413974942393,0.5516282865719723,1280
4993,1299.4413974942393,0.5516282865719723,1280
4994,1299.4413974942393,0.5516282865719723,1280
4995,1299.4413974942393,0.5516282865719723,1280
4996,1299.4413974942393,0.5516282865719723,1280
4997,1299.4413974942393,0.5516282865719723,1280
4998,1299.4413974942393,0.5516282865719723,1280
4999,1299.4413974942393,0.5516282865719723,1280
5000,1299.4413974942393,0.5516282865719723,1280
5001,1299.4413974942393,0.5516282865719723,1280
5002,1299.4413974942393,0.5516282865719723,1280
5003,1299.4413974942393,0.5516282865719723,1280
5004,1299.4413974942393,0.5516282865719723,1280
5005,1299.4413974942393,0.5516282865719723,1280
5006,1299.4413974942393,0.5516282865719723,1280
5007,1299.4413974942393,0.5516282865719723,1280
5008,1299.4413974942393,0.5516282865719723,1280
5009,1299.4413974942393,0.5516282865719723,1280
5010,1299.4413974942393,0.5516282865719723,1280
5011,1299.4413974942393,0.5516282865719723,1280
5012,1299.4413974942393,0.5516282865719723,1280
5013,1299.4413974942393,0.5516282865719723,1280
5014,1299.4413974942393,0.5516282865719723,1280
5015,1299.4413974942393,0.5516282865719723,1280
5016,1299.4413974942393,0.5516282865719723,1280
5017,1299.4413974942393,0.5516282865719723,1280
5018,1299.4413974942393,0.5516282865719723,1280
5019,1299.4413974942393,0.5516282865719723,1280
5020,1299.4413974942393,0.5516282865719723,1280
5021,1299.4413974942393,0.5516282865719723,1280
5022,1299.4413974942393,0.5516282865719723,1280
5023,1299.4413974942393,0.5516282865719723,1280
5024,1299.4413974942393,0.5516282865719723,1280
5025,1299.4413974942393,0.5516282865719723,1280
5026,1299.4413974942393,0.5516282865719723,1280
5027,1299.4413974942393,0.5516282865719723,1280
5028,1299.4413974942393,0.5516282865719723,1280
5029,1299.4413974942393,0.5516282865719723,1280
5030,1299.4413974942393,0.5516282865719723,1280
5031,1299.4413974942393,0.5516282865719723,1280
5032,1299.4413974942393,0.5516282865719723,1280
5033,1299.4413974942393,0.5516282865719723,1280
5034,1299.4413974942393,0.5516282865719723,1280
5035,1299.4413974942393,0.5516282865719723,1280
5036,1299.4413974942393,0.5516282865719723,1280
5037,1299.4413974942393,0.5516282865719723,1280
5038,1299.4413974942393,0.5516282865719723,1280
5039,1299.4413974942393,0.5516282865719723,1280
5040,1299.4413974942393,0.5516282865719723,1280
5041,1299.4413974942393,0.5516282865719723,1280
5042,1299.4413974942393,0.5516282865719723,1280
5043,1299.4413974942393,0.5516282865719723,1280
5044,1299.4413974942393,0.5516282865719723,1280
5045,1299.4413974942393,0.5516282865719723,1280
5046,1299.4413974942393,0.5516282865719723,1280
5047,1299.4413974942393,0.5516282865719723,1280
5048,1299.4413974942393,0.5516282865719723,1280
5049,1299.4413974942393,0.5516282865719723,1280
5050,1299.4413974942393,0.5516282865719723,1280
5051,1299.4413974942393,0.5516282865719723,1280
5052,1299.4413974942393,0.5516282865719723,1280
5053,1299.4413974942393,0.5516282865719723,1280
5054,1299.4413974942393,0.5516282865719723,1280
5055,1299.4413974942393,0.5516282865719723,1280
5056,1299.4413974942393,0.5516282865719723,1280
5057,1299.4413974942393,0.5516282865719723,1280
5058,1299.4413974942393,0.5516282865719723,1280
5059,1299.4413974942393,0.5516282865719723,1280
5060,1299.4413974942393,0.5516282865719723,1280
5061,1299.4413974942393,0.5516282865719723,1280
5062,1299.4413974942393,0.5516282865719723,1280
5063,1299.4413974942393,0.5516282865719723,1280
5064,1299.4413974942393,0.5516282865719723,1280
5065,1299.4413974942393,0.5516282865719723,1280
5066,1299.4413974942393,0.5516282865719723,1280
5067,1299.4413974942393,0.5516282865719723,1280
5068,1299.4413974942393,0.5516282865719723,1280
5069,1299.4413974942393,0.5516282865719723,1280
5070,1299.4413974942393,0.5516282865719723,1280
5071,1299.4413974942393,0.5516282865719723,1280
5072,1299.4413974942393,0.5516282865719723,1280
5073,1299.4413974942393,0.5516282865719723,1280
5074,1299.4413974942393,0.5516282865719723,1280
5075,1299.4413974942393,0.5516282865719723,1280
5076,1299.4413974942393,0.5516282865719723,1280
5077,1299.4413974942393,0.5516282865719723,1280
5078,1299.4413974942393,0.5516282865719723,1280
5079,1299.4413974942393,0.5516282865719723,1280
5080,1299.4413974942393,0.5516282865719723,1280
5081,1299.4413974942393,0.5516282865719723,1280
5082,1299.4413974942393,0.5516282865719723,1280
5083,1299.4413974942393,0.5516282865719723,1280
5084,1299.4413974942393,0.5516282865719723,1280
5085,1299.4413974942393,0.5516282865719723,1280
5086,1299.4413974942393,0.5516282865719723,1280
5087,1299.4413974942393,0.5516282865719723,1280
5088,1299.4413974942393,0.5516282865719723,1280
5089,1299.4413974942393,0.5516282865719723,1280
5090,1299.4413974942393,0.5516282865719723,1280
5091,1299.4413974942393,0.5516282865719723,1280
5092,1299.4413974942393,0.5516282865719723,1280
5093,1299.4413974942393,0.5516282865719723,1280
5094,1299.4413974942393,0.5516282865719723,1280
5095,1299.4413974942393,0.5516282865719723,1280
5096,1299.4413974942393,0.5516282865719723,1280
5097,1299.4413974942393,0.5516282865719723,1280
5098,1299.4413974942393,0.5516282865719723,1280
5099,1299.4413974942393,0.5516282865719723,1280
5100,1299.4413974942393,0.5516282865719723,1280
5101,1299.4413974942393,0.5516282865719723,1280
5102,1299.4413974942393,0.5516282865719723,1280
5103,1299.4413974942393,0.5516282865719723,1280
5104,1299.4413974942393,0.5516282865719723,1280
5105,1299.4413974942393,0.5516282865719723,1280
5106,1299.4413974942393,0.5516282865719723,1280
5107,1299.4413974942393,0.5516282865719723,1280
5108,1299.4413974942393,0.5516282865719723,1280
5109,1299.4413974942393,0.5516282865719723,1280
5110,1299.4413974942393,0.5516282865719723,1280
5111,1299.4413974942393,0.5516282865719723,1280
5112,1299.4413974942393,0.5516282865719723,1280
5113,1299.4413974942393,0.5516282865719723,1280
5114,1299.4413974942393,0.5516282865719723,1280
5115,1299.4413974942393,0.5516282865719723,1280
5116,1299.4413974942393,0.5516282865719723,1280
5117,1299.4413974942393,0.5516282865719723,1280
5118,1299.4413974942393,0.5516282865719723,1280
5119,1299.4413974942393,0.5516282865719723,1280
5120,1299.4413974942393,0.5516282865719723,1280
5121,1299.4413974942393,0.5516282865719723,1280
5122,1299.4413974942393,0.5516282865719723,1280
5123,1299.4413974942393,0.5516282865719723,1280
5124,1299.4413974942393,0.5516282865719723,1280
5125,1299.4413974942393,0.5516282865719723,1280
5126,1299.4413974942393,0.5516282865719723,1280
5127,1299.4413974942393,0.5516282865719723,1280
5128,1299.4413974942393,0.5516282865719723,1280
5129,1299.4413974942393,0.5516282865719723,1280
5130,1299.4413974942393,0.5516282865719723,1280
5131,1299.4413974942393,0.5516282865719723,1280
5132,1299.4413974942393,0.5516282865719723,1280
5133,1299.4413974942393,0.5516282865719723,1280
5134,1299.4413974942393,0.5516282865719723,1280
5135,1299.4413974942393,0.5516282865719723,1280
5136,1299.4413974942393,0.5516282865719723,1280
5137,1299.4413974942393,0.5516282865719723,1280
5138,1299.4413974942393,0.5516282865719723,1280
5139,1299.4413974942393,0.5516282865719723,1280
5140,1299.4413974942393,0.5516282865719723,1280
5141,1299.4413974942393,0.5516282865719723,1280
5142,1299.4413974942393,0.5516282865719723,1280
5143,1299.4413974942393,0.5516282865719723,1280
5144,1299.4413974942393,0.5516282865719723,1280
5145,1299.4413974942393,0.5516282865719723,1280
5146,1299.4413974942393,0.5516282865719723,1280
5147,1299.4413974942393,0.5516282865719723,1280
5148,1299.4413974942393,0.5516282865719723,1280
5149,1299.4413974942393,0.5516282865719723,1280
5150,1299.4413974942393,0.5516282865719723,1280
5151,1299.4413974942393,0.5516282865719723,1280
5152,1299.4413974942393,0.5516282865719723,1280
5153,1299.4413974942393,0.5516282865719723,1280
5154,1299.4413974942393,0.5516282865719723,1280
5155,1299.4413974942393,0.5516282865719723,1280
5156,1299.4413974942393,0.5516282865719723,1280
5157,1299.4413974942393,0.5516282865719723,1280
5158,1299.4413974942393,0.5516282865719723,1280
5159,1299.4413974942393,0.5516282865719723,1280
5160,1299.4413974942393,0.5516282865719723,1280
5161,1299.4413974942393,0.5516282865719723,1280
5162,1299.4413974942393,0.5516282865719723,1280
5163,1299.4413974942393,0.5516282865719723,1280
5164,1299.4413974942393,0.5516282865719723,1280
5165,1299.4413974942393,0.5516282865719723,1280
5166,1299.4413974942393,0.5516282865719723,1280
5167,1299.4413974942393,0.5516282865719723,1280
5168,1299.4413974942393,0.5516282865719723,1280
5169,1299.4413974942393,0.5516282865719723,1280
5170,1299.4413974942393,0.5516282865719723,1280
5171,1299.4413974942393,0.5516282865719723,1280
5172,1299.4413974942393,0.5516282865719723,1280
5173,1299.4413974942393,0.5516282865719723,1280
5174,1299.4413974942393,0.5516282865719723,1280
5175,1299.4413974942393,0.5516282865719723,1280
5176,1299.4413974942393,0.5516282865719723,1280
5177,1299.4413974942393,0.5516282865719723,1280
5178,1299.4413974942393,0.5516282865719723,1280
5179,1299.4413974942393,0.5516282865719723,1280
5180,1299.4413974942393,0.5516282865719723,1280
5181,1299.4413974942393,0.5516282865719723,1280
5182,1299.4413974942393,0.5516282865719723,1280
5183,1299.4413974942393,0.5516282865719723,1280
5184,1299.4413974942393,0.5516282865719723,1280
5185,1299.4413974942393,0.5516282865719723,1280
5186,1299.4413974942393,0.5516282865719723,1280
5187,1299.4413974942393,0.5516282865719723,1280
5188,1299.4413974942393,0.5516282865719723,1280
5189,1299.4413974942393,0.5516282865719723,1280
5190,1299.4413974942393,0.5516282865719723,1280
5191,1299.4413974942393,0.5516282865719723,1280
5192,1299.4413974942393,0.5516282865719723,1280
5193,1299.4413974942393,0.5516282865719723,1280
5194,1299.4413974942393,0.5516282865719723,1280
5195,1299.4413974942393,0.5516282865719723,1280
5196,1299.4413974942393,0.5516282865719723,1280
5197,1299.4413974942393,0.5516282865719723,1280
5198,1299.4413974942393,0.5516282865719723,1280
5199,1299.4413974942393,0.5516282865719723,1280
5200,1299.4413974942393,0.5516282865719723,1280
5201,1299.4413974942393,0.5516282865719723,1280
5202,1299.4413974942393,0.5516282865719723,1280
5203,1299.4413974942393,0.5516282865719723,1280
5204,1299.4413974942393,0.5516282865719723,1280
5205,1299.4413974942393,0.5516282865719723,1280
5206,1299.4413974942393,0.5516282865719723,1280
5207,1299.4413974942393,0.5516282865719723,1280
5208,1299.4413974942393,0.5516282865719723,1280
5209,1299.4413974942393,0.5516282865719723,1280
5210,1299.4413974942393,0.5516282865719723,1280
5211,1299.4413974942393,0.5516282865719723,1280
5212,1299.4413974942393,0.5516282865719723,1280
5213,1299.4413974942393,0.5516282865719723,1280
5214,1299.4413974942393,0.5516282865719723,1280
5215,1299.4413974942393,0.5516282865719723,1280
5216,1299.4413974942393,0.5516282865719723,1280
5217,1299.4413974942393,0.5516282865719723,1280
5218,1299.4413974942393,0.5516282865719723,1280
5219,1299.4413974942393,0.5516282865719723,1280
5220,1299.4413974942393,0.5516282865719723,1280
5221,1299.4413974942393,0.5516282865719723,1280
5222,1299.4413974942393,0.5516282865719723,1280
5223,1299.4413974942393,0.5516282865719723,1280
5224,1299.4413974942393,0.5516282865719723,1280
5225,1299.4413974942393,0.5516282865719723,1280
5226,1299.4413974942393,0.5516282865719723,1280
5227,1299.4413974942393,0.5516282865719723,1280
5228,1299.4413974942393,0.5516282865719723,1280
5229,1299.4413974942393,0.5516282865719723,1280
5230,1299.4413974942393,0.5516282865719723,1280
5231,1299.4413974942393,0.5516282865719723,1280
5232,1299.4413974942393,0.5516282865719723,1280
5233,1299.4413974942393,0.5516282865719723,1280
5234,1299.4413974942393,0.5516282865719723,1280
5235,1299.4413974942393,0.5516282865719723,1280
5236,1299.4413974942393,0.5516282865719723,1280
5237,1299.4413974942393,0.5516282865719723,1280
5238,1299.4413974942393,0.5516282865719723,1280
5239,1299.4413974942393,0.5516282865719723,1280
5240,1299.4413974942393,0.5516282865719723,1280
5241,1299.4413974942393,0.5516282865719723,1280
5242,1299.4413974942393,0.5516282865719723,1280
5243,1299.4413974942393,0.5516282865719723,1280
5244,1299.4413974942393,0.5516282865719723,1280
5245,1299.4413974942393,0.5516282865719723,1280
5246,1299.4413974942393,0.5516282865719723,1280
5247,1299.4413974942393,0.5516282865719723,1280
5248,1299.4413974942393,0.5516282865719723,1280
5249,1299.4413974942393,0.5516282865719723,1280
5250,1299.4413974942393,0.5516282865719723,1280
5251,1299.4413974942393,0.5516282865719723,1280
5252,1299.4413974942393,0.5516282865719723,1280
5253,1299.4413974942393,0.5516282865719723,1280
5254,1299.4413974942393,0.5516282865719723,1280
5255,1299.4413974942393,0.5516282865719723,1280
5256,1299.4413974942393,0.5516282865719723,1280
5257,1299.4413974942393,0.5516282865719723,1280
5258,1299.4413974942393,0.5516282865719723,1280
5259,1299.4413974942393,0.5516282865719723,1280
5260,1299.4413974942393,0.5516282865719723,1280
5261,1299.4413974942393,0.5516282865719723,1280
5262,1299.4413974942393,0.5516282865719723,1280
5263,1299.4413974942393,0.5516282865719723,1280
5264,1299.4413974942393,0.5516282865719723,1280
5265,1299.4413974942393,0.5516282865719723,1280
5266,1299.4413974942393,0.5516282865719723,1280
5267,1299.4413974942393,0.5516282865719723,1280
5268,1299.4413974942393,0.5516282865719723,1280
5269,1299.4413974942393,0.5516282865719723,1280
5270,1299.4413974942393,0.5516282865719723,1280
5271,1299.4413974942393,0.5516282865719723,1280
5272,1299.4413974942393,0.5516282865719723,1280
5273,1299.4413974942393,0.5516282865719723,1280
5274,1299.4413974942393,0.5516282865719723,1280
5275,1299.4413974942393,0.5516282865719723,1280
5276,1299.4413974942393,0.5516282865719723,1280
5277,1299.4413974942393,0.5516282865719723,1280
5278,1299.4413974942393,0.5516282865719723,1280
5279,1299.4413974942393,0.5516282865719723,1280
5280,1299.4413974942393,0.5516282865719723,1280
5281,1299.4413974942393,0.5516282865719723,1280
5282,1299.4413974942393,0.5516282865719723,1280
5283,1299.4413974942393,0.5516282865719723,1280
5284,1299.4413974942393,0.5516282865719723,1280
5285,1299.4413974942393,0.5516282865719723,1280
5286,1299.4413974942393,0.5516282865719723,1280
5287,1299.4413974942393,0.5516282865719723,1280
5288,1299.4413974942393,0.5516282865719723,1280
5289,1299.4413974942393,0.5516282865719723,1280
5290,1299.4413974942393,0.5516282865719723,1280
5291,1299.4413974942393,0.5516282865719723,1280
5292,1299.4413974942393,0.5516282865719723,1280
5293,1299.4413974942393,0.5516282865719723,1280
5294,1299.4413974942393,0.5516282865719723,1280
5295,1299.4413974942393,0.5516282865719723,1280
5296,1299.4413974942393,0.5516282865719723,1280
5297,1299.4413974942393,0.5516282865719723,1280
5298,1299.4413974942393,0.5516282865719723,1280
5299,1299.4413974942393,0.5516282865719723,1280
5300,1299.4413974942393,0.5516282865719723,1280
5301,1299.4413974942393,0.5516282865719723,1280
5302,1299.4413974942393,0.5516282865719723,1280
5303,1299.4413974942393,0.5516282865719723,1280
5304,1299.4413974942393,0.5516282865719723,1280
5305,1299.4413974942393,0.5516282865719723,1280
5306,1299.4413974942393,0.5516282865719723,1280
5307,1299.4413974942393,0.5516282865719723,1280
5308,1299.4413974942393,0.5516282865719723,1280
5309,1299.4413974942393,0.5516282865719723,1280
5310,1299.4413974942393,0.5516282865719723,1280
5311,1299.4413974942393,0.5516282865719723,1280
5312,1299.4413974942393,0.5516282865719723,1280
5313,1299.4413974942393,0.5516282865719723,1280
5314,1299.4413974942393,0.5516282865719723,1280
5315,1299.4413974942393,0.5516282865719723,1280
5316,1299.4413974942393,0.5516282865719723,1280
5317,1299.4413974942393,0.5516282865719723,1280
5318,1299.4413974942393,0.5516282865719723,1280
5319,1299.4413974942393,0.5516282865719723,1280
5320,1299.4413974942393,0.5516282865719723,1280
5321,1299.4413974942393,0.5516282865719723,1280
5322,1299.4413974942393,0.5516282865719723,1280
5323,1299.4413974942393,0.5516282865719723,1280
5324,1299.4413974942393,0.5516282865719723,1280
5325,1299.4413974942393,0.5516282865719723,1280
5326,1299.4413974942393,0.5516282865719723,1280
5327,1299.4413974942393,0.5516282865719723,1280
5328,1299.4413974942393,0.5516282865719723,1280
5329,1299.4413974942393,0.5516282865719723,1280
5330,1299.4413974942393,0.5516282865719723,1280
5331,1299.4413974942393,0.5516282865719723,1280
5332,1299.4413974942393,0.5516282865719723,1280
5333,1299.4413974942393,0.5516282865719723,1280
5334,1299.4413974942393,0.5516282865719723,1280
5335,1299.4413974942393,0.5516282865719723,1280
5336,1299.4413974942393,0.5516282865719723,1280
5337,1299.4413974942393,0.5516282865719723,1280
5338,1299.4413974942393,0.5516282865719723,1280
5339,1299.4413974942393,0.5516282865719723,1280
5340,1299.4413974942393,0.5516282865719723,1280
5341,1299.4413974942393,0.5516282865719723,1280
5342,1299.4413974942393,0.5516282865719723,1280
5343,1299.4413974942393,0.5516282865719723,1280
5344,1299.4413974942393,0.5516282865719723,1280
5345,1299.4413974942393,0.5516282865719723,1280
5346,1299.4413974942393,0.5516282865719723,1280
5347,1299.4413974942393,0.5516282865719723,1280
5348,1299.4413974942393,0.5516282865719723,1280
5349,1299.4413974942393,0.5516282865719723,1280
5350,1299.4413974942393,0.5516282865719723,1280
5351,1299.4413974942393,0.5516282865719723,1280
5352,1299.4413974942393,0.5516282865719723,1280
5353,1299.4413974942393,0.5516282865719723,1280
5354,1299.4413974942393,0.5516282865719723,1280
5355,1299.4413974942393,0.5516282865719723,1280
5356,1299.4413974942393,0.5516282865719723,1280
5357,1299.4413974942393,0.5516282865719723,1280
5358,1299.4413974942393,0.5516282865719723,1280
5359,1299.4413974942393,0.5516282865719723,1280
5360,1299.4413974942393,0.5516282865719723,1280
5361,1299.4413974942393,0.5516282865719723,1280
5362,1299.4413974942393,0.5516282865719723,1280
5363,1299.4413974942393,0.5516282865719723,1280
5364,1299.4413974942393,0.5516282865719723,1280
5365,1299.4413974942393,0.5516282865719723,1280
5366,1299.4413974942393,0.5516282865719723,1280
5367,1299.4413974942393,0.5516282865719723,1280
5368,1299.4413974942393,0.5516282865719723,1280
5369,1299.4413974942393,0.5516282865719723,1280
5370,1299.4413974942393,0.5516282865719723,1280
5371,1299.4413974942393,0.5516282865719723,1280
5372,1299.4413974942393,0.5516282865719723,1280
5373,1299.4413974942393,0.5516282865719723,1280
5374,1299.4413974942393,0.5516282865719723,1280
5375,1299.4413974942393,0.5516282865719723,1280
5376,1299.4413974942393,0.5516282865719723,1280
5377,1299.4413974942393,0.5516282865719723,1280
5378,1299.4413974942393,0.5516282865719723,1280
5379,1299.4413974942393,0.5516282865719723,1280
5380,1299.4413974942393,0.5516282865719723,1280
5381,1299.4413974942393,0.5516282865719723,1280
5382,1299.4413974942393,0.5516282865719723,1280
5383,1299.4413974942393,0.5516282865719723,1280
5384,1299.4413974942393,0.5516282865719723,1280
5385,1299.4413974942393,0.5516282865719723,1280
5386,1299.4413974942393,0.5516282865719723,1280
5387,1299.4413974942393,0.5516282865719723,1280
5388,1299.4413974942393,0.5516282865719723,1280
5389,1299.4413974942393,0.5516282865719723,1280
5390,1299.4413974942393,0.5516282865719723,1280
5391,1299.4413974942393,0.5516282865719723,1280
5392,1299.4413974942393,0.5516282865719723,1280
5393,1299.4413974942393,0.5516282865719723,1280
5394,1299.4413974942393,0.5516282865719723,1280
5395,1299.4413974942393,0.5516282865719723,1280
5396,1299.4413974942393,0.5516282865719723,1280
5397,1299.4413974942393,0.5516282865719723,1280
5398,1299.4413974942393,0.5516282865719723,1280
5399,1299.4413974942393,0.5516282865719723,1280
5400,1299.4413974942393,0.5516282865719723,1280
5401,1299.4413974942393,0.5516282865719723,1280
5402,1299.4413974942393,0.5516282865719723,1280
5403,1299.4413974942393,0.5516282865719723,1280
5404,1299.4413974942393,0.5516282865719723,1280
5405,1299.4413974942393,0.5516282865719723,1280
5406,1299.4413974942393,0.5516282865719723,1280
5407,1299.4413974942393,0.5516282865719723,1280
5408,1299.4413974942393,0.5516282865719723,1280
5409,1299.4413974942393,0.5516282865719723,1280
5410,1299.4413974942393,0.5516282865719723,1280
5411,1299.4413974942393,0.5516282865719723,1280
5412,1299.4413974942393,0.5516282865719723,1280
5413,1299.4413974942393,0.5516282865719723,1280
5414,1299.4413974942393,0.5516282865719723,1280
5415,1299.4413974942393,0.5516282865719723,1280
5416,1299.4413974942393,0.5516282865719723,1280
5417,1299.4413974942393,0.5516282865719723,1280
5418,1299.4413974942393,0.5516282865719723,1280
5419,1299.4413974942393,0.5516282865719723,1280
5420,1299.4413974942393,0.5516282865719723,1280
5421,1299.4413974942393,0.5516282865719723,1280
5422,1299.4413974942393,0.5516282865719723,1280
5423,1299.4413974942393,0.5516282865719723,1280
5424,1299.4413974942393,0.5516282865719723,1280
5425,1299.4413974942393,0.5516282865719723,1280
5426,1299.4413974942393,0.5516282865719723,1280
5427,1299.4413974942393,0.5516282865719723,1280
5428,1299.4413974942393,0.5516282865719723,1280
5429,1299.4413974942393,0.5516282865719723,1280
5430,1299.4413974942393,0.5516282865719723,1280
5431,1299.4413974942393,0.5516282865719723,1280
5432,1299.4413974942393,0.5516282865719723,1280
5433,1299.4413974942393,0.5516282865719723,1280
5434,1299.4413974942393,0.5516282865719723,1280
5435,1299.4413974942393,0.5516282865719723,1280
5436,1299.4413974942393,0.5516282865719723,1280
5437,1299.4413974942393,0.5516282865719723,1280
5438,1299.4413974942393,0.5516282865719723,1280
5439,1299.4413974942393,0.5516282865719723,1280
5440,1299.4413974942393,0.5516282865719723,1280
5441,1299.4413974942393,0.5516282865719723,1280
5442,1299.4413974942393,0.5516282865719723,1280
5443,1299.4413974942393,0.5516282865719723,1280
5444,1299.4413974942393,0.5516282865719723,1280
5445,1299.4413974942393,0.5516282865719723,1280
5446,1299.4413974942393,0.5516282865719723,1280
5447,1299.4413974942393,0.5516282865719723,1280
5448,1299.4413974942393,0.5516282865719723,1280
5449,1299.4413974942393,0.5516282865719723,1280
5450,1299.4413974942393,0.5516282865719723,1280
5451,1299.4413974942393,0.5516282865719723,1280
5452,1299.4413974942393,0.5516282865719723,1280
5453,1299.4413974942393,0.5516282865719723,1280
5454,1299.4413974942393,0.5516282865719723,1280
5455,1299.4413974942393,0.5516282865719723,1280
5456,1299.4413974942393,0.5516282865719723,1280
5457,1299.4413974942393,0.5516282865719723,1280
5458,1299.4413974942393,0.5516282865719723,1280
5459,1299.4413974942393,0.5516282865719723,1280
5460,1299.4413974942393,0.5516282865719723,1280
5461,1299.4413974942393,0.5516282865719723,1280
5462,1299.4413974942393,0.5516282865719723,1280
5463,1299.4413974942393,0.5516282865719723,1280
5464,1299.4413974942393,0.5516282865719723,1280
5465,1299.4413974942393,0.5516282865719723,1280
5466,1299.4413974942393,0.5516282865719723,1280
5467,1299.4413974942393,0.5516282865719723,1280
5468,1299.4413974942393,0.5516282865719723,1280
5469,1299.4413974942393,0.5516282865719723,1280
5470,1299.4413974942393,0.5516282865719723,1280
5471,1299.4413974942393,0.5516282865719723,1280
5472,1299.4413974942393,0.5516282865719723,1280
5473,1299.4413974942393,0.5516282865719723,1280
5474,1299.4413974942393,0.5516282865719723,1280
5475,1299.4413974942393,0.5516282865719723,1280
5476,1299.4413974942393,0.5516282865719723,1280
5477,1299.4413974942393,0.5516282865719723,1280
5478,1299.4413974942393,0.5516282865719723,1280
5479,1299.4413974942393,0.5516282865719723,1280
5480,1299.4413974942393,0.5516282865719723,1280
5481,1299.4413974942393,0.5516282865719723,1280
5482,1299.4413974942393,0.5516282865719723,1280
5483,1299.4413974942393,0.5516282865719723,1280
5484,1299.4413974942393,0.5516282865719723,1280
5485,1299.4413974942393,0.5516282865719723,1280
5486,1299.4413974942393,0.5516282865719723,1280
5487,1299.4413974942393,0.5516282865719723,1280
5488,1299.4413974942393,0.5516282865719723,1280
5489,1299.4413974942393,0.5516282865719723,1280
5490,1299.4413974942393,0.5516282865719723,1280
5491,1299.4413974942393,0.5516282865719723,1280
5492,1299.4413974942393,0.5516282865719723,1280
5493,1299.4413974942393,0.5516282865719723,1280
5494,1299.4413974942393,0.5516282865719723,1280
5495,1299.4413974942393,0.5516282865719723,1280
5496,1299.4413974942393,0.5516282865719723,1280
5497,1299.4413974942393,0.5516282865719723,1280
5498,1299.4413974942393,0.5516282865719723,1280
5499,1299.4413974942393,0.5516282865719723,1280
5500,1299.4413974942393,0.5516282865719723,1280
5501,1299.4413974942393,0.5516282865719723,1280
5502,1299.4413974942393,0.5516282865719723,1280
5503,1299.4413974942393,0.5516282865719723,1280
5504,1299.4413974942393,0.5516282865719723,1280
5505,1299.4413974942393,0.5516282865719723,1280
5506,1299.4413974942393,0.5516282865719723,1280
5507,1299.4413974942393,0.5516282865719723,1280
5508,1299.4413974942393,0.5516282865719723,1280
5509,1299.4413974942393,0.5516282865719723,1280
5510,1299.4413974942393,0.5516282865719723,1280
5511,1299.4413974942393,0.5516282865719723,1280
5512,1299.4413974942393,0.5516282865719723,1280
5513,1299.4413974942393,0.5516282865719723,1280
5514,1299.4413974942393,0.5516282865719723,1280
5515,1299.4413974942393,0.5516282865719723,1280
5516,1299.4413974942393,0.5516282865719723,1280
5517,1299.4413974942393,0.5516282865719723,1280
5518,1299.4413974942393,0.5516282865719723,1280
5519,1299.4413974942393,0.5516282865719723,1280
5520,1299.4413974942393,0.5516282865719723,1280
5521,1299.4413974942393,0.5516282865719723,1280
5522,1299.4413974942393,0.5516282865719723,1280
5523,1299.4413974942393,0.5516282865719723,1280
5524,1299.4413974942393,0.5516282865719723,1280
5525,1299.4413974942393,0.5516282865719723,1280
5526,1299.4413974942393,0.5516282865719723,1280
5527,1299.4413974942393,0.5516282865719723,1280
5528,1299.4413974942393,0.5516282865719723,1280
5529,1299.4413974942393,0.5516282865719723,1280
5530,1299.4413974942393,0.5516282865719723,1280
5531,1299.4413974942393,0.5516282865719723,1280
5532,1299.4413974942393,0.5516282865719723,1280
5533,1299.4413974942393,0.5516282865719723,1280
5534,1299.4413974942393,0.5516282865719723,1280
5535,1299.4413974942393,0.5516282865719723,1280
5536,1299.4413974942393,0.5516282865719723,1280
5537,1299.4413974942393,0.5516282865719723,1280
5538,1299.4413974942393,0.5516282865719723,1280
5539,1299.4413974942393,0.5516282865719723,1280
5540,1299.4413974942393,0.5516282865719723,1280
5541,1299.4413974942393,0.5516282865719723,1280
5542,1299.4413974942393,0.5516282865719723,1280
5543,1299.4413974942393,0.5516282865719723,1280
5544,1299.4413974942393,0.5516282865719723,1280
5545,1299.4413974942393,0.5516282865719723,1280
5546,1299.4413974942393,0.5516282865719723,1280
5547,1299.4413974942393,0.5516282865719723,1280
5548,1299.4413974942393,0.5516282865719723,1280
5549,1299.4413974942393,0.5516282865719723,1280
5550,1299.4413974942393,0.5516282865719723,1280
5551,1299.4413974942393,0.5516282865719723,1280
5552,1299.4413974942393,0.5516282865719723,1280
5553,1299.4413974942393,0.5516282865719723,1280
5554,1299.4413974942393,0.5516282865719723,1280
5555,1299.4413974942393,0.5516282865719723,1280
5556,1299.4413974942393,0.5516282865719723,1280
5557,1299.4413974942393,0.5516282865719723,1280
5558,1299.4413974942393,0.5516282865719723,1280
5559,1299.4413974942393,0.5516282865719723,1280
5560,1299.4413974942393,0.5516282865719723,1280
5561,1299.4413974942393,0.5516282865719723,1280
5562,1299.4413974942393,0.5516282865719723,1280
5563,1299.4413974942393,0.5516282865719723,1280
5564,1299.4413974942393,0.5516282865719723,1280
5565,1299.4413974942393,0.5516282865719723,1280
5566,1299.4413974942393,0.5516282865719723,1280
5567,1299.4413974942393,0.5516282865719723,1280
5568,1299.4413974942393,0.5516282865719723,1280
5569,1299.4413974942393,0.5516282865719723,1280
5570,1299.4413974942393,0.5516282865719723,1280
5571,1299.4413974942393,0.5516282865719723,1280
5572,1299.4413974942393,0.5516282865719723,1280
5573,1299.4413974942393,0.5516282865719723,1280
5574,1299.4413974942393,0.5516282865719723,1280
5575,1299.4413974942393,0.5516282865719723,1280
5576,1299.4413974942393,0.5516282865719723,1280
5577,1299.4413974942393,0.5516282865719723,1280
5578,1299.4413974942393,0.5516282865719723,1280
5579,1299.4413974942393,0.5516282865719723,1280
5580,1299.4413974942393,0.5516282865719723,1280
5581,1299.4413974942393,0.5516282865719723,1280
5582,1299.4413974942393,0.5516282865719723,1280
5583,1299.4413974942393,0.5516282865719723,1280
5584,1299.4413974942393,0.5516282865719723,1280
5585,1299.4413974942393,0.5516282865719723,1280
5586,1299.4413974942393,0.5516282865719723,1280
5587,1299.4413974942393,0.5516282865719723,1280
5588,1299.4413974942393,0.5516282865719723,1280
5589,1299.4413974942393,0.5516282865719723,1280
5590,1299.4413974942393,0.5516282865719723,1280
5591,1299.4413974942393,0.5516282865719723,1280
5592,1299.4413974942393,0.5516282865719723,1280
5593,1299.4413974942393,0.5516282865719723,1280
5594,1299.4413974942393,0.5516282865719723,1280
5595,1299.4413974942393,0.5516282865719723,1280
5596,1299.4413974942393,0.5516282865719723,1280
5597,1299.4413974942393,0.5516282865719723,1280
5598,1299.4413974942393,0.5516282865719723,1280
5599,1299.4413974942393,0.5516282865719723,1280
5600,1299.4413974942393,0.5516282865719723,1280
5601,1299.4413974942393,0.5516282865719723,1280
5602,1299.4413974942393,0.5516282865719723,1280
5603,1299.4413974942393,0.5516282865719723,1280
5604,1299.4413974942393,0.5516282865719723,1280
5605,1299.4413974942393,0.5516282865719723,1280
5606,1299.4413974942393,0.5516282865719723,1280
5607,1299.4413974942393,0.5516282865719723,1280
5608,1299.4413974942393,0.5516282865719723,1280
5609,1299.4413974942393,0.5516282865719723,1280
5610,1299.4413974942393,0.5516282865719723,1280
5611,1299.4413974942393,0.5516282865719723,1280
5612,1299.4413974942393,0.5516282865719723,1280
5613,1299.4413974942393,0.5516282865719723,1280
5614,1299.4413974942393,0.5516282865719723,1280
5615,1299.4413974942393,0.5516282865719723,1280
5616,1299.4413974942393,0.5516282865719723,1280
5617,1299.4413974942393,0.5516282865719723,1280
5618,1299.4413974942393,0.5516282865719723,1280
5619,1299.4413974942393,0.5516282865719723,1280
5620,1299.4413974942393,0.5516282865719723,1280
5621,1299.4413974942393,0.5516282865719723,1280
5622,1299.4413974942393,0.5516282865719723,1280
5623,1299.4413974942393,0.5516282865719723,1280
5624,1299.4413974942393,0.5516282865719723,1280
5625,1299.4413974942393,0.5516282865719723,1280
5626,1299.4413974942393,0.5516282865719723,1280
5627,1299.4413974942393,0.5516282865719723,1280
5628,1299.4413974942393,0.5516282865719723,1280
5629,1299.4413974942393,0.5516282865719723,1280
5630,1299.4413974942393,0.5516282865719723,1280
5631,1299.4413974942393,0.5516282865719723,1280
5632,1299.4413974942393,0.5516282865719723,1280
5633,1299.4413974942393,0.5516282865719723,1280
5634,1299.4413974942393,0.5516282865719723,1280
5635,1299.4413974942393,0.5516282865719723,1280
5636,1299.4413974942393,0.5516282865719723,1280
5637,1299.4413974942393,0.5516282865719723,1280
5638,1299.4413974942393,0.5516282865719723,1280
5639,1299.4413974942393,0.5516282865719723,1280
5640,1299.4413974942393,0.5516282865719723,1280
5641,1299.4413974942393,0.5516282865719723,1280
5642,1299.4413974942393,0.5516282865719723,1280
5643,1299.4413974942393,0.5516282865719723,1280
5644,1299.4413974942393,0.5516282865719723,1280
5645,1299.4413974942393,0.5516282865719723,1280
5646,1299.4413974942393,0.5516282865719723,1280
5647,1299.4413974942393,0.5516282865719723,1280
5648,1299.4413974942393,0.5516282865719723,1280
5649,1299.4413974942393,0.5516282865719723,1280
5650,1299.4413974942393,0.5516282865719723,1280
5651,1299.4413974942393,0.5516282865719723,1280
5652,1299.4413974942393,0.5516282865719723,1280
5653,1299.4413974942393,0.5516282865719723,1280
5654,1299.4413974942393,0.5516282865719723,1280
5655,1299.4413974942393,0.5516282865719723,1280
5656,1299.4413974942393,0.5516282865719723,1280
5657,1299.4413974942393,0.5516282865719723,1280
5658,1299.4413974942393,0.5516282865719723,1280
5659,1299.4413974942393,0.5516282865719723,1280
5660,1299.4413974942393,0.5516282865719723,1280
5661,1299.4413974942393,0.5516282865719723,1280
5662,1299.4413974942393,0.5516282865719723,1280
5663,1299.4413974942393,0.5516282865719723,1280
5664,1299.4413974942393,0.5516282865719723,1280
5665,1299.4413974942393,0.5516282865719723,1280
5666,1299.4413974942393,0.5516282865719723,1280
5667,1299.4413974942393,0.5516282865719723,1280
5668,1299.4413974942393,0.5516282865719723,1280
5669,1299.4413974942393,0.5516282865719723,1280
5670,1299.4413974942393,0.5516282865719723,1280
5671,1299.4413974942393,0.5516282865719723,1280
5672,1299.4413974942393,0.5516282865719723,1280
5673,1299.4413974942393,0.5516282865719723,1280
5674,1299.4413974942393,0.5516282865719723,1280
5675,1302.4468729382613,0.5515020078814288,1283
5676,1302.4468729382613,0.5515020078814288,1283
5677,1302.4468729382613,0.5515020078814288,1283
5678,1302.4468729382613,0.5515020078814288,1283
5679,1302.4468729382613,0.5515020078814288,1283
5680,1302.4468729382613,0.5515020078814288,1283
5681,1302.4468729382613,0.5515020078814288,1283
5682,1302.4468729382613,0.5515020078814288,1283
5683,1302.4468729382613,0.5515020078814288,1283
5684,1302.4468729382613,0.5515020078814288,1283
5685,1302.4468729382613,0.5515020078814288,1283
5686,1302.4468729382613,0.5515020078814288,1283
5687,1302.4468729382613,0.5515020078814288,1283
5688,1302.4468729382613,0.5515020078814288,1283
5689,1302.4468729382613,0.5515020078814288,1283
5690,1302.4468729382613,0.5515020078814288,1283
5691,1302.4468729382613,0.5515020078814288,1283
5692,1302.4468729382613,0.5515020078814288,1283
5693,1302.4468729382613,0.5515020078814288,1283
5694,1302.4468729382613,0.5515020078814288,1283
5695,1302.4468729382613,0.5515020078814288,1283
5696,1302.4468729382613,0.5515020078814288,1283
5697,1302.4468729382613,0.5515020078814288,1283
5698,1302.4468729382613,0.5515020078814288,1283
5699,1302.4468729382613,0.5515020078814288,1283
5700,1302.4468729382613,0.5515020078814288,1283
5701,1302.4468729382613,0.5515020078814288,1283
5702,1302.4468729382613,0.5515020078814288,1283
5703,1302.4468729382613,0.5515020078814288,1283
5704,1302.4468729382613,0.5515020078814288,1283
5705,1302.4468729382613,0.5515020078814288,1283
5706,1302.4468729382613,0.5515020078814288,1283
5707,1302.4468729382613,0.5515020078814288,1283
5708,1302.4468729382613,0.5515020078814288,1283
5709,1302.4468729382613,0.5515020078814288,1283
5710,1302.4468729382613,0.5515020078814288,1283
5711,1302.4468729382613,0.5515020078814288,1283
5712,1302.4468729382613,0.5515020078814288,1283
5713,1302.4468729382613,0.5515020078814288,1283
5714,1302.4468729382613,0.5515020078814288,1283
5715,1302.4468729382613,0.5515020078814288,1283
5716,1302.4468729382613,0.5515020078814288,1283
5717,1302.4468729382613,0.5515020078814288,1283
5718,1302.4468729382613,0.5515020078814288,1283
5719,1302.4468729382613,0.5515020078814288,1283
5720,1302.4468729382613,0.5515020078814288,1283
5721,1302.4468729382613,0.5515020078814288,1283
5722,1302.4468729382613,0.5515020078814288,1283
5723,1302.4468729382613,0.5515020078814288,1283
5724,1302.4468729382613,0.5515020078814288,1283
5725,1302.4468729382613,0.5515020078814288,1283
5726,1302.4468729382613,0.5515020078814288,1283
5727,1302.4468729382613,0.5515020078814288,1283
5728,1302.4468729382613,0.5515020078814288,1283
5729,1302.4468729382613,0.5515020078814288,1283
5730,1302.4468729382613,0.5515020078814288,1283
5731,1302.4468729382613,0.5515020078814288,1283
5732,1302.4468729382613,0.5515020078814288,1283
5733,1302.4468729382613,0.5515020078814288,1283
5734,1302.4468729382613,0.5515020078814288,1283
5735,1302.4468729382613,0.5515020078814288,1283
5736,1302.4468729382613,0.5515020078814288,1283
5737,1302.4468729382613,0.5515020078814288,1283
5738,1302.4468729382613,0.5515020078814288,1283
5739,1302.4468729382613,0.5515020078814288,1283
5740,1302.4468729382613,0.5515020078814288,1283
5741,1302.4468729382613,0.5515020078814288,1283
5742,1302.4468729382613,0.5515020078814288,1283
5743,1302.4468729382613,0.5515020078814288,1283
5744,1302.4468729382613,0.5515020078814288,1283
5745,1299.4413974942393,0.5516282865719723,1280
5746,1299.4413974942393,0.5516282865719723,1280
5747,1299.4413974942393,0.5516282865719723,1280
5748,1299.4413974942393,0.5516282865719723,1280
5749,1299.4413974942393,0.5516282865719723,1280
5750,1299.4413974942393,0.5516282865719723,1280
5751,1299.4413974942393,0.5516282865719723,1280
5752,1299.4413974942393,0.5516282865719723,1280
5753,1299.4413974942393,0.5516282865719723,1280
5754,1299.4413974942393,0.5516282865719723,1280
5755,1299.4413974942393,0.5516282865719723,1280
5756,1299.4413974942393,0.5516282865719723,1280
5757,1299.4413974942393,0.5516282865719723,1280
5758,1299.4413974942393,0.5516282865719723,1280
5759,1299.4413974942393,0.5516282865719723,1280
5760,1299.4413974942393,0.5516282865719723,1280
5761,1299.4413974942393,0.5516282865719723,1280
5762,1299.4413974942393,0.5516282865719723,1280
5763,1299.4413974942393,0.5516282865719723,1280
5764,1299.4413974942393,0.5516282865719723,1280
5765,1299.4413974942393,0.5516282865719723,1280
5766,1299.4413974942393,0.5516282865719723,1280
5767,1299.4413974942393,0.5516282865719723,1280
5768,1299.4413974942393,0.5516282865719723,1280
5769,1299.4413974942393,0.5516282865719723,1280
5770,1299.4413974942393,0.5516282865719723,1280
5771,1299.4413974942393,0.5516282865719723,1280
5772,1299.4413974942393,0.5516282865719723,1280
5773,1299.4413974942393,0.5516282865719723,1280
5774,1299.4413974942393,0.5516282865719723,1280
5775,1299.4413974942393,0.5516282865719723,1280
5776,1299.4413974942393,0.5516282865719723,1280
5777,1299.4413974942393,0.5516282865719723,1280
5778,1299.4413974942393,0.5516282865719723,1280
5779,1299.4413974942393,0.5516282865719723,1280
5780,1299.4413974942393,0.5516282865719723,1280
5781,1299.4413974942393,0.5516282865719723,1280
5782,1299.4413974942393,0.5516282865719723,1280
5783,1299.4413974942393,0.5516282865719723,1280
5784,1299.4413974942393,0.5516282865719723,1280
5785,1299.4413974942393,0.5516282865719723,1280
5786,1299.4413974942393,0.5516282865719723,1280
5787,1299.4413974942393,0.5516282865719723,1280
5788,1299.4413974942393,0.5516282865719723,1280
5789,1299.4413974942393,0.5516282865719723,1280
5790,1299.4413974942393,0.5516282865719723,1280
5791,1299.4413974942393,0.5516282865719723,1280
5792,1299.4413974942393,0.5516282865719723,1280
5793,1299.4413974942393,0.5516282865719723,1280
5794,1299.4413974942393,0.5516282865719723,1280
5795,1299.4413974942393,0.5516282865719723,1280
5796,1299.4413974942393,0.5516282865719723,1280
5797,1299.4413974942393,0.5516282865719723,1280
5798,1299.4413974942393,0.5516282865719723,1280
5799,1299.4413974942393,0.5516282865719723,1280
5800,1299.4413974942393,0.5516282865719723,1280
5801,1299.4413974942393,0.5516282865719723,1280
5802,1299.4413974942393,0.5516282865719723,1280
5803,1299.4413974942393,0.5516282865719723,1280
5804,1299.4413974942393,0.5516282865719723,1280
5805,1299.4413974942393,0.5516282865719723,1280
5806,1299.4413974942393,0.5516282865719723,1280
5807,1299.4413974942393,0.5516282865719723,1280
5808,1299.4413974942393,0.5516282865719723,1280
5809,1299.4413974942393,0.5516282865719723,1280
5810,1299.4413974942393,0.5516282865719723,1280
5811,1299.4413974942393,0.5516282865719723,1280
5812,1299.4413974942393,0.5516282865719723,1280
5813,1299.4413974942393,0.5516282865719723,1280
5814,1299.4413974942393,0.5516282865719723,1280
5815,1299.4413974942393,0.5516282865719723,1280
5816,1299.4413974942393,0.5516282865719723,1280
5817,1299.4413974942393,0.5516282865719723,1280
5818,1299.4413974942393,0.5516282865719723,1280
5819,1299.4413974942393,0.5516282865719723,1280
5820,1299.4413974942393,0.5516282865719723,1280
5821,1299.4413974942393,0.5516282865719723,1280
5822,1299.4413974942393,0.5516282865719723,1280
5823,1299.4413974942393,0.5516282865719723,1280
5824,1299.4413974942393,0.5516282865719723,1280
5825,1299.4413974942393,0.5516282865719723,1280
5826,1299.4413974942393,0.5516282865719723,1280
5827,1299.4413974942393,0.5516282865719723,1280
5828,1299.4413974942393,0.5516282865719723,1280
5829,1299.4413974942393,0.5516282865719723,1280
5830,1299.4413974942393,0.5516282865719723,1280
5831,1299.4413974942393,0.5516282865719723,1280
5832,1299.4413974942393,0.5516282865719723,1280
5833,1299.4413974942393,0.5516282865719723,1280
5834,1299.4413974942393,0.5516282865719723,1280
5835,1299.4413974942393,0.5516282865719723,1280
5836,1299.4413974942393,0.5516282865719723,1280
5837,1299.4413974942393,0.5516282865719723,1280
5838,1299.4413974942393,0.5516282865719723,1280
5839,1299.4413974942393,0.5516282865719723,1280
5840,1299.4413974942393,0.5516282865719723,1280
5841,1299.4413974942393,0.5516282865719723,1280
5842,1299.4413974942393,0.5516282865719723,1280
5843,1299.4413974942393,0.5516282865719723,1280
5844,1299.4413974942393,0.5516282865719723,1280
5845,1299.4413974942393,0.5516282865719723,1280
5846,1299.4413974942393,0.5516282865719723,1280
5847,1299.4413974942393,0.5516282865719723,1280
5848,1299.4413974942393,0.5516282865719723,1280
5849,1299.4413974942393,0.5516282865719723,1280
5850,1299.4413974942393,0.5516282865719723,1280
5851,1299.4413974942393,0.5516282865719723,1280
5852,1299.4413974942393,0.5516282865719723,1280
5853,1299.4413974942393,0.5516282865719723,1280
5854,1299.4413974942393,0.5516282865719723,1280
5855,1299.4413974942393,0.5516282865719723,1280
5856,1299.4413974942393,0.5516282865719723,1280
5857,1299.4413974942393,0.5516282865719723,1280
5858,1299.4413974942393,0.5516282865719723,1280
5859,1299.4413974942393,0.5516282865719723,1280
5860,1299.4413974942393,0.5516282865719723,1280
5861,1299.4413974942393,0.5516282865719723,1280
5862,1299.4413974942393,0.5516282865719723,1280
5863,1299.4413974942393,0.5516282865719723,1280
5864,1299.4413974942393,0.5516282865719723,1280
5865,1299.4413974942393,0.5516282865719723,1280
5866,1299.4413974942393,0.5516282865719723,1280
5867,1299.4413974942393,0.5516282865719723,1280
5868,1299.4413974942393,0.5516282865719723,1280
5869,1299.4413974942393,0.5516282865719723,1280
5870,1299.4413974942393,0.5516282865719723,1280
5871,1299.4413974942393,0.5516282865719723,1280
5872,1299.4413974942393,0.5516282865719723,1280
5873,1299.4413974942393,0.5516282865719723,1280
5874,1299.4413974942393,0.5516282865719723,1280
5875,1299.4413974942393,0.5516282865719723,1280
5876,1299.4413974942393,0.5516282865719723,1280
5877,1299.4413974942393,0.5516282865719723,1280
5878,1299.4413974942393,0.5516282865719723,1280
5879,1299.4413974942393,0.5516282865719723,1280
5880,1299.4413974942393,0.5516282865719723,1280
5881,1299.4413974942393,0.5516282865719723,1280
5882,1299.4413974942393,0.5516282865719723,1280
5883,1299.4413974942393,0.5516282865719723,1280
5884,1299.4413974942393,0.5516282865719723,1280
5885,1299.4413974942393,0.5516282865719723,1280
5886,1299.4413974942393,0.5516282865719723,1280
5887,1299.4413974942393,0.5516282865719723,1280
5888,1299.4413974942393,0.5516282865719723,1280
5889,1299.4413974942393,0.5516282865719723,1280
5890,1299.4413974942393,0.5516282865719723,1280
5891,1299.4413974942393,0.5516282865719723,1280
5892,1299.4413974942393,0.5516282865719723,1280
5893,1299.4413974942393,0.5516282865719723,1280
5894,1299.4413974942393,0.5516282865719723,1280
5895,1299.4413974942393,0.5516282865719723,1280
5896,1299.4413974942393,0.5516282865719723,1280
5897,1299.4413974942393,0.5516282865719723,1280
5898,1299.4413974942393,0.5516282865719723,1280
5899,1299.4413974942393,0.5516282865719723,1280
5900,1299.4413974942393,0.5516282865719723,1280
5901,1299.4413974942393,0.5516282865719723,1280
5902,1299.4413974942393,0.5516282865719723,1280
5903,1299.4413974942393,0.5516282865719723,1280
5904,1299.4413974942393,0.5516282865719723,1280
5905,1299.4413974942393,0.5516282865719723,1280
5906,1299.4413974942393,0.5516282865719723,1280
5907,1299.4413974942393,0.5516282865719723,1280
5908,1299.4413974942393,0.5516282865719723,1280
5909,1299.4413974942393,0.5516282865719723,1280
5910,1299.4413974942393,0.5516282865719723,1280
5911,1299.4413974942393,0.5516282865719723,1280
5912,1299.4413974942393,0.5516282865719723,1280
5913,1299.4413974942393,0.5516282865719723,1280
5914,1299.4413974942393,0.5516282865719723,1280
5915,1299.4413974942393,0.5516282865719723,1280
5916,1299.4413974942393,0.5516282865719723,1280
5917,1299.4413974942393,0.5516282865719723,1280
5918,1299.4413974942393,0.5516282865719723,1280
5919,1299.4413974942393,0.5516282865719723,1280
5920,1299.4413974942393,0.5516282865719723,1280
5921,1299.4413974942393,0.5516282865719723,1280
5922,1299.4413974942393,0.5516282865719723,1280
5923,1299.4413974942393,0.5516282865719723,1280
5924,1299.4413974942393,0.5516282865719723,1280
5925,1299.4413974942393,0.5516282865719723,1280
5926,1299.4413974942393,0.5516282865719723,1280
5927,1299.4413974942393,0.5516282865719723,1280
5928,1299.4413974942393,0.5516282865719723,1280
5929,1299.4413974942393,0.5516282865719723,1280
5930,1299.4413974942393,0.5516282865719723,1280
5931,1299.4413974942393,0.5516282865719723,1280
5932,1299.4413974942393,0.5516282865719723,1280
5933,1299.4413974942393,0.5516282865719723,1280
5934,1299.4413974942393,0.5516282865719723,1280
5935,1299.4413974942393,0.5516282865719723,1280
5936,1299.4413974942393,0.5516282865719723,1280
5937,1299.4413974942393,0.5516282865719723,1280
5938,1299.4413974942393,0.5516282865719723,1280
5939,1299.4413974942393,0.5516282865719723,1280
5940,1299.4413974942393,0.5516282865719723,1280
5941,1299.4413974942393,0.5516282865719723,1280
5942,1299.4413974942393,0.5516282865719723,1280
5943,1299.4413974942393,0.5516282865719723,1280
5944,1299.4413974942393,0.5516282865719723,1280
5945,1299.4413974942393,0.5516282865719723,1280
5946,1299.4413974942393,0.5516282865719723,1280
5947,1299.4413974942393,0.5516282865719723,1280
5948,1299.4413974942393,0.5516282865719723,1280
5949,1299.4413974942393,0.5516282865719723,1280
5950,1299.4413974942393,0.5516282865719723,1280
5951,1299.4413974942393,0.5516282865719723,1280
5952,1299.4413974942393,0.5516282865719723,1280
5953,1299.4413974942393,0.5516282865719723,1280
5954,1299.4413974942393,0.5516282865719723,1280
5955,1299.4413974942393,0.5516282865719723,1280
5956,1299.4413974942393,0.5516282865719723,1280
5957,1299.4413974942393,0.5516282865719723,1280
5958,1299.4413974942393,0.5516282865719723,1280
5959,1299.4413974942393,0.5516282865719723,1280
5960,1299.4413974942393,0.5516282865719723,1280
5961,1299.4413974942393,0.5516282865719723,1280
5962,1299.4413974942393,0.5516282865719723,1280
5963,1299.4413974942393,0.5516282865719723,1280
5964,1299.4413974942393,0.5516282865719723,1280
5965,1299.4413974942393,0.5516282865719723,1280
5966,1299.4413974942393,0.5516282865719723,1280
5967,1299.4413974942393,0.5516282865719723,1280
5968,1299.4413974942393,0.5516282865719723,1280
5969,1299.4413974942393,0.5516282865719723,1280
5970,1299.4413974942393,0.5516282865719723,1280
5971,1299.4413974942393,0.5516282865719723,1280
5972,1299.4413974942393,0.5516282865719723,1280
5973,1299.4413974942393,0.5516282865719723,1280
5974,1299.4413974942393,0.5516282865719723,1280
5975,1299.4413974942393,0.5516282865719723,1280
5976,1299.4413974942393,0.5516282865719723,1280
5977,1299.4413974942393,0.5516282865719723,1280
5978,1299.4413974942393,0.5516282865719723,1280
5979,1299.4413974942393,0.5516282865719723,1280
5980,1299.4413974942393,0.5516282865719723,1280
5981,1299.4413974942393,0.5516282865719723,1280
5982,1299.4413974942393,0.5516282865719723,1280
5983,1299.4413974942393,0.5516282865719723,1280
5984,1299.4413974942393,0.5516282865719723,1280
5985,1299.4413974942393,0.5516282865719723,1280
5986,1299.4413974942393,0.5516282865719723,1280
5987,1299.4413974942393,0.5516282865719723,1280
5988,1299.4413974942393,0.5516282865719723,1280
5989,1299.4413974942393,0.5516282865719723,1280
5990,1299.4413974942393,0.5516282865719723,1280
5991,1299.4413974942393,0.5516282865719723,1280
5992,1299.4413974942393,0.5516282865719723,1280
5993,1299.4413974942393,0.5516282865719723,1280
5994,1299.4413974942393,0.5516282865719723,1280
5995,1299.4413974942393,0.5516282865719723,1280
5996,1299.4413974942393,0.5516282865719723,1280
5997,1299.4413974942393,0.5516282865719723,1280
5998,1299.4413974942393,0.5516282865719723,1280
5999,1299.4413974942393,0.5516282865719723,1280
6000,1299.4413974942393,0.5516282865719723,1280
6001,1299.4413974942393,0.5516282865719723,1280
6002,1299.4413974942393,0.5516282865719723,1280
6003,1299.4413974942393,0.5516282865719723,1280
6004,1299.4413974942393,0.5516282865719723,1280
6005,1299.4413974942393,0.5516282865719723,1280
6006,1299.4413974942393,0.5516282865719723,1280
6007,1299.4413974942393,0.5516282865719723,1280
6008,1299.4413974942393,0.5516282865719723,1280
6009,1299.4413974942393,0.5516282865719723,1280
6010,1299.4413974942393,0.5516282865719723,1280
6011,1299.4413974942393,0.5516282865719723,1280
6012,1299.4413974942393,0.5516282865719723,1280
6013,1299.4413974942393,0.5516282865719723,1280
6014,1299.4413974942393,0.5516282865719723,1280
6015,1299.4413974942393,0.5516282865719723,1280
6016,1299.4413974942393,0.5516282865719723,1280
6017,1299.4413974942393,0.5516282865719723,1280
6018,1299.4413974942393,0.5516282865719723,1280
6019,1299.4413974942393,0.5516282865719723,1280
6020,1299.4413974942393,0.5516282865719723,1280
6021,1299.4413974942393,0.5516282865719723,1280
6022,1299.4413974942393,0.5516282865719723,1280
6023,1299.4413974942393,0.5516282865719723,1280
6024,1299.4413974942393,0.5516282865719723,1280
6025,1299.4413974942393,0.5516282865719723,1280
6026,1299.4413974942393,0.5516282865719723,1280
6027,1299.4413974942393,0.5516282865719723,1280
6028,1299.4413974942393,0.5516282865719723,1280
6029,1299.4413974942393,0.5516282865719723,1280
6030,1299.4413974942393,0.5516282865719723,1280
6031,1299.4413974942393,0.5516282865719723,1280
6032,1299.4413974942393,0.5516282865719723,1280
6033,1299.4413974942393,0.5516282865719723,1280
6034,1299.4413974942393,0.5516282865719723,1280
6035,1299.4413974942393,0.5516282865719723,1280
6036,1299.4413974942393,0.5516282865719723,1280
6037,1299.4413974942393,0.5516282865719723,1280
6038,1299.4413974942393,0.5516282865719723,1280
6039,1299.4413974942393,0.5516282865719723,1280
6040,1299.4413974942393,0.5516282865719723,1280
6041,1299.4413974942393,0.5516282865719723,1280
6042,1299.4413974942393,0.5516282865719723,1280
6043,1299.4413974942393,0.5516282865719723,1280
6044,1299.4413974942393,0.5516282865719723,1280
6045,1299.4413974942393,0.5516282865719723,1280
6046,1299.4413974942393,0.5516282865719723,1280
6047,1299.4413974942393,0.5516282865719723,1280
6048,1299.4413974942393,0.5516282865719723,1280
6049,1299.4413974942393,0.5516282865719723,1280
6050,1299.4413974942393,0.5516282865719723,1280
6051,1299.4413974942393,0.5516282865719723,1280
6052,1299.4413974942393,0.5516282865719723,1280
6053,1299.4413974942393,0.5516282865719723,1280
6054,1299.4413974942393,0.5516282865719723,1280
6055,1299.4413974942393,0.5516282865719723,1280
6056,1299.4413974942393,0.5516282865719723,1280
6057,1299.4413974942393,0.5516282865719723,1280
6058,1299.4413974942393,0.5516282865719723,1280
6059,1299.4413974942393,0.5516282865719723,1280
6060,1299.4413974942393,0.5516282865719723,1280
6061,1299.4413974942393,0.5516282865719723,1280
6062,1299.4413974942393,0.5516282865719723,1280
6063,1299.4413974942393,0.5516282865719723,1280
6064,1299.4413974942393,0.5516282865719723,1280
6065,1299.4413974942393,0.5516282865719723,1280
6066,1299.4413974942393,0.5516282865719723,1280
6067,1299.4413974942393,0.5516282865719723,1280
6068,1299.4413974942393,0.5516282865719723,1280
6069,1299.4413974942393,0.5516282865719723,1280
6070,1299.4413974942393,0.5516282865719723,1280
6071,1299.4413974942393,0.5516282865719723,1280
6072,1299.4413974942393,0.5516282865719723,1280
6073,1299.4413974942393,0.5516282865719723,1280
6074,1299.4413974942393,0.5516282865719723,1280
6075,1299.4413974942393,0.5516282865719723,1280
6076,1299.4413974942393,0.5516282865719723,1280
6077,1299.4413974942393,0.5516282865719723,1280
6078,1299.4413974942393,0.5516282865719723,1280
6079,1299.4413974942393,0.5516282865719723,1280
6080,1299.4413974942393,0.5516282865719723,1280
6081,1299.4413974942393,0.5516282865719723,1280
6082,1299.4413974942393,0.5516282865719723,1280
6083,1299.4413974942393,0.5516282865719723,1280
6084,1299.4413974942393,0.5516282865719723,1280
6085,1299.4413974942393,0.5516282865719723,1280
6086,1299.4413974942393,0.5516282865719723,1280
6087,1299.4413974942393,0.5516282865719723,1280
6088,1299.4413974942393,0.5516282865719723,1280
6089,1299.4413974942393,0.5516282865719723,1280
6090,1299.4413974942393,0.5516282865719723,1280
6091,1299.4413974942393,0.5516282865719723,1280
6092,1299.4413974942393,0.5516282865719723,1280
6093,1299.4413974942393,0.5516282865719723,1280
6094,1299.4413974942393,0.5516282865719723,1280
6095,1299.4413974942393,0.5516282865719723,1280
6096,1299.4413974942393,0.5516282865719723,1280
6097,1299.4413974942393,0.5516282865719723,1280
6098,1299.4413974942393,0.5516282865719723,1280
6099,1299.4413974942393,0.5516282865719723,1280
6100,1299.4413974942393,0.5516282865719723,1280
6101,1299.4413974942393,0.5516282865719723,1280
6102,1299.4413974942393,0.5516282865719723,1280
6103,1299.4413974942393,0.5516282865719723,1280
6104,1299.4413974942393,0.5516282865719723,1280
6105,1299.4413974942393,0.5516282865719723,1280
6106,1299.4413974942393,0.5516282865719723,1280
6107,1299.4413974942393,0.5516282865719723,1280
6108,1299.4413974942393,0.5516282865719723,1280
6109,1299.4413974942393,0.5516282865719723,1280
6110,1299.4413974942393,0.5516282865719723,1280
6111,1299.4413974942393,0.5516282865719723,1280
6112,1299.4413974942393,0.5516282865719723,1280
6113,1299.4413974942393,0.5516282865719723,1280
6114,1299.4413974942393,0.5516282865719723,1280
6115,1299.4413974942393,0.5516282865719723,1280
6116,1299.4413974942393,0.5516282865719723,1280
6117,1299.4413974942393,0.5516282865719723,1280
6118,1299.4413974942393,0.5516282865719723,1280
6119,1299.4413974942393,0.5516282865719723,1280
6120,1299.4413974942393,0.5516282865719723,1280
6121,1299.4413974942393,0.5516282865719723,1280
6122,1299.4413974942393,0.5516282865719723,1280
6123,1299.4413974942393,0.5516282865719723,1280
6124,1299.4413974942393,0.5516282865719723,1280
6125,1299.4413974942393,0.5516282865719723,1280
6126,1299.4413974942393,0.5516282865719723,1280
6127,1299.4413974942393,0.5516282865719723,1280
6128,1299.4413974942393,0.5516282865719723,1280
6129,1299.4413974942393,0.5516282865719723,1280
6130,1299.4413974942393,0.5516282865719723,1280
6131,1299.4413974942393,0.5516282865719723,1280
6132,1299.4413974942393,0.5516282865719723,1280
6133,1299.4413974942393,0.5516282865719723,1280
6134,1299.4413974942393,0.5516282865719723,1280
6135,1299.4413974942393,0.5516282865719723,1280
6136,1299.4413974942393,0.5516282865719723,1280
6137,1299.4413974942393,0.5516282865719723,1280
6138,1299.4413974942393,0.5516282865719723,1280
6139,1299.4413974942393,0.5516282865719723,1280
6140,1299.4413974942393,0.5516282865719723,1280
6141,1299.4413974942393,0.5516282865719723,1280
6142,1299.4413974942393,0.5516282865719723,1280
6143,1299.4413974942393,0.5516282865719723,1280
6144,1299.4413974942393,0.5516282865719723,1280
6145,1299.4413974942393,0.5516282865719723,1280
6146,1299.4413974942393,0.5516282865719723,1280
6147,1299.4413974942393,0.5516282865719723,1280
6148,1299.4413974942393,0.5516282865719723,1280
6149,1299.4413974942393,0.5516282865719723,1280
6150,1299.4413974942393,0.5516282865719723,1280
6151,1299.4413974942393,0.5516282865719723,1280
6152,1299.4413974942393,0.5516282865719723,1280
6153,1299.4413974942393,0.5516282865719723,1280
6154,1299.4413974942393,0.5516282865719723,1280
6155,1299.4413974942393,0.5516282865719723,1280
6156,1299.4413974942393,0.5516282865719723,1280
6157,1299.4413974942393,0.5516282865719723,1280
6158,1299.4413974942393,0.5516282865719723,1280
6159,1299.4413974942393,0.5516282865719723,1280
6160,1299.4413974942393,0.5516282865719723,1280
6161,1299.4413974942393,0.5516282865719723,1280
6162,1299.4413974942393,0.5516282865719723,1280
6163,1299.4413974942393,0.5516282865719723,1280
6164,1299.4413974942393,0.5516282865719723,1280
6165,1299.4413974942393,0.5516282865719723,1280
6166,1299.4413974942393,0.5516282865719723,1280
6167,1299.4413974942393,0.5516282865719723,1280
6168,1299.4413974942393,0.5516282865719723,1280
6169,1299.4413974942393,0.5516282865719723,1280
6170,1299.4413974942393,0.5516282865719723,1280
6171,1299.4413974942393,0.5516282865719723,1280
6172,1299.4413974942393,0.5516282865719723,1280
6173,1299.4413974942393,0.5516282865719723,1280
6174,1299.4413974942393,0.5516282865719723,1280
6175,1299.4413974942393,0.5516282865719723,1280
6176,1299.4413974942393,0.5516282865719723,1280
6177,1299.4413974942393,0.5516282865719723,1280
6178,1299.4413974942393,0.5516282865719723,1280
6179,1299.4413974942393,0.5516282865719723,1280
6180,1299.4413974942393,0.5516282865719723,1280
6181,1299.4413974942393,0.5516282865719723,1280
6182,1299.4413974942393,0.5516282865719723,1280
6183,1299.4413974942393,0.5516282865719723,1280
6184,1299.4413974942393,0.5516282865719723,1280
6185,1299.4413974942393,0.5516282865719723,1280
6186,1299.4413974942393,0.5516282865719723,1280
6187,1299.4413974942393,0.5516282865719723,1280
6188,1299.4413974942393,0.5516282865719723,1280
6189,1299.4413974942393,0.5516282865719723,1280
6190,1299.4413974942393,0.5516282865719723,1280
6191,1299.4413974942393,0.5516282865719723,1280
6192,1299.4413974942393,0.5516282865719723,1280
6193,1299.4413974942393,0.5516282865719723,1280
6194,1299.4413974942393,0.5516282865719723,1280
6195,1299.4413974942393,0.5516282865719723,1280
6196,1299.4413974942393,0.5516282865719723,1280
6197,1299.4413974942393,0.5516282865719723,1280
6198,1299.4413974942393,0.5516282865719723,1280
6199,1299.4413974942393,0.5516282865719723,1280
6200,1299.4413974942393,0.5516282865719723,1280
6201,1299.4413974942393,0.5516282865719723,1280
6202,1299.4413974942393,0.5516282865719723,1280
6203,1299.4413974942393,0.5516282865719723,1280
6204,1299.4413974942393,0.5516282865719723,1280
6205,1299.4413974942393,0.5516282865719723,1280
6206,1299.4413974942393,0.5516282865719723,1280
6207,1299.4413974942393,0.5516282865719723,1280
6208,1299.4413974942393,0.5516282865719723,1280
6209,1299.4413974942393,0.5516282865719723,1280
6210,1299.4413974942393,0.5516282865719723,1280
6211,1299.4413974942393,0.5516282865719723,1280
6212,1299.4413974942393,0.5516282865719723,1280
6213,1299.4413974942393,0.5516282865719723,1280
6214,1299.4413974942393,0.5516282865719723,1280
6215,1299.4413974942393,0.5516282865719723,1280
6216,1299.4413974942393,0.5516282865719723,1280
6217,1299.4413974942393,0.5516282865719723,1280
6218,1299.4413974942393,0.5516282865719723,1280
6219,1299.4413974942393,0.5516282865719723,1280
6220,1299.4413974942393,0.5516282865719723,1280
6221,1299.4413974942393,0.5516282865719723,1280
6222,1299.4413974942393,0.5516282865719723,1280
6223,1299.4413974942393,0.5516282865719723,1280
6224,1299.4413974942393,0.5516282865719723,1280
6225,1299.4413974942393,0.5516282865719723,1280
6226,1299.4413974942393,0.5516282865719723,1280
6227,1299.4413974942393,0.5516282865719723,1280
6228,1299.4413974942393,0.5516282865719723,1280
6229,1299.4413974942393,0.5516282865719723,1280
6230,1299.4413974942393,0.5516282865719723,1280
6231,1299.4413974942393,0.5516282865719723,1280
6232,1299.4413974942393,0.5516282865719723,1280
6233,1299.4413974942393,0.5516282865719723,1280
6234,1299.4413974942393,0.5516282865719723,1280
6235,1299.4413974942393,0.5516282865719723,1280
6236,1299.4413974942393,0.5516282865719723,1280
6237,1299.4413974942393,0.5516282865719723,1280
6238,1299.4413974942393,0.5516282865719723,1280
6239,1299.4413974942393,0.5516282865719723,1280
6240,1299.4413974942393,0.5516282865719723,1280
6241,1299.4413974942393,0.5516282865719723,1280
6242,1299.4413974942393,0.5516282865719723,1280
6243,1299.4413974942393,0.5516282865719723,1280
6244,1299.4413974942393,0.5516282865719723,1280
6245,1299.4413974942393,0.5516282865719723,1280
6246,1299.4413974942393,0.5516282865719723,1280
6247,1299.4413974942393,0.5516282865719723,1280
6248,1299.4413974942393,0.5516282865719723,1280
6249,1299.4413974942393,0.5516282865719723,1280
6250,1299.4413974942393,0.5516282865719723,1280
6251,1299.4413974942393,0.5516282865719723,1280
6252,1299.4413974942393,0.5516282865719723,1280
6253,1299.4413974942393,0.5516282865719723,1280
6254,1299.4413974942393,0.5516282865719723,1280
6255,1299.4413974942393,0.5516282865719723,1280
6256,1299.4413974942393,0.5516282865719723,1280
6257,1299.4413974942393,0.5516282865719723,1280
6258,1299.4413974942393,0.5516282865719723,1280
6259,1299.4413974942393,0.5516282865719723,1280
6260,1299.4413974942393,0.5516282865719723,1280
6261,1299.4413974942393,0.5516282865719723,1280
6262,1299.4413974942393,0.5516282865719723,1280
6263,1299.4413974942393,0.5516282865719723,1280
6264,1299.4413974942393,0.5516282865719723,1280
6265,1299.4413974942393,0.5516282865719723,1280
6266,1299.4413974942393,0.5516282865719723,1280
6267,1299.4413974942393,0.5516282865719723,1280
6268,1299.4413974942393,0.5516282865719723,1280
6269,1299.4413974942393,0.5516282865719723,1280
6270,1299.4413974942393,0.5516282865719723,1280
6271,1299.4413974942393,0.5516282865719723,1280
6272,1299.4413974942393,0.5516282865719723,1280
6273,1299.4413974942393,0.5516282865719723,1280
6274,1299.4413974942393,0.5516282865719723,1280
6275,1299.4413974942393,0.5516282865719723,1280
6276,1299.4413974942393,0.5516282865719723,1280
6277,1299.4413974942393,0.5516282865719723,1280
6278,1299.4413974942393,0.5516282865719723,1280
6279,1299.4413974942393,0.5516282865719723,1280
6280,1299.4413974942393,0.5516282865719723,1280
6281,1299.4413974942393,0.5516282865719723,1280
6282,1299.4413974942393,0.5516282865719723,1280
6283,1299.4413974942393,0.5516282865719723,1280
6284,1299.4413974942393,0.5516282865719723,1280
6285,1299.4413974942393,0.5516282865719723,1280
6286,1299.4413974942393,0.5516282865719723,1280
6287,1299.4413974942393,0.5516282865719723,1280
6288,1299.4413974942393,0.5516282865719723,1280
6289,1299.4413974942393,0.5516282865719723,1280
6290,1299.4413974942393,0.5516282865719723,1280
6291,1299.4413974942393,0.5516282865719723,1280
6292,1299.4413974942393,0.5516282865719723,1280
6293,1299.4413974942393,0.5516282865719723,1280
6294,1299.4413974942393,0.5516282865719723,1280
6295,1299.4413974942393,0.5516282865719723,1280
6296,1299.4413974942393,0.5516282865719723,1280
6297,1299.4413974942393,0.5516282865719723,1280
6298,1299.4413974942393,0.5516282865719723,1280
6299,1299.4413974942393,0.5516282865719723,1280
6300,1299.4413974942393,0.5516282865719723,1280
6301,1299.4413974942393,0.5516282865719723,1280
6302,1299.4413974942393,0.5516282865719723,1280
6303,1299.4413974942393,0.5516282865719723,1280
6304,1299.4413974942393,0.5516282865719723,1280
6305,1299.4413974942393,0.5516282865719723,1280
6306,1299.4413974942393,0.5516282865719723,1280
6307,1299.4413974942393,0.5516282865719723,1280
6308,1299.4413974942393,0.5516282865719723,1280
6309,1299.4413974942393,0.5516282865719723,1280
6310,1299.4413974942393,0.5516282865719723,1280
6311,1299.4413974942393,0.5516282865719723,1280
6312,1299.4413974942393,0.5516282865719723,1280
6313,1299.4413974942393,0.5516282865719723,1280
6314,1299.4413974942393,0.5516282865719723,1280
6315,1299.4413974942393,0.5516282865719723,1280
6316,1299.4413974942393,0.5516282865719723,1280
6317,1299.4413974942393,0.5516282865719723,1280
6318,1299.4413974942393,0.5516282865719723,1280
6319,1299.4413974942393,0.5516282865719723,1280
6320,1299.4413974942393,0.5516282865719723,1280
6321,1299.4413974942393,0.5516282865719723,1280
6322,1299.4413974942393,0.5516282865719723,1280
6323,1299.4413974942393,0.5516282865719723,1280
6324,1299.4413974942393,0.5516282865719723,1280
6325,1299.4413974942393,0.5516282865719723,1280
6326,1299.4413974942393,0.5516282865719723,1280
6327,1299.4413974942393,0.5516282865719723,1280
6328,1299.4413974942393,0.5516282865719723,1280
6329,1299.4413974942393,0.5516282865719723,1280
6330,1299.4413974942393,0.5516282865719723,1280
6331,1299.4413974942393,0.5516282865719723,1280
6332,1299.4413974942393,0.5516282865719723,1280
6333,1299.4413974942393,0.5516282865719723,1280
6334,1299.4413974942393,0.5516282865719723,1280
6335,1299.4413974942393,0.5516282865719723,1280
6336,1299.4413974942393,0.5516282865719723,1280
6337,1299.4413974942393,0.5516282865719723,1280
6338,1299.4413974942393,0.5516282865719723,1280
6339,1299.4413974942393,0.5516282865719723,1280
6340,1299.4413974942393,0.5516282865719723,1280
6341,1299.4413974942393,0.5516282865719723,1280
6342,1299.4413974942393,0.5516282865719723,1280
6343,1299.4413974942393,0.5516282865719723,1280
6344,1299.4413974942393,0.5516282865719723,1280
6345,1299.4413974942393,0.5516282865719723,1280
6346,1299.4413974942393,0.5516282865719723,1280
6347,1299.4413974942393,0.5516282865719723,1280
6348,1299.4413974942393,0.5516282865719723,1280
6349,1299.4413974942393,0.5516282865719723,1280
6350,1299.4413974942393,0.5516282865719723,1280
6351,1299.4413974942393,0.5516282865719723,1280
6352,1299.4413974942393,0.5516282865719723,1280
6353,1299.4413974942393,0.5516282865719723,1280
6354,1299.4413974942393,0.5516282865719723,1280
6355,1299.4413974942393,0.5516282865719723,1280
6356,1299.4413974942393,0.5516282865719723,1280
6357,1299.4413974942393,0.5516282865719723,1280
6358,1299.4413974942393,0.5516282865719723,1280
6359,1299.4413974942393,0.5516282865719723,1280
6360,1299.4413974942393,0.5516282865719723,1280
6361,1299.4413974942393,0.5516282865719723,1280
6362,1299.4413974942393,0.5516282865719723,1280
6363,1299.4413974942393,0.5516282865719723,1280
6364,1299.4413974942393,0.5516282865719723,1280
6365,1299.4413974942393,0.5516282865719723,1280
6366,1299.4413974942393,0.5516282865719723,1280
6367,1299.4413974942393,0.5516282865719723,1280
6368,1299.4413974942393,0.5516282865719723,1280
6369,1299.4413974942393,0.5516282865719723,1280
6370,1299.4413974942393,0.5516282865719723,1280
6371,1299.4413974942393,0.5516282865719723,1280
6372,1299.4413974942393,0.5516282865719723,1280
6373,1299.4413974942393,0.5516282865719723,1280
6374,1299.4413974942393,0.5516282865719723,1280
6375,1299.4413974942393,0.5516282865719723,1280
6376,1299.4413974942393,0.5516282865719723,1280
6377,1299.4413974942393,0.5516282865719723,1280
6378,1299.4413974942393,0.5516282865719723,1280
6379,1299.4413974942393,0.5516282865719723,1280
6380,1299.4413974942393,0.5516282865719723,1280
6381,1299.4413974942393,0.5516282865719723,1280
6382,1299.4413974942393,0.5516282865719723,1280
6383,1299.4413974942393,0.5516282865719723,1280
6384,1299.4413974942393,0.5516282865719723,1280
6385,1299.4413974942393,0.5516282865719723,1280
6386,1299.4413974942393,0.5516282865719723,1280
6387,1299.4413974942393,0.5516282865719723,1280
6388,1299.4413974942393,0.5516282865719723,1280
6389,1299.4413974942393,0.5516282865719723,1280
6390,1299.4413974942393,0.5516282865719723,1280
6391,1299.4413974942393,0.5516282865719723,1280
6392,1299.4413974942393,0.5516282865719723,1280
6393,1299.4413974942393,0.5516282865719723,1280
6394,1299.4413974942393,0.5516282865719723,1280
6395,1299.4413974942393,0.5516282865719723,1280
6396,1299.4413974942393,0.5516282865719723,1280
6397,1299.4413974942393,0.5516282865719723,1280
6398,1299.4413974942393,0.5516282865719723,1280
6399,1299.4413974942393,0.5516282865719723,1280
6400,1299.4413974942393,0.5516282865719723,1280
6401,1299.4413974942393,0.5516282865719723,1280
6402,1299.4413974942393,0.5516282865719723,1280
6403,1299.4413974942393,0.5516282865719723,1280
6404,1299.4413974942393,0.5516282865719723,1280
6405,1299.4413974942393,0.5516282865719723,1280
6406,1299.4413974942393,0.5516282865719723,1280
6407,1299.4413974942393,0.5516282865719723,1280
6408,1299.4413974942393,0.5516282865719723,1280
6409,1299.4413974942393,0.5516282865719723,1280
6410,1299.4413974942393,0.5516282865719723,1280
6411,1299.4413974942393,0.5516282865719723,1280
6412,1299.4413974942393,0.5516282865719723,1280
6413,1299.4413974942393,0.5516282865719723,1280
6414,1299.4413974942393,0.5516282865719723,1280
6415,1299.4413974942393,0.5516282865719723,1280
6416,1299.4413974942393,0.5516282865719723,1280
6417,1299.4413974942393,0.5516282865719723,1280
6418,1299.4413974942393,0.5516282865719723,1280
6419,1299.4413974942393,0.5516282865719723,1280
6420,1299.4413974942393,0.5516282865719723,1280
6421,1299.4413974942393,0.5516282865719723,1280
6422,1299.4413974942393,0.5516282865719723,1280
6423,1299.4413974942393,0.5516282865719723,1280
6424,1299.4413974942393,0.5516282865719723,1280
6425,1299.4413974942393,0.5516282865719723,1280
6426,1299.4413974942393,0.5516282865719723,1280
6427,1299.4413974942393,0.5516282865719723,1280
6428,1299.4413974942393,0.5516282865719723,1280
6429,1299.4413974942393,0.5516282865719723,1280
6430,1299.4413974942393,0.5516282865719723,1280
6431,1299.4413974942393,0.5516282865719723,1280
6432,1299.4413974942393,0.5516282865719723,1280
6433,1299.4413974942393,0.5516282865719723,1280
6434,1299.4413974942393,0.5516282865719723,1280
6435,1299.4413974942393,0.5516282865719723,1280
6436,1299.4413974942393,0.5516282865719723,1280
6437,1299.4413974942393,0.5516282865719723,1280
6438,1299.4413974942393,0.5516282865719723,1280
6439,1299.4413974942393,0.5516282865719723,1280
6440,1299.4413974942393,0.5516282865719723,1280
6441,1299.4413974942393,0.5516282865719723,1280
6442,1299.4413974942393,0.5516282865719723,1280
6443,1299.4413974942393,0.5516282865719723,1280
6444,1299.4413974942393,0.5516282865719723,1280
6445,1299.4413974942393,0.5516282865719723,1280
6446,1299.4413974942393,0.5516282865719723,1280
6447,1299.4413974942393,0.5516282865719723,1280
6448,1299.4413974942393,0.5516282865719723,1280
6449,1299.4413974942393,0.5516282865719723,1280
6450,1299.4413974942393,0.5516282865719723,1280
6451,1299.4413974942393,0.5516282865719723,1280
6452,1299.4413974942393,0.5516282865719723,1280
6453,1299.4413974942393,0.5516282865719723,1280
6454,1299.4413974942393,0.5516282865719723,1280
6455,1299.4413974942393,0.5516282865719723,1280
6456,1299.4413974942393,0.5516282865719723,1280
6457,1299.4413974942393,0.5516282865719723,1280
6458,1299.4413974942393,0.5516282865719723,1280
6459,1299.4413974942393,0.5516282865719723,1280
6460,1299.4413974942393,0.5516282865719723,1280
6461,1299.4413974942393,0.5516282865719723,1280
6462,1299.4413974942393,0.5516282865719723,1280
6463,1299.4413974942393,0.5516282865719723,1280
6464,1299.4413974942393,0.5516282865719723,1280
6465,1299.4413974942393,0.5516282865719723,1280
6466,1299.4413974942393,0.5516282865719723,1280
6467,1299.4413974942393,0.5516282865719723,1280
6468,1299.4413974942393,0.5516282865719723,1280
6469,1299.4413974942393,0.5516282865719723,1280
6470,1299.4413974942393,0.5516282865719723,1280
6471,1299.4413974942393,0.5516282865719723,1280
6472,1299.4413974942393,0.5516282865719723,1280
6473,1299.4413974942393,0.5516282865719723,1280
6474,1299.4413974942393,0.5516282865719723,1280
6475,1299.4413974942393,0.5516282865719723,1280
6476,1299.4413974942393,0.5516282865719723,1280
6477,1299.4413974942393,0.5516282865719723,1280
6478,1299.4413974942393,0.5516282865719723,1280
6479,1299.4413974942393,0.5516282865719723,1280
6480,1299.4413974942393,0.5516282865719723,1280
6481,1299.4413974942393,0.5516282865719723,1280
6482,1299.4413974942393,0.5516282865719723,1280
6483,1299.4413974942393,0.5516282865719723,1280
6484,1299.4413974942393,0.5516282865719723,1280
6485,1299.4413974942393,0.5516282865719723,1280
6486,1299.4413974942393,0.5516282865719723,1280
6487,1299.4413974942393,0.5516282865719723,1280
6488,1299.4413974942393,0.5516282865719723,1280
6489,1299.4413974942393,0.5516282865719723,1280
6490,1299.4413974942393,0.5516282865719723,1280
6491,1299.4413974942393,0.5516282865719723,1280
6492,1299.4413974942393,0.5516282865719723,1280
6493,1299.4413974942393,0.5516282865719723,1280
6494,1299.4413974942393,0.5516282865719723,1280
6495,1299.4413974942393,0.5516282865719723,1280
6496,1299.4413974942393,0.5516282865719723,1280
6497,1299.4413974942393,0.5516282865719723,1280
6498,1299.4413974942393,0.5516282865719723,1280
6499,1299.4413974942393,0.5516282865719723,1280
6500,1299.4413974942393,0.5516282865719723,1280
6501,1299.4413974942393,0.5516282865719723,1280
6502,1299.4413974942393,0.5516282865719723,1280
6503,1299.4413974942393,0.5516282865719723,1280
6504,1299.4413974942393,0.5516282865719723,1280
6505,1299.4413974942393,0.5516282865719723,1280
6506,1299.4413974942393,0.5516282865719723,1280
6507,1299.4413974942393,0.5516282865719723,1280
6508,1299.4413974942393,0.5516282865719723,1280
6509,1299.4413974942393,0.5516282865719723,1280
6510,1299.4413974942393,0.5516282865719723,1280
6511,1299.4413974942393,0.5516282865719723,1280
6512,1299.4413974942393,0.5516282865719723,1280
6513,1299.4413974942393,0.5516282865719723,1280
6514,1299.4413974942393,0.5516282865719723,1280
6515,1299.4413974942393,0.5516282865719723,1280
6516,1299.4413974942393,0.5516282865719723,1280
6517,1299.4413974942393,0.5516282865719723,1280
6518,1299.4413974942393,0.5516282865719723,1280
6519,1299.4413974942393,0.5516282865719723,1280
6520,1299.4413974942393,0.5516282865719723,1280
6521,1299.4413974942393,0.5516282865719723,1280
6522,1299.4413974942393,0.5516282865719723,1280
6523,1299.4413974942393,0.5516282865719723,1280
6524,1299.4413974942393,0.5516282865719723,1280
6525,1299.4413974942393,0.5516282865719723,1280
6526,1299.4413974942393,0.5516282865719723,1280
6527,1299.4413974942393,0.5516282865719723,1280
6528,1299.4413974942393,0.5516282865719723,1280
6529,1299.4413974942393,0.5516282865719723,1280
6530,1299.4413974942393,0.5516282865719723,1280
6531,1299.4413974942393,0.5516282865719723,1280
6532,1299.4413974942393,0.5516282865719723,1280
6533,1299.4413974942393,0.5516282865719723,1280
6534,1299.4413974942393,0.5516282865719723,1280
6535,1299.4413974942393,0.5516282865719723,1280
6536,1299.4413974942393,0.5516282865719723,1280
6537,1299.4413974942393,0.5516282865719723,1280
6538,1299.4413974942393,0.5516282865719723,1280
6539,1299.4413974942393,0.5516282865719723,1280
6540,1299.4413974942393,0.5516282865719723,1280
6541,1299.4413974942393,0.5516282865719723,1280
6542,1299.4413974942393,0.5516282865719723,1280
6543,1299.4413974942393,0.5516282865719723,1280
6544,1299.4413974942393,0.5516282865719723,1280
6545,1299.4413974942393,0.5516282865719723,1280
6546,1299.4413974942393,0.5516282865719723,1280
6547,1299.4413974942393,0.5516282865719723,1280
6548,1299.4413974942393,0.5516282865719723,1280
6549,1299.4413974942393,0.5516282865719723,1280
6550,1299.4413974942393,0.5516282865719723,1280
6551,1299.4413974942393,0.5516282865719723,1280
6552,1299.4413974942393,0.5516282865719723,1280
6553,1299.4413974942393,0.5516282865719723,1280
6554,1299.4413974942393,0.5516282865719723,1280
6555,1299.4413974942393,0.5516282865719723,1280
6556,1299.4413974942393,0.5516282865719723,1280
6557,1299.4413974942393,0.5516282865719723,1280
6558,1299.4413974942393,0.5516282865719723,1280
6559,1299.4413974942393,0.5516282865719723,1280
6560,1299.4413974942393,0.5516282865719723,1280
6561,1299.4413974942393,0.5516282865719723,1280
6562,1299.4413974942393,0.5516282865719723,1280
6563,1299.4413974942393,0.5516282865719723,1280
6564,1299.4413974942393,0.5516282865719723,1280
6565,1299.4413974942393,0.5516282865719723,1280
6566,1299.4413974942393,0.5516282865719723,1280
6567,1299.4413974942393,0.5516282865719723,1280
6568,1299.4413974942393,0.5516282865719723,1280
6569,1299.4413974942393,0.5516282865719723,1280
6570,1299.4413974942393,0.5516282865719723,1280
6571,1299.4413974942393,0.5516282865719723,1280
6572,1299.4413974942393,0.5516282865719723,1280
6573,1299.4413974942393,0.5516282865719723,1280
6574,1299.4413974942393,0.5516282865719723,1280
6575,1299.4413974942393,0.5516282865719723,1280
6576,1299.4413974942393,0.5516282865719723,1280
6577,1299.4413974942393,0.5516282865719723,1280
6578,1299.4413974942393,0.5516282865719723,1280
6579,1299.4413974942393,0.5516282865719723,1280
6580,1299.4413974942393,0.5516282865719723,1280
6581,1299.4413974942393,0.5516282865719723,1280
6582,1299.4413974942393,0.5516282865719723,1280
6583,1299.4413974942393,0.5516282865719723,1280
6584,1299.4413974942393,0.5516282865719723,1280
6585,1299.4413974942393,0.5516282865719723,1280
6586,1299.4413974942393,0.5516282865719723,1280
6587,1299.4413974942393,0.5516282865719723,1280
6588,1299.4413974942393,0.5516282865719723,1280
6589,1299.4413974942393,0.5516282865719723,1280
6590,1299.4413974942393,0.5516282865719723,1280
6591,1299.4413974942393,0.5516282865719723,1280
6592,1299.4413974942393,0.5516282865719723,1280
6593,1299.4413974942393,0.5516282865719723,1280
6594,1299.4413974942393,0.5516282865719723,1280
6595,1299.4413974942393,0.5516282865719723,1280
6596,1299.4413974942393,0.5516282865719723,1280
6597,1299.4413974942393,0.5516282865719723,1280
6598,1299.4413974942393,0.5516282865719723,1280
6599,1299.4413974942393,0.5516282865719723,1280
6600,1299.4413974942393,0.5516282865719723,1280
6601,1299.4413974942393,0.5516282865719723,1280
6602,1299.4413974942393,0.5516282865719723,1280
6603,1299.4413974942393,0.5516282865719723,1280
6604,1299.4413974942393,0.5516282865719723,1280
6605,1299.4413974942393,0.5516282865719723,1280
6606,1299.4413974942393,0.5516282865719723,1280
6607,1299.4413974942393,0.5516282865719723,1280
6608,1299.4413974942393,0.5516282865719723,1280
6609,1299.4413974942393,0.5516282865719723,1280
6610,1299.4413974942393,0.5516282865719723,1280
6611,1299.4413974942393,0.5516282865719723,1280
6612,1299.4413974942393,0.5516282865719723,1280
6613,1299.4413974942393,0.5516282865719723,1280
6614,1299.4413974942393,0.5516282865719723,1280
6615,1299.4413974942393,0.5516282865719723,1280
6616,1299.4413974942393,0.5516282865719723,1280
6617,1299.4413974942393,0.5516282865719723,1280
6618,1299.4413974942393,0.5516282865719723,1280
6619,1299.4413974942393,0.5516282865719723,1280
6620,1299.4413974942393,0.5516282865719723,1280
6621,1299.4413974942393,0.5516282865719723,1280
6622,1299.4413974942393,0.5516282865719723,1280
6623,1299.4413974942393,0.5516282865719723,1280
6624,1299.4413974942393,0.5516282865719723,1280
6625,1299.4413974942393,0.5516282865719723,1280
6626,1299.4413974942393,0.5516282865719723,1280
6627,1299.4413974942393,0.5516282865719723,1280
6628,1299.4413974942393,0.5516282865719723,1280
6629,1299.4413974942393,0.5516282865719723,1280
6630,1299.4413974942393,0.5516282865719723,1280
6631,1299.4413974942393,0.5516282865719723,1280
6632,1299.4413974942393,0.5516282865719723,1280
6633,1299.4413974942393,0.5516282865719723,1280
6634,1299.4413974942393,0.5516282865719723,1280
6635,1299.4413974942393,0.5516282865719723,1280
6636,1299.4413974942393,0.5516282865719723,1280
6637,1299.4413974942393,0.5516282865719723,1280
6638,1299.4413974942393,0.5516282865719723,1280
6639,1299.4413974942393,0.5516282865719723,1280
6640,1299.4413974942393,0.5516282865719723,1280
6641,1299.4413974942393,0.5516282865719723,1280
6642,1299.4413974942393,0.5516282865719723,1280
6643,1299.4413974942393,0.5516282865719723,1280
6644,1299.4413974942393,0.5516282865719723,1280
6645,1299.4413974942393,0.5516282865719723,1280
6646,1299.4413974942393,0.5516282865719723,1280
6647,1299.4413974942393,0.5516282865719723,1280
6648,1299.4413974942393,0.5516282865719723,1280
6649,1299.4413974942393,0.5516282865719723,1280
6650,1299.4413974942393,0.5516282865719723,1280
6651,1299.4413974942393,0.5516282865719723,1280
6652,1299.4413974942393,0.5516282865719723,1280
6653,1299.4413974942393,0.5516282865719723,1280
6654,1299.4413974942393,0.5516282865719723,1280
6655,1299.4413974942393,0.5516282865719723,1280
6656,1299.4413974942393,0.5516282865719723,1280
6657,1299.4413974942393,0.5516282865719723,1280
6658,1299.4413974942393,0.5516282865719723,1280
6659,1299.4413974942393,0.5516282865719723,1280
6660,1299.4413974942393,0.5516282865719723,1280
6661,1299.4413974942393,0.5516282865719723,1280
6662,1299.4413974942393,0.5516282865719723,1280
6663,1299.4413974942393,0.5516282865719723,1280
6664,1299.4413974942393,0.5516282865719723,1280
6665,1299.4413974942393,0.5516282865719723,1280
6666,1299.4413974942393,0.5516282865719723,1280
6667,1299.4413974942393,0.5516282865719723,1280
6668,1299.4413974942393,0.5516282865719723,1280
6669,1299.4413974942393,0.5516282865719723,1280
6670,1299.4413974942393,0.5516282865719723,1280
6671,1299.4413974942393,0.5516282865719723,1280
6672,1299.4413974942393,0.5516282865719723,1280
6673,1299.4413974942393,0.5516282865719723,1280
6674,1299.4413974942393,0.5516282865719723,1280
6675,1299.4413974942393,0.5516282865719723,1280
6676,1299.4413974942393,0.5516282865719723,1280
6677,1299.4413974942393,0.5516282865719723,1280
6678,1299.4413974942393,0.5516282865719723,1280
6679,1299.4413974942393,0.5516282865719723,1280
6680,1299.4413974942393,0.5516282865719723,1280
6681,1299.4413974942393,0.5516282865719723,1280
6682,1299.4413974942393,0.5516282865719723,1280
6683,1299.4413974942393,0.5516282865719723,1280
6684,1299.4413974942393,0.5516282865719723,1280
6685,1299.4413974942393,0.5516282865719723,1280
6686,1299.4413974942393,0.5516282865719723,1280
6687,1299.4413974942393,0.5516282865719723,1280
6688,1299.4413974942393,0.5516282865719723,1280
6689,1299.4413974942393,0.5516282865719723,1280
6690,1299.4413974942393,0.5516282865719723,1280
6691,1299.4413974942393,0.5516282865719723,1280
6692,1299.4413974942393,0.5516282865719723,1280
6693,1299.4413974942393,0.5516282865719723,1280
6694,1299.4413974942393,0.5516282865719723,1280
6695,1299.4413974942393,0.5516282865719723,1280
6696,1299.4413974942393,0.5516282865719723,1280
6697,1299.4413974942393,0.5516282865719723,1280
6698,1299.4413974942393,0.5516282865719723,1280
6699,1299.4413974942393,0.5516282865719723,1280
6700,1299.4413974942393,0.5516282865719723,1280
6701,1299.4413974942393,0.5516282865719723,1280
6702,1299.4413974942393,0.5516282865719723,1280
6703,1299.4413974942393,0.5516282865719723,1280
6704,1299.4413974942393,0.5516282865719723,1280
6705,1299.4413974942393,0.5516282865719723,1280
6706,1299.4413974942393,0.5516282865719723,1280
6707,1299.4413974942393,0.5516282865719723,1280
6708,1299.4413974942393,0.5516282865719723,1280
6709,1299.4413974942393,0.5516282865719723,1280
6710,1299.4413974942393,0.5516282865719723,1280
6711,1299.4413974942393,0.5516282865719723,1280
6712,1299.4413974942393,0.5516282865719723,1280
6713,1299.4413974942393,0.5516282865719723,1280
6714,1299.4413974942393,0.5516282865719723,1280
6715,1299.4413974942393,0.5516282865719723,1280
6716,1299.4413974942393,0.5516282865719723,1280
6717,1299.4413974942393,0.5516282865719723,1280
6718,1299.4413974942393,0.5516282865719723,1280
6719,1299.4413974942393,0.5516282865719723,1280
6720,1299.4413974942393,0.5516282865719723,1280
6721,1299.4413974942393,0.5516282865719723,1280
6722,1299.4413974942393,0.5516282865719723,1280
6723,1299.4413974942393,0.5516282865719723,1280
6724,1299.4413974942393,0.5516282865719723,1280
6725,1299.4413974942393,0.5516282865719723,1280
6726,1299.4413974942393,0.5516282865719723,1280
6727,1299.4413974942393,0.5516282865719723,1280
6728,1299.4413974942393,0.5516282865719723,1280
6729,1299.4413974942393,0.5516282865719723,1280
6730,1299.4413974942393,0.5516282865719723,1280
6731,1299.4413974942393,0.5516282865719723,1280
6732,1299.4413974942393,0.5516282865719723,1280
6733,1299.4413974942393,0.5516282865719723,1280
6734,1299.4413974942393,0.5516282865719723,1280
6735,1299.4413974942393,0.5516282865719723,1280
6736,1299.4413974942393,0.5516282865719723,1280
6737,1299.4413974942393,0.5516282865719723,1280
6738,1299.4413974942393,0.5516282865719723,1280
6739,1299.4413974942393,0.5516282865719723,1280
6740,1299.4413974942393,0.5516282865719723,1280
6741,1299.4413974942393,0.5516282865719723,1280
6742,1299.4413974942393,0.5516282865719723,1280
6743,1299.4413974942393,0.5516282865719723,1280
6744,1299.4413974942393,0.5516282865719723,1280
6745,1299.4413974942393,0.5516282865719723,1280
6746,1299.4413974942393,0.5516282865719723,1280
6747,1299.4413974942393,0.5516282865719723,1280
6748,1299.4413974942393,0.5516282865719723,1280
6749,1299.4413974942393,0.5516282865719723,1280
6750,1299.4413974942393,0.5516282865719723,1280
6751,1299.4413974942393,0.5516282865719723,1280
6752,1299.4413974942393,0.5516282865719723,1280
6753,1299.4413974942393,0.5516282865719723,1280
6754,1299.4413974942393,0.5516282865719723,1280
6755,1299.4413974942393,0.5516282865719723,1280
6756,1299.4413974942393,0.5516282865719723,1280
6757,1299.4413974942393,0.5516282865719723,1280
6758,1299.4413974942393,0.5516282865719723,1280
6759,1299.4413974942393,0.5516282865719723,1280
6760,1299.4413974942393,0.5516282865719723,1280
6761,1299.4413974942393,0.5516282865719723,1280
6762,1299.4413974942393,0.5516282865719723,1280
6763,1299.4413974942393,0.5516282865719723,1280
6764,1299.4413974942393,0.5516282865719723,1280
6765,1299.4413974942393,0.5516282865719723,1280
6766,1299.4413974942393,0.5516282865719723,1280
6767,1299.4413974942393,0.5516282865719723,1280
6768,1299.4413974942393,0.5516282865719723,1280
6769,1299.4413974942393,0.5516282865719723,1280
6770,1299.4413974942393,0.5516282865719723,1280
6771,1299.4413974942393,0.5516282865719723,1280
6772,1299.4413974942393,0.5516282865719723,1280
6773,1299.4413974942393,0.5516282865719723,1280
6774,1299.4413974942393,0.5516282865719723,1280
6775,1299.4413974942393,0.5516282865719723,1280
6776,1299.4413974942393,0.5516282865719723,1280
6777,1299.4413974942393,0.5516282865719723,1280
6778,1299.4413974942393,0.5516282865719723,1280
6779,1299.4413974942393,0.5516282865719723,1280
6780,1299.4413974942393,0.5516282865719723,1280
6781,1299.4413974942393,0.5516282865719723,1280
6782,1299.4413974942393,0.5516282865719723,1280
6783,1299.4413974942393,0.5516282865719723,1280
6784,1299.4413974942393,0.5516282865719723,1280
6785,1299.4413974942393,0.5516282865719723,1280
6786,1299.4413974942393,0.5516282865719723,1280
6787,1299.4413974942393,0.5516282865719723,1280
6788,1299.4413974942393,0.5516282865719723,1280
6789,1299.4413974942393,0.5516282865719723,1280
6790,1299.4413974942393,0.5516282865719723,1280
6791,1299.4413974942393,0.5516282865719723,1280
6792,1299.4413974942393,0.5516282865719723,1280
6793,1299.4413974942393,0.5516282865719723,1280
6794,1299.4413974942393,0.5516282865719723,1280
6795,1299.4413974942393,0.5516282865719723,1280
6796,1299.4413974942393,0.5516282865719723,1280
6797,1299.4413974942393,0.5516282865719723,1280
6798,1299.4413974942393,0.5516282865719723,1280
6799,1299.4413974942393,0.5516282865719723,1280
6800,1299.4413974942393,0.5516282865719723,1280
6801,1299.4413974942393,0.5516282865719723,1280
6802,1299.4413974942393,0.5516282865719723,1280
6803,1299.4413974942393,0.5516282865719723,1280
6804,1299.4413974942393,0.5516282865719723,1280
6805,1299.4413974942393,0.5516282865719723,1280
6806,1299.4413974942393,0.5516282865719723,1280
6807,1299.4413974942393,0.5516282865719723,1280
6808,1299.4413974942393,0.5516282865719723,1280
6809,1299.4413974942393,0.5516282865719723,1280
6810,1299.4413974942393,0.5516282865719723,1280
6811,1299.4413974942393,0.5516282865719723,1280
6812,1299.4413974942393,0.5516282865719723,1280
6813,1299.4413974942393,0.5516282865719723,1280
6814,1299.4413974942393,0.5516282865719723,1280
6815,1299.4413974942393,0.5516282865719723,1280
6816,1299.4413974942393,0.5516282865719723,1280
6817,1299.4413974942393,0.5516282865719723,1280
6818,1299.4413974942393,0.5516282865719723,1280
6819,1299.4413974942393,0.5516282865719723,1280
6820,1299.4413974942393,0.5516282865719723,1280
6821,1299.4413974942393,0.5516282865719723,1280
6822,1299.4413974942393,0.5516282865719723,1280
6823,1299.4413974942393,0.5516282865719723,1280
6824,1299.4413974942393,0.5516282865719723,1280
6825,1299.4413974942393,0.5516282865719723,1280
6826,1299.4413974942393,0.5516282865719723,1280
6827,1299.4413974942393,0.5516282865719723,1280
6828,1299.4413974942393,0.5516282865719723,1280
6829,1299.4413974942393,0.5516282865719723,1280
6830,1299.4413974942393,0.5516282865719723,1280
6831,1299.4413974942393,0.5516282865719723,1280
6832,1299.4413974942393,0.5516282865719723,1280
6833,1299.4413974942393,0.5516282865719723,1280
6834,1299.4413974942393,0.5516282865719723,1280
6835,1299.4413974942393,0.5516282865719723,1280
6836,1299.4413974942393,0.5516282865719723,1280
6837,1299.4413974942393,0.5516282865719723,1280
6838,1299.4413974942393,0.5516282865719723,1280
6839,1299.4413974942393,0.5516282865719723,1280
6840,1299.4413974942393,0.5516282865719723,1280
6841,1299.4413974942393,0.5516282865719723,1280
6842,1299.4413974942393,0.5516282865719723,1280
6843,1299.4413974942393,0.5516282865719723,1280
6844,1299.4413974942393,0.5516282865719723,1280
6845,1299.4413974942393,0.5516282865719723,1280
6846,1299.4413974942393,0.5516282865719723,1280
6847,1299.4413974942393,0.5516282865719723,1280
6848,1299.4413974942393,0.5516282865719723,1280
6849,1299.4413974942393,0.5516282865719723,1280
6850,1299.4413974942393,0.5516282865719723,1280
6851,1299.4413974942393,0.5516282865719723,1280
6852,1299.4413974942393,0.5516282865719723,1280
6853,1299.4413974942393,0.5516282865719723,1280
6854,1299.4413974942393,0.5516282865719723,1280
6855,1299.4413974942393,0.5516282865719723,1280
6856,1299.4413974942393,0.5516282865719723,1280
6857,1299.4413974942393,0.5516282865719723,1280
6858,1299.4413974942393,0.5516282865719723,1280
6859,1299.4413974942393,0.5516282865719723,1280
6860,1299.4413974942393,0.5516282865719723,1280
6861,1299.4413974942393,0.5516282865719723,1280
6862,1299.4413974942393,0.5516282865719723,1280
6863,1299.4413974942393,0.5516282865719723,1280
6864,1299.4413974942393,0.5516282865719723,1280
6865,1299.4413974942393,0.5516282865719723,1280
6866,1299.4413974942393,0.5516282865719723,1280
6867,1299.4413974942393,0.5516282865719723,1280
6868,1299.4413974942393,0.5516282865719723,1280
6869,1299.4413974942393,0.5516282865719723,1280
6870,1299.4413974942393,0.5516282865719723,1280
6871,1299.4413974942393,0.5516282865719723,1280
6872,1299.4413974942393,0.5516282865719723,1280
6873,1299.4413974942393,0.5516282865719723,1280
6874,1299.4413974942393,0.5516282865719723,1280
6875,1299.4413974942393,0.5516282865719723,1280
6876,1299.4413974942393,0.5516282865719723,1280
6877,1299.4413974942393,0.5516282865719723,1280
6878,1299.4413974942393,0.5516282865719723,1280
6879,1299.4413974942393,0.5516282865719723,1280
6880,1299.4413974942393,0.5516282865719723,1280
6881,1299.4413974942393,0.5516282865719723,1280
6882,1299.4413974942393,0.5516282865719723,1280
6883,1299.4413974942393,0.5516282865719723,1280
6884,1299.4413974942393,0.5516282865719723,1280
6885,1299.4413974942393,0.5516282865719723,1280
6886,1299.4413974942393,0.5516282865719723,1280
6887,1299.4413974942393,0.5516282865719723,1280
6888,1299.4413974942393,0.5516282865719723,1280
6889,1299.4413974942393,0.5516282865719723,1280
6890,1299.4413974942393,0.5516282865719723,1280
6891,1299.4413974942393,0.5516282865719723,1280
6892,1299.4413974942393,0.5516282865719723,1280
6893,1299.4413974942393,0.5516282865719723,1280
6894,1299.4413974942393,0.5516282865719723,1280
6895,1299.4413974942393,0.5516282865719723,1280
6896,1299.4413974942393,0.5516282865719723,1280
6897,1299.4413974942393,0.5516282865719723,1280
6898,1299.4413974942393,0.5516282865719723,1280
6899,1299.4413974942393,0.5516282865719723,1280
6900,1299.4413974942393,0.5516282865719723,1280
6901,1299.4413974942393,0.5516282865719723,1280
6902,1299.4413974942393,0.5516282865719723,1280
6903,1299.4413974942393,0.5516282865719723,1280
6904,1299.4413974942393,0.5516282865719723,1280
6905,1299.4413974942393,0.5516282865719723,1280
6906,1299.4413974942393,0.5516282865719723,1280
6907,1299.4413974942393,0.5516282865719723,1280
6908,1299.4413974942393,0.5516282865719723,1280
6909,1299.4413974942393,0.5516282865719723,1280
6910,1299.4413974942393,0.5516282865719723,1280
6911,1299.4413974942393,0.5516282865719723,1280
6912,1299.4413974942393,0.5516282865719723,1280
6913,1299.4413974942393,0.5516282865719723,1280
6914,1299.4413974942393,0.5516282865719723,1280
6915,1299.4413974942393,0.5516282865719723,1280
6916,1299.4413974942393,0.5516282865719723,1280
6917,1299.4413974942393,0.5516282865719723,1280
6918,1299.4413974942393,0.5516282865719723,1280
6919,1299.4413974942393,0.5516282865719723,1280
6920,1299.4413974942393,0.5516282865719723,1280
6921,1299.4413974942393,0.5516282865719723,1280
6922,1299.4413974942393,0.5516282865719723,1280
6923,1299.4413974942393,0.5516282865719723,1280
6924,1299.4413974942393,0.5516282865719723,1280
6925,1299.4413974942393,0.5516282865719723,1280
6926,1299.4413974942393,0.5516282865719723,1280
6927,1299.4413974942393,0.5516282865719723,1280
6928,1299.4413974942393,0.5516282865719723,1280
6929,1299.4413974942393,0.5516282865719723,1280
6930,1299.4413974942393,0.5516282865719723,1280
6931,1299.4413974942393,0.5516282865719723,1280
6932,1299.4413974942393,0.5516282865719723,1280
6933,1299.4413974942393,0.5516282865719723,1280
6934,1299.4413974942393,0.5516282865719723,1280
6935,1299.4413974942393,0.5516282865719723,1280
6936,1299.4413974942393,0.5516282865719723,1280
6937,1299.4413974942393,0.5516282865719723,1280
6938,1299.4413974942393,0.5516282865719723,1280
6939,1299.4413974942393,0.5516282865719723,1280
6940,1299.4413974942393,0.5516282865719723,1280
6941,1299.4413974942393,0.5516282865719723,1280
6942,1299.4413974942393,0.5516282865719723,1280
6943,1299.4413974942393,0.5516282865719723,1280
6944,1299.4413974942393,0.5516282865719723,1280
6945,1299.4413974942393,0.5516282865719723,1280
6946,1299.4413974942393,0.5516282865719723,1280
6947,1299.4413974942393,0.5516282865719723,1280
6948,1299.4413974942393,0.5516282865719723,1280
6949,1299.4413974942393,0.5516282865719723,1280
6950,1299.4413974942393,0.5516282865719723,1280
6951,1299.4413974942393,0.5516282865719723,1280
6952,1299.4413974942393,0.5516282865719723,1280
6953,1299.4413974942393,0.5516282865719723,1280
6954,1299.4413974942393,0.5516282865719723,1280
6955,1299.4413974942393,0.5516282865719723,1280
6956,1299.4413974942393,0.5516282865719723,1280
6957,1299.4413974942393,0.5516282865719723,1280
6958,1299.4413974942393,0.5516282865719723,1280
6959,1299.4413974942393,0.5516282865719723,1280
6960,1299.4413974942393,0.5516282865719723,1280
6961,1299.4413974942393,0.5516282865719723,1280
6962,1299.4413974942393,0.5516282865719723,1280
6963,1299.4413974942393,0.5516282865719723,1280
6964,1299.4413974942393,0.5516282865719723,1280
6965,1299.4413974942393,0.5516282865719723,1280
6966,1299.4413974942393,0.5516282865719723,1280
6967,1299.4413974942393,0.5516282865719723,1280
6968,1299.4413974942393,0.5516282865719723,1280
6969,1299.4413974942393,0.5516282865719723,1280
6970,1299.4413974942393,0.5516282865719723,1280
6971,1299.4413974942393,0.5516282865719723,1280
6972,1299.4413974942393,0.5516282865719723,1280
6973,1299.4413974942393,0.5516282865719723,1280
6974,1299.4413974942393,0.5516282865719723,1280
6975,1299.4413974942393,0.5516282865719723,1280
6976,1299.4413974942393,0.5516282865719723,1280
6977,1299.4413974942393,0.5516282865719723,1280
6978,1299.4413974942393,0.5516282865719723,1280
6979,1299.4413974942393,0.5516282865719723,1280
6980,1299.4413974942393,0.5516282865719723,1280
6981,1299.4413974942393,0.5516282865719723,1280
6982,1299.4413974942393,0.5516282865719723,1280
6983,1299.4413974942393,0.5516282865719723,1280
6984,1299.4413974942393,0.5516282865719723,1280
6985,1299.4413974942393,0.5516282865719723,1280
6986,1299.4413974942393,0.5516282865719723,1280
6987,1299.4413974942393,0.5516282865719723,1280
6988,1299.4413974942393,0.5516282865719723,1280
6989,1299.4413974942393,0.5516282865719723,1280
6990,1299.4413974942393,0.5516282865719723,1280
6991,1299.4413974942393,0.5516282865719723,1280
6992,1299.4413974942393,0.5516282865719723,1280
6993,1299.4413974942393,0.5516282865719723,1280
6994,1299.4413974942393,0.5516282865719723,1280
6995,1299.4413974942393,0.5516282865719723,1280
6996,1299.4413974942393,0.5516282865719723,1280
6997,1299.4413974942393,0.5516282865719723,1280
6998,1299.4413974942393,0.5516282865719723,1280
6999,1299.4413974942393,0.5516282865719723,1280
7000,1299.4413974942393,0.5516282865719723,1280
7001,1299.4413974942393,0.5516282865719723,1280
7002,1299.4413974942393,0.5516282865719723,1280
7003,1299.4413974942393,0.5516282865719723,1280
7004,1299.4413974942393,0.5516282865719723,1280
7005,1299.4413974942393,0.5516282865719723,1280
7006,1299.4413974942393,0.5516282865719723,1280
7007,1299.4413974942393,0.5516282865719723,1280
7008,1299.4413974942393,0.5516282865719723,1280
7009,1299.4413974942393,0.5516282865719723,1280
7010,1299.4413974942393,0.5516282865719723,1280
7011,1299.4413974942393,0.5516282865719723,1280
7012,1299.4413974942393,0.5516282865719723,1280
7013,1299.4413974942393,0.5516282865719723,1280
7014,1299.4413974942393,0.5516282865719723,1280
7015,1299.4413974942393,0.5516282865719723,1280
7016,1299.4413974942393,0.5516282865719723,1280
7017,1299.4413974942393,0.5516282865719723,1280
7018,1299.4413974942393,0.5516282865719723,1280
7019,1299.4413974942393,0.5516282865719723,1280
7020,1299.4413974942393,0.5516282865719723,1280
7021,1299.4413974942393,0.5516282865719723,1280
7022,1299.4413974942393,0.5516282865719723,1280
7023,1299.4413974942393,0.5516282865719723,1280
7024,1299.4413974942393,0.5516282865719723,1280
7025,1299.4413974942393,0.5516282865719723,1280
7026,1299.4413974942393,0.5516282865719723,1280
7027,1299.4413974942393,0.5516282865719723,1280
7028,1299.4413974942393,0.5516282865719723,1280
7029,1299.4413974942393,0.5516282865719723,1280
7030,1299.4413974942393,0.5516282865719723,1280
7031,1299.4413974942393,0.5516282865719723,1280
7032,1299.4413974942393,0.5516282865719723,1280
7033,1299.4413974942393,0.5516282865719723,1280
7034,1299.4413974942393,0.5516282865719723,1280
7035,1299.4413974942393,0.5516282865719723,1280
7036,1299.4413974942393,0.5516282865719723,1280
7037,1299.4413974942393,0.5516282865719723,1280
7038,1299.4413974942393,0.5516282865719723,1280
7039,1299.4413974942393,0.5516282865719723,1280
7040,1299.4413974942393,0.5516282865719723,1280
7041,1299.4413974942393,0.5516282865719723,1280
7042,1299.4413974942393,0.5516282865719723,1280
7043,1299.4413974942393,0.5516282865719723,1280
7044,1299.4413974942393,0.5516282865719723,1280
7045,1299.4413974942393,0.5516282865719723,1280
7046,1299.4413974942393,0.5516282865719723,1280
7047,1299.4413974942393,0.5516282865719723,1280
7048,1299.4413974942393,0.5516282865719723,1280
7049,1299.4413974942393,0.5516282865719723,1280
7050,1299.4413974942393,0.5516282865719723,1280
7051,1299.4413974942393,0.5516282865719723,1280
7052,1299.4413974942393,0.5516282865719723,1280
7053,1299.4413974942393,0.5516282865719723,1280
7054,1299.4413974942393,0.5516282865719723,1280
7055,1299.4413974942393,0.5516282865719723,1280
7056,1299.4413974942393,0.5516282865719723,1280
7057,1299.4413974942393,0.5516282865719723,1280
7058,1299.4413974942393,0.5516282865719723,1280
7059,1299.4413974942393,0.5516282865719723,1280
7060,1299.4413974942393,0.5516282865719723,1280
7061,1299.4413974942393,0.5516282865719723,1280
7062,1299.4413974942393,0.5516282865719723,1280
7063,1299.4413974942393,0.5516282865719723,1280
7064,1299.4413974942393,0.5516282865719723,1280
7065,1299.4413974942393,0.5516282865719723,1280
7066,1299.4413974942393,0.5516282865719723,1280
7067,1299.4413974942393,0.5516282865719723,1280
7068,1299.4413974942393,0.5516282865719723,1280
7069,1299.4413974942393,0.5516282865719723,1280
7070,1299.4413974942393,0.5516282865719723,1280
7071,1299.4413974942393,0.5516282865719723,1280
7072,1299.4413974942393,0.5516282865719723,1280
7073,1299.4413974942393,0.5516282865719723,1280
7074,1299.4413974942393,0.5516282865719723,1280
7075,1299.4413974942393,0.5516282865719723,1280
7076,1299.4413974942393,0.5516282865719723,1280
7077,1299.4413974942393,0.5516282865719723,1280
7078,1299.4413974942393,0.5516282865719723,1280
7079,1299.4413974942393,0.5516282865719723,1280
7080,1299.4413974942393,0.5516282865719723,1280
7081,1299.4413974942393,0.5516282865719723,1280
7082,1299.4413974942393,0.5516282865719723,1280
7083,1299.4413974942393,0.5516282865719723,1280
7084,1299.4413974942393,0.5516282865719723,1280
7085,1299.4413974942393,0.5516282865719723,1280
7086,1299.4413974942393,0.5516282865719723,1280
7087,1299.4413974942393,0.5516282865719723,1280
7088,1299.4413974942393,0.5516282865719723,1280
7089,1299.4413974942393,0.5516282865719723,1280
7090,1299.4413974942393,0.5516282865719723,1280
7091,1299.4413974942393,0.5516282865719723,1280
7092,1299.4413974942393,0.5516282865719723,1280
7093,1299.4413974942393,0.5516282865719723,1280
7094,1299.4413974942393,0.5516282865719723,1280
7095,1299.4413974942393,0.5516282865719723,1280
7096,1299.4413974942393,0.5516282865719723,1280
7097,1299.4413974942393,0.5516282865719723,1280
7098,1299.4413974942393,0.5516282865719723,1280
7099,1299.4413974942393,0.5516282865719723,1280
7100,1299.4413974942393,0.5516282865719723,1280
7101,1299.4413974942393,0.5516282865719723,1280
7102,1299.4413974942393,0.5516282865719723,1280
7103,1299.4413974942393,0.5516282865719723,1280
7104,1299.4413974942393,0.5516282865719723,1280
7105,1299.4413974942393,0.5516282865719723,1280
7106,1299.4413974942393,0.5516282865719723,1280
7107,1299.4413974942393,0.5516282865719723,1280
7108,1299.4413974942393,0.5516282865719723,1280
7109,1299.4413974942393,0.5516282865719723,1280
7110,1299.4413974942393,0.5516282865719723,1280
7111,1299.4413974942393,0.5516282865719723,1280
7112,1299.4413974942393,0.5516282865719723,1280
7113,1299.4413974942393,0.5516282865719723,1280
7114,1299.4413974942393,0.5516282865719723,1280
7115,1299.4413974942393,0.5516282865719723,1280
7116,1299.4413974942393,0.5516282865719723,1280
7117,1299.4413974942393,0.5516282865719723,1280
7118,1299.4413974942393,0.5516282865719723,1280
7119,1299.4413974942393,0.5516282865719723,1280
7120,1299.4413974942393,0.5516282865719723,1280
7121,1299.4413974942393,0.5516282865719723,1280
7122,1299.4413974942393,0.5516282865719723,1280
7123,1299.4413974942393,0.5516282865719723,1280
7124,1299.4413974942393,0.5516282865719723,1280
7125,1299.4413974942393,0.5516282865719723,1280
7126,1299.4413974942393,0.5516282865719723,1280
7127,1299.4413974942393,0.5516282865719723,1280
7128,1299.4413974942393,0.5516282865719723,1280
7129,1299.4413974942393,0.5516282865719723,1280
7130,1299.4413974942393,0.5516282865719723,1280
7131,1299.4413974942393,0.5516282865719723,1280
7132,1299.4413974942393,0.5516282865719723,1280
7133,1299.4413974942393,0.5516282865719723,1280
7134,1299.4413974942393,0.5516282865719723,1280
7135,1299.4413974942393,0.5516282865719723,1280
7136,1299.4413974942393,0.5516282865719723,1280
7137,1299.4413974942393,0.5516282865719723,1280
7138,1299.4413974942393,0.5516282865719723,1280
7139,1299.4413974942393,0.5516282865719723,1280
7140,1299.4413974942393,0.5516282865719723,1280
7141,1299.4413974942393,0.5516282865719723,1280
7142,1299.4413974942393,0.5516282865719723,1280
7143,1299.4413974942393,0.5516282865719723,1280
7144,1299.4413974942393,0.5516282865719723,1280
7145,1299.4413974942393,0.5516282865719723,1280
7146,1299.4413974942393,0.5516282865719723,1280
7147,1299.4413974942393,0.5516282865719723,1280
7148,1299.4413974942393,0.5516282865719723,1280
7149,1299.4413974942393,0.5516282865719723,1280
7150,1299.4413974942393,0.5516282865719723,1280
7151,1299.4413974942393,0.5516282865719723,1280
7152,1299.4413974942393,0.5516282865719723,1280
7153,1299.4413974942393,0.5516282865719723,1280
7154,1299.4413974942393,0.5516282865719723,1280
7155,1299.4413974942393,0.5516282865719723,1280
7156,1299.4413974942393,0.5516282865719723,1280
7157,1299.4413974942393,0.5516282865719723,1280
7158,1299.4413974942393,0.5516282865719723,1280
7159,1299.4413974942393,0.5516282865719723,1280
7160,1299.4413974942393,0.5516282865719723,1280
7161,1299.4413974942393,0.5516282865719723,1280
7162,1299.4413974942393,0.5516282865719723,1280
7163,1299.4413974942393,0.5516282865719723,1280
7164,1299.4413974942393,0.5516282865719723,1280
7165,1299.4413974942393,0.5516282865719723,1280
7166,1299.4413974942393,0.5516282865719723,1280
7167,1299.4413974942393,0.5516282865719723,1280
7168,1299.4413974942393,0.5516282865719723,1280
7169,1299.4413974942393,0.5516282865719723,1280
7170,1299.4413974942393,0.5516282865719723,1280
7171,1299.4413974942393,0.5516282865719723,1280
7172,1299.4413974942393,0.5516282865719723,1280
7173,1299.4413974942393,0.5516282865719723,1280
7174,1299.4413974942393,0.5516282865719723,1280
7175,1299.4413974942393,0.5516282865719723,1280
7176,1299.4413974942393,0.5516282865719723,1280
7177,1299.4413974942393,0.5516282865719723,1280
7178,1299.4413974942393,0.5516282865719723,1280
7179,1299.4413974942393,0.5516282865719723,1280
7180,1299.4413974942393,0.5516282865719723,1280
7181,1299.4413974942393,0.5516282865719723,1280
7182,1299.4413974942393,0.5516282865719723,1280
7183,1299.4413974942393,0.5516282865719723,1280
7184,1299.4413974942393,0.5516282865719723,1280
7185,1299.4413974942393,0.5516282865719723,1280
7186,1299.4413974942393,0.5516282865719723,1280
7187,1299.4413974942393,0.5516282865719723,1280
7188,1299.4413974942393,0.5516282865719723,1280
7189,1299.4413974942393,0.5516282865719723,1280
7190,1299.4413974942393,0.5516282865719723,1280
7191,1299.4413974942393,0.5516282865719723,1280
7192,1299.4413974942393,0.5516282865719723,1280
7193,1299.4413974942393,0.5516282865719723,1280
7194,1299.4413974942393,0.5516282865719723,1280
7195,1299.4413974942393,0.5516282865719723,1280
7196,1299.4413974942393,0.5516282865719723,1280
7197,1299.4413974942393,0.5516282865719723,1280
7198,1299.4413974942393,0.5516282865719723,1280
7199,1299.4413974942393,0.5516282865719723,1280
7200,1299.4413974942393,0.5516282865719723,1280
7201,1299.4413974942393,0.5516282865719723,1280
7202,1299.4413974942393,0.5516282865719723,1280
7203,1299.4413974942393,0.5516282865719723,1280
7204,1299.4413974942393,0.5516282865719723,1280
7205,1299.4413974942393,0.5516282865719723,1280
7206,1299.4413974942393,0.5516282865719723,1280
7207,1299.4413974942393,0.5516282865719723,1280
7208,1299.4413974942393,0.5516282865719723,1280
7209,1299.4413974942393,0.5516282865719723,1280
7210,1299.4413974942393,0.5516282865719723,1280
7211,1299.4413974942393,0.5516282865719723,1280
7212,1299.4413974942393,0.5516282865719723,1280
7213,1299.4413974942393,0.5516282865719723,1280
7214,1299.4413974942393,0.5516282865719723,1280
7215,1299.4413974942393,0.5516282865719723,1280
7216,1299.4413974942393,0.5516282865719723,1280
7217,1299.4413974942393,0.5516282865719723,1280
7218,1299.4413974942393,0.5516282865719723,1280
7219,1299.4413974942393,0.5516282865719723,1280
7220,1299.4413974942393,0.5516282865719723,1280
7221,1299.4413974942393,0.5516282865719723,1280
7222,1299.4413974942393,0.5516282865719723,1280
7223,1299.4413974942393,0.5516282865719723,1280
7224,1299.4413974942393,0.5516282865719723,1280
7225,1299.4413974942393,0.5516282865719723,1280
7226,1299.4413974942393,0.5516282865719723,1280
7227,1299.4413974942393,0.5516282865719723,1280
7228,1299.4413974942393,0.5516282865719723,1280
7229,1299.4413974942393,0.5516282865719723,1280
7230,1299.4413974942393,0.5516282865719723,1280
7231,1299.4413974942393,0.5516282865719723,1280
7232,1299.4413974942393,0.5516282865719723,1280
7233,1299.4413974942393,0.5516282865719723,1280
7234,1299.4413974942393,0.5516282865719723,1280
7235,1299.4413974942393,0.5516282865719723,1280
7236,1299.4413974942393,0.5516282865719723,1280
7237,1299.4413974942393,0.5516282865719723,1280
7238,1299.4413974942393,0.5516282865719723,1280
7239,1299.4413974942393,0.5516282865719723,1280
7240,1299.4413974942393,0.5516282865719723,1280
7241,1299.4413974942393,0.5516282865719723,1280
7242,1299.4413974942393,0.5516282865719723,1280
7243,1299.4413974942393,0.5516282865719723,1280
7244,1299.4413974942393,0.5516282865719723,1280
7245,1299.4413974942393,0.5516282865719723,1280
7246,1299.4413974942393,0.5516282865719723,1280
7247,1299.4413974942393,0.5516282865719723,1280
7248,1299.4413974942393,0.5516282865719723,1280
7249,1299.4413974942393,0.5516282865719723,1280
7250,1299.4413974942393,0.5516282865719723,1280
7251,1299.4413974942393,0.5516282865719723,1280
7252,1299.4413974942393,0.5516282865719723,1280
7253,1299.4413974942393,0.5516282865719723,1280
7254,1299.4413974942393,0.5516282865719723,1280
7255,1299.4413974942393,0.5516282865719723,1280
7256,1299.4413974942393,0.5516282865719723,1280
7257,1299.4413974942393,0.5516282865719723,1280
7258,1299.4413974942393,0.5516282865719723,1280
7259,1299.4413974942393,0.5516282865719723,1280
7260,1299.4413974942393,0.5516282865719723,1280
7261,1299.4413974942393,0.5516282865719723,1280
7262,1299.4413974942393,0.5516282865719723,1280
7263,1299.4413974942393,0.5516282865719723,1280
7264,1299.4413974942393,0.5516282865719723,1280
7265,1299.4413974942393,0.5516282865719723,1280
7266,1299.4413974942393,0.5516282865719723,1280
7267,1299.4413974942393,0.5516282865719723,1280
7268,1299.4413974942393,0.5516282865719723,1280
7269,1299.4413974942393,0.5516282865719723,1280
7270,1299.4413974942393,0.5516282865719723,1280
7271,1299.4413974942393,0.5516282865719723,1280
7272,1299.4413974942393,0.5516282865719723,1280
7273,1299.4413974942393,0.5516282865719723,1280
7274,1299.4413974942393,0.5516282865719723,1280
7275,1299.4413974942393,0.5516282865719723,1280
7276,1299.4413974942393,0.5516282865719723,1280
7277,1299.4413974942393,0.5516282865719723,1280
7278,1299.4413974942393,0.5516282865719723,1280
7279,1299.4413974942393,0.5516282865719723,1280
7280,1299.4413974942393,0.5516282865719723,1280
7281,1299.4413974942393,0.5516282865719723,1280
7282,1299.4413974942393,0.5516282865719723,1280
7283,1299.4413974942393,0.5516282865719723,1280
7284,1299.4413974942393,0.5516282865719723,1280
7285,1299.4413974942393,0.5516282865719723,1280
7286,1299.4413974942393,0.5516282865719723,1280
7287,1299.4413974942393,0.5516282865719723,1280
7288,1299.4413974942393,0.5516282865719723,1280
7289,1299.4413974942393,0.5516282865719723,1280
7290,1299.4413974942393,0.5516282865719723,1280
7291,1299.4413974942393,0.5516282865719723,1280
7292,1299.4413974942393,0.5516282865719723,1280
7293,1299.4413974942393,0.5516282865719723,1280
7294,1299.4413974942393,0.5516282865719723,1280
7295,1299.4413974942393,0.5516282865719723,1280
7296,1299.4413974942393,0.5516282865719723,1280
7297,1299.4413974942393,0.5516282865719723,1280
7298,1299.4413974942393,0.5516282865719723,1280
7299,1299.4413974942393,0.5516282865719723,1280
7300,1299.4413974942393,0.5516282865719723,1280
7301,1299.4413974942393,0.5516282865719723,1280
7302,1299.4413974942393,0.5516282865719723,1280
7303,1299.4413974942393,0.5516282865719723,1280
7304,1299.4413974942393,0.5516282865719723,1280
7305,1299.4413974942393,0.5516282865719723,1280
7306,1299.4413974942393,0.5516282865719723,1280
7307,1299.4413974942393,0.5516282865719723,1280
7308,1299.4413974942393,0.5516282865719723,1280
7309,1299.4413974942393,0.5516282865719723,1280
7310,1299.4413974942393,0.5516282865719723,1280
7311,1299.4413974942393,0.5516282865719723,1280
7312,1299.4413974942393,0.5516282865719723,1280
7313,1299.4413974942393,0.5516282865719723,1280
7314,1299.4413974942393,0.5516282865719723,1280
7315,1299.4413974942393,0.5516282865719723,1280
7316,1299.4413974942393,0.5516282865719723,1280
7317,1299.4413974942393,0.5516282865719723,1280
7318,1299.4413974942393,0.5516282865719723,1280
7319,1299.4413974942393,0.5516282865719723,1280
7320,1299.4413974942393,0.5516282865719723,1280
7321,1299.4413974942393,0.5516282865719723,1280
7322,1299.4413974942393,0.5516282865719723,1280
7323,1299.4413974942393,0.5516282865719723,1280
7324,1299.4413974942393,0.5516282865719723,1280
7325,1299.4413974942393,0.5516282865719723,1280
7326,1299.4413974942393,0.5516282865719723,1280
7327,1299.4413974942393,0.5516282865719723,1280
7328,1299.4413974942393,0.5516282865719723,1280
7329,1299.4413974942393,0.5516282865719723,1280
7330,1299.4413974942393,0.5516282865719723,1280
7331,1299.4413974942393,0.5516282865719723,1280
7332,1299.4413974942393,0.5516282865719723,1280
7333,1299.4413974942393,0.5516282865719723,1280
7334,1299.4413974942393,0.5516282865719723,1280
7335,1299.4413974942393,0.5516282865719723,1280
7336,1299.4413974942393,0.5516282865719723,1280
7337,1299.4413974942393,0.5516282865719723,1280
7338,1299.4413974942393,0.5516282865719723,1280
7339,1299.4413974942393,0.5516282865719723,1280
7340,1299.4413974942393,0.5516282865719723,1280
7341,1299.4413974942393,0.5516282865719723,1280
7342,1299.4413974942393,0.5516282865719723,1280
7343,1299.4413974942393,0.5516282865719723,1280
7344,1299.4413974942393,0.5516282865719723,1280
7345,1299.4413974942393,0.5516282865719723,1280
7346,1299.4413974942393,0.5516282865719723,1280
7347,1299.4413974942393,0.5516282865719723,1280
7348,1299.4413974942393,0.5516282865719723,1280
7349,1299.4413974942393,0.5516282865719723,1280
7350,1299.4413974942393,0.5516282865719723,1280
7351,1299.4413974942393,0.5516282865719723,1280
7352,1299.4413974942393,0.5516282865719723,1280
7353,1299.4413974942393,0.5516282865719723,1280
7354,1299.4413974942393,0.5516282865719723,1280
7355,1299.4413974942393,0.5516282865719723,1280
7356,1299.4413974942393,0.5516282865719723,1280
7357,1299.4413974942393,0.5516282865719723,1280
7358,1299.4413974942393,0.5516282865719723,1280
7359,1299.4413974942393,0.5516282865719723,1280
7360,1299.4413974942393,0.5516282865719723,1280
7361,1299.4413974942393,0.5516282865719723,1280
7362,1299.4413974942393,0.5516282865719723,1280
7363,1299.4413974942393,0.5516282865719723,1280
7364,1299.4413974942393,0.5516282865719723,1280
7365,1299.4413974942393,0.5516282865719723,1280
7366,1299.4413974942393,0.5516282865719723,1280
7367,1299.4413974942393,0.5516282865719723,1280
7368,1299.4413974942393,0.5516282865719723,1280
7369,1299.4413974942393,0.5516282865719723,1280
7370,1299.4413974942393,0.5516282865719723,1280
7371,1299.4413974942393,0.5516282865719723,1280
7372,1299.4413974942393,0.5516282865719723,1280
7373,1299.4413974942393,0.5516282865719723,1280
7374,1299.4413974942393,0.5516282865719723,1280
7375,1299.4413974942393,0.5516282865719723,1280
7376,1299.4413974942393,0.5516282865719723,1280
7377,1299.4413974942393,0.5516282865719723,1280
7378,1299.4413974942393,0.5516282865719723,1280
7379,1299.4413974942393,0.5516282865719723,1280
7380,1299.4413974942393,0.5516282865719723,1280
7381,1299.4413974942393,0.5516282865719723,1280
7382,1299.4413974942393,0.5516282865719723,1280
7383,1299.4413974942393,0.5516282865719723,1280
7384,1299.4413974942393,0.5516282865719723,1280
7385,1299.4413974942393,0.5516282865719723,1280
7386,1299.4413974942393,0.5516282865719723,1280
7387,1299.4413974942393,0.5516282865719723,1280
7388,1299.4413974942393,0.5516282865719723,1280
7389,1299.4413974942393,0.5516282865719723,1280
7390,1299.4413974942393,0.5516282865719723,1280
7391,1299.4413974942393,0.5516282865719723,1280
7392,1299.4413974942393,0.5516282865719723,1280
7393,1299.4413974942393,0.5516282865719723,1280
7394,1299.4413974942393,0.5516282865719723,1280
7395,1299.4413974942393,0.5516282865719723,1280
7396,1299.4413974942393,0.5516282865719723,1280
7397,1299.4413974942393,0.5516282865719723,1280
7398,1299.4413974942393,0.5516282865719723,1280
7399,1299.4413974942393,0.5516282865719723,1280
7400,1299.4413974942393,0.5516282865719723,1280
7401,1299.4413974942393,0.5516282865719723,1280
7402,1299.4413974942393,0.5516282865719723,1280
7403,1299.4413974942393,0.5516282865719723,1280
7404,1299.4413974942393,0.5516282865719723,1280
7405,1299.4413974942393,0.5516282865719723,1280
7406,1299.4413974942393,0.5516282865719723,1280
7407,1299.4413974942393,0.5516282865719723,1280
7408,1299.4413974942393,0.5516282865719723,1280
7409,1299.4413974942393,0.5516282865719723,1280
7410,1299.4413974942393,0.5516282865719723,1280
7411,1299.4413974942393,0.5516282865719723,1280
7412,1299.4413974942393,0.5516282865719723,1280
7413,1299.4413974942393,0.5516282865719723,1280
7414,1299.4413974942393,0.5516282865719723,1280
7415,1299.4413974942393,0.5516282865719723,1280
7416,1299.4413974942393,0.5516282865719723,1280
7417,1299.4413974942393,0.5516282865719723,1280
7418,1299.4413974942393,0.5516282865719723,1280
7419,1299.4413974942393,0.5516282865719723,1280
7420,1299.4413974942393,0.5516282865719723,1280
7421,1299.4413974942393,0.5516282865719723,1280
7422,1299.4413974942393,0.5516282865719723,1280
7423,1299.4413974942393,0.5516282865719723,1280
7424,1299.4413974942393,0.5516282865719723,1280
7425,1299.4413974942393,0.5516282865719723,1280
7426,1299.4413974942393,0.5516282865719723,1280
7427,1299.4413974942393,0.5516282865719723,1280
7428,1299.4413974942393,0.5516282865719723,1280
7429,1299.4413974942393,0.5516282865719723,1280
7430,1299.4413974942393,0.5516282865719723,1280
7431,1299.4413974942393,0.5516282865719723,1280
7432,1299.4413974942393,0.5516282865719723,1280
7433,1299.4413974942393,0.5516282865719723,1280
7434,1299.4413974942393,0.5516282865719723,1280
7435,1299.4413974942393,0.5516282865719723,1280
7436,1299.4413974942393,0.5516282865719723,1280
7437,1299.4413974942393,0.5516282865719723,1280
7438,1299.4413974942393,0.5516282865719723,1280
7439,1299.4413974942393,0.5516282865719723,1280
7440,1299.4413974942393,0.5516282865719723,1280
7441,1299.4413974942393,0.5516282865719723,1280
7442,1299.4413974942393,0.5516282865719723,1280
7443,1299.4413974942393,0.5516282865719723,1280
7444,1299.4413974942393,0.5516282865719723,1280
7445,1299.4413974942393,0.5516282865719723,1280
7446,1299.4413974942393,0.5516282865719723,1280
7447,1299.4413974942393,0.5516282865719723,1280
7448,1299.4413974942393,0.5516282865719723,1280
7449,1299.4413974942393,0.5516282865719723,1280
7450,1299.4413974942393,0.5516282865719723,1280
7451,1299.4413974942393,0.5516282865719723,1280
7452,1299.4413974942393,0.5516282865719723,1280
7453,1299.4413974942393,0.5516282865719723,1280
7454,1299.4413974942393,0.5516282865719723,1280
7455,1299.4413974942393,0.5516282865719723,1280
7456,1299.4413974942393,0.5516282865719723,1280
7457,1299.4413974942393,0.5516282865719723,1280
7458,1299.4413974942393,0.5516282865719723,1280
7459,1299.4413974942393,0.5516282865719723,1280
7460,1299.4413974942393,0.5516282865719723,1280
7461,1299.4413974942393,0.5516282865719723,1280
7462,1299.4413974942393,0.5516282865719723,1280
7463,1299.4413974942393,0.5516282865719723,1280
7464,1299.4413974942393,0.5516282865719723,1280
7465,1299.4413974942393,0.5516282865719723,1280
7466,1299.4413974942393,0.5516282865719723,1280
7467,1299.4413974942393,0.5516282865719723,1280
7468,1299.4413974942393,0.5516282865719723,1280
7469,1299.4413974942393,0.5516282865719723,1280
7470,1299.4413974942393,0.5516282865719723,1280
7471,1299.4413974942393,0.5516282865719723,1280
7472,1299.4413974942393,0.5516282865719723,1280
7473,1299.4413974942393,0.5516282865719723,1280
7474,1299.4413974942393,0.5516282865719723,1280
7475,1299.4413974942393,0.5516282865719723,1280
7476,1299.4413974942393,0.5516282865719723,1280
7477,1299.4413974942393,0.5516282865719723,1280
7478,1299.4413974942393,0.5516282865719723,1280
7479,1299.4413974942393,0.5516282865719723,1280
7480,1299.4413974942393,0.5516282865719723,1280
7481,1299.4413974942393,0.5516282865719723,1280
7482,1299.4413974942393,0.5516282865719723,1280
7483,1299.4413974942393,0.5516282865719723,1280
7484,1299.4413974942393,0.5516282865719723,1280
7485,1299.4413974942393,0.5516282865719723,1280
7486,1299.4413974942393,0.5516282865719723,1280
7487,1299.4413974942393,0.5516282865719723,1280
7488,1299.4413974942393,0.5516282865719723,1280
7489,1299.4413974942393,0.5516282865719723,1280
7490,1299.4413974942393,0.5516282865719723,1280
7491,1299.4413974942393,0.5516282865719723,1280
7492,1299.4413974942393,0.5516282865719723,1280
7493,1299.4413974942393,0.5516282865719723,1280
7494,1299.4413974942393,0.5516282865719723,1280
7495,1299.4413974942393,0.5516282865719723,1280
7496,1299.4413974942393,0.5516282865719723,1280
7497,1299.4413974942393,0.5516282865719723,1280
7498,1299.4413974942393,0.5516282865719723,1280
7499,1299.4413974942393,0.5516282865719723,1280
7500,1299.4413974942393,0.5516282865719723,1280
7501,1299.4413974942393,0.5516282865719723,1280
7502,1299.4413974942393,0.5516282865719723,1280
7503,1299.4413974942393,0.5516282865719723,1280
7504,1299.4413974942393,0.5516282865719723,1280
7505,1299.4413974942393,0.5516282865719723,1280
7506,1299.4413974942393,0.5516282865719723,1280
7507,1299.4413974942393,0.5516282865719723,1280
7508,1299.4413974942393,0.5516282865719723,1280
7509,1299.4413974942393,0.5516282865719723,1280
7510,1299.4413974942393,0.5516282865719723,1280
7511,1299.4413974942393,0.5516282865719723,1280
7512,1299.4413974942393,0.5516282865719723,1280
7513,1299.4413974942393,0.5516282865719723,1280
7514,1299.4413974942393,0.5516282865719723,1280
7515,1299.4413974942393,0.5516282865719723,1280
7516,1299.4413974942393,0.5516282865719723,1280
7517,1299.4413974942393,0.5516282865719723,1280
7518,1299.4413974942393,0.5516282865719723,1280
7519,1299.4413974942393,0.5516282865719723,1280
7520,1299.4413974942393,0.5516282865719723,1280
7521,1299.4413974942393,0.5516282865719723,1280
7522,1299.4413974942393,0.5516282865719723,1280
7523,1299.4413974942393,0.5516282865719723,1280
7524,1299.4413974942393,0.5516282865719723,1280
7525,1299.4413974942393,0.5516282865719723,1280
7526,1299.4413974942393,0.5516282865719723,1280
7527,1299.4413974942393,0.5516282865719723,1280
7528,1299.4413974942393,0.5516282865719723,1280
7529,1299.4413974942393,0.5516282865719723,1280
7530,1299.4413974942393,0.5516282865719723,1280
7531,1299.4413974942393,0.5516282865719723,1280
7532,1299.4413974942393,0.5516282865719723,1280
7533,1299.4413974942393,0.5516282865719723,1280
7534,1299.4413974942393,0.5516282865719723,1280
7535,1299.4413974942393,0.5516282865719723,1280
7536,1299.4413974942393,0.5516282865719723,1280
7537,1299.4413974942393,0.5516282865719723,1280
7538,1299.4413974942393,0.5516282865719723,1280
7539,1299.4413974942393,0.5516282865719723,1280
7540,1299.4413974942393,0.5516282865719723,1280
7541,1299.4413974942393,0.5516282865719723,1280
7542,1299.4413974942393,0.5516282865719723,1280
7543,1299.4413974942393,0.5516282865719723,1280
7544,1299.4413974942393,0.5516282865719723,1280
7545,1299.4413974942393,0.5516282865719723,1280
7546,1299.4413974942393,0.5516282865719723,1280
7547,1299.4413974942393,0.5516282865719723,1280
7548,1299.4413974942393,0.5516282865719723,1280
7549,1299.4413974942393,0.5516282865719723,1280
7550,1299.4413974942393,0.5516282865719723,1280
7551,1299.4413974942393,0.5516282865719723,1280
7552,1299.4413974942393,0.5516282865719723,1280
7553,1299.4413974942393,0.5516282865719723,1280
7554,1299.4413974942393,0.5516282865719723,1280
7555,1299.4413974942393,0.5516282865719723,1280
7556,1299.4413974942393,0.5516282865719723,1280
7557,1299.4413974942393,0.5516282865719723,1280
7558,1299.4413974942393,0.5516282865719723,1280
7559,1299.4413974942393,0.5516282865719723,1280
7560,1299.4413974942393,0.5516282865719723,1280
7561,1299.4413974942393,0.5516282865719723,1280
7562,1299.4413974942393,0.5516282865719723,1280
7563,1299.4413974942393,0.5516282865719723,1280
7564,1299.4413974942393,0.5516282865719723,1280
7565,1299.4413974942393,0.5516282865719723,1280
7566,1299.4413974942393,0.5516282865719723,1280
7567,1299.4413974942393,0.5516282865719723,1280
7568,1299.4413974942393,0.5516282865719723,1280
7569,1299.4413974942393,0.5516282865719723,1280
7570,1299.4413974942393,0.5516282865719723,1280
7571,1299.4413974942393,0.5516282865719723,1280
7572,1299.4413974942393,0.5516282865719723,1280
7573,1299.4413974942393,0.5516282865719723,1280
7574,1299.4413974942393,0.5516282865719723,1280
7575,1299.4413974942393,0.5516282865719723,1280
7576,1299.4413974942393,0.5516282865719723,1280
7577,1299.4413974942393,0.5516282865719723,1280
7578,1299.4413974942393,0.5516282865719723,1280
7579,1299.4413974942393,0.5516282865719723,1280
7580,1299.4413974942393,0.5516282865719723,1280
7581,1299.4413974942393,0.5516282865719723,1280
7582,1299.4413974942393,0.5516282865719723,1280
7583,1299.4413974942393,0.5516282865719723,1280
7584,1299.4413974942393,0.5516282865719723,1280
7585,1299.4413974942393,0.5516282865719723,1280
7586,1299.4413974942393,0.5516282865719723,1280
7587,1299.4413974942393,0.5516282865719723,1280
7588,1299.4413974942393,0.5516282865719723,1280
7589,1299.4413974942393,0.5516282865719723,1280
7590,1299.4413974942393,0.5516282865719723,1280
7591,1299.4413974942393,0.5516282865719723,1280
7592,1299.4413974942393,0.5516282865719723,1280
7593,1299.4413974942393,0.5516282865719723,1280
7594,1299.4413974942393,0.5516282865719723,1280
7595,1299.4413974942393,0.5516282865719723,1280
7596,1299.4413974942393,0.5516282865719723,1280
7597,1299.4413974942393,0.5516282865719723,1280
7598,1299.4413974942393,0.5516282865719723,1280
7599,1299.4413974942393,0.5516282865719723,1280
7600,1299.4413974942393,0.5516282865719723,1280
7601,1299.4413974942393,0.5516282865719723,1280
7602,1299.4413974942393,0.5516282865719723,1280
7603,1299.4413974942393,0.5516282865719723,1280
7604,1299.4413974942393,0.5516282865719723,1280
7605,1299.4413974942393,0.5516282865719723,1280
7606,1299.4413974942393,0.5516282865719723,1280
7607,1299.4413974942393,0.5516282865719723,1280
7608,1299.4413974942393,0.5516282865719723,1280
7609,1299.4413974942393,0.5516282865719723,1280
7610,1299.4413974942393,0.5516282865719723,1280
7611,1299.4413974942393,0.5516282865719723,1280
7612,1299.4413974942393,0.5516282865719723,1280
7613,1299.4413974942393,0.5516282865719723,1280
7614,1299.4413974942393,0.5516282865719723,1280
7615,1299.4413974942393,0.5516282865719723,1280
7616,1299.4413974942393,0.5516282865719723,1280
7617,1299.4413974942393,0.5516282865719723,1280
7618,1299.4413974942393,0.5516282865719723,1280
7619,1299.4413974942393,0.5516282865719723,1280
7620,1299.4413974942393,0.5516282865719723,1280
7621,1299.4413974942393,0.5516282865719723,1280
7622,1299.4413974942393,0.5516282865719723,1280
7623,1299.4413974942393,0.5516282865719723,1280
7624,1299.4413974942393,0.5516282865719723,1280
7625,1299.4413974942393,0.5516282865719723,1280
7626,1299.4413974942393,0.5516282865719723,1280
7627,1299.4413974942393,0.5516282865719723,1280
7628,1299.4413974942393,0.5516282865719723,1280
7629,1299.4413974942393,0.5516282865719723,1280
7630,1299.4413974942393,0.5516282865719723,1280
7631,1299.4413974942393,0.5516282865719723,1280
7632,1299.4413974942393,0.5516282865719723,1280
7633,1299.4413974942393,0.5516282865719723,1280
7634,1299.4413974942393,0.5516282865719723,1280
7635,1299.4413974942393,0.5516282865719723,1280
7636,1299.4413974942393,0.5516282865719723,1280
7637,1299.4413974942393,0.5516282865719723,1280
7638,1299.4413974942393,0.5516282865719723,1280
7639,1299.4413974942393,0.5516282865719723,1280
7640,1299.4413974942393,0.5516282865719723,1280
7641,1299.4413974942393,0.5516282865719723,1280
7642,1299.4413974942393,0.5516282865719723,1280
7643,1299.4413974942393,0.5516282865719723,1280
7644,1299.4413974942393,0.5516282865719723,1280
7645,1299.4413974942393,0.5516282865719723,1280
7646,1299.4413974942393,0.5516282865719723,1280
7647,1299.4413974942393,0.5516282865719723,1280
7648,1299.4413974942393,0.5516282865719723,1280
7649,1299.4413974942393,0.5516282865719723,1280
7650,1299.4413974942393,0.5516282865719723,1280
