Iteration,Objective,Fairness,Duration
0,1713.4368585880372,0.6617389026377627,1691
1,1713.4368585880372,0.6617389026377627,1691
2,1700.3450915616684,0.6631223946680483,1678
3,1706.38763399102,0.6624810192820734,1684
4,1706.38763399102,0.6624810192820734,1684
5,1698.3308383105702,0.6633372785983698,1676
6,1698.3308383105702,0.6633372785983698,1676
7,1726.111504778097,0.6817201149088351,1705
8,1733.8474384308367,0.7007773491506599,1714
9,1705.6022208145603,0.7044742829102913,1686
10,1680.3759382179448,0.707885749767153,1661
11,1680.3759382179448,0.707885749767153,1661
12,1680.3759382179448,0.707885749767153,1661
13,1680.3759382179448,0.707885749767153,1661
14,1680.3759382179448,0.707885749767153,1661
15,1671.680649676073,0.7183680133262033,1653
16,1671.680649676073,0.7183680133262033,1653
17,1671.784350166451,0.7168046107877112,1653
18,1671.784350166451,0.7168046107877112,1653
19,1668.9111695302636,0.7148926650043169,1650
20,1668.9111695302636,0.7148926650043169,1650
21,1671.939800830659,0.7144610156692467,1653
22,1671.939800830659,0.7144610156692467,1653
23,1671.939800830659,0.7144610156692467,1653
24,1671.939800830659,0.7144610156692467,1653
25,1660.9174968806076,0.6997211385405142,1641
26,1660.9174968806076,0.6997211385405142,1641
27,1660.9174968806076,0.6997211385405142,1641
28,1660.9174968806076,0.6997211385405142,1641
29,1660.9174968806076,0.6997211385405142,1641
30,1660.9174968806076,0.6997211385405142,1641
31,1660.9174968806076,0.6997211385405142,1641
32,1660.9174968806076,0.6997211385405142,1641
33,1660.9174968806076,0.6997211385405142,1641
34,1660.9174968806076,0.6997211385405142,1641
35,1686.1375416629448,0.69640371381057,1666
36,1686.1375416629448,0.69640371381057,1666
37,1686.1375416629448,0.69640371381057,1666
38,1686.1375416629448,0.69640371381057,1666
39,1686.1375416629448,0.69640371381057,1666
40,1686.1375416629448,0.69640371381057,1666
41,1686.1375416629448,0.69640371381057,1666
42,1686.1375416629448,0.69640371381057,1666
43,1686.1375416629448,0.69640371381057,1666
44,1686.1375416629448,0.69640371381057,1666
45,1686.1375416629448,0.69640371381057,1666
46,1686.1375416629448,0.69640371381057,1666
47,1686.1375416629448,0.69640371381057,1666
48,1686.1375416629448,0.69640371381057,1666
49,1686.1375416629448,0.69640371381057,1666
50,1686.1375416629448,0.69640371381057,1666
51,1686.1375416629448,0.69640371381057,1666
52,1686.1375416629448,0.69640371381057,1666
53,1686.1375416629448,0.69640371381057,1666
54,1686.1375416629448,0.69640371381057,1666
55,1686.1375416629448,0.69640371381057,1666
56,1686.1375416629448,0.69640371381057,1666
57,1686.1375416629448,0.69640371381057,1666
58,1686.1375416629448,0.69640371381057,1666
59,1686.1375416629448,0.69640371381057,1666
60,1686.1375416629448,0.69640371381057,1666
61,1686.1375416629448,0.69640371381057,1666
62,1686.1375416629448,0.69640371381057,1666
63,1664.530211127986,0.675407641670649,1643
64,1673.6002963967455,0.6743510267338241,1652
65,1673.6002963967455,0.6743510267338241,1652
66,1673.6002963967455,0.6743510267338241,1652
67,1673.6002963967455,0.6743510267338241,1652
68,1670.5770252710395,0.6747018653544491,1649
69,1670.5770252710395,0.6747018653544491,1649
70,1670.5770252710395,0.6747018653544491,1649
71,1670.5770252710395,0.6747018653544491,1649
72,1670.5770252710395,0.6747018653544491,1649
73,1670.5770252710395,0.6747018653544491,1649
74,1670.5770252710395,0.6747018653544491,1649
75,1695.9700869077099,0.6989282842196619,1676
76,1695.9700869077099,0.6989282842196619,1676
77,1695.9700869077099,0.6989282842196619,1676
78,1678.8202185816156,0.7011877192580194,1659
79,1678.8202185816156,0.7011877192580194,1659
80,1678.8202185816156,0.7011877192580194,1659
81,1678.8202185816156,0.7011877192580194,1659
82,1678.8202185816156,0.7011877192580194,1659
83,1678.8202185816156,0.7011877192580194,1659
84,1678.8202185816156,0.7011877192580194,1659
85,1678.8202185816156,0.7011877192580194,1659
86,1678.8202185816156,0.7011877192580194,1659
87,1678.8202185816156,0.7011877192580194,1659
88,1678.8202185816156,0.7011877192580194,1659
89,1678.8202185816156,0.7011877192580194,1659
90,1678.8202185816156,0.7011877192580194,1659
91,1678.8202185816156,0.7011877192580194,1659
92,1678.8202185816156,0.7011877192580194,1659
93,1678.8202185816156,0.7011877192580194,1659
94,1678.8202185816156,0.7011877192580194,1659
95,1678.8202185816156,0.7011877192580194,1659
96,1678.8202185816156,0.7011877192580194,1659
97,1678.8202185816156,0.7011877192580194,1659
98,1678.8202185816156,0.7011877192580194,1659
99,1678.8202185816156,0.7011877192580194,1659
100,1678.8202185816156,0.7011877192580194,1659
101,1678.8202185816156,0.7011877192580194,1659
102,1678.8202185816156,0.7011877192580194,1659
103,1678.8202185816156,0.7011877192580194,1659
104,1678.8202185816156,0.7011877192580194,1659
105,1678.8202185816156,0.7011877192580194,1659
106,1678.8202185816156,0.7011877192580194,1659
107,1678.8202185816156,0.7011877192580194,1659
108,1678.8202185816156,0.7011877192580194,1659
109,1662.3645775026926,0.7080570254380751,1643
110,1662.3645775026926,0.7080570254380751,1643
111,1675.6675974229904,0.7185647908489309,1657
112,1675.6675974229904,0.7185647908489309,1657
113,1675.6675974229904,0.7185647908489309,1657
114,1675.6675974229904,0.7185647908489309,1657
115,1675.6675974229904,0.7185647908489309,1657
116,1675.6675974229904,0.7185647908489309,1657
117,1672.6385028142865,0.719003425082368,1654
118,1672.6385028142865,0.719003425082368,1654
119,1672.6385028142865,0.719003425082368,1654
120,1672.6385028142865,0.719003425082368,1654
121,1672.6385028142865,0.719003425082368,1654
122,1672.6385028142865,0.719003425082368,1654
123,1672.6385028142865,0.719003425082368,1654
124,1667.5897678030049,0.7197381606662923,1649
125,1667.5897678030049,0.7197381606662923,1649
126,1667.5897678030049,0.7197381606662923,1649
127,1667.5897678030049,0.7197381606662923,1649
128,1667.5897678030049,0.7197381606662923,1649
129,1667.5897678030049,0.7197381606662923,1649
130,1667.5897678030049,0.7197381606662923,1649
131,1667.5897678030049,0.7197381606662923,1649
132,1667.5897678030049,0.7197381606662923,1649
133,1667.5897678030049,0.7197381606662923,1649
134,1667.5897678030049,0.7197381606662923,1649
135,1664.560379469175,0.7201812231392305,1646
136,1664.560379469175,0.7201812231392305,1646
137,1670.3073773101182,0.7239955177126752,1652
138,1670.3073773101182,0.7239955177126752,1652
139,1670.3073773101182,0.7239955177126752,1652
140,1664.560379469175,0.7201812231392305,1646
141,1663.550558675948,0.7203292827386102,1645
142,1663.550558675948,0.7203292827386102,1645
143,1663.550558675948,0.7203292827386102,1645
144,1663.550558675948,0.7203292827386102,1645
145,1663.550558675948,0.7203292827386102,1645
146,1663.550558675948,0.7203292827386102,1645
147,1663.550558675948,0.7203292827386102,1645
148,1654.603056133993,0.7044616895221922,1635
149,1662.6242936279923,0.7041415102066582,1643
150,1662.6242936279923,0.7041415102066582,1643
151,1662.6242936279923,0.7041415102066582,1643
152,1648.7570579187704,0.7021399379048633,1629
153,1624.7472821390113,0.7022873188751516,1605
154,1624.7472821390113,0.7022873188751516,1605
155,1634.8392874034262,0.700900235136043,1615
156,1634.8392874034262,0.700900235136043,1615
157,1634.8392874034262,0.700900235136043,1615
158,1634.8392874034262,0.700900235136043,1615
159,1634.8392874034262,0.700900235136043,1615
160,1645.5723531613778,0.704924571666249,1626
161,1636.4885303459412,0.70618829570419,1617
162,1636.4885303459412,0.70618829570419,1617
163,1636.4885303459412,0.70618829570419,1617
164,1636.4885303459412,0.70618829570419,1617
165,1637.6033462747712,0.7044573153208038,1618
166,1637.6033462747712,0.7044573153208038,1618
167,1637.6033462747712,0.7044573153208038,1618
168,1637.6033462747712,0.7044573153208038,1618
169,1637.6033462747712,0.7044573153208038,1618
170,1637.6033462747712,0.7044573153208038,1618
171,1637.6033462747712,0.7044573153208038,1618
172,1639.6218908476214,0.7041777348466554,1620
173,1655.1424107105836,0.7114064418727042,1636
174,1655.1424107105836,0.7114064418727042,1636
175,1655.1424107105836,0.7114064418727042,1636
176,1653.0710520681005,0.712482254363025,1634
177,1653.0710520681005,0.712482254363025,1634
178,1653.0710520681005,0.712482254363025,1634
179,1653.0710520681005,0.712482254363025,1634
180,1650.5269126331284,0.7206857736600571,1632
181,1650.5269126331284,0.7206857736600571,1632
182,1650.5269126331284,0.7206857736600571,1632
183,1650.5269126331284,0.7206857736600571,1632
184,1650.5269126331284,0.7206857736600571,1632
185,1650.5269126331284,0.7206857736600571,1632
186,1650.5269126331284,0.7206857736600571,1632
187,1650.5269126331284,0.7206857736600571,1632
188,1658.6058778612885,0.7194952832611413,1640
189,1658.6058778612885,0.7194952832611413,1640
190,1658.6058778612885,0.7194952832611413,1640
191,1648.5070458625773,0.7209852877645522,1630
192,1648.5070458625773,0.7209852877645522,1630
193,1648.5070458625773,0.7209852877645522,1630
194,1648.5070458625773,0.7209852877645522,1630
195,1648.5070458625773,0.7209852877645522,1630
196,1642.1298744472904,0.7266715747430975,1624
197,1642.1298744472904,0.7266715747430975,1624
198,1642.1298744472904,0.7266715747430975,1624
199,1642.1298744472904,0.7266715747430975,1624
200,1642.1298744472904,0.7266715747430975,1624
201,1642.1298744472904,0.7266715747430975,1624
202,1642.1298744472904,0.7266715747430975,1624
203,1642.1298744472904,0.7266715747430975,1624
204,1642.1298744472904,0.7266715747430975,1624
205,1642.1298744472904,0.7266715747430975,1624
206,1637.1327355231385,0.7417045752579744,1620
207,1637.1327355231385,0.7417045752579744,1620
208,1637.1327355231385,0.7417045752579744,1620
209,1637.1327355231385,0.7417045752579744,1620
210,1637.1327355231385,0.7417045752579744,1620
211,1637.1327355231385,0.7417045752579744,1620
212,1637.1327355231385,0.7417045752579744,1620
213,1637.1327355231385,0.7417045752579744,1620
214,1623.9899242877693,0.743857616647531,1607
215,1623.9899242877693,0.743857616647531,1607
216,1623.9899242877693,0.743857616647531,1607
217,1623.9899242877693,0.743857616647531,1607
218,1624.9474171011577,0.744498460709214,1608
219,1624.9474171011577,0.744498460709214,1608
220,1620.902924852143,0.7451692318386404,1604
221,1620.902924852143,0.7451692318386404,1604
222,1620.902924852143,0.7451692318386404,1604
223,1631.117817483928,0.7570056161023959,1615
224,1631.117817483928,0.7570056161023959,1615
225,1631.117817483928,0.7570056161023959,1615
226,1631.117817483928,0.7570056161023959,1615
227,1658.4248344424823,0.7523769871478609,1642
228,1653.673665160008,0.733549447308789,1636
229,1648.8849820330445,0.7303636057131844,1631
230,1648.8849820330445,0.7303636057131844,1631
231,1670.7363337347124,0.762756916407172,1655
232,1673.6150286869424,0.7645857276203466,1658
233,1667.5454668761397,0.7656344508346191,1652
234,1667.5454668761397,0.7656344508346191,1652
235,1667.5454668761397,0.7656344508346191,1652
236,1655.4048560460653,0.7677543186180422,1640
237,1655.4048560460653,0.7677543186180422,1640
238,1629.1480753528504,0.7565494444014732,1613
239,1629.1480753528504,0.7565494444014732,1613
240,1643.3084721053397,0.7541312813909298,1627
241,1643.3084721053397,0.7541312813909298,1627
242,1643.3084721053397,0.7541312813909298,1627
243,1643.3084721053397,0.7541312813909298,1627
244,1643.3084721053397,0.7541312813909298,1627
245,1651.9493855309127,0.7746210533557569,1637
246,1651.9493855309127,0.7746210533557569,1637
247,1655.9661567759836,0.7894443422888042,1642
248,1655.9661567759836,0.7894443422888042,1642
249,1655.161863161547,0.7864938465016271,1641
250,1655.161863161547,0.7864938465016271,1641
251,1680.4694615933267,0.7818564511785498,1666
252,1680.4694615933267,0.7818564511785498,1666
253,1606.6554271776376,0.7338244055836339,1589
254,1606.6554271776376,0.7338244055836339,1589
255,1606.6554271776376,0.7338244055836339,1589
256,1606.6554271776376,0.7338244055836339,1589
257,1606.6554271776376,0.7338244055836339,1589
258,1606.6554271776376,0.7338244055836339,1589
259,1606.6554271776376,0.7338244055836339,1589
260,1606.6554271776376,0.7338244055836339,1589
261,1606.6554271776376,0.7338244055836339,1589
262,1606.6554271776376,0.7338244055836339,1589
263,1623.8365217386374,0.7310941996285621,1606
264,1623.8365217386374,0.7310941996285621,1606
265,1623.8365217386374,0.7310941996285621,1606
266,1623.8365217386374,0.7310941996285621,1606
267,1616.2241049134095,0.7403270780429754,1599
268,1616.2241049134095,0.7403270780429754,1599
269,1616.2241049134095,0.7403270780429754,1599
270,1617.1812507974146,0.7409731524586994,1600
271,1617.1812507974146,0.7409731524586994,1600
272,1617.1812507974146,0.7409731524586994,1600
273,1617.1812507974146,0.7409731524586994,1600
274,1617.1812507974146,0.7409731524586994,1600
275,1617.1812507974146,0.7409731524586994,1600
276,1658.6208750276107,0.7343453184439809,1641
277,1658.6208750276107,0.7343453184439809,1641
278,1658.6208750276107,0.7343453184439809,1641
279,1658.6208750276107,0.7343453184439809,1641
280,1658.6208750276107,0.7343453184439809,1641
281,1658.6208750276107,0.7343453184439809,1641
282,1658.6208750276107,0.7343453184439809,1641
283,1658.6208750276107,0.7343453184439809,1641
284,1658.6208750276107,0.7343453184439809,1641
285,1680.8476636924663,0.730926222034279,1663
286,1680.8476636924663,0.730926222034279,1663
287,1680.8476636924663,0.730926222034279,1663
288,1680.8476636924663,0.730926222034279,1663
289,1680.8476636924663,0.730926222034279,1663
290,1680.8476636924663,0.730926222034279,1663
291,1680.8476636924663,0.730926222034279,1663
292,1680.8476636924663,0.730926222034279,1663
293,1680.8476636924663,0.730926222034279,1663
294,1680.8476636924663,0.730926222034279,1663
295,1680.8476636924663,0.730926222034279,1663
296,1680.8476636924663,0.730926222034279,1663
297,1680.8476636924663,0.730926222034279,1663
298,1691.3933847215055,0.7377749928915193,1674
299,1691.3933847215055,0.7377749928915193,1674
300,1691.3933847215055,0.7377749928915193,1674
301,1691.3933847215055,0.7377749928915193,1674
302,1691.3933847215055,0.7377749928915193,1674
303,1691.3933847215055,0.7377749928915193,1674
304,1691.3933847215055,0.7377749928915193,1674
305,1691.3933847215055,0.7377749928915193,1674
306,1690.7431035788593,0.7325025843681711,1673
307,1690.7431035788593,0.7325025843681711,1673
308,1690.7431035788593,0.7325025843681711,1673
309,1690.7431035788593,0.7325025843681711,1673
310,1654.4986987784748,0.7060349950478706,1635
311,1654.4986987784748,0.7060349950478706,1635
312,1654.4986987784748,0.7060349950478706,1635
313,1667.6180579837614,0.7042355196176457,1648
314,1664.746152682046,0.7023043467202482,1645
315,1699.0468478113971,0.6977710265129332,1679
316,1650.6185021403555,0.7042288234531068,1631
317,1650.6185021403555,0.7042288234531068,1631
318,1650.6185021403555,0.7042288234531068,1631
319,1629.5759646315787,0.6897939901767115,1609
320,1629.5759646315787,0.6897939901767115,1609
321,1624.5324926441622,0.6904493797050795,1604
322,1624.5324926441622,0.6904493797050795,1604
323,1624.5324926441622,0.6904493797050795,1604
324,1624.5324926441622,0.6904493797050795,1604
325,1633.6105367347188,0.6892727765005465,1613
326,1623.5237637848306,0.6905809771622101,1603
327,1623.5237637848306,0.6905809771622101,1603
328,1616.2497733910075,0.6947116931854753,1596
329,1596.0680835556354,0.6974508735770326,1576
330,1591.021898309256,0.6981471685624008,1571
331,1600.104809863535,0.6968971828202171,1580
332,1559.7284946101497,0.7025705621867968,1540
333,1559.7284946101497,0.7025705621867968,1540
334,1559.7284946101497,0.7025705621867968,1540
335,1559.7284946101497,0.7025705621867968,1540
336,1559.7284946101497,0.7025705621867968,1540
337,1559.7284946101497,0.7025705621867968,1540
338,1559.7284946101497,0.7025705621867968,1540
339,1559.7284946101497,0.7025705621867968,1540
340,1555.6897282865914,0.7031550084940243,1536
341,1555.6897282865914,0.7031550084940243,1536
342,1555.6897282865914,0.7031550084940243,1536
343,1555.6897282865914,0.7031550084940243,1536
344,1555.6897282865914,0.7031550084940243,1536
345,1555.6897282865914,0.7031550084940243,1536
346,1555.6897282865914,0.7031550084940243,1536
347,1555.6897282865914,0.7031550084940243,1536
348,1555.6897282865914,0.7031550084940243,1536
349,1555.6897282865914,0.7031550084940243,1536
350,1555.6897282865914,0.7031550084940243,1536
351,1555.6897282865914,0.7031550084940243,1536
352,1562.757430753841,0.7021343169932,1543
353,1562.757430753841,0.7021343169932,1543
354,1562.757430753841,0.7021343169932,1543
355,1583.1649127649744,0.6959910633955336,1563
356,1583.1649127649744,0.6959910633955336,1563
357,1583.1649127649744,0.6959910633955336,1563
358,1583.1649127649744,0.6959910633955336,1563
359,1583.1649127649744,0.6959910633955336,1563
360,1583.1649127649744,0.6959910633955336,1563
361,1583.1649127649744,0.6959910633955336,1563
362,1583.1649127649744,0.6959910633955336,1563
363,1583.1649127649744,0.6959910633955336,1563
364,1583.1649127649744,0.6959910633955336,1563
365,1583.1649127649744,0.6959910633955336,1563
366,1583.1649127649744,0.6959910633955336,1563
367,1583.1649127649744,0.6959910633955336,1563
368,1583.1649127649744,0.6959910633955336,1563
369,1583.1649127649744,0.6959910633955336,1563
370,1583.1649127649744,0.6959910633955336,1563
371,1597.2926995750652,0.6940645322619446,1577
372,1597.2926995750652,0.6940645322619446,1577
373,1594.26551877944,0.6944743135920382,1574
374,1601.9080887914497,0.6998629761578514,1582
375,1601.9080887914497,0.6998629761578514,1582
376,1601.9080887914497,0.6998629761578514,1582
377,1601.9080887914497,0.6998629761578514,1582
378,1601.9080887914497,0.6998629761578514,1582
379,1601.9080887914497,0.6998629761578514,1582
380,1601.9080887914497,0.6998629761578514,1582
381,1601.9080887914497,0.6998629761578514,1582
382,1567.1990007021607,0.7105532835495165,1548
383,1562.1488816326066,0.7113088853820787,1543
384,1562.1488816326066,0.7113088853820787,1543
385,1562.1488816326066,0.7113088853820787,1543
386,1562.1488816326066,0.7113088853820787,1543
387,1562.1488816326066,0.7113088853820787,1543
388,1562.1488816326066,0.7113088853820787,1543
389,1562.1488816326066,0.7113088853820787,1543
390,1562.1488816326066,0.7113088853820787,1543
391,1562.1488816326066,0.7113088853820787,1543
392,1551.6507492758751,0.7037426613014458,1532
393,1551.6507492758751,0.7037426613014458,1532
394,1551.6507492758751,0.7037426613014458,1532
395,1541.7762493810615,0.7169267393176315,1523
396,1541.7762493810615,0.7169267393176315,1523
397,1541.7762493810615,0.7169267393176315,1523
398,1541.7762493810615,0.7169267393176315,1523
399,1541.7762493810615,0.7169267393176315,1523
400,1541.7762493810615,0.7169267393176315,1523
401,1541.7762493810615,0.7169267393176315,1523
402,1541.7762493810615,0.7169267393176315,1523
403,1541.7762493810615,0.7169267393176315,1523
404,1541.7762493810615,0.7169267393176315,1523
405,1541.7762493810615,0.7169267393176315,1523
406,1534.1443085279486,0.7113778301228905,1515
407,1534.1443085279486,0.7113778301228905,1515
408,1534.1443085279486,0.7113778301228905,1515
409,1520.9660291428524,0.6989894596283351,1501
410,1520.9660291428524,0.6989894596283351,1501
411,1520.9660291428524,0.6989894596283351,1501
412,1520.9660291428524,0.6989894596283351,1501
413,1520.9660291428524,0.6989894596283351,1501
414,1520.9660291428524,0.6989894596283351,1501
415,1520.9660291428524,0.6989894596283351,1501
416,1520.9660291428524,0.6989894596283351,1501
417,1520.9660291428524,0.6989894596283351,1501
418,1520.9660291428524,0.6989894596283351,1501
419,1520.9660291428524,0.6989894596283351,1501
420,1535.1010821395191,0.6969533824887815,1515
421,1535.1010821395191,0.6969533824887815,1515
422,1535.1010821395191,0.6969533824887815,1515
423,1535.1010821395191,0.6969533824887815,1515
424,1535.1010821395191,0.6969533824887815,1515
425,1535.1010821395191,0.6969533824887815,1515
426,1535.1010821395191,0.6969533824887815,1515
427,1535.1010821395191,0.6969533824887815,1515
428,1535.1010821395191,0.6969533824887815,1515
429,1535.1010821395191,0.6969533824887815,1515
430,1534.1476461304248,0.696251377500003,1514
431,1534.1476461304248,0.696251377500003,1514
432,1525.0613816518462,0.6975519123798237,1505
433,1525.0613816518462,0.6975519123798237,1505
434,1525.0613816518462,0.6975519123798237,1505
435,1525.0613816518462,0.6975519123798237,1505
436,1525.0613816518462,0.6975519123798237,1505
437,1525.0613816518462,0.6975519123798237,1505
438,1525.0613816518462,0.6975519123798237,1505
439,1525.0613816518462,0.6975519123798237,1505
440,1525.0613816518462,0.6975519123798237,1505
441,1525.0613816518462,0.6975519123798237,1505
442,1525.0613816518462,0.6975519123798237,1505
443,1525.0613816518462,0.6975519123798237,1505
444,1522.032384507145,0.6979890772328495,1502
445,1522.032384507145,0.6979890772328495,1502
446,1522.032384507145,0.6979890772328495,1502
447,1522.032384507145,0.6979890772328495,1502
448,1522.032384507145,0.6979890772328495,1502
449,1525.5054571124433,0.7059331054961062,1506
450,1525.5054571124433,0.7059331054961062,1506
451,1525.5054571124433,0.7059331054961062,1506
452,1525.5054571124433,0.7059331054961062,1506
453,1525.5054571124433,0.7059331054961062,1506
454,1525.5054571124433,0.7059331054961062,1506
455,1525.5054571124433,0.7059331054961062,1506
456,1525.5054571124433,0.7059331054961062,1506
457,1525.5054571124433,0.7059331054961062,1506
458,1525.5054571124433,0.7059331054961062,1506
459,1525.5054571124433,0.7059331054961062,1506
460,1532.1803096919198,0.7108350717334587,1513
461,1532.1803096919198,0.7108350717334587,1513
462,1532.1803096919198,0.7108350717334587,1513
463,1532.1803096919198,0.7108350717334587,1513
464,1532.1803096919198,0.7108350717334587,1513
465,1532.1803096919198,0.7108350717334587,1513
466,1532.1803096919198,0.7108350717334587,1513
467,1532.1803096919198,0.7108350717334587,1513
468,1532.1803096919198,0.7108350717334587,1513
469,1532.1803096919198,0.7108350717334587,1513
470,1532.1803096919198,0.7108350717334587,1513
471,1532.1803096919198,0.7108350717334587,1513
472,1532.1803096919198,0.7108350717334587,1513
473,1532.1803096919198,0.7108350717334587,1513
474,1532.1803096919198,0.7108350717334587,1513
475,1545.3121746642478,0.7088470576775561,1526
476,1545.3121746642478,0.7088470576775561,1526
477,1526.1186470588236,0.711764705882353,1507
478,1526.1186470588236,0.711764705882353,1507
479,1534.2007505679014,0.7105269023382866,1515
480,1534.2007505679014,0.7105269023382866,1515
481,1534.2007505679014,0.7105269023382866,1515
482,1534.2007505679014,0.7105269023382866,1515
483,1534.2007505679014,0.7105269023382866,1515
484,1545.3121746642478,0.7088470576775561,1526
485,1545.3121746642478,0.7088470576775561,1526
486,1545.3121746642478,0.7088470576775561,1526
487,1545.3121746642478,0.7088470576775561,1526
488,1546.3222208974005,0.7086955993155369,1527
489,1546.3222208974005,0.7086955993155369,1527
490,1546.3222208974005,0.7086955993155369,1527
491,1546.3222208974005,0.7086955993155369,1527
492,1538.241463616723,0.7099131069391995,1519
493,1538.241463616723,0.7099131069391995,1519
494,1538.241463616723,0.7099131069391995,1519
495,1514.4092307692308,0.6923076923076923,1494
496,1514.4092307692308,0.6923076923076923,1494
497,1514.4092307692308,0.6923076923076923,1494
498,1514.4092307692308,0.6923076923076923,1494
499,1514.4092307692308,0.6923076923076923,1494
500,1514.4092307692308,0.6923076923076923,1494
501,1514.4092307692308,0.6923076923076923,1494
502,1488.1587303176693,0.6960842708025132,1468
503,1488.1587303176693,0.6960842708025132,1468
504,1488.1587303176693,0.6960842708025132,1468
505,1488.1587303176693,0.6960842708025132,1468
506,1488.1587303176693,0.6960842708025132,1468
507,1488.1587303176693,0.6960842708025132,1468
508,1488.1587303176693,0.6960842708025132,1468
509,1488.1587303176693,0.6960842708025132,1468
510,1488.1587303176693,0.6960842708025132,1468
511,1488.1587303176693,0.6960842708025132,1468
512,1488.1587303176693,0.6960842708025132,1468
513,1488.1587303176693,0.6960842708025132,1468
514,1488.1587303176693,0.6960842708025132,1468
515,1488.1587303176693,0.6960842708025132,1468
516,1488.1587303176693,0.6960842708025132,1468
517,1488.1587303176693,0.6960842708025132,1468
518,1488.1587303176693,0.6960842708025132,1468
519,1488.1587303176693,0.6960842708025132,1468
520,1488.1587303176693,0.6960842708025132,1468
521,1538.6824134982705,0.7334175561846731,1521
522,1557.8931302929832,0.7302407614505791,1540
523,1557.8931302929832,0.7302407614505791,1540
524,1557.8931302929832,0.7302407614505791,1540
525,1555.9830118374703,0.7288856951987004,1538
526,1555.9830118374703,0.7288856951987004,1538
527,1538.7955358982972,0.7317121076692722,1521
528,1538.7955358982972,0.7317121076692722,1521
529,1538.7955358982972,0.7317121076692722,1521
530,1538.7955358982972,0.7317121076692722,1521
531,1538.7955358982972,0.7317121076692722,1521
532,1538.7955358982972,0.7317121076692722,1521
533,1538.7955358982972,0.7317121076692722,1521
534,1549.9173311009165,0.7298759068156714,1532
535,1549.9173311009165,0.7298759068156714,1532
536,1549.9173311009165,0.7298759068156714,1532
537,1549.9173311009165,0.7298759068156714,1532
538,1549.9173311009165,0.7298759068156714,1532
539,1563.2906431867955,0.7393239380853986,1546
540,1563.2906431867955,0.7393239380853986,1546
541,1563.2906431867955,0.7393239380853986,1546
542,1556.2110858755607,0.7405233548083723,1539
543,1556.2110858755607,0.7405233548083723,1539
544,1517.7661150829317,0.7472317943173263,1501
545,1529.580709983386,0.7349508520520747,1512
546,1529.580709983386,0.7349508520520747,1512
547,1529.580709983386,0.7349508520520747,1512
548,1529.580709983386,0.7349508520520747,1512
549,1529.580709983386,0.7349508520520747,1512
550,1529.580709983386,0.7349508520520747,1512
551,1529.580709983386,0.7349508520520747,1512
552,1517.4431689561375,0.7370244390752669,1500
553,1517.4431689561375,0.7370244390752669,1500
554,1517.4431689561375,0.7370244390752669,1500
555,1532.6147482165634,0.73443768707126,1515
556,1547.8379142391475,0.746149340582732,1531
557,1547.8379142391475,0.746149340582732,1531
558,1553.9079920424404,0.7450928381962865,1537
559,1553.9079920424404,0.7450928381962865,1537
560,1553.9079920424404,0.7450928381962865,1537
561,1553.9079920424404,0.7450928381962865,1537
562,1560.4798425904903,0.7364715424319269,1543
563,1560.4798425904903,0.7364715424319269,1543
564,1561.4910436999955,0.7363026729987102,1544
565,1561.4910436999955,0.7363026729987102,1544
566,1561.4910436999955,0.7363026729987102,1544
567,1509.90037054632,0.7452077408967304,1493
568,1509.90037054632,0.7452077408967304,1493
569,1509.90037054632,0.7452077408967304,1493
570,1509.90037054632,0.7452077408967304,1493
571,1509.90037054632,0.7452077408967304,1493
572,1509.90037054632,0.7452077408967304,1493
573,1509.90037054632,0.7452077408967304,1493
574,1509.90037054632,0.7452077408967304,1493
575,1509.90037054632,0.7452077408967304,1493
576,1509.90037054632,0.7452077408967304,1493
577,1509.90037054632,0.7452077408967304,1493
578,1509.90037054632,0.7452077408967304,1493
579,1509.90037054632,0.7452077408967304,1493
580,1509.90037054632,0.7452077408967304,1493
581,1509.90037054632,0.7452077408967304,1493
582,1509.90037054632,0.7452077408967304,1493
583,1509.90037054632,0.7452077408967304,1493
584,1509.90037054632,0.7452077408967304,1493
585,1509.90037054632,0.7452077408967304,1493
586,1509.90037054632,0.7452077408967304,1493
587,1509.90037054632,0.7452077408967304,1493
588,1509.90037054632,0.7452077408967304,1493
589,1509.90037054632,0.7452077408967304,1493
590,1509.90037054632,0.7452077408967304,1493
591,1509.90037054632,0.7452077408967304,1493
592,1509.90037054632,0.7452077408967304,1493
593,1543.3373115163904,0.7687726290307498,1528
594,1543.3373115163904,0.7687726290307498,1528
595,1543.3373115163904,0.7687726290307498,1528
596,1543.3373115163904,0.7687726290307498,1528
597,1509.90037054632,0.7452077408967304,1493
598,1509.90037054632,0.7452077408967304,1493
599,1509.90037054632,0.7452077408967304,1493
600,1509.90037054632,0.7452077408967304,1493
601,1509.90037054632,0.7452077408967304,1493
602,1509.90037054632,0.7452077408967304,1493
603,1509.90037054632,0.7452077408967304,1493
604,1509.90037054632,0.7452077408967304,1493
605,1509.90037054632,0.7452077408967304,1493
606,1509.90037054632,0.7452077408967304,1493
607,1509.90037054632,0.7452077408967304,1493
608,1532.8204190907618,0.7614892342716465,1517
609,1532.8204190907618,0.7614892342716465,1517
610,1532.8204190907618,0.7614892342716465,1517
611,1532.8204190907618,0.7614892342716465,1517
612,1532.8204190907618,0.7614892342716465,1517
613,1532.8204190907618,0.7614892342716465,1517
614,1532.8204190907618,0.7614892342716465,1517
615,1532.8204190907618,0.7614892342716465,1517
616,1532.8204190907618,0.7614892342716465,1517
617,1532.8204190907618,0.7614892342716465,1517
618,1536.6438679245282,0.7641509433962265,1521
619,1536.6438679245282,0.7641509433962265,1521
620,1536.6438679245282,0.7641509433962265,1521
621,1536.6438679245282,0.7641509433962265,1521
622,1536.6438679245282,0.7641509433962265,1521
623,1536.6438679245282,0.7641509433962265,1521
624,1536.6438679245282,0.7641509433962265,1521
625,1536.6438679245282,0.7641509433962265,1521
626,1536.6438679245282,0.7641509433962265,1521
627,1536.6438679245282,0.7641509433962265,1521
628,1536.6438679245282,0.7641509433962265,1521
629,1553.9734172310516,0.7742587482126991,1539
630,1553.9734172310516,0.7742587482126991,1539
631,1553.9734172310516,0.7742587482126991,1539
632,1558.7593731548895,0.7774857054893791,1544
633,1558.7593731548895,0.7774857054893791,1544
634,1553.9734172310516,0.7742587482126991,1539
635,1553.9734172310516,0.7742587482126991,1539
636,1553.9734172310516,0.7742587482126991,1539
637,1553.9734172310516,0.7742587482126991,1539
638,1553.9734172310516,0.7742587482126991,1539
639,1553.9734172310516,0.7742587482126991,1539
640,1553.9734172310516,0.7742587482126991,1539
641,1561.0628790050318,0.7729100104774347,1546
642,1561.0628790050318,0.7729100104774347,1546
643,1561.0628790050318,0.7729100104774347,1546
644,1561.0628790050318,0.7729100104774347,1546
645,1561.0628790050318,0.7729100104774347,1546
646,1561.0628790050318,0.7729100104774347,1546
647,1561.0628790050318,0.7729100104774347,1546
648,1561.0628790050318,0.7729100104774347,1546
649,1548.9090366972478,0.7752293577981652,1534
650,1548.9090366972478,0.7752293577981652,1534
651,1548.9090366972478,0.7752293577981652,1534
652,1548.9090366972478,0.7752293577981652,1534
653,1548.9090366972478,0.7752293577981652,1534
654,1548.9090366972478,0.7752293577981652,1534
655,1548.9090366972478,0.7752293577981652,1534
656,1548.9090366972478,0.7752293577981652,1534
657,1548.9090366972478,0.7752293577981652,1534
658,1548.9090366972478,0.7752293577981652,1534
659,1548.9090366972478,0.7752293577981652,1534
660,1571.1893384964208,0.7710034901790946,1556
661,1571.1893384964208,0.7710034901790946,1556
662,1571.1893384964208,0.7710034901790946,1556
663,1571.1893384964208,0.7710034901790946,1556
664,1571.1893384964208,0.7710034901790946,1556
665,1544.8572424039908,0.7760102155285581,1530
666,1544.8572424039908,0.7760102155285581,1530
667,1544.8572424039908,0.7760102155285581,1530
668,1544.8572424039908,0.7760102155285581,1530
669,1544.8572424039908,0.7760102155285581,1530
670,1544.8572424039908,0.7760102155285581,1530
671,1544.8572424039908,0.7760102155285581,1530
672,1566.1996398464632,0.7859243201196553,1552
673,1577.7011285867202,0.7934399429108956,1564
674,1577.7011285867202,0.7934399429108956,1564
675,1577.7011285867202,0.7934399429108956,1564
676,1577.7011285867202,0.7934399429108956,1564
677,1588.2525242855309,0.8002031616835388,1575
678,1588.2525242855309,0.8002031616835388,1575
679,1588.2525242855309,0.8002031616835388,1575
680,1588.2525242855309,0.8002031616835388,1575
681,1588.2525242855309,0.8002031616835388,1575
682,1588.2525242855309,0.8002031616835388,1575
683,1589.266,0.8,1576
684,1579.6733640601328,0.793858524647477,1566
685,1579.6733640601328,0.793858524647477,1566
686,1579.6733640601328,0.793858524647477,1566
687,1579.6733640601328,0.793858524647477,1566
688,1579.6733640601328,0.793858524647477,1566
689,1579.6733640601328,0.793858524647477,1566
690,1579.6733640601328,0.793858524647477,1566
691,1600.785965735358,0.8072370611283259,1588
692,1600.785965735358,0.8072370611283259,1588
693,1587.346941361424,0.7987797171502488,1574
694,1587.346941361424,0.7987797171502488,1574
695,1590.6030002365328,0.7949193391145363,1577
696,1590.6030002365328,0.7949193391145363,1577
697,1590.6030002365328,0.7949193391145363,1577
698,1590.6030002365328,0.7949193391145363,1577
699,1592.4498576936483,0.7670758677272994,1577
700,1592.4498576936483,0.7670758677272994,1577
701,1569.9257861053893,0.7448245725103378,1553
702,1569.9257861053893,0.7448245725103378,1553
703,1569.9257861053893,0.7448245725103378,1553
704,1569.0807979655374,0.742487592860886,1552
705,1569.0807979655374,0.742487592860886,1552
706,1569.0807979655374,0.742487592860886,1552
707,1569.0807979655374,0.742487592860886,1552
708,1569.0807979655374,0.742487592860886,1552
709,1569.0807979655374,0.742487592860886,1552
710,1591.9842192407584,0.7288674922243574,1574
711,1591.9842192407584,0.7288674922243574,1574
712,1591.9842192407584,0.7288674922243574,1574
713,1591.9842192407584,0.7288674922243574,1574
714,1591.9842192407584,0.7288674922243574,1574
715,1591.9842192407584,0.7288674922243574,1574
716,1586.2488951170183,0.7248772031204854,1568
717,1586.2488951170183,0.7248772031204854,1568
718,1586.2488951170183,0.7248772031204854,1568
719,1586.2488951170183,0.7248772031204854,1568
720,1575.7387003733302,0.7174928332077455,1557
721,1598.1022797999897,0.7270875953567052,1580
722,1590.4546714956655,0.7217748907633713,1572
723,1562.1891225815964,0.6956260729444228,1542
724,1562.1891225815964,0.6956260729444228,1542
725,1562.1891225815964,0.6956260729444228,1542
726,1562.1891225815964,0.6956260729444228,1542
727,1568.244825739784,0.6947862846406764,1548
728,1568.244825739784,0.6947862846406764,1548
729,1568.244825739784,0.6947862846406764,1548
730,1568.244825739784,0.6947862846406764,1548
731,1568.244825739784,0.6947862846406764,1548
732,1568.244825739784,0.6947862846406764,1548
733,1556.7949569999475,0.686492431781281,1536
734,1556.7949569999475,0.686492431781281,1536
735,1556.7949569999475,0.686492431781281,1536
736,1558.812768273338,0.6862239066284039,1538
737,1558.812768273338,0.6862239066284039,1538
738,1558.812768273338,0.6862239066284039,1538
739,1577.3530655045686,0.7082305818699152,1558
740,1583.4117367064068,0.7073460469409496,1564
741,1583.4117367064068,0.7073460469409496,1564
742,1583.4117367064068,0.7073460469409496,1564
743,1582.4566155484292,0.7066694474833513,1563
744,1582.4566155484292,0.7066694474833513,1563
745,1582.4566155484292,0.7066694474833513,1563
746,1556.1995756437366,0.7105446156530004,1537
747,1556.1995756437366,0.7105446156530004,1537
748,1543.7958648974873,0.7015548786750003,1524
749,1543.7958648974873,0.7015548786750003,1524
750,1542.7861403270472,0.701701487606706,1523
751,1556.9764270230294,0.6988326997884897,1537
752,1556.9764270230294,0.6988326997884897,1537
753,1556.9764270230294,0.6988326997884897,1537
754,1556.9764270230294,0.6988326997884897,1537
755,1545.8710688908407,0.7004210931578377,1526
756,1545.8710688908407,0.7004210931578377,1526
757,1545.8710688908407,0.7004210931578377,1526
758,1570.3555999692521,0.7232685064186333,1552
759,1570.3555999692521,0.7232685064186333,1552
760,1570.3555999692521,0.7232685064186333,1552
761,1570.3555999692521,0.7232685064186333,1552
762,1570.3555999692521,0.7232685064186333,1552
763,1584.5567189241958,0.7202364100076007,1566
764,1584.5567189241958,0.7202364100076007,1566
765,1585.567030605117,0.720080949719327,1567
766,1585.567030605117,0.720080949719327,1567
767,1585.567030605117,0.720080949719327,1567
768,1601.0795341248531,0.7274305122138844,1583
769,1601.0795341248531,0.7274305122138844,1583
770,1605.1215394953047,0.7267972336001117,1587
771,1610.6443789658495,0.7339909699103065,1593
772,1610.6443789658495,0.7339909699103065,1593
773,1610.6443789658495,0.7339909699103065,1593
774,1632.662532251849,0.7487934230084599,1616
775,1632.662532251849,0.7487934230084599,1616
776,1632.662532251849,0.7487934230084599,1616
777,1632.662532251849,0.7487934230084599,1616
778,1632.662532251849,0.7487934230084599,1616
779,1615.4286588638804,0.7372431951774393,1598
780,1615.4286588638804,0.7372431951774393,1598
781,1617.3427213308469,0.7385388009822567,1600
782,1617.3427213308469,0.7385388009822567,1600
783,1617.3427213308469,0.7385388009822567,1600
784,1617.3427213308469,0.7385388009822567,1600
785,1617.3427213308469,0.7385388009822567,1600
786,1604.9048819291818,0.7300635922028967,1587
787,1609.2173226205412,0.7253531943232154,1591
788,1609.2173226205412,0.7253531943232154,1591
789,1609.2173226205412,0.7253531943232154,1591
790,1609.2173226205412,0.7253531943232154,1591
791,1629.3122735892305,0.7389978352294508,1612
792,1629.3122735892305,0.7389978352294508,1612
793,1629.3122735892305,0.7389978352294508,1612
794,1629.3122735892305,0.7389978352294508,1612
795,1629.3122735892305,0.7389978352294508,1612
796,1639.8468947826327,0.7460139487014499,1623
797,1639.8468947826327,0.7460139487014499,1623
798,1639.8468947826327,0.7460139487014499,1623
799,1632.184750585896,0.7409203891769051,1615
800,1632.184750585896,0.7409203891769051,1615
801,1628.8383051220121,0.7159911786218586,1610
802,1628.8383051220121,0.7159911786218586,1610
803,1628.8383051220121,0.7159911786218586,1610
804,1628.8383051220121,0.7159911786218586,1610
805,1647.7602917082188,0.7171673193393817,1629
806,1647.7602917082188,0.7171673193393817,1629
807,1647.7602917082188,0.7171673193393817,1629
808,1647.7602917082188,0.7171673193393817,1629
809,1648.7174915437035,0.7178125803753407,1630
810,1619.4277326674649,0.7221810241600338,1601
811,1631.5489422292633,0.7203536525062061,1613
812,1631.5489422292633,0.7203536525062061,1613
813,1621.715588870259,0.7178412653360651,1603
814,1621.715588870259,0.7178412653360651,1603
815,1621.715588870259,0.7178412653360651,1603
816,1621.715588870259,0.7178412653360651,1603
817,1608.8763383385833,0.7455700536923966,1592
818,1608.8763383385833,0.7455700536923966,1592
819,1608.8763383385833,0.7455700536923966,1592
820,1633.7826115510622,0.7771353603036009,1619
821,1628.0278089793449,0.7734387309008774,1613
822,1628.0278089793449,0.7734387309008774,1613
823,1643.3786033340318,0.7832262425142189,1629
824,1629.4661490284643,0.7668302573727678,1614
825,1629.4661490284643,0.7668302573727678,1614
826,1632.501949853728,0.7662905193166278,1617
827,1632.501949853728,0.7662905193166278,1617
828,1632.501949853728,0.7662905193166278,1617
829,1609.2241346790647,0.7704788982501934,1594
830,1609.2241346790647,0.7704788982501934,1594
831,1600.9090366972478,0.7752293577981652,1586
832,1600.9090366972478,0.7752293577981652,1586
833,1600.9090366972478,0.7752293577981652,1586
834,1552.7280704414636,0.7478053604483099,1536
835,1552.7280704414636,0.7478053604483099,1536
836,1552.7280704414636,0.7478053604483099,1536
837,1551.0976583441943,0.7422334035248861,1534
838,1551.0976583441943,0.7422334035248861,1534
839,1551.0976583441943,0.7422334035248861,1534
840,1551.0976583441943,0.7422334035248861,1534
841,1583.459001265453,0.7367857490509101,1566
842,1583.459001265453,0.7367857490509101,1566
843,1583.459001265453,0.7367857490509101,1566
844,1583.459001265453,0.7367857490509101,1566
845,1583.459001265453,0.7367857490509101,1566
846,1583.459001265453,0.7367857490509101,1566
847,1583.459001265453,0.7367857490509101,1566
848,1585.481087888217,0.7364527681559326,1568
849,1587.5031172166641,0.7361206510377781,1570
850,1587.5031172166641,0.7361206510377781,1570
851,1587.5031172166641,0.7361206510377781,1570
852,1587.5031172166641,0.7361206510377781,1570
853,1587.5031172166641,0.7361206510377781,1570
854,1586.5469699322607,0.7354595216001711,1569
855,1586.5469699322607,0.7354595216001711,1569
856,1586.5469699322607,0.7354595216001711,1569
857,1586.5469699322607,0.7354595216001711,1569
858,1586.5469699322607,0.7354595216001711,1569
859,1586.5469699322607,0.7354595216001711,1569
860,1563.2906431867955,0.7393239380853986,1546
861,1563.2906431867955,0.7393239380853986,1546
862,1580.3352544146485,0.7537275076941281,1564
863,1580.3352544146485,0.7537275076941281,1564
864,1580.2250811871795,0.7553884940874487,1564
865,1580.2250811871795,0.7553884940874487,1564
866,1598.4363111191792,0.7522039632266045,1582
867,1598.4363111191792,0.7522039632266045,1582
868,1598.4363111191792,0.7522039632266045,1582
869,1582.0191187661494,0.7132652078071853,1563
870,1582.0191187661494,0.7132652078071853,1563
871,1579.9990535228278,0.7135677141138594,1561
872,1579.9990535228278,0.7135677141138594,1561
873,1564.721510796132,0.7026758511061068,1545
874,1564.721510796132,0.7026758511061068,1545
875,1564.721510796132,0.7026758511061068,1545
876,1564.721510796132,0.7026758511061068,1545
877,1564.721510796132,0.7026758511061068,1545
878,1567.585162673499,0.7047314537388966,1548
879,1567.9328120650107,0.71456637924,1549
880,1566.9779414568577,0.7138860024595556,1548
881,1568.8877302541482,0.7152460386831256,1550
882,1567.9328120650107,0.71456637924,1549
883,1567.9328120650107,0.71456637924,1549
884,1566.922635048801,0.7147198093049725,1548
885,1567.877528323489,0.7153998443616891,1549
886,1567.0885050288894,0.7122191311791141,1548
887,1567.0885050288894,0.7122191311791141,1548
888,1567.0885050288894,0.7122191311791141,1548
889,1567.0885050288894,0.7122191311791141,1548
890,1567.0885050288894,0.7122191311791141,1548
891,1568.998204515591,0.7135805138611344,1550
892,1552.7716926157898,0.7019193032445364,1533
893,1552.7716926157898,0.7019193032445364,1533
894,1580.0282476430436,0.6980514451523632,1560
895,1580.0282476430436,0.6980514451523632,1560
896,1580.0282476430436,0.6980514451523632,1560
897,1580.0282476430436,0.6980514451523632,1560
898,1579.0734459530415,0.6973700293526072,1559
899,1579.0734459530415,0.6973700293526072,1559
900,1579.0734459530415,0.6973700293526072,1559
901,1585.1290366474666,0.6965319365676672,1565
902,1585.1290366474666,0.6965319365676672,1565
903,1586.0839948825546,0.6972109922726575,1566
904,1574.9814451377358,0.6987570460163458,1555
905,1571.9532110972682,0.6991827062073226,1552
906,1589.1278911516356,0.6814730717377422,1568
907,1589.1278911516356,0.6814730717377422,1568
908,1551.8054127212984,0.6863347999201215,1531
909,1561.8941912726375,0.6849963625412712,1541
910,1561.8941912726375,0.6849963625412712,1541
911,1561.8941912726375,0.6849963625412712,1541
912,1561.8941912726375,0.6849963625412712,1541
913,1561.8941912726375,0.6849963625412712,1541
914,1561.8941912726375,0.6849963625412712,1541
915,1561.8941912726375,0.6849963625412712,1541
916,1561.8941912726375,0.6849963625412712,1541
917,1561.8941912726375,0.6849963625412712,1541
918,1561.8941912726375,0.6849963625412712,1541
919,1561.8941912726375,0.6849963625412712,1541
920,1552.3558713428404,0.6780360117165647,1531
921,1552.3558713428404,0.6780360117165647,1531
922,1552.3558713428404,0.6780360117165647,1531
923,1552.3558713428404,0.6780360117165647,1531
924,1552.3558713428404,0.6780360117165647,1531
925,1552.3558713428404,0.6780360117165647,1531
926,1556.3899147110192,0.6775227693197757,1535
927,1556.3899147110192,0.6775227693197757,1535
928,1556.3899147110192,0.6775227693197757,1535
929,1556.3899147110192,0.6775227693197757,1535
930,1556.3899147110192,0.6775227693197757,1535
931,1556.3899147110192,0.6775227693197757,1535
932,1556.3899147110192,0.6775227693197757,1535
933,1556.3899147110192,0.6775227693197757,1535
934,1556.3899147110192,0.6775227693197757,1535
935,1556.3899147110192,0.6775227693197757,1535
936,1556.3899147110192,0.6775227693197757,1535
937,1556.3899147110192,0.6775227693197757,1535
938,1556.3899147110192,0.6775227693197757,1535
939,1556.3899147110192,0.6775227693197757,1535
940,1556.3899147110192,0.6775227693197757,1535
941,1556.3899147110192,0.6775227693197757,1535
942,1556.3899147110192,0.6775227693197757,1535
943,1556.3899147110192,0.6775227693197757,1535
944,1556.3899147110192,0.6775227693197757,1535
945,1593.6168745004088,0.7042533619718262,1574
946,1580.2460912150318,0.6947672061656592,1560
947,1589.7957937040128,0.7015559519973952,1570
948,1589.7957937040128,0.7015559519973952,1570
949,1599.8894975930823,0.7001432595645672,1580
950,1599.8894975930823,0.7001432595645672,1580
951,1585.3766605742076,0.7078748594269932,1566
952,1572.2487826654321,0.7098027639765994,1553
953,1572.2487826654321,0.7098027639765994,1553
954,1572.2487826654321,0.7098027639765994,1553
955,1572.2487826654321,0.7098027639765994,1553
956,1572.2487826654321,0.7098027639765994,1553
957,1572.2487826654321,0.7098027639765994,1553
958,1572.2487826654321,0.7098027639765994,1553
959,1565.178993704332,0.7108549117393032,1546
960,1565.178993704332,0.7108549117393032,1546
961,1565.178993704332,0.7108549117393032,1546
962,1565.178993704332,0.7108549117393032,1546
963,1565.178993704332,0.7108549117393032,1546
964,1569.2189537633774,0.7102524685153432,1550
965,1569.2189537633774,0.7102524685153432,1550
966,1569.2189537633774,0.7102524685153432,1550
967,1569.2189537633774,0.7102524685153432,1550
968,1569.2189537633774,0.7102524685153432,1550
969,1518.703468215471,0.7180239979576206,1500
970,1518.703468215471,0.7180239979576206,1500
971,1525.7777801183008,0.7169036617171604,1507
972,1552.501867082023,0.7361394982357459,1535
973,1552.501867082023,0.7361394982357459,1535
974,1552.501867082023,0.7361394982357459,1535
975,1552.1110459675836,0.7571077043934336,1536
976,1585.1994720099474,0.7708507159664202,1570
977,1585.1994720099474,0.7708507159664202,1570
978,1585.1994720099474,0.7708507159664202,1570
979,1585.1994720099474,0.7708507159664202,1570
980,1585.1994720099474,0.7708507159664202,1570
981,1585.1994720099474,0.7708507159664202,1570
982,1585.1994720099474,0.7708507159664202,1570
983,1593.9299512873893,0.7749140466246167,1579
984,1589.8796851346797,0.7756718659026139,1575
985,1589.8796851346797,0.7756718659026139,1575
986,1589.8796851346797,0.7756718659026139,1575
987,1589.8796851346797,0.7756718659026139,1575
988,1585.8291743359687,0.7764333734966291,1571
989,1585.8291743359687,0.7764333734966291,1571
990,1585.8291743359687,0.7764333734966291,1571
991,1585.8291743359687,0.7764333734966291,1571
992,1585.8291743359687,0.7764333734966291,1571
993,1585.8291743359687,0.7764333734966291,1571
994,1561.3871348474095,0.7529453513129879,1545
995,1561.3871348474095,0.7529453513129879,1545
996,1561.3871348474095,0.7529453513129879,1545
997,1561.3871348474095,0.7529453513129879,1545
998,1561.3871348474095,0.7529453513129879,1545
999,1577.8517578387837,0.7459406326129402,1561
1000,1533.918363192502,0.7147842123850151,1515
1001,1533.918363192502,0.7147842123850151,1515
1002,1533.918363192502,0.7147842123850151,1515
1003,1533.918363192502,0.7147842123850151,1515
1004,1533.918363192502,0.7147842123850151,1515
1005,1533.918363192502,0.7147842123850151,1515
1006,1533.918363192502,0.7147842123850151,1515
1007,1551.604036714674,0.7496753095933368,1535
1008,1551.604036714674,0.7496753095933368,1535
1009,1551.604036714674,0.7496753095933368,1535
1010,1551.604036714674,0.7496753095933368,1535
1011,1551.604036714674,0.7496753095933368,1535
1012,1549.692722265564,0.7483382743017631,1533
1013,1549.692722265564,0.7483382743017631,1533
1014,1549.692722265564,0.7483382743017631,1533
1015,1549.692722265564,0.7483382743017631,1533
1016,1549.692722265564,0.7483382743017631,1533
1017,1521.0500942881906,0.7278743511504493,1503
1018,1521.0500942881906,0.7278743511504493,1503
1019,1494.1597509925186,0.6960688829712253,1474
1020,1494.1597509925186,0.6960688829712253,1474
1021,1494.1597509925186,0.6960688829712253,1474
1022,1494.1597509925186,0.6960688829712253,1474
1023,1494.1597509925186,0.6960688829712253,1474
1024,1494.1597509925186,0.6960688829712253,1474
1025,1494.1597509925186,0.6960688829712253,1474
1026,1494.1597509925186,0.6960688829712253,1474
1027,1494.1597509925186,0.6960688829712253,1474
1028,1494.1597509925186,0.6960688829712253,1474
1029,1494.1597509925186,0.6960688829712253,1474
1030,1494.1597509925186,0.6960688829712253,1474
1031,1494.1597509925186,0.6960688829712253,1474
1032,1494.1597509925186,0.6960688829712253,1474
1033,1494.1597509925186,0.6960688829712253,1474
1034,1494.1597509925186,0.6960688829712253,1474
1035,1494.1597509925186,0.6960688829712253,1474
1036,1494.1597509925186,0.6960688829712253,1474
1037,1494.1597509925186,0.6960688829712253,1474
1038,1494.1597509925186,0.6960688829712253,1474
1039,1494.1597509925186,0.6960688829712253,1474
1040,1494.1597509925186,0.6960688829712253,1474
1041,1494.1597509925186,0.6960688829712253,1474
1042,1494.1597509925186,0.6960688829712253,1474
1043,1494.1597509925186,0.6960688829712253,1474
1044,1494.1597509925186,0.6960688829712253,1474
1045,1494.1597509925186,0.6960688829712253,1474
1046,1494.1597509925186,0.6960688829712253,1474
1047,1494.1597509925186,0.6960688829712253,1474
1048,1494.1597509925186,0.6960688829712253,1474
1049,1494.1597509925186,0.6960688829712253,1474
1050,1494.1597509925186,0.6960688829712253,1474
1051,1494.1597509925186,0.6960688829712253,1474
1052,1494.1597509925186,0.6960688829712253,1474
1053,1494.1597509925186,0.6960688829712253,1474
1054,1494.1597509925186,0.6960688829712253,1474
1055,1494.1597509925186,0.6960688829712253,1474
1056,1494.1597509925186,0.6960688829712253,1474
1057,1494.1597509925186,0.6960688829712253,1474
1058,1494.1597509925186,0.6960688829712253,1474
1059,1494.1597509925186,0.6960688829712253,1474
1060,1494.1597509925186,0.6960688829712253,1474
1061,1494.1597509925186,0.6960688829712253,1474
1062,1494.1597509925186,0.6960688829712253,1474
1063,1494.1597509925186,0.6960688829712253,1474
1064,1491.1303652996992,0.6965119056279336,1471
1065,1491.1303652996992,0.6965119056279336,1471
1066,1491.1303652996992,0.6965119056279336,1471
1067,1491.1303652996992,0.6965119056279336,1471
1068,1491.1303652996992,0.6965119056279336,1471
1069,1491.1303652996992,0.6965119056279336,1471
1070,1491.1303652996992,0.6965119056279336,1471
1071,1491.1303652996992,0.6965119056279336,1471
1072,1495.169518192723,0.695921631347461,1475
1073,1495.169518192723,0.695921631347461,1475
1074,1495.169518192723,0.695921631347461,1475
1075,1495.169518192723,0.695921631347461,1475
1076,1495.169518192723,0.695921631347461,1475
1077,1493.6647209496512,0.7186081569478199,1475
1078,1493.6647209496512,0.7186081569478199,1475
1079,1493.6647209496512,0.7186081569478199,1475
1080,1493.6647209496512,0.7186081569478199,1475
1081,1493.6647209496512,0.7186081569478199,1475
1082,1493.6647209496512,0.7186081569478199,1475
1083,1493.6647209496512,0.7186081569478199,1475
1084,1493.6647209496512,0.7186081569478199,1475
1085,1493.6647209496512,0.7186081569478199,1475
1086,1493.6647209496512,0.7186081569478199,1475
1087,1493.6647209496512,0.7186081569478199,1475
1088,1493.6647209496512,0.7186081569478199,1475
1089,1493.6647209496512,0.7186081569478199,1475
1090,1502.5009865277236,0.7060005046325396,1483
1091,1510.5821693424798,0.7047765815998829,1491
1092,1510.5821693424798,0.7047765815998829,1491
1093,1510.5821693424798,0.7047765815998829,1491
1094,1510.5821693424798,0.7047765815998829,1491
1095,1510.5821693424798,0.7047765815998829,1491
1096,1510.5821693424798,0.7047765815998829,1491
1097,1510.5821693424798,0.7047765815998829,1491
1098,1510.5821693424798,0.7047765815998829,1491
1099,1502.5009865277236,0.7060005046325396,1483
1100,1502.5009865277236,0.7060005046325396,1483
1101,1501.4907740446135,0.7061544694012719,1482
1102,1501.4907740446135,0.7061544694012719,1482
1103,1491.3878493255381,0.7077061763072803,1472
1104,1491.3878493255381,0.7077061763072803,1472
1105,1491.3878493255381,0.7077061763072803,1472
1106,1488.5310293955133,0.7055475743176042,1469
1107,1488.5310293955133,0.7055475743176042,1469
1108,1488.5310293955133,0.7055475743176042,1469
1109,1488.5310293955133,0.7055475743176042,1469
1110,1488.5310293955133,0.7055475743176042,1469
1111,1488.5310293955133,0.7055475743176042,1469
1112,1488.5310293955133,0.7055475743176042,1469
1113,1488.5310293955133,0.7055475743176042,1469
1114,1488.5310293955133,0.7055475743176042,1469
1115,1488.5310293955133,0.7055475743176042,1469
1116,1488.5310293955133,0.7055475743176042,1469
1117,1488.5310293955133,0.7055475743176042,1469
1118,1488.5310293955133,0.7055475743176042,1469
1119,1488.5310293955133,0.7055475743176042,1469
1120,1488.5310293955133,0.7055475743176042,1469
1121,1488.5310293955133,0.7055475743176042,1469
1122,1488.5310293955133,0.7055475743176042,1469
1123,1488.5310293955133,0.7055475743176042,1469
1124,1488.5310293955133,0.7055475743176042,1469
1125,1488.5310293955133,0.7055475743176042,1469
1126,1488.5310293955133,0.7055475743176042,1469
1127,1488.5310293955133,0.7055475743176042,1469
1128,1488.5310293955133,0.7055475743176042,1469
1129,1488.5310293955133,0.7055475743176042,1469
1130,1488.5310293955133,0.7055475743176042,1469
1131,1492.6585412744798,0.6885490536035012,1472
1132,1492.6585412744798,0.6885490536035012,1472
1133,1492.6585412744798,0.6885490536035012,1472
1134,1492.6585412744798,0.6885490536035012,1472
1135,1492.6585412744798,0.6885490536035012,1472
1136,1492.6585412744798,0.6885490536035012,1472
1137,1492.6585412744798,0.6885490536035012,1472
1138,1492.6585412744798,0.6885490536035012,1472
1139,1492.6585412744798,0.6885490536035012,1472
1140,1492.6585412744798,0.6885490536035012,1472
1141,1492.6585412744798,0.6885490536035012,1472
1142,1484.5828289559213,0.6896905026998152,1464
1143,1484.5828289559213,0.6896905026998152,1464
1144,1484.5828289559213,0.6896905026998152,1464
1145,1484.5828289559213,0.6896905026998152,1464
1146,1484.5828289559213,0.6896905026998152,1464
1147,1484.5828289559213,0.6896905026998152,1464
1148,1484.5828289559213,0.6896905026998152,1464
1149,1484.5828289559213,0.6896905026998152,1464
1150,1484.5828289559213,0.6896905026998152,1464
1151,1484.5828289559213,0.6896905026998152,1464
1152,1484.5828289559213,0.6896905026998152,1464
1153,1484.5828289559213,0.6896905026998152,1464
1154,1484.5828289559213,0.6896905026998152,1464
1155,1487.4381219695679,0.6918721246861468,1467
1156,1487.4381219695679,0.6918721246861468,1467
1157,1487.4381219695679,0.6918721246861468,1467
1158,1498.3709853904857,0.6928842847808573,1478
1159,1498.3709853904857,0.6928842847808573,1478
1160,1498.3709853904857,0.6928842847808573,1478
1161,1498.3709853904857,0.6928842847808573,1478
1162,1498.3709853904857,0.6928842847808573,1478
1163,1498.3709853904857,0.6928842847808573,1478
1164,1498.3709853904857,0.6928842847808573,1478
1165,1498.3709853904857,0.6928842847808573,1478
1166,1500.3901354077473,0.6925955765453444,1480
1167,1505.1520669462486,0.6961847286861351,1485
1168,1505.1520669462486,0.6961847286861351,1485
1169,1503.1326242363978,0.6964778495944872,1483
1170,1503.1326242363978,0.6964778495944872,1483
1171,1503.1326242363978,0.6964778495944872,1483
1172,1503.1326242363978,0.6964778495944872,1483
1173,1503.1326242363978,0.6964778495944872,1483
1174,1501.227829045144,0.6950425290947682,1481
1175,1501.227829045144,0.6950425290947682,1481
1176,1501.227829045144,0.6950425290947682,1481
1177,1501.227829045144,0.6950425290947682,1481
1178,1501.227829045144,0.6950425290947682,1481
1179,1501.227829045144,0.6950425290947682,1481
1180,1501.227829045144,0.6950425290947682,1481
1181,1501.227829045144,0.6950425290947682,1481
1182,1501.227829045144,0.6950425290947682,1481
1183,1501.227829045144,0.6950425290947682,1481
1184,1501.227829045144,0.6950425290947682,1481
1185,1501.227829045144,0.6950425290947682,1481
1186,1501.227829045144,0.6950425290947682,1481
1187,1501.227829045144,0.6950425290947682,1481
1188,1501.227829045144,0.6950425290947682,1481
1189,1501.227829045144,0.6950425290947682,1481
1190,1501.227829045144,0.6950425290947682,1481
1191,1490.0901421220808,0.6820421811837659,1469
1192,1490.0901421220808,0.6820421811837659,1469
1193,1490.0901421220808,0.6820421811837659,1469
1194,1490.0901421220808,0.6820421811837659,1469
1195,1490.0901421220808,0.6820421811837659,1469
1196,1490.0901421220808,0.6820421811837659,1469
1197,1490.0901421220808,0.6820421811837659,1469
1198,1490.0901421220808,0.6820421811837659,1469
1199,1490.0901421220808,0.6820421811837659,1469
1200,1490.0901421220808,0.6820421811837659,1469
1201,1490.0901421220808,0.6820421811837659,1469
1202,1496.5240501597607,0.6905766597352538,1476
1203,1496.5240501597607,0.6905766597352538,1476
1204,1496.5240501597607,0.6905766597352538,1476
1205,1496.5240501597607,0.6905766597352538,1476
1206,1496.5240501597607,0.6905766597352538,1476
1207,1496.5240501597607,0.6905766597352538,1476
1208,1496.5240501597607,0.6905766597352538,1476
1209,1496.5240501597607,0.6905766597352538,1476
1210,1496.5240501597607,0.6905766597352538,1476
1211,1496.5240501597607,0.6905766597352538,1476
1212,1496.5240501597607,0.6905766597352538,1476
1213,1496.5240501597607,0.6905766597352538,1476
1214,1496.5240501597607,0.6905766597352538,1476
1215,1496.5240501597607,0.6905766597352538,1476
1216,1496.5240501597607,0.6905766597352538,1476
1217,1496.5240501597607,0.6905766597352538,1476
1218,1496.5240501597607,0.6905766597352538,1476
1219,1496.5240501597607,0.6905766597352538,1476
1220,1496.5240501597607,0.6905766597352538,1476
1221,1496.5240501597607,0.6905766597352538,1476
1222,1496.5240501597607,0.6905766597352538,1476
1223,1520.012985144293,0.6982815446360184,1500
1224,1537.2880883246294,0.6941340520936327,1517
1225,1537.2880883246294,0.6941340520936327,1517
1226,1537.2880883246294,0.6941340520936327,1517
1227,1537.2880883246294,0.6941340520936327,1517
1228,1537.2880883246294,0.6941340520936327,1517
1229,1537.2880883246294,0.6941340520936327,1517
1230,1537.2880883246294,0.6941340520936327,1517
1231,1537.2880883246294,0.6941340520936327,1517
1232,1537.2880883246294,0.6941340520936327,1517
1233,1537.2880883246294,0.6941340520936327,1517
1234,1550.4092307692308,0.6923076923076923,1530
1235,1550.4092307692308,0.6923076923076923,1530
1236,1550.4092307692308,0.6923076923076923,1530
1237,1550.4092307692308,0.6923076923076923,1530
1238,1550.4092307692308,0.6923076923076923,1530
1239,1550.4092307692308,0.6923076923076923,1530
1240,1550.4092307692308,0.6923076923076923,1530
1241,1550.4092307692308,0.6923076923076923,1530
1242,1550.4092307692308,0.6923076923076923,1530
1243,1550.4092307692308,0.6923076923076923,1530
1244,1550.4092307692308,0.6923076923076923,1530
1245,1550.4092307692308,0.6923076923076923,1530
1246,1550.4092307692308,0.6923076923076923,1530
1247,1550.4092307692308,0.6923076923076923,1530
1248,1550.4092307692308,0.6923076923076923,1530
1249,1550.4092307692308,0.6923076923076923,1530
1250,1550.4092307692308,0.6923076923076923,1530
1251,1550.4092307692308,0.6923076923076923,1530
1252,1550.4092307692308,0.6923076923076923,1530
1253,1550.4092307692308,0.6923076923076923,1530
1254,1550.4092307692308,0.6923076923076923,1530
1255,1550.4092307692308,0.6923076923076923,1530
1256,1512.6741024588136,0.6883144510958294,1492
1257,1512.6741024588136,0.6883144510958294,1492
1258,1512.6741024588136,0.6883144510958294,1492
1259,1512.6741024588136,0.6883144510958294,1492
1260,1512.6741024588136,0.6883144510958294,1492
1261,1512.6741024588136,0.6883144510958294,1492
1262,1512.6741024588136,0.6883144510958294,1492
1263,1512.6741024588136,0.6883144510958294,1492
1264,1512.6741024588136,0.6883144510958294,1492
1265,1512.6741024588136,0.6883144510958294,1492
1266,1512.6741024588136,0.6883144510958294,1492
1267,1512.6741024588136,0.6883144510958294,1492
1268,1512.6741024588136,0.6883144510958294,1492
1269,1512.6741024588136,0.6883144510958294,1492
1270,1512.6741024588136,0.6883144510958294,1492
1271,1512.6741024588136,0.6883144510958294,1492
1272,1512.6741024588136,0.6883144510958294,1492
1273,1512.6741024588136,0.6883144510958294,1492
1274,1512.6741024588136,0.6883144510958294,1492
1275,1512.6741024588136,0.6883144510958294,1492
1276,1512.6741024588136,0.6883144510958294,1492
1277,1512.6741024588136,0.6883144510958294,1492
1278,1512.6741024588136,0.6883144510958294,1492
1279,1512.6741024588136,0.6883144510958294,1492
1280,1512.6741024588136,0.6883144510958294,1492
1281,1512.6741024588136,0.6883144510958294,1492
1282,1512.6741024588136,0.6883144510958294,1492
1283,1512.6741024588136,0.6883144510958294,1492
1284,1512.6741024588136,0.6883144510958294,1492
1285,1512.6741024588136,0.6883144510958294,1492
1286,1512.6741024588136,0.6883144510958294,1492
1287,1512.6741024588136,0.6883144510958294,1492
1288,1512.6741024588136,0.6883144510958294,1492
1289,1512.6741024588136,0.6883144510958294,1492
1290,1512.6741024588136,0.6883144510958294,1492
1291,1512.6741024588136,0.6883144510958294,1492
1292,1538.4101911989674,0.7073693472189436,1519
1293,1538.4101911989674,0.7073693472189436,1519
1294,1554.5689013438157,0.7049766117320124,1535
1295,1554.5689013438157,0.7049766117320124,1535
1296,1554.5689013438157,0.7049766117320124,1535
1297,1554.5689013438157,0.7049766117320124,1535
1298,1554.5689013438157,0.7049766117320124,1535
1299,1554.5689013438157,0.7049766117320124,1535
1300,1554.624462682107,0.7041389615240942,1535
1301,1554.624462682107,0.7041389615240942,1535
1302,1554.6800035370663,0.703301620125639,1535
1303,1554.6800035370663,0.703301620125639,1535
1304,1568.998204515591,0.7135805138611344,1550
1305,1568.998204515591,0.7135805138611344,1550
1306,1568.998204515591,0.7135805138611344,1550
1307,1568.998204515591,0.7135805138611344,1550
1308,1562.9372512611974,0.7144994533213128,1544
1309,1562.9372512611974,0.7144994533213128,1544
1310,1562.9372512611974,0.7144994533213128,1544
1311,1566.9779414568577,0.7138860024595556,1548
1312,1566.9779414568577,0.7138860024595556,1548
1313,1566.9779414568577,0.7138860024595556,1548
1314,1566.9779414568577,0.7138860024595556,1548
1315,1537.6778840804518,0.7184097078177025,1519
1316,1537.6778840804518,0.7184097078177025,1519
1317,1537.6778840804518,0.7184097078177025,1519
1318,1537.6778840804518,0.7184097078177025,1519
1319,1537.6778840804518,0.7184097078177025,1519
1320,1537.6778840804518,0.7184097078177025,1519
1321,1542.7304650438496,0.7176169901424744,1524
1322,1544.7513972597676,0.7173014132403495,1526
1323,1544.7513972597676,0.7173014132403495,1526
1324,1544.7513972597676,0.7173014132403495,1526
1325,1544.7513972597676,0.7173014132403495,1526
1326,1544.7513972597676,0.7173014132403495,1526
1327,1544.7513972597676,0.7173014132403495,1526
1328,1544.7513972597676,0.7173014132403495,1526
1329,1544.7513972597676,0.7173014132403495,1526
1330,1544.7513972597676,0.7173014132403495,1526
1331,1544.7513972597676,0.7173014132403495,1526
1332,1544.7513972597676,0.7173014132403495,1526
1333,1544.7513972597676,0.7173014132403495,1526
1334,1544.7513972597676,0.7173014132403495,1526
1335,1544.7513972597676,0.7173014132403495,1526
1336,1544.7513972597676,0.7173014132403495,1526
1337,1544.7513972597676,0.7173014132403495,1526
1338,1544.7513972597676,0.7173014132403495,1526
1339,1544.7513972597676,0.7173014132403495,1526
1340,1544.7513972597676,0.7173014132403495,1526
1341,1544.7513972597676,0.7173014132403495,1526
1342,1549.0747824347518,0.7275021493328533,1531
1343,1549.0747824347518,0.7275021493328533,1531
1344,1549.0747824347518,0.7275021493328533,1531
1345,1549.0747824347518,0.7275021493328533,1531
1346,1549.0747824347518,0.7275021493328533,1531
1347,1568.180452541052,0.7409851870789683,1551
1348,1568.180452541052,0.7409851870789683,1551
1349,1568.180452541052,0.7409851870789683,1551
1350,1568.180452541052,0.7409851870789683,1551
1351,1568.180452541052,0.7409851870789683,1551
1352,1568.180452541052,0.7409851870789683,1551
1353,1568.180452541052,0.7409851870789683,1551
1354,1581.567271850382,0.7502295816315091,1565
1355,1581.567271850382,0.7502295816315091,1565
1356,1581.567271850382,0.7502295816315091,1565
1357,1581.567271850382,0.7502295816315091,1565
1358,1581.567271850382,0.7502295816315091,1565
1359,1581.567271850382,0.7502295816315091,1565
1360,1581.567271850382,0.7502295816315091,1565
1361,1581.567271850382,0.7502295816315091,1565
1362,1581.567271850382,0.7502295816315091,1565
1363,1581.567271850382,0.7502295816315091,1565
1364,1626.065585571293,0.7427169369622657,1609
1365,1624.0435308248602,0.743049437285389,1607
1366,1624.0435308248602,0.743049437285389,1607
1367,1645.2723724250322,0.7395993905467778,1628
1368,1645.2723724250322,0.7395993905467778,1628
1369,1645.2723724250322,0.7395993905467778,1628
1370,1645.2723724250322,0.7395993905467778,1628
1371,1645.2723724250322,0.7395993905467778,1628
1372,1645.2723724250322,0.7395993905467778,1628
1373,1645.2723724250322,0.7395993905467778,1628
1374,1645.2723724250322,0.7395993905467778,1628
1375,1645.2723724250322,0.7395993905467778,1628
1376,1645.2723724250322,0.7395993905467778,1628
1377,1653.8950828953466,0.7452874582338835,1637
1378,1653.8950828953466,0.7452874582338835,1637
1379,1636.6536209756127,0.7338516361282563,1619
1380,1633.6218485591523,0.7343306413515398,1616
1381,1633.6218485591523,0.7343306413515398,1616
1382,1614.8065648824042,0.7164696987425856,1596
1383,1614.8065648824042,0.7164696987425856,1596
1384,1614.8065648824042,0.7164696987425856,1596
1385,1614.8065648824042,0.7164696987425856,1596
1386,1614.8065648824042,0.7164696987425856,1596
1387,1614.8065648824042,0.7164696987425856,1596
1388,1614.8065648824042,0.7164696987425856,1596
1389,1614.8065648824042,0.7164696987425856,1596
1390,1607.7365525799034,0.7175252136302797,1589
1391,1607.7365525799034,0.7175252136302797,1589
1392,1604.760391217228,0.7171658191281777,1586
1393,1588.5978839809652,0.7196158000759058,1570
1394,1588.5978839809652,0.7196158000759058,1570
1395,1588.5978839809652,0.7196158000759058,1570
1396,1588.5978839809652,0.7196158000759058,1570
1397,1588.5978839809652,0.7196158000759058,1570
1398,1588.5978839809652,0.7196158000759058,1570
1399,1588.5978839809652,0.7196158000759058,1570
1400,1588.5978839809652,0.7196158000759058,1570
1401,1588.5978839809652,0.7196158000759058,1570
1402,1597.6897148525563,0.7182313455064612,1579
1403,1597.6897148525563,0.7182313455064612,1579
1404,1597.6897148525563,0.7182313455064612,1579
1405,1596.9038767157308,0.7451548814151854,1580
1406,1596.9038767157308,0.7451548814151854,1580
1407,1593.077135367837,0.7425428106763609,1576
1408,1593.077135367837,0.7425428106763609,1576
1409,1578.6622242154008,0.7638742014864937,1563
1410,1578.6622242154008,0.7638742014864937,1563
1411,1595.9006819765232,0.7753553146913451,1581
1412,1595.9006819765232,0.7753553146913451,1581
1413,1595.9006819765232,0.7753553146913451,1581
1414,1595.9006819765232,0.7753553146913451,1581
1415,1595.9006819765232,0.7753553146913451,1581
1416,1591.8504118385763,0.7761131940513142,1577
1417,1591.8504118385763,0.7761131940513142,1577
1418,1591.8504118385763,0.7761131940513142,1577
1419,1593.9666834310694,0.7894364023659058,1580
1420,1593.9666834310694,0.7894364023659058,1580
1421,1593.9666834310694,0.7894364023659058,1580
1422,1593.9666834310694,0.7894364023659058,1580
1423,1593.9666834310694,0.7894364023659058,1580
1424,1593.9666834310694,0.7894364023659058,1580
1425,1593.9666834310694,0.7894364023659058,1580
1426,1593.9666834310694,0.7894364023659058,1580
1427,1593.9666834310694,0.7894364023659058,1580
1428,1593.9666834310694,0.7894364023659058,1580
1429,1593.9666834310694,0.7894364023659058,1580
1430,1593.9666834310694,0.7894364023659058,1580
1431,1593.9666834310694,0.7894364023659058,1580
1432,1593.9666834310694,0.7894364023659058,1580
1433,1593.9666834310694,0.7894364023659058,1580
1434,1598.440230078086,0.7973732839124669,1585
1435,1598.440230078086,0.7973732839124669,1585
1436,1598.440230078086,0.7973732839124669,1585
1437,1598.440230078086,0.7973732839124669,1585
1438,1598.440230078086,0.7973732839124669,1585
1439,1598.440230078086,0.7973732839124669,1585
1440,1598.440230078086,0.7973732839124669,1585
1441,1598.440230078086,0.7973732839124669,1585
1442,1598.440230078086,0.7973732839124669,1585
1443,1598.440230078086,0.7973732839124669,1585
1444,1598.440230078086,0.7973732839124669,1585
1445,1598.440230078086,0.7973732839124669,1585
1446,1598.440230078086,0.7973732839124669,1585
1447,1598.440230078086,0.7973732839124669,1585
1448,1598.440230078086,0.7973732839124669,1585
1449,1598.440230078086,0.7973732839124669,1585
1450,1598.440230078086,0.7973732839124669,1585
1451,1598.440230078086,0.7973732839124669,1585
1452,1598.440230078086,0.7973732839124669,1585
1453,1598.440230078086,0.7973732839124669,1585
1454,1598.440230078086,0.7973732839124669,1585
1455,1598.440230078086,0.7973732839124669,1585
1456,1598.440230078086,0.7973732839124669,1585
1457,1598.440230078086,0.7973732839124669,1585
1458,1598.440230078086,0.7973732839124669,1585
1459,1598.440230078086,0.7973732839124669,1585
1460,1598.440230078086,0.7973732839124669,1585
1461,1598.440230078086,0.7973732839124669,1585
1462,1598.440230078086,0.7973732839124669,1585
1463,1598.440230078086,0.7973732839124669,1585
1464,1598.440230078086,0.7973732839124669,1585
1465,1598.440230078086,0.7973732839124669,1585
1466,1590.7289106284884,0.7779449626339758,1576
1467,1590.7289106284884,0.7779449626339758,1576
1468,1590.7289106284884,0.7779449626339758,1576
1469,1590.7289106284884,0.7779449626339758,1576
1470,1590.7289106284884,0.7779449626339758,1576
1471,1590.7289106284884,0.7779449626339758,1576
1472,1590.7289106284884,0.7779449626339758,1576
1473,1590.7289106284884,0.7779449626339758,1576
1474,1590.7289106284884,0.7779449626339758,1576
1475,1590.7289106284884,0.7779449626339758,1576
1476,1584.0774718373916,0.7726900069743455,1569
1477,1584.0774718373916,0.7726900069743455,1569
1478,1584.0774718373916,0.7726900069743455,1569
1479,1584.0774718373916,0.7726900069743455,1569
1480,1584.0774718373916,0.7726900069743455,1569
1481,1584.0774718373916,0.7726900069743455,1569
1482,1584.0774718373916,0.7726900069743455,1569
1483,1584.0774718373916,0.7726900069743455,1569
1484,1601.2882734197663,0.7695119339700565,1586
1485,1601.2882734197663,0.7695119339700565,1586
1486,1601.2882734197663,0.7695119339700565,1586
1487,1601.2882734197663,0.7695119339700565,1586
1488,1601.2882734197663,0.7695119339700565,1586
1489,1601.2882734197663,0.7695119339700565,1586
1490,1597.2390665082696,0.7702537839850795,1582
1491,1593.189618550917,0.7709992680398454,1578
1492,1593.189618550917,0.7709992680398454,1578
1493,1574.9640809606424,0.7743995030809238,1560
1494,1574.9640809606424,0.7743995030809238,1560
1495,1574.9640809606424,0.7743995030809238,1560
1496,1574.9640809606424,0.7743995030809238,1560
1497,1574.9640809606424,0.7743995030809238,1560
1498,1574.9640809606424,0.7743995030809238,1560
1499,1574.9640809606424,0.7743995030809238,1560
1500,1574.9640809606424,0.7743995030809238,1560
1501,1574.9640809606424,0.7743995030809238,1560
1502,1574.9640809606424,0.7743995030809238,1560
1503,1574.9640809606424,0.7743995030809238,1560
1504,1574.9640809606424,0.7743995030809238,1560
1505,1574.9640809606424,0.7743995030809238,1560
1506,1574.9640809606424,0.7743995030809238,1560
1507,1574.9640809606424,0.7743995030809238,1560
1508,1584.0774718373916,0.7726900069743455,1569
1509,1584.0774718373916,0.7726900069743455,1569
1510,1599.2637000047866,0.7698824060788976,1584
1511,1599.2637000047866,0.7698824060788976,1584
1512,1599.2637000047866,0.7698824060788976,1584
1513,1619.2467645741715,0.7550615924291941,1603
1514,1619.2467645741715,0.7550615924291941,1603
1515,1619.2467645741715,0.7550615924291941,1603
1516,1565.8907314680002,0.7604291954168513,1550
1517,1565.8907314680002,0.7604291954168513,1550
1518,1558.8050432810408,0.7617210420467249,1543
1519,1558.8050432810408,0.7617210420467249,1543
1520,1558.8050432810408,0.7617210420467249,1543
1521,1558.8050432810408,0.7617210420467249,1543
1522,1558.8050432810408,0.7617210420467249,1543
1523,1558.8050432810408,0.7617210420467249,1543
1524,1558.8050432810408,0.7617210420467249,1543
1525,1558.8050432810408,0.7617210420467249,1543
1526,1558.8050432810408,0.7617210420467249,1543
1527,1558.8050432810408,0.7617210420467249,1543
1528,1558.8050432810408,0.7617210420467249,1543
1529,1558.8050432810408,0.7617210420467249,1543
1530,1558.8050432810408,0.7617210420467249,1543
1531,1558.8050432810408,0.7617210420467249,1543
1532,1558.8050432810408,0.7617210420467249,1543
1533,1558.8050432810408,0.7617210420467249,1543
1534,1558.8050432810408,0.7617210420467249,1543
1535,1558.8050432810408,0.7617210420467249,1543
1536,1558.8050432810408,0.7617210420467249,1543
1537,1558.8050432810408,0.7617210420467249,1543
1538,1558.8050432810408,0.7617210420467249,1543
1539,1538.6320224719102,0.7191011235955056,1520
1540,1538.6320224719102,0.7191011235955056,1520
1541,1538.6320224719102,0.7191011235955056,1520
1542,1538.6320224719102,0.7191011235955056,1520
1543,1538.6320224719102,0.7191011235955056,1520
1544,1544.6952293027966,0.7181482089130614,1526
1545,1544.6952293027966,0.7181482089130614,1526
1546,1544.6952293027966,0.7181482089130614,1526
1547,1528.5255201188481,0.72070676739261,1510
1548,1528.5255201188481,0.72070676739261,1510
1549,1528.5255201188481,0.72070676739261,1510
1550,1528.5255201188481,0.72070676739261,1510
1551,1528.5255201188481,0.72070676739261,1510
1552,1528.5255201188481,0.72070676739261,1510
1553,1552.778706796017,0.7168896909992896,1534
1554,1548.7370813793104,0.7175172413793104,1530
1555,1548.7370813793104,0.7175172413793104,1530
1556,1514.3739396128306,0.7229920154857451,1496
1557,1502.241660558879,0.7249862722918886,1484
1558,1502.241660558879,0.7249862722918886,1484
1559,1502.241660558879,0.7249862722918886,1484
1560,1502.241660558879,0.7249862722918886,1484
1561,1502.241660558879,0.7249862722918886,1484
1562,1502.241660558879,0.7249862722918886,1484
1563,1502.241660558879,0.7249862722918886,1484
1564,1502.241660558879,0.7249862722918886,1484
1565,1502.241660558879,0.7249862722918886,1484
1566,1502.241660558879,0.7249862722918886,1484
1567,1502.241660558879,0.7249862722918886,1484
1568,1502.241660558879,0.7249862722918886,1484
1569,1502.241660558879,0.7249862722918886,1484
1570,1502.241660558879,0.7249862722918886,1484
1571,1502.241660558879,0.7249862722918886,1484
1572,1505.2171773891432,0.7253553838513,1487
1573,1505.2171773891432,0.7253553838513,1487
1574,1505.2171773891432,0.7253553838513,1487
1575,1505.2171773891432,0.7253553838513,1487
1576,1505.2171773891432,0.7253553838513,1487
1577,1520.3821152460953,0.7228687585391925,1502
1578,1520.3821152460953,0.7228687585391925,1502
1579,1518.4747599967166,0.7214720338200437,1500
1580,1518.4747599967166,0.7214720338200437,1500
1581,1518.4747599967166,0.7214720338200437,1500
1582,1518.4747599967166,0.7214720338200437,1500
1583,1518.4747599967166,0.7214720338200437,1500
1584,1518.4747599967166,0.7214720338200437,1500
1585,1518.4747599967166,0.7214720338200437,1500
1586,1518.4747599967166,0.7214720338200437,1500
1587,1518.4747599967166,0.7214720338200437,1500
1588,1518.4747599967166,0.7214720338200437,1500
1589,1518.4747599967166,0.7214720338200437,1500
1590,1518.4747599967166,0.7214720338200437,1500
1591,1518.4747599967166,0.7214720338200437,1500
1592,1518.4747599967166,0.7214720338200437,1500
1593,1518.4747599967166,0.7214720338200437,1500
1594,1518.4747599967166,0.7214720338200437,1500
1595,1518.4747599967166,0.7214720338200437,1500
1596,1518.4747599967166,0.7214720338200437,1500
1597,1518.4747599967166,0.7214720338200437,1500
1598,1518.4747599967166,0.7214720338200437,1500
1599,1518.4747599967166,0.7214720338200437,1500
1600,1518.4747599967166,0.7214720338200437,1500
1601,1508.9411218022155,0.7144411005244148,1490
1602,1508.9411218022155,0.7144411005244148,1490
1603,1508.9411218022155,0.7144411005244148,1490
1604,1508.9411218022155,0.7144411005244148,1490
1605,1508.9411218022155,0.7144411005244148,1490
1606,1511.8006679793107,0.7165586012466367,1493
1607,1511.8006679793107,0.7165586012466367,1493
1608,1511.8006679793107,0.7165586012466367,1493
1609,1511.8006679793107,0.7165586012466367,1493
1610,1511.8006679793107,0.7165586012466367,1493
1611,1511.8006679793107,0.7165586012466367,1493
1612,1521.9064043758565,0.7149645051129728,1503
1613,1521.9064043758565,0.7149645051129728,1503
1614,1521.9064043758565,0.7149645051129728,1503
1615,1500.6826444019116,0.7183379405712103,1482
1616,1511.8006679793107,0.7165586012466367,1493
1617,1511.8006679793107,0.7165586012466367,1493
1618,1511.8006679793107,0.7165586012466367,1493
1619,1511.8006679793107,0.7165586012466367,1493
1620,1511.8006679793107,0.7165586012466367,1493
1621,1511.8006679793107,0.7165586012466367,1493
1622,1511.8006679793107,0.7165586012466367,1493
1623,1511.8006679793107,0.7165586012466367,1493
1624,1511.8006679793107,0.7165586012466367,1493
1625,1511.8006679793107,0.7165586012466367,1493
1626,1517.8642859167408,0.7155994886666543,1499
1627,1517.8642859167408,0.7155994886666543,1499
1628,1517.8642859167408,0.7155994886666543,1499
1629,1517.8642859167408,0.7155994886666543,1499
1630,1517.8642859167408,0.7155994886666543,1499
1631,1517.8642859167408,0.7155994886666543,1499
1632,1517.8642859167408,0.7155994886666543,1499
1633,1515.8431388626752,0.7159183044975845,1497
1634,1515.8431388626752,0.7159183044975845,1497
1635,1515.8431388626752,0.7159183044975845,1497
1636,1515.8431388626752,0.7159183044975845,1497
1637,1515.8431388626752,0.7159183044975845,1497
1638,1515.8431388626752,0.7159183044975845,1497
1639,1519.6570145390883,0.7187243398298159,1501
1640,1519.6570145390883,0.7187243398298159,1501
1641,1519.6570145390883,0.7187243398298159,1501
1642,1519.6570145390883,0.7187243398298159,1501
1643,1519.6570145390883,0.7187243398298159,1501
1644,1519.6570145390883,0.7187243398298159,1501
1645,1494.3849805771254,0.7228255604232554,1476
1646,1494.3849805771254,0.7228255604232554,1476
1647,1494.3849805771254,0.7228255604232554,1476
1648,1494.3849805771254,0.7228255604232554,1476
1649,1494.3849805771254,0.7228255604232554,1476
1650,1494.3849805771254,0.7228255604232554,1476
1651,1494.3849805771254,0.7228255604232554,1476
1652,1494.3849805771254,0.7228255604232554,1476
1653,1494.3849805771254,0.7228255604232554,1476
1654,1494.3849805771254,0.7228255604232554,1476
1655,1494.3849805771254,0.7228255604232554,1476
1656,1494.3849805771254,0.7228255604232554,1476
1657,1494.3849805771254,0.7228255604232554,1476
1658,1508.538484190357,0.720511319307146,1490
1659,1508.538484190357,0.720511319307146,1490
1660,1508.538484190357,0.720511319307146,1490
1661,1498.022891645742,0.7282844618461931,1480
1662,1498.022891645742,0.7282844618461931,1480
1663,1498.022891645742,0.7282844618461931,1480
1664,1498.022891645742,0.7282844618461931,1480
1665,1498.022891645742,0.7282844618461931,1480
1666,1498.022891645742,0.7282844618461931,1480
1667,1498.022891645742,0.7282844618461931,1480
1668,1498.022891645742,0.7282844618461931,1480
1669,1498.022891645742,0.7282844618461931,1480
1670,1501.0567265675206,0.7277743620153689,1483
1671,1501.0567265675206,0.7277743620153689,1483
1672,1501.0567265675206,0.7277743620153689,1483
1673,1485.5583249624326,0.7051360626800444,1466
1674,1485.5583249624326,0.7051360626800444,1466
1675,1485.5583249624326,0.7051360626800444,1466
1676,1485.5583249624326,0.7051360626800444,1466
1677,1485.5583249624326,0.7051360626800444,1466
1678,1482.5274165670533,0.7056020418053177,1463
1679,1482.5274165670533,0.7056020418053177,1463
1680,1481.5754390243903,0.7048780487804878,1462
1681,1481.5754390243903,0.7048780487804878,1462
1682,1474.5731208803152,0.7199891319114251,1456
1683,1474.5731208803152,0.7199891319114251,1456
1684,1474.5731208803152,0.7199891319114251,1456
1685,1474.5731208803152,0.7199891319114251,1456
1686,1467.9092354296781,0.71492182376484,1449
1687,1467.9092354296781,0.71492182376484,1449
1688,1460.2966321553336,0.7090813786320904,1441
1689,1460.2966321553336,0.7090813786320904,1441
1690,1460.2966321553336,0.7090813786320904,1441
1691,1460.2966321553336,0.7090813786320904,1441
1692,1465.1724147296839,0.7109540972458348,1446
1693,1465.1724147296839,0.7109540972458348,1446
1694,1465.1724147296839,0.7109540972458348,1446
1695,1465.1724147296839,0.7109540972458348,1446
1696,1465.1724147296839,0.7109540972458348,1446
1697,1465.1724147296839,0.7109540972458348,1446
1698,1465.1724147296839,0.7109540972458348,1446
1699,1484.3732356402634,0.7079264941917192,1465
1700,1484.3732356402634,0.7079264941917192,1465
1701,1484.3732356402634,0.7079264941917192,1465
1702,1484.3732356402634,0.7079264941917192,1465
1703,1484.3732356402634,0.7079264941917192,1465
1704,1484.3732356402634,0.7079264941917192,1465
1705,1484.3732356402634,0.7079264941917192,1465
1706,1463.65645345892,0.6735043953125304,1442
1707,1463.65645345892,0.6735043953125304,1442
1708,1453.5675422324314,0.6748448329197738,1432
1709,1454.517951139285,0.6755924749090157,1433
1710,1457.5448619042131,0.675186764598024,1436
1711,1457.5448619042131,0.675186764598024,1436
1712,1457.5448619042131,0.675186764598024,1436
1713,1457.5448619042131,0.675186764598024,1436
1714,1457.5448619042131,0.675186764598024,1436
1715,1457.5448619042131,0.675186764598024,1436
1716,1457.5448619042131,0.675186764598024,1436
1717,1457.5448619042131,0.675186764598024,1436
1718,1457.5448619042131,0.675186764598024,1436
1719,1457.5448619042131,0.675186764598024,1436
1720,1457.5448619042131,0.675186764598024,1436
1721,1457.5448619042131,0.675186764598024,1436
1722,1457.5448619042131,0.675186764598024,1436
1723,1457.5448619042131,0.675186764598024,1436
1724,1457.5448619042131,0.675186764598024,1436
1725,1457.5448619042131,0.675186764598024,1436
1726,1457.5448619042131,0.675186764598024,1436
1727,1457.5448619042131,0.675186764598024,1436
1728,1457.5448619042131,0.675186764598024,1436
1729,1457.5448619042131,0.675186764598024,1436
1730,1450.481882736754,0.676136246996022,1429
1731,1450.481882736754,0.676136246996022,1429
1732,1450.481882736754,0.676136246996022,1429
1733,1450.481882736754,0.676136246996022,1429
1734,1450.481882736754,0.676136246996022,1429
1735,1450.481882736754,0.676136246996022,1429
1736,1459.5627359190144,0.6749172935471994,1438
1737,1459.5627359190144,0.6749172935471994,1438
1738,1459.5627359190144,0.6749172935471994,1438
1739,1446.4455984970925,0.6766832730726294,1425
1740,1447.4546898929757,0.6765462099656915,1426
1741,1437.3631601497414,0.6779261246835306,1416
1742,1437.3631601497414,0.6779261246835306,1416
1743,1437.3631601497414,0.6779261246835306,1416
1744,1437.3631601497414,0.6779261246835306,1416
1745,1437.3631601497414,0.6779261246835306,1416
1746,1435.3446886914567,0.6782046028726572,1414
1747,1429.6467128620284,0.6736512458611746,1408
1748,1429.6467128620284,0.6736512458611746,1408
1749,1429.6467128620284,0.6736512458611746,1408
1750,1429.6467128620284,0.6736512458611746,1408
1751,1429.6467128620284,0.6736512458611746,1408
1752,1434.6917737631936,0.6729719016554571,1413
1753,1434.6917737631936,0.6729719016554571,1413
1754,1434.6917737631936,0.6729719016554571,1413
1755,1448.816152603705,0.6710967495295502,1427
1756,1426.6195120766085,0.6740613285601017,1405
1757,1426.6195120766085,0.6740613285601017,1405
1758,1426.6195120766085,0.6740613285601017,1405
1759,1426.6195120766085,0.6740613285601017,1405
1760,1426.6195120766085,0.6740613285601017,1405
1761,1426.6195120766085,0.6740613285601017,1405
1762,1426.6195120766085,0.6740613285601017,1405
1763,1426.6195120766085,0.6740613285601017,1405
1764,1426.6195120766085,0.6740613285601017,1405
1765,1426.6195120766085,0.6740613285601017,1405
1766,1426.6195120766085,0.6740613285601017,1405
1767,1426.6195120766085,0.6740613285601017,1405
1768,1426.6195120766085,0.6740613285601017,1405
1769,1426.6195120766085,0.6740613285601017,1405
1770,1426.6195120766085,0.6740613285601017,1405
1771,1426.6195120766085,0.6740613285601017,1405
1772,1426.6195120766085,0.6740613285601017,1405
1773,1426.6195120766085,0.6740613285601017,1405
1774,1426.6195120766085,0.6740613285601017,1405
1775,1426.6195120766085,0.6740613285601017,1405
1776,1426.6195120766085,0.6740613285601017,1405
1777,1426.6195120766085,0.6740613285601017,1405
1778,1426.6195120766085,0.6740613285601017,1405
1779,1426.6195120766085,0.6740613285601017,1405
1780,1426.6195120766085,0.6740613285601017,1405
1781,1426.6195120766085,0.6740613285601017,1405
1782,1426.6195120766085,0.6740613285601017,1405
1783,1426.6195120766085,0.6740613285601017,1405
1784,1426.6195120766085,0.6740613285601017,1405
1785,1426.6195120766085,0.6740613285601017,1405
1786,1426.6195120766085,0.6740613285601017,1405
1787,1426.6195120766085,0.6740613285601017,1405
1788,1426.6195120766085,0.6740613285601017,1405
1789,1426.6195120766085,0.6740613285601017,1405
1790,1443.7720316399345,0.6717619231126998,1422
1791,1443.7720316399345,0.6717619231126998,1422
1792,1443.7720316399345,0.6717619231126998,1422
1793,1443.7720316399345,0.6717619231126998,1422
1794,1443.7720316399345,0.6717619231126998,1422
1795,1443.7720316399345,0.6717619231126998,1422
1796,1443.7720316399345,0.6717619231126998,1422
1797,1443.7720316399345,0.6717619231126998,1422
1798,1443.7720316399345,0.6717619231126998,1422
1799,1443.7720316399345,0.6717619231126998,1422
1800,1443.7720316399345,0.6717619231126998,1422
1801,1443.7720316399345,0.6717619231126998,1422
1802,1443.7720316399345,0.6717619231126998,1422
1803,1443.7720316399345,0.6717619231126998,1422
1804,1443.7720316399345,0.6717619231126998,1422
1805,1443.7720316399345,0.6717619231126998,1422
1806,1443.7720316399345,0.6717619231126998,1422
1807,1443.7720316399345,0.6717619231126998,1422
1808,1443.7720316399345,0.6717619231126998,1422
1809,1443.7720316399345,0.6717619231126998,1422
1810,1443.7720316399345,0.6717619231126998,1422
1811,1438.7275782499055,0.6724321083988333,1417
1812,1438.7275782499055,0.6724321083988333,1417
1813,1438.7275782499055,0.6724321083988333,1417
1814,1438.7275782499055,0.6724321083988333,1417
1815,1438.7275782499055,0.6724321083988333,1417
1816,1438.7275782499055,0.6724321083988333,1417
1817,1438.7275782499055,0.6724321083988333,1417
1818,1438.7275782499055,0.6724321083988333,1417
1819,1438.7275782499055,0.6724321083988333,1417
1820,1438.7275782499055,0.6724321083988333,1417
1821,1438.7275782499055,0.6724321083988333,1417
1822,1438.7275782499055,0.6724321083988333,1417
1823,1438.7275782499055,0.6724321083988333,1417
1824,1438.7275782499055,0.6724321083988333,1417
1825,1438.7275782499055,0.6724321083988333,1417
1826,1438.7275782499055,0.6724321083988333,1417
1827,1438.7275782499055,0.6724321083988333,1417
1828,1438.7275782499055,0.6724321083988333,1417
1829,1438.7275782499055,0.6724321083988333,1417
1830,1438.7275782499055,0.6724321083988333,1417
1831,1438.7275782499055,0.6724321083988333,1417
1832,1438.7275782499055,0.6724321083988333,1417
1833,1438.7275782499055,0.6724321083988333,1417
1834,1438.7275782499055,0.6724321083988333,1417
1835,1438.7275782499055,0.6724321083988333,1417
1836,1438.7275782499055,0.6724321083988333,1417
1837,1438.7275782499055,0.6724321083988333,1417
1838,1438.7275782499055,0.6724321083988333,1417
1839,1438.7275782499055,0.6724321083988333,1417
1840,1438.7275782499055,0.6724321083988333,1417
1841,1438.7275782499055,0.6724321083988333,1417
1842,1438.7275782499055,0.6724321083988333,1417
1843,1438.7275782499055,0.6724321083988333,1417
1844,1438.7275782499055,0.6724321083988333,1417
1845,1448.227444531769,0.7101244605492399,1429
1846,1448.227444531769,0.7101244605492399,1429
1847,1436.0966951437924,0.7120956559054364,1417
1848,1436.0966951437924,0.7120956559054364,1417
1849,1436.0966951437924,0.7120956559054364,1417
1850,1436.0966951437924,0.7120956559054364,1417
1851,1436.0966951437924,0.7120956559054364,1417
1852,1436.0966951437924,0.7120956559054364,1417
1853,1436.0966951437924,0.7120956559054364,1417
1854,1436.0966951437924,0.7120956559054364,1417
1855,1436.0966951437924,0.7120956559054364,1417
1856,1436.0966951437924,0.7120956559054364,1417
1857,1436.0966951437924,0.7120956559054364,1417
1858,1436.0966951437924,0.7120956559054364,1417
1859,1436.0966951437924,0.7120956559054364,1417
1860,1446.5569490732826,0.7202329402490177,1428
1861,1446.5569490732826,0.7202329402490177,1428
1862,1473.214967802779,0.7404648303515917,1456
1863,1473.214967802779,0.7404648303515917,1456
1864,1473.214967802779,0.7404648303515917,1456
1865,1473.214967802779,0.7404648303515917,1456
1866,1440.8505027717795,0.7158072852136359,1422
1867,1440.8505027717795,0.7158072852136359,1422
1868,1440.8505027717795,0.7158072852136359,1422
1869,1440.8505027717795,0.7158072852136359,1422
1870,1440.8505027717795,0.7158072852136359,1422
1871,1440.8505027717795,0.7158072852136359,1422
1872,1440.8505027717795,0.7158072852136359,1422
1873,1440.8505027717795,0.7158072852136359,1422
1874,1440.8505027717795,0.7158072852136359,1422
1875,1440.8505027717795,0.7158072852136359,1422
1876,1440.8505027717795,0.7158072852136359,1422
1877,1440.8505027717795,0.7158072852136359,1422
1878,1440.8505027717795,0.7158072852136359,1422
1879,1463.688868488058,0.7333202398905763,1446
1880,1445.906005108615,0.7149705245195971,1427
1881,1445.906005108615,0.7149705245195971,1427
1882,1445.906005108615,0.7149705245195971,1427
1883,1445.906005108615,0.7149705245195971,1427
1884,1445.906005108615,0.7149705245195971,1427
1885,1443.053107101883,0.7127527950869458,1424
1886,1443.053107101883,0.7127527950869458,1424
1887,1451.194037824466,0.725704239040164,1433
1888,1451.194037824466,0.725704239040164,1433
1889,1447.147720191237,0.7264025299074762,1429
1890,1447.147720191237,0.7264025299074762,1429
1891,1447.147720191237,0.7264025299074762,1429
1892,1447.147720191237,0.7264025299074762,1429
1893,1447.147720191237,0.7264025299074762,1429
1894,1447.147720191237,0.7264025299074762,1429
1895,1446.5648901760162,0.7050370846371757,1427
1896,1460.8326227035486,0.7160768475267819,1442
1897,1460.8326227035486,0.7160768475267819,1442
1898,1460.8326227035486,0.7160768475267819,1442
1899,1460.8326227035486,0.7160768475267819,1442
1900,1460.8326227035486,0.7160768475267819,1442
1901,1460.8326227035486,0.7160768475267819,1442
1902,1460.8326227035486,0.7160768475267819,1442
1903,1460.8326227035486,0.7160768475267819,1442
1904,1460.8326227035486,0.7160768475267819,1442
1905,1460.8326227035486,0.7160768475267819,1442
1906,1460.8326227035486,0.7160768475267819,1442
1907,1460.8326227035486,0.7160768475267819,1442
1908,1460.8326227035486,0.7160768475267819,1442
1909,1460.8326227035486,0.7160768475267819,1442
1910,1460.8326227035486,0.7160768475267819,1442
1911,1460.8326227035486,0.7160768475267819,1442
1912,1454.7663363076815,0.7170761901450081,1436
1913,1454.7663363076815,0.7170761901450081,1436
1914,1449.0588217876852,0.7126666397152819,1430
1915,1449.0588217876852,0.7126666397152819,1430
1916,1449.0588217876852,0.7126666397152819,1430
1917,1421.758041926422,0.7172012373522992,1403
1918,1421.758041926422,0.7172012373522992,1403
1919,1421.758041926422,0.7172012373522992,1403
1920,1421.758041926422,0.7172012373522992,1403
1921,1421.758041926422,0.7172012373522992,1403
1922,1421.758041926422,0.7172012373522992,1403
1923,1421.758041926422,0.7172012373522992,1403
1924,1421.758041926422,0.7172012373522992,1403
1925,1421.758041926422,0.7172012373522992,1403
1926,1421.758041926422,0.7172012373522992,1403
1927,1421.758041926422,0.7172012373522992,1403
1928,1421.758041926422,0.7172012373522992,1403
1929,1421.758041926422,0.7172012373522992,1403
1930,1421.758041926422,0.7172012373522992,1403
1931,1421.758041926422,0.7172012373522992,1403
1932,1421.758041926422,0.7172012373522992,1403
1933,1421.758041926422,0.7172012373522992,1403
1934,1421.758041926422,0.7172012373522992,1403
1935,1421.758041926422,0.7172012373522992,1403
1936,1434.9043522857105,0.7149954426999756,1416
1937,1424.7920555474184,0.7166884434280345,1406
1938,1424.7920555474184,0.7166884434280345,1406
1939,1424.7920555474184,0.7166884434280345,1406
1940,1420.0409258761508,0.7129364408842035,1401
1941,1415.5053880196692,0.7210102816271793,1397
1942,1415.5053880196692,0.7210102816271793,1397
1943,1415.5053880196692,0.7210102816271793,1397
1944,1415.5053880196692,0.7210102816271793,1397
1945,1417.4058900029163,0.7225103271081513,1399
1946,1417.4058900029163,0.7225103271081513,1399
1947,1417.4058900029163,0.7225103271081513,1399
1948,1417.4058900029163,0.7225103271081513,1399
1949,1417.4058900029163,0.7225103271081513,1399
1950,1447.7482531993746,0.7173488135176436,1429
1951,1447.7482531993746,0.7173488135176436,1429
1952,1447.7482531993746,0.7173488135176436,1429
1953,1447.7482531993746,0.7173488135176436,1429
1954,1447.7482531993746,0.7173488135176436,1429
1955,1427.7855445088965,0.7017104702412724,1408
1956,1438.9003927307288,0.699979003004239,1419
1957,1438.9003927307288,0.699979003004239,1419
1958,1438.9003927307288,0.699979003004239,1419
1959,1438.9003927307288,0.699979003004239,1419
1960,1438.9003927307288,0.699979003004239,1419
1961,1438.9003927307288,0.699979003004239,1419
1962,1438.9003927307288,0.699979003004239,1419
1963,1430.817053598914,0.7012354349628517,1411
1964,1430.817053598914,0.7012354349628517,1411
1965,1430.817053598914,0.7012354349628517,1411
1966,1430.817053598914,0.7012354349628517,1411
1967,1430.817053598914,0.7012354349628517,1411
1968,1430.817053598914,0.7012354349628517,1411
1969,1430.817053598914,0.7012354349628517,1411
1970,1430.817053598914,0.7012354349628517,1411
1971,1430.817053598914,0.7012354349628517,1411
1972,1430.817053598914,0.7012354349628517,1411
1973,1430.817053598914,0.7012354349628517,1411
1974,1430.817053598914,0.7012354349628517,1411
1975,1430.817053598914,0.7012354349628517,1411
1976,1430.817053598914,0.7012354349628517,1411
1977,1430.817053598914,0.7012354349628517,1411
1978,1430.817053598914,0.7012354349628517,1411
1979,1430.817053598914,0.7012354349628517,1411
1980,1430.817053598914,0.7012354349628517,1411
1981,1438.4197777305567,0.7072248193795155,1419
1982,1435.3875215484074,0.7077111179193804,1416
1983,1435.3875215484074,0.7077111179193804,1416
1984,1435.3875215484074,0.7077111179193804,1416
1985,1435.3875215484074,0.7077111179193804,1416
1986,1435.3875215484074,0.7077111179193804,1416
1987,1435.3875215484074,0.7077111179193804,1416
1988,1435.3875215484074,0.7077111179193804,1416
1989,1435.3875215484074,0.7077111179193804,1416
1990,1434.3767376593862,0.7078736972804724,1415
1991,1434.3767376593862,0.7078736972804724,1415
1992,1434.3767376593862,0.7078736972804724,1415
1993,1434.3767376593862,0.7078736972804724,1415
1994,1434.3767376593862,0.7078736972804724,1415
1995,1434.3767376593862,0.7078736972804724,1415
1996,1434.3767376593862,0.7078736972804724,1415
1997,1443.8838528074634,0.7153044955907829,1425
1998,1443.8838528074634,0.7153044955907829,1425
1999,1443.8838528074634,0.7153044955907829,1425
2000,1443.8838528074634,0.7153044955907829,1425
2001,1443.8838528074634,0.7153044955907829,1425
2002,1443.8838528074634,0.7153044955907829,1425
2003,1443.8838528074634,0.7153044955907829,1425
2004,1443.8838528074634,0.7153044955907829,1425
2005,1443.8838528074634,0.7153044955907829,1425
2006,1443.8838528074634,0.7153044955907829,1425
2007,1443.8838528074634,0.7153044955907829,1425
2008,1443.8838528074634,0.7153044955907829,1425
2009,1447.688271130533,0.7182531112538365,1429
2010,1447.688271130533,0.7182531112538365,1429
2011,1447.688271130533,0.7182531112538365,1429
2012,1447.688271130533,0.7182531112538365,1429
2013,1447.688271130533,0.7182531112538365,1429
2014,1447.688271130533,0.7182531112538365,1429
2015,1447.688271130533,0.7182531112538365,1429
2016,1447.688271130533,0.7182531112538365,1429
2017,1447.688271130533,0.7182531112538365,1429
2018,1447.688271130533,0.7182531112538365,1429
2019,1447.688271130533,0.7182531112538365,1429
2020,1447.688271130533,0.7182531112538365,1429
2021,1447.688271130533,0.7182531112538365,1429
2022,1452.7441127340776,0.7174112357292673,1434
2023,1452.7441127340776,0.7174112357292673,1434
2024,1460.8326227035486,0.7160768475267819,1442
2025,1460.8326227035486,0.7160768475267819,1442
2026,1460.8326227035486,0.7160768475267819,1442
2027,1443.0612228779653,0.6975543060762038,1423
2028,1443.0612228779653,0.6975543060762038,1423
2029,1443.0612228779653,0.6975543060762038,1423
2030,1443.0612228779653,0.6975543060762038,1423
2031,1443.0612228779653,0.6975543060762038,1423
2032,1443.0612228779653,0.6975543060762038,1423
2033,1446.8634848724619,0.7005354308388072,1427
2034,1446.8634848724619,0.7005354308388072,1427
2035,1448.76492629268,0.7020213132416713,1429
2036,1448.76492629268,0.7020213132416713,1429
2037,1448.76492629268,0.7020213132416713,1429
2038,1448.76492629268,0.7020213132416713,1429
2039,1448.76492629268,0.7020213132416713,1429
2040,1448.76492629268,0.7020213132416713,1429
2041,1448.76492629268,0.7020213132416713,1429
2042,1448.76492629268,0.7020213132416713,1429
2043,1448.76492629268,0.7020213132416713,1429
2044,1448.76492629268,0.7020213132416713,1429
2045,1448.76492629268,0.7020213132416713,1429
2046,1448.76492629268,0.7020213132416713,1429
2047,1448.76492629268,0.7020213132416713,1429
2048,1448.76492629268,0.7020213132416713,1429
2049,1448.76492629268,0.7020213132416713,1429
2050,1448.76492629268,0.7020213132416713,1429
2051,1448.76492629268,0.7020213132416713,1429
2052,1448.76492629268,0.7020213132416713,1429
2053,1448.76492629268,0.7020213132416713,1429
2054,1448.76492629268,0.7020213132416713,1429
2055,1448.76492629268,0.7020213132416713,1429
2056,1448.76492629268,0.7020213132416713,1429
2057,1448.76492629268,0.7020213132416713,1429
2058,1453.3408305761834,0.7084150372955909,1434
2059,1453.3408305761834,0.7084150372955909,1434
2060,1453.3408305761834,0.7084150372955909,1434
2061,1453.3408305761834,0.7084150372955909,1434
2062,1453.3408305761834,0.7084150372955909,1434
2063,1453.3408305761834,0.7084150372955909,1434
2064,1453.3408305761834,0.7084150372955909,1434
2065,1453.3408305761834,0.7084150372955909,1434
2066,1453.3408305761834,0.7084150372955909,1434
2067,1453.3408305761834,0.7084150372955909,1434
2068,1447.5156945357787,0.705778764725183,1428
2069,1447.5156945357787,0.705778764725183,1428
2070,1447.5156945357787,0.705778764725183,1428
2071,1447.5156945357787,0.705778764725183,1428
2072,1447.5156945357787,0.705778764725183,1428
2073,1447.5156945357787,0.705778764725183,1428
2074,1447.5156945357787,0.705778764725183,1428
2075,1470.3513330735018,0.723332834712774,1452
2076,1466.5431759525109,0.7204405856699704,1448
2077,1466.5431759525109,0.7204405856699704,1448
2078,1466.5431759525109,0.7204405856699704,1448
2079,1466.5431759525109,0.7204405856699704,1448
2080,1466.5431759525109,0.7204405856699704,1448
2081,1466.5431759525109,0.7204405856699704,1448
2082,1466.5431759525109,0.7204405856699704,1448
2083,1466.5431759525109,0.7204405856699704,1448
2084,1466.5431759525109,0.7204405856699704,1448
2085,1466.5431759525109,0.7204405856699704,1448
2086,1466.5431759525109,0.7204405856699704,1448
2087,1458.929549229762,0.7146155701829962,1440
2088,1458.929549229762,0.7146155701829962,1440
2089,1458.929549229762,0.7146155701829962,1440
2090,1458.929549229762,0.7146155701829962,1440
2091,1458.929549229762,0.7146155701829962,1440
2092,1458.929549229762,0.7146155701829962,1440
2093,1458.929549229762,0.7146155701829962,1440
2094,1480.1558997555044,0.711203079217481,1461
2095,1480.1558997555044,0.711203079217481,1461
2096,1480.1558997555044,0.711203079217481,1461
2097,1480.1558997555044,0.711203079217481,1461
2098,1480.1558997555044,0.711203079217481,1461
2099,1480.1558997555044,0.711203079217481,1461
2100,1480.1558997555044,0.711203079217481,1461
2101,1480.1558997555044,0.711203079217481,1461
2102,1480.1558997555044,0.711203079217481,1461
2103,1480.1558997555044,0.711203079217481,1461
2104,1480.1558997555044,0.711203079217481,1461
2105,1480.1558997555044,0.711203079217481,1461
2106,1480.1558997555044,0.711203079217481,1461
2107,1480.1558997555044,0.711203079217481,1461
2108,1480.1558997555044,0.711203079217481,1461
2109,1484.9169752334174,0.7148051374428264,1466
2110,1501.114675492552,0.7269007162286776,1483
2111,1501.114675492552,0.7269007162286776,1483
2112,1506.835298898939,0.7311126353243002,1489
2113,1506.835298898939,0.7311126353243002,1489
2114,1506.835298898939,0.7311126353243002,1489
2115,1511.8919342777688,0.7302587927367904,1494
2116,1511.8919342777688,0.7302587927367904,1494
2117,1511.8919342777688,0.7302587927367904,1494
2118,1511.8919342777688,0.7302587927367904,1494
2119,1511.8919342777688,0.7302587927367904,1494
2120,1511.8919342777688,0.7302587927367904,1494
2121,1511.8919342777688,0.7302587927367904,1494
2122,1511.8919342777688,0.7302587927367904,1494
2123,1511.8919342777688,0.7302587927367904,1494
2124,1511.8919342777688,0.7302587927367904,1494
2125,1511.8919342777688,0.7302587927367904,1494
2126,1511.8919342777688,0.7302587927367904,1494
2127,1511.8919342777688,0.7302587927367904,1494
2128,1519.9817465509554,0.7289047708283523,1502
2129,1519.9817465509554,0.7289047708283523,1502
2130,1519.9817465509554,0.7289047708283523,1502
2131,1519.9817465509554,0.7289047708283523,1502
2132,1519.9817465509554,0.7289047708283523,1502
2133,1519.9817465509554,0.7289047708283523,1502
2134,1519.9817465509554,0.7289047708283523,1502
2135,1519.9817465509554,0.7289047708283523,1502
2136,1519.9817465509554,0.7289047708283523,1502
2137,1519.9817465509554,0.7289047708283523,1502
2138,1519.9817465509554,0.7289047708283523,1502
2139,1519.9817465509554,0.7289047708283523,1502
2140,1519.9817465509554,0.7289047708283523,1502
2141,1519.9817465509554,0.7289047708283523,1502
2142,1519.9817465509554,0.7289047708283523,1502
2143,1519.9817465509554,0.7289047708283523,1502
2144,1519.9817465509554,0.7289047708283523,1502
2145,1519.9817465509554,0.7289047708283523,1502
2146,1519.9817465509554,0.7289047708283523,1502
2147,1519.9817465509554,0.7289047708283523,1502
2148,1519.9817465509554,0.7289047708283523,1502
2149,1519.9817465509554,0.7289047708283523,1502
2150,1519.9817465509554,0.7289047708283523,1502
2151,1519.9817465509554,0.7289047708283523,1502
2152,1519.9817465509554,0.7289047708283523,1502
2153,1495.7093195103062,0.7330119175289281,1478
2154,1495.7093195103062,0.7330119175289281,1478
2155,1495.7093195103062,0.7330119175289281,1478
2156,1495.7093195103062,0.7330119175289281,1478
2157,1495.7093195103062,0.7330119175289281,1478
2158,1495.7093195103062,0.7330119175289281,1478
2159,1495.7093195103062,0.7330119175289281,1478
2160,1495.7093195103062,0.7330119175289281,1478
2161,1495.7093195103062,0.7330119175289281,1478
2162,1495.7093195103062,0.7330119175289281,1478
2163,1495.7093195103062,0.7330119175289281,1478
2164,1494.035797752809,0.7280898876404495,1476
2165,1494.035797752809,0.7280898876404495,1476
2166,1494.035797752809,0.7280898876404495,1476
2167,1494.035797752809,0.7280898876404495,1476
2168,1494.035797752809,0.7280898876404495,1476
2169,1494.035797752809,0.7280898876404495,1476
2170,1494.035797752809,0.7280898876404495,1476
2171,1494.035797752809,0.7280898876404495,1476
2172,1494.035797752809,0.7280898876404495,1476
2173,1494.035797752809,0.7280898876404495,1476
2174,1494.035797752809,0.7280898876404495,1476
2175,1494.035797752809,0.7280898876404495,1476
2176,1494.035797752809,0.7280898876404495,1476
2177,1494.035797752809,0.7280898876404495,1476
2178,1504.1482461890696,0.7263945998934189,1486
2179,1504.1482461890696,0.7263945998934189,1486
2180,1504.1482461890696,0.7263945998934189,1486
2181,1504.1482461890696,0.7263945998934189,1486
2182,1504.1482461890696,0.7263945998934189,1486
2183,1504.1482461890696,0.7263945998934189,1486
2184,1504.1482461890696,0.7263945998934189,1486
2185,1504.1482461890696,0.7263945998934189,1486
2186,1518.3030804035172,0.724060298454437,1500
2187,1518.3030804035172,0.724060298454437,1500
2188,1518.3030804035172,0.724060298454437,1500
2189,1518.3030804035172,0.724060298454437,1500
2190,1518.3030804035172,0.724060298454437,1500
2191,1518.3030804035172,0.724060298454437,1500
2192,1518.3030804035172,0.724060298454437,1500
2193,1508.7686592450866,0.7170411692283046,1490
2194,1508.7686592450866,0.7170411692283046,1490
2195,1508.7686592450866,0.7170411692283046,1490
2196,1508.7686592450866,0.7170411692283046,1490
2197,1508.7686592450866,0.7170411692283046,1490
2198,1512.8113078677998,0.716398192856932,1494
2199,1512.8113078677998,0.716398192856932,1494
2200,1512.8113078677998,0.716398192856932,1494
2201,1512.8113078677998,0.716398192856932,1494
2202,1512.8113078677998,0.716398192856932,1494
2203,1512.8113078677998,0.716398192856932,1494
2204,1512.8113078677998,0.716398192856932,1494
2205,1512.8113078677998,0.716398192856932,1494
2206,1512.8113078677998,0.716398192856932,1494
2207,1508.7686592450866,0.7170411692283046,1490
2208,1508.7686592450866,0.7170411692283046,1490
2209,1499.6718247086994,0.7185010597210985,1481
2210,1499.6718247086994,0.7185010597210985,1481
2211,1499.6718247086994,0.7185010597210985,1481
2212,1499.6718247086994,0.7185010597210985,1481
2213,1511.8006679793107,0.7165586012466367,1493
2214,1511.8006679793107,0.7165586012466367,1493
2215,1511.8006679793107,0.7165586012466367,1493
2216,1513.8219329589497,0.7162380075539031,1495
2217,1513.8219329589497,0.7162380075539031,1495
2218,1513.8219329589497,0.7162380075539031,1495
2219,1513.8219329589497,0.7162380075539031,1495
2220,1513.8219329589497,0.7162380075539031,1495
2221,1513.8219329589497,0.7162380075539031,1495
2222,1513.8219329589497,0.7162380075539031,1495
2223,1513.8219329589497,0.7162380075539031,1495
2224,1513.8219329589497,0.7162380075539031,1495
2225,1513.8219329589497,0.7162380075539031,1495
2226,1513.8219329589497,0.7162380075539031,1495
2227,1522.916897560322,0.7148063084528566,1504
2228,1522.916897560322,0.7148063084528566,1504
2229,1522.916897560322,0.7148063084528566,1504
2230,1522.916897560322,0.7148063084528566,1504
2231,1522.916897560322,0.7148063084528566,1504
2232,1522.916897560322,0.7148063084528566,1504
2233,1522.916897560322,0.7148063084528566,1504
2234,1522.916897560322,0.7148063084528566,1504
2235,1522.916897560322,0.7148063084528566,1504
2236,1522.916897560322,0.7148063084528566,1504
2237,1522.916897560322,0.7148063084528566,1504
2238,1522.916897560322,0.7148063084528566,1504
2239,1522.916897560322,0.7148063084528566,1504
2240,1522.916897560322,0.7148063084528566,1504
2241,1522.916897560322,0.7148063084528566,1504
2242,1522.916897560322,0.7148063084528566,1504
2243,1522.916897560322,0.7148063084528566,1504
2244,1535.0416913856748,0.7129248999596737,1516
2245,1535.0416913856748,0.7129248999596737,1516
2246,1535.0416913856748,0.7129248999596737,1516
2247,1535.0416913856748,0.7129248999596737,1516
2248,1535.0416913856748,0.7129248999596737,1516
2249,1535.0416913856748,0.7129248999596737,1516
2250,1535.0416913856748,0.7129248999596737,1516
2251,1535.0416913856748,0.7129248999596737,1516
2252,1535.0416913856748,0.7129248999596737,1516
2253,1535.0416913856748,0.7129248999596737,1516
2254,1535.0416913856748,0.7129248999596737,1516
2255,1549.1847051807877,0.7107688047521828,1530
2256,1549.1847051807877,0.7107688047521828,1530
2257,1549.1847051807877,0.7107688047521828,1530
2258,1549.1847051807877,0.7107688047521828,1530
2259,1549.1847051807877,0.7107688047521828,1530
2260,1549.1847051807877,0.7107688047521828,1530
2261,1549.1847051807877,0.7107688047521828,1530
2262,1549.1847051807877,0.7107688047521828,1530
2263,1549.1847051807877,0.7107688047521828,1530
2264,1549.1847051807877,0.7107688047521828,1530
2265,1549.1847051807877,0.7107688047521828,1530
2266,1549.1847051807877,0.7107688047521828,1530
2267,1549.1847051807877,0.7107688047521828,1530
2268,1549.1847051807877,0.7107688047521828,1530
2269,1527.4123159699454,0.7073373138859409,1508
2270,1527.4123159699454,0.7073373138859409,1508
2271,1527.4123159699454,0.7073373138859409,1508
2272,1527.4123159699454,0.7073373138859409,1508
2273,1527.4123159699454,0.7073373138859409,1508
2274,1527.4123159699454,0.7073373138859409,1508
2275,1539.5325196627257,0.7055251068486993,1520
2276,1539.5325196627257,0.7055251068486993,1520
2277,1546.210285133779,0.7103831579409168,1527
2278,1546.210285133779,0.7103831579409168,1527
2279,1539.8689402735115,0.700453184478947,1520
2280,1540.8226484002073,0.7011510869861706,1521
2281,1522.709880017609,0.6877750638080965,1502
2282,1522.709880017609,0.6877750638080965,1502
2283,1522.709880017609,0.6877750638080965,1502
2284,1522.709880017609,0.6877750638080965,1502
2285,1522.709880017609,0.6877750638080965,1502
2286,1522.709880017609,0.6877750638080965,1502
2287,1522.709880017609,0.6877750638080965,1502
2288,1522.709880017609,0.6877750638080965,1502
2289,1522.709880017609,0.6877750638080965,1502
2290,1522.709880017609,0.6877750638080965,1502
2291,1522.709880017609,0.6877750638080965,1502
2292,1522.709880017609,0.6877750638080965,1502
2293,1522.709880017609,0.6877750638080965,1502
2294,1522.709880017609,0.6877750638080965,1502
2295,1522.709880017609,0.6877750638080965,1502
2296,1522.709880017609,0.6877750638080965,1502
2297,1522.709880017609,0.6877750638080965,1502
2298,1522.709880017609,0.6877750638080965,1502
2299,1522.709880017609,0.6877750638080965,1502
2300,1522.709880017609,0.6877750638080965,1502
2301,1521.7006902124563,0.6879136105464163,1501
2302,1521.7006902124563,0.6879136105464163,1501
2303,1521.7006902124563,0.6879136105464163,1501
2304,1521.7006902124563,0.6879136105464163,1501
2305,1521.7006902124563,0.6879136105464163,1501
2306,1521.7006902124563,0.6879136105464163,1501
2307,1521.7006902124563,0.6879136105464163,1501
2308,1521.7006902124563,0.6879136105464163,1501
2309,1521.7006902124563,0.6879136105464163,1501
2310,1521.7006902124563,0.6879136105464163,1501
2311,1521.7006902124563,0.6879136105464163,1501
2312,1518.6730427463476,0.6883304274634762,1498
2313,1515.645277653657,0.6887490177347037,1495
2314,1519.4563513134187,0.6915972966467857,1499
2315,1519.4563513134187,0.6915972966467857,1499
2316,1519.4563513134187,0.6915972966467857,1499
2317,1519.4563513134187,0.6915972966467857,1499
2318,1520.5222139117795,0.690604343256755,1500
2319,1520.5222139117795,0.690604343256755,1500
2320,1520.5222139117795,0.690604343256755,1500
2321,1519.5693655039904,0.6898934795116772,1499
2322,1519.5693655039904,0.6898934795116772,1499
2323,1519.5693655039904,0.6898934795116772,1499
2324,1519.5693655039904,0.6898934795116772,1499
2325,1514.522667445536,0.6905975057208521,1494
2326,1514.522667445536,0.6905975057208521,1494
2327,1514.522667445536,0.6905975057208521,1494
2328,1514.522667445536,0.6905975057208521,1494
2329,1514.522667445536,0.6905975057208521,1494
2330,1514.522667445536,0.6905975057208521,1494
2331,1513.5132880897413,0.6907389101501371,1493
2332,1513.5132880897413,0.6907389101501371,1493
2333,1513.5132880897413,0.6907389101501371,1493
2334,1513.5132880897413,0.6907389101501371,1493
2335,1513.5132880897413,0.6907389101501371,1493
2336,1513.5132880897413,0.6907389101501371,1493
2337,1513.5132880897413,0.6907389101501371,1493
2338,1501.3996899066465,0.6924515316350595,1481
2339,1501.3996899066465,0.6924515316350595,1481
2340,1509.4756372955892,0.6913065385860201,1489
2341,1509.4756372955892,0.6913065385860201,1489
2342,1509.4756372955892,0.6913065385860201,1489
2343,1509.4756372955892,0.6913065385860201,1489
2344,1509.4756372955892,0.6913065385860201,1489
2345,1509.4756372955892,0.6913065385860201,1489
2346,1509.4756372955892,0.6913065385860201,1489
2347,1509.4756372955892,0.6913065385860201,1489
2348,1509.4756372955892,0.6913065385860201,1489
2349,1509.4756372955892,0.6913065385860201,1489
2350,1500.7904964894683,0.6865596790371113,1480
2351,1515.6324460916867,0.7040186025676677,1496
2352,1515.6324460916867,0.7040186025676677,1496
2353,1515.6324460916867,0.7040186025676677,1496
2354,1515.6324460916867,0.7040186025676677,1496
2355,1515.6324460916867,0.7040186025676677,1496
2356,1515.6324460916867,0.7040186025676677,1496
2357,1515.6324460916867,0.7040186025676677,1496
2358,1515.6324460916867,0.7040186025676677,1496
2359,1509.4002308959216,0.7075195100871166,1490
2360,1509.4002308959216,0.7075195100871166,1490
2361,1509.4002308959216,0.7075195100871166,1490
2362,1509.4002308959216,0.7075195100871166,1490
2363,1509.4002308959216,0.7075195100871166,1490
2364,1509.4002308959216,0.7075195100871166,1490
2365,1510.410455112414,0.7073653684243351,1491
2366,1510.410455112414,0.7073653684243351,1491
2367,1510.410455112414,0.7073653684243351,1491
2368,1530.611962236107,0.7043274199290342,1511
2369,1530.611962236107,0.7043274199290342,1511
2370,1529.6584885048603,0.7036259836444994,1510
2371,1527.6386445024189,0.7039251544939125,1508
2372,1527.6386445024189,0.7039251544939125,1508
2373,1527.6386445024189,0.7039251544939125,1508
2374,1527.6386445024189,0.7039251544939125,1508
2375,1527.6386445024189,0.7039251544939125,1508
2376,1527.6386445024189,0.7039251544939125,1508
2377,1527.6386445024189,0.7039251544939125,1508
2378,1527.6386445024189,0.7039251544939125,1508
2379,1527.6386445024189,0.7039251544939125,1508
2380,1527.6386445024189,0.7039251544939125,1508
2381,1527.6386445024189,0.7039251544939125,1508
2382,1527.6386445024189,0.7039251544939125,1508
2383,1527.6386445024189,0.7039251544939125,1508
2384,1527.6386445024189,0.7039251544939125,1508
2385,1527.6386445024189,0.7039251544939125,1508
2386,1527.6386445024189,0.7039251544939125,1508
2387,1527.6386445024189,0.7039251544939125,1508
2388,1527.6386445024189,0.7039251544939125,1508
2389,1527.6386445024189,0.7039251544939125,1508
2390,1527.6386445024189,0.7039251544939125,1508
2391,1527.6386445024189,0.7039251544939125,1508
2392,1527.6386445024189,0.7039251544939125,1508
2393,1527.6386445024189,0.7039251544939125,1508
2394,1527.6386445024189,0.7039251544939125,1508
2395,1527.6386445024189,0.7039251544939125,1508
2396,1527.6386445024189,0.7039251544939125,1508
2397,1527.6386445024189,0.7039251544939125,1508
2398,1527.6386445024189,0.7039251544939125,1508
2399,1537.737315383049,0.7024375790283581,1518
2400,1537.737315383049,0.7024375790283581,1518
2401,1535.6049259351364,0.6893573656695842,1515
2402,1535.6049259351364,0.6893573656695842,1515
2403,1535.6049259351364,0.6893573656695842,1515
2404,1535.6049259351364,0.6893573656695842,1515
2405,1535.6049259351364,0.6893573656695842,1515
2406,1535.6049259351364,0.6893573656695842,1515
2407,1535.6049259351364,0.6893573656695842,1515
2408,1535.6049259351364,0.6893573656695842,1515
2409,1535.6049259351364,0.6893573656695842,1515
2410,1535.6049259351364,0.6893573656695842,1515
2411,1535.6049259351364,0.6893573656695842,1515
2412,1535.6049259351364,0.6893573656695842,1515
2413,1535.6049259351364,0.6893573656695842,1515
2414,1535.6049259351364,0.6893573656695842,1515
2415,1535.6049259351364,0.6893573656695842,1515
2416,1535.6049259351364,0.6893573656695842,1515
2417,1535.6049259351364,0.6893573656695842,1515
2418,1535.6049259351364,0.6893573656695842,1515
2419,1535.6049259351364,0.6893573656695842,1515
2420,1527.531056154667,0.6904710364138845,1507
2421,1527.531056154667,0.6904710364138845,1507
2422,1527.531056154667,0.6904710364138845,1507
2423,1527.531056154667,0.6904710364138845,1507
2424,1527.531056154667,0.6904710364138845,1507
2425,1527.531056154667,0.6904710364138845,1507
2426,1527.531056154667,0.6904710364138845,1507
2427,1550.4180484287847,0.7072508905655869,1531
2428,1550.4180484287847,0.7072508905655869,1531
2429,1522.7661654832227,0.6869264965592838,1502
2430,1522.7661654832227,0.6869264965592838,1502
2431,1537.9018471100821,0.6848809421064066,1517
2432,1537.9018471100821,0.6848809421064066,1517
2433,1537.9018471100821,0.6848809421064066,1517
2434,1537.9018471100821,0.6848809421064066,1517
2435,1537.9018471100821,0.6848809421064066,1517
2436,1537.9018471100821,0.6848809421064066,1517
2437,1539.9752740061344,0.683773948347138,1519
2438,1539.9752740061344,0.683773948347138,1519
2439,1539.9752740061344,0.683773948347138,1519
2440,1539.9752740061344,0.683773948347138,1519
2441,1536.1622122895847,0.6809556416465465,1515
2442,1535.1534372032381,0.6810879360283727,1514
2443,1535.1534372032381,0.6810879360283727,1514
2444,1535.1534372032381,0.6810879360283727,1514
2445,1535.1534372032381,0.6810879360283727,1514
2446,1535.1534372032381,0.6810879360283727,1514
2447,1564.721510796132,0.7026758511061068,1545
2448,1564.721510796132,0.7026758511061068,1545
2449,1564.721510796132,0.7026758511061068,1545
2450,1564.721510796132,0.7026758511061068,1545
2451,1565.9514382186296,0.6992094343640956,1546
2452,1565.9514382186296,0.6992094343640956,1546
2453,1566.960900151719,0.6990667849884064,1547
2454,1576.5077498912433,0.7058985392545848,1557
2455,1576.5077498912433,0.7058985392545848,1557
2456,1560.2807143266969,0.6942452234781112,1540
2457,1560.2807143266969,0.6942452234781112,1540
2458,1554.5565149885335,0.6900872156108319,1534
2459,1554.5565149885335,0.6900872156108319,1534
2460,1554.5565149885335,0.6900872156108319,1534
2461,1554.5565149885335,0.6900872156108319,1534
2462,1559.601876630351,0.6894033373985988,1539
2463,1559.601876630351,0.6894033373985988,1539
2464,1559.601876630351,0.6894033373985988,1539
2465,1559.601876630351,0.6894033373985988,1539
2466,1542.4463590723676,0.6917479410166212,1522
2467,1542.4463590723676,0.6917479410166212,1522
2468,1542.4463590723676,0.6917479410166212,1522
2469,1515.191664471518,0.695587751070135,1495
2470,1515.191664471518,0.695587751070135,1495
2471,1515.191664471518,0.695587751070135,1495
2472,1515.191664471518,0.695587751070135,1495
2473,1515.191664471518,0.695587751070135,1495
2474,1515.191664471518,0.695587751070135,1495
2475,1515.191664471518,0.695587751070135,1495
2476,1515.191664471518,0.695587751070135,1495
2477,1515.191664471518,0.695587751070135,1495
2478,1515.191664471518,0.695587751070135,1495
2479,1515.191664471518,0.695587751070135,1495
2480,1515.191664471518,0.695587751070135,1495
2481,1515.191664471518,0.695587751070135,1495
2482,1515.191664471518,0.695587751070135,1495
2483,1515.191664471518,0.695587751070135,1495
2484,1515.191664471518,0.695587751070135,1495
2485,1515.191664471518,0.695587751070135,1495
2486,1515.191664471518,0.695587751070135,1495
2487,1508.5800309892254,0.6897326852219897,1488
2488,1508.5800309892254,0.6897326852219897,1488
2489,1508.5800309892254,0.6897326852219897,1488
2490,1519.05998744866,0.6975729315745521,1499
2491,1519.05998744866,0.6975729315745521,1499
2492,1519.05998744866,0.6975729315745521,1499
2493,1519.05998744866,0.6975729315745521,1499
2494,1519.05998744866,0.6975729315745521,1499
2495,1519.05998744866,0.6975729315745521,1499
2496,1519.05998744866,0.6975729315745521,1499
2497,1519.05998744866,0.6975729315745521,1499
2498,1519.05998744866,0.6975729315745521,1499
2499,1519.05998744866,0.6975729315745521,1499
2500,1519.05998744866,0.6975729315745521,1499
2501,1519.05998744866,0.6975729315745521,1499
2502,1543.7409382799306,0.7174590942268857,1525
2503,1543.7409382799306,0.7174590942268857,1525
2504,1543.7409382799306,0.7174590942268857,1525
2505,1543.7409382799306,0.7174590942268857,1525
2506,1559.0156552741857,0.728393558356916,1541
2507,1559.0156552741857,0.728393558356916,1541
2508,1559.0156552741857,0.728393558356916,1541
2509,1559.0156552741857,0.728393558356916,1541
2510,1553.9611767847605,0.7292148833897099,1536
2511,1553.9611767847605,0.7292148833897099,1536
2512,1553.9611767847605,0.7292148833897099,1536
2513,1553.9611767847605,0.7292148833897099,1536
2514,1553.9611767847605,0.7292148833897099,1536
2515,1560.647179630012,0.733948746720758,1543
2516,1560.647179630012,0.733948746720758,1543
2517,1560.647179630012,0.733948746720758,1543
2518,1560.647179630012,0.733948746720758,1543
2519,1554.9161625616312,0.7298935238710818,1537
2520,1554.9161625616312,0.7298935238710818,1537
2521,1554.9161625616312,0.7298935238710818,1537
2522,1526.1054536293416,0.727039746278582,1508
2523,1526.1054536293416,0.727039746278582,1508
2524,1526.1054536293416,0.727039746278582,1508
2525,1521.0500942881906,0.7278743511504493,1503
2526,1521.0500942881906,0.7278743511504493,1503
2527,1521.0500942881906,0.7278743511504493,1503
2528,1521.0500942881906,0.7278743511504493,1503
2529,1521.0500942881906,0.7278743511504493,1503
2530,1521.0500942881906,0.7278743511504493,1503
2531,1521.0500942881906,0.7278743511504493,1503
2532,1522.0040463678117,0.7285685757905654,1504
2533,1522.0040463678117,0.7285685757905654,1504
2534,1522.0040463678117,0.7285685757905654,1504
2535,1522.0040463678117,0.7285685757905654,1504
2536,1522.0040463678117,0.7285685757905654,1504
2537,1541.0946370127006,0.7422789535247908,1524
2538,1541.0946370127006,0.7422789535247908,1524
2539,1526.774623236301,0.7320273897738415,1509
2540,1526.774623236301,0.7320273897738415,1509
2541,1526.774623236301,0.7320273897738415,1509
2542,1526.774623236301,0.7320273897738415,1509
2543,1525.2496417141183,0.739942081801321,1508
2544,1525.2496417141183,0.739942081801321,1508
2545,1525.2496417141183,0.739942081801321,1508
2546,1525.2496417141183,0.739942081801321,1508
2547,1525.2496417141183,0.739942081801321,1508
2548,1525.2496417141183,0.739942081801321,1508
2549,1525.2496417141183,0.739942081801321,1508
2550,1525.2496417141183,0.739942081801321,1508
2551,1525.2496417141183,0.739942081801321,1508
2552,1525.2496417141183,0.739942081801321,1508
2553,1525.2496417141183,0.739942081801321,1508
2554,1525.2496417141183,0.739942081801321,1508
2555,1525.2496417141183,0.739942081801321,1508
2556,1525.2496417141183,0.739942081801321,1508
2557,1525.2496417141183,0.739942081801321,1508
2558,1525.2496417141183,0.739942081801321,1508
2559,1525.2496417141183,0.739942081801321,1508
2560,1528.2844500555425,0.739417306565017,1511
2561,1518.7987007133481,0.7316643944919627,1501
2562,1518.7987007133481,0.7316643944919627,1501
2563,1511.7192160990794,0.7328627152256997,1494
2564,1511.7192160990794,0.7328627152256997,1494
2565,1511.7192160990794,0.7328627152256997,1494
2566,1511.7192160990794,0.7328627152256997,1494
2567,1511.7192160990794,0.7328627152256997,1494
2568,1511.7192160990794,0.7328627152256997,1494
2569,1516.4890352862915,0.7363329521138022,1499
2570,1516.4890352862915,0.7363329521138022,1499
2571,1516.4890352862915,0.7363329521138022,1499
2572,1516.4890352862915,0.7363329521138022,1499
2573,1516.4890352862915,0.7363329521138022,1499
2574,1516.4890352862915,0.7363329521138022,1499
2575,1522.214692680978,0.740468978124859,1505
2576,1522.214692680978,0.740468978124859,1505
2577,1522.214692680978,0.740468978124859,1505
2578,1522.214692680978,0.740468978124859,1505
2579,1522.214692680978,0.740468978124859,1505
2580,1522.214692680978,0.740468978124859,1505
2581,1522.214692680978,0.740468978124859,1505
2582,1522.214692680978,0.740468978124859,1505
2583,1522.214692680978,0.740468978124859,1505
2584,1522.214692680978,0.740468978124859,1505
2585,1522.214692680978,0.740468978124859,1505
2586,1516.811539386491,0.7465469714082464,1500
2587,1521.585014674593,0.7499620884276664,1505
2588,1521.585014674593,0.7499620884276664,1505
2589,1521.585014674593,0.7499620884276664,1505
2590,1521.585014674593,0.7499620884276664,1505
2591,1521.585014674593,0.7499620884276664,1505
2592,1521.585014674593,0.7499620884276664,1505
2593,1521.585014674593,0.7499620884276664,1505
2594,1521.585014674593,0.7499620884276664,1505
2595,1521.585014674593,0.7499620884276664,1505
2596,1521.585014674593,0.7499620884276664,1505
2597,1521.585014674593,0.7499620884276664,1505
2598,1512.4754850860554,0.7516133712338998,1496
2599,1512.4754850860554,0.7516133712338998,1496
2600,1512.4754850860554,0.7516133712338998,1496
2601,1512.4754850860554,0.7516133712338998,1496
2602,1512.4754850860554,0.7516133712338998,1496
2603,1512.4754850860554,0.7516133712338998,1496
2604,1512.4754850860554,0.7516133712338998,1496
2605,1512.4754850860554,0.7516133712338998,1496
2606,1512.4754850860554,0.7516133712338998,1496
2607,1512.4754850860554,0.7516133712338998,1496
2608,1512.4754850860554,0.7516133712338998,1496
2609,1512.4754850860554,0.7516133712338998,1496
2610,1512.4754850860554,0.7516133712338998,1496
2611,1512.4754850860554,0.7516133712338998,1496
2612,1512.4754850860554,0.7516133712338998,1496
2613,1512.4754850860554,0.7516133712338998,1496
2614,1512.4754850860554,0.7516133712338998,1496
2615,1512.4754850860554,0.7516133712338998,1496
2616,1506.7487015329004,0.747494323339358,1490
2617,1506.7487015329004,0.747494323339358,1490
2618,1506.7487015329004,0.747494323339358,1490
2619,1506.7487015329004,0.747494323339358,1490
2620,1506.7487015329004,0.747494323339358,1490
2621,1509.7849545206268,0.7469477684211232,1493
2622,1509.7849545206268,0.7469477684211232,1493
2623,1511.8090420006774,0.7465846223326182,1495
2624,1511.8090420006774,0.7465846223326182,1495
2625,1511.8090420006774,0.7465846223326182,1495
2626,1511.8090420006774,0.7465846223326182,1495
2627,1521.9285137870554,0.7447834496147226,1505
2628,1521.9285137870554,0.7447834496147226,1505
2629,1521.9285137870554,0.7447834496147226,1505
2630,1521.9285137870554,0.7447834496147226,1505
2631,1521.9285137870554,0.7447834496147226,1505
2632,1521.9285137870554,0.7447834496147226,1505
2633,1521.9285137870554,0.7447834496147226,1505
2634,1510.4772268707925,0.7365109773738493,1493
2635,1510.4772268707925,0.7365109773738493,1493
2636,1510.4772268707925,0.7365109773738493,1493
2637,1510.4772268707925,0.7365109773738493,1493
2638,1510.4772268707925,0.7365109773738493,1493
2639,1510.4772268707925,0.7365109773738493,1493
2640,1510.4772268707925,0.7365109773738493,1493
2641,1510.4772268707925,0.7365109773738493,1493
2642,1510.4772268707925,0.7365109773738493,1493
2643,1510.4772268707925,0.7365109773738493,1493
2644,1510.4772268707925,0.7365109773738493,1493
2645,1510.4772268707925,0.7365109773738493,1493
2646,1510.4772268707925,0.7365109773738493,1493
2647,1510.4772268707925,0.7365109773738493,1493
2648,1510.4772268707925,0.7365109773738493,1493
2649,1510.4772268707925,0.7365109773738493,1493
2650,1510.4772268707925,0.7365109773738493,1493
2651,1510.4772268707925,0.7365109773738493,1493
2652,1510.4772268707925,0.7365109773738493,1493
2653,1510.4772268707925,0.7365109773738493,1493
2654,1510.4772268707925,0.7365109773738493,1493
2655,1510.4772268707925,0.7365109773738493,1493
2656,1510.4772268707925,0.7365109773738493,1493
2657,1510.4772268707925,0.7365109773738493,1493
2658,1510.4772268707925,0.7365109773738493,1493
2659,1510.4772268707925,0.7365109773738493,1493
2660,1510.4772268707925,0.7365109773738493,1493
2661,1510.4772268707925,0.7365109773738493,1493
2662,1510.4772268707925,0.7365109773738493,1493
2663,1515.5349583793381,0.7356406093873344,1498
2664,1515.5349583793381,0.7356406093873344,1498
2665,1515.5349583793381,0.7356406093873344,1498
2666,1515.5349583793381,0.7356406093873344,1498
2667,1515.5349583793381,0.7356406093873344,1498
2668,1515.5349583793381,0.7356406093873344,1498
2669,1515.5349583793381,0.7356406093873344,1498
2670,1515.5349583793381,0.7356406093873344,1498
2671,1515.5349583793381,0.7356406093873344,1498
2672,1515.5349583793381,0.7356406093873344,1498
2673,1515.5349583793381,0.7356406093873344,1498
2674,1515.5349583793381,0.7356406093873344,1498
2675,1515.5349583793381,0.7356406093873344,1498
2676,1515.5349583793381,0.7356406093873344,1498
2677,1522.6151256464714,0.73443199688721,1505
2678,1522.6151256464714,0.73443199688721,1505
2679,1490.203205822111,0.710489886595643,1471
2680,1490.203205822111,0.710489886595643,1471
2681,1490.203205822111,0.710489886595643,1471
2682,1490.203205822111,0.710489886595643,1471
2683,1490.203205822111,0.710489886595643,1471
2684,1490.203205822111,0.710489886595643,1471
2685,1490.203205822111,0.710489886595643,1471
2686,1490.203205822111,0.710489886595643,1471
2687,1490.203205822111,0.710489886595643,1471
2688,1490.203205822111,0.710489886595643,1471
2689,1490.203205822111,0.710489886595643,1471
2690,1487.4044471990965,0.7074559445334454,1468
2691,1487.4044471990965,0.7074559445334454,1468
2692,1460.1186470588236,0.711764705882353,1441
2693,1460.1186470588236,0.711764705882353,1441
2694,1460.1186470588236,0.711764705882353,1441
2695,1460.1186470588236,0.711764705882353,1441
2696,1460.1186470588236,0.711764705882353,1441
2697,1460.1186470588236,0.711764705882353,1441
2698,1460.1186470588236,0.711764705882353,1441
2699,1460.1186470588236,0.711764705882353,1441
2700,1460.1186470588236,0.711764705882353,1441
2701,1460.1186470588236,0.711764705882353,1441
2702,1460.1186470588236,0.711764705882353,1441
2703,1460.1186470588236,0.711764705882353,1441
2704,1460.1186470588236,0.711764705882353,1441
2705,1460.1186470588236,0.711764705882353,1441
2706,1460.1186470588236,0.711764705882353,1441
2707,1460.1186470588236,0.711764705882353,1441
2708,1460.1186470588236,0.711764705882353,1441
2709,1452.0318041822784,0.7130739607677002,1433
2710,1453.042714813469,0.712909470624617,1434
2711,1453.042714813469,0.712909470624617,1434
2712,1453.042714813469,0.712909470624617,1434
2713,1453.042714813469,0.712909470624617,1434
2714,1453.042714813469,0.712909470624617,1434
2715,1453.042714813469,0.712909470624617,1434
2716,1453.042714813469,0.712909470624617,1434
2717,1447.336325143143,0.708482961809995,1428
2718,1447.336325143143,0.708482961809995,1428
2719,1447.336325143143,0.708482961809995,1428
2720,1447.336325143143,0.708482961809995,1428
2721,1447.336325143143,0.708482961809995,1428
2722,1447.336325143143,0.708482961809995,1428
2723,1447.336325143143,0.708482961809995,1428
2724,1447.336325143143,0.708482961809995,1428
2725,1446.3255927155014,0.7086447653324072,1427
2726,1446.3255927155014,0.7086447653324072,1427
2727,1446.3255927155014,0.7086447653324072,1427
2728,1446.3255927155014,0.7086447653324072,1427
2729,1446.3255927155014,0.7086447653324072,1427
2730,1446.3255927155014,0.7086447653324072,1427
2731,1446.3255927155014,0.7086447653324072,1427
2732,1446.3255927155014,0.7086447653324072,1427
2733,1450.9611040655277,0.7141398452355248,1432
2734,1450.9611040655277,0.7141398452355248,1432
2735,1450.9611040655277,0.7141398452355248,1432
2736,1450.9611040655277,0.7141398452355248,1432
2737,1450.9611040655277,0.7141398452355248,1432
2738,1450.9611040655277,0.7141398452355248,1432
2739,1450.9611040655277,0.7141398452355248,1432
2740,1450.9611040655277,0.7141398452355248,1432
2741,1450.9611040655277,0.7141398452355248,1432
2742,1450.9611040655277,0.7141398452355248,1432
2743,1450.9611040655277,0.7141398452355248,1432
2744,1450.9611040655277,0.7141398452355248,1432
2745,1450.9611040655277,0.7141398452355248,1432
2746,1450.9611040655277,0.7141398452355248,1432
2747,1450.9611040655277,0.7141398452355248,1432
2748,1450.9611040655277,0.7141398452355248,1432
2749,1450.9611040655277,0.7141398452355248,1432
2750,1450.9611040655277,0.7141398452355248,1432
2751,1450.9611040655277,0.7141398452355248,1432
2752,1450.9611040655277,0.7141398452355248,1432
2753,1450.9611040655277,0.7141398452355248,1432
2754,1450.9611040655277,0.7141398452355248,1432
2755,1450.9611040655277,0.7141398452355248,1432
2756,1450.9611040655277,0.7141398452355248,1432
2757,1450.9611040655277,0.7141398452355248,1432
2758,1450.9611040655277,0.7141398452355248,1432
2759,1450.9611040655277,0.7141398452355248,1432
2760,1450.9611040655277,0.7141398452355248,1432
2761,1450.9611040655277,0.7141398452355248,1432
2762,1459.048433438891,0.7128232558587224,1440
2763,1459.048433438891,0.7128232558587224,1440
2764,1459.048433438891,0.7128232558587224,1440
2765,1461.0701079625276,0.7124964878256043,1442
2766,1461.0701079625276,0.7124964878256043,1442
2767,1461.0701079625276,0.7124964878256043,1442
2768,1461.0701079625276,0.7124964878256043,1442
2769,1461.0701079625276,0.7124964878256043,1442
2770,1461.0701079625276,0.7124964878256043,1442
2771,1461.0701079625276,0.7124964878256043,1442
2772,1461.0701079625276,0.7124964878256043,1442
2773,1446.917057040341,0.7148039041106454,1428
2774,1446.917057040341,0.7148039041106454,1428
2775,1446.917057040341,0.7148039041106454,1428
2776,1446.917057040341,0.7148039041106454,1428
2777,1446.917057040341,0.7148039041106454,1428
2778,1446.917057040341,0.7148039041106454,1428
2779,1446.917057040341,0.7148039041106454,1428
2780,1446.917057040341,0.7148039041106454,1428
2781,1446.917057040341,0.7148039041106454,1428
2782,1446.917057040341,0.7148039041106454,1428
2783,1446.917057040341,0.7148039041106454,1428
2784,1446.917057040341,0.7148039041106454,1428
2785,1446.917057040341,0.7148039041106454,1428
2786,1446.917057040341,0.7148039041106454,1428
2787,1446.917057040341,0.7148039041106454,1428
2788,1446.917057040341,0.7148039041106454,1428
2789,1446.917057040341,0.7148039041106454,1428
2790,1446.917057040341,0.7148039041106454,1428
2791,1446.917057040341,0.7148039041106454,1428
2792,1446.917057040341,0.7148039041106454,1428
2793,1446.917057040341,0.7148039041106454,1428
2794,1446.917057040341,0.7148039041106454,1428
2795,1446.917057040341,0.7148039041106454,1428
2796,1446.917057040341,0.7148039041106454,1428
2797,1431.7068618154692,0.7028967011085617,1412
2798,1431.7068618154692,0.7028967011085617,1412
2799,1431.7068618154692,0.7028967011085617,1412
2800,1431.7068618154692,0.7028967011085617,1412
2801,1431.7068618154692,0.7028967011085617,1412
2802,1431.7068618154692,0.7028967011085617,1412
2803,1431.7068618154692,0.7028967011085617,1412
2804,1431.7068618154692,0.7028967011085617,1412
2805,1431.7068618154692,0.7028967011085617,1412
2806,1431.7068618154692,0.7028967011085617,1412
2807,1431.7068618154692,0.7028967011085617,1412
2808,1431.7068618154692,0.7028967011085617,1412
2809,1431.7068618154692,0.7028967011085617,1412
2810,1431.7068618154692,0.7028967011085617,1412
2811,1431.7068618154692,0.7028967011085617,1412
2812,1431.7068618154692,0.7028967011085617,1412
2813,1431.7068618154692,0.7028967011085617,1412
2814,1431.7068618154692,0.7028967011085617,1412
2815,1431.7068618154692,0.7028967011085617,1412
2816,1431.7068618154692,0.7028967011085617,1412
2817,1431.7068618154692,0.7028967011085617,1412
2818,1431.7068618154692,0.7028967011085617,1412
2819,1431.7068618154692,0.7028967011085617,1412
2820,1431.7068618154692,0.7028967011085617,1412
2821,1431.7068618154692,0.7028967011085617,1412
2822,1431.7068618154692,0.7028967011085617,1412
2823,1431.7068618154692,0.7028967011085617,1412
2824,1431.7068618154692,0.7028967011085617,1412
2825,1431.7068618154692,0.7028967011085617,1412
2826,1431.7068618154692,0.7028967011085617,1412
2827,1431.7068618154692,0.7028967011085617,1412
2828,1431.7068618154692,0.7028967011085617,1412
2829,1431.7068618154692,0.7028967011085617,1412
2830,1431.7068618154692,0.7028967011085617,1412
2831,1431.7068618154692,0.7028967011085617,1412
2832,1443.8324378533925,0.7010034998734735,1424
2833,1443.8324378533925,0.7010034998734735,1424
2834,1443.8324378533925,0.7010034998734735,1424
2835,1443.8324378533925,0.7010034998734735,1424
2836,1443.8324378533925,0.7010034998734735,1424
2837,1438.7803858829648,0.701788242379546,1419
2838,1438.7803858829648,0.701788242379546,1419
2839,1438.7803858829648,0.701788242379546,1419
2840,1438.7803858829648,0.701788242379546,1419
2841,1438.7803858829648,0.701788242379546,1419
2842,1438.7803858829648,0.701788242379546,1419
2843,1438.7803858829648,0.701788242379546,1419
2844,1438.7803858829648,0.701788242379546,1419
2845,1438.7803858829648,0.701788242379546,1419
2846,1438.7803858829648,0.701788242379546,1419
2847,1438.7803858829648,0.701788242379546,1419
2848,1447.8738033755333,0.700379867698881,1428
2849,1447.8738033755333,0.700379867698881,1428
2850,1447.8738033755333,0.700379867698881,1428
2851,1447.8738033755333,0.700379867698881,1428
2852,1451.2610345439264,0.6945419185296785,1431
2853,1451.2610345439264,0.6945419185296785,1431
2854,1451.2610345439264,0.6945419185296785,1431
2855,1451.2610345439264,0.6945419185296785,1431
2856,1451.2610345439264,0.6945419185296785,1431
2857,1451.2610345439264,0.6945419185296785,1431
2858,1451.2610345439264,0.6945419185296785,1431
2859,1451.2610345439264,0.6945419185296785,1431
2860,1451.2610345439264,0.6945419185296785,1431
2861,1451.2610345439264,0.6945419185296785,1431
2862,1451.2610345439264,0.6945419185296785,1431
2863,1451.2610345439264,0.6945419185296785,1431
2864,1467.4189950427003,0.692160484807774,1447
2865,1467.4189950427003,0.692160484807774,1447
2866,1467.4189950427003,0.692160484807774,1447
2867,1467.4189950427003,0.692160484807774,1447
2868,1467.4189950427003,0.692160484807774,1447
2869,1467.4189950427003,0.692160484807774,1447
2870,1467.4189950427003,0.692160484807774,1447
2871,1467.4189950427003,0.692160484807774,1447
2872,1467.4189950427003,0.692160484807774,1447
2873,1467.4189950427003,0.692160484807774,1447
2874,1467.4189950427003,0.692160484807774,1447
2875,1467.4189950427003,0.692160484807774,1447
2876,1467.4189950427003,0.692160484807774,1447
2877,1467.4189950427003,0.692160484807774,1447
2878,1467.4189950427003,0.692160484807774,1447
2879,1467.4189950427003,0.692160484807774,1447
2880,1467.4189950427003,0.692160484807774,1447
2881,1467.4189950427003,0.692160484807774,1447
2882,1467.4189950427003,0.692160484807774,1447
2883,1467.4189950427003,0.692160484807774,1447
2884,1465.3994522009395,0.6924551153182635,1445
2885,1465.3994522009395,0.6924551153182635,1445
2886,1465.3994522009395,0.6924551153182635,1445
2887,1465.3994522009395,0.6924551153182635,1445
2888,1465.3994522009395,0.6924551153182635,1445
2889,1465.3994522009395,0.6924551153182635,1445
2890,1478.5254669984472,0.6905552992846794,1458
2891,1478.5254669984472,0.6905552992846794,1458
2892,1478.5254669984472,0.6905552992846794,1458
2893,1478.5254669984472,0.6905552992846794,1458
2894,1464.3896593081731,0.6926027542865494,1444
2895,1464.3896593081731,0.6926027542865494,1444
2896,1464.3896593081731,0.6926027542865494,1444
2897,1464.3896593081731,0.6926027542865494,1444
2898,1464.3896593081731,0.6926027542865494,1444
2899,1464.3896593081731,0.6926027542865494,1444
2900,1464.3896593081731,0.6926027542865494,1444
2901,1464.3896593081731,0.6926027542865494,1444
2902,1466.4092307692308,0.6923076923076923,1446
2903,1466.4092307692308,0.6923076923076923,1446
2904,1466.4092307692308,0.6923076923076923,1446
2905,1466.4092307692308,0.6923076923076923,1446
2906,1466.4092307692308,0.6923076923076923,1446
2907,1466.4092307692308,0.6923076923076923,1446
2908,1466.4092307692308,0.6923076923076923,1446
2909,1466.4092307692308,0.6923076923076923,1446
2910,1466.4092307692308,0.6923076923076923,1446
2911,1466.4092307692308,0.6923076923076923,1446
2912,1466.4092307692308,0.6923076923076923,1446
2913,1466.4092307692308,0.6923076923076923,1446
2914,1466.4092307692308,0.6923076923076923,1446
2915,1466.4092307692308,0.6923076923076923,1446
2916,1466.4092307692308,0.6923076923076923,1446
2917,1466.4092307692308,0.6923076923076923,1446
2918,1466.4092307692308,0.6923076923076923,1446
2919,1466.4092307692308,0.6923076923076923,1446
2920,1466.4092307692308,0.6923076923076923,1446
2921,1466.4092307692308,0.6923076923076923,1446
2922,1466.4092307692308,0.6923076923076923,1446
2923,1466.4092307692308,0.6923076923076923,1446
2924,1466.4092307692308,0.6923076923076923,1446
2925,1466.4092307692308,0.6923076923076923,1446
2926,1466.4092307692308,0.6923076923076923,1446
2927,1466.4092307692308,0.6923076923076923,1446
2928,1466.4092307692308,0.6923076923076923,1446
2929,1466.4092307692308,0.6923076923076923,1446
2930,1466.4092307692308,0.6923076923076923,1446
2931,1466.4092307692308,0.6923076923076923,1446
2932,1466.4092307692308,0.6923076923076923,1446
2933,1466.4092307692308,0.6923076923076923,1446
2934,1466.4092307692308,0.6923076923076923,1446
2935,1466.4092307692308,0.6923076923076923,1446
2936,1466.4092307692308,0.6923076923076923,1446
2937,1466.4092307692308,0.6923076923076923,1446
2938,1466.4092307692308,0.6923076923076923,1446
2939,1466.4092307692308,0.6923076923076923,1446
2940,1466.4092307692308,0.6923076923076923,1446
2941,1466.4092307692308,0.6923076923076923,1446
2942,1466.4092307692308,0.6923076923076923,1446
2943,1466.4092307692308,0.6923076923076923,1446
2944,1466.4092307692308,0.6923076923076923,1446
2945,1466.4092307692308,0.6923076923076923,1446
2946,1466.4092307692308,0.6923076923076923,1446
2947,1466.4092307692308,0.6923076923076923,1446
2948,1466.4092307692308,0.6923076923076923,1446
2949,1466.4092307692308,0.6923076923076923,1446
2950,1466.4092307692308,0.6923076923076923,1446
2951,1466.4092307692308,0.6923076923076923,1446
2952,1466.4092307692308,0.6923076923076923,1446
2953,1466.4092307692308,0.6923076923076923,1446
2954,1466.4092307692308,0.6923076923076923,1446
2955,1466.4092307692308,0.6923076923076923,1446
2956,1466.4092307692308,0.6923076923076923,1446
2957,1466.4092307692308,0.6923076923076923,1446
2958,1466.4092307692308,0.6923076923076923,1446
2959,1466.4092307692308,0.6923076923076923,1446
2960,1466.4092307692308,0.6923076923076923,1446
2961,1466.4092307692308,0.6923076923076923,1446
2962,1466.4092307692308,0.6923076923076923,1446
2963,1466.4092307692308,0.6923076923076923,1446
2964,1466.4092307692308,0.6923076923076923,1446
2965,1466.4092307692308,0.6923076923076923,1446
2966,1466.4092307692308,0.6923076923076923,1446
2967,1466.4092307692308,0.6923076923076923,1446
2968,1466.4092307692308,0.6923076923076923,1446
2969,1456.3107969014322,0.6937916945359214,1436
2970,1456.3107969014322,0.6937916945359214,1436
2971,1456.3107969014322,0.6937916945359214,1436
2972,1456.3107969014322,0.6937916945359214,1436
2973,1456.3107969014322,0.6937916945359214,1436
2974,1456.3107969014322,0.6937916945359214,1436
2975,1456.3107969014322,0.6937916945359214,1436
2976,1456.3107969014322,0.6937916945359214,1436
2977,1456.3107969014322,0.6937916945359214,1436
2978,1456.3107969014322,0.6937916945359214,1436
2979,1456.3107969014322,0.6937916945359214,1436
2980,1456.3107969014322,0.6937916945359214,1436
2981,1456.3107969014322,0.6937916945359214,1436
2982,1456.3107969014322,0.6937916945359214,1436
2983,1456.3107969014322,0.6937916945359214,1436
2984,1456.3107969014322,0.6937916945359214,1436
2985,1456.3107969014322,0.6937916945359214,1436
2986,1456.3107969014322,0.6937916945359214,1436
2987,1456.3107969014322,0.6937916945359214,1436
2988,1456.3107969014322,0.6937916945359214,1436
2989,1456.3107969014322,0.6937916945359214,1436
2990,1456.3107969014322,0.6937916945359214,1436
2991,1456.3107969014322,0.6937916945359214,1436
2992,1456.3107969014322,0.6937916945359214,1436
2993,1456.3107969014322,0.6937916945359214,1436
2994,1456.3107969014322,0.6937916945359214,1436
2995,1456.3107969014322,0.6937916945359214,1436
2996,1456.3107969014322,0.6937916945359214,1436
2997,1456.3107969014322,0.6937916945359214,1436
2998,1456.3107969014322,0.6937916945359214,1436
2999,1456.3107969014322,0.6937916945359214,1436
3000,1456.3107969014322,0.6937916945359214,1436
3001,1456.3107969014322,0.6937916945359214,1436
3002,1456.3107969014322,0.6937916945359214,1436
3003,1456.3107969014322,0.6937916945359214,1436
3004,1456.3107969014322,0.6937916945359214,1436
3005,1456.3107969014322,0.6937916945359214,1436
3006,1456.3107969014322,0.6937916945359214,1436
3007,1456.3107969014322,0.6937916945359214,1436
3008,1456.3107969014322,0.6937916945359214,1436
3009,1456.3107969014322,0.6937916945359214,1436
3010,1456.3107969014322,0.6937916945359214,1436
3011,1456.3107969014322,0.6937916945359214,1436
3012,1456.3107969014322,0.6937916945359214,1436
3013,1456.3107969014322,0.6937916945359214,1436
3014,1456.3107969014322,0.6937916945359214,1436
3015,1456.3107969014322,0.6937916945359214,1436
3016,1456.3107969014322,0.6937916945359214,1436
3017,1456.3107969014322,0.6937916945359214,1436
3018,1456.3107969014322,0.6937916945359214,1436
3019,1456.3107969014322,0.6937916945359214,1436
3020,1456.3107969014322,0.6937916945359214,1436
3021,1456.3107969014322,0.6937916945359214,1436
3022,1456.3107969014322,0.6937916945359214,1436
3023,1456.3107969014322,0.6937916945359214,1436
3024,1456.3107969014322,0.6937916945359214,1436
3025,1456.3107969014322,0.6937916945359214,1436
3026,1456.3107969014322,0.6937916945359214,1436
3027,1456.3107969014322,0.6937916945359214,1436
3028,1456.3107969014322,0.6937916945359214,1436
3029,1456.3107969014322,0.6937916945359214,1436
3030,1456.3107969014322,0.6937916945359214,1436
3031,1456.3107969014322,0.6937916945359214,1436
3032,1456.3107969014322,0.6937916945359214,1436
3033,1456.3107969014322,0.6937916945359214,1436
3034,1456.3107969014322,0.6937916945359214,1436
3035,1456.3107969014322,0.6937916945359214,1436
3036,1456.3107969014322,0.6937916945359214,1436
3037,1456.3107969014322,0.6937916945359214,1436
3038,1456.3107969014322,0.6937916945359214,1436
3039,1456.3107969014322,0.6937916945359214,1436
3040,1456.3107969014322,0.6937916945359214,1436
3041,1456.3107969014322,0.6937916945359214,1436
3042,1456.3107969014322,0.6937916945359214,1436
3043,1456.3107969014322,0.6937916945359214,1436
3044,1456.3107969014322,0.6937916945359214,1436
3045,1456.3107969014322,0.6937916945359214,1436
3046,1456.3107969014322,0.6937916945359214,1436
3047,1456.3107969014322,0.6937916945359214,1436
3048,1456.3107969014322,0.6937916945359214,1436
3049,1456.3107969014322,0.6937916945359214,1436
3050,1456.3107969014322,0.6937916945359214,1436
3051,1456.3107969014322,0.6937916945359214,1436
3052,1456.3107969014322,0.6937916945359214,1436
3053,1456.3107969014322,0.6937916945359214,1436
3054,1456.3107969014322,0.6937916945359214,1436
3055,1456.3107969014322,0.6937916945359214,1436
3056,1456.3107969014322,0.6937916945359214,1436
3057,1456.3107969014322,0.6937916945359214,1436
3058,1456.3107969014322,0.6937916945359214,1436
3059,1456.3107969014322,0.6937916945359214,1436
3060,1456.3107969014322,0.6937916945359214,1436
3061,1456.3107969014322,0.6937916945359214,1436
3062,1456.3107969014322,0.6937916945359214,1436
3063,1456.3107969014322,0.6937916945359214,1436
3064,1456.3107969014322,0.6937916945359214,1436
3065,1456.3107969014322,0.6937916945359214,1436
3066,1456.3107969014322,0.6937916945359214,1436
3067,1456.3107969014322,0.6937916945359214,1436
3068,1456.3107969014322,0.6937916945359214,1436
3069,1456.3107969014322,0.6937916945359214,1436
3070,1456.3107969014322,0.6937916945359214,1436
3071,1456.3107969014322,0.6937916945359214,1436
3072,1456.3107969014322,0.6937916945359214,1436
3073,1456.3107969014322,0.6937916945359214,1436
3074,1456.3107969014322,0.6937916945359214,1436
3075,1456.3107969014322,0.6937916945359214,1436
3076,1456.3107969014322,0.6937916945359214,1436
3077,1456.3107969014322,0.6937916945359214,1436
3078,1456.3107969014322,0.6937916945359214,1436
3079,1456.3107969014322,0.6937916945359214,1436
3080,1456.3107969014322,0.6937916945359214,1436
3081,1456.3107969014322,0.6937916945359214,1436
3082,1456.3107969014322,0.6937916945359214,1436
3083,1456.3107969014322,0.6937916945359214,1436
3084,1456.3107969014322,0.6937916945359214,1436
3085,1456.3107969014322,0.6937916945359214,1436
3086,1456.3107969014322,0.6937916945359214,1436
3087,1456.3107969014322,0.6937916945359214,1436
3088,1456.3107969014322,0.6937916945359214,1436
3089,1456.3107969014322,0.6937916945359214,1436
3090,1455.3008737414211,0.6939412974307095,1435
3091,1455.3008737414211,0.6939412974307095,1435
3092,1455.3008737414211,0.6939412974307095,1435
3093,1455.3008737414211,0.6939412974307095,1435
3094,1455.3008737414211,0.6939412974307095,1435
3095,1455.3008737414211,0.6939412974307095,1435
3096,1455.3008737414211,0.6939412974307095,1435
3097,1455.3008737414211,0.6939412974307095,1435
3098,1455.3008737414211,0.6939412974307095,1435
3099,1455.3008737414211,0.6939412974307095,1435
3100,1455.3008737414211,0.6939412974307095,1435
3101,1455.3008737414211,0.6939412974307095,1435
3102,1455.3008737414211,0.6939412974307095,1435
3103,1455.3008737414211,0.6939412974307095,1435
3104,1455.3008737414211,0.6939412974307095,1435
3105,1455.3008737414211,0.6939412974307095,1435
3106,1455.3008737414211,0.6939412974307095,1435
3107,1455.3008737414211,0.6939412974307095,1435
3108,1455.3008737414211,0.6939412974307095,1435
3109,1473.3751602157997,0.7078974790321155,1454
3110,1473.3751602157997,0.7078974790321155,1454
3111,1473.3751602157997,0.7078974790321155,1454
3112,1473.3751602157997,0.7078974790321155,1454
3113,1473.3751602157997,0.7078974790321155,1454
3114,1473.3751602157997,0.7078974790321155,1454
3115,1473.3751602157997,0.7078974790321155,1454
3116,1473.3751602157997,0.7078974790321155,1454
3117,1473.3751602157997,0.7078974790321155,1454
3118,1473.3751602157997,0.7078974790321155,1454
3119,1473.3751602157997,0.7078974790321155,1454
3120,1473.3751602157997,0.7078974790321155,1454
3121,1473.3751602157997,0.7078974790321155,1454
3122,1473.3751602157997,0.7078974790321155,1454
3123,1473.3751602157997,0.7078974790321155,1454
3124,1473.3751602157997,0.7078974790321155,1454
3125,1473.3751602157997,0.7078974790321155,1454
3126,1473.3751602157997,0.7078974790321155,1454
3127,1473.3751602157997,0.7078974790321155,1454
3128,1473.3751602157997,0.7078974790321155,1454
3129,1473.3751602157997,0.7078974790321155,1454
3130,1473.3751602157997,0.7078974790321155,1454
3131,1473.3751602157997,0.7078974790321155,1454
3132,1473.3751602157997,0.7078974790321155,1454
3133,1473.3751602157997,0.7078974790321155,1454
3134,1473.3751602157997,0.7078974790321155,1454
3135,1473.3751602157997,0.7078974790321155,1454
3136,1473.3751602157997,0.7078974790321155,1454
3137,1473.3751602157997,0.7078974790321155,1454
3138,1473.3751602157997,0.7078974790321155,1454
3139,1473.3751602157997,0.7078974790321155,1454
3140,1473.3751602157997,0.7078974790321155,1454
3141,1473.3751602157997,0.7078974790321155,1454
3142,1473.3751602157997,0.7078974790321155,1454
3143,1473.3751602157997,0.7078974790321155,1454
3144,1473.3751602157997,0.7078974790321155,1454
3145,1473.3751602157997,0.7078974790321155,1454
3146,1473.3751602157997,0.7078974790321155,1454
3147,1473.3751602157997,0.7078974790321155,1454
3148,1473.3751602157997,0.7078974790321155,1454
3149,1473.3751602157997,0.7078974790321155,1454
3150,1473.3751602157997,0.7078974790321155,1454
3151,1473.3751602157997,0.7078974790321155,1454
3152,1473.3751602157997,0.7078974790321155,1454
3153,1473.3751602157997,0.7078974790321155,1454
3154,1473.3751602157997,0.7078974790321155,1454
3155,1473.3751602157997,0.7078974790321155,1454
3156,1473.3751602157997,0.7078974790321155,1454
3157,1473.3751602157997,0.7078974790321155,1454
3158,1473.3751602157997,0.7078974790321155,1454
3159,1473.3751602157997,0.7078974790321155,1454
3160,1473.3751602157997,0.7078974790321155,1454
3161,1473.3751602157997,0.7078974790321155,1454
3162,1473.3751602157997,0.7078974790321155,1454
3163,1473.3751602157997,0.7078974790321155,1454
3164,1473.3751602157997,0.7078974790321155,1454
3165,1473.3751602157997,0.7078974790321155,1454
3166,1473.3751602157997,0.7078974790321155,1454
3167,1473.3751602157997,0.7078974790321155,1454
3168,1473.3751602157997,0.7078974790321155,1454
3169,1473.3751602157997,0.7078974790321155,1454
3170,1473.3751602157997,0.7078974790321155,1454
3171,1473.3751602157997,0.7078974790321155,1454
3172,1473.3751602157997,0.7078974790321155,1454
3173,1473.3751602157997,0.7078974790321155,1454
3174,1473.3751602157997,0.7078974790321155,1454
3175,1473.3751602157997,0.7078974790321155,1454
3176,1473.3751602157997,0.7078974790321155,1454
3177,1473.3751602157997,0.7078974790321155,1454
3178,1473.3751602157997,0.7078974790321155,1454
3179,1473.3751602157997,0.7078974790321155,1454
3180,1473.3751602157997,0.7078974790321155,1454
3181,1473.3751602157997,0.7078974790321155,1454
3182,1473.3751602157997,0.7078974790321155,1454
3183,1473.3751602157997,0.7078974790321155,1454
3184,1473.3751602157997,0.7078974790321155,1454
3185,1473.3751602157997,0.7078974790321155,1454
3186,1473.3751602157997,0.7078974790321155,1454
3187,1473.3751602157997,0.7078974790321155,1454
3188,1473.3751602157997,0.7078974790321155,1454
3189,1473.3751602157997,0.7078974790321155,1454
3190,1473.3751602157997,0.7078974790321155,1454
3191,1473.3751602157997,0.7078974790321155,1454
3192,1473.3751602157997,0.7078974790321155,1454
3193,1473.3751602157997,0.7078974790321155,1454
3194,1473.3751602157997,0.7078974790321155,1454
3195,1473.3751602157997,0.7078974790321155,1454
3196,1473.3751602157997,0.7078974790321155,1454
3197,1473.3751602157997,0.7078974790321155,1454
3198,1473.3751602157997,0.7078974790321155,1454
3199,1473.3751602157997,0.7078974790321155,1454
3200,1473.3751602157997,0.7078974790321155,1454
3201,1473.3751602157997,0.7078974790321155,1454
3202,1473.3751602157997,0.7078974790321155,1454
3203,1473.3751602157997,0.7078974790321155,1454
3204,1473.3751602157997,0.7078974790321155,1454
3205,1473.3751602157997,0.7078974790321155,1454
3206,1473.3751602157997,0.7078974790321155,1454
3207,1473.3751602157997,0.7078974790321155,1454
3208,1473.3751602157997,0.7078974790321155,1454
3209,1473.3751602157997,0.7078974790321155,1454
3210,1473.3751602157997,0.7078974790321155,1454
3211,1473.3751602157997,0.7078974790321155,1454
3212,1473.3751602157997,0.7078974790321155,1454
3213,1473.3751602157997,0.7078974790321155,1454
3214,1473.3751602157997,0.7078974790321155,1454
3215,1473.3751602157997,0.7078974790321155,1454
3216,1473.3751602157997,0.7078974790321155,1454
3217,1475.3961371841156,0.7075812274368231,1456
3218,1475.3961371841156,0.7075812274368231,1456
3219,1475.3961371841156,0.7075812274368231,1456
3220,1475.3961371841156,0.7075812274368231,1456
3221,1475.3961371841156,0.7075812274368231,1456
3222,1475.3961371841156,0.7075812274368231,1456
3223,1475.3961371841156,0.7075812274368231,1456
3224,1475.3961371841156,0.7075812274368231,1456
3225,1475.3961371841156,0.7075812274368231,1456
3226,1475.3961371841156,0.7075812274368231,1456
3227,1475.3961371841156,0.7075812274368231,1456
3228,1475.3961371841156,0.7075812274368231,1456
3229,1475.3961371841156,0.7075812274368231,1456
3230,1475.3961371841156,0.7075812274368231,1456
3231,1475.3961371841156,0.7075812274368231,1456
3232,1475.3961371841156,0.7075812274368231,1456
3233,1475.3961371841156,0.7075812274368231,1456
3234,1475.3961371841156,0.7075812274368231,1456
3235,1475.3961371841156,0.7075812274368231,1456
3236,1475.3961371841156,0.7075812274368231,1456
3237,1475.3961371841156,0.7075812274368231,1456
3238,1475.3961371841156,0.7075812274368231,1456
3239,1475.3961371841156,0.7075812274368231,1456
3240,1475.3961371841156,0.7075812274368231,1456
3241,1475.3961371841156,0.7075812274368231,1456
3242,1475.3961371841156,0.7075812274368231,1456
3243,1475.3961371841156,0.7075812274368231,1456
3244,1475.3961371841156,0.7075812274368231,1456
3245,1475.3961371841156,0.7075812274368231,1456
3246,1475.3961371841156,0.7075812274368231,1456
3247,1475.3961371841156,0.7075812274368231,1456
3248,1475.3961371841156,0.7075812274368231,1456
3249,1475.3961371841156,0.7075812274368231,1456
3250,1475.3961371841156,0.7075812274368231,1456
3251,1475.3961371841156,0.7075812274368231,1456
3252,1475.3961371841156,0.7075812274368231,1456
3253,1475.3961371841156,0.7075812274368231,1456
3254,1475.3961371841156,0.7075812274368231,1456
3255,1475.3961371841156,0.7075812274368231,1456
3256,1475.3961371841156,0.7075812274368231,1456
3257,1475.3961371841156,0.7075812274368231,1456
3258,1475.3961371841156,0.7075812274368231,1456
3259,1475.3961371841156,0.7075812274368231,1456
3260,1475.3961371841156,0.7075812274368231,1456
3261,1475.3961371841156,0.7075812274368231,1456
3262,1475.3961371841156,0.7075812274368231,1456
3263,1475.3961371841156,0.7075812274368231,1456
3264,1475.3961371841156,0.7075812274368231,1456
3265,1475.3961371841156,0.7075812274368231,1456
3266,1475.3961371841156,0.7075812274368231,1456
3267,1464.2800116352148,0.7093319518285123,1445
3268,1464.2800116352148,0.7093319518285123,1445
3269,1464.2800116352148,0.7093319518285123,1445
3270,1464.2800116352148,0.7093319518285123,1445
3271,1464.2800116352148,0.7093319518285123,1445
3272,1450.1295146336531,0.7116008648627611,1431
3273,1450.1295146336531,0.7116008648627611,1431
3274,1450.1295146336531,0.7116008648627611,1431
3275,1450.1295146336531,0.7116008648627611,1431
3276,1450.1295146336531,0.7116008648627611,1431
3277,1450.1295146336531,0.7116008648627611,1431
3278,1450.1295146336531,0.7116008648627611,1431
3279,1450.1295146336531,0.7116008648627611,1431
3280,1450.1295146336531,0.7116008648627611,1431
3281,1450.1295146336531,0.7116008648627611,1431
3282,1450.1295146336531,0.7116008648627611,1431
3283,1450.1295146336531,0.7116008648627611,1431
3284,1450.1295146336531,0.7116008648627611,1431
3285,1450.1295146336531,0.7116008648627611,1431
3286,1450.1295146336531,0.7116008648627611,1431
3287,1450.1295146336531,0.7116008648627611,1431
3288,1450.1295146336531,0.7116008648627611,1431
3289,1450.1295146336531,0.7116008648627611,1431
3290,1450.1295146336531,0.7116008648627611,1431
3291,1450.1295146336531,0.7116008648627611,1431
3292,1450.1295146336531,0.7116008648627611,1431
3293,1450.1295146336531,0.7116008648627611,1431
3294,1450.1295146336531,0.7116008648627611,1431
3295,1450.1295146336531,0.7116008648627611,1431
3296,1450.1295146336531,0.7116008648627611,1431
3297,1445.0750176855229,0.7124224681814743,1426
3298,1445.0750176855229,0.7124224681814743,1426
3299,1445.0750176855229,0.7124224681814743,1426
3300,1445.0750176855229,0.7124224681814743,1426
3301,1445.0750176855229,0.7124224681814743,1426
3302,1445.0750176855229,0.7124224681814743,1426
3303,1445.0750176855229,0.7124224681814743,1426
3304,1445.0750176855229,0.7124224681814743,1426
3305,1445.0750176855229,0.7124224681814743,1426
3306,1445.0750176855229,0.7124224681814743,1426
3307,1445.0750176855229,0.7124224681814743,1426
3308,1445.0750176855229,0.7124224681814743,1426
3309,1445.0750176855229,0.7124224681814743,1426
3310,1445.0750176855229,0.7124224681814743,1426
3311,1445.0750176855229,0.7124224681814743,1426
3312,1445.0750176855229,0.7124224681814743,1426
3313,1445.0750176855229,0.7124224681814743,1426
3314,1445.0750176855229,0.7124224681814743,1426
3315,1445.0750176855229,0.7124224681814743,1426
3316,1445.0750176855229,0.7124224681814743,1426
3317,1445.0750176855229,0.7124224681814743,1426
3318,1445.0750176855229,0.7124224681814743,1426
3319,1445.0750176855229,0.7124224681814743,1426
3320,1445.0750176855229,0.7124224681814743,1426
3321,1445.0750176855229,0.7124224681814743,1426
3322,1445.0750176855229,0.7124224681814743,1426
3323,1445.0750176855229,0.7124224681814743,1426
3324,1445.0750176855229,0.7124224681814743,1426
3325,1445.0750176855229,0.7124224681814743,1426
3326,1445.0750176855229,0.7124224681814743,1426
3327,1445.0750176855229,0.7124224681814743,1426
3328,1445.0750176855229,0.7124224681814743,1426
3329,1445.0750176855229,0.7124224681814743,1426
3330,1445.0750176855229,0.7124224681814743,1426
3331,1445.0750176855229,0.7124224681814743,1426
3332,1445.0750176855229,0.7124224681814743,1426
3333,1445.0750176855229,0.7124224681814743,1426
3334,1445.0750176855229,0.7124224681814743,1426
3335,1445.0750176855229,0.7124224681814743,1426
3336,1445.0750176855229,0.7124224681814743,1426
3337,1445.0750176855229,0.7124224681814743,1426
3338,1445.0750176855229,0.7124224681814743,1426
3339,1445.0750176855229,0.7124224681814743,1426
3340,1445.0750176855229,0.7124224681814743,1426
3341,1445.0750176855229,0.7124224681814743,1426
3342,1445.0750176855229,0.7124224681814743,1426
3343,1445.0750176855229,0.7124224681814743,1426
3344,1445.0750176855229,0.7124224681814743,1426
3345,1445.0750176855229,0.7124224681814743,1426
3346,1445.0750176855229,0.7124224681814743,1426
3347,1445.0750176855229,0.7124224681814743,1426
3348,1445.0750176855229,0.7124224681814743,1426
3349,1445.0750176855229,0.7124224681814743,1426
3350,1445.0750176855229,0.7124224681814743,1426
3351,1445.0750176855229,0.7124224681814743,1426
3352,1445.0750176855229,0.7124224681814743,1426
3353,1445.0750176855229,0.7124224681814743,1426
3354,1445.0750176855229,0.7124224681814743,1426
3355,1445.0750176855229,0.7124224681814743,1426
3356,1445.0750176855229,0.7124224681814743,1426
3357,1445.0750176855229,0.7124224681814743,1426
3358,1445.0750176855229,0.7124224681814743,1426
3359,1445.0750176855229,0.7124224681814743,1426
3360,1445.0750176855229,0.7124224681814743,1426
3361,1445.0750176855229,0.7124224681814743,1426
3362,1445.0750176855229,0.7124224681814743,1426
3363,1445.0750176855229,0.7124224681814743,1426
3364,1445.0750176855229,0.7124224681814743,1426
3365,1445.0750176855229,0.7124224681814743,1426
3366,1445.0750176855229,0.7124224681814743,1426
3367,1445.0750176855229,0.7124224681814743,1426
3368,1445.0750176855229,0.7124224681814743,1426
3369,1445.0750176855229,0.7124224681814743,1426
3370,1445.0750176855229,0.7124224681814743,1426
3371,1445.0750176855229,0.7124224681814743,1426
3372,1445.0750176855229,0.7124224681814743,1426
3373,1445.0750176855229,0.7124224681814743,1426
3374,1445.0750176855229,0.7124224681814743,1426
3375,1445.0750176855229,0.7124224681814743,1426
3376,1445.0750176855229,0.7124224681814743,1426
3377,1445.0750176855229,0.7124224681814743,1426
3378,1445.0750176855229,0.7124224681814743,1426
3379,1445.0750176855229,0.7124224681814743,1426
3380,1445.0750176855229,0.7124224681814743,1426
3381,1445.0750176855229,0.7124224681814743,1426
3382,1445.0750176855229,0.7124224681814743,1426
3383,1445.0750176855229,0.7124224681814743,1426
3384,1445.0750176855229,0.7124224681814743,1426
3385,1445.0750176855229,0.7124224681814743,1426
3386,1445.0750176855229,0.7124224681814743,1426
3387,1445.0750176855229,0.7124224681814743,1426
3388,1445.0750176855229,0.7124224681814743,1426
3389,1445.0750176855229,0.7124224681814743,1426
3390,1445.0750176855229,0.7124224681814743,1426
3391,1445.0750176855229,0.7124224681814743,1426
3392,1445.0750176855229,0.7124224681814743,1426
3393,1445.0750176855229,0.7124224681814743,1426
3394,1445.0750176855229,0.7124224681814743,1426
3395,1445.0750176855229,0.7124224681814743,1426
3396,1445.0750176855229,0.7124224681814743,1426
3397,1445.0750176855229,0.7124224681814743,1426
3398,1445.0750176855229,0.7124224681814743,1426
3399,1445.0750176855229,0.7124224681814743,1426
3400,1445.0750176855229,0.7124224681814743,1426
3401,1445.0750176855229,0.7124224681814743,1426
3402,1445.0750176855229,0.7124224681814743,1426
3403,1445.0750176855229,0.7124224681814743,1426
3404,1445.0750176855229,0.7124224681814743,1426
3405,1445.0750176855229,0.7124224681814743,1426
3406,1445.0750176855229,0.7124224681814743,1426
3407,1445.0750176855229,0.7124224681814743,1426
3408,1445.0750176855229,0.7124224681814743,1426
3409,1445.0750176855229,0.7124224681814743,1426
3410,1445.0750176855229,0.7124224681814743,1426
3411,1445.0750176855229,0.7124224681814743,1426
3412,1445.0750176855229,0.7124224681814743,1426
3413,1445.0750176855229,0.7124224681814743,1426
3414,1445.0750176855229,0.7124224681814743,1426
3415,1445.0750176855229,0.7124224681814743,1426
3416,1445.0750176855229,0.7124224681814743,1426
3417,1445.0750176855229,0.7124224681814743,1426
3418,1445.0750176855229,0.7124224681814743,1426
3419,1445.0750176855229,0.7124224681814743,1426
3420,1445.0750176855229,0.7124224681814743,1426
3421,1445.0750176855229,0.7124224681814743,1426
3422,1445.0750176855229,0.7124224681814743,1426
3423,1445.0750176855229,0.7124224681814743,1426
3424,1445.0750176855229,0.7124224681814743,1426
3425,1445.0750176855229,0.7124224681814743,1426
3426,1445.0750176855229,0.7124224681814743,1426
3427,1445.0750176855229,0.7124224681814743,1426
3428,1445.0750176855229,0.7124224681814743,1426
3429,1445.0750176855229,0.7124224681814743,1426
3430,1445.0750176855229,0.7124224681814743,1426
3431,1445.0750176855229,0.7124224681814743,1426
3432,1445.0750176855229,0.7124224681814743,1426
3433,1445.0750176855229,0.7124224681814743,1426
3434,1445.0750176855229,0.7124224681814743,1426
3435,1445.0750176855229,0.7124224681814743,1426
3436,1445.0750176855229,0.7124224681814743,1426
3437,1445.0750176855229,0.7124224681814743,1426
3438,1445.0750176855229,0.7124224681814743,1426
3439,1445.0750176855229,0.7124224681814743,1426
3440,1445.0750176855229,0.7124224681814743,1426
3441,1445.0750176855229,0.7124224681814743,1426
3442,1445.0750176855229,0.7124224681814743,1426
3443,1445.0750176855229,0.7124224681814743,1426
3444,1445.0750176855229,0.7124224681814743,1426
3445,1445.0750176855229,0.7124224681814743,1426
3446,1445.0750176855229,0.7124224681814743,1426
3447,1445.0750176855229,0.7124224681814743,1426
3448,1445.0750176855229,0.7124224681814743,1426
3449,1445.0750176855229,0.7124224681814743,1426
3450,1445.0750176855229,0.7124224681814743,1426
3451,1445.0750176855229,0.7124224681814743,1426
3452,1445.0750176855229,0.7124224681814743,1426
3453,1445.0750176855229,0.7124224681814743,1426
3454,1445.0750176855229,0.7124224681814743,1426
3455,1445.0750176855229,0.7124224681814743,1426
3456,1445.0750176855229,0.7124224681814743,1426
3457,1445.0750176855229,0.7124224681814743,1426
3458,1445.0750176855229,0.7124224681814743,1426
3459,1445.0750176855229,0.7124224681814743,1426
3460,1445.0750176855229,0.7124224681814743,1426
3461,1445.0750176855229,0.7124224681814743,1426
3462,1445.0750176855229,0.7124224681814743,1426
3463,1445.0750176855229,0.7124224681814743,1426
3464,1445.0750176855229,0.7124224681814743,1426
3465,1445.0750176855229,0.7124224681814743,1426
3466,1445.0750176855229,0.7124224681814743,1426
3467,1445.0750176855229,0.7124224681814743,1426
3468,1445.0750176855229,0.7124224681814743,1426
3469,1445.0750176855229,0.7124224681814743,1426
3470,1445.0750176855229,0.7124224681814743,1426
3471,1445.0750176855229,0.7124224681814743,1426
3472,1445.0750176855229,0.7124224681814743,1426
3473,1445.0750176855229,0.7124224681814743,1426
3474,1445.0750176855229,0.7124224681814743,1426
3475,1445.0750176855229,0.7124224681814743,1426
3476,1445.0750176855229,0.7124224681814743,1426
3477,1445.0750176855229,0.7124224681814743,1426
3478,1445.0750176855229,0.7124224681814743,1426
3479,1445.0750176855229,0.7124224681814743,1426
3480,1445.0750176855229,0.7124224681814743,1426
3481,1445.0750176855229,0.7124224681814743,1426
3482,1445.0750176855229,0.7124224681814743,1426
3483,1445.0750176855229,0.7124224681814743,1426
3484,1445.0750176855229,0.7124224681814743,1426
3485,1445.0750176855229,0.7124224681814743,1426
3486,1445.0750176855229,0.7124224681814743,1426
3487,1445.0750176855229,0.7124224681814743,1426
3488,1445.0750176855229,0.7124224681814743,1426
3489,1445.0750176855229,0.7124224681814743,1426
3490,1445.0750176855229,0.7124224681814743,1426
3491,1445.0750176855229,0.7124224681814743,1426
3492,1445.0750176855229,0.7124224681814743,1426
3493,1445.0750176855229,0.7124224681814743,1426
3494,1445.0750176855229,0.7124224681814743,1426
3495,1445.0750176855229,0.7124224681814743,1426
3496,1445.0750176855229,0.7124224681814743,1426
3497,1445.0750176855229,0.7124224681814743,1426
3498,1445.0750176855229,0.7124224681814743,1426
3499,1445.0750176855229,0.7124224681814743,1426
3500,1445.0750176855229,0.7124224681814743,1426
3501,1445.0750176855229,0.7124224681814743,1426
3502,1445.0750176855229,0.7124224681814743,1426
3503,1445.0750176855229,0.7124224681814743,1426
3504,1445.0750176855229,0.7124224681814743,1426
3505,1445.0750176855229,0.7124224681814743,1426
3506,1445.0750176855229,0.7124224681814743,1426
3507,1445.0750176855229,0.7124224681814743,1426
3508,1445.0750176855229,0.7124224681814743,1426
3509,1445.0750176855229,0.7124224681814743,1426
3510,1445.0750176855229,0.7124224681814743,1426
3511,1445.0750176855229,0.7124224681814743,1426
3512,1445.0750176855229,0.7124224681814743,1426
3513,1445.0750176855229,0.7124224681814743,1426
3514,1445.0750176855229,0.7124224681814743,1426
3515,1445.0750176855229,0.7124224681814743,1426
3516,1445.0750176855229,0.7124224681814743,1426
3517,1445.0750176855229,0.7124224681814743,1426
3518,1445.0750176855229,0.7124224681814743,1426
3519,1445.0750176855229,0.7124224681814743,1426
3520,1445.0750176855229,0.7124224681814743,1426
3521,1445.0750176855229,0.7124224681814743,1426
3522,1445.0750176855229,0.7124224681814743,1426
3523,1445.0750176855229,0.7124224681814743,1426
3524,1445.0750176855229,0.7124224681814743,1426
3525,1445.0750176855229,0.7124224681814743,1426
3526,1445.0750176855229,0.7124224681814743,1426
3527,1445.0750176855229,0.7124224681814743,1426
3528,1445.0750176855229,0.7124224681814743,1426
3529,1445.0750176855229,0.7124224681814743,1426
3530,1445.0750176855229,0.7124224681814743,1426
3531,1445.0750176855229,0.7124224681814743,1426
3532,1445.0750176855229,0.7124224681814743,1426
3533,1445.0750176855229,0.7124224681814743,1426
3534,1445.0750176855229,0.7124224681814743,1426
3535,1445.0750176855229,0.7124224681814743,1426
3536,1445.0750176855229,0.7124224681814743,1426
3537,1445.0750176855229,0.7124224681814743,1426
3538,1445.0750176855229,0.7124224681814743,1426
3539,1445.0750176855229,0.7124224681814743,1426
3540,1445.0750176855229,0.7124224681814743,1426
3541,1445.0750176855229,0.7124224681814743,1426
3542,1445.0750176855229,0.7124224681814743,1426
3543,1445.0750176855229,0.7124224681814743,1426
3544,1445.0750176855229,0.7124224681814743,1426
3545,1445.0750176855229,0.7124224681814743,1426
3546,1445.0750176855229,0.7124224681814743,1426
3547,1445.0750176855229,0.7124224681814743,1426
3548,1445.0750176855229,0.7124224681814743,1426
3549,1445.0750176855229,0.7124224681814743,1426
3550,1445.0750176855229,0.7124224681814743,1426
3551,1445.0750176855229,0.7124224681814743,1426
3552,1445.0750176855229,0.7124224681814743,1426
3553,1445.0750176855229,0.7124224681814743,1426
3554,1445.0750176855229,0.7124224681814743,1426
3555,1445.0750176855229,0.7124224681814743,1426
3556,1445.0750176855229,0.7124224681814743,1426
3557,1445.0750176855229,0.7124224681814743,1426
3558,1445.0750176855229,0.7124224681814743,1426
3559,1445.0750176855229,0.7124224681814743,1426
3560,1445.0750176855229,0.7124224681814743,1426
3561,1445.0750176855229,0.7124224681814743,1426
3562,1445.0750176855229,0.7124224681814743,1426
3563,1445.0750176855229,0.7124224681814743,1426
3564,1445.0750176855229,0.7124224681814743,1426
3565,1445.0750176855229,0.7124224681814743,1426
3566,1445.0750176855229,0.7124224681814743,1426
3567,1445.0750176855229,0.7124224681814743,1426
3568,1445.0750176855229,0.7124224681814743,1426
3569,1445.0750176855229,0.7124224681814743,1426
3570,1445.0750176855229,0.7124224681814743,1426
3571,1445.0750176855229,0.7124224681814743,1426
3572,1445.0750176855229,0.7124224681814743,1426
3573,1445.0750176855229,0.7124224681814743,1426
3574,1445.0750176855229,0.7124224681814743,1426
3575,1445.0750176855229,0.7124224681814743,1426
3576,1445.0750176855229,0.7124224681814743,1426
3577,1445.0750176855229,0.7124224681814743,1426
3578,1445.0750176855229,0.7124224681814743,1426
3579,1445.0750176855229,0.7124224681814743,1426
3580,1445.0750176855229,0.7124224681814743,1426
3581,1445.0750176855229,0.7124224681814743,1426
3582,1445.0750176855229,0.7124224681814743,1426
3583,1445.0750176855229,0.7124224681814743,1426
3584,1445.0750176855229,0.7124224681814743,1426
3585,1445.0750176855229,0.7124224681814743,1426
3586,1445.0750176855229,0.7124224681814743,1426
3587,1445.0750176855229,0.7124224681814743,1426
3588,1445.0750176855229,0.7124224681814743,1426
3589,1445.0750176855229,0.7124224681814743,1426
3590,1445.0750176855229,0.7124224681814743,1426
3591,1445.0750176855229,0.7124224681814743,1426
3592,1445.0750176855229,0.7124224681814743,1426
3593,1445.0750176855229,0.7124224681814743,1426
3594,1445.0750176855229,0.7124224681814743,1426
3595,1445.0750176855229,0.7124224681814743,1426
3596,1445.0750176855229,0.7124224681814743,1426
3597,1445.0750176855229,0.7124224681814743,1426
3598,1445.0750176855229,0.7124224681814743,1426
3599,1445.0750176855229,0.7124224681814743,1426
3600,1445.0750176855229,0.7124224681814743,1426
3601,1445.0750176855229,0.7124224681814743,1426
3602,1445.0750176855229,0.7124224681814743,1426
3603,1445.0750176855229,0.7124224681814743,1426
3604,1445.0750176855229,0.7124224681814743,1426
3605,1445.0750176855229,0.7124224681814743,1426
3606,1445.0750176855229,0.7124224681814743,1426
3607,1445.0750176855229,0.7124224681814743,1426
3608,1445.0750176855229,0.7124224681814743,1426
3609,1445.0750176855229,0.7124224681814743,1426
3610,1445.0750176855229,0.7124224681814743,1426
3611,1445.0750176855229,0.7124224681814743,1426
3612,1445.0750176855229,0.7124224681814743,1426
3613,1445.0750176855229,0.7124224681814743,1426
3614,1445.0750176855229,0.7124224681814743,1426
3615,1445.0750176855229,0.7124224681814743,1426
3616,1445.0750176855229,0.7124224681814743,1426
3617,1445.0750176855229,0.7124224681814743,1426
3618,1445.0750176855229,0.7124224681814743,1426
3619,1445.0750176855229,0.7124224681814743,1426
3620,1445.0750176855229,0.7124224681814743,1426
3621,1445.0750176855229,0.7124224681814743,1426
3622,1445.0750176855229,0.7124224681814743,1426
3623,1445.0750176855229,0.7124224681814743,1426
3624,1445.0750176855229,0.7124224681814743,1426
3625,1445.0750176855229,0.7124224681814743,1426
3626,1445.0750176855229,0.7124224681814743,1426
3627,1445.0750176855229,0.7124224681814743,1426
3628,1445.0750176855229,0.7124224681814743,1426
3629,1445.0750176855229,0.7124224681814743,1426
3630,1445.0750176855229,0.7124224681814743,1426
3631,1445.0750176855229,0.7124224681814743,1426
3632,1445.0750176855229,0.7124224681814743,1426
3633,1445.0750176855229,0.7124224681814743,1426
3634,1445.0750176855229,0.7124224681814743,1426
3635,1445.0750176855229,0.7124224681814743,1426
3636,1445.0750176855229,0.7124224681814743,1426
3637,1445.0750176855229,0.7124224681814743,1426
3638,1445.0750176855229,0.7124224681814743,1426
3639,1445.0750176855229,0.7124224681814743,1426
3640,1445.0750176855229,0.7124224681814743,1426
3641,1445.0750176855229,0.7124224681814743,1426
3642,1445.0750176855229,0.7124224681814743,1426
3643,1445.0750176855229,0.7124224681814743,1426
3644,1445.0750176855229,0.7124224681814743,1426
3645,1445.0750176855229,0.7124224681814743,1426
3646,1445.0750176855229,0.7124224681814743,1426
3647,1445.0750176855229,0.7124224681814743,1426
3648,1445.0750176855229,0.7124224681814743,1426
3649,1445.0750176855229,0.7124224681814743,1426
3650,1445.0750176855229,0.7124224681814743,1426
3651,1445.0750176855229,0.7124224681814743,1426
3652,1445.0750176855229,0.7124224681814743,1426
3653,1445.0750176855229,0.7124224681814743,1426
3654,1445.0750176855229,0.7124224681814743,1426
3655,1445.0750176855229,0.7124224681814743,1426
3656,1445.0750176855229,0.7124224681814743,1426
3657,1445.0750176855229,0.7124224681814743,1426
3658,1445.0750176855229,0.7124224681814743,1426
3659,1445.0750176855229,0.7124224681814743,1426
3660,1445.0750176855229,0.7124224681814743,1426
3661,1445.0750176855229,0.7124224681814743,1426
3662,1445.0750176855229,0.7124224681814743,1426
3663,1445.0750176855229,0.7124224681814743,1426
3664,1445.0750176855229,0.7124224681814743,1426
3665,1445.0750176855229,0.7124224681814743,1426
3666,1445.0750176855229,0.7124224681814743,1426
3667,1445.0750176855229,0.7124224681814743,1426
3668,1445.0750176855229,0.7124224681814743,1426
3669,1445.0750176855229,0.7124224681814743,1426
3670,1445.0750176855229,0.7124224681814743,1426
3671,1445.0750176855229,0.7124224681814743,1426
3672,1445.0750176855229,0.7124224681814743,1426
3673,1445.0750176855229,0.7124224681814743,1426
3674,1445.0750176855229,0.7124224681814743,1426
3675,1445.0750176855229,0.7124224681814743,1426
3676,1445.0750176855229,0.7124224681814743,1426
3677,1445.0750176855229,0.7124224681814743,1426
3678,1445.0750176855229,0.7124224681814743,1426
3679,1445.0750176855229,0.7124224681814743,1426
3680,1445.0750176855229,0.7124224681814743,1426
3681,1445.0750176855229,0.7124224681814743,1426
3682,1445.0750176855229,0.7124224681814743,1426
3683,1445.0750176855229,0.7124224681814743,1426
3684,1445.0750176855229,0.7124224681814743,1426
3685,1445.0750176855229,0.7124224681814743,1426
3686,1445.0750176855229,0.7124224681814743,1426
3687,1445.0750176855229,0.7124224681814743,1426
3688,1445.0750176855229,0.7124224681814743,1426
3689,1445.0750176855229,0.7124224681814743,1426
3690,1445.0750176855229,0.7124224681814743,1426
3691,1445.0750176855229,0.7124224681814743,1426
3692,1445.0750176855229,0.7124224681814743,1426
3693,1445.0750176855229,0.7124224681814743,1426
3694,1445.0750176855229,0.7124224681814743,1426
3695,1445.0750176855229,0.7124224681814743,1426
3696,1445.0750176855229,0.7124224681814743,1426
3697,1445.0750176855229,0.7124224681814743,1426
3698,1445.0750176855229,0.7124224681814743,1426
3699,1445.0750176855229,0.7124224681814743,1426
3700,1445.0750176855229,0.7124224681814743,1426
3701,1445.0750176855229,0.7124224681814743,1426
3702,1445.0750176855229,0.7124224681814743,1426
3703,1445.0750176855229,0.7124224681814743,1426
3704,1445.0750176855229,0.7124224681814743,1426
3705,1445.0750176855229,0.7124224681814743,1426
3706,1445.0750176855229,0.7124224681814743,1426
3707,1445.0750176855229,0.7124224681814743,1426
3708,1445.0750176855229,0.7124224681814743,1426
3709,1445.0750176855229,0.7124224681814743,1426
3710,1445.0750176855229,0.7124224681814743,1426
3711,1445.0750176855229,0.7124224681814743,1426
3712,1445.0750176855229,0.7124224681814743,1426
3713,1445.0750176855229,0.7124224681814743,1426
3714,1445.0750176855229,0.7124224681814743,1426
3715,1445.0750176855229,0.7124224681814743,1426
3716,1445.0750176855229,0.7124224681814743,1426
3717,1445.0750176855229,0.7124224681814743,1426
3718,1445.0750176855229,0.7124224681814743,1426
3719,1445.0750176855229,0.7124224681814743,1426
3720,1445.0750176855229,0.7124224681814743,1426
3721,1445.0750176855229,0.7124224681814743,1426
3722,1445.0750176855229,0.7124224681814743,1426
3723,1445.0750176855229,0.7124224681814743,1426
3724,1445.0750176855229,0.7124224681814743,1426
3725,1445.0750176855229,0.7124224681814743,1426
3726,1445.0750176855229,0.7124224681814743,1426
3727,1445.0750176855229,0.7124224681814743,1426
3728,1445.0750176855229,0.7124224681814743,1426
3729,1445.0750176855229,0.7124224681814743,1426
3730,1445.0750176855229,0.7124224681814743,1426
3731,1445.0750176855229,0.7124224681814743,1426
3732,1445.0750176855229,0.7124224681814743,1426
3733,1445.0750176855229,0.7124224681814743,1426
3734,1445.0750176855229,0.7124224681814743,1426
3735,1445.0750176855229,0.7124224681814743,1426
3736,1445.0750176855229,0.7124224681814743,1426
3737,1445.0750176855229,0.7124224681814743,1426
3738,1445.0750176855229,0.7124224681814743,1426
3739,1445.0750176855229,0.7124224681814743,1426
3740,1445.0750176855229,0.7124224681814743,1426
3741,1445.0750176855229,0.7124224681814743,1426
3742,1445.0750176855229,0.7124224681814743,1426
3743,1445.0750176855229,0.7124224681814743,1426
3744,1445.0750176855229,0.7124224681814743,1426
3745,1445.0750176855229,0.7124224681814743,1426
3746,1445.0750176855229,0.7124224681814743,1426
3747,1445.0750176855229,0.7124224681814743,1426
3748,1445.0750176855229,0.7124224681814743,1426
3749,1445.0750176855229,0.7124224681814743,1426
3750,1445.0750176855229,0.7124224681814743,1426
3751,1445.0750176855229,0.7124224681814743,1426
3752,1445.0750176855229,0.7124224681814743,1426
3753,1445.0750176855229,0.7124224681814743,1426
3754,1445.0750176855229,0.7124224681814743,1426
3755,1445.0750176855229,0.7124224681814743,1426
3756,1445.0750176855229,0.7124224681814743,1426
3757,1445.0750176855229,0.7124224681814743,1426
3758,1445.0750176855229,0.7124224681814743,1426
3759,1445.0750176855229,0.7124224681814743,1426
3760,1445.0750176855229,0.7124224681814743,1426
3761,1445.0750176855229,0.7124224681814743,1426
3762,1445.0750176855229,0.7124224681814743,1426
3763,1445.0750176855229,0.7124224681814743,1426
3764,1445.0750176855229,0.7124224681814743,1426
3765,1445.0750176855229,0.7124224681814743,1426
3766,1445.0750176855229,0.7124224681814743,1426
3767,1445.0750176855229,0.7124224681814743,1426
3768,1445.0750176855229,0.7124224681814743,1426
3769,1445.0750176855229,0.7124224681814743,1426
3770,1445.0750176855229,0.7124224681814743,1426
3771,1445.0750176855229,0.7124224681814743,1426
3772,1445.0750176855229,0.7124224681814743,1426
3773,1445.0750176855229,0.7124224681814743,1426
3774,1445.0750176855229,0.7124224681814743,1426
3775,1445.0750176855229,0.7124224681814743,1426
3776,1445.0750176855229,0.7124224681814743,1426
3777,1445.0750176855229,0.7124224681814743,1426
3778,1445.0750176855229,0.7124224681814743,1426
3779,1445.0750176855229,0.7124224681814743,1426
3780,1445.0750176855229,0.7124224681814743,1426
3781,1445.0750176855229,0.7124224681814743,1426
3782,1445.0750176855229,0.7124224681814743,1426
3783,1445.0750176855229,0.7124224681814743,1426
3784,1445.0750176855229,0.7124224681814743,1426
3785,1445.0750176855229,0.7124224681814743,1426
3786,1445.0750176855229,0.7124224681814743,1426
3787,1445.0750176855229,0.7124224681814743,1426
3788,1445.0750176855229,0.7124224681814743,1426
3789,1445.0750176855229,0.7124224681814743,1426
3790,1445.0750176855229,0.7124224681814743,1426
3791,1445.0750176855229,0.7124224681814743,1426
3792,1445.0750176855229,0.7124224681814743,1426
3793,1445.0750176855229,0.7124224681814743,1426
3794,1445.0750176855229,0.7124224681814743,1426
3795,1445.0750176855229,0.7124224681814743,1426
3796,1445.0750176855229,0.7124224681814743,1426
3797,1445.0750176855229,0.7124224681814743,1426
3798,1445.0750176855229,0.7124224681814743,1426
3799,1445.0750176855229,0.7124224681814743,1426
3800,1445.0750176855229,0.7124224681814743,1426
3801,1445.0750176855229,0.7124224681814743,1426
3802,1445.0750176855229,0.7124224681814743,1426
3803,1445.0750176855229,0.7124224681814743,1426
3804,1445.0750176855229,0.7124224681814743,1426
3805,1445.0750176855229,0.7124224681814743,1426
3806,1445.0750176855229,0.7124224681814743,1426
3807,1445.0750176855229,0.7124224681814743,1426
3808,1445.0750176855229,0.7124224681814743,1426
3809,1445.0750176855229,0.7124224681814743,1426
3810,1445.0750176855229,0.7124224681814743,1426
3811,1445.0750176855229,0.7124224681814743,1426
3812,1445.0750176855229,0.7124224681814743,1426
3813,1445.0750176855229,0.7124224681814743,1426
3814,1445.0750176855229,0.7124224681814743,1426
3815,1445.0750176855229,0.7124224681814743,1426
3816,1445.0750176855229,0.7124224681814743,1426
3817,1445.0750176855229,0.7124224681814743,1426
3818,1445.0750176855229,0.7124224681814743,1426
3819,1465.057247237954,0.727766512317894,1447
3820,1465.057247237954,0.727766512317894,1447
3821,1465.057247237954,0.727766512317894,1447
3822,1465.057247237954,0.727766512317894,1447
3823,1465.057247237954,0.727766512317894,1447
3824,1465.057247237954,0.727766512317894,1447
3825,1465.057247237954,0.727766512317894,1447
3826,1465.057247237954,0.727766512317894,1447
3827,1465.057247237954,0.727766512317894,1447
3828,1469.8186702484888,0.7313633310946944,1452
3829,1445.0750176855229,0.7124224681814743,1426
3830,1445.0750176855229,0.7124224681814743,1426
3831,1445.0750176855229,0.7124224681814743,1426
3832,1445.0750176855229,0.7124224681814743,1426
3833,1445.0750176855229,0.7124224681814743,1426
3834,1445.0750176855229,0.7124224681814743,1426
3835,1445.0750176855229,0.7124224681814743,1426
3836,1445.0750176855229,0.7124224681814743,1426
3837,1445.0750176855229,0.7124224681814743,1426
3838,1445.0750176855229,0.7124224681814743,1426
3839,1445.0750176855229,0.7124224681814743,1426
3840,1445.0750176855229,0.7124224681814743,1426
3841,1445.0750176855229,0.7124224681814743,1426
3842,1445.0750176855229,0.7124224681814743,1426
3843,1445.0750176855229,0.7124224681814743,1426
3844,1445.0750176855229,0.7124224681814743,1426
3845,1445.0750176855229,0.7124224681814743,1426
3846,1445.0750176855229,0.7124224681814743,1426
3847,1445.0750176855229,0.7124224681814743,1426
3848,1445.0750176855229,0.7124224681814743,1426
3849,1445.0750176855229,0.7124224681814743,1426
3850,1445.0750176855229,0.7124224681814743,1426
3851,1445.0750176855229,0.7124224681814743,1426
3852,1445.0750176855229,0.7124224681814743,1426
3853,1445.0750176855229,0.7124224681814743,1426
3854,1445.0750176855229,0.7124224681814743,1426
3855,1445.0750176855229,0.7124224681814743,1426
3856,1445.0750176855229,0.7124224681814743,1426
3857,1445.0750176855229,0.7124224681814743,1426
3858,1445.0750176855229,0.7124224681814743,1426
3859,1445.0750176855229,0.7124224681814743,1426
3860,1445.0750176855229,0.7124224681814743,1426
3861,1445.0750176855229,0.7124224681814743,1426
3862,1445.0750176855229,0.7124224681814743,1426
3863,1445.0750176855229,0.7124224681814743,1426
3864,1445.0750176855229,0.7124224681814743,1426
3865,1445.0750176855229,0.7124224681814743,1426
3866,1445.0750176855229,0.7124224681814743,1426
3867,1445.0750176855229,0.7124224681814743,1426
3868,1445.0750176855229,0.7124224681814743,1426
3869,1445.0750176855229,0.7124224681814743,1426
3870,1445.0750176855229,0.7124224681814743,1426
3871,1445.0750176855229,0.7124224681814743,1426
3872,1445.0750176855229,0.7124224681814743,1426
3873,1445.0750176855229,0.7124224681814743,1426
3874,1445.0750176855229,0.7124224681814743,1426
3875,1445.0750176855229,0.7124224681814743,1426
3876,1445.0750176855229,0.7124224681814743,1426
3877,1445.0750176855229,0.7124224681814743,1426
3878,1445.0750176855229,0.7124224681814743,1426
3879,1445.0750176855229,0.7124224681814743,1426
3880,1445.0750176855229,0.7124224681814743,1426
3881,1451.1403663654328,0.7114372626951173,1432
3882,1451.1403663654328,0.7114372626951173,1432
3883,1451.1403663654328,0.7114372626951173,1432
3884,1451.1403663654328,0.7114372626951173,1432
3885,1451.1403663654328,0.7114372626951173,1432
3886,1451.1403663654328,0.7114372626951173,1432
3887,1451.1403663654328,0.7114372626951173,1432
3888,1451.1403663654328,0.7114372626951173,1432
3889,1451.1403663654328,0.7114372626951173,1432
3890,1451.1403663654328,0.7114372626951173,1432
3891,1451.1403663654328,0.7114372626951173,1432
3892,1451.1403663654328,0.7114372626951173,1432
3893,1451.1403663654328,0.7114372626951173,1432
3894,1451.1403663654328,0.7114372626951173,1432
3895,1451.1403663654328,0.7114372626951173,1432
3896,1451.1403663654328,0.7114372626951173,1432
3897,1451.1403663654328,0.7114372626951173,1432
3898,1451.1403663654328,0.7114372626951173,1432
3899,1451.1403663654328,0.7114372626951173,1432
3900,1451.1403663654328,0.7114372626951173,1432
3901,1451.1403663654328,0.7114372626951173,1432
3902,1451.1403663654328,0.7114372626951173,1432
3903,1451.1403663654328,0.7114372626951173,1432
3904,1451.1403663654328,0.7114372626951173,1432
3905,1451.1403663654328,0.7114372626951173,1432
3906,1451.1403663654328,0.7114372626951173,1432
3907,1451.1403663654328,0.7114372626951173,1432
3908,1451.1403663654328,0.7114372626951173,1432
3909,1451.1403663654328,0.7114372626951173,1432
3910,1451.1403663654328,0.7114372626951173,1432
3911,1451.1403663654328,0.7114372626951173,1432
3912,1451.1403663654328,0.7114372626951173,1432
3913,1451.1403663654328,0.7114372626951173,1432
3914,1451.1403663654328,0.7114372626951173,1432
3915,1451.1403663654328,0.7114372626951173,1432
3916,1451.1403663654328,0.7114372626951173,1432
3917,1451.1403663654328,0.7114372626951173,1432
3918,1451.1403663654328,0.7114372626951173,1432
3919,1451.1403663654328,0.7114372626951173,1432
3920,1451.1403663654328,0.7114372626951173,1432
3921,1451.1403663654328,0.7114372626951173,1432
3922,1451.1403663654328,0.7114372626951173,1432
3923,1451.1403663654328,0.7114372626951173,1432
3924,1451.1403663654328,0.7114372626951173,1432
3925,1451.1403663654328,0.7114372626951173,1432
3926,1451.1403663654328,0.7114372626951173,1432
3927,1451.1403663654328,0.7114372626951173,1432
3928,1451.1403663654328,0.7114372626951173,1432
3929,1451.1403663654328,0.7114372626951173,1432
3930,1451.1403663654328,0.7114372626951173,1432
3931,1451.1403663654328,0.7114372626951173,1432
3932,1451.1403663654328,0.7114372626951173,1432
3933,1451.1403663654328,0.7114372626951173,1432
3934,1451.1403663654328,0.7114372626951173,1432
3935,1451.1403663654328,0.7114372626951173,1432
3936,1451.1403663654328,0.7114372626951173,1432
3937,1451.1403663654328,0.7114372626951173,1432
3938,1451.1403663654328,0.7114372626951173,1432
3939,1451.1403663654328,0.7114372626951173,1432
3940,1451.1403663654328,0.7114372626951173,1432
3941,1451.1403663654328,0.7114372626951173,1432
3942,1451.1403663654328,0.7114372626951173,1432
3943,1451.1403663654328,0.7114372626951173,1432
3944,1451.1403663654328,0.7114372626951173,1432
3945,1451.1403663654328,0.7114372626951173,1432
3946,1451.1403663654328,0.7114372626951173,1432
3947,1451.1403663654328,0.7114372626951173,1432
3948,1451.1403663654328,0.7114372626951173,1432
3949,1451.1403663654328,0.7114372626951173,1432
3950,1451.1403663654328,0.7114372626951173,1432
3951,1451.1403663654328,0.7114372626951173,1432
3952,1451.1403663654328,0.7114372626951173,1432
3953,1451.1403663654328,0.7114372626951173,1432
3954,1451.1403663654328,0.7114372626951173,1432
3955,1451.1403663654328,0.7114372626951173,1432
3956,1451.1403663654328,0.7114372626951173,1432
3957,1451.1403663654328,0.7114372626951173,1432
3958,1451.1403663654328,0.7114372626951173,1432
3959,1451.1403663654328,0.7114372626951173,1432
3960,1451.1403663654328,0.7114372626951173,1432
3961,1451.1403663654328,0.7114372626951173,1432
3962,1451.1403663654328,0.7114372626951173,1432
3963,1451.1403663654328,0.7114372626951173,1432
3964,1451.1403663654328,0.7114372626951173,1432
3965,1451.1403663654328,0.7114372626951173,1432
3966,1451.1403663654328,0.7114372626951173,1432
3967,1451.1403663654328,0.7114372626951173,1432
3968,1451.1403663654328,0.7114372626951173,1432
3969,1451.1403663654328,0.7114372626951173,1432
3970,1445.0750176855229,0.7124224681814743,1426
3971,1445.0750176855229,0.7124224681814743,1426
3972,1445.0750176855229,0.7124224681814743,1426
3973,1445.0750176855229,0.7124224681814743,1426
3974,1445.0750176855229,0.7124224681814743,1426
3975,1445.0750176855229,0.7124224681814743,1426
3976,1445.0750176855229,0.7124224681814743,1426
3977,1445.0750176855229,0.7124224681814743,1426
3978,1445.0750176855229,0.7124224681814743,1426
3979,1445.0750176855229,0.7124224681814743,1426
3980,1445.0750176855229,0.7124224681814743,1426
3981,1445.0750176855229,0.7124224681814743,1426
3982,1445.0750176855229,0.7124224681814743,1426
3983,1445.0750176855229,0.7124224681814743,1426
3984,1445.0750176855229,0.7124224681814743,1426
3985,1445.0750176855229,0.7124224681814743,1426
3986,1445.0750176855229,0.7124224681814743,1426
3987,1445.0750176855229,0.7124224681814743,1426
3988,1445.0750176855229,0.7124224681814743,1426
3989,1445.0750176855229,0.7124224681814743,1426
3990,1445.0750176855229,0.7124224681814743,1426
3991,1445.0750176855229,0.7124224681814743,1426
3992,1445.0750176855229,0.7124224681814743,1426
3993,1445.0750176855229,0.7124224681814743,1426
3994,1445.0750176855229,0.7124224681814743,1426
3995,1445.0750176855229,0.7124224681814743,1426
3996,1445.0750176855229,0.7124224681814743,1426
3997,1445.0750176855229,0.7124224681814743,1426
3998,1445.0750176855229,0.7124224681814743,1426
3999,1445.0750176855229,0.7124224681814743,1426
4000,1445.0750176855229,0.7124224681814743,1426
4001,1445.0750176855229,0.7124224681814743,1426
4002,1445.0750176855229,0.7124224681814743,1426
4003,1445.0750176855229,0.7124224681814743,1426
4004,1445.0750176855229,0.7124224681814743,1426
4005,1445.0750176855229,0.7124224681814743,1426
4006,1445.0750176855229,0.7124224681814743,1426
4007,1445.0750176855229,0.7124224681814743,1426
4008,1445.0750176855229,0.7124224681814743,1426
4009,1445.0750176855229,0.7124224681814743,1426
4010,1445.0750176855229,0.7124224681814743,1426
4011,1445.0750176855229,0.7124224681814743,1426
4012,1445.0750176855229,0.7124224681814743,1426
4013,1445.0750176855229,0.7124224681814743,1426
4014,1445.0750176855229,0.7124224681814743,1426
4015,1445.0750176855229,0.7124224681814743,1426
4016,1445.0750176855229,0.7124224681814743,1426
4017,1445.0750176855229,0.7124224681814743,1426
4018,1445.0750176855229,0.7124224681814743,1426
4019,1445.0750176855229,0.7124224681814743,1426
4020,1445.0750176855229,0.7124224681814743,1426
4021,1445.0750176855229,0.7124224681814743,1426
4022,1445.0750176855229,0.7124224681814743,1426
4023,1445.0750176855229,0.7124224681814743,1426
4024,1445.0750176855229,0.7124224681814743,1426
4025,1445.0750176855229,0.7124224681814743,1426
4026,1445.0750176855229,0.7124224681814743,1426
4027,1445.0750176855229,0.7124224681814743,1426
4028,1445.0750176855229,0.7124224681814743,1426
4029,1445.0750176855229,0.7124224681814743,1426
4030,1445.0750176855229,0.7124224681814743,1426
4031,1445.0750176855229,0.7124224681814743,1426
4032,1445.0750176855229,0.7124224681814743,1426
4033,1445.0750176855229,0.7124224681814743,1426
4034,1445.0750176855229,0.7124224681814743,1426
4035,1445.0750176855229,0.7124224681814743,1426
4036,1445.0750176855229,0.7124224681814743,1426
4037,1445.0750176855229,0.7124224681814743,1426
4038,1445.0750176855229,0.7124224681814743,1426
4039,1433.9537102470347,0.7142513154374387,1415
4040,1433.9537102470347,0.7142513154374387,1415
4041,1433.9537102470347,0.7142513154374387,1415
4042,1433.9537102470347,0.7142513154374387,1415
4043,1433.9537102470347,0.7142513154374387,1415
4044,1433.9537102470347,0.7142513154374387,1415
4045,1433.9537102470347,0.7142513154374387,1415
4046,1433.9537102470347,0.7142513154374387,1415
4047,1433.9537102470347,0.7142513154374387,1415
4048,1433.9537102470347,0.7142513154374387,1415
4049,1433.9537102470347,0.7142513154374387,1415
4050,1433.9537102470347,0.7142513154374387,1415
4051,1433.9537102470347,0.7142513154374387,1415
4052,1433.9537102470347,0.7142513154374387,1415
4053,1433.9537102470347,0.7142513154374387,1415
4054,1433.9537102470347,0.7142513154374387,1415
4055,1433.9537102470347,0.7142513154374387,1415
4056,1433.9537102470347,0.7142513154374387,1415
4057,1433.9537102470347,0.7142513154374387,1415
4058,1433.9537102470347,0.7142513154374387,1415
4059,1433.9537102470347,0.7142513154374387,1415
4060,1433.9537102470347,0.7142513154374387,1415
4061,1433.9537102470347,0.7142513154374387,1415
4062,1433.9537102470347,0.7142513154374387,1415
4063,1433.9537102470347,0.7142513154374387,1415
4064,1433.9537102470347,0.7142513154374387,1415
4065,1433.9537102470347,0.7142513154374387,1415
4066,1433.9537102470347,0.7142513154374387,1415
4067,1433.9537102470347,0.7142513154374387,1415
4068,1433.9537102470347,0.7142513154374387,1415
4069,1433.9537102470347,0.7142513154374387,1415
4070,1433.9537102470347,0.7142513154374387,1415
4071,1433.9537102470347,0.7142513154374387,1415
4072,1433.9537102470347,0.7142513154374387,1415
4073,1433.9537102470347,0.7142513154374387,1415
4074,1433.9537102470347,0.7142513154374387,1415
4075,1433.9537102470347,0.7142513154374387,1415
4076,1433.9537102470347,0.7142513154374387,1415
4077,1433.9537102470347,0.7142513154374387,1415
4078,1433.9537102470347,0.7142513154374387,1415
4079,1433.9537102470347,0.7142513154374387,1415
4080,1433.9537102470347,0.7142513154374387,1415
4081,1433.9537102470347,0.7142513154374387,1415
4082,1433.9537102470347,0.7142513154374387,1415
4083,1433.9537102470347,0.7142513154374387,1415
4084,1433.9537102470347,0.7142513154374387,1415
4085,1433.9537102470347,0.7142513154374387,1415
4086,1433.9537102470347,0.7142513154374387,1415
4087,1433.9537102470347,0.7142513154374387,1415
4088,1447.0968642514722,0.7120931064153136,1428
4089,1447.0968642514722,0.7120931064153136,1428
4090,1447.0968642514722,0.7120931064153136,1428
4091,1447.0968642514722,0.7120931064153136,1428
4092,1447.0968642514722,0.7120931064153136,1428
4093,1447.0968642514722,0.7120931064153136,1428
4094,1447.0968642514722,0.7120931064153136,1428
4095,1447.0968642514722,0.7120931064153136,1428
4096,1447.0968642514722,0.7120931064153136,1428
4097,1446.0859489544866,0.7122576669005498,1427
4098,1446.0859489544866,0.7122576669005498,1427
4099,1446.0859489544866,0.7122576669005498,1427
4100,1446.0859489544866,0.7122576669005498,1427
4101,1446.0859489544866,0.7122576669005498,1427
4102,1446.0859489544866,0.7122576669005498,1427
4103,1446.0859489544866,0.7122576669005498,1427
4104,1446.0859489544866,0.7122576669005498,1427
4105,1446.0859489544866,0.7122576669005498,1427
4106,1446.0859489544866,0.7122576669005498,1427
4107,1446.0859489544866,0.7122576669005498,1427
4108,1446.0859489544866,0.7122576669005498,1427
4109,1446.0859489544866,0.7122576669005498,1427
4110,1446.0859489544866,0.7122576669005498,1427
4111,1446.0859489544866,0.7122576669005498,1427
4112,1446.0859489544866,0.7122576669005498,1427
4113,1446.0859489544866,0.7122576669005498,1427
4114,1446.0859489544866,0.7122576669005498,1427
4115,1446.0859489544866,0.7122576669005498,1427
4116,1446.0859489544866,0.7122576669005498,1427
4117,1446.0859489544866,0.7122576669005498,1427
4118,1446.0859489544866,0.7122576669005498,1427
4119,1446.0859489544866,0.7122576669005498,1427
4120,1446.0859489544866,0.7122576669005498,1427
4121,1446.0859489544866,0.7122576669005498,1427
4122,1446.0859489544866,0.7122576669005498,1427
4123,1446.0859489544866,0.7122576669005498,1427
4124,1446.0859489544866,0.7122576669005498,1427
4125,1446.0859489544866,0.7122576669005498,1427
4126,1446.0859489544866,0.7122576669005498,1427
4127,1446.0859489544866,0.7122576669005498,1427
4128,1446.0859489544866,0.7122576669005498,1427
4129,1446.0859489544866,0.7122576669005498,1427
4130,1446.0859489544866,0.7122576669005498,1427
4131,1446.0859489544866,0.7122576669005498,1427
4132,1446.0859489544866,0.7122576669005498,1427
4133,1446.0859489544866,0.7122576669005498,1427
4134,1446.0859489544866,0.7122576669005498,1427
4135,1446.0859489544866,0.7122576669005498,1427
4136,1446.0859489544866,0.7122576669005498,1427
4137,1446.0859489544866,0.7122576669005498,1427
4138,1446.0859489544866,0.7122576669005498,1427
4139,1446.0859489544866,0.7122576669005498,1427
4140,1446.0859489544866,0.7122576669005498,1427
4141,1446.0859489544866,0.7122576669005498,1427
4142,1446.0859489544866,0.7122576669005498,1427
4143,1448.1077636088278,0.7119287862380862,1429
4144,1448.1077636088278,0.7119287862380862,1429
4145,1448.1077636088278,0.7119287862380862,1429
4146,1448.1077636088278,0.7119287862380862,1429
4147,1448.1077636088278,0.7119287862380862,1429
4148,1448.1077636088278,0.7119287862380862,1429
4149,1448.1077636088278,0.7119287862380862,1429
4150,1448.1077636088278,0.7119287862380862,1429
4151,1448.1077636088278,0.7119287862380862,1429
4152,1448.1077636088278,0.7119287862380862,1429
4153,1448.1077636088278,0.7119287862380862,1429
4154,1448.1077636088278,0.7119287862380862,1429
4155,1448.1077636088278,0.7119287862380862,1429
4156,1448.1077636088278,0.7119287862380862,1429
4157,1448.1077636088278,0.7119287862380862,1429
4158,1448.1077636088278,0.7119287862380862,1429
4159,1446.0859489544866,0.7122576669005498,1427
4160,1446.0859489544866,0.7122576669005498,1427
4161,1446.0859489544866,0.7122576669005498,1427
4162,1446.0859489544866,0.7122576669005498,1427
4163,1446.0859489544866,0.7122576669005498,1427
4164,1446.0859489544866,0.7122576669005498,1427
4165,1446.0859489544866,0.7122576669005498,1427
4166,1446.0859489544866,0.7122576669005498,1427
4167,1446.0859489544866,0.7122576669005498,1427
4168,1446.0859489544866,0.7122576669005498,1427
4169,1446.0859489544866,0.7122576669005498,1427
4170,1446.0859489544866,0.7122576669005498,1427
4171,1446.0859489544866,0.7122576669005498,1427
4172,1446.0859489544866,0.7122576669005498,1427
4173,1446.0859489544866,0.7122576669005498,1427
4174,1467.3118653309389,0.7088517212281196,1448
4175,1467.3118653309389,0.7088517212281196,1448
4176,1467.3118653309389,0.7088517212281196,1448
4177,1467.3118653309389,0.7088517212281196,1448
4178,1467.3118653309389,0.7088517212281196,1448
4179,1467.3118653309389,0.7088517212281196,1448
4180,1467.3118653309389,0.7088517212281196,1448
4181,1467.3118653309389,0.7088517212281196,1448
4182,1467.3118653309389,0.7088517212281196,1448
4183,1467.3118653309389,0.7088517212281196,1448
4184,1467.3118653309389,0.7088517212281196,1448
4185,1467.3118653309389,0.7088517212281196,1448
4186,1467.3118653309389,0.7088517212281196,1448
4187,1467.3118653309389,0.7088517212281196,1448
4188,1467.3118653309389,0.7088517212281196,1448
4189,1467.3118653309389,0.7088517212281196,1448
4190,1467.3118653309389,0.7088517212281196,1448
4191,1467.3118653309389,0.7088517212281196,1448
4192,1467.3118653309389,0.7088517212281196,1448
4193,1467.3118653309389,0.7088517212281196,1448
4194,1467.3118653309389,0.7088517212281196,1448
4195,1467.3118653309389,0.7088517212281196,1448
4196,1467.3118653309389,0.7088517212281196,1448
4197,1467.3118653309389,0.7088517212281196,1448
4198,1467.3118653309389,0.7088517212281196,1448
4199,1467.3118653309389,0.7088517212281196,1448
4200,1467.3118653309389,0.7088517212281196,1448
4201,1467.3118653309389,0.7088517212281196,1448
4202,1467.3118653309389,0.7088517212281196,1448
4203,1467.3118653309389,0.7088517212281196,1448
4204,1467.3118653309389,0.7088517212281196,1448
4205,1467.3118653309389,0.7088517212281196,1448
4206,1467.3118653309389,0.7088517212281196,1448
4207,1467.3118653309389,0.7088517212281196,1448
4208,1467.3118653309389,0.7088517212281196,1448
4209,1467.3118653309389,0.7088517212281196,1448
4210,1467.3118653309389,0.7088517212281196,1448
4211,1467.3118653309389,0.7088517212281196,1448
4212,1467.3118653309389,0.7088517212281196,1448
4213,1467.3118653309389,0.7088517212281196,1448
4214,1467.3118653309389,0.7088517212281196,1448
4215,1467.3118653309389,0.7088517212281196,1448
4216,1467.3118653309389,0.7088517212281196,1448
4217,1467.3118653309389,0.7088517212281196,1448
4218,1467.3118653309389,0.7088517212281196,1448
4219,1460.2373242756064,0.7099755122025273,1441
4220,1460.2373242756064,0.7099755122025273,1441
4221,1460.2373242756064,0.7099755122025273,1441
4222,1460.2373242756064,0.7099755122025273,1441
4223,1460.2373242756064,0.7099755122025273,1441
4224,1460.2373242756064,0.7099755122025273,1441
4225,1460.2373242756064,0.7099755122025273,1441
4226,1460.2373242756064,0.7099755122025273,1441
4227,1460.2373242756064,0.7099755122025273,1441
4228,1460.2373242756064,0.7099755122025273,1441
4229,1460.2373242756064,0.7099755122025273,1441
4230,1460.2373242756064,0.7099755122025273,1441
4231,1461.248019326508,0.7098142721768743,1442
4232,1461.248019326508,0.7098142721768743,1442
4233,1461.248019326508,0.7098142721768743,1442
4234,1461.248019326508,0.7098142721768743,1442
4235,1461.248019326508,0.7098142721768743,1442
4236,1461.248019326508,0.7098142721768743,1442
4237,1461.248019326508,0.7098142721768743,1442
4238,1461.248019326508,0.7098142721768743,1442
4239,1460.2966321553336,0.7090813786320904,1441
4240,1460.2966321553336,0.7090813786320904,1441
4241,1460.2966321553336,0.7090813786320904,1441
4242,1460.2966321553336,0.7090813786320904,1441
4243,1460.2966321553336,0.7090813786320904,1441
4244,1461.248019326508,0.7098142721768743,1442
4245,1461.248019326508,0.7098142721768743,1442
4246,1461.248019326508,0.7098142721768743,1442
4247,1461.248019326508,0.7098142721768743,1442
4248,1461.248019326508,0.7098142721768743,1442
4249,1461.248019326508,0.7098142721768743,1442
4250,1461.248019326508,0.7098142721768743,1442
4251,1461.248019326508,0.7098142721768743,1442
4252,1461.248019326508,0.7098142721768743,1442
4253,1461.248019326508,0.7098142721768743,1442
4254,1461.248019326508,0.7098142721768743,1442
4255,1461.248019326508,0.7098142721768743,1442
4256,1461.248019326508,0.7098142721768743,1442
4257,1461.248019326508,0.7098142721768743,1442
4258,1461.248019326508,0.7098142721768743,1442
4259,1461.248019326508,0.7098142721768743,1442
4260,1461.248019326508,0.7098142721768743,1442
4261,1461.248019326508,0.7098142721768743,1442
4262,1461.248019326508,0.7098142721768743,1442
4263,1461.248019326508,0.7098142721768743,1442
4264,1461.248019326508,0.7098142721768743,1442
4265,1461.248019326508,0.7098142721768743,1442
4266,1461.248019326508,0.7098142721768743,1442
4267,1461.248019326508,0.7098142721768743,1442
4268,1461.248019326508,0.7098142721768743,1442
4269,1461.248019326508,0.7098142721768743,1442
4270,1461.248019326508,0.7098142721768743,1442
4271,1461.248019326508,0.7098142721768743,1442
4272,1461.248019326508,0.7098142721768743,1442
4273,1461.248019326508,0.7098142721768743,1442
4274,1461.248019326508,0.7098142721768743,1442
4275,1461.248019326508,0.7098142721768743,1442
4276,1461.248019326508,0.7098142721768743,1442
4277,1461.248019326508,0.7098142721768743,1442
4278,1461.248019326508,0.7098142721768743,1442
4279,1461.248019326508,0.7098142721768743,1442
4280,1461.248019326508,0.7098142721768743,1442
4281,1461.248019326508,0.7098142721768743,1442
4282,1461.248019326508,0.7098142721768743,1442
4283,1461.248019326508,0.7098142721768743,1442
4284,1461.248019326508,0.7098142721768743,1442
4285,1461.248019326508,0.7098142721768743,1442
4286,1461.248019326508,0.7098142721768743,1442
4287,1459.3452983422696,0.7083476806532539,1440
4288,1459.3452983422696,0.7083476806532539,1440
4289,1459.3452983422696,0.7083476806532539,1440
4290,1459.3452983422696,0.7083476806532539,1440
4291,1459.3452983422696,0.7083476806532539,1440
4292,1459.3452983422696,0.7083476806532539,1440
4293,1446.9827484251782,0.6987373974795988,1427
4294,1446.9827484251782,0.6987373974795988,1427
4295,1438.9003927307288,0.699979003004239,1419
4296,1438.9003927307288,0.699979003004239,1419
4297,1438.9003927307288,0.699979003004239,1419
4298,1438.9003927307288,0.699979003004239,1419
4299,1438.9003927307288,0.699979003004239,1419
4300,1438.9003927307288,0.699979003004239,1419
4301,1438.9003927307288,0.699979003004239,1419
4302,1438.9003927307288,0.699979003004239,1419
4303,1438.9003927307288,0.699979003004239,1419
4304,1438.9003927307288,0.699979003004239,1419
4305,1441.9313904828853,0.6995116767241797,1422
4306,1441.9313904828853,0.6995116767241797,1422
4307,1441.9313904828853,0.6995116767241797,1422
4308,1441.9313904828853,0.6995116767241797,1422
4309,1443.951979247841,0.6992012777349444,1424
4310,1443.951979247841,0.6992012777349444,1424
4311,1443.951979247841,0.6992012777349444,1424
4312,1440.9210732113145,0.699667221297837,1421
4313,1440.9210732113145,0.699667221297837,1421
4314,1431.827525335569,0.7010775616528144,1412
4315,1431.827525335569,0.7010775616528144,1412
4316,1431.827525335569,0.7010775616528144,1412
4317,1431.827525335569,0.7010775616528144,1412
4318,1431.827525335569,0.7010775616528144,1412
4319,1431.827525335569,0.7010775616528144,1412
4320,1432.8379814800642,0.7009199234122685,1413
4321,1432.8379814800642,0.7009199234122685,1413
4322,1432.8379814800642,0.7009199234122685,1413
4323,1432.8379814800642,0.7009199234122685,1413
4324,1432.8379814800642,0.7009199234122685,1413
4325,1432.8379814800642,0.7009199234122685,1413
4326,1432.8379814800642,0.7009199234122685,1413
4327,1432.8379814800642,0.7009199234122685,1413
4328,1432.8379814800642,0.7009199234122685,1413
4329,1432.8379814800642,0.7009199234122685,1413
4330,1432.8379814800642,0.7009199234122685,1413
4331,1432.8379814800642,0.7009199234122685,1413
4332,1432.8379814800642,0.7009199234122685,1413
4333,1432.8379814800642,0.7009199234122685,1413
4334,1432.8379814800642,0.7009199234122685,1413
4335,1432.8379814800642,0.7009199234122685,1413
4336,1432.8379814800642,0.7009199234122685,1413
4337,1432.8379814800642,0.7009199234122685,1413
4338,1432.8379814800642,0.7009199234122685,1413
4339,1432.8379814800642,0.7009199234122685,1413
4340,1432.8379814800642,0.7009199234122685,1413
4341,1432.8379814800642,0.7009199234122685,1413
4342,1432.8379814800642,0.7009199234122685,1413
4343,1432.8379814800642,0.7009199234122685,1413
4344,1432.8379814800642,0.7009199234122685,1413
4345,1432.8379814800642,0.7009199234122685,1413
4346,1432.8379814800642,0.7009199234122685,1413
4347,1432.8379814800642,0.7009199234122685,1413
4348,1435.8692566860389,0.7004484142011338,1416
4349,1435.8692566860389,0.7004484142011338,1416
4350,1435.8692566860389,0.7004484142011338,1416
4351,1435.8692566860389,0.7004484142011338,1416
4352,1435.8692566860389,0.7004484142011338,1416
4353,1435.8692566860389,0.7004484142011338,1416
4354,1435.8692566860389,0.7004484142011338,1416
4355,1435.8692566860389,0.7004484142011338,1416
4356,1435.8692566860389,0.7004484142011338,1416
4357,1435.8692566860389,0.7004484142011338,1416
4358,1435.8692566860389,0.7004484142011338,1416
4359,1435.8692566860389,0.7004484142011338,1416
4360,1435.8692566860389,0.7004484142011338,1416
4361,1435.8692566860389,0.7004484142011338,1416
4362,1435.8692566860389,0.7004484142011338,1416
4363,1435.8692566860389,0.7004484142011338,1416
4364,1435.8692566860389,0.7004484142011338,1416
4365,1435.8692566860389,0.7004484142011338,1416
4366,1435.8692566860389,0.7004484142011338,1416
4367,1435.8692566860389,0.7004484142011338,1416
4368,1435.8692566860389,0.7004484142011338,1416
4369,1435.8692566860389,0.7004484142011338,1416
4370,1435.8692566860389,0.7004484142011338,1416
4371,1435.8692566860389,0.7004484142011338,1416
4372,1435.8692566860389,0.7004484142011338,1416
4373,1439.9107406379064,0.699822996564051,1420
4374,1439.9107406379064,0.699822996564051,1420
4375,1439.9107406379064,0.699822996564051,1420
4376,1439.9107406379064,0.699822996564051,1420
4377,1439.9107406379064,0.699822996564051,1420
4378,1439.9107406379064,0.699822996564051,1420
4379,1439.9107406379064,0.699822996564051,1420
4380,1439.9107406379064,0.699822996564051,1420
4381,1439.9107406379064,0.699822996564051,1420
4382,1439.9107406379064,0.699822996564051,1420
4383,1439.9107406379064,0.699822996564051,1420
4384,1439.9107406379064,0.699822996564051,1420
4385,1439.9107406379064,0.699822996564051,1420
4386,1439.9107406379064,0.699822996564051,1420
4387,1439.9107406379064,0.699822996564051,1420
4388,1439.9107406379064,0.699822996564051,1420
4389,1439.9107406379064,0.699822996564051,1420
4390,1439.9107406379064,0.699822996564051,1420
4391,1439.9107406379064,0.699822996564051,1420
4392,1439.9107406379064,0.699822996564051,1420
4393,1439.9107406379064,0.699822996564051,1420
4394,1439.9107406379064,0.699822996564051,1420
4395,1439.9107406379064,0.699822996564051,1420
4396,1439.9107406379064,0.699822996564051,1420
4397,1439.9107406379064,0.699822996564051,1420
4398,1439.9107406379064,0.699822996564051,1420
4399,1439.9107406379064,0.699822996564051,1420
4400,1439.9107406379064,0.699822996564051,1420
4401,1439.9107406379064,0.699822996564051,1420
4402,1439.9107406379064,0.699822996564051,1420
4403,1439.9107406379064,0.699822996564051,1420
4404,1439.9107406379064,0.699822996564051,1420
4405,1439.9107406379064,0.699822996564051,1420
4406,1439.9107406379064,0.699822996564051,1420
4407,1439.9107406379064,0.699822996564051,1420
4408,1439.9107406379064,0.699822996564051,1420
4409,1439.9107406379064,0.699822996564051,1420
4410,1439.9107406379064,0.699822996564051,1420
4411,1439.199950792358,0.6954628253828125,1419
4412,1439.199950792358,0.6954628253828125,1419
4413,1439.199950792358,0.6954628253828125,1419
4414,1439.199950792358,0.6954628253828125,1419
4415,1439.199950792358,0.6954628253828125,1419
4416,1439.199950792358,0.6954628253828125,1419
4417,1439.199950792358,0.6954628253828125,1419
4418,1439.199950792358,0.6954628253828125,1419
4419,1439.199950792358,0.6954628253828125,1419
4420,1439.199950792358,0.6954628253828125,1419
4421,1439.199950792358,0.6954628253828125,1419
4422,1439.199950792358,0.6954628253828125,1419
4423,1439.199950792358,0.6954628253828125,1419
4424,1439.199950792358,0.6954628253828125,1419
4425,1439.199950792358,0.6954628253828125,1419
4426,1439.199950792358,0.6954628253828125,1419
4427,1439.199950792358,0.6954628253828125,1419
4428,1439.199950792358,0.6954628253828125,1419
4429,1439.199950792358,0.6954628253828125,1419
4430,1439.199950792358,0.6954628253828125,1419
4431,1439.199950792358,0.6954628253828125,1419
4432,1439.199950792358,0.6954628253828125,1419
4433,1439.199950792358,0.6954628253828125,1419
4434,1439.199950792358,0.6954628253828125,1419
4435,1439.199950792358,0.6954628253828125,1419
4436,1439.199950792358,0.6954628253828125,1419
4437,1439.199950792358,0.6954628253828125,1419
4438,1439.199950792358,0.6954628253828125,1419
4439,1439.199950792358,0.6954628253828125,1419
4440,1439.199950792358,0.6954628253828125,1419
4441,1439.199950792358,0.6954628253828125,1419
4442,1439.199950792358,0.6954628253828125,1419
4443,1439.199950792358,0.6954628253828125,1419
4444,1439.199950792358,0.6954628253828125,1419
4445,1439.199950792358,0.6954628253828125,1419
4446,1439.199950792358,0.6954628253828125,1419
4447,1439.199950792358,0.6954628253828125,1419
4448,1439.199950792358,0.6954628253828125,1419
4449,1439.199950792358,0.6954628253828125,1419
4450,1439.199950792358,0.6954628253828125,1419
4451,1439.199950792358,0.6954628253828125,1419
4452,1439.199950792358,0.6954628253828125,1419
4453,1439.199950792358,0.6954628253828125,1419
4454,1439.199950792358,0.6954628253828125,1419
4455,1439.199950792358,0.6954628253828125,1419
4456,1439.199950792358,0.6954628253828125,1419
4457,1439.199950792358,0.6954628253828125,1419
4458,1439.199950792358,0.6954628253828125,1419
4459,1439.199950792358,0.6954628253828125,1419
4460,1439.199950792358,0.6954628253828125,1419
4461,1437.1796775066548,0.6957684681644073,1417
4462,1437.1796775066548,0.6957684681644073,1417
4463,1437.1796775066548,0.6957684681644073,1417
4464,1437.1796775066548,0.6957684681644073,1417
4465,1437.1796775066548,0.6957684681644073,1417
4466,1437.1796775066548,0.6957684681644073,1417
4467,1437.1796775066548,0.6957684681644073,1417
4468,1437.1796775066548,0.6957684681644073,1417
4469,1437.1796775066548,0.6957684681644073,1417
4470,1437.1796775066548,0.6957684681644073,1417
4471,1437.1796775066548,0.6957684681644073,1417
4472,1437.1796775066548,0.6957684681644073,1417
4473,1437.1796775066548,0.6957684681644073,1417
4474,1437.1796775066548,0.6957684681644073,1417
4475,1437.1796775066548,0.6957684681644073,1417
4476,1437.1796775066548,0.6957684681644073,1417
4477,1437.1796775066548,0.6957684681644073,1417
4478,1437.1796775066548,0.6957684681644073,1417
4479,1437.1796775066548,0.6957684681644073,1417
4480,1437.1796775066548,0.6957684681644073,1417
4481,1437.1796775066548,0.6957684681644073,1417
4482,1437.1796775066548,0.6957684681644073,1417
4483,1437.1796775066548,0.6957684681644073,1417
4484,1437.1796775066548,0.6957684681644073,1417
4485,1437.1796775066548,0.6957684681644073,1417
4486,1437.1796775066548,0.6957684681644073,1417
4487,1430.529421999447,0.6904956731577404,1410
4488,1430.529421999447,0.6904956731577404,1410
4489,1430.529421999447,0.6904956731577404,1410
4490,1430.529421999447,0.6904956731577404,1410
4491,1430.529421999447,0.6904956731577404,1410
4492,1430.529421999447,0.6904956731577404,1410
4493,1430.529421999447,0.6904956731577404,1410
4494,1430.529421999447,0.6904956731577404,1410
4495,1430.529421999447,0.6904956731577404,1410
4496,1430.529421999447,0.6904956731577404,1410
4497,1430.529421999447,0.6904956731577404,1410
4498,1430.529421999447,0.6904956731577404,1410
4499,1430.529421999447,0.6904956731577404,1410
4500,1430.529421999447,0.6904956731577404,1410
4501,1430.529421999447,0.6904956731577404,1410
4502,1430.529421999447,0.6904956731577404,1410
4503,1430.529421999447,0.6904956731577404,1410
4504,1430.529421999447,0.6904956731577404,1410
4505,1430.529421999447,0.6904956731577404,1410
4506,1430.529421999447,0.6904956731577404,1410
4507,1430.529421999447,0.6904956731577404,1410
4508,1430.529421999447,0.6904956731577404,1410
4509,1430.529421999447,0.6904956731577404,1410
4510,1430.529421999447,0.6904956731577404,1410
4511,1430.529421999447,0.6904956731577404,1410
4512,1423.711729325058,0.6726710489211823,1402
4513,1423.711729325058,0.6726710489211823,1402
4514,1423.711729325058,0.6726710489211823,1402
4515,1423.711729325058,0.6726710489211823,1402
4516,1423.711729325058,0.6726710489211823,1402
4517,1423.711729325058,0.6726710489211823,1402
4518,1423.711729325058,0.6726710489211823,1402
4519,1423.711729325058,0.6726710489211823,1402
4520,1423.711729325058,0.6726710489211823,1402
4521,1423.711729325058,0.6726710489211823,1402
4522,1423.711729325058,0.6726710489211823,1402
4523,1423.711729325058,0.6726710489211823,1402
4524,1423.711729325058,0.6726710489211823,1402
4525,1423.711729325058,0.6726710489211823,1402
4526,1423.711729325058,0.6726710489211823,1402
4527,1423.711729325058,0.6726710489211823,1402
4528,1423.711729325058,0.6726710489211823,1402
4529,1423.711729325058,0.6726710489211823,1402
4530,1423.711729325058,0.6726710489211823,1402
4531,1423.711729325058,0.6726710489211823,1402
4532,1423.711729325058,0.6726710489211823,1402
4533,1423.711729325058,0.6726710489211823,1402
4534,1423.711729325058,0.6726710489211823,1402
4535,1423.711729325058,0.6726710489211823,1402
4536,1423.711729325058,0.6726710489211823,1402
4537,1423.711729325058,0.6726710489211823,1402
4538,1423.711729325058,0.6726710489211823,1402
4539,1423.711729325058,0.6726710489211823,1402
4540,1423.711729325058,0.6726710489211823,1402
4541,1423.711729325058,0.6726710489211823,1402
4542,1423.711729325058,0.6726710489211823,1402
4543,1423.711729325058,0.6726710489211823,1402
4544,1423.711729325058,0.6726710489211823,1402
4545,1423.711729325058,0.6726710489211823,1402
4546,1423.711729325058,0.6726710489211823,1402
4547,1423.711729325058,0.6726710489211823,1402
4548,1423.711729325058,0.6726710489211823,1402
4549,1423.711729325058,0.6726710489211823,1402
4550,1423.711729325058,0.6726710489211823,1402
4551,1423.711729325058,0.6726710489211823,1402
4552,1423.711729325058,0.6726710489211823,1402
4553,1423.711729325058,0.6726710489211823,1402
4554,1423.711729325058,0.6726710489211823,1402
4555,1423.711729325058,0.6726710489211823,1402
4556,1423.711729325058,0.6726710489211823,1402
4557,1423.711729325058,0.6726710489211823,1402
4558,1423.711729325058,0.6726710489211823,1402
4559,1423.711729325058,0.6726710489211823,1402
4560,1423.711729325058,0.6726710489211823,1402
4561,1423.711729325058,0.6726710489211823,1402
4562,1423.711729325058,0.6726710489211823,1402
4563,1423.711729325058,0.6726710489211823,1402
4564,1423.711729325058,0.6726710489211823,1402
4565,1423.711729325058,0.6726710489211823,1402
4566,1423.711729325058,0.6726710489211823,1402
4567,1423.711729325058,0.6726710489211823,1402
4568,1423.711729325058,0.6726710489211823,1402
4569,1423.711729325058,0.6726710489211823,1402
4570,1423.711729325058,0.6726710489211823,1402
4571,1423.711729325058,0.6726710489211823,1402
4572,1423.711729325058,0.6726710489211823,1402
4573,1423.711729325058,0.6726710489211823,1402
4574,1423.711729325058,0.6726710489211823,1402
4575,1423.711729325058,0.6726710489211823,1402
4576,1423.711729325058,0.6726710489211823,1402
4577,1423.711729325058,0.6726710489211823,1402
4578,1423.711729325058,0.6726710489211823,1402
4579,1423.711729325058,0.6726710489211823,1402
4580,1423.711729325058,0.6726710489211823,1402
4581,1423.711729325058,0.6726710489211823,1402
4582,1423.711729325058,0.6726710489211823,1402
4583,1423.711729325058,0.6726710489211823,1402
4584,1423.711729325058,0.6726710489211823,1402
4585,1423.711729325058,0.6726710489211823,1402
4586,1423.711729325058,0.6726710489211823,1402
4587,1423.711729325058,0.6726710489211823,1402
4588,1423.711729325058,0.6726710489211823,1402
4589,1423.711729325058,0.6726710489211823,1402
4590,1423.711729325058,0.6726710489211823,1402
4591,1423.711729325058,0.6726710489211823,1402
4592,1423.711729325058,0.6726710489211823,1402
4593,1423.711729325058,0.6726710489211823,1402
4594,1423.711729325058,0.6726710489211823,1402
4595,1423.711729325058,0.6726710489211823,1402
4596,1423.711729325058,0.6726710489211823,1402
4597,1423.711729325058,0.6726710489211823,1402
4598,1423.711729325058,0.6726710489211823,1402
4599,1423.711729325058,0.6726710489211823,1402
4600,1423.711729325058,0.6726710489211823,1402
4601,1423.711729325058,0.6726710489211823,1402
4602,1423.711729325058,0.6726710489211823,1402
4603,1423.711729325058,0.6726710489211823,1402
4604,1423.711729325058,0.6726710489211823,1402
4605,1423.711729325058,0.6726710489211823,1402
4606,1423.711729325058,0.6726710489211823,1402
4607,1423.711729325058,0.6726710489211823,1402
4608,1423.711729325058,0.6726710489211823,1402
4609,1423.711729325058,0.6726710489211823,1402
4610,1423.711729325058,0.6726710489211823,1402
4611,1423.711729325058,0.6726710489211823,1402
4612,1423.711729325058,0.6726710489211823,1402
4613,1423.711729325058,0.6726710489211823,1402
4614,1423.711729325058,0.6726710489211823,1402
4615,1423.711729325058,0.6726710489211823,1402
4616,1423.711729325058,0.6726710489211823,1402
4617,1423.711729325058,0.6726710489211823,1402
4618,1423.711729325058,0.6726710489211823,1402
4619,1423.711729325058,0.6726710489211823,1402
4620,1423.711729325058,0.6726710489211823,1402
4621,1423.711729325058,0.6726710489211823,1402
4622,1423.711729325058,0.6726710489211823,1402
4623,1423.711729325058,0.6726710489211823,1402
4624,1423.711729325058,0.6726710489211823,1402
4625,1423.711729325058,0.6726710489211823,1402
4626,1423.711729325058,0.6726710489211823,1402
4627,1423.711729325058,0.6726710489211823,1402
4628,1423.711729325058,0.6726710489211823,1402
4629,1423.711729325058,0.6726710489211823,1402
4630,1423.711729325058,0.6726710489211823,1402
4631,1423.711729325058,0.6726710489211823,1402
4632,1423.711729325058,0.6726710489211823,1402
4633,1423.711729325058,0.6726710489211823,1402
4634,1423.711729325058,0.6726710489211823,1402
4635,1423.711729325058,0.6726710489211823,1402
4636,1423.711729325058,0.6726710489211823,1402
4637,1423.711729325058,0.6726710489211823,1402
4638,1423.711729325058,0.6726710489211823,1402
4639,1423.711729325058,0.6726710489211823,1402
4640,1423.711729325058,0.6726710489211823,1402
4641,1423.711729325058,0.6726710489211823,1402
4642,1423.711729325058,0.6726710489211823,1402
4643,1423.711729325058,0.6726710489211823,1402
4644,1423.711729325058,0.6726710489211823,1402
4645,1423.711729325058,0.6726710489211823,1402
4646,1423.711729325058,0.6726710489211823,1402
4647,1423.711729325058,0.6726710489211823,1402
4648,1423.711729325058,0.6726710489211823,1402
4649,1423.711729325058,0.6726710489211823,1402
4650,1423.711729325058,0.6726710489211823,1402
4651,1423.711729325058,0.6726710489211823,1402
4652,1423.711729325058,0.6726710489211823,1402
4653,1423.711729325058,0.6726710489211823,1402
4654,1423.711729325058,0.6726710489211823,1402
4655,1423.711729325058,0.6726710489211823,1402
4656,1423.711729325058,0.6726710489211823,1402
4657,1423.711729325058,0.6726710489211823,1402
4658,1423.711729325058,0.6726710489211823,1402
4659,1423.711729325058,0.6726710489211823,1402
4660,1423.711729325058,0.6726710489211823,1402
4661,1423.711729325058,0.6726710489211823,1402
4662,1423.711729325058,0.6726710489211823,1402
4663,1423.711729325058,0.6726710489211823,1402
4664,1423.711729325058,0.6726710489211823,1402
4665,1423.711729325058,0.6726710489211823,1402
4666,1423.711729325058,0.6726710489211823,1402
4667,1423.711729325058,0.6726710489211823,1402
4668,1423.711729325058,0.6726710489211823,1402
4669,1423.711729325058,0.6726710489211823,1402
4670,1423.711729325058,0.6726710489211823,1402
4671,1423.711729325058,0.6726710489211823,1402
4672,1423.711729325058,0.6726710489211823,1402
4673,1423.711729325058,0.6726710489211823,1402
4674,1423.711729325058,0.6726710489211823,1402
4675,1433.5012747681578,0.6607677556436319,1411
4676,1433.5012747681578,0.6607677556436319,1411
4677,1433.5012747681578,0.6607677556436319,1411
4678,1433.5012747681578,0.6607677556436319,1411
4679,1433.5012747681578,0.6607677556436319,1411
4680,1433.5012747681578,0.6607677556436319,1411
4681,1433.5012747681578,0.6607677556436319,1411
4682,1433.5012747681578,0.6607677556436319,1411
4683,1433.5012747681578,0.6607677556436319,1411
4684,1433.5012747681578,0.6607677556436319,1411
4685,1433.5012747681578,0.6607677556436319,1411
4686,1433.5012747681578,0.6607677556436319,1411
4687,1433.5012747681578,0.6607677556436319,1411
4688,1433.5012747681578,0.6607677556436319,1411
4689,1433.5012747681578,0.6607677556436319,1411
4690,1433.5012747681578,0.6607677556436319,1411
4691,1433.5012747681578,0.6607677556436319,1411
4692,1433.5012747681578,0.6607677556436319,1411
4693,1433.5012747681578,0.6607677556436319,1411
4694,1433.5012747681578,0.6607677556436319,1411
4695,1433.5012747681578,0.6607677556436319,1411
4696,1433.5012747681578,0.6607677556436319,1411
4697,1433.5012747681578,0.6607677556436319,1411
4698,1433.5012747681578,0.6607677556436319,1411
4699,1433.5012747681578,0.6607677556436319,1411
4700,1433.5012747681578,0.6607677556436319,1411
4701,1433.5012747681578,0.6607677556436319,1411
4702,1433.5012747681578,0.6607677556436319,1411
4703,1433.5012747681578,0.6607677556436319,1411
4704,1433.5012747681578,0.6607677556436319,1411
4705,1433.5012747681578,0.6607677556436319,1411
4706,1433.5012747681578,0.6607677556436319,1411
4707,1433.5012747681578,0.6607677556436319,1411
4708,1433.5012747681578,0.6607677556436319,1411
4709,1433.5012747681578,0.6607677556436319,1411
4710,1440.5400545319021,0.645106972231236,1417
4711,1440.5400545319021,0.645106972231236,1417
4712,1440.5400545319021,0.645106972231236,1417
4713,1440.5400545319021,0.645106972231236,1417
4714,1440.5400545319021,0.645106972231236,1417
4715,1440.5400545319021,0.645106972231236,1417
4716,1440.5400545319021,0.645106972231236,1417
4717,1440.5400545319021,0.645106972231236,1417
4718,1440.5400545319021,0.645106972231236,1417
4719,1440.5400545319021,0.645106972231236,1417
4720,1440.5400545319021,0.645106972231236,1417
4721,1440.5400545319021,0.645106972231236,1417
4722,1440.5400545319021,0.645106972231236,1417
4723,1440.5400545319021,0.645106972231236,1417
4724,1440.5400545319021,0.645106972231236,1417
4725,1440.5400545319021,0.645106972231236,1417
4726,1440.5400545319021,0.645106972231236,1417
4727,1440.5400545319021,0.645106972231236,1417
4728,1440.5400545319021,0.645106972231236,1417
4729,1440.5400545319021,0.645106972231236,1417
4730,1440.5400545319021,0.645106972231236,1417
4731,1440.5400545319021,0.645106972231236,1417
4732,1440.5400545319021,0.645106972231236,1417
4733,1440.5400545319021,0.645106972231236,1417
4734,1440.5400545319021,0.645106972231236,1417
4735,1440.5400545319021,0.645106972231236,1417
4736,1440.5400545319021,0.645106972231236,1417
4737,1440.5400545319021,0.645106972231236,1417
4738,1440.5400545319021,0.645106972231236,1417
4739,1440.5400545319021,0.645106972231236,1417
4740,1440.5400545319021,0.645106972231236,1417
4741,1440.5400545319021,0.645106972231236,1417
4742,1440.5400545319021,0.645106972231236,1417
4743,1440.5400545319021,0.645106972231236,1417
4744,1440.5400545319021,0.645106972231236,1417
4745,1440.5400545319021,0.645106972231236,1417
4746,1440.5400545319021,0.645106972231236,1417
4747,1440.5400545319021,0.645106972231236,1417
4748,1440.5400545319021,0.645106972231236,1417
4749,1440.5400545319021,0.645106972231236,1417
4750,1440.5400545319021,0.645106972231236,1417
4751,1440.5400545319021,0.645106972231236,1417
4752,1440.5400545319021,0.645106972231236,1417
4753,1440.5400545319021,0.645106972231236,1417
4754,1440.5400545319021,0.645106972231236,1417
4755,1440.5400545319021,0.645106972231236,1417
4756,1440.5400545319021,0.645106972231236,1417
4757,1440.5400545319021,0.645106972231236,1417
4758,1440.5400545319021,0.645106972231236,1417
4759,1440.5400545319021,0.645106972231236,1417
4760,1440.5400545319021,0.645106972231236,1417
4761,1440.5400545319021,0.645106972231236,1417
4762,1440.5400545319021,0.645106972231236,1417
4763,1440.5400545319021,0.645106972231236,1417
4764,1440.5400545319021,0.645106972231236,1417
4765,1440.5400545319021,0.645106972231236,1417
4766,1440.5400545319021,0.645106972231236,1417
4767,1440.5400545319021,0.645106972231236,1417
4768,1440.5400545319021,0.645106972231236,1417
4769,1440.5400545319021,0.645106972231236,1417
4770,1440.5400545319021,0.645106972231236,1417
4771,1440.5400545319021,0.645106972231236,1417
4772,1440.5400545319021,0.645106972231236,1417
4773,1440.5400545319021,0.645106972231236,1417
4774,1440.5400545319021,0.645106972231236,1417
4775,1440.5400545319021,0.645106972231236,1417
4776,1440.5400545319021,0.645106972231236,1417
4777,1440.5400545319021,0.645106972231236,1417
4778,1440.5400545319021,0.645106972231236,1417
4779,1440.5400545319021,0.645106972231236,1417
4780,1440.5400545319021,0.645106972231236,1417
4781,1440.5400545319021,0.645106972231236,1417
4782,1440.5400545319021,0.645106972231236,1417
4783,1440.5400545319021,0.645106972231236,1417
4784,1440.5400545319021,0.645106972231236,1417
4785,1440.5400545319021,0.645106972231236,1417
4786,1440.5400545319021,0.645106972231236,1417
4787,1440.5400545319021,0.645106972231236,1417
4788,1440.5400545319021,0.645106972231236,1417
4789,1440.5400545319021,0.645106972231236,1417
4790,1440.5400545319021,0.645106972231236,1417
4791,1440.5400545319021,0.645106972231236,1417
4792,1440.5400545319021,0.645106972231236,1417
4793,1440.5400545319021,0.645106972231236,1417
4794,1440.5400545319021,0.645106972231236,1417
4795,1440.5400545319021,0.645106972231236,1417
4796,1440.5400545319021,0.645106972231236,1417
4797,1440.5400545319021,0.645106972231236,1417
4798,1440.5400545319021,0.645106972231236,1417
4799,1440.5400545319021,0.645106972231236,1417
4800,1440.5400545319021,0.645106972231236,1417
4801,1440.5400545319021,0.645106972231236,1417
4802,1440.5400545319021,0.645106972231236,1417
4803,1440.5400545319021,0.645106972231236,1417
4804,1440.5400545319021,0.645106972231236,1417
4805,1440.5400545319021,0.645106972231236,1417
4806,1440.5400545319021,0.645106972231236,1417
4807,1440.5400545319021,0.645106972231236,1417
4808,1440.5400545319021,0.645106972231236,1417
4809,1440.5400545319021,0.645106972231236,1417
4810,1440.5400545319021,0.645106972231236,1417
4811,1440.5400545319021,0.645106972231236,1417
4812,1440.5400545319021,0.645106972231236,1417
4813,1440.5400545319021,0.645106972231236,1417
4814,1440.5400545319021,0.645106972231236,1417
4815,1440.5400545319021,0.645106972231236,1417
4816,1440.5400545319021,0.645106972231236,1417
4817,1440.5400545319021,0.645106972231236,1417
4818,1440.5400545319021,0.645106972231236,1417
4819,1440.5400545319021,0.645106972231236,1417
4820,1440.5400545319021,0.645106972231236,1417
4821,1440.5400545319021,0.645106972231236,1417
4822,1440.5400545319021,0.645106972231236,1417
4823,1440.5400545319021,0.645106972231236,1417
4824,1440.5400545319021,0.645106972231236,1417
4825,1440.5400545319021,0.645106972231236,1417
4826,1440.5400545319021,0.645106972231236,1417
4827,1440.5400545319021,0.645106972231236,1417
4828,1440.5400545319021,0.645106972231236,1417
4829,1440.5400545319021,0.645106972231236,1417
4830,1440.5400545319021,0.645106972231236,1417
4831,1440.5400545319021,0.645106972231236,1417
4832,1440.5400545319021,0.645106972231236,1417
4833,1440.5400545319021,0.645106972231236,1417
4834,1440.5400545319021,0.645106972231236,1417
4835,1440.5400545319021,0.645106972231236,1417
4836,1440.5400545319021,0.645106972231236,1417
4837,1440.5400545319021,0.645106972231236,1417
4838,1440.5400545319021,0.645106972231236,1417
4839,1440.5400545319021,0.645106972231236,1417
4840,1440.5400545319021,0.645106972231236,1417
4841,1440.5400545319021,0.645106972231236,1417
4842,1440.5400545319021,0.645106972231236,1417
4843,1440.5400545319021,0.645106972231236,1417
4844,1440.5400545319021,0.645106972231236,1417
4845,1440.5400545319021,0.645106972231236,1417
4846,1440.5400545319021,0.645106972231236,1417
4847,1440.5400545319021,0.645106972231236,1417
4848,1440.5400545319021,0.645106972231236,1417
4849,1440.5400545319021,0.645106972231236,1417
4850,1440.5400545319021,0.645106972231236,1417
4851,1440.5400545319021,0.645106972231236,1417
4852,1440.5400545319021,0.645106972231236,1417
4853,1440.5400545319021,0.645106972231236,1417
4854,1440.5400545319021,0.645106972231236,1417
4855,1440.5400545319021,0.645106972231236,1417
4856,1440.5400545319021,0.645106972231236,1417
4857,1440.5400545319021,0.645106972231236,1417
4858,1440.5400545319021,0.645106972231236,1417
4859,1440.5400545319021,0.645106972231236,1417
4860,1440.5400545319021,0.645106972231236,1417
4861,1440.5400545319021,0.645106972231236,1417
4862,1440.5400545319021,0.645106972231236,1417
4863,1440.5400545319021,0.645106972231236,1417
4864,1440.5400545319021,0.645106972231236,1417
4865,1440.5400545319021,0.645106972231236,1417
4866,1440.5400545319021,0.645106972231236,1417
4867,1440.5400545319021,0.645106972231236,1417
4868,1440.5400545319021,0.645106972231236,1417
4869,1440.5400545319021,0.645106972231236,1417
4870,1440.5400545319021,0.645106972231236,1417
4871,1440.5400545319021,0.645106972231236,1417
4872,1440.5400545319021,0.645106972231236,1417
4873,1440.5400545319021,0.645106972231236,1417
4874,1440.5400545319021,0.645106972231236,1417
4875,1440.5400545319021,0.645106972231236,1417
4876,1440.5400545319021,0.645106972231236,1417
4877,1440.5400545319021,0.645106972231236,1417
4878,1440.5400545319021,0.645106972231236,1417
4879,1440.5400545319021,0.645106972231236,1417
4880,1440.5400545319021,0.645106972231236,1417
4881,1440.5400545319021,0.645106972231236,1417
4882,1440.5400545319021,0.645106972231236,1417
4883,1440.5400545319021,0.645106972231236,1417
4884,1440.5400545319021,0.645106972231236,1417
4885,1440.5400545319021,0.645106972231236,1417
4886,1440.5400545319021,0.645106972231236,1417
4887,1440.5400545319021,0.645106972231236,1417
4888,1440.5400545319021,0.645106972231236,1417
4889,1440.5400545319021,0.645106972231236,1417
4890,1440.5400545319021,0.645106972231236,1417
4891,1440.5400545319021,0.645106972231236,1417
4892,1440.5400545319021,0.645106972231236,1417
4893,1440.5400545319021,0.645106972231236,1417
4894,1440.5400545319021,0.645106972231236,1417
4895,1440.5400545319021,0.645106972231236,1417
4896,1440.5400545319021,0.645106972231236,1417
4897,1440.5400545319021,0.645106972231236,1417
4898,1440.5400545319021,0.645106972231236,1417
4899,1440.5400545319021,0.645106972231236,1417
4900,1440.5400545319021,0.645106972231236,1417
4901,1440.5400545319021,0.645106972231236,1417
4902,1440.5400545319021,0.645106972231236,1417
4903,1440.5400545319021,0.645106972231236,1417
4904,1440.5400545319021,0.645106972231236,1417
4905,1440.5400545319021,0.645106972231236,1417
4906,1440.5400545319021,0.645106972231236,1417
4907,1440.5400545319021,0.645106972231236,1417
4908,1440.5400545319021,0.645106972231236,1417
4909,1440.5400545319021,0.645106972231236,1417
4910,1440.5400545319021,0.645106972231236,1417
4911,1440.5400545319021,0.645106972231236,1417
4912,1440.5400545319021,0.645106972231236,1417
4913,1440.5400545319021,0.645106972231236,1417
4914,1440.5400545319021,0.645106972231236,1417
4915,1440.5400545319021,0.645106972231236,1417
4916,1440.5400545319021,0.645106972231236,1417
4917,1440.5400545319021,0.645106972231236,1417
4918,1440.5400545319021,0.645106972231236,1417
4919,1440.5400545319021,0.645106972231236,1417
4920,1440.5400545319021,0.645106972231236,1417
4921,1440.5400545319021,0.645106972231236,1417
4922,1440.5400545319021,0.645106972231236,1417
4923,1440.5400545319021,0.645106972231236,1417
4924,1440.5400545319021,0.645106972231236,1417
4925,1440.5400545319021,0.645106972231236,1417
4926,1440.5400545319021,0.645106972231236,1417
4927,1440.5400545319021,0.645106972231236,1417
4928,1440.5400545319021,0.645106972231236,1417
4929,1440.5400545319021,0.645106972231236,1417
4930,1440.5400545319021,0.645106972231236,1417
4931,1440.5400545319021,0.645106972231236,1417
4932,1440.5400545319021,0.645106972231236,1417
4933,1440.5400545319021,0.645106972231236,1417
4934,1440.5400545319021,0.645106972231236,1417
4935,1440.5400545319021,0.645106972231236,1417
4936,1440.5400545319021,0.645106972231236,1417
4937,1440.5400545319021,0.645106972231236,1417
4938,1440.5400545319021,0.645106972231236,1417
4939,1440.5400545319021,0.645106972231236,1417
4940,1440.5400545319021,0.645106972231236,1417
4941,1440.5400545319021,0.645106972231236,1417
4942,1440.5400545319021,0.645106972231236,1417
4943,1440.5400545319021,0.645106972231236,1417
4944,1440.5400545319021,0.645106972231236,1417
4945,1440.5400545319021,0.645106972231236,1417
4946,1440.5400545319021,0.645106972231236,1417
4947,1440.5400545319021,0.645106972231236,1417
4948,1440.5400545319021,0.645106972231236,1417
4949,1440.5400545319021,0.645106972231236,1417
4950,1440.5400545319021,0.645106972231236,1417
4951,1440.5400545319021,0.645106972231236,1417
4952,1440.5400545319021,0.645106972231236,1417
4953,1440.5400545319021,0.645106972231236,1417
4954,1440.5400545319021,0.645106972231236,1417
4955,1440.5400545319021,0.645106972231236,1417
4956,1440.5400545319021,0.645106972231236,1417
4957,1440.5400545319021,0.645106972231236,1417
4958,1440.5400545319021,0.645106972231236,1417
4959,1440.5400545319021,0.645106972231236,1417
4960,1440.5400545319021,0.645106972231236,1417
4961,1440.5400545319021,0.645106972231236,1417
4962,1440.5400545319021,0.645106972231236,1417
4963,1440.5400545319021,0.645106972231236,1417
4964,1440.5400545319021,0.645106972231236,1417
4965,1440.5400545319021,0.645106972231236,1417
4966,1440.5400545319021,0.645106972231236,1417
4967,1440.5400545319021,0.645106972231236,1417
4968,1440.5400545319021,0.645106972231236,1417
4969,1440.5400545319021,0.645106972231236,1417
4970,1440.5400545319021,0.645106972231236,1417
4971,1440.5400545319021,0.645106972231236,1417
4972,1440.5400545319021,0.645106972231236,1417
4973,1440.5400545319021,0.645106972231236,1417
4974,1440.5400545319021,0.645106972231236,1417
4975,1440.5400545319021,0.645106972231236,1417
4976,1440.5400545319021,0.645106972231236,1417
4977,1440.5400545319021,0.645106972231236,1417
4978,1440.5400545319021,0.645106972231236,1417
4979,1440.5400545319021,0.645106972231236,1417
4980,1440.5400545319021,0.645106972231236,1417
4981,1440.5400545319021,0.645106972231236,1417
4982,1440.5400545319021,0.645106972231236,1417
4983,1440.5400545319021,0.645106972231236,1417
4984,1440.5400545319021,0.645106972231236,1417
4985,1440.5400545319021,0.645106972231236,1417
4986,1440.5400545319021,0.645106972231236,1417
4987,1440.5400545319021,0.645106972231236,1417
4988,1440.5400545319021,0.645106972231236,1417
4989,1440.5400545319021,0.645106972231236,1417
4990,1440.5400545319021,0.645106972231236,1417
4991,1440.5400545319021,0.645106972231236,1417
4992,1440.5400545319021,0.645106972231236,1417
4993,1440.5400545319021,0.645106972231236,1417
4994,1440.5400545319021,0.645106972231236,1417
4995,1440.5400545319021,0.645106972231236,1417
4996,1440.5400545319021,0.645106972231236,1417
4997,1440.5400545319021,0.645106972231236,1417
4998,1440.5400545319021,0.645106972231236,1417
4999,1440.5400545319021,0.645106972231236,1417
5000,1440.5400545319021,0.645106972231236,1417
5001,1440.5400545319021,0.645106972231236,1417
5002,1440.5400545319021,0.645106972231236,1417
5003,1440.5400545319021,0.645106972231236,1417
5004,1440.5400545319021,0.645106972231236,1417
5005,1440.5400545319021,0.645106972231236,1417
5006,1440.5400545319021,0.645106972231236,1417
5007,1440.5400545319021,0.645106972231236,1417
5008,1440.5400545319021,0.645106972231236,1417
5009,1440.5400545319021,0.645106972231236,1417
5010,1440.5400545319021,0.645106972231236,1417
5011,1440.5400545319021,0.645106972231236,1417
5012,1440.5400545319021,0.645106972231236,1417
5013,1440.5400545319021,0.645106972231236,1417
5014,1440.5400545319021,0.645106972231236,1417
5015,1440.5400545319021,0.645106972231236,1417
5016,1440.5400545319021,0.645106972231236,1417
5017,1440.5400545319021,0.645106972231236,1417
5018,1440.5400545319021,0.645106972231236,1417
5019,1440.5400545319021,0.645106972231236,1417
5020,1440.5400545319021,0.645106972231236,1417
5021,1440.5400545319021,0.645106972231236,1417
5022,1440.5400545319021,0.645106972231236,1417
5023,1440.5400545319021,0.645106972231236,1417
5024,1440.5400545319021,0.645106972231236,1417
5025,1440.5400545319021,0.645106972231236,1417
5026,1440.5400545319021,0.645106972231236,1417
5027,1440.5400545319021,0.645106972231236,1417
5028,1440.5400545319021,0.645106972231236,1417
5029,1440.5400545319021,0.645106972231236,1417
5030,1440.5400545319021,0.645106972231236,1417
5031,1440.5400545319021,0.645106972231236,1417
5032,1440.5400545319021,0.645106972231236,1417
5033,1440.5400545319021,0.645106972231236,1417
5034,1440.5400545319021,0.645106972231236,1417
5035,1440.5400545319021,0.645106972231236,1417
5036,1440.5400545319021,0.645106972231236,1417
5037,1440.5400545319021,0.645106972231236,1417
5038,1440.5400545319021,0.645106972231236,1417
5039,1440.5400545319021,0.645106972231236,1417
5040,1440.5400545319021,0.645106972231236,1417
5041,1440.5400545319021,0.645106972231236,1417
5042,1440.5400545319021,0.645106972231236,1417
5043,1440.5400545319021,0.645106972231236,1417
5044,1440.5400545319021,0.645106972231236,1417
5045,1440.5400545319021,0.645106972231236,1417
5046,1440.5400545319021,0.645106972231236,1417
5047,1440.5400545319021,0.645106972231236,1417
5048,1440.5400545319021,0.645106972231236,1417
5049,1440.5400545319021,0.645106972231236,1417
5050,1440.5400545319021,0.645106972231236,1417
5051,1440.5400545319021,0.645106972231236,1417
5052,1440.5400545319021,0.645106972231236,1417
5053,1440.5400545319021,0.645106972231236,1417
5054,1440.5400545319021,0.645106972231236,1417
5055,1440.5400545319021,0.645106972231236,1417
5056,1440.5400545319021,0.645106972231236,1417
5057,1440.5400545319021,0.645106972231236,1417
5058,1440.5400545319021,0.645106972231236,1417
5059,1440.5400545319021,0.645106972231236,1417
5060,1440.5400545319021,0.645106972231236,1417
5061,1440.5400545319021,0.645106972231236,1417
5062,1440.5400545319021,0.645106972231236,1417
5063,1440.5400545319021,0.645106972231236,1417
5064,1440.5400545319021,0.645106972231236,1417
5065,1440.5400545319021,0.645106972231236,1417
5066,1440.5400545319021,0.645106972231236,1417
5067,1440.5400545319021,0.645106972231236,1417
5068,1440.5400545319021,0.645106972231236,1417
5069,1440.5400545319021,0.645106972231236,1417
5070,1440.5400545319021,0.645106972231236,1417
5071,1440.5400545319021,0.645106972231236,1417
5072,1440.5400545319021,0.645106972231236,1417
5073,1440.5400545319021,0.645106972231236,1417
5074,1440.5400545319021,0.645106972231236,1417
5075,1440.5400545319021,0.645106972231236,1417
5076,1440.5400545319021,0.645106972231236,1417
5077,1440.5400545319021,0.645106972231236,1417
5078,1440.5400545319021,0.645106972231236,1417
5079,1440.5400545319021,0.645106972231236,1417
5080,1440.5400545319021,0.645106972231236,1417
5081,1440.5400545319021,0.645106972231236,1417
5082,1440.5400545319021,0.645106972231236,1417
5083,1440.5400545319021,0.645106972231236,1417
5084,1440.5400545319021,0.645106972231236,1417
5085,1440.5400545319021,0.645106972231236,1417
5086,1440.5400545319021,0.645106972231236,1417
5087,1440.5400545319021,0.645106972231236,1417
5088,1440.5400545319021,0.645106972231236,1417
5089,1440.5400545319021,0.645106972231236,1417
5090,1440.5400545319021,0.645106972231236,1417
5091,1440.5400545319021,0.645106972231236,1417
5092,1440.5400545319021,0.645106972231236,1417
5093,1440.5400545319021,0.645106972231236,1417
5094,1440.5400545319021,0.645106972231236,1417
5095,1440.5400545319021,0.645106972231236,1417
5096,1440.5400545319021,0.645106972231236,1417
5097,1440.5400545319021,0.645106972231236,1417
5098,1440.5400545319021,0.645106972231236,1417
5099,1440.5400545319021,0.645106972231236,1417
5100,1440.5400545319021,0.645106972231236,1417
5101,1440.5400545319021,0.645106972231236,1417
5102,1440.5400545319021,0.645106972231236,1417
5103,1440.5400545319021,0.645106972231236,1417
5104,1440.5400545319021,0.645106972231236,1417
5105,1440.5400545319021,0.645106972231236,1417
5106,1440.5400545319021,0.645106972231236,1417
5107,1440.5400545319021,0.645106972231236,1417
5108,1440.5400545319021,0.645106972231236,1417
5109,1440.5400545319021,0.645106972231236,1417
5110,1440.5400545319021,0.645106972231236,1417
5111,1440.5400545319021,0.645106972231236,1417
5112,1440.5400545319021,0.645106972231236,1417
5113,1440.5400545319021,0.645106972231236,1417
5114,1440.5400545319021,0.645106972231236,1417
5115,1440.5400545319021,0.645106972231236,1417
5116,1440.5400545319021,0.645106972231236,1417
5117,1440.5400545319021,0.645106972231236,1417
5118,1440.5400545319021,0.645106972231236,1417
5119,1440.5400545319021,0.645106972231236,1417
5120,1440.5400545319021,0.645106972231236,1417
5121,1440.5400545319021,0.645106972231236,1417
5122,1440.5400545319021,0.645106972231236,1417
5123,1440.5400545319021,0.645106972231236,1417
5124,1440.5400545319021,0.645106972231236,1417
5125,1440.5400545319021,0.645106972231236,1417
5126,1440.5400545319021,0.645106972231236,1417
5127,1440.5400545319021,0.645106972231236,1417
5128,1440.5400545319021,0.645106972231236,1417
5129,1440.5400545319021,0.645106972231236,1417
5130,1440.5400545319021,0.645106972231236,1417
5131,1440.5400545319021,0.645106972231236,1417
5132,1440.5400545319021,0.645106972231236,1417
5133,1440.5400545319021,0.645106972231236,1417
5134,1440.5400545319021,0.645106972231236,1417
5135,1440.5400545319021,0.645106972231236,1417
5136,1440.5400545319021,0.645106972231236,1417
5137,1440.5400545319021,0.645106972231236,1417
5138,1440.5400545319021,0.645106972231236,1417
5139,1440.5400545319021,0.645106972231236,1417
5140,1440.5400545319021,0.645106972231236,1417
5141,1440.5400545319021,0.645106972231236,1417
5142,1440.5400545319021,0.645106972231236,1417
5143,1440.5400545319021,0.645106972231236,1417
5144,1440.5400545319021,0.645106972231236,1417
5145,1440.5400545319021,0.645106972231236,1417
5146,1440.5400545319021,0.645106972231236,1417
5147,1440.5400545319021,0.645106972231236,1417
5148,1440.5400545319021,0.645106972231236,1417
5149,1440.5400545319021,0.645106972231236,1417
5150,1440.5400545319021,0.645106972231236,1417
5151,1440.5400545319021,0.645106972231236,1417
5152,1440.5400545319021,0.645106972231236,1417
5153,1440.5400545319021,0.645106972231236,1417
5154,1440.5400545319021,0.645106972231236,1417
5155,1440.5400545319021,0.645106972231236,1417
5156,1440.5400545319021,0.645106972231236,1417
5157,1440.5400545319021,0.645106972231236,1417
5158,1440.5400545319021,0.645106972231236,1417
5159,1440.5400545319021,0.645106972231236,1417
5160,1440.5400545319021,0.645106972231236,1417
5161,1440.5400545319021,0.645106972231236,1417
5162,1440.5400545319021,0.645106972231236,1417
5163,1440.5400545319021,0.645106972231236,1417
5164,1440.5400545319021,0.645106972231236,1417
5165,1440.5400545319021,0.645106972231236,1417
5166,1440.5400545319021,0.645106972231236,1417
5167,1440.5400545319021,0.645106972231236,1417
5168,1440.5400545319021,0.645106972231236,1417
5169,1440.5400545319021,0.645106972231236,1417
5170,1440.5400545319021,0.645106972231236,1417
5171,1440.5400545319021,0.645106972231236,1417
5172,1440.5400545319021,0.645106972231236,1417
5173,1440.5400545319021,0.645106972231236,1417
5174,1440.5400545319021,0.645106972231236,1417
5175,1440.5400545319021,0.645106972231236,1417
5176,1440.5400545319021,0.645106972231236,1417
5177,1440.5400545319021,0.645106972231236,1417
5178,1440.5400545319021,0.645106972231236,1417
5179,1440.5400545319021,0.645106972231236,1417
5180,1440.5400545319021,0.645106972231236,1417
5181,1440.5400545319021,0.645106972231236,1417
5182,1440.5400545319021,0.645106972231236,1417
5183,1440.5400545319021,0.645106972231236,1417
5184,1440.5400545319021,0.645106972231236,1417
5185,1440.5400545319021,0.645106972231236,1417
5186,1440.5400545319021,0.645106972231236,1417
5187,1440.5400545319021,0.645106972231236,1417
5188,1440.5400545319021,0.645106972231236,1417
5189,1440.5400545319021,0.645106972231236,1417
5190,1440.5400545319021,0.645106972231236,1417
5191,1440.5400545319021,0.645106972231236,1417
5192,1440.5400545319021,0.645106972231236,1417
5193,1440.5400545319021,0.645106972231236,1417
5194,1440.5400545319021,0.645106972231236,1417
5195,1440.5400545319021,0.645106972231236,1417
5196,1440.5400545319021,0.645106972231236,1417
5197,1440.5400545319021,0.645106972231236,1417
5198,1440.5400545319021,0.645106972231236,1417
5199,1440.5400545319021,0.645106972231236,1417
5200,1440.5400545319021,0.645106972231236,1417
5201,1440.5400545319021,0.645106972231236,1417
5202,1440.5400545319021,0.645106972231236,1417
5203,1440.5400545319021,0.645106972231236,1417
5204,1440.5400545319021,0.645106972231236,1417
5205,1440.5400545319021,0.645106972231236,1417
5206,1440.5400545319021,0.645106972231236,1417
5207,1440.5400545319021,0.645106972231236,1417
5208,1440.5400545319021,0.645106972231236,1417
5209,1440.5400545319021,0.645106972231236,1417
5210,1440.5400545319021,0.645106972231236,1417
5211,1440.5400545319021,0.645106972231236,1417
5212,1440.5400545319021,0.645106972231236,1417
5213,1440.5400545319021,0.645106972231236,1417
5214,1440.5400545319021,0.645106972231236,1417
5215,1440.5400545319021,0.645106972231236,1417
5216,1440.5400545319021,0.645106972231236,1417
5217,1440.5400545319021,0.645106972231236,1417
5218,1440.5400545319021,0.645106972231236,1417
5219,1440.5400545319021,0.645106972231236,1417
5220,1440.5400545319021,0.645106972231236,1417
5221,1440.5400545319021,0.645106972231236,1417
5222,1440.5400545319021,0.645106972231236,1417
5223,1440.5400545319021,0.645106972231236,1417
5224,1440.5400545319021,0.645106972231236,1417
5225,1440.5400545319021,0.645106972231236,1417
5226,1440.5400545319021,0.645106972231236,1417
5227,1440.5400545319021,0.645106972231236,1417
5228,1440.5400545319021,0.645106972231236,1417
5229,1440.5400545319021,0.645106972231236,1417
5230,1440.5400545319021,0.645106972231236,1417
5231,1440.5400545319021,0.645106972231236,1417
5232,1440.5400545319021,0.645106972231236,1417
5233,1440.5400545319021,0.645106972231236,1417
5234,1440.5400545319021,0.645106972231236,1417
5235,1440.5400545319021,0.645106972231236,1417
5236,1440.5400545319021,0.645106972231236,1417
5237,1440.5400545319021,0.645106972231236,1417
5238,1440.5400545319021,0.645106972231236,1417
5239,1440.5400545319021,0.645106972231236,1417
5240,1440.5400545319021,0.645106972231236,1417
5241,1440.5400545319021,0.645106972231236,1417
5242,1440.5400545319021,0.645106972231236,1417
5243,1440.5400545319021,0.645106972231236,1417
5244,1440.5400545319021,0.645106972231236,1417
5245,1440.5400545319021,0.645106972231236,1417
5246,1440.5400545319021,0.645106972231236,1417
5247,1440.5400545319021,0.645106972231236,1417
5248,1440.5400545319021,0.645106972231236,1417
5249,1440.5400545319021,0.645106972231236,1417
5250,1440.5400545319021,0.645106972231236,1417
5251,1440.5400545319021,0.645106972231236,1417
5252,1440.5400545319021,0.645106972231236,1417
5253,1440.5400545319021,0.645106972231236,1417
5254,1440.5400545319021,0.645106972231236,1417
5255,1440.5400545319021,0.645106972231236,1417
5256,1440.5400545319021,0.645106972231236,1417
5257,1440.5400545319021,0.645106972231236,1417
5258,1440.5400545319021,0.645106972231236,1417
5259,1440.5400545319021,0.645106972231236,1417
5260,1440.5400545319021,0.645106972231236,1417
5261,1440.5400545319021,0.645106972231236,1417
5262,1440.5400545319021,0.645106972231236,1417
5263,1440.5400545319021,0.645106972231236,1417
5264,1440.5400545319021,0.645106972231236,1417
5265,1440.5400545319021,0.645106972231236,1417
5266,1440.5400545319021,0.645106972231236,1417
5267,1440.5400545319021,0.645106972231236,1417
5268,1440.5400545319021,0.645106972231236,1417
5269,1440.5400545319021,0.645106972231236,1417
5270,1440.5400545319021,0.645106972231236,1417
5271,1440.5400545319021,0.645106972231236,1417
5272,1440.5400545319021,0.645106972231236,1417
5273,1440.5400545319021,0.645106972231236,1417
5274,1440.5400545319021,0.645106972231236,1417
5275,1440.5400545319021,0.645106972231236,1417
5276,1440.5400545319021,0.645106972231236,1417
5277,1440.5400545319021,0.645106972231236,1417
5278,1440.5400545319021,0.645106972231236,1417
5279,1440.5400545319021,0.645106972231236,1417
5280,1440.5400545319021,0.645106972231236,1417
5281,1440.5400545319021,0.645106972231236,1417
5282,1440.5400545319021,0.645106972231236,1417
5283,1440.5400545319021,0.645106972231236,1417
5284,1440.5400545319021,0.645106972231236,1417
5285,1440.5400545319021,0.645106972231236,1417
5286,1445.5196483498244,0.6454146185764443,1422
5287,1445.5196483498244,0.6454146185764443,1422
5288,1445.5196483498244,0.6454146185764443,1422
5289,1445.5196483498244,0.6454146185764443,1422
5290,1445.5196483498244,0.6454146185764443,1422
5291,1445.5196483498244,0.6454146185764443,1422
5292,1445.5196483498244,0.6454146185764443,1422
5293,1445.5196483498244,0.6454146185764443,1422
5294,1445.5196483498244,0.6454146185764443,1422
5295,1445.5196483498244,0.6454146185764443,1422
5296,1445.5196483498244,0.6454146185764443,1422
5297,1445.5196483498244,0.6454146185764443,1422
5298,1445.5196483498244,0.6454146185764443,1422
5299,1445.5196483498244,0.6454146185764443,1422
5300,1445.5196483498244,0.6454146185764443,1422
5301,1445.5196483498244,0.6454146185764443,1422
5302,1445.5196483498244,0.6454146185764443,1422
5303,1445.5196483498244,0.6454146185764443,1422
5304,1445.5196483498244,0.6454146185764443,1422
5305,1445.5196483498244,0.6454146185764443,1422
5306,1445.5196483498244,0.6454146185764443,1422
5307,1445.5196483498244,0.6454146185764443,1422
5308,1445.5196483498244,0.6454146185764443,1422
5309,1445.5196483498244,0.6454146185764443,1422
5310,1445.5196483498244,0.6454146185764443,1422
5311,1445.5196483498244,0.6454146185764443,1422
5312,1445.5196483498244,0.6454146185764443,1422
5313,1445.5196483498244,0.6454146185764443,1422
5314,1445.5196483498244,0.6454146185764443,1422
5315,1445.5196483498244,0.6454146185764443,1422
5316,1445.5196483498244,0.6454146185764443,1422
5317,1445.5196483498244,0.6454146185764443,1422
5318,1445.5196483498244,0.6454146185764443,1422
5319,1445.5196483498244,0.6454146185764443,1422
5320,1445.5196483498244,0.6454146185764443,1422
5321,1445.5196483498244,0.6454146185764443,1422
5322,1445.5196483498244,0.6454146185764443,1422
5323,1445.5196483498244,0.6454146185764443,1422
5324,1445.5196483498244,0.6454146185764443,1422
5325,1445.5196483498244,0.6454146185764443,1422
5326,1445.5196483498244,0.6454146185764443,1422
5327,1445.5196483498244,0.6454146185764443,1422
5328,1445.5196483498244,0.6454146185764443,1422
5329,1445.5196483498244,0.6454146185764443,1422
5330,1445.5196483498244,0.6454146185764443,1422
5331,1445.5196483498244,0.6454146185764443,1422
5332,1445.5196483498244,0.6454146185764443,1422
5333,1445.5196483498244,0.6454146185764443,1422
5334,1445.5196483498244,0.6454146185764443,1422
5335,1445.5196483498244,0.6454146185764443,1422
5336,1445.5196483498244,0.6454146185764443,1422
5337,1445.5196483498244,0.6454146185764443,1422
5338,1445.5196483498244,0.6454146185764443,1422
5339,1445.5196483498244,0.6454146185764443,1422
5340,1445.5196483498244,0.6454146185764443,1422
5341,1445.5196483498244,0.6454146185764443,1422
5342,1445.5196483498244,0.6454146185764443,1422
5343,1445.5196483498244,0.6454146185764443,1422
5344,1445.5196483498244,0.6454146185764443,1422
5345,1445.5196483498244,0.6454146185764443,1422
5346,1445.5196483498244,0.6454146185764443,1422
5347,1445.5196483498244,0.6454146185764443,1422
5348,1445.5196483498244,0.6454146185764443,1422
5349,1445.5196483498244,0.6454146185764443,1422
5350,1445.5196483498244,0.6454146185764443,1422
5351,1445.5196483498244,0.6454146185764443,1422
5352,1445.5196483498244,0.6454146185764443,1422
5353,1445.5196483498244,0.6454146185764443,1422
5354,1445.5196483498244,0.6454146185764443,1422
5355,1450.5567797714239,0.6448548202710106,1427
5356,1450.5567797714239,0.6448548202710106,1427
5357,1450.5567797714239,0.6448548202710106,1427
5358,1450.5567797714239,0.6448548202710106,1427
5359,1450.5567797714239,0.6448548202710106,1427
5360,1450.5567797714239,0.6448548202710106,1427
5361,1450.5567797714239,0.6448548202710106,1427
5362,1450.5567797714239,0.6448548202710106,1427
5363,1450.5567797714239,0.6448548202710106,1427
5364,1450.5567797714239,0.6448548202710106,1427
5365,1450.5567797714239,0.6448548202710106,1427
5366,1450.5567797714239,0.6448548202710106,1427
5367,1450.5567797714239,0.6448548202710106,1427
5368,1450.5567797714239,0.6448548202710106,1427
5369,1450.5567797714239,0.6448548202710106,1427
5370,1450.5567797714239,0.6448548202710106,1427
5371,1450.5567797714239,0.6448548202710106,1427
5372,1450.5567797714239,0.6448548202710106,1427
5373,1450.5567797714239,0.6448548202710106,1427
5374,1450.5567797714239,0.6448548202710106,1427
5375,1450.5567797714239,0.6448548202710106,1427
5376,1450.5567797714239,0.6448548202710106,1427
5377,1450.5567797714239,0.6448548202710106,1427
5378,1450.5567797714239,0.6448548202710106,1427
5379,1450.5567797714239,0.6448548202710106,1427
5380,1450.5567797714239,0.6448548202710106,1427
5381,1450.5567797714239,0.6448548202710106,1427
5382,1450.5567797714239,0.6448548202710106,1427
5383,1450.5567797714239,0.6448548202710106,1427
5384,1450.5567797714239,0.6448548202710106,1427
5385,1450.5567797714239,0.6448548202710106,1427
5386,1450.5567797714239,0.6448548202710106,1427
5387,1450.5567797714239,0.6448548202710106,1427
5388,1450.5567797714239,0.6448548202710106,1427
5389,1450.5567797714239,0.6448548202710106,1427
5390,1450.5567797714239,0.6448548202710106,1427
5391,1450.5567797714239,0.6448548202710106,1427
5392,1450.5567797714239,0.6448548202710106,1427
5393,1450.5567797714239,0.6448548202710106,1427
5394,1450.5567797714239,0.6448548202710106,1427
5395,1450.5567797714239,0.6448548202710106,1427
5396,1450.5567797714239,0.6448548202710106,1427
5397,1450.5567797714239,0.6448548202710106,1427
5398,1450.5567797714239,0.6448548202710106,1427
5399,1450.5567797714239,0.6448548202710106,1427
5400,1450.5567797714239,0.6448548202710106,1427
5401,1450.5567797714239,0.6448548202710106,1427
5402,1450.5567797714239,0.6448548202710106,1427
5403,1450.5567797714239,0.6448548202710106,1427
5404,1431.4141741164676,0.647004762302615,1408
5405,1431.4141741164676,0.647004762302615,1408
5406,1431.4141741164676,0.647004762302615,1408
5407,1431.4141741164676,0.647004762302615,1408
5408,1431.4141741164676,0.647004762302615,1408
5409,1437.4596517744233,0.6463191350154776,1414
5410,1437.4596517744233,0.6463191350154776,1414
5411,1437.4596517744233,0.6463191350154776,1414
5412,1437.4596517744233,0.6463191350154776,1414
5413,1437.4596517744233,0.6463191350154776,1414
5414,1437.4596517744233,0.6463191350154776,1414
5415,1437.4596517744233,0.6463191350154776,1414
5416,1437.4596517744233,0.6463191350154776,1414
5417,1437.4596517744233,0.6463191350154776,1414
5418,1437.4596517744233,0.6463191350154776,1414
5419,1437.4596517744233,0.6463191350154776,1414
5420,1437.4596517744233,0.6463191350154776,1414
5421,1437.4596517744233,0.6463191350154776,1414
5422,1437.4596517744233,0.6463191350154776,1414
5423,1437.4596517744233,0.6463191350154776,1414
5424,1437.4596517744233,0.6463191350154776,1414
5425,1437.4596517744233,0.6463191350154776,1414
5426,1437.4596517744233,0.6463191350154776,1414
5427,1437.4596517744233,0.6463191350154776,1414
5428,1437.4596517744233,0.6463191350154776,1414
5429,1437.4596517744233,0.6463191350154776,1414
5430,1437.4596517744233,0.6463191350154776,1414
5431,1437.4596517744233,0.6463191350154776,1414
5432,1437.4596517744233,0.6463191350154776,1414
5433,1437.4596517744233,0.6463191350154776,1414
5434,1437.4596517744233,0.6463191350154776,1414
5435,1437.4596517744233,0.6463191350154776,1414
5436,1437.4596517744233,0.6463191350154776,1414
5437,1437.4596517744233,0.6463191350154776,1414
5438,1432.4799777978803,0.6460126971524146,1409
5439,1432.4799777978803,0.6460126971524146,1409
5440,1429.457259854383,0.6463551959236682,1406
5441,1429.457259854383,0.6463551959236682,1406
5442,1429.457259854383,0.6463551959236682,1406
5443,1429.457259854383,0.6463551959236682,1406
5444,1429.457259854383,0.6463551959236682,1406
5445,1429.457259854383,0.6463551959236682,1406
5446,1429.457259854383,0.6463551959236682,1406
5447,1429.457259854383,0.6463551959236682,1406
5448,1429.457259854383,0.6463551959236682,1406
5449,1429.457259854383,0.6463551959236682,1406
5450,1429.457259854383,0.6463551959236682,1406
5451,1429.457259854383,0.6463551959236682,1406
5452,1429.457259854383,0.6463551959236682,1406
5453,1429.457259854383,0.6463551959236682,1406
5454,1429.457259854383,0.6463551959236682,1406
5455,1429.457259854383,0.6463551959236682,1406
5456,1429.457259854383,0.6463551959236682,1406
5457,1429.457259854383,0.6463551959236682,1406
5458,1429.457259854383,0.6463551959236682,1406
5459,1429.457259854383,0.6463551959236682,1406
5460,1429.457259854383,0.6463551959236682,1406
5461,1429.457259854383,0.6463551959236682,1406
5462,1429.457259854383,0.6463551959236682,1406
5463,1429.457259854383,0.6463551959236682,1406
5464,1429.457259854383,0.6463551959236682,1406
5465,1429.457259854383,0.6463551959236682,1406
5466,1429.457259854383,0.6463551959236682,1406
5467,1429.457259854383,0.6463551959236682,1406
5468,1429.457259854383,0.6463551959236682,1406
5469,1429.457259854383,0.6463551959236682,1406
5470,1429.457259854383,0.6463551959236682,1406
5471,1429.457259854383,0.6463551959236682,1406
5472,1429.457259854383,0.6463551959236682,1406
5473,1429.457259854383,0.6463551959236682,1406
5474,1429.457259854383,0.6463551959236682,1406
5475,1429.457259854383,0.6463551959236682,1406
5476,1429.457259854383,0.6463551959236682,1406
5477,1429.457259854383,0.6463551959236682,1406
5478,1429.457259854383,0.6463551959236682,1406
5479,1429.457259854383,0.6463551959236682,1406
5480,1429.457259854383,0.6463551959236682,1406
5481,1429.457259854383,0.6463551959236682,1406
5482,1429.457259854383,0.6463551959236682,1406
5483,1429.457259854383,0.6463551959236682,1406
5484,1429.457259854383,0.6463551959236682,1406
5485,1429.457259854383,0.6463551959236682,1406
5486,1429.457259854383,0.6463551959236682,1406
5487,1429.457259854383,0.6463551959236682,1406
5488,1429.457259854383,0.6463551959236682,1406
5489,1429.457259854383,0.6463551959236682,1406
5490,1429.457259854383,0.6463551959236682,1406
5491,1429.457259854383,0.6463551959236682,1406
5492,1429.457259854383,0.6463551959236682,1406
5493,1429.457259854383,0.6463551959236682,1406
5494,1429.457259854383,0.6463551959236682,1406
5495,1429.457259854383,0.6463551959236682,1406
5496,1429.457259854383,0.6463551959236682,1406
5497,1429.457259854383,0.6463551959236682,1406
5498,1429.457259854383,0.6463551959236682,1406
5499,1429.457259854383,0.6463551959236682,1406
5500,1429.457259854383,0.6463551959236682,1406
5501,1429.457259854383,0.6463551959236682,1406
5502,1429.457259854383,0.6463551959236682,1406
5503,1429.457259854383,0.6463551959236682,1406
5504,1429.457259854383,0.6463551959236682,1406
5505,1429.457259854383,0.6463551959236682,1406
5506,1429.457259854383,0.6463551959236682,1406
5507,1429.457259854383,0.6463551959236682,1406
5508,1429.457259854383,0.6463551959236682,1406
5509,1429.457259854383,0.6463551959236682,1406
5510,1429.457259854383,0.6463551959236682,1406
5511,1429.457259854383,0.6463551959236682,1406
5512,1429.457259854383,0.6463551959236682,1406
5513,1429.457259854383,0.6463551959236682,1406
5514,1429.457259854383,0.6463551959236682,1406
5515,1429.457259854383,0.6463551959236682,1406
5516,1429.457259854383,0.6463551959236682,1406
5517,1429.457259854383,0.6463551959236682,1406
5518,1429.457259854383,0.6463551959236682,1406
5519,1412.915465210777,0.6394472303516209,1389
5520,1412.915465210777,0.6394472303516209,1389
5521,1412.915465210777,0.6394472303516209,1389
5522,1412.915465210777,0.6394472303516209,1389
5523,1412.915465210777,0.6394472303516209,1389
5524,1412.915465210777,0.6394472303516209,1389
5525,1412.915465210777,0.6394472303516209,1389
5526,1412.915465210777,0.6394472303516209,1389
5527,1412.915465210777,0.6394472303516209,1389
5528,1412.915465210777,0.6394472303516209,1389
5529,1412.915465210777,0.6394472303516209,1389
5530,1412.915465210777,0.6394472303516209,1389
5531,1412.915465210777,0.6394472303516209,1389
5532,1412.915465210777,0.6394472303516209,1389
5533,1412.915465210777,0.6394472303516209,1389
5534,1412.915465210777,0.6394472303516209,1389
5535,1412.915465210777,0.6394472303516209,1389
5536,1412.915465210777,0.6394472303516209,1389
5537,1412.915465210777,0.6394472303516209,1389
5538,1412.915465210777,0.6394472303516209,1389
5539,1412.915465210777,0.6394472303516209,1389
5540,1412.915465210777,0.6394472303516209,1389
5541,1412.915465210777,0.6394472303516209,1389
5542,1412.915465210777,0.6394472303516209,1389
5543,1412.915465210777,0.6394472303516209,1389
5544,1412.915465210777,0.6394472303516209,1389
5545,1412.915465210777,0.6394472303516209,1389
5546,1412.915465210777,0.6394472303516209,1389
5547,1412.915465210777,0.6394472303516209,1389
5548,1412.915465210777,0.6394472303516209,1389
5549,1412.915465210777,0.6394472303516209,1389
5550,1412.915465210777,0.6394472303516209,1389
5551,1412.915465210777,0.6394472303516209,1389
5552,1412.915465210777,0.6394472303516209,1389
5553,1412.915465210777,0.6394472303516209,1389
5554,1412.915465210777,0.6394472303516209,1389
5555,1412.915465210777,0.6394472303516209,1389
5556,1412.915465210777,0.6394472303516209,1389
5557,1412.915465210777,0.6394472303516209,1389
5558,1412.915465210777,0.6394472303516209,1389
5559,1412.915465210777,0.6394472303516209,1389
5560,1412.915465210777,0.6394472303516209,1389
5561,1412.915465210777,0.6394472303516209,1389
5562,1412.915465210777,0.6394472303516209,1389
5563,1412.915465210777,0.6394472303516209,1389
5564,1412.915465210777,0.6394472303516209,1389
5565,1412.915465210777,0.6394472303516209,1389
5566,1412.915465210777,0.6394472303516209,1389
5567,1412.915465210777,0.6394472303516209,1389
5568,1412.915465210777,0.6394472303516209,1389
5569,1412.915465210777,0.6394472303516209,1389
5570,1412.915465210777,0.6394472303516209,1389
5571,1412.915465210777,0.6394472303516209,1389
5572,1412.915465210777,0.6394472303516209,1389
5573,1412.915465210777,0.6394472303516209,1389
5574,1412.915465210777,0.6394472303516209,1389
5575,1412.915465210777,0.6394472303516209,1389
5576,1412.915465210777,0.6394472303516209,1389
5577,1412.915465210777,0.6394472303516209,1389
5578,1412.915465210777,0.6394472303516209,1389
5579,1412.915465210777,0.6394472303516209,1389
5580,1412.915465210777,0.6394472303516209,1389
5581,1412.915465210777,0.6394472303516209,1389
5582,1412.915465210777,0.6394472303516209,1389
5583,1412.915465210777,0.6394472303516209,1389
5584,1412.915465210777,0.6394472303516209,1389
5585,1412.915465210777,0.6394472303516209,1389
5586,1412.915465210777,0.6394472303516209,1389
5587,1412.915465210777,0.6394472303516209,1389
5588,1412.915465210777,0.6394472303516209,1389
5589,1412.915465210777,0.6394472303516209,1389
5590,1412.915465210777,0.6394472303516209,1389
5591,1412.915465210777,0.6394472303516209,1389
5592,1412.915465210777,0.6394472303516209,1389
5593,1412.915465210777,0.6394472303516209,1389
5594,1412.915465210777,0.6394472303516209,1389
5595,1412.915465210777,0.6394472303516209,1389
5596,1412.915465210777,0.6394472303516209,1389
5597,1412.915465210777,0.6394472303516209,1389
5598,1412.915465210777,0.6394472303516209,1389
5599,1412.915465210777,0.6394472303516209,1389
5600,1412.915465210777,0.6394472303516209,1389
5601,1412.915465210777,0.6394472303516209,1389
5602,1412.915465210777,0.6394472303516209,1389
5603,1412.915465210777,0.6394472303516209,1389
5604,1412.915465210777,0.6394472303516209,1389
5605,1412.915465210777,0.6394472303516209,1389
5606,1412.915465210777,0.6394472303516209,1389
5607,1412.915465210777,0.6394472303516209,1389
5608,1412.915465210777,0.6394472303516209,1389
5609,1412.915465210777,0.6394472303516209,1389
5610,1412.915465210777,0.6394472303516209,1389
5611,1412.915465210777,0.6394472303516209,1389
5612,1412.915465210777,0.6394472303516209,1389
5613,1412.915465210777,0.6394472303516209,1389
5614,1412.915465210777,0.6394472303516209,1389
5615,1412.915465210777,0.6394472303516209,1389
5616,1412.915465210777,0.6394472303516209,1389
5617,1412.915465210777,0.6394472303516209,1389
5618,1412.915465210777,0.6394472303516209,1389
5619,1412.915465210777,0.6394472303516209,1389
5620,1412.915465210777,0.6394472303516209,1389
5621,1412.915465210777,0.6394472303516209,1389
5622,1412.915465210777,0.6394472303516209,1389
5623,1412.915465210777,0.6394472303516209,1389
5624,1412.915465210777,0.6394472303516209,1389
5625,1412.915465210777,0.6394472303516209,1389
5626,1412.915465210777,0.6394472303516209,1389
5627,1412.915465210777,0.6394472303516209,1389
5628,1412.915465210777,0.6394472303516209,1389
5629,1412.915465210777,0.6394472303516209,1389
5630,1412.915465210777,0.6394472303516209,1389
5631,1412.915465210777,0.6394472303516209,1389
5632,1412.915465210777,0.6394472303516209,1389
5633,1412.915465210777,0.6394472303516209,1389
5634,1412.915465210777,0.6394472303516209,1389
5635,1412.915465210777,0.6394472303516209,1389
5636,1412.915465210777,0.6394472303516209,1389
5637,1412.915465210777,0.6394472303516209,1389
5638,1412.915465210777,0.6394472303516209,1389
5639,1412.915465210777,0.6394472303516209,1389
5640,1412.915465210777,0.6394472303516209,1389
5641,1412.915465210777,0.6394472303516209,1389
5642,1412.915465210777,0.6394472303516209,1389
5643,1412.915465210777,0.6394472303516209,1389
5644,1412.915465210777,0.6394472303516209,1389
5645,1412.915465210777,0.6394472303516209,1389
5646,1412.915465210777,0.6394472303516209,1389
5647,1412.915465210777,0.6394472303516209,1389
5648,1412.915465210777,0.6394472303516209,1389
5649,1412.915465210777,0.6394472303516209,1389
5650,1412.915465210777,0.6394472303516209,1389
5651,1412.915465210777,0.6394472303516209,1389
5652,1412.915465210777,0.6394472303516209,1389
5653,1412.915465210777,0.6394472303516209,1389
5654,1412.915465210777,0.6394472303516209,1389
5655,1412.915465210777,0.6394472303516209,1389
5656,1412.915465210777,0.6394472303516209,1389
5657,1412.915465210777,0.6394472303516209,1389
5658,1412.915465210777,0.6394472303516209,1389
5659,1412.915465210777,0.6394472303516209,1389
5660,1412.915465210777,0.6394472303516209,1389
5661,1412.915465210777,0.6394472303516209,1389
5662,1412.915465210777,0.6394472303516209,1389
5663,1412.915465210777,0.6394472303516209,1389
5664,1412.915465210777,0.6394472303516209,1389
5665,1412.915465210777,0.6394472303516209,1389
5666,1412.915465210777,0.6394472303516209,1389
5667,1412.915465210777,0.6394472303516209,1389
5668,1412.915465210777,0.6394472303516209,1389
5669,1412.915465210777,0.6394472303516209,1389
5670,1412.915465210777,0.6394472303516209,1389
5671,1412.915465210777,0.6394472303516209,1389
5672,1412.915465210777,0.6394472303516209,1389
5673,1412.915465210777,0.6394472303516209,1389
5674,1412.915465210777,0.6394472303516209,1389
5675,1412.915465210777,0.6394472303516209,1389
5676,1412.915465210777,0.6394472303516209,1389
5677,1412.915465210777,0.6394472303516209,1389
5678,1412.915465210777,0.6394472303516209,1389
5679,1412.915465210777,0.6394472303516209,1389
5680,1412.915465210777,0.6394472303516209,1389
5681,1412.915465210777,0.6394472303516209,1389
5682,1412.915465210777,0.6394472303516209,1389
5683,1412.915465210777,0.6394472303516209,1389
5684,1412.915465210777,0.6394472303516209,1389
5685,1412.915465210777,0.6394472303516209,1389
5686,1412.915465210777,0.6394472303516209,1389
5687,1412.915465210777,0.6394472303516209,1389
5688,1412.915465210777,0.6394472303516209,1389
5689,1412.915465210777,0.6394472303516209,1389
5690,1412.915465210777,0.6394472303516209,1389
5691,1412.915465210777,0.6394472303516209,1389
5692,1412.915465210777,0.6394472303516209,1389
5693,1412.915465210777,0.6394472303516209,1389
5694,1412.915465210777,0.6394472303516209,1389
5695,1412.915465210777,0.6394472303516209,1389
5696,1412.915465210777,0.6394472303516209,1389
5697,1412.915465210777,0.6394472303516209,1389
5698,1412.915465210777,0.6394472303516209,1389
5699,1412.915465210777,0.6394472303516209,1389
5700,1412.915465210777,0.6394472303516209,1389
5701,1412.915465210777,0.6394472303516209,1389
5702,1412.915465210777,0.6394472303516209,1389
5703,1412.915465210777,0.6394472303516209,1389
5704,1412.915465210777,0.6394472303516209,1389
5705,1412.915465210777,0.6394472303516209,1389
5706,1412.915465210777,0.6394472303516209,1389
5707,1412.915465210777,0.6394472303516209,1389
5708,1412.915465210777,0.6394472303516209,1389
5709,1412.915465210777,0.6394472303516209,1389
5710,1412.915465210777,0.6394472303516209,1389
5711,1412.915465210777,0.6394472303516209,1389
5712,1412.915465210777,0.6394472303516209,1389
5713,1412.915465210777,0.6394472303516209,1389
5714,1412.915465210777,0.6394472303516209,1389
5715,1412.915465210777,0.6394472303516209,1389
5716,1412.915465210777,0.6394472303516209,1389
5717,1412.915465210777,0.6394472303516209,1389
5718,1412.915465210777,0.6394472303516209,1389
5719,1412.915465210777,0.6394472303516209,1389
5720,1412.915465210777,0.6394472303516209,1389
5721,1412.915465210777,0.6394472303516209,1389
5722,1412.915465210777,0.6394472303516209,1389
5723,1412.915465210777,0.6394472303516209,1389
5724,1412.915465210777,0.6394472303516209,1389
5725,1404.8566640623478,0.6403337243728651,1381
5726,1404.8566640623478,0.6403337243728651,1381
5727,1404.8566640623478,0.6403337243728651,1381
5728,1404.8566640623478,0.6403337243728651,1381
5729,1404.8566640623478,0.6403337243728651,1381
5730,1404.8566640623478,0.6403337243728651,1381
5731,1404.8566640623478,0.6403337243728651,1381
5732,1404.8566640623478,0.6403337243728651,1381
5733,1404.8566640623478,0.6403337243728651,1381
5734,1404.8566640623478,0.6403337243728651,1381
5735,1404.8566640623478,0.6403337243728651,1381
5736,1404.8566640623478,0.6403337243728651,1381
5737,1404.8566640623478,0.6403337243728651,1381
5738,1404.8566640623478,0.6403337243728651,1381
5739,1404.8566640623478,0.6403337243728651,1381
5740,1404.8566640623478,0.6403337243728651,1381
5741,1404.8566640623478,0.6403337243728651,1381
5742,1404.8566640623478,0.6403337243728651,1381
5743,1404.8566640623478,0.6403337243728651,1381
5744,1404.8566640623478,0.6403337243728651,1381
5745,1404.8566640623478,0.6403337243728651,1381
5746,1404.8566640623478,0.6403337243728651,1381
5747,1404.8566640623478,0.6403337243728651,1381
5748,1404.8566640623478,0.6403337243728651,1381
5749,1404.8566640623478,0.6403337243728651,1381
5750,1404.8566640623478,0.6403337243728651,1381
5751,1404.8566640623478,0.6403337243728651,1381
5752,1404.8566640623478,0.6403337243728651,1381
5753,1404.8566640623478,0.6403337243728651,1381
5754,1404.8566640623478,0.6403337243728651,1381
5755,1404.8566640623478,0.6403337243728651,1381
5756,1404.8566640623478,0.6403337243728651,1381
5757,1404.8566640623478,0.6403337243728651,1381
5758,1404.8566640623478,0.6403337243728651,1381
5759,1404.8566640623478,0.6403337243728651,1381
5760,1404.8566640623478,0.6403337243728651,1381
5761,1404.8566640623478,0.6403337243728651,1381
5762,1404.8566640623478,0.6403337243728651,1381
5763,1404.8566640623478,0.6403337243728651,1381
5764,1404.8566640623478,0.6403337243728651,1381
5765,1404.8566640623478,0.6403337243728651,1381
5766,1404.8566640623478,0.6403337243728651,1381
5767,1404.8566640623478,0.6403337243728651,1381
5768,1404.8566640623478,0.6403337243728651,1381
5769,1404.8566640623478,0.6403337243728651,1381
5770,1404.8566640623478,0.6403337243728651,1381
5771,1404.8566640623478,0.6403337243728651,1381
5772,1404.8566640623478,0.6403337243728651,1381
5773,1404.8566640623478,0.6403337243728651,1381
5774,1404.8566640623478,0.6403337243728651,1381
5775,1404.8566640623478,0.6403337243728651,1381
5776,1404.8566640623478,0.6403337243728651,1381
5777,1404.8566640623478,0.6403337243728651,1381
5778,1404.8566640623478,0.6403337243728651,1381
5779,1404.8566640623478,0.6403337243728651,1381
5780,1404.8566640623478,0.6403337243728651,1381
5781,1404.8566640623478,0.6403337243728651,1381
5782,1404.8566640623478,0.6403337243728651,1381
5783,1404.8566640623478,0.6403337243728651,1381
5784,1404.8566640623478,0.6403337243728651,1381
5785,1404.8566640623478,0.6403337243728651,1381
5786,1404.8566640623478,0.6403337243728651,1381
5787,1404.8566640623478,0.6403337243728651,1381
5788,1404.8566640623478,0.6403337243728651,1381
5789,1404.8566640623478,0.6403337243728651,1381
5790,1404.8566640623478,0.6403337243728651,1381
5791,1404.8566640623478,0.6403337243728651,1381
5792,1404.8566640623478,0.6403337243728651,1381
5793,1404.8566640623478,0.6403337243728651,1381
5794,1404.8566640623478,0.6403337243728651,1381
5795,1404.8566640623478,0.6403337243728651,1381
5796,1404.8566640623478,0.6403337243728651,1381
5797,1404.8566640623478,0.6403337243728651,1381
5798,1404.8566640623478,0.6403337243728651,1381
5799,1404.8566640623478,0.6403337243728651,1381
5800,1404.8566640623478,0.6403337243728651,1381
5801,1404.8566640623478,0.6403337243728651,1381
5802,1404.8566640623478,0.6403337243728651,1381
5803,1404.8566640623478,0.6403337243728651,1381
5804,1404.8566640623478,0.6403337243728651,1381
5805,1404.8566640623478,0.6403337243728651,1381
5806,1404.8566640623478,0.6403337243728651,1381
5807,1404.8566640623478,0.6403337243728651,1381
5808,1404.8566640623478,0.6403337243728651,1381
5809,1404.8566640623478,0.6403337243728651,1381
5810,1404.8566640623478,0.6403337243728651,1381
5811,1404.8566640623478,0.6403337243728651,1381
5812,1404.8566640623478,0.6403337243728651,1381
5813,1404.8566640623478,0.6403337243728651,1381
5814,1404.8566640623478,0.6403337243728651,1381
5815,1404.8566640623478,0.6403337243728651,1381
5816,1404.8566640623478,0.6403337243728651,1381
5817,1404.8566640623478,0.6403337243728651,1381
5818,1404.8566640623478,0.6403337243728651,1381
5819,1404.8566640623478,0.6403337243728651,1381
5820,1404.8566640623478,0.6403337243728651,1381
5821,1404.8566640623478,0.6403337243728651,1381
5822,1404.8566640623478,0.6403337243728651,1381
5823,1404.8566640623478,0.6403337243728651,1381
5824,1404.8566640623478,0.6403337243728651,1381
5825,1404.8566640623478,0.6403337243728651,1381
5826,1404.8566640623478,0.6403337243728651,1381
5827,1404.8566640623478,0.6403337243728651,1381
5828,1404.8566640623478,0.6403337243728651,1381
5829,1404.8566640623478,0.6403337243728651,1381
5830,1404.8566640623478,0.6403337243728651,1381
5831,1404.8566640623478,0.6403337243728651,1381
5832,1404.8566640623478,0.6403337243728651,1381
5833,1404.8566640623478,0.6403337243728651,1381
5834,1404.8566640623478,0.6403337243728651,1381
5835,1404.8566640623478,0.6403337243728651,1381
5836,1404.8566640623478,0.6403337243728651,1381
5837,1404.8566640623478,0.6403337243728651,1381
5838,1404.8566640623478,0.6403337243728651,1381
5839,1404.8566640623478,0.6403337243728651,1381
5840,1404.8566640623478,0.6403337243728651,1381
5841,1404.8566640623478,0.6403337243728651,1381
5842,1404.8566640623478,0.6403337243728651,1381
5843,1404.8566640623478,0.6403337243728651,1381
5844,1404.8566640623478,0.6403337243728651,1381
5845,1404.8566640623478,0.6403337243728651,1381
5846,1404.8566640623478,0.6403337243728651,1381
5847,1404.8566640623478,0.6403337243728651,1381
5848,1404.8566640623478,0.6403337243728651,1381
5849,1404.8566640623478,0.6403337243728651,1381
5850,1404.8566640623478,0.6403337243728651,1381
5851,1404.8566640623478,0.6403337243728651,1381
5852,1404.8566640623478,0.6403337243728651,1381
5853,1404.8566640623478,0.6403337243728651,1381
5854,1404.8566640623478,0.6403337243728651,1381
5855,1404.8566640623478,0.6403337243728651,1381
5856,1404.8566640623478,0.6403337243728651,1381
5857,1404.8566640623478,0.6403337243728651,1381
5858,1404.8566640623478,0.6403337243728651,1381
5859,1404.8566640623478,0.6403337243728651,1381
5860,1404.8566640623478,0.6403337243728651,1381
5861,1404.8566640623478,0.6403337243728651,1381
5862,1404.8566640623478,0.6403337243728651,1381
5863,1404.8566640623478,0.6403337243728651,1381
5864,1404.8566640623478,0.6403337243728651,1381
5865,1404.8566640623478,0.6403337243728651,1381
5866,1404.8566640623478,0.6403337243728651,1381
5867,1404.8566640623478,0.6403337243728651,1381
5868,1404.8566640623478,0.6403337243728651,1381
5869,1404.8566640623478,0.6403337243728651,1381
5870,1404.8566640623478,0.6403337243728651,1381
5871,1404.8566640623478,0.6403337243728651,1381
5872,1404.8566640623478,0.6403337243728651,1381
5873,1404.8566640623478,0.6403337243728651,1381
5874,1404.8566640623478,0.6403337243728651,1381
5875,1404.8566640623478,0.6403337243728651,1381
5876,1404.8566640623478,0.6403337243728651,1381
5877,1404.8566640623478,0.6403337243728651,1381
5878,1404.8566640623478,0.6403337243728651,1381
5879,1404.8566640623478,0.6403337243728651,1381
5880,1404.8566640623478,0.6403337243728651,1381
5881,1404.8566640623478,0.6403337243728651,1381
5882,1404.8566640623478,0.6403337243728651,1381
5883,1404.8566640623478,0.6403337243728651,1381
5884,1404.8566640623478,0.6403337243728651,1381
5885,1404.8566640623478,0.6403337243728651,1381
5886,1404.8566640623478,0.6403337243728651,1381
5887,1404.8566640623478,0.6403337243728651,1381
5888,1404.8566640623478,0.6403337243728651,1381
5889,1404.8566640623478,0.6403337243728651,1381
5890,1404.8566640623478,0.6403337243728651,1381
5891,1404.8566640623478,0.6403337243728651,1381
5892,1404.8566640623478,0.6403337243728651,1381
5893,1404.8566640623478,0.6403337243728651,1381
5894,1404.8566640623478,0.6403337243728651,1381
5895,1404.8566640623478,0.6403337243728651,1381
5896,1404.8566640623478,0.6403337243728651,1381
5897,1404.8566640623478,0.6403337243728651,1381
5898,1404.8566640623478,0.6403337243728651,1381
5899,1404.8566640623478,0.6403337243728651,1381
5900,1404.8566640623478,0.6403337243728651,1381
5901,1404.8566640623478,0.6403337243728651,1381
5902,1404.8566640623478,0.6403337243728651,1381
5903,1404.8566640623478,0.6403337243728651,1381
5904,1404.8566640623478,0.6403337243728651,1381
5905,1404.8566640623478,0.6403337243728651,1381
5906,1404.8566640623478,0.6403337243728651,1381
5907,1404.8566640623478,0.6403337243728651,1381
5908,1404.8566640623478,0.6403337243728651,1381
5909,1404.8566640623478,0.6403337243728651,1381
5910,1404.8566640623478,0.6403337243728651,1381
5911,1404.8566640623478,0.6403337243728651,1381
5912,1404.8566640623478,0.6403337243728651,1381
5913,1404.8566640623478,0.6403337243728651,1381
5914,1404.8566640623478,0.6403337243728651,1381
5915,1404.8566640623478,0.6403337243728651,1381
5916,1404.8566640623478,0.6403337243728651,1381
5917,1404.8566640623478,0.6403337243728651,1381
5918,1404.8566640623478,0.6403337243728651,1381
5919,1404.8566640623478,0.6403337243728651,1381
5920,1404.8566640623478,0.6403337243728651,1381
5921,1404.8566640623478,0.6403337243728651,1381
5922,1404.8566640623478,0.6403337243728651,1381
5923,1404.8566640623478,0.6403337243728651,1381
5924,1404.8566640623478,0.6403337243728651,1381
5925,1404.8566640623478,0.6403337243728651,1381
5926,1404.8566640623478,0.6403337243728651,1381
5927,1404.8566640623478,0.6403337243728651,1381
5928,1404.8566640623478,0.6403337243728651,1381
5929,1404.8566640623478,0.6403337243728651,1381
5930,1404.8566640623478,0.6403337243728651,1381
5931,1404.8566640623478,0.6403337243728651,1381
5932,1404.8566640623478,0.6403337243728651,1381
5933,1404.8566640623478,0.6403337243728651,1381
5934,1404.8566640623478,0.6403337243728651,1381
5935,1404.8566640623478,0.6403337243728651,1381
5936,1404.8566640623478,0.6403337243728651,1381
5937,1404.8566640623478,0.6403337243728651,1381
5938,1404.8566640623478,0.6403337243728651,1381
5939,1404.8566640623478,0.6403337243728651,1381
5940,1404.8566640623478,0.6403337243728651,1381
5941,1404.8566640623478,0.6403337243728651,1381
5942,1404.8566640623478,0.6403337243728651,1381
5943,1404.8566640623478,0.6403337243728651,1381
5944,1404.8566640623478,0.6403337243728651,1381
5945,1404.8566640623478,0.6403337243728651,1381
5946,1404.8566640623478,0.6403337243728651,1381
5947,1404.8566640623478,0.6403337243728651,1381
5948,1404.8566640623478,0.6403337243728651,1381
5949,1404.8566640623478,0.6403337243728651,1381
5950,1404.8566640623478,0.6403337243728651,1381
5951,1404.8566640623478,0.6403337243728651,1381
5952,1404.8566640623478,0.6403337243728651,1381
5953,1404.8566640623478,0.6403337243728651,1381
5954,1404.8566640623478,0.6403337243728651,1381
5955,1404.8566640623478,0.6403337243728651,1381
5956,1404.8566640623478,0.6403337243728651,1381
5957,1404.8566640623478,0.6403337243728651,1381
5958,1404.8566640623478,0.6403337243728651,1381
5959,1404.8566640623478,0.6403337243728651,1381
5960,1404.8566640623478,0.6403337243728651,1381
5961,1404.8566640623478,0.6403337243728651,1381
5962,1404.8566640623478,0.6403337243728651,1381
5963,1404.8566640623478,0.6403337243728651,1381
5964,1404.8566640623478,0.6403337243728651,1381
5965,1404.8566640623478,0.6403337243728651,1381
5966,1404.8566640623478,0.6403337243728651,1381
5967,1404.8566640623478,0.6403337243728651,1381
5968,1404.8566640623478,0.6403337243728651,1381
5969,1404.8566640623478,0.6403337243728651,1381
5970,1404.8566640623478,0.6403337243728651,1381
5971,1404.8566640623478,0.6403337243728651,1381
5972,1404.8566640623478,0.6403337243728651,1381
5973,1404.8566640623478,0.6403337243728651,1381
5974,1404.8566640623478,0.6403337243728651,1381
5975,1404.8566640623478,0.6403337243728651,1381
5976,1404.8566640623478,0.6403337243728651,1381
5977,1404.8566640623478,0.6403337243728651,1381
5978,1404.8566640623478,0.6403337243728651,1381
5979,1404.8566640623478,0.6403337243728651,1381
5980,1404.8566640623478,0.6403337243728651,1381
5981,1404.8566640623478,0.6403337243728651,1381
5982,1404.8566640623478,0.6403337243728651,1381
5983,1404.8566640623478,0.6403337243728651,1381
5984,1404.8566640623478,0.6403337243728651,1381
5985,1404.8566640623478,0.6403337243728651,1381
5986,1404.8566640623478,0.6403337243728651,1381
5987,1404.8566640623478,0.6403337243728651,1381
5988,1404.8566640623478,0.6403337243728651,1381
5989,1404.8566640623478,0.6403337243728651,1381
5990,1404.8566640623478,0.6403337243728651,1381
5991,1404.8566640623478,0.6403337243728651,1381
5992,1404.8566640623478,0.6403337243728651,1381
5993,1404.8566640623478,0.6403337243728651,1381
5994,1404.8566640623478,0.6403337243728651,1381
5995,1404.8566640623478,0.6403337243728651,1381
5996,1404.8566640623478,0.6403337243728651,1381
5997,1404.8566640623478,0.6403337243728651,1381
5998,1404.8566640623478,0.6403337243728651,1381
5999,1404.8566640623478,0.6403337243728651,1381
6000,1404.8566640623478,0.6403337243728651,1381
6001,1404.8566640623478,0.6403337243728651,1381
6002,1404.8566640623478,0.6403337243728651,1381
6003,1404.8566640623478,0.6403337243728651,1381
6004,1404.8566640623478,0.6403337243728651,1381
6005,1404.8566640623478,0.6403337243728651,1381
6006,1404.8566640623478,0.6403337243728651,1381
6007,1404.8566640623478,0.6403337243728651,1381
6008,1404.8566640623478,0.6403337243728651,1381
6009,1404.8566640623478,0.6403337243728651,1381
6010,1404.8566640623478,0.6403337243728651,1381
6011,1404.8566640623478,0.6403337243728651,1381
6012,1404.8566640623478,0.6403337243728651,1381
6013,1404.8566640623478,0.6403337243728651,1381
6014,1404.8566640623478,0.6403337243728651,1381
6015,1404.8566640623478,0.6403337243728651,1381
6016,1404.8566640623478,0.6403337243728651,1381
6017,1404.8566640623478,0.6403337243728651,1381
6018,1404.8566640623478,0.6403337243728651,1381
6019,1404.8566640623478,0.6403337243728651,1381
6020,1404.8566640623478,0.6403337243728651,1381
6021,1404.8566640623478,0.6403337243728651,1381
6022,1404.8566640623478,0.6403337243728651,1381
6023,1404.8566640623478,0.6403337243728651,1381
6024,1404.8566640623478,0.6403337243728651,1381
6025,1404.8566640623478,0.6403337243728651,1381
6026,1404.8566640623478,0.6403337243728651,1381
6027,1404.8566640623478,0.6403337243728651,1381
6028,1404.8566640623478,0.6403337243728651,1381
6029,1404.8566640623478,0.6403337243728651,1381
6030,1404.8566640623478,0.6403337243728651,1381
6031,1404.8566640623478,0.6403337243728651,1381
6032,1404.8566640623478,0.6403337243728651,1381
6033,1404.8566640623478,0.6403337243728651,1381
6034,1404.8566640623478,0.6403337243728651,1381
6035,1404.8566640623478,0.6403337243728651,1381
6036,1404.8566640623478,0.6403337243728651,1381
6037,1404.8566640623478,0.6403337243728651,1381
6038,1404.8566640623478,0.6403337243728651,1381
6039,1404.8566640623478,0.6403337243728651,1381
6040,1412.915465210777,0.6394472303516209,1389
6041,1412.915465210777,0.6394472303516209,1389
6042,1412.915465210777,0.6394472303516209,1389
6043,1412.915465210777,0.6394472303516209,1389
6044,1412.915465210777,0.6394472303516209,1389
6045,1412.915465210777,0.6394472303516209,1389
6046,1412.915465210777,0.6394472303516209,1389
6047,1412.915465210777,0.6394472303516209,1389
6048,1412.915465210777,0.6394472303516209,1389
6049,1412.915465210777,0.6394472303516209,1389
6050,1412.915465210777,0.6394472303516209,1389
6051,1412.915465210777,0.6394472303516209,1389
6052,1412.915465210777,0.6394472303516209,1389
6053,1412.915465210777,0.6394472303516209,1389
6054,1412.915465210777,0.6394472303516209,1389
6055,1412.915465210777,0.6394472303516209,1389
6056,1412.915465210777,0.6394472303516209,1389
6057,1412.915465210777,0.6394472303516209,1389
6058,1412.915465210777,0.6394472303516209,1389
6059,1412.915465210777,0.6394472303516209,1389
6060,1412.915465210777,0.6394472303516209,1389
6061,1412.915465210777,0.6394472303516209,1389
6062,1412.915465210777,0.6394472303516209,1389
6063,1412.915465210777,0.6394472303516209,1389
6064,1412.915465210777,0.6394472303516209,1389
6065,1412.915465210777,0.6394472303516209,1389
6066,1412.915465210777,0.6394472303516209,1389
6067,1412.915465210777,0.6394472303516209,1389
6068,1412.915465210777,0.6394472303516209,1389
6069,1412.915465210777,0.6394472303516209,1389
6070,1412.915465210777,0.6394472303516209,1389
6071,1412.915465210777,0.6394472303516209,1389
6072,1412.915465210777,0.6394472303516209,1389
6073,1412.915465210777,0.6394472303516209,1389
6074,1412.915465210777,0.6394472303516209,1389
6075,1412.915465210777,0.6394472303516209,1389
6076,1412.915465210777,0.6394472303516209,1389
6077,1412.915465210777,0.6394472303516209,1389
6078,1412.915465210777,0.6394472303516209,1389
6079,1412.915465210777,0.6394472303516209,1389
6080,1412.915465210777,0.6394472303516209,1389
6081,1412.915465210777,0.6394472303516209,1389
6082,1412.915465210777,0.6394472303516209,1389
6083,1412.915465210777,0.6394472303516209,1389
6084,1412.915465210777,0.6394472303516209,1389
6085,1412.915465210777,0.6394472303516209,1389
6086,1412.915465210777,0.6394472303516209,1389
6087,1412.915465210777,0.6394472303516209,1389
6088,1412.915465210777,0.6394472303516209,1389
6089,1412.915465210777,0.6394472303516209,1389
6090,1412.915465210777,0.6394472303516209,1389
6091,1412.915465210777,0.6394472303516209,1389
6092,1412.915465210777,0.6394472303516209,1389
6093,1412.915465210777,0.6394472303516209,1389
6094,1412.915465210777,0.6394472303516209,1389
6095,1412.915465210777,0.6394472303516209,1389
6096,1412.915465210777,0.6394472303516209,1389
6097,1412.915465210777,0.6394472303516209,1389
6098,1412.915465210777,0.6394472303516209,1389
6099,1412.915465210777,0.6394472303516209,1389
6100,1412.915465210777,0.6394472303516209,1389
6101,1412.915465210777,0.6394472303516209,1389
6102,1412.915465210777,0.6394472303516209,1389
6103,1412.915465210777,0.6394472303516209,1389
6104,1412.915465210777,0.6394472303516209,1389
6105,1412.915465210777,0.6394472303516209,1389
6106,1412.915465210777,0.6394472303516209,1389
6107,1412.915465210777,0.6394472303516209,1389
6108,1412.915465210777,0.6394472303516209,1389
6109,1412.915465210777,0.6394472303516209,1389
6110,1412.915465210777,0.6394472303516209,1389
6111,1412.915465210777,0.6394472303516209,1389
6112,1412.915465210777,0.6394472303516209,1389
6113,1412.915465210777,0.6394472303516209,1389
6114,1412.915465210777,0.6394472303516209,1389
6115,1412.915465210777,0.6394472303516209,1389
6116,1412.915465210777,0.6394472303516209,1389
6117,1412.915465210777,0.6394472303516209,1389
6118,1412.915465210777,0.6394472303516209,1389
6119,1412.915465210777,0.6394472303516209,1389
6120,1412.915465210777,0.6394472303516209,1389
6121,1412.915465210777,0.6394472303516209,1389
6122,1412.915465210777,0.6394472303516209,1389
6123,1412.915465210777,0.6394472303516209,1389
6124,1412.915465210777,0.6394472303516209,1389
6125,1412.915465210777,0.6394472303516209,1389
6126,1412.915465210777,0.6394472303516209,1389
6127,1412.915465210777,0.6394472303516209,1389
6128,1412.915465210777,0.6394472303516209,1389
6129,1412.915465210777,0.6394472303516209,1389
6130,1412.915465210777,0.6394472303516209,1389
6131,1412.915465210777,0.6394472303516209,1389
6132,1412.915465210777,0.6394472303516209,1389
6133,1412.915465210777,0.6394472303516209,1389
6134,1412.915465210777,0.6394472303516209,1389
6135,1412.915465210777,0.6394472303516209,1389
6136,1412.915465210777,0.6394472303516209,1389
6137,1412.915465210777,0.6394472303516209,1389
6138,1412.915465210777,0.6394472303516209,1389
6139,1412.915465210777,0.6394472303516209,1389
6140,1412.915465210777,0.6394472303516209,1389
6141,1412.915465210777,0.6394472303516209,1389
6142,1412.915465210777,0.6394472303516209,1389
6143,1412.915465210777,0.6394472303516209,1389
6144,1412.915465210777,0.6394472303516209,1389
6145,1412.915465210777,0.6394472303516209,1389
6146,1412.915465210777,0.6394472303516209,1389
6147,1412.915465210777,0.6394472303516209,1389
6148,1412.915465210777,0.6394472303516209,1389
6149,1412.915465210777,0.6394472303516209,1389
6150,1412.915465210777,0.6394472303516209,1389
6151,1412.915465210777,0.6394472303516209,1389
6152,1412.915465210777,0.6394472303516209,1389
6153,1412.915465210777,0.6394472303516209,1389
6154,1412.915465210777,0.6394472303516209,1389
6155,1412.915465210777,0.6394472303516209,1389
6156,1412.915465210777,0.6394472303516209,1389
6157,1412.915465210777,0.6394472303516209,1389
6158,1412.915465210777,0.6394472303516209,1389
6159,1412.915465210777,0.6394472303516209,1389
6160,1412.915465210777,0.6394472303516209,1389
6161,1412.915465210777,0.6394472303516209,1389
6162,1412.915465210777,0.6394472303516209,1389
6163,1412.915465210777,0.6394472303516209,1389
6164,1412.915465210777,0.6394472303516209,1389
6165,1412.915465210777,0.6394472303516209,1389
6166,1412.915465210777,0.6394472303516209,1389
6167,1412.915465210777,0.6394472303516209,1389
6168,1412.915465210777,0.6394472303516209,1389
6169,1412.915465210777,0.6394472303516209,1389
6170,1412.915465210777,0.6394472303516209,1389
6171,1412.915465210777,0.6394472303516209,1389
6172,1412.915465210777,0.6394472303516209,1389
6173,1412.915465210777,0.6394472303516209,1389
6174,1412.915465210777,0.6394472303516209,1389
6175,1412.915465210777,0.6394472303516209,1389
6176,1412.915465210777,0.6394472303516209,1389
6177,1412.915465210777,0.6394472303516209,1389
6178,1412.915465210777,0.6394472303516209,1389
6179,1412.915465210777,0.6394472303516209,1389
6180,1412.915465210777,0.6394472303516209,1389
6181,1412.915465210777,0.6394472303516209,1389
6182,1412.915465210777,0.6394472303516209,1389
6183,1412.915465210777,0.6394472303516209,1389
6184,1412.915465210777,0.6394472303516209,1389
6185,1412.915465210777,0.6394472303516209,1389
6186,1412.915465210777,0.6394472303516209,1389
6187,1412.915465210777,0.6394472303516209,1389
6188,1412.915465210777,0.6394472303516209,1389
6189,1412.915465210777,0.6394472303516209,1389
6190,1412.915465210777,0.6394472303516209,1389
6191,1412.915465210777,0.6394472303516209,1389
6192,1412.915465210777,0.6394472303516209,1389
6193,1412.915465210777,0.6394472303516209,1389
6194,1412.915465210777,0.6394472303516209,1389
6195,1412.915465210777,0.6394472303516209,1389
6196,1412.915465210777,0.6394472303516209,1389
6197,1412.915465210777,0.6394472303516209,1389
6198,1412.915465210777,0.6394472303516209,1389
6199,1412.915465210777,0.6394472303516209,1389
6200,1412.915465210777,0.6394472303516209,1389
6201,1412.915465210777,0.6394472303516209,1389
6202,1412.915465210777,0.6394472303516209,1389
6203,1412.915465210777,0.6394472303516209,1389
6204,1412.915465210777,0.6394472303516209,1389
6205,1412.915465210777,0.6394472303516209,1389
6206,1412.915465210777,0.6394472303516209,1389
6207,1412.915465210777,0.6394472303516209,1389
6208,1412.915465210777,0.6394472303516209,1389
6209,1412.915465210777,0.6394472303516209,1389
6210,1412.915465210777,0.6394472303516209,1389
6211,1412.915465210777,0.6394472303516209,1389
6212,1412.915465210777,0.6394472303516209,1389
6213,1412.915465210777,0.6394472303516209,1389
6214,1412.915465210777,0.6394472303516209,1389
6215,1412.915465210777,0.6394472303516209,1389
6216,1412.915465210777,0.6394472303516209,1389
6217,1412.915465210777,0.6394472303516209,1389
6218,1412.915465210777,0.6394472303516209,1389
6219,1412.915465210777,0.6394472303516209,1389
6220,1412.915465210777,0.6394472303516209,1389
6221,1412.915465210777,0.6394472303516209,1389
6222,1412.915465210777,0.6394472303516209,1389
6223,1396.7971271299498,0.6412313111721722,1373
6224,1396.7971271299498,0.6412313111721722,1373
6225,1396.7971271299498,0.6412313111721722,1373
6226,1396.7971271299498,0.6412313111721722,1373
6227,1396.7971271299498,0.6412313111721722,1373
6228,1396.7971271299498,0.6412313111721722,1373
6229,1396.7971271299498,0.6412313111721722,1373
6230,1388.7368408622044,0.6421401950519474,1365
6231,1388.7368408622044,0.6421401950519474,1365
6232,1388.7368408622044,0.6421401950519474,1365
6233,1388.7368408622044,0.6421401950519474,1365
6234,1388.7368408622044,0.6421401950519474,1365
6235,1388.7368408622044,0.6421401950519474,1365
6236,1388.7368408622044,0.6421401950519474,1365
6237,1388.7368408622044,0.6421401950519474,1365
6238,1388.7368408622044,0.6421401950519474,1365
6239,1388.7368408622044,0.6421401950519474,1365
6240,1388.7368408622044,0.6421401950519474,1365
6241,1388.7368408622044,0.6421401950519474,1365
6242,1388.7368408622044,0.6421401950519474,1365
6243,1388.7368408622044,0.6421401950519474,1365
6244,1388.7368408622044,0.6421401950519474,1365
6245,1388.7368408622044,0.6421401950519474,1365
6246,1388.7368408622044,0.6421401950519474,1365
6247,1388.7368408622044,0.6421401950519474,1365
6248,1388.7368408622044,0.6421401950519474,1365
6249,1388.7368408622044,0.6421401950519474,1365
6250,1388.7368408622044,0.6421401950519474,1365
6251,1388.7368408622044,0.6421401950519474,1365
6252,1388.7368408622044,0.6421401950519474,1365
6253,1388.7368408622044,0.6421401950519474,1365
6254,1388.7368408622044,0.6421401950519474,1365
6255,1388.7368408622044,0.6421401950519474,1365
6256,1388.7368408622044,0.6421401950519474,1365
6257,1388.7368408622044,0.6421401950519474,1365
6258,1388.7368408622044,0.6421401950519474,1365
6259,1388.7368408622044,0.6421401950519474,1365
6260,1388.7368408622044,0.6421401950519474,1365
6261,1388.7368408622044,0.6421401950519474,1365
6262,1388.7368408622044,0.6421401950519474,1365
6263,1388.7368408622044,0.6421401950519474,1365
6264,1388.7368408622044,0.6421401950519474,1365
6265,1388.7368408622044,0.6421401950519474,1365
6266,1388.7368408622044,0.6421401950519474,1365
6267,1388.7368408622044,0.6421401950519474,1365
6268,1388.7368408622044,0.6421401950519474,1365
6269,1388.7368408622044,0.6421401950519474,1365
6270,1388.7368408622044,0.6421401950519474,1365
6271,1388.7368408622044,0.6421401950519474,1365
6272,1388.7368408622044,0.6421401950519474,1365
6273,1388.7368408622044,0.6421401950519474,1365
6274,1388.7368408622044,0.6421401950519474,1365
6275,1388.7368408622044,0.6421401950519474,1365
6276,1388.7368408622044,0.6421401950519474,1365
6277,1388.7368408622044,0.6421401950519474,1365
6278,1388.7368408622044,0.6421401950519474,1365
6279,1388.7368408622044,0.6421401950519474,1365
6280,1388.7368408622044,0.6421401950519474,1365
6281,1388.7368408622044,0.6421401950519474,1365
6282,1388.7368408622044,0.6421401950519474,1365
6283,1388.7368408622044,0.6421401950519474,1365
6284,1388.7368408622044,0.6421401950519474,1365
6285,1388.7368408622044,0.6421401950519474,1365
6286,1388.7368408622044,0.6421401950519474,1365
6287,1388.7368408622044,0.6421401950519474,1365
6288,1388.7368408622044,0.6421401950519474,1365
6289,1388.7368408622044,0.6421401950519474,1365
6290,1388.7368408622044,0.6421401950519474,1365
6291,1388.7368408622044,0.6421401950519474,1365
6292,1388.7368408622044,0.6421401950519474,1365
6293,1388.7368408622044,0.6421401950519474,1365
6294,1388.7368408622044,0.6421401950519474,1365
6295,1388.7368408622044,0.6421401950519474,1365
6296,1388.7368408622044,0.6421401950519474,1365
6297,1388.7368408622044,0.6421401950519474,1365
6298,1388.7368408622044,0.6421401950519474,1365
6299,1388.7368408622044,0.6421401950519474,1365
6300,1388.7368408622044,0.6421401950519474,1365
6301,1388.7368408622044,0.6421401950519474,1365
6302,1388.7368408622044,0.6421401950519474,1365
6303,1388.7368408622044,0.6421401950519474,1365
6304,1388.7368408622044,0.6421401950519474,1365
6305,1388.7368408622044,0.6421401950519474,1365
6306,1388.7368408622044,0.6421401950519474,1365
6307,1388.7368408622044,0.6421401950519474,1365
6308,1388.7368408622044,0.6421401950519474,1365
6309,1388.7368408622044,0.6421401950519474,1365
6310,1388.7368408622044,0.6421401950519474,1365
6311,1388.7368408622044,0.6421401950519474,1365
6312,1388.7368408622044,0.6421401950519474,1365
6313,1388.7368408622044,0.6421401950519474,1365
6314,1388.7368408622044,0.6421401950519474,1365
6315,1388.7368408622044,0.6421401950519474,1365
6316,1388.7368408622044,0.6421401950519474,1365
6317,1388.7368408622044,0.6421401950519474,1365
6318,1388.7368408622044,0.6421401950519474,1365
6319,1388.7368408622044,0.6421401950519474,1365
6320,1388.7368408622044,0.6421401950519474,1365
6321,1388.7368408622044,0.6421401950519474,1365
6322,1388.7368408622044,0.6421401950519474,1365
6323,1388.7368408622044,0.6421401950519474,1365
6324,1388.7368408622044,0.6421401950519474,1365
6325,1388.7368408622044,0.6421401950519474,1365
6326,1388.7368408622044,0.6421401950519474,1365
6327,1388.7368408622044,0.6421401950519474,1365
6328,1388.7368408622044,0.6421401950519474,1365
6329,1388.7368408622044,0.6421401950519474,1365
6330,1388.7368408622044,0.6421401950519474,1365
6331,1388.7368408622044,0.6421401950519474,1365
6332,1388.7368408622044,0.6421401950519474,1365
6333,1388.7368408622044,0.6421401950519474,1365
6334,1388.7368408622044,0.6421401950519474,1365
6335,1388.7368408622044,0.6421401950519474,1365
6336,1388.7368408622044,0.6421401950519474,1365
6337,1388.7368408622044,0.6421401950519474,1365
6338,1388.7368408622044,0.6421401950519474,1365
6339,1388.7368408622044,0.6421401950519474,1365
6340,1388.7368408622044,0.6421401950519474,1365
6341,1388.7368408622044,0.6421401950519474,1365
6342,1388.7368408622044,0.6421401950519474,1365
6343,1388.7368408622044,0.6421401950519474,1365
6344,1388.7368408622044,0.6421401950519474,1365
6345,1388.7368408622044,0.6421401950519474,1365
6346,1388.7368408622044,0.6421401950519474,1365
6347,1388.7368408622044,0.6421401950519474,1365
6348,1388.7368408622044,0.6421401950519474,1365
6349,1388.7368408622044,0.6421401950519474,1365
6350,1388.7368408622044,0.6421401950519474,1365
6351,1388.7368408622044,0.6421401950519474,1365
6352,1388.7368408622044,0.6421401950519474,1365
6353,1388.7368408622044,0.6421401950519474,1365
6354,1388.7368408622044,0.6421401950519474,1365
6355,1388.7368408622044,0.6421401950519474,1365
6356,1388.7368408622044,0.6421401950519474,1365
6357,1388.7368408622044,0.6421401950519474,1365
6358,1388.7368408622044,0.6421401950519474,1365
6359,1388.7368408622044,0.6421401950519474,1365
6360,1388.7368408622044,0.6421401950519474,1365
6361,1388.7368408622044,0.6421401950519474,1365
6362,1388.7368408622044,0.6421401950519474,1365
6363,1388.7368408622044,0.6421401950519474,1365
6364,1388.7368408622044,0.6421401950519474,1365
6365,1388.7368408622044,0.6421401950519474,1365
6366,1388.7368408622044,0.6421401950519474,1365
6367,1388.7368408622044,0.6421401950519474,1365
6368,1388.7368408622044,0.6421401950519474,1365
6369,1388.7368408622044,0.6421401950519474,1365
6370,1388.7368408622044,0.6421401950519474,1365
6371,1388.7368408622044,0.6421401950519474,1365
6372,1388.7368408622044,0.6421401950519474,1365
6373,1388.7368408622044,0.6421401950519474,1365
6374,1388.7368408622044,0.6421401950519474,1365
6375,1388.7368408622044,0.6421401950519474,1365
6376,1388.7368408622044,0.6421401950519474,1365
6377,1388.7368408622044,0.6421401950519474,1365
6378,1388.7368408622044,0.6421401950519474,1365
6379,1388.7368408622044,0.6421401950519474,1365
6380,1388.7368408622044,0.6421401950519474,1365
6381,1388.7368408622044,0.6421401950519474,1365
6382,1388.7368408622044,0.6421401950519474,1365
6383,1388.7368408622044,0.6421401950519474,1365
6384,1388.7368408622044,0.6421401950519474,1365
6385,1388.7368408622044,0.6421401950519474,1365
6386,1388.7368408622044,0.6421401950519474,1365
6387,1388.7368408622044,0.6421401950519474,1365
6388,1388.7368408622044,0.6421401950519474,1365
6389,1388.7368408622044,0.6421401950519474,1365
6390,1388.7368408622044,0.6421401950519474,1365
6391,1388.7368408622044,0.6421401950519474,1365
6392,1388.7368408622044,0.6421401950519474,1365
6393,1388.7368408622044,0.6421401950519474,1365
6394,1388.7368408622044,0.6421401950519474,1365
6395,1388.7368408622044,0.6421401950519474,1365
6396,1388.7368408622044,0.6421401950519474,1365
6397,1388.7368408622044,0.6421401950519474,1365
6398,1388.7368408622044,0.6421401950519474,1365
6399,1388.7368408622044,0.6421401950519474,1365
6400,1388.7368408622044,0.6421401950519474,1365
6401,1388.7368408622044,0.6421401950519474,1365
6402,1388.7368408622044,0.6421401950519474,1365
6403,1388.7368408622044,0.6421401950519474,1365
6404,1388.7368408622044,0.6421401950519474,1365
6405,1388.7368408622044,0.6421401950519474,1365
6406,1388.7368408622044,0.6421401950519474,1365
6407,1388.7368408622044,0.6421401950519474,1365
6408,1371.6061807346616,0.644110044705839,1348
6409,1371.6061807346616,0.644110044705839,1348
6410,1371.6061807346616,0.644110044705839,1348
6411,1371.6061807346616,0.644110044705839,1348
6412,1371.6061807346616,0.644110044705839,1348
6413,1371.6061807346616,0.644110044705839,1348
6414,1371.6061807346616,0.644110044705839,1348
6415,1371.6061807346616,0.644110044705839,1348
6416,1371.6061807346616,0.644110044705839,1348
6417,1371.6061807346616,0.644110044705839,1348
6418,1371.6061807346616,0.644110044705839,1348
6419,1371.6061807346616,0.644110044705839,1348
6420,1371.6061807346616,0.644110044705839,1348
6421,1371.6061807346616,0.644110044705839,1348
6422,1371.6061807346616,0.644110044705839,1348
6423,1371.6061807346616,0.644110044705839,1348
6424,1371.6061807346616,0.644110044705839,1348
6425,1371.6061807346616,0.644110044705839,1348
6426,1371.6061807346616,0.644110044705839,1348
6427,1371.6061807346616,0.644110044705839,1348
6428,1371.6061807346616,0.644110044705839,1348
6429,1371.6061807346616,0.644110044705839,1348
6430,1371.6061807346616,0.644110044705839,1348
6431,1371.6061807346616,0.644110044705839,1348
6432,1371.6061807346616,0.644110044705839,1348
6433,1371.6061807346616,0.644110044705839,1348
6434,1371.6061807346616,0.644110044705839,1348
6435,1371.6061807346616,0.644110044705839,1348
6436,1371.6061807346616,0.644110044705839,1348
6437,1371.6061807346616,0.644110044705839,1348
6438,1371.6061807346616,0.644110044705839,1348
6439,1371.6061807346616,0.644110044705839,1348
6440,1371.6061807346616,0.644110044705839,1348
6441,1371.6061807346616,0.644110044705839,1348
6442,1371.6061807346616,0.644110044705839,1348
6443,1371.6061807346616,0.644110044705839,1348
6444,1371.6061807346616,0.644110044705839,1348
6445,1371.6061807346616,0.644110044705839,1348
6446,1371.6061807346616,0.644110044705839,1348
6447,1371.6061807346616,0.644110044705839,1348
6448,1371.6061807346616,0.644110044705839,1348
6449,1371.6061807346616,0.644110044705839,1348
6450,1371.6061807346616,0.644110044705839,1348
6451,1371.6061807346616,0.644110044705839,1348
6452,1371.6061807346616,0.644110044705839,1348
6453,1371.6061807346616,0.644110044705839,1348
6454,1371.6061807346616,0.644110044705839,1348
6455,1371.6061807346616,0.644110044705839,1348
6456,1371.6061807346616,0.644110044705839,1348
6457,1371.6061807346616,0.644110044705839,1348
6458,1371.6061807346616,0.644110044705839,1348
6459,1371.6061807346616,0.644110044705839,1348
6460,1371.6061807346616,0.644110044705839,1348
6461,1371.6061807346616,0.644110044705839,1348
6462,1371.6061807346616,0.644110044705839,1348
6463,1371.6061807346616,0.644110044705839,1348
6464,1371.6061807346616,0.644110044705839,1348
6465,1371.6061807346616,0.644110044705839,1348
6466,1371.6061807346616,0.644110044705839,1348
6467,1371.6061807346616,0.644110044705839,1348
6468,1371.6061807346616,0.644110044705839,1348
6469,1371.6061807346616,0.644110044705839,1348
6470,1371.6061807346616,0.644110044705839,1348
6471,1371.6061807346616,0.644110044705839,1348
6472,1371.6061807346616,0.644110044705839,1348
6473,1371.6061807346616,0.644110044705839,1348
6474,1371.6061807346616,0.644110044705839,1348
6475,1371.6061807346616,0.644110044705839,1348
6476,1371.6061807346616,0.644110044705839,1348
6477,1371.6061807346616,0.644110044705839,1348
6478,1371.6061807346616,0.644110044705839,1348
6479,1371.6061807346616,0.644110044705839,1348
6480,1371.6061807346616,0.644110044705839,1348
6481,1371.6061807346616,0.644110044705839,1348
6482,1371.6061807346616,0.644110044705839,1348
6483,1371.6061807346616,0.644110044705839,1348
6484,1371.6061807346616,0.644110044705839,1348
6485,1371.6061807346616,0.644110044705839,1348
6486,1371.6061807346616,0.644110044705839,1348
6487,1371.6061807346616,0.644110044705839,1348
6488,1371.6061807346616,0.644110044705839,1348
6489,1371.6061807346616,0.644110044705839,1348
6490,1371.6061807346616,0.644110044705839,1348
6491,1371.6061807346616,0.644110044705839,1348
6492,1371.6061807346616,0.644110044705839,1348
6493,1371.6061807346616,0.644110044705839,1348
6494,1371.6061807346616,0.644110044705839,1348
6495,1371.6061807346616,0.644110044705839,1348
6496,1371.6061807346616,0.644110044705839,1348
6497,1371.6061807346616,0.644110044705839,1348
6498,1371.6061807346616,0.644110044705839,1348
6499,1371.6061807346616,0.644110044705839,1348
6500,1371.6061807346616,0.644110044705839,1348
6501,1371.6061807346616,0.644110044705839,1348
6502,1371.6061807346616,0.644110044705839,1348
6503,1371.6061807346616,0.644110044705839,1348
6504,1371.6061807346616,0.644110044705839,1348
6505,1371.6061807346616,0.644110044705839,1348
6506,1371.6061807346616,0.644110044705839,1348
6507,1371.6061807346616,0.644110044705839,1348
6508,1371.6061807346616,0.644110044705839,1348
6509,1371.6061807346616,0.644110044705839,1348
6510,1371.6061807346616,0.644110044705839,1348
6511,1371.6061807346616,0.644110044705839,1348
6512,1371.6061807346616,0.644110044705839,1348
6513,1371.6061807346616,0.644110044705839,1348
6514,1371.6061807346616,0.644110044705839,1348
6515,1371.6061807346616,0.644110044705839,1348
6516,1371.6061807346616,0.644110044705839,1348
6517,1371.6061807346616,0.644110044705839,1348
6518,1371.6061807346616,0.644110044705839,1348
6519,1371.6061807346616,0.644110044705839,1348
6520,1371.6061807346616,0.644110044705839,1348
6521,1371.6061807346616,0.644110044705839,1348
6522,1371.6061807346616,0.644110044705839,1348
6523,1371.6061807346616,0.644110044705839,1348
6524,1371.6061807346616,0.644110044705839,1348
6525,1371.6061807346616,0.644110044705839,1348
6526,1371.6061807346616,0.644110044705839,1348
6527,1371.6061807346616,0.644110044705839,1348
6528,1371.6061807346616,0.644110044705839,1348
6529,1371.6061807346616,0.644110044705839,1348
6530,1371.6061807346616,0.644110044705839,1348
6531,1371.6061807346616,0.644110044705839,1348
6532,1371.6061807346616,0.644110044705839,1348
6533,1371.6061807346616,0.644110044705839,1348
6534,1371.6061807346616,0.644110044705839,1348
6535,1371.6061807346616,0.644110044705839,1348
6536,1371.6061807346616,0.644110044705839,1348
6537,1371.6061807346616,0.644110044705839,1348
6538,1371.6061807346616,0.644110044705839,1348
6539,1371.6061807346616,0.644110044705839,1348
6540,1371.6061807346616,0.644110044705839,1348
6541,1371.6061807346616,0.644110044705839,1348
6542,1371.6061807346616,0.644110044705839,1348
6543,1371.6061807346616,0.644110044705839,1348
6544,1371.6061807346616,0.644110044705839,1348
6545,1371.6061807346616,0.644110044705839,1348
6546,1371.6061807346616,0.644110044705839,1348
6547,1371.6061807346616,0.644110044705839,1348
6548,1371.6061807346616,0.644110044705839,1348
6549,1371.6061807346616,0.644110044705839,1348
6550,1371.6061807346616,0.644110044705839,1348
6551,1371.6061807346616,0.644110044705839,1348
6552,1371.6061807346616,0.644110044705839,1348
6553,1371.6061807346616,0.644110044705839,1348
6554,1371.6061807346616,0.644110044705839,1348
6555,1371.6061807346616,0.644110044705839,1348
6556,1371.6061807346616,0.644110044705839,1348
6557,1371.6061807346616,0.644110044705839,1348
6558,1371.6061807346616,0.644110044705839,1348
6559,1371.6061807346616,0.644110044705839,1348
6560,1371.6061807346616,0.644110044705839,1348
6561,1371.6061807346616,0.644110044705839,1348
6562,1371.6061807346616,0.644110044705839,1348
6563,1371.6061807346616,0.644110044705839,1348
6564,1371.6061807346616,0.644110044705839,1348
6565,1371.6061807346616,0.644110044705839,1348
6566,1371.6061807346616,0.644110044705839,1348
6567,1371.6061807346616,0.644110044705839,1348
6568,1371.6061807346616,0.644110044705839,1348
6569,1371.6061807346616,0.644110044705839,1348
6570,1371.6061807346616,0.644110044705839,1348
6571,1371.6061807346616,0.644110044705839,1348
6572,1371.6061807346616,0.644110044705839,1348
6573,1371.6061807346616,0.644110044705839,1348
6574,1371.6061807346616,0.644110044705839,1348
6575,1371.6061807346616,0.644110044705839,1348
6576,1371.6061807346616,0.644110044705839,1348
6577,1371.6061807346616,0.644110044705839,1348
6578,1371.6061807346616,0.644110044705839,1348
6579,1371.6061807346616,0.644110044705839,1348
6580,1371.6061807346616,0.644110044705839,1348
6581,1371.6061807346616,0.644110044705839,1348
6582,1371.6061807346616,0.644110044705839,1348
6583,1371.6061807346616,0.644110044705839,1348
6584,1371.6061807346616,0.644110044705839,1348
6585,1371.6061807346616,0.644110044705839,1348
6586,1371.6061807346616,0.644110044705839,1348
6587,1371.6061807346616,0.644110044705839,1348
6588,1371.6061807346616,0.644110044705839,1348
6589,1371.6061807346616,0.644110044705839,1348
6590,1371.6061807346616,0.644110044705839,1348
6591,1371.6061807346616,0.644110044705839,1348
6592,1371.6061807346616,0.644110044705839,1348
6593,1371.6061807346616,0.644110044705839,1348
6594,1371.6061807346616,0.644110044705839,1348
6595,1371.6061807346616,0.644110044705839,1348
6596,1371.6061807346616,0.644110044705839,1348
6597,1371.6061807346616,0.644110044705839,1348
6598,1371.6061807346616,0.644110044705839,1348
6599,1371.6061807346616,0.644110044705839,1348
6600,1371.6061807346616,0.644110044705839,1348
6601,1371.6061807346616,0.644110044705839,1348
6602,1371.6061807346616,0.644110044705839,1348
6603,1371.6061807346616,0.644110044705839,1348
6604,1371.6061807346616,0.644110044705839,1348
6605,1371.6061807346616,0.644110044705839,1348
6606,1371.6061807346616,0.644110044705839,1348
6607,1371.6061807346616,0.644110044705839,1348
6608,1371.6061807346616,0.644110044705839,1348
6609,1371.6061807346616,0.644110044705839,1348
6610,1371.6061807346616,0.644110044705839,1348
6611,1371.6061807346616,0.644110044705839,1348
6612,1371.6061807346616,0.644110044705839,1348
6613,1371.6061807346616,0.644110044705839,1348
6614,1371.6061807346616,0.644110044705839,1348
6615,1371.6061807346616,0.644110044705839,1348
6616,1371.6061807346616,0.644110044705839,1348
6617,1371.6061807346616,0.644110044705839,1348
6618,1371.6061807346616,0.644110044705839,1348
6619,1371.6061807346616,0.644110044705839,1348
6620,1371.6061807346616,0.644110044705839,1348
6621,1371.6061807346616,0.644110044705839,1348
6622,1371.6061807346616,0.644110044705839,1348
6623,1371.6061807346616,0.644110044705839,1348
6624,1371.6061807346616,0.644110044705839,1348
6625,1371.6061807346616,0.644110044705839,1348
6626,1371.6061807346616,0.644110044705839,1348
6627,1371.6061807346616,0.644110044705839,1348
6628,1371.6061807346616,0.644110044705839,1348
6629,1371.6061807346616,0.644110044705839,1348
6630,1371.6061807346616,0.644110044705839,1348
6631,1371.6061807346616,0.644110044705839,1348
6632,1371.6061807346616,0.644110044705839,1348
6633,1371.6061807346616,0.644110044705839,1348
6634,1371.6061807346616,0.644110044705839,1348
6635,1371.6061807346616,0.644110044705839,1348
6636,1371.6061807346616,0.644110044705839,1348
6637,1371.6061807346616,0.644110044705839,1348
6638,1371.6061807346616,0.644110044705839,1348
6639,1371.6061807346616,0.644110044705839,1348
6640,1371.6061807346616,0.644110044705839,1348
6641,1371.6061807346616,0.644110044705839,1348
6642,1371.6061807346616,0.644110044705839,1348
6643,1371.6061807346616,0.644110044705839,1348
6644,1371.6061807346616,0.644110044705839,1348
6645,1371.6061807346616,0.644110044705839,1348
6646,1371.6061807346616,0.644110044705839,1348
6647,1371.6061807346616,0.644110044705839,1348
6648,1371.6061807346616,0.644110044705839,1348
6649,1371.6061807346616,0.644110044705839,1348
6650,1371.6061807346616,0.644110044705839,1348
6651,1371.6061807346616,0.644110044705839,1348
6652,1371.6061807346616,0.644110044705839,1348
6653,1371.6061807346616,0.644110044705839,1348
6654,1371.6061807346616,0.644110044705839,1348
6655,1371.6061807346616,0.644110044705839,1348
6656,1371.6061807346616,0.644110044705839,1348
6657,1371.6061807346616,0.644110044705839,1348
6658,1371.6061807346616,0.644110044705839,1348
6659,1371.6061807346616,0.644110044705839,1348
6660,1371.6061807346616,0.644110044705839,1348
6661,1371.6061807346616,0.644110044705839,1348
6662,1371.6061807346616,0.644110044705839,1348
6663,1371.6061807346616,0.644110044705839,1348
6664,1371.6061807346616,0.644110044705839,1348
6665,1371.6061807346616,0.644110044705839,1348
6666,1371.6061807346616,0.644110044705839,1348
6667,1371.6061807346616,0.644110044705839,1348
6668,1371.6061807346616,0.644110044705839,1348
6669,1371.6061807346616,0.644110044705839,1348
6670,1371.6061807346616,0.644110044705839,1348
6671,1371.6061807346616,0.644110044705839,1348
6672,1371.6061807346616,0.644110044705839,1348
6673,1371.6061807346616,0.644110044705839,1348
6674,1371.6061807346616,0.644110044705839,1348
6675,1371.6061807346616,0.644110044705839,1348
6676,1371.6061807346616,0.644110044705839,1348
6677,1371.6061807346616,0.644110044705839,1348
6678,1371.6061807346616,0.644110044705839,1348
6679,1371.6061807346616,0.644110044705839,1348
6680,1371.6061807346616,0.644110044705839,1348
6681,1371.6061807346616,0.644110044705839,1348
6682,1371.6061807346616,0.644110044705839,1348
6683,1371.6061807346616,0.644110044705839,1348
6684,1371.6061807346616,0.644110044705839,1348
6685,1371.6061807346616,0.644110044705839,1348
6686,1371.6061807346616,0.644110044705839,1348
6687,1371.6061807346616,0.644110044705839,1348
6688,1371.6061807346616,0.644110044705839,1348
6689,1371.6061807346616,0.644110044705839,1348
6690,1371.6061807346616,0.644110044705839,1348
6691,1371.6061807346616,0.644110044705839,1348
6692,1371.6061807346616,0.644110044705839,1348
6693,1371.6061807346616,0.644110044705839,1348
6694,1371.6061807346616,0.644110044705839,1348
6695,1371.6061807346616,0.644110044705839,1348
6696,1371.6061807346616,0.644110044705839,1348
6697,1371.6061807346616,0.644110044705839,1348
6698,1371.6061807346616,0.644110044705839,1348
6699,1371.6061807346616,0.644110044705839,1348
6700,1371.6061807346616,0.644110044705839,1348
6701,1371.6061807346616,0.644110044705839,1348
6702,1371.6061807346616,0.644110044705839,1348
6703,1371.6061807346616,0.644110044705839,1348
6704,1371.6061807346616,0.644110044705839,1348
6705,1371.6061807346616,0.644110044705839,1348
6706,1371.6061807346616,0.644110044705839,1348
6707,1371.6061807346616,0.644110044705839,1348
6708,1371.6061807346616,0.644110044705839,1348
6709,1371.6061807346616,0.644110044705839,1348
6710,1371.6061807346616,0.644110044705839,1348
6711,1371.6061807346616,0.644110044705839,1348
6712,1371.6061807346616,0.644110044705839,1348
6713,1371.6061807346616,0.644110044705839,1348
6714,1371.6061807346616,0.644110044705839,1348
6715,1371.6061807346616,0.644110044705839,1348
6716,1371.6061807346616,0.644110044705839,1348
6717,1371.6061807346616,0.644110044705839,1348
6718,1371.6061807346616,0.644110044705839,1348
6719,1371.6061807346616,0.644110044705839,1348
6720,1371.6061807346616,0.644110044705839,1348
6721,1371.6061807346616,0.644110044705839,1348
6722,1371.6061807346616,0.644110044705839,1348
6723,1371.6061807346616,0.644110044705839,1348
6724,1371.6061807346616,0.644110044705839,1348
6725,1371.6061807346616,0.644110044705839,1348
6726,1371.6061807346616,0.644110044705839,1348
6727,1371.6061807346616,0.644110044705839,1348
6728,1371.6061807346616,0.644110044705839,1348
6729,1371.6061807346616,0.644110044705839,1348
6730,1371.6061807346616,0.644110044705839,1348
6731,1371.6061807346616,0.644110044705839,1348
6732,1371.6061807346616,0.644110044705839,1348
6733,1371.6061807346616,0.644110044705839,1348
6734,1371.6061807346616,0.644110044705839,1348
6735,1371.6061807346616,0.644110044705839,1348
6736,1371.6061807346616,0.644110044705839,1348
6737,1371.6061807346616,0.644110044705839,1348
6738,1371.6061807346616,0.644110044705839,1348
6739,1371.6061807346616,0.644110044705839,1348
6740,1371.6061807346616,0.644110044705839,1348
6741,1371.6061807346616,0.644110044705839,1348
6742,1371.6061807346616,0.644110044705839,1348
6743,1371.6061807346616,0.644110044705839,1348
6744,1371.6061807346616,0.644110044705839,1348
6745,1371.6061807346616,0.644110044705839,1348
6746,1371.6061807346616,0.644110044705839,1348
6747,1371.6061807346616,0.644110044705839,1348
6748,1371.6061807346616,0.644110044705839,1348
6749,1371.6061807346616,0.644110044705839,1348
6750,1371.6061807346616,0.644110044705839,1348
6751,1371.6061807346616,0.644110044705839,1348
6752,1371.6061807346616,0.644110044705839,1348
6753,1371.6061807346616,0.644110044705839,1348
6754,1371.6061807346616,0.644110044705839,1348
6755,1371.6061807346616,0.644110044705839,1348
6756,1371.6061807346616,0.644110044705839,1348
6757,1371.6061807346616,0.644110044705839,1348
6758,1371.6061807346616,0.644110044705839,1348
6759,1371.6061807346616,0.644110044705839,1348
6760,1371.6061807346616,0.644110044705839,1348
6761,1371.6061807346616,0.644110044705839,1348
6762,1371.6061807346616,0.644110044705839,1348
6763,1371.6061807346616,0.644110044705839,1348
6764,1371.6061807346616,0.644110044705839,1348
6765,1371.6061807346616,0.644110044705839,1348
6766,1371.6061807346616,0.644110044705839,1348
6767,1371.6061807346616,0.644110044705839,1348
6768,1371.6061807346616,0.644110044705839,1348
6769,1371.6061807346616,0.644110044705839,1348
6770,1371.6061807346616,0.644110044705839,1348
6771,1371.6061807346616,0.644110044705839,1348
6772,1371.6061807346616,0.644110044705839,1348
6773,1371.6061807346616,0.644110044705839,1348
6774,1371.6061807346616,0.644110044705839,1348
6775,1371.6061807346616,0.644110044705839,1348
6776,1371.6061807346616,0.644110044705839,1348
6777,1371.6061807346616,0.644110044705839,1348
6778,1371.6061807346616,0.644110044705839,1348
6779,1371.6061807346616,0.644110044705839,1348
6780,1371.6061807346616,0.644110044705839,1348
6781,1371.6061807346616,0.644110044705839,1348
6782,1371.6061807346616,0.644110044705839,1348
6783,1371.6061807346616,0.644110044705839,1348
6784,1371.6061807346616,0.644110044705839,1348
6785,1371.6061807346616,0.644110044705839,1348
6786,1371.6061807346616,0.644110044705839,1348
6787,1371.6061807346616,0.644110044705839,1348
6788,1371.6061807346616,0.644110044705839,1348
6789,1371.6061807346616,0.644110044705839,1348
6790,1371.6061807346616,0.644110044705839,1348
6791,1371.6061807346616,0.644110044705839,1348
6792,1371.6061807346616,0.644110044705839,1348
6793,1371.6061807346616,0.644110044705839,1348
6794,1371.6061807346616,0.644110044705839,1348
6795,1371.6061807346616,0.644110044705839,1348
6796,1371.6061807346616,0.644110044705839,1348
6797,1371.6061807346616,0.644110044705839,1348
6798,1371.6061807346616,0.644110044705839,1348
6799,1371.6061807346616,0.644110044705839,1348
6800,1371.6061807346616,0.644110044705839,1348
6801,1371.6061807346616,0.644110044705839,1348
6802,1371.6061807346616,0.644110044705839,1348
6803,1371.6061807346616,0.644110044705839,1348
6804,1371.6061807346616,0.644110044705839,1348
6805,1371.6061807346616,0.644110044705839,1348
6806,1371.6061807346616,0.644110044705839,1348
6807,1371.6061807346616,0.644110044705839,1348
6808,1371.6061807346616,0.644110044705839,1348
6809,1371.6061807346616,0.644110044705839,1348
6810,1371.6061807346616,0.644110044705839,1348
6811,1371.6061807346616,0.644110044705839,1348
6812,1371.6061807346616,0.644110044705839,1348
6813,1371.6061807346616,0.644110044705839,1348
6814,1371.6061807346616,0.644110044705839,1348
6815,1371.6061807346616,0.644110044705839,1348
6816,1371.6061807346616,0.644110044705839,1348
6817,1371.6061807346616,0.644110044705839,1348
6818,1371.6061807346616,0.644110044705839,1348
6819,1371.6061807346616,0.644110044705839,1348
6820,1371.6061807346616,0.644110044705839,1348
6821,1371.6061807346616,0.644110044705839,1348
6822,1371.6061807346616,0.644110044705839,1348
6823,1371.6061807346616,0.644110044705839,1348
6824,1371.6061807346616,0.644110044705839,1348
6825,1371.6061807346616,0.644110044705839,1348
6826,1371.6061807346616,0.644110044705839,1348
6827,1371.6061807346616,0.644110044705839,1348
6828,1371.6061807346616,0.644110044705839,1348
6829,1371.6061807346616,0.644110044705839,1348
6830,1371.6061807346616,0.644110044705839,1348
6831,1371.6061807346616,0.644110044705839,1348
6832,1371.6061807346616,0.644110044705839,1348
6833,1371.6061807346616,0.644110044705839,1348
6834,1371.6061807346616,0.644110044705839,1348
6835,1371.6061807346616,0.644110044705839,1348
6836,1371.6061807346616,0.644110044705839,1348
6837,1371.6061807346616,0.644110044705839,1348
6838,1371.6061807346616,0.644110044705839,1348
6839,1371.6061807346616,0.644110044705839,1348
6840,1371.6061807346616,0.644110044705839,1348
6841,1371.6061807346616,0.644110044705839,1348
6842,1371.6061807346616,0.644110044705839,1348
6843,1371.6061807346616,0.644110044705839,1348
6844,1371.6061807346616,0.644110044705839,1348
6845,1371.6061807346616,0.644110044705839,1348
6846,1371.6061807346616,0.644110044705839,1348
6847,1371.6061807346616,0.644110044705839,1348
6848,1371.6061807346616,0.644110044705839,1348
6849,1371.6061807346616,0.644110044705839,1348
6850,1371.6061807346616,0.644110044705839,1348
6851,1371.6061807346616,0.644110044705839,1348
6852,1371.6061807346616,0.644110044705839,1348
6853,1371.6061807346616,0.644110044705839,1348
6854,1371.6061807346616,0.644110044705839,1348
6855,1371.6061807346616,0.644110044705839,1348
6856,1371.6061807346616,0.644110044705839,1348
6857,1371.6061807346616,0.644110044705839,1348
6858,1371.6061807346616,0.644110044705839,1348
6859,1371.6061807346616,0.644110044705839,1348
6860,1371.6061807346616,0.644110044705839,1348
6861,1371.6061807346616,0.644110044705839,1348
6862,1371.6061807346616,0.644110044705839,1348
6863,1371.6061807346616,0.644110044705839,1348
6864,1371.6061807346616,0.644110044705839,1348
6865,1371.6061807346616,0.644110044705839,1348
6866,1371.6061807346616,0.644110044705839,1348
6867,1371.6061807346616,0.644110044705839,1348
6868,1371.6061807346616,0.644110044705839,1348
6869,1371.6061807346616,0.644110044705839,1348
6870,1371.6061807346616,0.644110044705839,1348
6871,1371.6061807346616,0.644110044705839,1348
6872,1371.6061807346616,0.644110044705839,1348
6873,1371.6061807346616,0.644110044705839,1348
6874,1371.6061807346616,0.644110044705839,1348
6875,1371.6061807346616,0.644110044705839,1348
6876,1371.6061807346616,0.644110044705839,1348
6877,1371.6061807346616,0.644110044705839,1348
6878,1371.6061807346616,0.644110044705839,1348
6879,1371.6061807346616,0.644110044705839,1348
6880,1371.6061807346616,0.644110044705839,1348
6881,1371.6061807346616,0.644110044705839,1348
6882,1371.6061807346616,0.644110044705839,1348
6883,1371.6061807346616,0.644110044705839,1348
6884,1371.6061807346616,0.644110044705839,1348
6885,1371.6061807346616,0.644110044705839,1348
6886,1371.6061807346616,0.644110044705839,1348
6887,1371.6061807346616,0.644110044705839,1348
6888,1371.6061807346616,0.644110044705839,1348
6889,1371.6061807346616,0.644110044705839,1348
6890,1371.6061807346616,0.644110044705839,1348
6891,1371.6061807346616,0.644110044705839,1348
6892,1371.6061807346616,0.644110044705839,1348
6893,1371.6061807346616,0.644110044705839,1348
6894,1371.6061807346616,0.644110044705839,1348
6895,1371.6061807346616,0.644110044705839,1348
6896,1371.6061807346616,0.644110044705839,1348
6897,1371.6061807346616,0.644110044705839,1348
6898,1371.6061807346616,0.644110044705839,1348
6899,1371.6061807346616,0.644110044705839,1348
6900,1371.6061807346616,0.644110044705839,1348
6901,1371.6061807346616,0.644110044705839,1348
6902,1371.6061807346616,0.644110044705839,1348
6903,1371.6061807346616,0.644110044705839,1348
6904,1371.6061807346616,0.644110044705839,1348
6905,1371.6061807346616,0.644110044705839,1348
6906,1371.6061807346616,0.644110044705839,1348
6907,1371.6061807346616,0.644110044705839,1348
6908,1371.6061807346616,0.644110044705839,1348
6909,1371.6061807346616,0.644110044705839,1348
6910,1371.6061807346616,0.644110044705839,1348
6911,1371.6061807346616,0.644110044705839,1348
6912,1371.6061807346616,0.644110044705839,1348
6913,1371.6061807346616,0.644110044705839,1348
6914,1371.6061807346616,0.644110044705839,1348
6915,1371.6061807346616,0.644110044705839,1348
6916,1371.6061807346616,0.644110044705839,1348
6917,1371.6061807346616,0.644110044705839,1348
6918,1371.6061807346616,0.644110044705839,1348
6919,1371.6061807346616,0.644110044705839,1348
6920,1371.6061807346616,0.644110044705839,1348
6921,1371.6061807346616,0.644110044705839,1348
6922,1371.6061807346616,0.644110044705839,1348
6923,1371.6061807346616,0.644110044705839,1348
6924,1371.6061807346616,0.644110044705839,1348
6925,1371.6061807346616,0.644110044705839,1348
6926,1371.6061807346616,0.644110044705839,1348
6927,1371.6061807346616,0.644110044705839,1348
6928,1371.6061807346616,0.644110044705839,1348
6929,1371.6061807346616,0.644110044705839,1348
6930,1371.6061807346616,0.644110044705839,1348
6931,1371.6061807346616,0.644110044705839,1348
6932,1371.6061807346616,0.644110044705839,1348
6933,1371.6061807346616,0.644110044705839,1348
6934,1371.6061807346616,0.644110044705839,1348
6935,1371.6061807346616,0.644110044705839,1348
6936,1371.6061807346616,0.644110044705839,1348
6937,1371.6061807346616,0.644110044705839,1348
6938,1371.6061807346616,0.644110044705839,1348
6939,1371.6061807346616,0.644110044705839,1348
6940,1371.6061807346616,0.644110044705839,1348
6941,1371.6061807346616,0.644110044705839,1348
6942,1371.6061807346616,0.644110044705839,1348
6943,1371.6061807346616,0.644110044705839,1348
6944,1371.6061807346616,0.644110044705839,1348
6945,1371.6061807346616,0.644110044705839,1348
6946,1371.6061807346616,0.644110044705839,1348
6947,1371.6061807346616,0.644110044705839,1348
6948,1371.6061807346616,0.644110044705839,1348
6949,1371.6061807346616,0.644110044705839,1348
6950,1371.6061807346616,0.644110044705839,1348
6951,1371.6061807346616,0.644110044705839,1348
6952,1371.6061807346616,0.644110044705839,1348
6953,1371.6061807346616,0.644110044705839,1348
6954,1371.6061807346616,0.644110044705839,1348
6955,1371.6061807346616,0.644110044705839,1348
6956,1371.6061807346616,0.644110044705839,1348
6957,1371.6061807346616,0.644110044705839,1348
6958,1371.6061807346616,0.644110044705839,1348
6959,1371.6061807346616,0.644110044705839,1348
6960,1371.6061807346616,0.644110044705839,1348
6961,1371.6061807346616,0.644110044705839,1348
6962,1371.6061807346616,0.644110044705839,1348
6963,1371.6061807346616,0.644110044705839,1348
6964,1371.6061807346616,0.644110044705839,1348
6965,1371.6061807346616,0.644110044705839,1348
6966,1371.6061807346616,0.644110044705839,1348
6967,1371.6061807346616,0.644110044705839,1348
6968,1371.6061807346616,0.644110044705839,1348
6969,1371.6061807346616,0.644110044705839,1348
6970,1371.6061807346616,0.644110044705839,1348
6971,1371.6061807346616,0.644110044705839,1348
6972,1371.6061807346616,0.644110044705839,1348
6973,1371.6061807346616,0.644110044705839,1348
6974,1371.6061807346616,0.644110044705839,1348
6975,1371.6061807346616,0.644110044705839,1348
6976,1371.6061807346616,0.644110044705839,1348
6977,1371.6061807346616,0.644110044705839,1348
6978,1371.6061807346616,0.644110044705839,1348
6979,1371.6061807346616,0.644110044705839,1348
6980,1371.6061807346616,0.644110044705839,1348
6981,1371.6061807346616,0.644110044705839,1348
6982,1371.6061807346616,0.644110044705839,1348
6983,1371.6061807346616,0.644110044705839,1348
6984,1371.6061807346616,0.644110044705839,1348
6985,1371.6061807346616,0.644110044705839,1348
6986,1371.6061807346616,0.644110044705839,1348
6987,1371.6061807346616,0.644110044705839,1348
6988,1371.6061807346616,0.644110044705839,1348
6989,1371.6061807346616,0.644110044705839,1348
6990,1371.6061807346616,0.644110044705839,1348
6991,1371.6061807346616,0.644110044705839,1348
6992,1371.6061807346616,0.644110044705839,1348
6993,1371.6061807346616,0.644110044705839,1348
6994,1371.6061807346616,0.644110044705839,1348
6995,1371.6061807346616,0.644110044705839,1348
6996,1371.6061807346616,0.644110044705839,1348
6997,1371.6061807346616,0.644110044705839,1348
6998,1371.6061807346616,0.644110044705839,1348
6999,1371.6061807346616,0.644110044705839,1348
7000,1371.6061807346616,0.644110044705839,1348
7001,1371.6061807346616,0.644110044705839,1348
7002,1371.6061807346616,0.644110044705839,1348
7003,1371.6061807346616,0.644110044705839,1348
7004,1371.6061807346616,0.644110044705839,1348
7005,1371.6061807346616,0.644110044705839,1348
7006,1371.6061807346616,0.644110044705839,1348
7007,1371.6061807346616,0.644110044705839,1348
7008,1371.6061807346616,0.644110044705839,1348
7009,1371.6061807346616,0.644110044705839,1348
7010,1371.6061807346616,0.644110044705839,1348
7011,1371.6061807346616,0.644110044705839,1348
7012,1371.6061807346616,0.644110044705839,1348
7013,1371.6061807346616,0.644110044705839,1348
7014,1371.6061807346616,0.644110044705839,1348
7015,1371.6061807346616,0.644110044705839,1348
7016,1371.6061807346616,0.644110044705839,1348
7017,1371.6061807346616,0.644110044705839,1348
7018,1371.6061807346616,0.644110044705839,1348
7019,1371.6061807346616,0.644110044705839,1348
7020,1371.6061807346616,0.644110044705839,1348
7021,1371.6061807346616,0.644110044705839,1348
7022,1371.6061807346616,0.644110044705839,1348
7023,1371.6061807346616,0.644110044705839,1348
7024,1371.6061807346616,0.644110044705839,1348
7025,1371.6061807346616,0.644110044705839,1348
7026,1371.6061807346616,0.644110044705839,1348
7027,1371.6061807346616,0.644110044705839,1348
7028,1371.6061807346616,0.644110044705839,1348
7029,1371.6061807346616,0.644110044705839,1348
7030,1371.6061807346616,0.644110044705839,1348
7031,1371.6061807346616,0.644110044705839,1348
7032,1371.6061807346616,0.644110044705839,1348
7033,1371.6061807346616,0.644110044705839,1348
7034,1371.6061807346616,0.644110044705839,1348
7035,1371.6061807346616,0.644110044705839,1348
7036,1371.6061807346616,0.644110044705839,1348
7037,1371.6061807346616,0.644110044705839,1348
7038,1371.6061807346616,0.644110044705839,1348
7039,1371.6061807346616,0.644110044705839,1348
7040,1371.6061807346616,0.644110044705839,1348
7041,1371.6061807346616,0.644110044705839,1348
7042,1371.6061807346616,0.644110044705839,1348
7043,1371.6061807346616,0.644110044705839,1348
7044,1371.6061807346616,0.644110044705839,1348
7045,1371.6061807346616,0.644110044705839,1348
7046,1371.6061807346616,0.644110044705839,1348
7047,1371.6061807346616,0.644110044705839,1348
7048,1371.6061807346616,0.644110044705839,1348
7049,1371.6061807346616,0.644110044705839,1348
7050,1371.6061807346616,0.644110044705839,1348
7051,1371.6061807346616,0.644110044705839,1348
7052,1371.6061807346616,0.644110044705839,1348
7053,1371.6061807346616,0.644110044705839,1348
7054,1371.6061807346616,0.644110044705839,1348
7055,1371.6061807346616,0.644110044705839,1348
7056,1371.6061807346616,0.644110044705839,1348
7057,1371.6061807346616,0.644110044705839,1348
7058,1371.6061807346616,0.644110044705839,1348
7059,1371.6061807346616,0.644110044705839,1348
7060,1371.6061807346616,0.644110044705839,1348
7061,1371.6061807346616,0.644110044705839,1348
7062,1371.6061807346616,0.644110044705839,1348
7063,1371.6061807346616,0.644110044705839,1348
7064,1371.6061807346616,0.644110044705839,1348
7065,1371.6061807346616,0.644110044705839,1348
7066,1371.6061807346616,0.644110044705839,1348
7067,1371.6061807346616,0.644110044705839,1348
7068,1371.6061807346616,0.644110044705839,1348
7069,1371.6061807346616,0.644110044705839,1348
7070,1371.6061807346616,0.644110044705839,1348
7071,1371.6061807346616,0.644110044705839,1348
7072,1371.6061807346616,0.644110044705839,1348
7073,1371.6061807346616,0.644110044705839,1348
7074,1371.6061807346616,0.644110044705839,1348
7075,1371.6061807346616,0.644110044705839,1348
7076,1371.6061807346616,0.644110044705839,1348
7077,1371.6061807346616,0.644110044705839,1348
7078,1371.6061807346616,0.644110044705839,1348
7079,1371.6061807346616,0.644110044705839,1348
7080,1371.6061807346616,0.644110044705839,1348
7081,1371.6061807346616,0.644110044705839,1348
7082,1371.6061807346616,0.644110044705839,1348
7083,1371.6061807346616,0.644110044705839,1348
7084,1371.6061807346616,0.644110044705839,1348
7085,1371.6061807346616,0.644110044705839,1348
7086,1371.6061807346616,0.644110044705839,1348
7087,1371.6061807346616,0.644110044705839,1348
7088,1371.6061807346616,0.644110044705839,1348
7089,1371.6061807346616,0.644110044705839,1348
7090,1371.6061807346616,0.644110044705839,1348
7091,1371.6061807346616,0.644110044705839,1348
7092,1371.6061807346616,0.644110044705839,1348
7093,1371.6061807346616,0.644110044705839,1348
7094,1371.6061807346616,0.644110044705839,1348
7095,1371.6061807346616,0.644110044705839,1348
7096,1371.6061807346616,0.644110044705839,1348
7097,1371.6061807346616,0.644110044705839,1348
7098,1371.6061807346616,0.644110044705839,1348
7099,1371.6061807346616,0.644110044705839,1348
7100,1371.6061807346616,0.644110044705839,1348
7101,1371.6061807346616,0.644110044705839,1348
7102,1371.6061807346616,0.644110044705839,1348
7103,1371.6061807346616,0.644110044705839,1348
7104,1371.6061807346616,0.644110044705839,1348
7105,1371.6061807346616,0.644110044705839,1348
7106,1371.6061807346616,0.644110044705839,1348
7107,1371.6061807346616,0.644110044705839,1348
7108,1371.6061807346616,0.644110044705839,1348
7109,1371.6061807346616,0.644110044705839,1348
7110,1371.6061807346616,0.644110044705839,1348
7111,1371.6061807346616,0.644110044705839,1348
7112,1371.6061807346616,0.644110044705839,1348
7113,1371.6061807346616,0.644110044705839,1348
7114,1371.6061807346616,0.644110044705839,1348
7115,1371.6061807346616,0.644110044705839,1348
7116,1371.6061807346616,0.644110044705839,1348
7117,1371.6061807346616,0.644110044705839,1348
7118,1371.6061807346616,0.644110044705839,1348
7119,1371.6061807346616,0.644110044705839,1348
7120,1371.6061807346616,0.644110044705839,1348
7121,1371.6061807346616,0.644110044705839,1348
7122,1371.6061807346616,0.644110044705839,1348
7123,1371.6061807346616,0.644110044705839,1348
7124,1371.6061807346616,0.644110044705839,1348
7125,1371.6061807346616,0.644110044705839,1348
7126,1371.6061807346616,0.644110044705839,1348
7127,1371.6061807346616,0.644110044705839,1348
7128,1371.6061807346616,0.644110044705839,1348
7129,1371.6061807346616,0.644110044705839,1348
7130,1371.6061807346616,0.644110044705839,1348
7131,1371.6061807346616,0.644110044705839,1348
7132,1371.6061807346616,0.644110044705839,1348
7133,1371.6061807346616,0.644110044705839,1348
7134,1371.6061807346616,0.644110044705839,1348
7135,1371.6061807346616,0.644110044705839,1348
7136,1371.6061807346616,0.644110044705839,1348
7137,1371.6061807346616,0.644110044705839,1348
7138,1371.6061807346616,0.644110044705839,1348
7139,1371.6061807346616,0.644110044705839,1348
7140,1371.6061807346616,0.644110044705839,1348
7141,1371.6061807346616,0.644110044705839,1348
7142,1371.6061807346616,0.644110044705839,1348
7143,1371.6061807346616,0.644110044705839,1348
7144,1371.6061807346616,0.644110044705839,1348
7145,1371.6061807346616,0.644110044705839,1348
7146,1371.6061807346616,0.644110044705839,1348
7147,1371.6061807346616,0.644110044705839,1348
7148,1371.6061807346616,0.644110044705839,1348
7149,1371.6061807346616,0.644110044705839,1348
7150,1371.6061807346616,0.644110044705839,1348
7151,1371.6061807346616,0.644110044705839,1348
7152,1371.6061807346616,0.644110044705839,1348
7153,1371.6061807346616,0.644110044705839,1348
7154,1371.6061807346616,0.644110044705839,1348
7155,1371.6061807346616,0.644110044705839,1348
7156,1371.6061807346616,0.644110044705839,1348
7157,1371.6061807346616,0.644110044705839,1348
7158,1371.6061807346616,0.644110044705839,1348
7159,1371.6061807346616,0.644110044705839,1348
7160,1371.6061807346616,0.644110044705839,1348
7161,1371.6061807346616,0.644110044705839,1348
7162,1371.6061807346616,0.644110044705839,1348
7163,1371.6061807346616,0.644110044705839,1348
7164,1371.6061807346616,0.644110044705839,1348
7165,1371.6061807346616,0.644110044705839,1348
7166,1371.6061807346616,0.644110044705839,1348
7167,1371.6061807346616,0.644110044705839,1348
7168,1371.6061807346616,0.644110044705839,1348
7169,1371.6061807346616,0.644110044705839,1348
7170,1371.6061807346616,0.644110044705839,1348
7171,1371.6061807346616,0.644110044705839,1348
7172,1371.6061807346616,0.644110044705839,1348
7173,1371.6061807346616,0.644110044705839,1348
7174,1371.6061807346616,0.644110044705839,1348
7175,1371.6061807346616,0.644110044705839,1348
7176,1371.6061807346616,0.644110044705839,1348
7177,1371.6061807346616,0.644110044705839,1348
7178,1371.6061807346616,0.644110044705839,1348
7179,1371.6061807346616,0.644110044705839,1348
7180,1371.6061807346616,0.644110044705839,1348
7181,1371.6061807346616,0.644110044705839,1348
7182,1371.6061807346616,0.644110044705839,1348
7183,1371.6061807346616,0.644110044705839,1348
7184,1371.6061807346616,0.644110044705839,1348
7185,1371.6061807346616,0.644110044705839,1348
7186,1371.6061807346616,0.644110044705839,1348
7187,1371.6061807346616,0.644110044705839,1348
7188,1371.6061807346616,0.644110044705839,1348
7189,1371.6061807346616,0.644110044705839,1348
7190,1371.6061807346616,0.644110044705839,1348
7191,1371.6061807346616,0.644110044705839,1348
7192,1371.6061807346616,0.644110044705839,1348
7193,1371.6061807346616,0.644110044705839,1348
7194,1371.6061807346616,0.644110044705839,1348
7195,1371.6061807346616,0.644110044705839,1348
7196,1371.6061807346616,0.644110044705839,1348
7197,1371.6061807346616,0.644110044705839,1348
7198,1371.6061807346616,0.644110044705839,1348
7199,1371.6061807346616,0.644110044705839,1348
7200,1371.6061807346616,0.644110044705839,1348
7201,1371.6061807346616,0.644110044705839,1348
7202,1371.6061807346616,0.644110044705839,1348
7203,1371.6061807346616,0.644110044705839,1348
7204,1371.6061807346616,0.644110044705839,1348
7205,1371.6061807346616,0.644110044705839,1348
7206,1371.6061807346616,0.644110044705839,1348
7207,1371.6061807346616,0.644110044705839,1348
7208,1371.6061807346616,0.644110044705839,1348
7209,1371.6061807346616,0.644110044705839,1348
7210,1371.6061807346616,0.644110044705839,1348
7211,1371.6061807346616,0.644110044705839,1348
7212,1371.6061807346616,0.644110044705839,1348
7213,1371.6061807346616,0.644110044705839,1348
7214,1371.6061807346616,0.644110044705839,1348
7215,1371.6061807346616,0.644110044705839,1348
7216,1371.6061807346616,0.644110044705839,1348
7217,1371.6061807346616,0.644110044705839,1348
7218,1371.6061807346616,0.644110044705839,1348
7219,1371.6061807346616,0.644110044705839,1348
7220,1371.6061807346616,0.644110044705839,1348
7221,1371.6061807346616,0.644110044705839,1348
7222,1371.6061807346616,0.644110044705839,1348
7223,1371.6061807346616,0.644110044705839,1348
7224,1371.6061807346616,0.644110044705839,1348
7225,1371.6061807346616,0.644110044705839,1348
7226,1371.6061807346616,0.644110044705839,1348
7227,1371.6061807346616,0.644110044705839,1348
7228,1371.6061807346616,0.644110044705839,1348
7229,1371.6061807346616,0.644110044705839,1348
7230,1371.6061807346616,0.644110044705839,1348
7231,1371.6061807346616,0.644110044705839,1348
7232,1371.6061807346616,0.644110044705839,1348
7233,1371.6061807346616,0.644110044705839,1348
7234,1371.6061807346616,0.644110044705839,1348
7235,1371.6061807346616,0.644110044705839,1348
7236,1371.6061807346616,0.644110044705839,1348
7237,1371.6061807346616,0.644110044705839,1348
7238,1371.6061807346616,0.644110044705839,1348
7239,1371.6061807346616,0.644110044705839,1348
7240,1371.6061807346616,0.644110044705839,1348
7241,1371.6061807346616,0.644110044705839,1348
7242,1371.6061807346616,0.644110044705839,1348
7243,1371.6061807346616,0.644110044705839,1348
7244,1371.6061807346616,0.644110044705839,1348
7245,1371.6061807346616,0.644110044705839,1348
7246,1371.6061807346616,0.644110044705839,1348
7247,1371.6061807346616,0.644110044705839,1348
7248,1371.6061807346616,0.644110044705839,1348
7249,1371.6061807346616,0.644110044705839,1348
7250,1371.6061807346616,0.644110044705839,1348
7251,1371.6061807346616,0.644110044705839,1348
7252,1371.6061807346616,0.644110044705839,1348
7253,1371.6061807346616,0.644110044705839,1348
7254,1371.6061807346616,0.644110044705839,1348
7255,1371.6061807346616,0.644110044705839,1348
7256,1371.6061807346616,0.644110044705839,1348
7257,1371.6061807346616,0.644110044705839,1348
7258,1371.6061807346616,0.644110044705839,1348
7259,1371.6061807346616,0.644110044705839,1348
7260,1371.6061807346616,0.644110044705839,1348
7261,1371.6061807346616,0.644110044705839,1348
7262,1371.6061807346616,0.644110044705839,1348
7263,1371.6061807346616,0.644110044705839,1348
7264,1371.6061807346616,0.644110044705839,1348
7265,1371.6061807346616,0.644110044705839,1348
7266,1371.6061807346616,0.644110044705839,1348
7267,1371.6061807346616,0.644110044705839,1348
7268,1371.6061807346616,0.644110044705839,1348
7269,1371.6061807346616,0.644110044705839,1348
7270,1371.6061807346616,0.644110044705839,1348
7271,1371.6061807346616,0.644110044705839,1348
7272,1371.6061807346616,0.644110044705839,1348
7273,1371.6061807346616,0.644110044705839,1348
7274,1371.6061807346616,0.644110044705839,1348
7275,1371.6061807346616,0.644110044705839,1348
7276,1371.6061807346616,0.644110044705839,1348
7277,1371.6061807346616,0.644110044705839,1348
7278,1371.6061807346616,0.644110044705839,1348
7279,1371.6061807346616,0.644110044705839,1348
7280,1371.6061807346616,0.644110044705839,1348
7281,1371.6061807346616,0.644110044705839,1348
7282,1371.6061807346616,0.644110044705839,1348
7283,1371.6061807346616,0.644110044705839,1348
7284,1371.6061807346616,0.644110044705839,1348
7285,1371.6061807346616,0.644110044705839,1348
7286,1371.6061807346616,0.644110044705839,1348
7287,1371.6061807346616,0.644110044705839,1348
7288,1371.6061807346616,0.644110044705839,1348
7289,1371.6061807346616,0.644110044705839,1348
7290,1371.6061807346616,0.644110044705839,1348
7291,1371.6061807346616,0.644110044705839,1348
7292,1371.6061807346616,0.644110044705839,1348
7293,1371.6061807346616,0.644110044705839,1348
7294,1371.6061807346616,0.644110044705839,1348
7295,1371.6061807346616,0.644110044705839,1348
7296,1371.6061807346616,0.644110044705839,1348
7297,1371.6061807346616,0.644110044705839,1348
7298,1371.6061807346616,0.644110044705839,1348
7299,1371.6061807346616,0.644110044705839,1348
7300,1371.6061807346616,0.644110044705839,1348
7301,1371.6061807346616,0.644110044705839,1348
7302,1371.6061807346616,0.644110044705839,1348
7303,1371.6061807346616,0.644110044705839,1348
7304,1371.6061807346616,0.644110044705839,1348
7305,1371.6061807346616,0.644110044705839,1348
7306,1371.6061807346616,0.644110044705839,1348
7307,1371.6061807346616,0.644110044705839,1348
7308,1371.6061807346616,0.644110044705839,1348
7309,1371.6061807346616,0.644110044705839,1348
7310,1371.6061807346616,0.644110044705839,1348
7311,1371.6061807346616,0.644110044705839,1348
7312,1371.6061807346616,0.644110044705839,1348
7313,1371.6061807346616,0.644110044705839,1348
7314,1371.6061807346616,0.644110044705839,1348
7315,1371.6061807346616,0.644110044705839,1348
7316,1371.6061807346616,0.644110044705839,1348
7317,1371.6061807346616,0.644110044705839,1348
7318,1371.6061807346616,0.644110044705839,1348
7319,1371.6061807346616,0.644110044705839,1348
7320,1371.6061807346616,0.644110044705839,1348
7321,1371.6061807346616,0.644110044705839,1348
7322,1371.6061807346616,0.644110044705839,1348
7323,1371.6061807346616,0.644110044705839,1348
7324,1371.6061807346616,0.644110044705839,1348
7325,1371.6061807346616,0.644110044705839,1348
7326,1371.6061807346616,0.644110044705839,1348
7327,1371.6061807346616,0.644110044705839,1348
7328,1371.6061807346616,0.644110044705839,1348
7329,1371.6061807346616,0.644110044705839,1348
7330,1371.6061807346616,0.644110044705839,1348
7331,1371.6061807346616,0.644110044705839,1348
7332,1371.6061807346616,0.644110044705839,1348
7333,1371.6061807346616,0.644110044705839,1348
7334,1371.6061807346616,0.644110044705839,1348
7335,1371.6061807346616,0.644110044705839,1348
7336,1371.6061807346616,0.644110044705839,1348
7337,1371.6061807346616,0.644110044705839,1348
7338,1371.6061807346616,0.644110044705839,1348
7339,1371.6061807346616,0.644110044705839,1348
7340,1371.6061807346616,0.644110044705839,1348
7341,1371.6061807346616,0.644110044705839,1348
7342,1371.6061807346616,0.644110044705839,1348
7343,1371.6061807346616,0.644110044705839,1348
7344,1371.6061807346616,0.644110044705839,1348
7345,1371.6061807346616,0.644110044705839,1348
7346,1371.6061807346616,0.644110044705839,1348
7347,1371.6061807346616,0.644110044705839,1348
7348,1371.6061807346616,0.644110044705839,1348
7349,1371.6061807346616,0.644110044705839,1348
7350,1371.6061807346616,0.644110044705839,1348
7351,1371.6061807346616,0.644110044705839,1348
7352,1371.6061807346616,0.644110044705839,1348
7353,1371.6061807346616,0.644110044705839,1348
7354,1371.6061807346616,0.644110044705839,1348
7355,1371.6061807346616,0.644110044705839,1348
7356,1371.6061807346616,0.644110044705839,1348
7357,1371.6061807346616,0.644110044705839,1348
7358,1371.6061807346616,0.644110044705839,1348
7359,1371.6061807346616,0.644110044705839,1348
7360,1371.6061807346616,0.644110044705839,1348
7361,1371.6061807346616,0.644110044705839,1348
7362,1371.6061807346616,0.644110044705839,1348
7363,1371.6061807346616,0.644110044705839,1348
7364,1371.6061807346616,0.644110044705839,1348
7365,1371.6061807346616,0.644110044705839,1348
7366,1371.6061807346616,0.644110044705839,1348
7367,1371.6061807346616,0.644110044705839,1348
7368,1371.6061807346616,0.644110044705839,1348
7369,1371.6061807346616,0.644110044705839,1348
7370,1371.6061807346616,0.644110044705839,1348
7371,1371.6061807346616,0.644110044705839,1348
7372,1371.6061807346616,0.644110044705839,1348
7373,1371.6061807346616,0.644110044705839,1348
7374,1371.6061807346616,0.644110044705839,1348
7375,1371.6061807346616,0.644110044705839,1348
7376,1371.6061807346616,0.644110044705839,1348
7377,1371.6061807346616,0.644110044705839,1348
7378,1371.6061807346616,0.644110044705839,1348
7379,1371.6061807346616,0.644110044705839,1348
7380,1371.6061807346616,0.644110044705839,1348
7381,1371.6061807346616,0.644110044705839,1348
7382,1371.6061807346616,0.644110044705839,1348
7383,1371.6061807346616,0.644110044705839,1348
7384,1371.6061807346616,0.644110044705839,1348
7385,1371.6061807346616,0.644110044705839,1348
7386,1371.6061807346616,0.644110044705839,1348
7387,1371.6061807346616,0.644110044705839,1348
7388,1371.6061807346616,0.644110044705839,1348
7389,1371.6061807346616,0.644110044705839,1348
7390,1371.6061807346616,0.644110044705839,1348
7391,1371.6061807346616,0.644110044705839,1348
7392,1371.6061807346616,0.644110044705839,1348
7393,1371.6061807346616,0.644110044705839,1348
7394,1371.6061807346616,0.644110044705839,1348
7395,1371.6061807346616,0.644110044705839,1348
7396,1371.6061807346616,0.644110044705839,1348
7397,1371.6061807346616,0.644110044705839,1348
7398,1371.6061807346616,0.644110044705839,1348
7399,1371.6061807346616,0.644110044705839,1348
7400,1371.6061807346616,0.644110044705839,1348
7401,1371.6061807346616,0.644110044705839,1348
7402,1371.6061807346616,0.644110044705839,1348
7403,1371.6061807346616,0.644110044705839,1348
7404,1371.6061807346616,0.644110044705839,1348
7405,1371.6061807346616,0.644110044705839,1348
7406,1371.6061807346616,0.644110044705839,1348
7407,1371.6061807346616,0.644110044705839,1348
7408,1371.6061807346616,0.644110044705839,1348
7409,1371.6061807346616,0.644110044705839,1348
7410,1371.6061807346616,0.644110044705839,1348
7411,1371.6061807346616,0.644110044705839,1348
7412,1371.6061807346616,0.644110044705839,1348
7413,1371.6061807346616,0.644110044705839,1348
7414,1371.6061807346616,0.644110044705839,1348
7415,1371.6061807346616,0.644110044705839,1348
7416,1371.6061807346616,0.644110044705839,1348
7417,1371.6061807346616,0.644110044705839,1348
7418,1371.6061807346616,0.644110044705839,1348
7419,1371.6061807346616,0.644110044705839,1348
7420,1371.6061807346616,0.644110044705839,1348
7421,1371.6061807346616,0.644110044705839,1348
7422,1371.6061807346616,0.644110044705839,1348
7423,1371.6061807346616,0.644110044705839,1348
7424,1371.6061807346616,0.644110044705839,1348
7425,1371.6061807346616,0.644110044705839,1348
7426,1371.6061807346616,0.644110044705839,1348
7427,1371.6061807346616,0.644110044705839,1348
7428,1371.6061807346616,0.644110044705839,1348
7429,1371.6061807346616,0.644110044705839,1348
7430,1371.6061807346616,0.644110044705839,1348
7431,1371.6061807346616,0.644110044705839,1348
7432,1371.6061807346616,0.644110044705839,1348
7433,1371.6061807346616,0.644110044705839,1348
7434,1371.6061807346616,0.644110044705839,1348
7435,1371.6061807346616,0.644110044705839,1348
7436,1371.6061807346616,0.644110044705839,1348
7437,1371.6061807346616,0.644110044705839,1348
7438,1371.6061807346616,0.644110044705839,1348
7439,1371.6061807346616,0.644110044705839,1348
7440,1371.6061807346616,0.644110044705839,1348
7441,1371.6061807346616,0.644110044705839,1348
7442,1371.6061807346616,0.644110044705839,1348
7443,1371.6061807346616,0.644110044705839,1348
7444,1371.6061807346616,0.644110044705839,1348
7445,1371.6061807346616,0.644110044705839,1348
7446,1371.6061807346616,0.644110044705839,1348
7447,1371.6061807346616,0.644110044705839,1348
7448,1371.6061807346616,0.644110044705839,1348
7449,1371.6061807346616,0.644110044705839,1348
7450,1371.6061807346616,0.644110044705839,1348
7451,1371.6061807346616,0.644110044705839,1348
7452,1371.6061807346616,0.644110044705839,1348
7453,1371.6061807346616,0.644110044705839,1348
7454,1371.6061807346616,0.644110044705839,1348
7455,1371.6061807346616,0.644110044705839,1348
7456,1371.6061807346616,0.644110044705839,1348
7457,1371.6061807346616,0.644110044705839,1348
7458,1371.6061807346616,0.644110044705839,1348
7459,1371.6061807346616,0.644110044705839,1348
7460,1371.6061807346616,0.644110044705839,1348
7461,1371.6061807346616,0.644110044705839,1348
7462,1371.6061807346616,0.644110044705839,1348
7463,1371.6061807346616,0.644110044705839,1348
7464,1371.6061807346616,0.644110044705839,1348
7465,1371.6061807346616,0.644110044705839,1348
7466,1371.6061807346616,0.644110044705839,1348
7467,1371.6061807346616,0.644110044705839,1348
7468,1371.6061807346616,0.644110044705839,1348
7469,1371.6061807346616,0.644110044705839,1348
7470,1371.6061807346616,0.644110044705839,1348
7471,1371.6061807346616,0.644110044705839,1348
7472,1371.6061807346616,0.644110044705839,1348
7473,1371.6061807346616,0.644110044705839,1348
7474,1371.6061807346616,0.644110044705839,1348
7475,1371.6061807346616,0.644110044705839,1348
7476,1371.6061807346616,0.644110044705839,1348
7477,1371.6061807346616,0.644110044705839,1348
7478,1371.6061807346616,0.644110044705839,1348
7479,1371.6061807346616,0.644110044705839,1348
7480,1371.6061807346616,0.644110044705839,1348
7481,1371.6061807346616,0.644110044705839,1348
7482,1371.6061807346616,0.644110044705839,1348
7483,1371.6061807346616,0.644110044705839,1348
7484,1371.6061807346616,0.644110044705839,1348
7485,1371.6061807346616,0.644110044705839,1348
7486,1371.6061807346616,0.644110044705839,1348
7487,1371.6061807346616,0.644110044705839,1348
7488,1371.6061807346616,0.644110044705839,1348
7489,1371.6061807346616,0.644110044705839,1348
7490,1371.6061807346616,0.644110044705839,1348
7491,1371.6061807346616,0.644110044705839,1348
7492,1371.6061807346616,0.644110044705839,1348
7493,1371.6061807346616,0.644110044705839,1348
7494,1371.6061807346616,0.644110044705839,1348
7495,1371.6061807346616,0.644110044705839,1348
7496,1371.6061807346616,0.644110044705839,1348
7497,1371.6061807346616,0.644110044705839,1348
7498,1371.6061807346616,0.644110044705839,1348
7499,1371.6061807346616,0.644110044705839,1348
7500,1371.6061807346616,0.644110044705839,1348
7501,1371.6061807346616,0.644110044705839,1348
7502,1371.6061807346616,0.644110044705839,1348
7503,1371.6061807346616,0.644110044705839,1348
7504,1371.6061807346616,0.644110044705839,1348
7505,1371.6061807346616,0.644110044705839,1348
7506,1371.6061807346616,0.644110044705839,1348
7507,1371.6061807346616,0.644110044705839,1348
7508,1371.6061807346616,0.644110044705839,1348
7509,1371.6061807346616,0.644110044705839,1348
7510,1371.6061807346616,0.644110044705839,1348
7511,1371.6061807346616,0.644110044705839,1348
7512,1371.6061807346616,0.644110044705839,1348
7513,1371.6061807346616,0.644110044705839,1348
7514,1371.6061807346616,0.644110044705839,1348
7515,1371.6061807346616,0.644110044705839,1348
7516,1371.6061807346616,0.644110044705839,1348
7517,1371.6061807346616,0.644110044705839,1348
7518,1371.6061807346616,0.644110044705839,1348
7519,1371.6061807346616,0.644110044705839,1348
7520,1371.6061807346616,0.644110044705839,1348
7521,1371.6061807346616,0.644110044705839,1348
7522,1371.6061807346616,0.644110044705839,1348
7523,1371.6061807346616,0.644110044705839,1348
7524,1371.6061807346616,0.644110044705839,1348
7525,1371.6061807346616,0.644110044705839,1348
7526,1371.6061807346616,0.644110044705839,1348
7527,1371.6061807346616,0.644110044705839,1348
7528,1371.6061807346616,0.644110044705839,1348
7529,1371.6061807346616,0.644110044705839,1348
7530,1371.6061807346616,0.644110044705839,1348
7531,1371.6061807346616,0.644110044705839,1348
7532,1371.6061807346616,0.644110044705839,1348
7533,1371.6061807346616,0.644110044705839,1348
7534,1371.6061807346616,0.644110044705839,1348
7535,1371.6061807346616,0.644110044705839,1348
7536,1371.6061807346616,0.644110044705839,1348
7537,1371.6061807346616,0.644110044705839,1348
7538,1371.6061807346616,0.644110044705839,1348
7539,1371.6061807346616,0.644110044705839,1348
7540,1371.6061807346616,0.644110044705839,1348
7541,1371.6061807346616,0.644110044705839,1348
7542,1371.6061807346616,0.644110044705839,1348
7543,1371.6061807346616,0.644110044705839,1348
7544,1371.6061807346616,0.644110044705839,1348
7545,1371.6061807346616,0.644110044705839,1348
7546,1371.6061807346616,0.644110044705839,1348
7547,1371.6061807346616,0.644110044705839,1348
7548,1371.6061807346616,0.644110044705839,1348
7549,1371.6061807346616,0.644110044705839,1348
7550,1371.6061807346616,0.644110044705839,1348
7551,1371.6061807346616,0.644110044705839,1348
7552,1371.6061807346616,0.644110044705839,1348
7553,1371.6061807346616,0.644110044705839,1348
7554,1371.6061807346616,0.644110044705839,1348
7555,1371.6061807346616,0.644110044705839,1348
7556,1371.6061807346616,0.644110044705839,1348
7557,1371.6061807346616,0.644110044705839,1348
7558,1371.6061807346616,0.644110044705839,1348
7559,1371.6061807346616,0.644110044705839,1348
7560,1371.6061807346616,0.644110044705839,1348
7561,1371.6061807346616,0.644110044705839,1348
7562,1371.6061807346616,0.644110044705839,1348
7563,1371.6061807346616,0.644110044705839,1348
7564,1371.6061807346616,0.644110044705839,1348
7565,1371.6061807346616,0.644110044705839,1348
7566,1371.6061807346616,0.644110044705839,1348
7567,1371.6061807346616,0.644110044705839,1348
7568,1371.6061807346616,0.644110044705839,1348
7569,1371.6061807346616,0.644110044705839,1348
7570,1371.6061807346616,0.644110044705839,1348
7571,1371.6061807346616,0.644110044705839,1348
7572,1371.6061807346616,0.644110044705839,1348
7573,1371.6061807346616,0.644110044705839,1348
7574,1371.6061807346616,0.644110044705839,1348
7575,1371.6061807346616,0.644110044705839,1348
7576,1371.6061807346616,0.644110044705839,1348
7577,1371.6061807346616,0.644110044705839,1348
7578,1371.6061807346616,0.644110044705839,1348
7579,1371.6061807346616,0.644110044705839,1348
7580,1371.6061807346616,0.644110044705839,1348
7581,1371.6061807346616,0.644110044705839,1348
7582,1371.6061807346616,0.644110044705839,1348
7583,1371.6061807346616,0.644110044705839,1348
7584,1371.6061807346616,0.644110044705839,1348
7585,1371.6061807346616,0.644110044705839,1348
7586,1371.6061807346616,0.644110044705839,1348
7587,1371.6061807346616,0.644110044705839,1348
7588,1371.6061807346616,0.644110044705839,1348
7589,1371.6061807346616,0.644110044705839,1348
7590,1371.6061807346616,0.644110044705839,1348
7591,1371.6061807346616,0.644110044705839,1348
7592,1371.6061807346616,0.644110044705839,1348
7593,1371.6061807346616,0.644110044705839,1348
7594,1371.6061807346616,0.644110044705839,1348
7595,1371.6061807346616,0.644110044705839,1348
7596,1371.6061807346616,0.644110044705839,1348
7597,1371.6061807346616,0.644110044705839,1348
7598,1371.6061807346616,0.644110044705839,1348
7599,1371.6061807346616,0.644110044705839,1348
7600,1371.6061807346616,0.644110044705839,1348
7601,1371.6061807346616,0.644110044705839,1348
7602,1371.6061807346616,0.644110044705839,1348
7603,1371.6061807346616,0.644110044705839,1348
7604,1371.6061807346616,0.644110044705839,1348
7605,1371.6061807346616,0.644110044705839,1348
7606,1371.6061807346616,0.644110044705839,1348
7607,1371.6061807346616,0.644110044705839,1348
7608,1371.6061807346616,0.644110044705839,1348
7609,1371.6061807346616,0.644110044705839,1348
7610,1371.6061807346616,0.644110044705839,1348
7611,1371.6061807346616,0.644110044705839,1348
7612,1371.6061807346616,0.644110044705839,1348
7613,1371.6061807346616,0.644110044705839,1348
7614,1371.6061807346616,0.644110044705839,1348
7615,1371.6061807346616,0.644110044705839,1348
7616,1371.6061807346616,0.644110044705839,1348
7617,1371.6061807346616,0.644110044705839,1348
7618,1371.6061807346616,0.644110044705839,1348
7619,1371.6061807346616,0.644110044705839,1348
7620,1371.6061807346616,0.644110044705839,1348
7621,1371.6061807346616,0.644110044705839,1348
7622,1371.6061807346616,0.644110044705839,1348
7623,1371.6061807346616,0.644110044705839,1348
7624,1371.6061807346616,0.644110044705839,1348
7625,1371.6061807346616,0.644110044705839,1348
7626,1371.6061807346616,0.644110044705839,1348
7627,1371.6061807346616,0.644110044705839,1348
7628,1371.6061807346616,0.644110044705839,1348
7629,1371.6061807346616,0.644110044705839,1348
7630,1371.6061807346616,0.644110044705839,1348
7631,1371.6061807346616,0.644110044705839,1348
7632,1371.6061807346616,0.644110044705839,1348
7633,1371.6061807346616,0.644110044705839,1348
7634,1371.6061807346616,0.644110044705839,1348
7635,1371.6061807346616,0.644110044705839,1348
7636,1371.6061807346616,0.644110044705839,1348
7637,1371.6061807346616,0.644110044705839,1348
7638,1371.6061807346616,0.644110044705839,1348
7639,1371.6061807346616,0.644110044705839,1348
7640,1371.6061807346616,0.644110044705839,1348
7641,1371.6061807346616,0.644110044705839,1348
7642,1371.6061807346616,0.644110044705839,1348
7643,1371.6061807346616,0.644110044705839,1348
7644,1371.6061807346616,0.644110044705839,1348
7645,1371.6061807346616,0.644110044705839,1348
7646,1371.6061807346616,0.644110044705839,1348
7647,1371.6061807346616,0.644110044705839,1348
7648,1371.6061807346616,0.644110044705839,1348
7649,1371.6061807346616,0.644110044705839,1348
7650,1371.6061807346616,0.644110044705839,1348
7651,1371.6061807346616,0.644110044705839,1348
7652,1371.6061807346616,0.644110044705839,1348
7653,1371.6061807346616,0.644110044705839,1348
7654,1371.6061807346616,0.644110044705839,1348
7655,1371.6061807346616,0.644110044705839,1348
7656,1371.6061807346616,0.644110044705839,1348
7657,1371.6061807346616,0.644110044705839,1348
7658,1371.6061807346616,0.644110044705839,1348
7659,1371.6061807346616,0.644110044705839,1348
7660,1371.6061807346616,0.644110044705839,1348
7661,1371.6061807346616,0.644110044705839,1348
7662,1371.6061807346616,0.644110044705839,1348
7663,1371.6061807346616,0.644110044705839,1348
7664,1371.6061807346616,0.644110044705839,1348
7665,1371.6061807346616,0.644110044705839,1348
7666,1371.6061807346616,0.644110044705839,1348
7667,1371.6061807346616,0.644110044705839,1348
7668,1371.6061807346616,0.644110044705839,1348
7669,1371.6061807346616,0.644110044705839,1348
7670,1371.6061807346616,0.644110044705839,1348
7671,1371.6061807346616,0.644110044705839,1348
7672,1371.6061807346616,0.644110044705839,1348
7673,1371.6061807346616,0.644110044705839,1348
7674,1371.6061807346616,0.644110044705839,1348
7675,1371.6061807346616,0.644110044705839,1348
7676,1371.6061807346616,0.644110044705839,1348
7677,1371.6061807346616,0.644110044705839,1348
7678,1371.6061807346616,0.644110044705839,1348
7679,1371.6061807346616,0.644110044705839,1348
7680,1371.6061807346616,0.644110044705839,1348
7681,1371.6061807346616,0.644110044705839,1348
7682,1371.6061807346616,0.644110044705839,1348
7683,1371.6061807346616,0.644110044705839,1348
7684,1371.6061807346616,0.644110044705839,1348
7685,1371.6061807346616,0.644110044705839,1348
7686,1371.6061807346616,0.644110044705839,1348
7687,1371.6061807346616,0.644110044705839,1348
7688,1371.6061807346616,0.644110044705839,1348
7689,1371.6061807346616,0.644110044705839,1348
7690,1371.6061807346616,0.644110044705839,1348
7691,1371.6061807346616,0.644110044705839,1348
7692,1371.6061807346616,0.644110044705839,1348
7693,1371.6061807346616,0.644110044705839,1348
7694,1371.6061807346616,0.644110044705839,1348
7695,1371.6061807346616,0.644110044705839,1348
7696,1371.6061807346616,0.644110044705839,1348
7697,1371.6061807346616,0.644110044705839,1348
7698,1371.6061807346616,0.644110044705839,1348
7699,1371.6061807346616,0.644110044705839,1348
7700,1371.6061807346616,0.644110044705839,1348
7701,1371.6061807346616,0.644110044705839,1348
7702,1371.6061807346616,0.644110044705839,1348
7703,1371.6061807346616,0.644110044705839,1348
7704,1371.6061807346616,0.644110044705839,1348
7705,1371.6061807346616,0.644110044705839,1348
7706,1371.6061807346616,0.644110044705839,1348
7707,1371.6061807346616,0.644110044705839,1348
7708,1371.6061807346616,0.644110044705839,1348
7709,1371.6061807346616,0.644110044705839,1348
7710,1371.6061807346616,0.644110044705839,1348
7711,1371.6061807346616,0.644110044705839,1348
7712,1371.6061807346616,0.644110044705839,1348
7713,1371.6061807346616,0.644110044705839,1348
7714,1371.6061807346616,0.644110044705839,1348
7715,1371.6061807346616,0.644110044705839,1348
7716,1371.6061807346616,0.644110044705839,1348
7717,1371.6061807346616,0.644110044705839,1348
7718,1371.6061807346616,0.644110044705839,1348
7719,1371.6061807346616,0.644110044705839,1348
7720,1371.6061807346616,0.644110044705839,1348
7721,1371.6061807346616,0.644110044705839,1348
7722,1371.6061807346616,0.644110044705839,1348
7723,1371.6061807346616,0.644110044705839,1348
7724,1371.6061807346616,0.644110044705839,1348
7725,1371.6061807346616,0.644110044705839,1348
7726,1371.6061807346616,0.644110044705839,1348
7727,1371.6061807346616,0.644110044705839,1348
7728,1371.6061807346616,0.644110044705839,1348
7729,1371.6061807346616,0.644110044705839,1348
7730,1371.6061807346616,0.644110044705839,1348
7731,1371.6061807346616,0.644110044705839,1348
7732,1371.6061807346616,0.644110044705839,1348
7733,1371.6061807346616,0.644110044705839,1348
7734,1371.6061807346616,0.644110044705839,1348
7735,1371.6061807346616,0.644110044705839,1348
7736,1371.6061807346616,0.644110044705839,1348
7737,1371.6061807346616,0.644110044705839,1348
7738,1371.6061807346616,0.644110044705839,1348
7739,1371.6061807346616,0.644110044705839,1348
7740,1371.6061807346616,0.644110044705839,1348
7741,1371.6061807346616,0.644110044705839,1348
7742,1371.6061807346616,0.644110044705839,1348
7743,1371.6061807346616,0.644110044705839,1348
7744,1371.6061807346616,0.644110044705839,1348
7745,1371.6061807346616,0.644110044705839,1348
7746,1371.6061807346616,0.644110044705839,1348
7747,1371.6061807346616,0.644110044705839,1348
7748,1371.6061807346616,0.644110044705839,1348
7749,1371.6061807346616,0.644110044705839,1348
7750,1371.6061807346616,0.644110044705839,1348
7751,1371.6061807346616,0.644110044705839,1348
7752,1371.6061807346616,0.644110044705839,1348
7753,1371.6061807346616,0.644110044705839,1348
7754,1371.6061807346616,0.644110044705839,1348
7755,1371.6061807346616,0.644110044705839,1348
7756,1371.6061807346616,0.644110044705839,1348
7757,1371.6061807346616,0.644110044705839,1348
7758,1371.6061807346616,0.644110044705839,1348
7759,1371.6061807346616,0.644110044705839,1348
7760,1371.6061807346616,0.644110044705839,1348
7761,1371.6061807346616,0.644110044705839,1348
7762,1371.6061807346616,0.644110044705839,1348
7763,1371.6061807346616,0.644110044705839,1348
7764,1371.6061807346616,0.644110044705839,1348
7765,1371.6061807346616,0.644110044705839,1348
7766,1371.6061807346616,0.644110044705839,1348
7767,1371.6061807346616,0.644110044705839,1348
7768,1371.6061807346616,0.644110044705839,1348
7769,1371.6061807346616,0.644110044705839,1348
7770,1371.6061807346616,0.644110044705839,1348
7771,1371.6061807346616,0.644110044705839,1348
7772,1371.6061807346616,0.644110044705839,1348
7773,1371.6061807346616,0.644110044705839,1348
7774,1371.6061807346616,0.644110044705839,1348
7775,1371.6061807346616,0.644110044705839,1348
7776,1371.6061807346616,0.644110044705839,1348
7777,1371.6061807346616,0.644110044705839,1348
7778,1371.6061807346616,0.644110044705839,1348
7779,1371.6061807346616,0.644110044705839,1348
7780,1371.6061807346616,0.644110044705839,1348
7781,1371.6061807346616,0.644110044705839,1348
7782,1371.6061807346616,0.644110044705839,1348
7783,1371.6061807346616,0.644110044705839,1348
7784,1371.6061807346616,0.644110044705839,1348
7785,1371.6061807346616,0.644110044705839,1348
7786,1371.6061807346616,0.644110044705839,1348
7787,1371.6061807346616,0.644110044705839,1348
7788,1371.6061807346616,0.644110044705839,1348
7789,1371.6061807346616,0.644110044705839,1348
7790,1371.6061807346616,0.644110044705839,1348
7791,1371.6061807346616,0.644110044705839,1348
7792,1371.6061807346616,0.644110044705839,1348
7793,1371.6061807346616,0.644110044705839,1348
7794,1371.6061807346616,0.644110044705839,1348
7795,1371.6061807346616,0.644110044705839,1348
7796,1371.6061807346616,0.644110044705839,1348
7797,1371.6061807346616,0.644110044705839,1348
7798,1371.6061807346616,0.644110044705839,1348
7799,1371.6061807346616,0.644110044705839,1348
7800,1371.6061807346616,0.644110044705839,1348
7801,1371.6061807346616,0.644110044705839,1348
7802,1371.6061807346616,0.644110044705839,1348
7803,1371.6061807346616,0.644110044705839,1348
7804,1371.6061807346616,0.644110044705839,1348
7805,1371.6061807346616,0.644110044705839,1348
7806,1371.6061807346616,0.644110044705839,1348
7807,1371.6061807346616,0.644110044705839,1348
7808,1371.6061807346616,0.644110044705839,1348
7809,1371.6061807346616,0.644110044705839,1348
7810,1371.6061807346616,0.644110044705839,1348
7811,1371.6061807346616,0.644110044705839,1348
7812,1371.6061807346616,0.644110044705839,1348
7813,1371.6061807346616,0.644110044705839,1348
7814,1371.6061807346616,0.644110044705839,1348
7815,1371.6061807346616,0.644110044705839,1348
7816,1371.6061807346616,0.644110044705839,1348
7817,1371.6061807346616,0.644110044705839,1348
7818,1371.6061807346616,0.644110044705839,1348
7819,1371.6061807346616,0.644110044705839,1348
7820,1371.6061807346616,0.644110044705839,1348
7821,1371.6061807346616,0.644110044705839,1348
7822,1371.6061807346616,0.644110044705839,1348
7823,1371.6061807346616,0.644110044705839,1348
7824,1371.6061807346616,0.644110044705839,1348
7825,1371.6061807346616,0.644110044705839,1348
7826,1371.6061807346616,0.644110044705839,1348
7827,1371.6061807346616,0.644110044705839,1348
7828,1371.6061807346616,0.644110044705839,1348
7829,1371.6061807346616,0.644110044705839,1348
7830,1371.6061807346616,0.644110044705839,1348
7831,1371.6061807346616,0.644110044705839,1348
7832,1371.6061807346616,0.644110044705839,1348
7833,1371.6061807346616,0.644110044705839,1348
7834,1371.6061807346616,0.644110044705839,1348
7835,1371.6061807346616,0.644110044705839,1348
7836,1371.6061807346616,0.644110044705839,1348
7837,1371.6061807346616,0.644110044705839,1348
7838,1371.6061807346616,0.644110044705839,1348
7839,1371.6061807346616,0.644110044705839,1348
7840,1371.6061807346616,0.644110044705839,1348
7841,1371.6061807346616,0.644110044705839,1348
7842,1371.6061807346616,0.644110044705839,1348
7843,1371.6061807346616,0.644110044705839,1348
7844,1371.6061807346616,0.644110044705839,1348
7845,1371.6061807346616,0.644110044705839,1348
7846,1371.6061807346616,0.644110044705839,1348
7847,1371.6061807346616,0.644110044705839,1348
7848,1371.6061807346616,0.644110044705839,1348
7849,1371.6061807346616,0.644110044705839,1348
7850,1371.6061807346616,0.644110044705839,1348
7851,1371.6061807346616,0.644110044705839,1348
7852,1371.6061807346616,0.644110044705839,1348
7853,1371.6061807346616,0.644110044705839,1348
7854,1371.6061807346616,0.644110044705839,1348
7855,1371.6061807346616,0.644110044705839,1348
7856,1371.6061807346616,0.644110044705839,1348
7857,1371.6061807346616,0.644110044705839,1348
7858,1371.6061807346616,0.644110044705839,1348
7859,1371.6061807346616,0.644110044705839,1348
7860,1371.6061807346616,0.644110044705839,1348
7861,1371.6061807346616,0.644110044705839,1348
7862,1371.6061807346616,0.644110044705839,1348
7863,1371.6061807346616,0.644110044705839,1348
7864,1371.6061807346616,0.644110044705839,1348
7865,1371.6061807346616,0.644110044705839,1348
7866,1371.6061807346616,0.644110044705839,1348
7867,1371.6061807346616,0.644110044705839,1348
7868,1371.6061807346616,0.644110044705839,1348
7869,1371.6061807346616,0.644110044705839,1348
7870,1371.6061807346616,0.644110044705839,1348
7871,1371.6061807346616,0.644110044705839,1348
7872,1371.6061807346616,0.644110044705839,1348
7873,1371.6061807346616,0.644110044705839,1348
7874,1371.6061807346616,0.644110044705839,1348
7875,1371.6061807346616,0.644110044705839,1348
7876,1371.6061807346616,0.644110044705839,1348
7877,1371.6061807346616,0.644110044705839,1348
7878,1371.6061807346616,0.644110044705839,1348
7879,1371.6061807346616,0.644110044705839,1348
7880,1371.6061807346616,0.644110044705839,1348
7881,1371.6061807346616,0.644110044705839,1348
7882,1371.6061807346616,0.644110044705839,1348
7883,1371.6061807346616,0.644110044705839,1348
7884,1371.6061807346616,0.644110044705839,1348
7885,1371.6061807346616,0.644110044705839,1348
7886,1371.6061807346616,0.644110044705839,1348
7887,1371.6061807346616,0.644110044705839,1348
7888,1371.6061807346616,0.644110044705839,1348
7889,1371.6061807346616,0.644110044705839,1348
7890,1371.6061807346616,0.644110044705839,1348
7891,1371.6061807346616,0.644110044705839,1348
7892,1371.6061807346616,0.644110044705839,1348
7893,1371.6061807346616,0.644110044705839,1348
7894,1371.6061807346616,0.644110044705839,1348
7895,1371.6061807346616,0.644110044705839,1348
7896,1371.6061807346616,0.644110044705839,1348
7897,1371.6061807346616,0.644110044705839,1348
7898,1371.6061807346616,0.644110044705839,1348
7899,1371.6061807346616,0.644110044705839,1348
7900,1371.6061807346616,0.644110044705839,1348
7901,1371.6061807346616,0.644110044705839,1348
7902,1371.6061807346616,0.644110044705839,1348
7903,1371.6061807346616,0.644110044705839,1348
7904,1371.6061807346616,0.644110044705839,1348
7905,1371.6061807346616,0.644110044705839,1348
7906,1371.6061807346616,0.644110044705839,1348
7907,1371.6061807346616,0.644110044705839,1348
7908,1371.6061807346616,0.644110044705839,1348
7909,1371.6061807346616,0.644110044705839,1348
7910,1371.6061807346616,0.644110044705839,1348
7911,1371.6061807346616,0.644110044705839,1348
7912,1371.6061807346616,0.644110044705839,1348
7913,1371.6061807346616,0.644110044705839,1348
7914,1371.6061807346616,0.644110044705839,1348
7915,1371.6061807346616,0.644110044705839,1348
7916,1371.6061807346616,0.644110044705839,1348
7917,1371.6061807346616,0.644110044705839,1348
7918,1371.6061807346616,0.644110044705839,1348
7919,1371.6061807346616,0.644110044705839,1348
7920,1371.6061807346616,0.644110044705839,1348
7921,1371.6061807346616,0.644110044705839,1348
7922,1371.6061807346616,0.644110044705839,1348
7923,1371.6061807346616,0.644110044705839,1348
7924,1371.6061807346616,0.644110044705839,1348
7925,1371.6061807346616,0.644110044705839,1348
7926,1371.6061807346616,0.644110044705839,1348
7927,1371.6061807346616,0.644110044705839,1348
7928,1371.6061807346616,0.644110044705839,1348
7929,1371.6061807346616,0.644110044705839,1348
7930,1371.6061807346616,0.644110044705839,1348
7931,1371.6061807346616,0.644110044705839,1348
7932,1371.6061807346616,0.644110044705839,1348
7933,1371.6061807346616,0.644110044705839,1348
7934,1371.6061807346616,0.644110044705839,1348
7935,1371.6061807346616,0.644110044705839,1348
7936,1371.6061807346616,0.644110044705839,1348
7937,1371.6061807346616,0.644110044705839,1348
7938,1371.6061807346616,0.644110044705839,1348
7939,1371.6061807346616,0.644110044705839,1348
7940,1371.6061807346616,0.644110044705839,1348
7941,1371.6061807346616,0.644110044705839,1348
7942,1371.6061807346616,0.644110044705839,1348
7943,1371.6061807346616,0.644110044705839,1348
7944,1371.6061807346616,0.644110044705839,1348
7945,1371.6061807346616,0.644110044705839,1348
7946,1371.6061807346616,0.644110044705839,1348
7947,1371.6061807346616,0.644110044705839,1348
7948,1371.6061807346616,0.644110044705839,1348
7949,1371.6061807346616,0.644110044705839,1348
7950,1371.6061807346616,0.644110044705839,1348
7951,1371.6061807346616,0.644110044705839,1348
7952,1371.6061807346616,0.644110044705839,1348
7953,1371.6061807346616,0.644110044705839,1348
7954,1371.6061807346616,0.644110044705839,1348
7955,1371.6061807346616,0.644110044705839,1348
7956,1371.6061807346616,0.644110044705839,1348
7957,1371.6061807346616,0.644110044705839,1348
7958,1371.6061807346616,0.644110044705839,1348
7959,1371.6061807346616,0.644110044705839,1348
7960,1371.6061807346616,0.644110044705839,1348
7961,1371.6061807346616,0.644110044705839,1348
7962,1371.6061807346616,0.644110044705839,1348
7963,1371.6061807346616,0.644110044705839,1348
7964,1371.6061807346616,0.644110044705839,1348
7965,1371.6061807346616,0.644110044705839,1348
7966,1371.6061807346616,0.644110044705839,1348
7967,1371.6061807346616,0.644110044705839,1348
7968,1371.6061807346616,0.644110044705839,1348
7969,1371.6061807346616,0.644110044705839,1348
7970,1371.6061807346616,0.644110044705839,1348
7971,1371.6061807346616,0.644110044705839,1348
7972,1371.6061807346616,0.644110044705839,1348
7973,1371.6061807346616,0.644110044705839,1348
7974,1371.6061807346616,0.644110044705839,1348
7975,1371.6061807346616,0.644110044705839,1348
7976,1371.6061807346616,0.644110044705839,1348
7977,1371.6061807346616,0.644110044705839,1348
7978,1371.6061807346616,0.644110044705839,1348
7979,1371.6061807346616,0.644110044705839,1348
7980,1371.6061807346616,0.644110044705839,1348
7981,1371.6061807346616,0.644110044705839,1348
7982,1371.6061807346616,0.644110044705839,1348
7983,1371.6061807346616,0.644110044705839,1348
7984,1371.6061807346616,0.644110044705839,1348
7985,1371.6061807346616,0.644110044705839,1348
7986,1371.6061807346616,0.644110044705839,1348
7987,1371.6061807346616,0.644110044705839,1348
7988,1371.6061807346616,0.644110044705839,1348
7989,1371.6061807346616,0.644110044705839,1348
7990,1371.6061807346616,0.644110044705839,1348
7991,1371.6061807346616,0.644110044705839,1348
7992,1371.6061807346616,0.644110044705839,1348
7993,1371.6061807346616,0.644110044705839,1348
7994,1371.6061807346616,0.644110044705839,1348
7995,1371.6061807346616,0.644110044705839,1348
7996,1371.6061807346616,0.644110044705839,1348
7997,1371.6061807346616,0.644110044705839,1348
7998,1371.6061807346616,0.644110044705839,1348
7999,1371.6061807346616,0.644110044705839,1348
8000,1371.6061807346616,0.644110044705839,1348
8001,1371.6061807346616,0.644110044705839,1348
8002,1371.6061807346616,0.644110044705839,1348
8003,1371.6061807346616,0.644110044705839,1348
8004,1371.6061807346616,0.644110044705839,1348
8005,1371.6061807346616,0.644110044705839,1348
8006,1371.6061807346616,0.644110044705839,1348
8007,1371.6061807346616,0.644110044705839,1348
8008,1371.6061807346616,0.644110044705839,1348
8009,1371.6061807346616,0.644110044705839,1348
8010,1371.6061807346616,0.644110044705839,1348
8011,1371.6061807346616,0.644110044705839,1348
8012,1371.6061807346616,0.644110044705839,1348
8013,1371.6061807346616,0.644110044705839,1348
8014,1371.6061807346616,0.644110044705839,1348
8015,1371.6061807346616,0.644110044705839,1348
8016,1371.6061807346616,0.644110044705839,1348
8017,1371.6061807346616,0.644110044705839,1348
8018,1371.6061807346616,0.644110044705839,1348
8019,1371.6061807346616,0.644110044705839,1348
8020,1371.6061807346616,0.644110044705839,1348
8021,1371.6061807346616,0.644110044705839,1348
8022,1371.6061807346616,0.644110044705839,1348
8023,1371.6061807346616,0.644110044705839,1348
8024,1371.6061807346616,0.644110044705839,1348
8025,1371.6061807346616,0.644110044705839,1348
8026,1371.6061807346616,0.644110044705839,1348
8027,1371.6061807346616,0.644110044705839,1348
8028,1371.6061807346616,0.644110044705839,1348
8029,1371.6061807346616,0.644110044705839,1348
8030,1371.6061807346616,0.644110044705839,1348
8031,1371.6061807346616,0.644110044705839,1348
8032,1371.6061807346616,0.644110044705839,1348
8033,1371.6061807346616,0.644110044705839,1348
8034,1371.6061807346616,0.644110044705839,1348
8035,1371.6061807346616,0.644110044705839,1348
8036,1371.6061807346616,0.644110044705839,1348
8037,1371.6061807346616,0.644110044705839,1348
8038,1371.6061807346616,0.644110044705839,1348
8039,1371.6061807346616,0.644110044705839,1348
8040,1371.6061807346616,0.644110044705839,1348
8041,1371.6061807346616,0.644110044705839,1348
8042,1371.6061807346616,0.644110044705839,1348
8043,1371.6061807346616,0.644110044705839,1348
8044,1371.6061807346616,0.644110044705839,1348
8045,1371.6061807346616,0.644110044705839,1348
8046,1371.6061807346616,0.644110044705839,1348
8047,1371.6061807346616,0.644110044705839,1348
8048,1371.6061807346616,0.644110044705839,1348
8049,1371.6061807346616,0.644110044705839,1348
8050,1371.6061807346616,0.644110044705839,1348
8051,1371.6061807346616,0.644110044705839,1348
8052,1371.6061807346616,0.644110044705839,1348
8053,1371.6061807346616,0.644110044705839,1348
8054,1371.6061807346616,0.644110044705839,1348
8055,1371.6061807346616,0.644110044705839,1348
8056,1371.6061807346616,0.644110044705839,1348
8057,1371.6061807346616,0.644110044705839,1348
8058,1371.6061807346616,0.644110044705839,1348
8059,1371.6061807346616,0.644110044705839,1348
8060,1371.6061807346616,0.644110044705839,1348
8061,1371.6061807346616,0.644110044705839,1348
8062,1371.6061807346616,0.644110044705839,1348
8063,1371.6061807346616,0.644110044705839,1348
8064,1371.6061807346616,0.644110044705839,1348
8065,1371.6061807346616,0.644110044705839,1348
8066,1371.6061807346616,0.644110044705839,1348
8067,1371.6061807346616,0.644110044705839,1348
8068,1371.6061807346616,0.644110044705839,1348
8069,1371.6061807346616,0.644110044705839,1348
8070,1371.6061807346616,0.644110044705839,1348
8071,1371.6061807346616,0.644110044705839,1348
8072,1371.6061807346616,0.644110044705839,1348
8073,1371.6061807346616,0.644110044705839,1348
8074,1371.6061807346616,0.644110044705839,1348
8075,1371.6061807346616,0.644110044705839,1348
8076,1371.6061807346616,0.644110044705839,1348
8077,1371.6061807346616,0.644110044705839,1348
8078,1371.6061807346616,0.644110044705839,1348
8079,1371.6061807346616,0.644110044705839,1348
8080,1371.6061807346616,0.644110044705839,1348
8081,1371.6061807346616,0.644110044705839,1348
8082,1371.6061807346616,0.644110044705839,1348
8083,1371.6061807346616,0.644110044705839,1348
8084,1371.6061807346616,0.644110044705839,1348
8085,1371.6061807346616,0.644110044705839,1348
8086,1371.6061807346616,0.644110044705839,1348
8087,1371.6061807346616,0.644110044705839,1348
8088,1371.6061807346616,0.644110044705839,1348
8089,1371.6061807346616,0.644110044705839,1348
8090,1371.6061807346616,0.644110044705839,1348
8091,1371.6061807346616,0.644110044705839,1348
8092,1371.6061807346616,0.644110044705839,1348
8093,1371.6061807346616,0.644110044705839,1348
8094,1371.6061807346616,0.644110044705839,1348
8095,1371.6061807346616,0.644110044705839,1348
8096,1371.6061807346616,0.644110044705839,1348
8097,1371.6061807346616,0.644110044705839,1348
8098,1371.6061807346616,0.644110044705839,1348
8099,1371.6061807346616,0.644110044705839,1348
8100,1371.6061807346616,0.644110044705839,1348
8101,1371.6061807346616,0.644110044705839,1348
8102,1371.6061807346616,0.644110044705839,1348
8103,1371.6061807346616,0.644110044705839,1348
8104,1371.6061807346616,0.644110044705839,1348
8105,1371.6061807346616,0.644110044705839,1348
8106,1371.6061807346616,0.644110044705839,1348
8107,1371.6061807346616,0.644110044705839,1348
8108,1371.6061807346616,0.644110044705839,1348
8109,1371.6061807346616,0.644110044705839,1348
8110,1371.6061807346616,0.644110044705839,1348
8111,1371.6061807346616,0.644110044705839,1348
8112,1371.6061807346616,0.644110044705839,1348
8113,1371.6061807346616,0.644110044705839,1348
8114,1371.6061807346616,0.644110044705839,1348
8115,1371.6061807346616,0.644110044705839,1348
8116,1371.6061807346616,0.644110044705839,1348
8117,1371.6061807346616,0.644110044705839,1348
8118,1371.6061807346616,0.644110044705839,1348
8119,1371.6061807346616,0.644110044705839,1348
8120,1371.6061807346616,0.644110044705839,1348
8121,1371.6061807346616,0.644110044705839,1348
8122,1371.6061807346616,0.644110044705839,1348
8123,1371.6061807346616,0.644110044705839,1348
8124,1371.6061807346616,0.644110044705839,1348
8125,1371.6061807346616,0.644110044705839,1348
8126,1371.6061807346616,0.644110044705839,1348
8127,1371.6061807346616,0.644110044705839,1348
8128,1371.6061807346616,0.644110044705839,1348
8129,1371.6061807346616,0.644110044705839,1348
8130,1371.6061807346616,0.644110044705839,1348
8131,1371.6061807346616,0.644110044705839,1348
8132,1371.6061807346616,0.644110044705839,1348
8133,1371.6061807346616,0.644110044705839,1348
8134,1371.6061807346616,0.644110044705839,1348
8135,1371.6061807346616,0.644110044705839,1348
8136,1371.6061807346616,0.644110044705839,1348
8137,1371.6061807346616,0.644110044705839,1348
8138,1371.6061807346616,0.644110044705839,1348
8139,1371.6061807346616,0.644110044705839,1348
8140,1371.6061807346616,0.644110044705839,1348
8141,1371.6061807346616,0.644110044705839,1348
8142,1371.6061807346616,0.644110044705839,1348
8143,1371.6061807346616,0.644110044705839,1348
8144,1371.6061807346616,0.644110044705839,1348
8145,1371.6061807346616,0.644110044705839,1348
8146,1371.6061807346616,0.644110044705839,1348
8147,1371.6061807346616,0.644110044705839,1348
8148,1371.6061807346616,0.644110044705839,1348
8149,1371.6061807346616,0.644110044705839,1348
8150,1371.6061807346616,0.644110044705839,1348
8151,1371.6061807346616,0.644110044705839,1348
8152,1371.6061807346616,0.644110044705839,1348
8153,1371.6061807346616,0.644110044705839,1348
8154,1371.6061807346616,0.644110044705839,1348
8155,1371.6061807346616,0.644110044705839,1348
8156,1371.6061807346616,0.644110044705839,1348
8157,1371.6061807346616,0.644110044705839,1348
8158,1371.6061807346616,0.644110044705839,1348
8159,1371.6061807346616,0.644110044705839,1348
8160,1371.6061807346616,0.644110044705839,1348
8161,1371.6061807346616,0.644110044705839,1348
8162,1371.6061807346616,0.644110044705839,1348
8163,1371.6061807346616,0.644110044705839,1348
8164,1371.6061807346616,0.644110044705839,1348
8165,1371.6061807346616,0.644110044705839,1348
8166,1371.6061807346616,0.644110044705839,1348
8167,1371.6061807346616,0.644110044705839,1348
8168,1371.6061807346616,0.644110044705839,1348
8169,1371.6061807346616,0.644110044705839,1348
8170,1371.6061807346616,0.644110044705839,1348
8171,1371.6061807346616,0.644110044705839,1348
8172,1371.6061807346616,0.644110044705839,1348
8173,1371.6061807346616,0.644110044705839,1348
8174,1371.6061807346616,0.644110044705839,1348
8175,1371.6061807346616,0.644110044705839,1348
8176,1371.6061807346616,0.644110044705839,1348
8177,1371.6061807346616,0.644110044705839,1348
8178,1371.6061807346616,0.644110044705839,1348
8179,1371.6061807346616,0.644110044705839,1348
8180,1371.6061807346616,0.644110044705839,1348
8181,1371.6061807346616,0.644110044705839,1348
8182,1371.6061807346616,0.644110044705839,1348
8183,1371.6061807346616,0.644110044705839,1348
8184,1371.6061807346616,0.644110044705839,1348
8185,1371.6061807346616,0.644110044705839,1348
8186,1371.6061807346616,0.644110044705839,1348
8187,1371.6061807346616,0.644110044705839,1348
8188,1371.6061807346616,0.644110044705839,1348
8189,1371.6061807346616,0.644110044705839,1348
8190,1371.6061807346616,0.644110044705839,1348
8191,1371.6061807346616,0.644110044705839,1348
8192,1371.6061807346616,0.644110044705839,1348
8193,1371.6061807346616,0.644110044705839,1348
8194,1371.6061807346616,0.644110044705839,1348
8195,1371.6061807346616,0.644110044705839,1348
8196,1371.6061807346616,0.644110044705839,1348
8197,1371.6061807346616,0.644110044705839,1348
8198,1371.6061807346616,0.644110044705839,1348
8199,1371.6061807346616,0.644110044705839,1348
8200,1371.6061807346616,0.644110044705839,1348
8201,1371.6061807346616,0.644110044705839,1348
8202,1371.6061807346616,0.644110044705839,1348
8203,1371.6061807346616,0.644110044705839,1348
8204,1371.6061807346616,0.644110044705839,1348
8205,1371.6061807346616,0.644110044705839,1348
8206,1371.6061807346616,0.644110044705839,1348
8207,1371.6061807346616,0.644110044705839,1348
8208,1371.6061807346616,0.644110044705839,1348
8209,1371.6061807346616,0.644110044705839,1348
8210,1371.6061807346616,0.644110044705839,1348
8211,1371.6061807346616,0.644110044705839,1348
8212,1371.6061807346616,0.644110044705839,1348
8213,1371.6061807346616,0.644110044705839,1348
8214,1371.6061807346616,0.644110044705839,1348
8215,1371.6061807346616,0.644110044705839,1348
8216,1371.6061807346616,0.644110044705839,1348
8217,1371.6061807346616,0.644110044705839,1348
8218,1371.6061807346616,0.644110044705839,1348
8219,1371.6061807346616,0.644110044705839,1348
8220,1371.6061807346616,0.644110044705839,1348
8221,1371.6061807346616,0.644110044705839,1348
8222,1371.6061807346616,0.644110044705839,1348
8223,1371.6061807346616,0.644110044705839,1348
8224,1371.6061807346616,0.644110044705839,1348
8225,1371.6061807346616,0.644110044705839,1348
8226,1371.6061807346616,0.644110044705839,1348
8227,1371.6061807346616,0.644110044705839,1348
8228,1371.6061807346616,0.644110044705839,1348
8229,1371.6061807346616,0.644110044705839,1348
8230,1371.6061807346616,0.644110044705839,1348
8231,1371.6061807346616,0.644110044705839,1348
8232,1371.6061807346616,0.644110044705839,1348
8233,1371.6061807346616,0.644110044705839,1348
8234,1371.6061807346616,0.644110044705839,1348
8235,1371.6061807346616,0.644110044705839,1348
8236,1371.6061807346616,0.644110044705839,1348
8237,1371.6061807346616,0.644110044705839,1348
8238,1371.6061807346616,0.644110044705839,1348
8239,1371.6061807346616,0.644110044705839,1348
8240,1371.6061807346616,0.644110044705839,1348
8241,1371.6061807346616,0.644110044705839,1348
8242,1371.6061807346616,0.644110044705839,1348
8243,1371.6061807346616,0.644110044705839,1348
8244,1371.6061807346616,0.644110044705839,1348
8245,1371.6061807346616,0.644110044705839,1348
8246,1371.6061807346616,0.644110044705839,1348
8247,1371.6061807346616,0.644110044705839,1348
8248,1371.6061807346616,0.644110044705839,1348
8249,1371.6061807346616,0.644110044705839,1348
8250,1371.6061807346616,0.644110044705839,1348
8251,1371.6061807346616,0.644110044705839,1348
8252,1371.6061807346616,0.644110044705839,1348
8253,1371.6061807346616,0.644110044705839,1348
8254,1371.6061807346616,0.644110044705839,1348
8255,1371.6061807346616,0.644110044705839,1348
8256,1371.6061807346616,0.644110044705839,1348
8257,1371.6061807346616,0.644110044705839,1348
8258,1371.6061807346616,0.644110044705839,1348
8259,1371.6061807346616,0.644110044705839,1348
8260,1371.6061807346616,0.644110044705839,1348
8261,1371.6061807346616,0.644110044705839,1348
8262,1371.6061807346616,0.644110044705839,1348
