Iteration,Objective,Fairness,Duration
0,1527.2458805206363,0.8971520747580376,1524
1,1531.1857889937648,0.8990561155334302,1528
2,1531.1857889937648,0.8990561155334302,1528
3,1520.3526933709488,0.8937676371689184,1517
4,1528.2307933689715,0.8976301213887334,1525
5,1530.2457031232566,0.8971576957143044,1527
6,1530.2457031232566,0.8971576957143044,1527
7,1530.2457031232566,0.8971576957143044,1527
8,1527.0669647854913,0.9028211411441295,1524
9,1527.0669647854913,0.9028211411441295,1524
10,1503.8948713541058,0.9082740382095762,1501
11,1477.6983040790642,0.914502405606328,1475
12,1477.6983040790642,0.914502405606328,1475
13,1477.6983040790642,0.914502405606328,1475
14,1468.629829491751,0.9166720693361541,1466
15,1456.5382354885742,0.9195742874342763,1454
16,1456.5382354885742,0.9195742874342763,1454
17,1456.5382354885742,0.9195742874342763,1454
18,1456.5382354885742,0.9195742874342763,1454
19,1467.622209008735,0.916913529507764,1465
20,1467.622209008735,0.916913529507764,1465
21,1467.622209008735,0.916913529507764,1465
22,1467.622209008735,0.916913529507764,1465
23,1467.622209008735,0.916913529507764,1465
24,1467.622209008735,0.916913529507764,1465
25,1467.622209008735,0.916913529507764,1465
26,1467.622209008735,0.916913529507764,1465
27,1467.622209008735,0.916913529507764,1465
28,1467.622209008735,0.916913529507764,1465
29,1467.622209008735,0.916913529507764,1465
30,1452.5076369278836,0.9205438235778309,1450
31,1452.5076369278836,0.9205438235778309,1450
32,1452.5076369278836,0.9205438235778309,1450
33,1446.4616826793824,0.9219999151019485,1444
34,1446.4616826793824,0.9219999151019485,1444
35,1446.4616826793824,0.9219999151019485,1444
36,1446.4616826793824,0.9219999151019485,1444
37,1446.4616826793824,0.9219999151019485,1444
38,1440.4156668155267,0.9234579589503582,1438
39,1440.4156668155267,0.9234579589503582,1438
40,1424.6440807907986,0.9162205072623997,1422
41,1424.6440807907986,0.9162205072623997,1422
42,1424.6440807907986,0.9162205072623997,1422
43,1424.6440807907986,0.9162205072623997,1422
44,1424.6440807907986,0.9162205072623997,1422
45,1424.6440807907986,0.9162205072623997,1422
46,1424.6440807907986,0.9162205072623997,1422
47,1401.9949898677864,0.9051017152158933,1399
48,1401.9949898677864,0.9051017152158933,1399
49,1401.9949898677864,0.9051017152158933,1399
50,1401.9949898677864,0.9051017152158933,1399
51,1401.9949898677864,0.9051017152158933,1399
52,1401.9949898677864,0.9051017152158933,1399
53,1401.9949898677864,0.9051017152158933,1399
54,1429.5713321070261,0.918525598636688,1427
55,1429.5713321070261,0.918525598636688,1427
56,1429.5713321070261,0.918525598636688,1427
57,1429.5713321070261,0.918525598636688,1427
58,1432.5947347766062,0.9177840691823109,1430
59,1411.9094059761799,0.907813498853619,1409
60,1411.9094059761799,0.907813498853619,1409
61,1411.9094059761799,0.907813498853619,1409
62,1411.9094059761799,0.907813498853619,1409
63,1411.9094059761799,0.907813498853619,1409
64,1416.9494380261817,0.9065450562046364,1414
65,1417.95743306552,0.9062917279619781,1415
66,1417.95743306552,0.9062917279619781,1415
67,1417.95743306552,0.9062917279619781,1415
68,1417.95743306552,0.9062917279619781,1415
69,1417.95743306552,0.9062917279619781,1415
70,1417.95743306552,0.9062917279619781,1415
71,1417.95743306552,0.9062917279619781,1415
72,1417.95743306552,0.9062917279619781,1415
73,1417.95743306552,0.9062917279619781,1415
74,1417.95743306552,0.9062917279619781,1415
75,1417.95743306552,0.9062917279619781,1415
76,1417.95743306552,0.9062917279619781,1415
77,1424.005321696489,0.9047743442177077,1421
78,1424.005321696489,0.9047743442177077,1421
79,1424.005321696489,0.9047743442177077,1421
80,1424.005321696489,0.9047743442177077,1421
81,1424.005321696489,0.9047743442177077,1421
82,1424.005321696489,0.9047743442177077,1421
83,1424.005321696489,0.9047743442177077,1421
84,1424.005321696489,0.9047743442177077,1421
85,1424.005321696489,0.9047743442177077,1421
86,1424.005321696489,0.9047743442177077,1421
87,1424.005321696489,0.9047743442177077,1421
88,1424.005321696489,0.9047743442177077,1421
89,1424.005321696489,0.9047743442177077,1421
90,1424.005321696489,0.9047743442177077,1421
91,1424.005321696489,0.9047743442177077,1421
92,1424.005321696489,0.9047743442177077,1421
93,1424.005321696489,0.9047743442177077,1421
94,1424.005321696489,0.9047743442177077,1421
95,1424.005321696489,0.9047743442177077,1421
96,1424.005321696489,0.9047743442177077,1421
97,1424.005321696489,0.9047743442177077,1421
98,1424.005321696489,0.9047743442177077,1421
99,1424.005321696489,0.9047743442177077,1421
100,1424.005321696489,0.9047743442177077,1421
101,1424.005321696489,0.9047743442177077,1421
102,1424.005321696489,0.9047743442177077,1421
103,1424.005321696489,0.9047743442177077,1421
104,1424.005321696489,0.9047743442177077,1421
105,1425.0132893168861,0.9045218847627943,1422
106,1445.6958929517334,0.9145788038107285,1443
107,1445.6958929517334,0.9145788038107285,1443
108,1445.6958929517334,0.9145788038107285,1443
109,1445.6958929517334,0.9145788038107285,1443
110,1445.6958929517334,0.9145788038107285,1443
111,1445.6958929517334,0.9145788038107285,1443
112,1445.6958929517334,0.9145788038107285,1443
113,1445.6958929517334,0.9145788038107285,1443
114,1441.6648133210122,0.9155635829844054,1439
115,1441.6648133210122,0.9155635829844054,1439
116,1435.4204214278584,0.92330730583465,1433
117,1435.4204214278584,0.92330730583465,1433
118,1435.4204214278584,0.92330730583465,1433
119,1435.4204214278584,0.92330730583465,1433
120,1435.4204214278584,0.92330730583465,1433
121,1435.4204214278584,0.92330730583465,1433
122,1435.4204214278584,0.92330730583465,1433
123,1435.4204214278584,0.92330730583465,1433
124,1435.4204214278584,0.92330730583465,1433
125,1435.4204214278584,0.92330730583465,1433
126,1435.4204214278584,0.92330730583465,1433
127,1435.4204214278584,0.92330730583465,1433
128,1435.4204214278584,0.92330730583465,1433
129,1435.4204214278584,0.92330730583465,1433
130,1435.4204214278584,0.92330730583465,1433
131,1435.4204214278584,0.92330730583465,1433
132,1435.4204214278584,0.92330730583465,1433
133,1435.4204214278584,0.92330730583465,1433
134,1435.4204214278584,0.92330730583465,1433
135,1435.4204214278584,0.92330730583465,1433
136,1435.4204214278584,0.92330730583465,1433
137,1435.4204214278584,0.92330730583465,1433
138,1435.4204214278584,0.92330730583465,1433
139,1435.4204214278584,0.92330730583465,1433
140,1435.4204214278584,0.92330730583465,1433
141,1435.4204214278584,0.92330730583465,1433
142,1435.4204214278584,0.92330730583465,1433
143,1435.4204214278584,0.92330730583465,1433
144,1435.4204214278584,0.92330730583465,1433
145,1435.4204214278584,0.92330730583465,1433
146,1435.4204214278584,0.92330730583465,1433
147,1435.4204214278584,0.92330730583465,1433
148,1435.4204214278584,0.92330730583465,1433
149,1435.4204214278584,0.92330730583465,1433
150,1420.635154728457,0.9165033356002166,1418
151,1420.635154728457,0.9165033356002166,1418
152,1420.635154728457,0.9165033356002166,1418
153,1420.635154728457,0.9165033356002166,1418
154,1420.635154728457,0.9165033356002166,1418
155,1420.635154728457,0.9165033356002166,1418
156,1420.635154728457,0.9165033356002166,1418
157,1420.635154728457,0.9165033356002166,1418
158,1420.635154728457,0.9165033356002166,1418
159,1420.635154728457,0.9165033356002166,1418
160,1420.635154728457,0.9165033356002166,1418
161,1420.635154728457,0.9165033356002166,1418
162,1420.635154728457,0.9165033356002166,1418
163,1420.635154728457,0.9165033356002166,1418
164,1420.635154728457,0.9165033356002166,1418
165,1420.635154728457,0.9165033356002166,1418
166,1420.635154728457,0.9165033356002166,1418
167,1420.635154728457,0.9165033356002166,1418
168,1420.635154728457,0.9165033356002166,1418
169,1420.635154728457,0.9165033356002166,1418
170,1420.635154728457,0.9165033356002166,1418
171,1420.635154728457,0.9165033356002166,1418
172,1420.635154728457,0.9165033356002166,1418
173,1420.635154728457,0.9165033356002166,1418
174,1420.635154728457,0.9165033356002166,1418
175,1420.635154728457,0.9165033356002166,1418
176,1420.635154728457,0.9165033356002166,1418
177,1420.635154728457,0.9165033356002166,1418
178,1420.635154728457,0.9165033356002166,1418
179,1420.635154728457,0.9165033356002166,1418
180,1420.635154728457,0.9165033356002166,1418
181,1420.635154728457,0.9165033356002166,1418
182,1420.635154728457,0.9165033356002166,1418
183,1420.635154728457,0.9165033356002166,1418
184,1420.635154728457,0.9165033356002166,1418
185,1420.635154728457,0.9165033356002166,1418
186,1420.635154728457,0.9165033356002166,1418
187,1420.635154728457,0.9165033356002166,1418
188,1420.635154728457,0.9165033356002166,1418
189,1420.635154728457,0.9165033356002166,1418
190,1420.635154728457,0.9165033356002166,1418
191,1420.635154728457,0.9165033356002166,1418
192,1420.635154728457,0.9165033356002166,1418
193,1420.635154728457,0.9165033356002166,1418
194,1420.635154728457,0.9165033356002166,1418
195,1420.635154728457,0.9165033356002166,1418
196,1420.635154728457,0.9165033356002166,1418
197,1420.635154728457,0.9165033356002166,1418
198,1420.635154728457,0.9165033356002166,1418
199,1420.635154728457,0.9165033356002166,1418
200,1420.635154728457,0.9165033356002166,1418
201,1420.635154728457,0.9165033356002166,1418
202,1420.635154728457,0.9165033356002166,1418
203,1420.635154728457,0.9165033356002166,1418
204,1420.635154728457,0.9165033356002166,1418
205,1420.635154728457,0.9165033356002166,1418
206,1420.635154728457,0.9165033356002166,1418
207,1420.635154728457,0.9165033356002166,1418
208,1420.635154728457,0.9165033356002166,1418
209,1420.635154728457,0.9165033356002166,1418
210,1420.635154728457,0.9165033356002166,1418
211,1420.635154728457,0.9165033356002166,1418
212,1420.635154728457,0.9165033356002166,1418
213,1420.635154728457,0.9165033356002166,1418
214,1420.635154728457,0.9165033356002166,1418
215,1420.635154728457,0.9165033356002166,1418
216,1420.635154728457,0.9165033356002166,1418
217,1420.635154728457,0.9165033356002166,1418
218,1420.635154728457,0.9165033356002166,1418
219,1420.635154728457,0.9165033356002166,1418
220,1420.635154728457,0.9165033356002166,1418
221,1420.635154728457,0.9165033356002166,1418
222,1420.635154728457,0.9165033356002166,1418
223,1420.635154728457,0.9165033356002166,1418
224,1420.635154728457,0.9165033356002166,1418
225,1420.635154728457,0.9165033356002166,1418
226,1420.635154728457,0.9165033356002166,1418
227,1420.635154728457,0.9165033356002166,1418
228,1420.635154728457,0.9165033356002166,1418
229,1420.635154728457,0.9165033356002166,1418
230,1420.635154728457,0.9165033356002166,1418
231,1420.635154728457,0.9165033356002166,1418
232,1420.635154728457,0.9165033356002166,1418
233,1420.635154728457,0.9165033356002166,1418
234,1420.635154728457,0.9165033356002166,1418
235,1426.5479092236135,0.919267768580055,1424
236,1426.5479092236135,0.919267768580055,1424
237,1426.5479092236135,0.919267768580055,1424
238,1426.5479092236135,0.919267768580055,1424
239,1426.5479092236135,0.919267768580055,1424
240,1426.5479092236135,0.919267768580055,1424
241,1426.5479092236135,0.919267768580055,1424
242,1426.5479092236135,0.919267768580055,1424
243,1426.5479092236135,0.919267768580055,1424
244,1426.5479092236135,0.919267768580055,1424
245,1426.5479092236135,0.919267768580055,1424
246,1426.5479092236135,0.919267768580055,1424
247,1426.5479092236135,0.919267768580055,1424
248,1426.5479092236135,0.919267768580055,1424
249,1426.5479092236135,0.919267768580055,1424
250,1426.5479092236135,0.919267768580055,1424
251,1426.5479092236135,0.919267768580055,1424
252,1426.5479092236135,0.919267768580055,1424
253,1426.5479092236135,0.919267768580055,1424
254,1426.5479092236135,0.919267768580055,1424
255,1426.5479092236135,0.919267768580055,1424
256,1426.5479092236135,0.919267768580055,1424
257,1426.5479092236135,0.919267768580055,1424
258,1426.5479092236135,0.919267768580055,1424
259,1426.5479092236135,0.919267768580055,1424
260,1426.5479092236135,0.919267768580055,1424
261,1426.5479092236135,0.919267768580055,1424
262,1441.3164283547212,0.9266023968719488,1439
263,1441.3164283547212,0.9266023968719488,1439
264,1441.3164283547212,0.9266023968719488,1439
265,1441.3164283547212,0.9266023968719488,1439
266,1441.3164283547212,0.9266023968719488,1439
267,1441.3164283547212,0.9266023968719488,1439
268,1441.3164283547212,0.9266023968719488,1439
269,1441.3164283547212,0.9266023968719488,1439
270,1441.3164283547212,0.9266023968719488,1439
271,1441.3164283547212,0.9266023968719488,1439
272,1441.3164283547212,0.9266023968719488,1439
273,1441.3164283547212,0.9266023968719488,1439
274,1441.3164283547212,0.9266023968719488,1439
275,1441.3164283547212,0.9266023968719488,1439
276,1441.3164283547212,0.9266023968719488,1439
277,1441.3164283547212,0.9266023968719488,1439
278,1430.4907491368206,0.9210789246888308,1428
279,1430.4907491368206,0.9210789246888308,1428
280,1430.4907491368206,0.9210789246888308,1428
281,1430.4907491368206,0.9210789246888308,1428
282,1430.4907491368206,0.9210789246888308,1428
283,1430.4907491368206,0.9210789246888308,1428
284,1430.4907491368206,0.9210789246888308,1428
285,1430.4907491368206,0.9210789246888308,1428
286,1430.4907491368206,0.9210789246888308,1428
287,1430.4907491368206,0.9210789246888308,1428
288,1430.4907491368206,0.9210789246888308,1428
289,1430.4907491368206,0.9210789246888308,1428
290,1430.4907491368206,0.9210789246888308,1428
291,1430.4907491368206,0.9210789246888308,1428
292,1430.4907491368206,0.9210789246888308,1428
293,1430.4907491368206,0.9210789246888308,1428
294,1430.4907491368206,0.9210789246888308,1428
295,1430.4907491368206,0.9210789246888308,1428
296,1430.4907491368206,0.9210789246888308,1428
297,1430.4907491368206,0.9210789246888308,1428
298,1430.4907491368206,0.9210789246888308,1428
299,1430.4907491368206,0.9210789246888308,1428
300,1430.4907491368206,0.9210789246888308,1428
301,1430.4907491368206,0.9210789246888308,1428
302,1430.4907491368206,0.9210789246888308,1428
303,1430.4907491368206,0.9210789246888308,1428
304,1430.4907491368206,0.9210789246888308,1428
305,1430.4907491368206,0.9210789246888308,1428
306,1430.4907491368206,0.9210789246888308,1428
307,1430.4907491368206,0.9210789246888308,1428
308,1430.4907491368206,0.9210789246888308,1428
309,1430.4907491368206,0.9210789246888308,1428
310,1430.4907491368206,0.9210789246888308,1428
311,1430.4907491368206,0.9210789246888308,1428
312,1430.4907491368206,0.9210789246888308,1428
313,1434.4215437037012,0.8915860676900784,1431
314,1434.4215437037012,0.8915860676900784,1431
315,1434.4215437037012,0.8915860676900784,1431
316,1434.4215437037012,0.8915860676900784,1431
317,1434.4215437037012,0.8915860676900784,1431
318,1434.4215437037012,0.8915860676900784,1431
319,1434.4215437037012,0.8915860676900784,1431
320,1434.4215437037012,0.8915860676900784,1431
321,1434.4215437037012,0.8915860676900784,1431
322,1434.4215437037012,0.8915860676900784,1431
323,1434.4215437037012,0.8915860676900784,1431
324,1434.4215437037012,0.8915860676900784,1431
325,1434.4215437037012,0.8915860676900784,1431
326,1434.4215437037012,0.8915860676900784,1431
327,1434.4215437037012,0.8915860676900784,1431
328,1434.4215437037012,0.8915860676900784,1431
329,1434.4215437037012,0.8915860676900784,1431
330,1434.4215437037012,0.8915860676900784,1431
331,1434.4215437037012,0.8915860676900784,1431
332,1434.4215437037012,0.8915860676900784,1431
333,1434.4215437037012,0.8915860676900784,1431
334,1434.4215437037012,0.8915860676900784,1431
335,1434.4215437037012,0.8915860676900784,1431
336,1434.4215437037012,0.8915860676900784,1431
337,1434.4215437037012,0.8915860676900784,1431
338,1434.4215437037012,0.8915860676900784,1431
339,1422.5229284954798,0.8883736218162245,1419
340,1422.5229284954798,0.8883736218162245,1419
341,1422.5229284954798,0.8883736218162245,1419
342,1422.5229284954798,0.8883736218162245,1419
343,1422.5229284954798,0.8883736218162245,1419
344,1422.5229284954798,0.8883736218162245,1419
345,1422.5229284954798,0.8883736218162245,1419
346,1422.5229284954798,0.8883736218162245,1419
347,1422.5229284954798,0.8883736218162245,1419
348,1422.5229284954798,0.8883736218162245,1419
349,1422.5229284954798,0.8883736218162245,1419
350,1422.5229284954798,0.8883736218162245,1419
351,1422.5229284954798,0.8883736218162245,1419
352,1422.5229284954798,0.8883736218162245,1419
353,1422.5229284954798,0.8883736218162245,1419
354,1422.5229284954798,0.8883736218162245,1419
355,1422.5229284954798,0.8883736218162245,1419
356,1422.5229284954798,0.8883736218162245,1419
357,1422.5229284954798,0.8883736218162245,1419
358,1422.5229284954798,0.8883736218162245,1419
359,1422.5229284954798,0.8883736218162245,1419
360,1422.5229284954798,0.8883736218162245,1419
361,1422.5229284954798,0.8883736218162245,1419
362,1422.5229284954798,0.8883736218162245,1419
363,1422.5229284954798,0.8883736218162245,1419
364,1422.5229284954798,0.8883736218162245,1419
365,1422.5229284954798,0.8883736218162245,1419
366,1422.5229284954798,0.8883736218162245,1419
367,1422.5229284954798,0.8883736218162245,1419
368,1422.5229284954798,0.8883736218162245,1419
369,1422.5229284954798,0.8883736218162245,1419
370,1422.5229284954798,0.8883736218162245,1419
371,1422.5229284954798,0.8883736218162245,1419
372,1422.5229284954798,0.8883736218162245,1419
373,1402.3611661500395,0.8934991714182672,1399
374,1402.3611661500395,0.8934991714182672,1399
375,1402.3611661500395,0.8934991714182672,1399
376,1402.3611661500395,0.8934991714182672,1399
377,1402.3611661500395,0.8934991714182672,1399
378,1402.3611661500395,0.8934991714182672,1399
379,1402.3611661500395,0.8934991714182672,1399
380,1402.3611661500395,0.8934991714182672,1399
381,1402.3611661500395,0.8934991714182672,1399
382,1402.3611661500395,0.8934991714182672,1399
383,1402.3611661500395,0.8934991714182672,1399
384,1402.3611661500395,0.8934991714182672,1399
385,1402.3611661500395,0.8934991714182672,1399
386,1402.3611661500395,0.8934991714182672,1399
387,1402.3611661500395,0.8934991714182672,1399
388,1402.3611661500395,0.8934991714182672,1399
389,1402.3611661500395,0.8934991714182672,1399
390,1402.3611661500395,0.8934991714182672,1399
391,1402.3611661500395,0.8934991714182672,1399
392,1402.3611661500395,0.8934991714182672,1399
393,1402.3611661500395,0.8934991714182672,1399
394,1402.3611661500395,0.8934991714182672,1399
395,1402.3611661500395,0.8934991714182672,1399
396,1402.3611661500395,0.8934991714182672,1399
397,1402.3611661500395,0.8934991714182672,1399
398,1402.3611661500395,0.8934991714182672,1399
399,1402.3611661500395,0.8934991714182672,1399
400,1402.3611661500395,0.8934991714182672,1399
401,1402.3611661500395,0.8934991714182672,1399
402,1402.3611661500395,0.8934991714182672,1399
403,1402.3611661500395,0.8934991714182672,1399
404,1402.3611661500395,0.8934991714182672,1399
405,1402.3611661500395,0.8934991714182672,1399
406,1402.3611661500395,0.8934991714182672,1399
407,1402.3611661500395,0.8934991714182672,1399
408,1402.3611661500395,0.8934991714182672,1399
409,1402.3611661500395,0.8934991714182672,1399
410,1402.3611661500395,0.8934991714182672,1399
411,1402.3611661500395,0.8934991714182672,1399
412,1402.3611661500395,0.8934991714182672,1399
413,1402.3611661500395,0.8934991714182672,1399
414,1402.3611661500395,0.8934991714182672,1399
415,1402.3611661500395,0.8934991714182672,1399
416,1402.3611661500395,0.8934991714182672,1399
417,1402.3611661500395,0.8934991714182672,1399
418,1402.3611661500395,0.8934991714182672,1399
419,1402.3611661500395,0.8934991714182672,1399
420,1402.3611661500395,0.8934991714182672,1399
421,1402.3611661500395,0.8934991714182672,1399
422,1402.3611661500395,0.8934991714182672,1399
423,1402.3611661500395,0.8934991714182672,1399
424,1402.3611661500395,0.8934991714182672,1399
425,1402.3611661500395,0.8934991714182672,1399
426,1399.3367155894598,0.8942739040095153,1396
427,1399.3367155894598,0.8942739040095153,1396
428,1399.3367155894598,0.8942739040095153,1396
429,1399.3367155894598,0.8942739040095153,1396
430,1399.3367155894598,0.8942739040095153,1396
431,1399.3367155894598,0.8942739040095153,1396
432,1399.3367155894598,0.8942739040095153,1396
433,1399.3367155894598,0.8942739040095153,1396
434,1399.3367155894598,0.8942739040095153,1396
435,1399.3367155894598,0.8942739040095153,1396
436,1399.3367155894598,0.8942739040095153,1396
437,1399.3367155894598,0.8942739040095153,1396
438,1399.3367155894598,0.8942739040095153,1396
439,1399.3367155894598,0.8942739040095153,1396
440,1399.3367155894598,0.8942739040095153,1396
441,1399.3367155894598,0.8942739040095153,1396
442,1399.3367155894598,0.8942739040095153,1396
443,1399.3367155894598,0.8942739040095153,1396
444,1399.3367155894598,0.8942739040095153,1396
445,1399.3367155894598,0.8942739040095153,1396
446,1399.3367155894598,0.8942739040095153,1396
447,1399.3367155894598,0.8942739040095153,1396
448,1399.3367155894598,0.8942739040095153,1396
449,1399.3367155894598,0.8942739040095153,1396
450,1399.3367155894598,0.8942739040095153,1396
451,1399.3367155894598,0.8942739040095153,1396
452,1399.3367155894598,0.8942739040095153,1396
453,1399.3367155894598,0.8942739040095153,1396
454,1399.3367155894598,0.8942739040095153,1396
455,1399.3367155894598,0.8942739040095153,1396
456,1399.3367155894598,0.8942739040095153,1396
457,1399.3367155894598,0.8942739040095153,1396
458,1399.3367155894598,0.8942739040095153,1396
459,1399.3367155894598,0.8942739040095153,1396
460,1399.3367155894598,0.8942739040095153,1396
461,1399.3367155894598,0.8942739040095153,1396
462,1399.3367155894598,0.8942739040095153,1396
463,1399.3367155894598,0.8942739040095153,1396
464,1399.3367155894598,0.8942739040095153,1396
465,1399.3367155894598,0.8942739040095153,1396
466,1399.3367155894598,0.8942739040095153,1396
467,1399.3367155894598,0.8942739040095153,1396
468,1399.3367155894598,0.8942739040095153,1396
469,1399.3367155894598,0.8942739040095153,1396
470,1399.3367155894598,0.8942739040095153,1396
471,1399.3367155894598,0.8942739040095153,1396
472,1399.3367155894598,0.8942739040095153,1396
473,1399.3367155894598,0.8942739040095153,1396
474,1399.3367155894598,0.8942739040095153,1396
475,1399.3367155894598,0.8942739040095153,1396
476,1399.3367155894598,0.8942739040095153,1396
477,1399.3367155894598,0.8942739040095153,1396
478,1399.3367155894598,0.8942739040095153,1396
479,1399.3367155894598,0.8942739040095153,1396
480,1399.3367155894598,0.8942739040095153,1396
481,1399.3367155894598,0.8942739040095153,1396
482,1399.3367155894598,0.8942739040095153,1396
483,1399.3367155894598,0.8942739040095153,1396
484,1399.3367155894598,0.8942739040095153,1396
485,1399.3367155894598,0.8942739040095153,1396
486,1399.3367155894598,0.8942739040095153,1396
487,1399.3367155894598,0.8942739040095153,1396
488,1399.3367155894598,0.8942739040095153,1396
489,1399.3367155894598,0.8942739040095153,1396
490,1399.3367155894598,0.8942739040095153,1396
491,1399.3367155894598,0.8942739040095153,1396
492,1399.3367155894598,0.8942739040095153,1396
493,1399.3367155894598,0.8942739040095153,1396
494,1399.3367155894598,0.8942739040095153,1396
495,1399.3367155894598,0.8942739040095153,1396
496,1399.3367155894598,0.8942739040095153,1396
497,1399.3367155894598,0.8942739040095153,1396
498,1426.1400449690439,0.9005055459745324,1423
499,1426.1400449690439,0.9005055459745324,1423
500,1426.1400449690439,0.9005055459745324,1423
501,1426.1400449690439,0.9005055459745324,1423
502,1423.7955975608104,0.9114195956650674,1421
503,1423.7955975608104,0.9114195956650674,1421
504,1423.7955975608104,0.9114195956650674,1421
505,1423.7955975608104,0.9114195956650674,1421
506,1423.7955975608104,0.9114195956650674,1421
507,1423.7955975608104,0.9114195956650674,1421
508,1423.7955975608104,0.9114195956650674,1421
509,1423.7955975608104,0.9114195956650674,1421
510,1423.7955975608104,0.9114195956650674,1421
511,1423.7955975608104,0.9114195956650674,1421
512,1417.887037161736,0.9085222699069708,1415
513,1417.887037161736,0.9085222699069708,1415
514,1417.887037161736,0.9085222699069708,1415
515,1417.887037161736,0.9085222699069708,1415
516,1417.887037161736,0.9085222699069708,1415
517,1417.887037161736,0.9085222699069708,1415
518,1414.8630927549186,0.9092809646730455,1412
519,1423.7268818981001,0.9135968980323137,1421
520,1423.7268818981001,0.9135968980323137,1421
521,1423.7268818981001,0.9135968980323137,1421
522,1423.7268818981001,0.9135968980323137,1421
523,1423.7268818981001,0.9135968980323137,1421
524,1423.7268818981001,0.9135968980323137,1421
525,1423.7268818981001,0.9135968980323137,1421
526,1423.7268818981001,0.9135968980323137,1421
527,1423.7268818981001,0.9135968980323137,1421
528,1423.7268818981001,0.9135968980323137,1421
529,1423.7268818981001,0.9135968980323137,1421
530,1423.7268818981001,0.9135968980323137,1421
531,1423.7268818981001,0.9135968980323137,1421
532,1423.7268818981001,0.9135968980323137,1421
533,1417.771036171277,0.9121978399468598,1415
534,1417.771036171277,0.9121978399468598,1415
535,1417.771036171277,0.9121978399468598,1415
536,1417.771036171277,0.9121978399468598,1415
537,1417.771036171277,0.9121978399468598,1415
538,1417.771036171277,0.9121978399468598,1415
539,1417.771036171277,0.9121978399468598,1415
540,1417.771036171277,0.9121978399468598,1415
541,1417.771036171277,0.9121978399468598,1415
542,1417.771036171277,0.9121978399468598,1415
543,1419.7409599164657,0.9131508264744699,1417
544,1419.7409599164657,0.9131508264744699,1417
545,1419.7409599164657,0.9131508264744699,1417
546,1419.7409599164657,0.9131508264744699,1417
547,1419.7409599164657,0.9131508264744699,1417
548,1419.7409599164657,0.9131508264744699,1417
549,1419.7409599164657,0.9131508264744699,1417
550,1419.7409599164657,0.9131508264744699,1417
551,1419.7409599164657,0.9131508264744699,1417
552,1419.7409599164657,0.9131508264744699,1417
553,1419.7409599164657,0.9131508264744699,1417
554,1419.7409599164657,0.9131508264744699,1417
555,1424.66665101951,0.9155053542614053,1422
556,1424.66665101951,0.9155053542614053,1422
557,1424.66665101951,0.9155053542614053,1422
558,1424.66665101951,0.9155053542614053,1422
559,1424.66665101951,0.9155053542614053,1422
560,1424.66665101951,0.9155053542614053,1422
561,1424.66665101951,0.9155053542614053,1422
562,1424.66665101951,0.9155053542614053,1422
563,1424.66665101951,0.9155053542614053,1422
564,1424.66665101951,0.9155053542614053,1422
565,1424.66665101951,0.9155053542614053,1422
566,1424.66665101951,0.9155053542614053,1422
567,1424.66665101951,0.9155053542614053,1422
568,1424.66665101951,0.9155053542614053,1422
569,1424.66665101951,0.9155053542614053,1422
570,1424.66665101951,0.9155053542614053,1422
571,1424.66665101951,0.9155053542614053,1422
572,1424.66665101951,0.9155053542614053,1422
573,1424.66665101951,0.9155053542614053,1422
574,1424.66665101951,0.9155053542614053,1422
575,1424.66665101951,0.9155053542614053,1422
576,1424.66665101951,0.9155053542614053,1422
577,1424.66665101951,0.9155053542614053,1422
578,1424.66665101951,0.9155053542614053,1422
579,1424.66665101951,0.9155053542614053,1422
580,1424.66665101951,0.9155053542614053,1422
581,1424.66665101951,0.9155053542614053,1422
582,1424.66665101951,0.9155053542614053,1422
583,1424.66665101951,0.9155053542614053,1422
584,1424.66665101951,0.9155053542614053,1422
585,1424.66665101951,0.9155053542614053,1422
586,1424.66665101951,0.9155053542614053,1422
587,1424.66665101951,0.9155053542614053,1422
588,1424.66665101951,0.9155053542614053,1422
589,1424.66665101951,0.9155053542614053,1422
590,1424.66665101951,0.9155053542614053,1422
591,1424.66665101951,0.9155053542614053,1422
592,1424.66665101951,0.9155053542614053,1422
593,1424.66665101951,0.9155053542614053,1422
594,1424.66665101951,0.9155053542614053,1422
595,1424.66665101951,0.9155053542614053,1422
596,1447.340874524344,0.9258278034111558,1445
597,1447.340874524344,0.9258278034111558,1445
598,1447.340874524344,0.9258278034111558,1445
599,1447.340874524344,0.9258278034111558,1445
600,1447.340874524344,0.9258278034111558,1445
601,1447.340874524344,0.9258278034111558,1445
602,1447.340874524344,0.9258278034111558,1445
603,1447.340874524344,0.9258278034111558,1445
604,1447.340874524344,0.9258278034111558,1445
605,1447.340874524344,0.9258278034111558,1445
606,1447.340874524344,0.9258278034111558,1445
607,1447.340874524344,0.9258278034111558,1445
608,1447.340874524344,0.9258278034111558,1445
609,1447.340874524344,0.9258278034111558,1445
610,1447.340874524344,0.9258278034111558,1445
611,1447.340874524344,0.9258278034111558,1445
612,1447.340874524344,0.9258278034111558,1445
613,1447.340874524344,0.9258278034111558,1445
614,1447.340874524344,0.9258278034111558,1445
615,1447.340874524344,0.9258278034111558,1445
616,1447.340874524344,0.9258278034111558,1445
617,1448.3273014911092,0.9262578741727135,1446
618,1438.4652361119804,0.9218873221805957,1436
619,1430.5791352841047,0.9182783496798249,1428
620,1430.5791352841047,0.9182783496798249,1428
621,1430.5791352841047,0.9182783496798249,1428
622,1430.5791352841047,0.9182783496798249,1428
623,1430.5791352841047,0.9182783496798249,1428
624,1430.5791352841047,0.9182783496798249,1428
625,1430.5791352841047,0.9182783496798249,1428
626,1430.5791352841047,0.9182783496798249,1428
627,1430.5791352841047,0.9182783496798249,1428
628,1424.66665101951,0.9155053542614053,1422
629,1424.66665101951,0.9155053542614053,1422
630,1424.66665101951,0.9155053542614053,1422
631,1424.66665101951,0.9155053542614053,1422
632,1424.66665101951,0.9155053542614053,1422
633,1424.66665101951,0.9155053542614053,1422
634,1424.66665101951,0.9155053542614053,1422
635,1424.66665101951,0.9155053542614053,1422
636,1424.66665101951,0.9155053542614053,1422
637,1424.66665101951,0.9155053542614053,1422
638,1424.66665101951,0.9155053542614053,1422
639,1424.66665101951,0.9155053542614053,1422
640,1424.66665101951,0.9155053542614053,1422
641,1424.66665101951,0.9155053542614053,1422
642,1424.66665101951,0.9155053542614053,1422
643,1424.66665101951,0.9155053542614053,1422
644,1424.66665101951,0.9155053542614053,1422
645,1424.66665101951,0.9155053542614053,1422
646,1424.66665101951,0.9155053542614053,1422
647,1424.66665101951,0.9155053542614053,1422
648,1424.66665101951,0.9155053542614053,1422
649,1424.66665101951,0.9155053542614053,1422
650,1432.5503626415712,0.9191900303684671,1430
651,1432.5503626415712,0.9191900303684671,1430
652,1432.5503626415712,0.9191900303684671,1430
653,1432.5503626415712,0.9191900303684671,1430
654,1432.5503626415712,0.9191900303684671,1430
655,1432.5503626415712,0.9191900303684671,1430
656,1432.5503626415712,0.9191900303684671,1430
657,1432.5503626415712,0.9191900303684671,1430
658,1432.5503626415712,0.9191900303684671,1430
659,1432.5503626415712,0.9191900303684671,1430
660,1432.5503626415712,0.9191900303684671,1430
661,1432.5503626415712,0.9191900303684671,1430
662,1432.5503626415712,0.9191900303684671,1430
663,1432.5503626415712,0.9191900303684671,1430
664,1432.5503626415712,0.9191900303684671,1430
665,1432.5503626415712,0.9191900303684671,1430
666,1432.5503626415712,0.9191900303684671,1430
667,1432.5503626415712,0.9191900303684671,1430
668,1432.5503626415712,0.9191900303684671,1430
669,1432.5503626415712,0.9191900303684671,1430
670,1422.6962236909662,0.9145683241138702,1420
671,1422.6962236909662,0.9145683241138702,1420
672,1422.6962236909662,0.9145683241138702,1420
673,1422.6962236909662,0.9145683241138702,1420
674,1422.6962236909662,0.9145683241138702,1420
675,1422.6962236909662,0.9145683241138702,1420
676,1422.6962236909662,0.9145683241138702,1420
677,1422.6962236909662,0.9145683241138702,1420
678,1422.6962236909662,0.9145683241138702,1420
679,1422.6962236909662,0.9145683241138702,1420
680,1422.6962236909662,0.9145683241138702,1420
681,1422.6962236909662,0.9145683241138702,1420
682,1422.6962236909662,0.9145683241138702,1420
683,1422.6962236909662,0.9145683241138702,1420
684,1422.6962236909662,0.9145683241138702,1420
685,1422.6962236909662,0.9145683241138702,1420
686,1422.6962236909662,0.9145683241138702,1420
687,1422.6962236909662,0.9145683241138702,1420
688,1422.6962236909662,0.9145683241138702,1420
689,1422.6962236909662,0.9145683241138702,1420
690,1422.6962236909662,0.9145683241138702,1420
691,1425.7198822508979,0.9138186866001955,1423
692,1425.7198822508979,0.9138186866001955,1423
693,1420.7948512661326,0.9114432425179775,1418
694,1420.7948512661326,0.9114432425179775,1418
695,1420.7948512661326,0.9114432425179775,1418
696,1420.7948512661326,0.9114432425179775,1418
697,1407.7144435420917,0.913991015776563,1405
698,1407.7144435420917,0.913991015776563,1405
699,1407.7144435420917,0.913991015776563,1405
700,1407.7144435420917,0.913991015776563,1405
701,1407.7144435420917,0.913991015776563,1405
702,1407.7144435420917,0.913991015776563,1405
703,1407.7144435420917,0.913991015776563,1405
704,1407.7144435420917,0.913991015776563,1405
705,1407.7144435420917,0.913991015776563,1405
706,1407.7144435420917,0.913991015776563,1405
707,1407.7144435420917,0.913991015776563,1405
708,1407.7144435420917,0.913991015776563,1405
709,1407.7144435420917,0.913991015776563,1405
710,1407.7144435420917,0.913991015776563,1405
711,1407.7144435420917,0.913991015776563,1405
712,1407.7144435420917,0.913991015776563,1405
713,1407.7144435420917,0.913991015776563,1405
714,1407.7144435420917,0.913991015776563,1405
715,1407.7144435420917,0.913991015776563,1405
716,1407.7144435420917,0.913991015776563,1405
717,1407.7144435420917,0.913991015776563,1405
718,1407.7144435420917,0.913991015776563,1405
719,1407.7144435420917,0.913991015776563,1405
720,1407.7144435420917,0.913991015776563,1405
721,1407.7144435420917,0.913991015776563,1405
722,1407.7144435420917,0.913991015776563,1405
723,1407.7144435420917,0.913991015776563,1405
724,1407.7144435420917,0.913991015776563,1405
725,1407.7144435420917,0.913991015776563,1405
726,1407.7144435420917,0.913991015776563,1405
727,1407.7144435420917,0.913991015776563,1405
728,1407.7144435420917,0.913991015776563,1405
729,1407.7144435420917,0.913991015776563,1405
730,1407.7144435420917,0.913991015776563,1405
731,1407.7144435420917,0.913991015776563,1405
732,1407.7144435420917,0.913991015776563,1405
733,1407.7144435420917,0.913991015776563,1405
734,1407.7144435420917,0.913991015776563,1405
735,1407.7144435420917,0.913991015776563,1405
736,1407.7144435420917,0.913991015776563,1405
737,1407.7144435420917,0.913991015776563,1405
738,1407.7144435420917,0.913991015776563,1405
739,1407.7144435420917,0.913991015776563,1405
740,1407.7144435420917,0.913991015776563,1405
741,1407.7144435420917,0.913991015776563,1405
742,1407.7144435420917,0.913991015776563,1405
743,1407.7144435420917,0.913991015776563,1405
744,1407.7144435420917,0.913991015776563,1405
745,1407.7144435420917,0.913991015776563,1405
746,1407.7144435420917,0.913991015776563,1405
747,1407.7144435420917,0.913991015776563,1405
748,1407.7144435420917,0.913991015776563,1405
749,1407.7144435420917,0.913991015776563,1405
750,1407.7144435420917,0.913991015776563,1405
751,1407.7144435420917,0.913991015776563,1405
752,1407.7144435420917,0.913991015776563,1405
753,1407.7144435420917,0.913991015776563,1405
754,1407.7144435420917,0.913991015776563,1405
755,1407.7144435420917,0.913991015776563,1405
756,1407.7144435420917,0.913991015776563,1405
757,1407.7144435420917,0.913991015776563,1405
758,1407.7144435420917,0.913991015776563,1405
759,1407.7144435420917,0.913991015776563,1405
760,1407.7144435420917,0.913991015776563,1405
761,1407.7144435420917,0.913991015776563,1405
762,1407.7144435420917,0.913991015776563,1405
763,1407.7144435420917,0.913991015776563,1405
764,1407.7144435420917,0.913991015776563,1405
765,1407.7144435420917,0.913991015776563,1405
766,1407.7144435420917,0.913991015776563,1405
767,1407.7144435420917,0.913991015776563,1405
768,1407.7144435420917,0.913991015776563,1405
769,1407.7144435420917,0.913991015776563,1405
770,1407.7144435420917,0.913991015776563,1405
771,1407.7144435420917,0.913991015776563,1405
772,1407.7144435420917,0.913991015776563,1405
773,1407.7144435420917,0.913991015776563,1405
774,1407.7144435420917,0.913991015776563,1405
775,1407.7144435420917,0.913991015776563,1405
776,1407.7144435420917,0.913991015776563,1405
777,1407.7144435420917,0.913991015776563,1405
778,1407.7144435420917,0.913991015776563,1405
779,1407.7144435420917,0.913991015776563,1405
780,1407.7144435420917,0.913991015776563,1405
781,1407.7144435420917,0.913991015776563,1405
782,1407.7144435420917,0.913991015776563,1405
783,1407.7144435420917,0.913991015776563,1405
784,1407.7144435420917,0.913991015776563,1405
785,1407.7144435420917,0.913991015776563,1405
786,1407.7144435420917,0.913991015776563,1405
787,1407.7144435420917,0.913991015776563,1405
788,1407.7144435420917,0.913991015776563,1405
789,1407.7144435420917,0.913991015776563,1405
790,1407.7144435420917,0.913991015776563,1405
791,1407.7144435420917,0.913991015776563,1405
792,1407.7144435420917,0.913991015776563,1405
793,1407.7144435420917,0.913991015776563,1405
794,1407.7144435420917,0.913991015776563,1405
795,1407.7144435420917,0.913991015776563,1405
796,1407.7144435420917,0.913991015776563,1405
797,1407.7144435420917,0.913991015776563,1405
798,1407.7144435420917,0.913991015776563,1405
799,1407.7144435420917,0.913991015776563,1405
800,1407.7144435420917,0.913991015776563,1405
801,1407.7144435420917,0.913991015776563,1405
802,1407.7144435420917,0.913991015776563,1405
803,1407.7144435420917,0.913991015776563,1405
804,1407.7144435420917,0.913991015776563,1405
805,1407.7144435420917,0.913991015776563,1405
806,1407.7144435420917,0.913991015776563,1405
807,1407.7144435420917,0.913991015776563,1405
808,1407.7144435420917,0.913991015776563,1405
809,1407.7144435420917,0.913991015776563,1405
810,1407.7144435420917,0.913991015776563,1405
811,1407.7144435420917,0.913991015776563,1405
812,1407.7144435420917,0.913991015776563,1405
813,1407.7144435420917,0.913991015776563,1405
814,1407.7144435420917,0.913991015776563,1405
815,1407.7144435420917,0.913991015776563,1405
816,1407.7144435420917,0.913991015776563,1405
817,1407.7144435420917,0.913991015776563,1405
818,1407.7144435420917,0.913991015776563,1405
819,1407.7144435420917,0.913991015776563,1405
820,1407.7144435420917,0.913991015776563,1405
821,1407.7144435420917,0.913991015776563,1405
822,1407.7144435420917,0.913991015776563,1405
823,1407.7144435420917,0.913991015776563,1405
824,1407.7144435420917,0.913991015776563,1405
825,1407.7144435420917,0.913991015776563,1405
826,1407.7144435420917,0.913991015776563,1405
827,1407.7144435420917,0.913991015776563,1405
828,1407.7144435420917,0.913991015776563,1405
829,1407.7144435420917,0.913991015776563,1405
830,1407.7144435420917,0.913991015776563,1405
831,1407.7144435420917,0.913991015776563,1405
832,1407.7144435420917,0.913991015776563,1405
833,1407.7144435420917,0.913991015776563,1405
834,1407.7144435420917,0.913991015776563,1405
835,1407.7144435420917,0.913991015776563,1405
836,1407.7144435420917,0.913991015776563,1405
837,1407.7144435420917,0.913991015776563,1405
838,1407.7144435420917,0.913991015776563,1405
839,1407.7144435420917,0.913991015776563,1405
840,1407.7144435420917,0.913991015776563,1405
841,1407.7144435420917,0.913991015776563,1405
842,1407.7144435420917,0.913991015776563,1405
843,1407.7144435420917,0.913991015776563,1405
844,1407.7144435420917,0.913991015776563,1405
845,1407.7144435420917,0.913991015776563,1405
846,1407.7144435420917,0.913991015776563,1405
847,1407.7144435420917,0.913991015776563,1405
848,1407.7144435420917,0.913991015776563,1405
849,1407.7144435420917,0.913991015776563,1405
850,1407.7144435420917,0.913991015776563,1405
851,1407.7144435420917,0.913991015776563,1405
852,1407.7144435420917,0.913991015776563,1405
853,1407.7144435420917,0.913991015776563,1405
854,1407.7144435420917,0.913991015776563,1405
855,1407.7144435420917,0.913991015776563,1405
856,1407.7144435420917,0.913991015776563,1405
857,1407.7144435420917,0.913991015776563,1405
858,1407.7144435420917,0.913991015776563,1405
859,1407.7144435420917,0.913991015776563,1405
860,1407.7144435420917,0.913991015776563,1405
861,1407.7144435420917,0.913991015776563,1405
862,1407.7144435420917,0.913991015776563,1405
863,1407.7144435420917,0.913991015776563,1405
864,1407.7144435420917,0.913991015776563,1405
865,1407.7144435420917,0.913991015776563,1405
866,1407.7144435420917,0.913991015776563,1405
867,1407.7144435420917,0.913991015776563,1405
868,1407.7144435420917,0.913991015776563,1405
869,1407.7144435420917,0.913991015776563,1405
870,1407.7144435420917,0.913991015776563,1405
871,1407.7144435420917,0.913991015776563,1405
872,1407.7144435420917,0.913991015776563,1405
873,1407.7144435420917,0.913991015776563,1405
874,1407.7144435420917,0.913991015776563,1405
875,1407.7144435420917,0.913991015776563,1405
876,1407.7144435420917,0.913991015776563,1405
877,1407.7144435420917,0.913991015776563,1405
878,1407.7144435420917,0.913991015776563,1405
879,1407.7144435420917,0.913991015776563,1405
880,1407.7144435420917,0.913991015776563,1405
881,1407.7144435420917,0.913991015776563,1405
882,1407.7144435420917,0.913991015776563,1405
883,1407.7144435420917,0.913991015776563,1405
884,1407.7144435420917,0.913991015776563,1405
885,1407.7144435420917,0.913991015776563,1405
886,1407.7144435420917,0.913991015776563,1405
887,1407.7144435420917,0.913991015776563,1405
888,1407.7144435420917,0.913991015776563,1405
889,1407.7144435420917,0.913991015776563,1405
890,1407.7144435420917,0.913991015776563,1405
891,1407.7144435420917,0.913991015776563,1405
892,1407.7144435420917,0.913991015776563,1405
893,1407.7144435420917,0.913991015776563,1405
894,1407.7144435420917,0.913991015776563,1405
895,1407.7144435420917,0.913991015776563,1405
896,1407.7144435420917,0.913991015776563,1405
897,1407.7144435420917,0.913991015776563,1405
898,1407.7144435420917,0.913991015776563,1405
899,1407.7144435420917,0.913991015776563,1405
900,1407.7144435420917,0.913991015776563,1405
901,1407.7144435420917,0.913991015776563,1405
902,1407.7144435420917,0.913991015776563,1405
903,1407.7144435420917,0.913991015776563,1405
904,1407.7144435420917,0.913991015776563,1405
905,1407.7144435420917,0.913991015776563,1405
906,1407.7144435420917,0.913991015776563,1405
907,1407.7144435420917,0.913991015776563,1405
908,1407.7144435420917,0.913991015776563,1405
909,1407.7144435420917,0.913991015776563,1405
910,1407.7144435420917,0.913991015776563,1405
911,1407.7144435420917,0.913991015776563,1405
912,1407.7144435420917,0.913991015776563,1405
913,1407.7144435420917,0.913991015776563,1405
914,1407.7144435420917,0.913991015776563,1405
915,1407.7144435420917,0.913991015776563,1405
916,1407.7144435420917,0.913991015776563,1405
917,1407.7144435420917,0.913991015776563,1405
918,1407.7144435420917,0.913991015776563,1405
919,1407.7144435420917,0.913991015776563,1405
920,1407.7144435420917,0.913991015776563,1405
921,1407.7144435420917,0.913991015776563,1405
922,1407.7144435420917,0.913991015776563,1405
923,1407.7144435420917,0.913991015776563,1405
924,1407.7144435420917,0.913991015776563,1405
925,1407.7144435420917,0.913991015776563,1405
926,1407.7144435420917,0.913991015776563,1405
927,1407.7144435420917,0.913991015776563,1405
928,1407.7144435420917,0.913991015776563,1405
929,1407.7144435420917,0.913991015776563,1405
930,1407.7144435420917,0.913991015776563,1405
931,1407.7144435420917,0.913991015776563,1405
932,1407.7144435420917,0.913991015776563,1405
933,1407.7144435420917,0.913991015776563,1405
934,1407.7144435420917,0.913991015776563,1405
935,1407.7144435420917,0.913991015776563,1405
936,1407.7144435420917,0.913991015776563,1405
937,1407.7144435420917,0.913991015776563,1405
938,1407.7144435420917,0.913991015776563,1405
939,1407.7144435420917,0.913991015776563,1405
940,1407.7144435420917,0.913991015776563,1405
941,1407.7144435420917,0.913991015776563,1405
942,1407.7144435420917,0.913991015776563,1405
943,1407.7144435420917,0.913991015776563,1405
944,1407.7144435420917,0.913991015776563,1405
945,1407.7144435420917,0.913991015776563,1405
946,1407.7144435420917,0.913991015776563,1405
947,1407.7144435420917,0.913991015776563,1405
948,1407.7144435420917,0.913991015776563,1405
949,1407.7144435420917,0.913991015776563,1405
950,1407.7144435420917,0.913991015776563,1405
951,1407.7144435420917,0.913991015776563,1405
952,1407.7144435420917,0.913991015776563,1405
953,1407.7144435420917,0.913991015776563,1405
954,1407.7144435420917,0.913991015776563,1405
955,1407.7144435420917,0.913991015776563,1405
956,1407.7144435420917,0.913991015776563,1405
957,1407.7144435420917,0.913991015776563,1405
958,1407.7144435420917,0.913991015776563,1405
959,1407.7144435420917,0.913991015776563,1405
960,1407.7144435420917,0.913991015776563,1405
961,1407.7144435420917,0.913991015776563,1405
962,1407.7144435420917,0.913991015776563,1405
963,1407.7144435420917,0.913991015776563,1405
964,1407.7144435420917,0.913991015776563,1405
965,1407.7144435420917,0.913991015776563,1405
966,1407.7144435420917,0.913991015776563,1405
967,1407.7144435420917,0.913991015776563,1405
968,1407.7144435420917,0.913991015776563,1405
969,1407.7144435420917,0.913991015776563,1405
970,1407.7144435420917,0.913991015776563,1405
971,1407.7144435420917,0.913991015776563,1405
972,1407.7144435420917,0.913991015776563,1405
973,1407.7144435420917,0.913991015776563,1405
974,1407.7144435420917,0.913991015776563,1405
975,1407.7144435420917,0.913991015776563,1405
976,1407.7144435420917,0.913991015776563,1405
977,1407.7144435420917,0.913991015776563,1405
978,1407.7144435420917,0.913991015776563,1405
979,1407.7144435420917,0.913991015776563,1405
980,1407.7144435420917,0.913991015776563,1405
981,1407.7144435420917,0.913991015776563,1405
982,1407.7144435420917,0.913991015776563,1405
983,1407.7144435420917,0.913991015776563,1405
984,1407.7144435420917,0.913991015776563,1405
985,1407.7144435420917,0.913991015776563,1405
986,1407.7144435420917,0.913991015776563,1405
987,1407.7144435420917,0.913991015776563,1405
988,1407.7144435420917,0.913991015776563,1405
989,1407.7144435420917,0.913991015776563,1405
990,1407.7144435420917,0.913991015776563,1405
991,1407.7144435420917,0.913991015776563,1405
992,1407.7144435420917,0.913991015776563,1405
993,1407.7144435420917,0.913991015776563,1405
994,1407.7144435420917,0.913991015776563,1405
995,1407.7144435420917,0.913991015776563,1405
996,1407.7144435420917,0.913991015776563,1405
997,1407.7144435420917,0.913991015776563,1405
998,1407.7144435420917,0.913991015776563,1405
999,1407.7144435420917,0.913991015776563,1405
1000,1407.7144435420917,0.913991015776563,1405
1001,1407.7144435420917,0.913991015776563,1405
1002,1407.7144435420917,0.913991015776563,1405
1003,1407.7144435420917,0.913991015776563,1405
1004,1407.7144435420917,0.913991015776563,1405
1005,1407.7144435420917,0.913991015776563,1405
1006,1407.7144435420917,0.913991015776563,1405
1007,1407.7144435420917,0.913991015776563,1405
1008,1407.7144435420917,0.913991015776563,1405
1009,1407.7144435420917,0.913991015776563,1405
1010,1407.7144435420917,0.913991015776563,1405
1011,1407.7144435420917,0.913991015776563,1405
1012,1407.7144435420917,0.913991015776563,1405
1013,1407.7144435420917,0.913991015776563,1405
1014,1407.7144435420917,0.913991015776563,1405
1015,1407.7144435420917,0.913991015776563,1405
1016,1407.7144435420917,0.913991015776563,1405
1017,1407.7144435420917,0.913991015776563,1405
1018,1407.7144435420917,0.913991015776563,1405
1019,1407.7144435420917,0.913991015776563,1405
1020,1407.7144435420917,0.913991015776563,1405
1021,1407.7144435420917,0.913991015776563,1405
1022,1407.7144435420917,0.913991015776563,1405
1023,1407.7144435420917,0.913991015776563,1405
1024,1407.7144435420917,0.913991015776563,1405
1025,1407.7144435420917,0.913991015776563,1405
1026,1407.7144435420917,0.913991015776563,1405
1027,1407.7144435420917,0.913991015776563,1405
1028,1407.7144435420917,0.913991015776563,1405
1029,1407.7144435420917,0.913991015776563,1405
1030,1407.7144435420917,0.913991015776563,1405
1031,1407.7144435420917,0.913991015776563,1405
1032,1407.7144435420917,0.913991015776563,1405
1033,1407.7144435420917,0.913991015776563,1405
1034,1407.7144435420917,0.913991015776563,1405
1035,1407.7144435420917,0.913991015776563,1405
1036,1407.7144435420917,0.913991015776563,1405
1037,1407.7144435420917,0.913991015776563,1405
1038,1407.7144435420917,0.913991015776563,1405
1039,1407.7144435420917,0.913991015776563,1405
1040,1407.7144435420917,0.913991015776563,1405
1041,1407.7144435420917,0.913991015776563,1405
1042,1407.7144435420917,0.913991015776563,1405
1043,1407.7144435420917,0.913991015776563,1405
1044,1407.7144435420917,0.913991015776563,1405
1045,1407.7144435420917,0.913991015776563,1405
1046,1407.7144435420917,0.913991015776563,1405
1047,1407.7144435420917,0.913991015776563,1405
1048,1407.7144435420917,0.913991015776563,1405
1049,1407.7144435420917,0.913991015776563,1405
1050,1407.7144435420917,0.913991015776563,1405
1051,1407.7144435420917,0.913991015776563,1405
1052,1413.6250998136811,0.9168219323928667,1411
1053,1413.6250998136811,0.9168219323928667,1411
1054,1413.6250998136811,0.9168219323928667,1411
1055,1413.6250998136811,0.9168219323928667,1411
1056,1413.6250998136811,0.9168219323928667,1411
1057,1413.6250998136811,0.9168219323928667,1411
1058,1413.6250998136811,0.9168219323928667,1411
1059,1413.6250998136811,0.9168219323928667,1411
1060,1413.6250998136811,0.9168219323928667,1411
1061,1413.6250998136811,0.9168219323928667,1411
1062,1413.6250998136811,0.9168219323928667,1411
1063,1413.6250998136811,0.9168219323928667,1411
1064,1413.6250998136811,0.9168219323928667,1411
1065,1413.6250998136811,0.9168219323928667,1411
1066,1413.6250998136811,0.9168219323928667,1411
1067,1413.6250998136811,0.9168219323928667,1411
1068,1413.6250998136811,0.9168219323928667,1411
1069,1413.6250998136811,0.9168219323928667,1411
1070,1413.6250998136811,0.9168219323928667,1411
1071,1413.6250998136811,0.9168219323928667,1411
1072,1413.6250998136811,0.9168219323928667,1411
1073,1413.6250998136811,0.9168219323928667,1411
1074,1413.6250998136811,0.9168219323928667,1411
1075,1413.6250998136811,0.9168219323928667,1411
1076,1413.6250998136811,0.9168219323928667,1411
1077,1413.6250998136811,0.9168219323928667,1411
1078,1413.6250998136811,0.9168219323928667,1411
1079,1413.6250998136811,0.9168219323928667,1411
1080,1413.6250998136811,0.9168219323928667,1411
1081,1413.6250998136811,0.9168219323928667,1411
1082,1413.6250998136811,0.9168219323928667,1411
1083,1413.6250998136811,0.9168219323928667,1411
1084,1413.6250998136811,0.9168219323928667,1411
1085,1413.6250998136811,0.9168219323928667,1411
1086,1413.6250998136811,0.9168219323928667,1411
1087,1413.6250998136811,0.9168219323928667,1411
1088,1413.6250998136811,0.9168219323928667,1411
1089,1413.6250998136811,0.9168219323928667,1411
1090,1413.6250998136811,0.9168219323928667,1411
1091,1413.6250998136811,0.9168219323928667,1411
1092,1413.6250998136811,0.9168219323928667,1411
1093,1413.6250998136811,0.9168219323928667,1411
1094,1413.6250998136811,0.9168219323928667,1411
1095,1413.6250998136811,0.9168219323928667,1411
1096,1413.6250998136811,0.9168219323928667,1411
1097,1413.6250998136811,0.9168219323928667,1411
1098,1413.6250998136811,0.9168219323928667,1411
1099,1413.6250998136811,0.9168219323928667,1411
1100,1413.6250998136811,0.9168219323928667,1411
1101,1413.6250998136811,0.9168219323928667,1411
1102,1413.6250998136811,0.9168219323928667,1411
1103,1413.6250998136811,0.9168219323928667,1411
1104,1413.6250998136811,0.9168219323928667,1411
1105,1413.6250998136811,0.9168219323928667,1411
1106,1413.6250998136811,0.9168219323928667,1411
1107,1413.6250998136811,0.9168219323928667,1411
1108,1413.6250998136811,0.9168219323928667,1411
1109,1432.3542288128538,0.9254046637245354,1430
1110,1432.3542288128538,0.9254046637245354,1430
1111,1432.3542288128538,0.9254046637245354,1430
1112,1432.3542288128538,0.9254046637245354,1430
1113,1432.3542288128538,0.9254046637245354,1430
1114,1432.3542288128538,0.9254046637245354,1430
1115,1432.3542288128538,0.9254046637245354,1430
1116,1458.5101979228177,0.9204626767168016,1456
1117,1458.5101979228177,0.9204626767168016,1456
1118,1437.8142491107233,0.9108286086589592,1435
1119,1435.7985521843982,0.9113259764132396,1433
1120,1435.7985521843982,0.9113259764132396,1433
1121,1435.7985521843982,0.9113259764132396,1433
1122,1435.7985521843982,0.9113259764132396,1433
1123,1435.7985521843982,0.9113259764132396,1433
1124,1435.7985521843982,0.9113259764132396,1433
1125,1435.7985521843982,0.9113259764132396,1433
1126,1435.7985521843982,0.9113259764132396,1433
1127,1435.7985521843982,0.9113259764132396,1433
1128,1435.7985521843982,0.9113259764132396,1433
1129,1439.7390629474912,0.9132109332227145,1437
1130,1439.7390629474912,0.9132109332227145,1437
1131,1446.6368430823757,0.9164498389614774,1444
1132,1446.6368430823757,0.9164498389614774,1444
1133,1446.6368430823757,0.9164498389614774,1444
1134,1446.6368430823757,0.9164498389614774,1444
1135,1446.6368430823757,0.9164498389614774,1444
1136,1446.6368430823757,0.9164498389614774,1444
1137,1446.6368430823757,0.9164498389614774,1444
1138,1446.6368430823757,0.9164498389614774,1444
1139,1446.6368430823757,0.9164498389614774,1444
1140,1446.6368430823757,0.9164498389614774,1444
1141,1446.6368430823757,0.9164498389614774,1444
1142,1446.6368430823757,0.9164498389614774,1444
1143,1446.6368430823757,0.9164498389614774,1444
1144,1446.6368430823757,0.9164498389614774,1444
1145,1446.6368430823757,0.9164498389614774,1444
1146,1446.6368430823757,0.9164498389614774,1444
1147,1446.6368430823757,0.9164498389614774,1444
1148,1446.6368430823757,0.9164498389614774,1444
1149,1446.6368430823757,0.9164498389614774,1444
1150,1446.6368430823757,0.9164498389614774,1444
1151,1446.6368430823757,0.9164498389614774,1444
1152,1446.6368430823757,0.9164498389614774,1444
1153,1446.6368430823757,0.9164498389614774,1444
1154,1446.6368430823757,0.9164498389614774,1444
1155,1446.6368430823757,0.9164498389614774,1444
1156,1443.680358452002,0.9150710249682488,1441
1157,1443.680358452002,0.9150710249682488,1441
1158,1443.680358452002,0.9150710249682488,1441
1159,1443.680358452002,0.9150710249682488,1441
1160,1443.680358452002,0.9150710249682488,1441
1161,1443.680358452002,0.9150710249682488,1441
1162,1443.680358452002,0.9150710249682488,1441
1163,1443.680358452002,0.9150710249682488,1441
1164,1443.680358452002,0.9150710249682488,1441
1165,1443.680358452002,0.9150710249682488,1441
1166,1443.680358452002,0.9150710249682488,1441
1167,1443.680358452002,0.9150710249682488,1441
1168,1443.680358452002,0.9150710249682488,1441
1169,1443.680358452002,0.9150710249682488,1441
1170,1443.680358452002,0.9150710249682488,1441
1171,1443.680358452002,0.9150710249682488,1441
1172,1443.680358452002,0.9150710249682488,1441
1173,1443.680358452002,0.9150710249682488,1441
1174,1439.7390629474912,0.9132109332227145,1437
1175,1439.7390629474912,0.9132109332227145,1437
1176,1439.7390629474912,0.9132109332227145,1437
1177,1439.7390629474912,0.9132109332227145,1437
1178,1439.7390629474912,0.9132109332227145,1437
1179,1439.7390629474912,0.9132109332227145,1437
1180,1439.7390629474912,0.9132109332227145,1437
1181,1439.7390629474912,0.9132109332227145,1437
1182,1439.7390629474912,0.9132109332227145,1437
1183,1439.7390629474912,0.9132109332227145,1437
1184,1439.7390629474912,0.9132109332227145,1437
1185,1439.7390629474912,0.9132109332227145,1437
1186,1439.7390629474912,0.9132109332227145,1437
1187,1439.7390629474912,0.9132109332227145,1437
1188,1432.68431342159,0.9149457090750945,1430
1189,1432.68431342159,0.9149457090750945,1430
1190,1432.68431342159,0.9149457090750945,1430
1191,1432.68431342159,0.9149457090750945,1430
1192,1432.68431342159,0.9149457090750945,1430
1193,1432.68431342159,0.9149457090750945,1430
1194,1432.68431342159,0.9149457090750945,1430
1195,1432.68431342159,0.9149457090750945,1430
1196,1432.68431342159,0.9149457090750945,1430
1197,1432.68431342159,0.9149457090750945,1430
1198,1432.68431342159,0.9149457090750945,1430
1199,1432.68431342159,0.9149457090750945,1430
1200,1432.68431342159,0.9149457090750945,1430
1201,1432.68431342159,0.9149457090750945,1430
1202,1432.68431342159,0.9149457090750945,1430
1203,1432.68431342159,0.9149457090750945,1430
1204,1432.68431342159,0.9149457090750945,1430
1205,1432.68431342159,0.9149457090750945,1430
1206,1432.68431342159,0.9149457090750945,1430
1207,1432.68431342159,0.9149457090750945,1430
1208,1432.68431342159,0.9149457090750945,1430
1209,1432.68431342159,0.9149457090750945,1430
1210,1432.68431342159,0.9149457090750945,1430
1211,1432.68431342159,0.9149457090750945,1430
1212,1432.68431342159,0.9149457090750945,1430
1213,1432.68431342159,0.9149457090750945,1430
1214,1432.68431342159,0.9149457090750945,1430
1215,1432.68431342159,0.9149457090750945,1430
1216,1432.68431342159,0.9149457090750945,1430
1217,1432.68431342159,0.9149457090750945,1430
1218,1432.68431342159,0.9149457090750945,1430
1219,1413.5350662829533,0.9196747058633321,1411
1220,1413.5350662829533,0.9196747058633321,1411
1221,1413.5350662829533,0.9196747058633321,1411
1222,1413.5350662829533,0.9196747058633321,1411
1223,1413.5350662829533,0.9196747058633321,1411
1224,1413.5350662829533,0.9196747058633321,1411
1225,1413.5350662829533,0.9196747058633321,1411
1226,1413.5350662829533,0.9196747058633321,1411
1227,1413.5350662829533,0.9196747058633321,1411
1228,1413.5350662829533,0.9196747058633321,1411
1229,1413.5350662829533,0.9196747058633321,1411
1230,1413.5350662829533,0.9196747058633321,1411
1231,1413.5350662829533,0.9196747058633321,1411
1232,1413.5350662829533,0.9196747058633321,1411
1233,1413.5350662829533,0.9196747058633321,1411
1234,1413.5350662829533,0.9196747058633321,1411
1235,1413.5350662829533,0.9196747058633321,1411
1236,1413.5350662829533,0.9196747058633321,1411
1237,1413.5350662829533,0.9196747058633321,1411
1238,1413.5350662829533,0.9196747058633321,1411
1239,1413.5350662829533,0.9196747058633321,1411
1240,1413.5350662829533,0.9196747058633321,1411
1241,1413.5350662829533,0.9196747058633321,1411
1242,1413.5350662829533,0.9196747058633321,1411
1243,1413.5350662829533,0.9196747058633321,1411
1244,1413.5350662829533,0.9196747058633321,1411
1245,1413.5350662829533,0.9196747058633321,1411
1246,1413.5350662829533,0.9196747058633321,1411
1247,1413.5350662829533,0.9196747058633321,1411
1248,1413.5350662829533,0.9196747058633321,1411
1249,1405.652598795552,0.9159506085059613,1403
1250,1405.652598795552,0.9159506085059613,1403
1251,1405.652598795552,0.9159506085059613,1403
1252,1405.652598795552,0.9159506085059613,1403
1253,1405.652598795552,0.9159506085059613,1403
1254,1405.652598795552,0.9159506085059613,1403
1255,1405.652598795552,0.9159506085059613,1403
1256,1405.652598795552,0.9159506085059613,1403
1257,1405.652598795552,0.9159506085059613,1403
1258,1405.652598795552,0.9159506085059613,1403
1259,1405.652598795552,0.9159506085059613,1403
1260,1405.652598795552,0.9159506085059613,1403
1261,1406.6377274113524,0.9164218183982088,1404
1262,1406.6377274113524,0.9164218183982088,1404
1263,1406.6377274113524,0.9164218183982088,1404
1264,1406.6377274113524,0.9164218183982088,1404
1265,1406.6377274113524,0.9164218183982088,1404
1266,1406.6377274113524,0.9164218183982088,1404
1267,1406.6377274113524,0.9164218183982088,1404
1268,1402.697522489903,0.9145271707888823,1400
1269,1402.697522489903,0.9145271707888823,1400
1270,1402.697522489903,0.9145271707888823,1400
1271,1402.697522489903,0.9145271707888823,1400
1272,1402.697522489903,0.9145271707888823,1400
1273,1402.697522489903,0.9145271707888823,1400
1274,1402.697522489903,0.9145271707888823,1400
1275,1402.697522489903,0.9145271707888823,1400
1276,1402.697522489903,0.9145271707888823,1400
1277,1402.697522489903,0.9145271707888823,1400
1278,1402.697522489903,0.9145271707888823,1400
1279,1402.697522489903,0.9145271707888823,1400
1280,1402.697522489903,0.9145271707888823,1400
1281,1402.697522489903,0.9145271707888823,1400
1282,1402.697522489903,0.9145271707888823,1400
1283,1402.697522489903,0.9145271707888823,1400
1284,1402.697522489903,0.9145271707888823,1400
1285,1402.697522489903,0.9145271707888823,1400
1286,1402.697522489903,0.9145271707888823,1400
1287,1402.697522489903,0.9145271707888823,1400
1288,1402.697522489903,0.9145271707888823,1400
1289,1402.697522489903,0.9145271707888823,1400
1290,1402.697522489903,0.9145271707888823,1400
1291,1402.697522489903,0.9145271707888823,1400
1292,1402.697522489903,0.9145271707888823,1400
1293,1402.697522489903,0.9145271707888823,1400
1294,1402.697522489903,0.9145271707888823,1400
1295,1402.697522489903,0.9145271707888823,1400
1296,1402.697522489903,0.9145271707888823,1400
1297,1402.697522489903,0.9145271707888823,1400
1298,1402.697522489903,0.9145271707888823,1400
1299,1402.697522489903,0.9145271707888823,1400
1300,1402.697522489903,0.9145271707888823,1400
1301,1402.697522489903,0.9145271707888823,1400
1302,1402.697522489903,0.9145271707888823,1400
1303,1402.697522489903,0.9145271707888823,1400
1304,1402.697522489903,0.9145271707888823,1400
1305,1402.697522489903,0.9145271707888823,1400
1306,1402.697522489903,0.9145271707888823,1400
1307,1402.697522489903,0.9145271707888823,1400
1308,1402.697522489903,0.9145271707888823,1400
1309,1402.697522489903,0.9145271707888823,1400
1310,1402.697522489903,0.9145271707888823,1400
1311,1402.697522489903,0.9145271707888823,1400
1312,1402.697522489903,0.9145271707888823,1400
1313,1402.697522489903,0.9145271707888823,1400
1314,1402.697522489903,0.9145271707888823,1400
1315,1402.697522489903,0.9145271707888823,1400
1316,1402.697522489903,0.9145271707888823,1400
1317,1402.697522489903,0.9145271707888823,1400
1318,1402.697522489903,0.9145271707888823,1400
1319,1402.697522489903,0.9145271707888823,1400
1320,1402.697522489903,0.9145271707888823,1400
1321,1402.697522489903,0.9145271707888823,1400
1322,1402.697522489903,0.9145271707888823,1400
1323,1402.697522489903,0.9145271707888823,1400
1324,1402.697522489903,0.9145271707888823,1400
1325,1402.697522489903,0.9145271707888823,1400
1326,1402.697522489903,0.9145271707888823,1400
1327,1402.697522489903,0.9145271707888823,1400
1328,1402.697522489903,0.9145271707888823,1400
1329,1402.697522489903,0.9145271707888823,1400
1330,1402.697522489903,0.9145271707888823,1400
1331,1402.697522489903,0.9145271707888823,1400
1332,1402.697522489903,0.9145271707888823,1400
1333,1402.697522489903,0.9145271707888823,1400
1334,1402.697522489903,0.9145271707888823,1400
1335,1402.697522489903,0.9145271707888823,1400
1336,1402.697522489903,0.9145271707888823,1400
1337,1402.697522489903,0.9145271707888823,1400
1338,1402.697522489903,0.9145271707888823,1400
1339,1402.697522489903,0.9145271707888823,1400
1340,1402.697522489903,0.9145271707888823,1400
1341,1402.697522489903,0.9145271707888823,1400
1342,1402.697522489903,0.9145271707888823,1400
1343,1402.697522489903,0.9145271707888823,1400
1344,1402.697522489903,0.9145271707888823,1400
1345,1402.697522489903,0.9145271707888823,1400
1346,1402.697522489903,0.9145271707888823,1400
1347,1402.697522489903,0.9145271707888823,1400
1348,1402.697522489903,0.9145271707888823,1400
1349,1402.697522489903,0.9145271707888823,1400
1350,1402.697522489903,0.9145271707888823,1400
1351,1402.697522489903,0.9145271707888823,1400
1352,1402.697522489903,0.9145271707888823,1400
1353,1402.697522489903,0.9145271707888823,1400
1354,1402.697522489903,0.9145271707888823,1400
1355,1402.697522489903,0.9145271707888823,1400
1356,1402.697522489903,0.9145271707888823,1400
1357,1402.697522489903,0.9145271707888823,1400
1358,1402.697522489903,0.9145271707888823,1400
1359,1402.697522489903,0.9145271707888823,1400
1360,1402.697522489903,0.9145271707888823,1400
1361,1402.697522489903,0.9145271707888823,1400
1362,1402.697522489903,0.9145271707888823,1400
1363,1402.697522489903,0.9145271707888823,1400
1364,1402.697522489903,0.9145271707888823,1400
1365,1402.697522489903,0.9145271707888823,1400
1366,1402.697522489903,0.9145271707888823,1400
1367,1402.697522489903,0.9145271707888823,1400
1368,1402.697522489903,0.9145271707888823,1400
1369,1402.697522489903,0.9145271707888823,1400
1370,1402.697522489903,0.9145271707888823,1400
1371,1402.697522489903,0.9145271707888823,1400
1372,1402.697522489903,0.9145271707888823,1400
1373,1402.697522489903,0.9145271707888823,1400
1374,1402.697522489903,0.9145271707888823,1400
1375,1402.697522489903,0.9145271707888823,1400
1376,1402.697522489903,0.9145271707888823,1400
1377,1402.697522489903,0.9145271707888823,1400
1378,1402.697522489903,0.9145271707888823,1400
1379,1402.697522489903,0.9145271707888823,1400
1380,1402.697522489903,0.9145271707888823,1400
1381,1402.697522489903,0.9145271707888823,1400
1382,1402.697522489903,0.9145271707888823,1400
1383,1402.697522489903,0.9145271707888823,1400
1384,1402.697522489903,0.9145271707888823,1400
1385,1402.697522489903,0.9145271707888823,1400
1386,1402.697522489903,0.9145271707888823,1400
1387,1402.697522489903,0.9145271707888823,1400
1388,1402.697522489903,0.9145271707888823,1400
1389,1402.697522489903,0.9145271707888823,1400
1390,1402.697522489903,0.9145271707888823,1400
1391,1402.697522489903,0.9145271707888823,1400
1392,1402.697522489903,0.9145271707888823,1400
1393,1402.697522489903,0.9145271707888823,1400
1394,1402.697522489903,0.9145271707888823,1400
1395,1402.697522489903,0.9145271707888823,1400
1396,1402.697522489903,0.9145271707888823,1400
1397,1402.697522489903,0.9145271707888823,1400
1398,1402.697522489903,0.9145271707888823,1400
1399,1402.697522489903,0.9145271707888823,1400
1400,1402.697522489903,0.9145271707888823,1400
1401,1402.697522489903,0.9145271707888823,1400
1402,1402.697522489903,0.9145271707888823,1400
1403,1402.697522489903,0.9145271707888823,1400
1404,1402.697522489903,0.9145271707888823,1400
1405,1402.697522489903,0.9145271707888823,1400
1406,1402.697522489903,0.9145271707888823,1400
1407,1402.697522489903,0.9145271707888823,1400
1408,1402.697522489903,0.9145271707888823,1400
1409,1402.697522489903,0.9145271707888823,1400
1410,1402.697522489903,0.9145271707888823,1400
1411,1406.6377274113524,0.9164218183982088,1404
1412,1406.6377274113524,0.9164218183982088,1404
1413,1406.6377274113524,0.9164218183982088,1404
1414,1406.6377274113524,0.9164218183982088,1404
1415,1406.6377274113524,0.9164218183982088,1404
1416,1406.6377274113524,0.9164218183982088,1404
1417,1406.6377274113524,0.9164218183982088,1404
1418,1406.6377274113524,0.9164218183982088,1404
1419,1406.6377274113524,0.9164218183982088,1404
1420,1406.6377274113524,0.9164218183982088,1404
1421,1406.6377274113524,0.9164218183982088,1404
1422,1406.6377274113524,0.9164218183982088,1404
1423,1406.6377274113524,0.9164218183982088,1404
1424,1406.6377274113524,0.9164218183982088,1404
1425,1406.6377274113524,0.9164218183982088,1404
1426,1401.7126004253605,0.9140494161799554,1399
1427,1401.7126004253605,0.9140494161799554,1399
1428,1401.7126004253605,0.9140494161799554,1399
1429,1401.7126004253605,0.9140494161799554,1399
1430,1401.7126004253605,0.9140494161799554,1399
1431,1401.7126004253605,0.9140494161799554,1399
1432,1401.7126004253605,0.9140494161799554,1399
1433,1401.7126004253605,0.9140494161799554,1399
1434,1401.7126004253605,0.9140494161799554,1399
1435,1401.7126004253605,0.9140494161799554,1399
1436,1401.7126004253605,0.9140494161799554,1399
1437,1401.7126004253605,0.9140494161799554,1399
1438,1401.7126004253605,0.9140494161799554,1399
1439,1401.7126004253605,0.9140494161799554,1399
1440,1401.7126004253605,0.9140494161799554,1399
1441,1401.7126004253605,0.9140494161799554,1399
1442,1401.7126004253605,0.9140494161799554,1399
1443,1401.7126004253605,0.9140494161799554,1399
1444,1401.7126004253605,0.9140494161799554,1399
1445,1401.7126004253605,0.9140494161799554,1399
1446,1401.7126004253605,0.9140494161799554,1399
1447,1401.7126004253605,0.9140494161799554,1399
1448,1401.7126004253605,0.9140494161799554,1399
1449,1401.7126004253605,0.9140494161799554,1399
1450,1401.7126004253605,0.9140494161799554,1399
1451,1401.7126004253605,0.9140494161799554,1399
1452,1401.7126004253605,0.9140494161799554,1399
1453,1401.7126004253605,0.9140494161799554,1399
1454,1401.7126004253605,0.9140494161799554,1399
1455,1401.7126004253605,0.9140494161799554,1399
1456,1401.7126004253605,0.9140494161799554,1399
1457,1401.7126004253605,0.9140494161799554,1399
1458,1401.7126004253605,0.9140494161799554,1399
1459,1401.7126004253605,0.9140494161799554,1399
1460,1401.7126004253605,0.9140494161799554,1399
1461,1401.7126004253605,0.9140494161799554,1399
1462,1401.7126004253605,0.9140494161799554,1399
1463,1401.7126004253605,0.9140494161799554,1399
1464,1401.7126004253605,0.9140494161799554,1399
1465,1392.850638547909,0.9096755846670157,1390
1466,1392.850638547909,0.9096755846670157,1390
1467,1392.850638547909,0.9096755846670157,1390
1468,1392.850638547909,0.9096755846670157,1390
1469,1392.850638547909,0.9096755846670157,1390
1470,1392.850638547909,0.9096755846670157,1390
1471,1392.850638547909,0.9096755846670157,1390
1472,1392.850638547909,0.9096755846670157,1390
1473,1392.850638547909,0.9096755846670157,1390
1474,1392.850638547909,0.9096755846670157,1390
1475,1392.850638547909,0.9096755846670157,1390
1476,1392.850638547909,0.9096755846670157,1390
1477,1392.850638547909,0.9096755846670157,1390
1478,1392.850638547909,0.9096755846670157,1390
1479,1392.850638547909,0.9096755846670157,1390
1480,1392.850638547909,0.9096755846670157,1390
1481,1392.850638547909,0.9096755846670157,1390
1482,1392.850638547909,0.9096755846670157,1390
1483,1392.850638547909,0.9096755846670157,1390
1484,1392.850638547909,0.9096755846670157,1390
1485,1392.850638547909,0.9096755846670157,1390
1486,1392.850638547909,0.9096755846670157,1390
1487,1392.850638547909,0.9096755846670157,1390
1488,1392.850638547909,0.9096755846670157,1390
1489,1392.850638547909,0.9096755846670157,1390
1490,1392.850638547909,0.9096755846670157,1390
1491,1392.850638547909,0.9096755846670157,1390
1492,1392.850638547909,0.9096755846670157,1390
1493,1392.850638547909,0.9096755846670157,1390
1494,1392.850638547909,0.9096755846670157,1390
1495,1392.850638547909,0.9096755846670157,1390
1496,1392.850638547909,0.9096755846670157,1390
1497,1392.850638547909,0.9096755846670157,1390
1498,1392.850638547909,0.9096755846670157,1390
1499,1392.850638547909,0.9096755846670157,1390
1500,1392.850638547909,0.9096755846670157,1390
1501,1392.850638547909,0.9096755846670157,1390
1502,1392.850638547909,0.9096755846670157,1390
1503,1392.850638547909,0.9096755846670157,1390
1504,1392.850638547909,0.9096755846670157,1390
1505,1392.850638547909,0.9096755846670157,1390
1506,1392.850638547909,0.9096755846670157,1390
1507,1392.850638547909,0.9096755846670157,1390
1508,1392.850638547909,0.9096755846670157,1390
1509,1392.850638547909,0.9096755846670157,1390
1510,1392.850638547909,0.9096755846670157,1390
1511,1392.850638547909,0.9096755846670157,1390
1512,1392.850638547909,0.9096755846670157,1390
1513,1392.850638547909,0.9096755846670157,1390
1514,1392.850638547909,0.9096755846670157,1390
1515,1392.850638547909,0.9096755846670157,1390
1516,1392.850638547909,0.9096755846670157,1390
1517,1392.850638547909,0.9096755846670157,1390
1518,1392.850638547909,0.9096755846670157,1390
1519,1392.850638547909,0.9096755846670157,1390
1520,1392.850638547909,0.9096755846670157,1390
1521,1392.850638547909,0.9096755846670157,1390
1522,1392.850638547909,0.9096755846670157,1390
1523,1392.850638547909,0.9096755846670157,1390
1524,1392.850638547909,0.9096755846670157,1390
1525,1392.850638547909,0.9096755846670157,1390
1526,1392.850638547909,0.9096755846670157,1390
1527,1392.850638547909,0.9096755846670157,1390
1528,1392.850638547909,0.9096755846670157,1390
1529,1392.850638547909,0.9096755846670157,1390
1530,1392.850638547909,0.9096755846670157,1390
1531,1392.850638547909,0.9096755846670157,1390
1532,1392.850638547909,0.9096755846670157,1390
1533,1392.850638547909,0.9096755846670157,1390
1534,1392.850638547909,0.9096755846670157,1390
1535,1401.7126004253605,0.9140494161799554,1399
1536,1401.7126004253605,0.9140494161799554,1399
1537,1401.7126004253605,0.9140494161799554,1399
1538,1401.7126004253605,0.9140494161799554,1399
1539,1401.7126004253605,0.9140494161799554,1399
1540,1402.697522489903,0.9145271707888823,1400
1541,1402.697522489903,0.9145271707888823,1400
1542,1402.697522489903,0.9145271707888823,1400
1543,1402.697522489903,0.9145271707888823,1400
1544,1402.697522489903,0.9145271707888823,1400
1545,1402.697522489903,0.9145271707888823,1400
1546,1402.697522489903,0.9145271707888823,1400
1547,1402.697522489903,0.9145271707888823,1400
1548,1402.697522489903,0.9145271707888823,1400
1549,1402.697522489903,0.9145271707888823,1400
1550,1402.697522489903,0.9145271707888823,1400
1551,1402.697522489903,0.9145271707888823,1400
1552,1402.697522489903,0.9145271707888823,1400
1553,1402.697522489903,0.9145271707888823,1400
1554,1402.697522489903,0.9145271707888823,1400
1555,1402.697522489903,0.9145271707888823,1400
1556,1402.697522489903,0.9145271707888823,1400
1557,1402.697522489903,0.9145271707888823,1400
1558,1402.697522489903,0.9145271707888823,1400
1559,1402.697522489903,0.9145271707888823,1400
1560,1402.697522489903,0.9145271707888823,1400
1561,1402.697522489903,0.9145271707888823,1400
1562,1402.697522489903,0.9145271707888823,1400
1563,1402.697522489903,0.9145271707888823,1400
1564,1402.697522489903,0.9145271707888823,1400
1565,1402.697522489903,0.9145271707888823,1400
1566,1402.697522489903,0.9145271707888823,1400
1567,1402.697522489903,0.9145271707888823,1400
1568,1402.697522489903,0.9145271707888823,1400
1569,1402.697522489903,0.9145271707888823,1400
1570,1402.697522489903,0.9145271707888823,1400
1571,1402.697522489903,0.9145271707888823,1400
1572,1402.697522489903,0.9145271707888823,1400
1573,1402.697522489903,0.9145271707888823,1400
1574,1402.697522489903,0.9145271707888823,1400
1575,1402.697522489903,0.9145271707888823,1400
1576,1402.697522489903,0.9145271707888823,1400
1577,1402.697522489903,0.9145271707888823,1400
1578,1402.697522489903,0.9145271707888823,1400
1579,1402.697522489903,0.9145271707888823,1400
1580,1402.697522489903,0.9145271707888823,1400
1581,1402.697522489903,0.9145271707888823,1400
1582,1402.697522489903,0.9145271707888823,1400
1583,1402.697522489903,0.9145271707888823,1400
1584,1402.697522489903,0.9145271707888823,1400
1585,1402.697522489903,0.9145271707888823,1400
1586,1402.697522489903,0.9145271707888823,1400
1587,1402.697522489903,0.9145271707888823,1400
1588,1402.697522489903,0.9145271707888823,1400
1589,1402.697522489903,0.9145271707888823,1400
1590,1402.697522489903,0.9145271707888823,1400
1591,1402.697522489903,0.9145271707888823,1400
1592,1402.697522489903,0.9145271707888823,1400
1593,1402.697522489903,0.9145271707888823,1400
1594,1402.697522489903,0.9145271707888823,1400
1595,1393.8350926170708,0.9101681680269069,1391
1596,1393.8350926170708,0.9101681680269069,1391
1597,1393.8350926170708,0.9101681680269069,1391
1598,1393.8350926170708,0.9101681680269069,1391
1599,1393.8350926170708,0.9101681680269069,1391
1600,1393.8350926170708,0.9101681680269069,1391
1601,1393.8350926170708,0.9101681680269069,1391
1602,1393.8350926170708,0.9101681680269069,1391
1603,1393.8350926170708,0.9101681680269069,1391
1604,1393.8350926170708,0.9101681680269069,1391
1605,1393.8350926170708,0.9101681680269069,1391
1606,1393.8350926170708,0.9101681680269069,1391
1607,1393.8350926170708,0.9101681680269069,1391
1608,1393.8350926170708,0.9101681680269069,1391
1609,1393.8350926170708,0.9101681680269069,1391
1610,1393.8350926170708,0.9101681680269069,1391
1611,1393.8350926170708,0.9101681680269069,1391
1612,1393.8350926170708,0.9101681680269069,1391
1613,1393.8350926170708,0.9101681680269069,1391
1614,1393.8350926170708,0.9101681680269069,1391
1615,1393.8350926170708,0.9101681680269069,1391
1616,1393.8350926170708,0.9101681680269069,1391
1617,1393.8350926170708,0.9101681680269069,1391
1618,1393.8350926170708,0.9101681680269069,1391
1619,1393.8350926170708,0.9101681680269069,1391
1620,1393.8350926170708,0.9101681680269069,1391
1621,1393.8350926170708,0.9101681680269069,1391
1622,1393.8350926170708,0.9101681680269069,1391
1623,1393.8350926170708,0.9101681680269069,1391
1624,1393.8350926170708,0.9101681680269069,1391
1625,1393.8350926170708,0.9101681680269069,1391
1626,1393.8350926170708,0.9101681680269069,1391
1627,1393.8350926170708,0.9101681680269069,1391
1628,1393.8350926170708,0.9101681680269069,1391
1629,1393.8350926170708,0.9101681680269069,1391
1630,1393.8350926170708,0.9101681680269069,1391
1631,1393.8350926170708,0.9101681680269069,1391
1632,1393.8350926170708,0.9101681680269069,1391
1633,1393.8350926170708,0.9101681680269069,1391
1634,1393.8350926170708,0.9101681680269069,1391
1635,1393.8350926170708,0.9101681680269069,1391
1636,1393.8350926170708,0.9101681680269069,1391
1637,1393.8350926170708,0.9101681680269069,1391
1638,1393.8350926170708,0.9101681680269069,1391
1639,1393.8350926170708,0.9101681680269069,1391
1640,1393.8350926170708,0.9101681680269069,1391
1641,1393.8350926170708,0.9101681680269069,1391
1642,1393.8350926170708,0.9101681680269069,1391
1643,1393.8350926170708,0.9101681680269069,1391
1644,1393.8350926170708,0.9101681680269069,1391
1645,1393.8350926170708,0.9101681680269069,1391
1646,1393.8350926170708,0.9101681680269069,1391
1647,1393.8350926170708,0.9101681680269069,1391
1648,1393.8350926170708,0.9101681680269069,1391
1649,1393.8350926170708,0.9101681680269069,1391
1650,1393.8350926170708,0.9101681680269069,1391
1651,1393.8350926170708,0.9101681680269069,1391
1652,1393.8350926170708,0.9101681680269069,1391
1653,1393.8350926170708,0.9101681680269069,1391
1654,1393.8350926170708,0.9101681680269069,1391
1655,1393.8350926170708,0.9101681680269069,1391
1656,1393.8350926170708,0.9101681680269069,1391
1657,1393.8350926170708,0.9101681680269069,1391
1658,1393.8350926170708,0.9101681680269069,1391
1659,1393.8350926170708,0.9101681680269069,1391
1660,1393.8350926170708,0.9101681680269069,1391
1661,1393.8350926170708,0.9101681680269069,1391
1662,1393.8350926170708,0.9101681680269069,1391
1663,1393.8350926170708,0.9101681680269069,1391
1664,1393.8350926170708,0.9101681680269069,1391
1665,1393.8350926170708,0.9101681680269069,1391
1666,1393.8350926170708,0.9101681680269069,1391
1667,1393.8350926170708,0.9101681680269069,1391
1668,1393.8350926170708,0.9101681680269069,1391
1669,1393.8350926170708,0.9101681680269069,1391
1670,1393.8350926170708,0.9101681680269069,1391
1671,1393.8350926170708,0.9101681680269069,1391
1672,1393.8350926170708,0.9101681680269069,1391
1673,1393.8350926170708,0.9101681680269069,1391
1674,1393.8350926170708,0.9101681680269069,1391
1675,1393.8350926170708,0.9101681680269069,1391
1676,1393.8350926170708,0.9101681680269069,1391
1677,1393.8350926170708,0.9101681680269069,1391
1678,1393.8350926170708,0.9101681680269069,1391
1679,1393.8350926170708,0.9101681680269069,1391
1680,1393.8350926170708,0.9101681680269069,1391
1681,1393.8350926170708,0.9101681680269069,1391
1682,1393.8350926170708,0.9101681680269069,1391
1683,1393.8350926170708,0.9101681680269069,1391
1684,1393.8350926170708,0.9101681680269069,1391
1685,1393.8350926170708,0.9101681680269069,1391
1686,1393.8350926170708,0.9101681680269069,1391
1687,1393.8350926170708,0.9101681680269069,1391
1688,1393.8350926170708,0.9101681680269069,1391
1689,1393.8350926170708,0.9101681680269069,1391
1690,1393.8350926170708,0.9101681680269069,1391
1691,1393.8350926170708,0.9101681680269069,1391
1692,1396.788767906804,0.9116359978832722,1394
1693,1396.788767906804,0.9116359978832722,1394
1694,1396.788767906804,0.9116359978832722,1394
1695,1396.788767906804,0.9116359978832722,1394
1696,1396.788767906804,0.9116359978832722,1394
1697,1396.788767906804,0.9116359978832722,1394
1698,1396.788767906804,0.9116359978832722,1394
1699,1396.788767906804,0.9116359978832722,1394
1700,1397.773430518853,0.9121219734203759,1395
1701,1397.773430518853,0.9121219734203759,1395
1702,1397.773430518853,0.9121219734203759,1395
1703,1397.773430518853,0.9121219734203759,1395
1704,1397.773430518853,0.9121219734203759,1395
1705,1397.773430518853,0.9121219734203759,1395
1706,1397.773430518853,0.9121219734203759,1395
1707,1397.773430518853,0.9121219734203759,1395
1708,1397.773430518853,0.9121219734203759,1395
1709,1387.929153274053,0.9071877923303857,1385
1710,1387.929153274053,0.9071877923303857,1385
1711,1387.929153274053,0.9071877923303857,1385
1712,1387.929153274053,0.9071877923303857,1385
1713,1387.929153274053,0.9071877923303857,1385
1714,1387.929153274053,0.9071877923303857,1385
1715,1387.929153274053,0.9071877923303857,1385
1716,1387.929153274053,0.9071877923303857,1385
1717,1387.929153274053,0.9071877923303857,1385
1718,1387.929153274053,0.9071877923303857,1385
1719,1387.929153274053,0.9071877923303857,1385
1720,1387.929153274053,0.9071877923303857,1385
1721,1387.929153274053,0.9071877923303857,1385
1722,1387.929153274053,0.9071877923303857,1385
1723,1387.929153274053,0.9071877923303857,1385
1724,1387.929153274053,0.9071877923303857,1385
1725,1387.929153274053,0.9071877923303857,1385
1726,1387.929153274053,0.9071877923303857,1385
1727,1387.929153274053,0.9071877923303857,1385
1728,1387.929153274053,0.9071877923303857,1385
1729,1387.929153274053,0.9071877923303857,1385
1730,1387.929153274053,0.9071877923303857,1385
1731,1387.929153274053,0.9071877923303857,1385
1732,1387.929153274053,0.9071877923303857,1385
1733,1387.929153274053,0.9071877923303857,1385
1734,1387.929153274053,0.9071877923303857,1385
1735,1387.929153274053,0.9071877923303857,1385
1736,1387.929153274053,0.9071877923303857,1385
1737,1390.601279939036,0.9175766812726234,1388
1738,1390.601279939036,0.9175766812726234,1388
1739,1390.601279939036,0.9175766812726234,1388
1740,1390.601279939036,0.9175766812726234,1388
1741,1390.601279939036,0.9175766812726234,1388
1742,1390.601279939036,0.9175766812726234,1388
1743,1390.601279939036,0.9175766812726234,1388
1744,1390.601279939036,0.9175766812726234,1388
1745,1390.601279939036,0.9175766812726234,1388
1746,1390.601279939036,0.9175766812726234,1388
1747,1390.601279939036,0.9175766812726234,1388
1748,1390.601279939036,0.9175766812726234,1388
1749,1390.601279939036,0.9175766812726234,1388
1750,1390.601279939036,0.9175766812726234,1388
1751,1390.601279939036,0.9175766812726234,1388
1752,1390.601279939036,0.9175766812726234,1388
1753,1390.601279939036,0.9175766812726234,1388
1754,1390.601279939036,0.9175766812726234,1388
1755,1390.601279939036,0.9175766812726234,1388
1756,1390.601279939036,0.9175766812726234,1388
1757,1390.601279939036,0.9175766812726234,1388
1758,1390.601279939036,0.9175766812726234,1388
1759,1390.601279939036,0.9175766812726234,1388
1760,1390.601279939036,0.9175766812726234,1388
1761,1390.601279939036,0.9175766812726234,1388
1762,1390.601279939036,0.9175766812726234,1388
1763,1390.601279939036,0.9175766812726234,1388
1764,1390.601279939036,0.9175766812726234,1388
1765,1390.601279939036,0.9175766812726234,1388
1766,1390.601279939036,0.9175766812726234,1388
1767,1390.601279939036,0.9175766812726234,1388
1768,1390.601279939036,0.9175766812726234,1388
1769,1390.601279939036,0.9175766812726234,1388
1770,1390.601279939036,0.9175766812726234,1388
1771,1390.601279939036,0.9175766812726234,1388
1772,1390.601279939036,0.9175766812726234,1388
1773,1390.601279939036,0.9175766812726234,1388
1774,1390.601279939036,0.9175766812726234,1388
1775,1390.601279939036,0.9175766812726234,1388
1776,1390.601279939036,0.9175766812726234,1388
1777,1390.601279939036,0.9175766812726234,1388
1778,1390.601279939036,0.9175766812726234,1388
1779,1390.601279939036,0.9175766812726234,1388
1780,1390.601279939036,0.9175766812726234,1388
1781,1390.601279939036,0.9175766812726234,1388
1782,1390.601279939036,0.9175766812726234,1388
1783,1390.601279939036,0.9175766812726234,1388
1784,1390.601279939036,0.9175766812726234,1388
1785,1390.601279939036,0.9175766812726234,1388
1786,1390.601279939036,0.9175766812726234,1388
1787,1390.601279939036,0.9175766812726234,1388
1788,1390.601279939036,0.9175766812726234,1388
1789,1390.601279939036,0.9175766812726234,1388
1790,1390.601279939036,0.9175766812726234,1388
1791,1390.601279939036,0.9175766812726234,1388
1792,1390.601279939036,0.9175766812726234,1388
1793,1390.601279939036,0.9175766812726234,1388
1794,1390.601279939036,0.9175766812726234,1388
1795,1390.601279939036,0.9175766812726234,1388
1796,1390.601279939036,0.9175766812726234,1388
1797,1390.601279939036,0.9175766812726234,1388
1798,1390.601279939036,0.9175766812726234,1388
1799,1390.601279939036,0.9175766812726234,1388
1800,1390.601279939036,0.9175766812726234,1388
1801,1390.601279939036,0.9175766812726234,1388
1802,1390.601279939036,0.9175766812726234,1388
1803,1390.601279939036,0.9175766812726234,1388
1804,1390.601279939036,0.9175766812726234,1388
1805,1390.601279939036,0.9175766812726234,1388
1806,1390.601279939036,0.9175766812726234,1388
1807,1390.601279939036,0.9175766812726234,1388
1808,1390.601279939036,0.9175766812726234,1388
1809,1390.601279939036,0.9175766812726234,1388
1810,1390.601279939036,0.9175766812726234,1388
1811,1390.601279939036,0.9175766812726234,1388
1812,1390.601279939036,0.9175766812726234,1388
1813,1390.601279939036,0.9175766812726234,1388
1814,1390.601279939036,0.9175766812726234,1388
1815,1390.601279939036,0.9175766812726234,1388
1816,1390.601279939036,0.9175766812726234,1388
1817,1390.601279939036,0.9175766812726234,1388
1818,1390.601279939036,0.9175766812726234,1388
1819,1390.601279939036,0.9175766812726234,1388
1820,1390.601279939036,0.9175766812726234,1388
1821,1390.601279939036,0.9175766812726234,1388
1822,1390.601279939036,0.9175766812726234,1388
1823,1390.601279939036,0.9175766812726234,1388
1824,1390.601279939036,0.9175766812726234,1388
1825,1390.601279939036,0.9175766812726234,1388
1826,1390.601279939036,0.9175766812726234,1388
1827,1390.601279939036,0.9175766812726234,1388
1828,1390.601279939036,0.9175766812726234,1388
1829,1390.601279939036,0.9175766812726234,1388
1830,1390.601279939036,0.9175766812726234,1388
1831,1390.601279939036,0.9175766812726234,1388
1832,1390.601279939036,0.9175766812726234,1388
1833,1390.601279939036,0.9175766812726234,1388
1834,1390.601279939036,0.9175766812726234,1388
1835,1390.601279939036,0.9175766812726234,1388
1836,1390.601279939036,0.9175766812726234,1388
1837,1390.601279939036,0.9175766812726234,1388
1838,1390.601279939036,0.9175766812726234,1388
1839,1390.601279939036,0.9175766812726234,1388
1840,1390.601279939036,0.9175766812726234,1388
1841,1390.601279939036,0.9175766812726234,1388
1842,1390.601279939036,0.9175766812726234,1388
1843,1390.601279939036,0.9175766812726234,1388
1844,1390.601279939036,0.9175766812726234,1388
1845,1390.601279939036,0.9175766812726234,1388
1846,1390.601279939036,0.9175766812726234,1388
1847,1390.601279939036,0.9175766812726234,1388
1848,1390.601279939036,0.9175766812726234,1388
1849,1390.601279939036,0.9175766812726234,1388
1850,1390.601279939036,0.9175766812726234,1388
1851,1390.601279939036,0.9175766812726234,1388
1852,1390.601279939036,0.9175766812726234,1388
1853,1390.601279939036,0.9175766812726234,1388
1854,1390.601279939036,0.9175766812726234,1388
1855,1390.601279939036,0.9175766812726234,1388
1856,1390.601279939036,0.9175766812726234,1388
1857,1390.601279939036,0.9175766812726234,1388
1858,1390.601279939036,0.9175766812726234,1388
1859,1390.601279939036,0.9175766812726234,1388
1860,1390.601279939036,0.9175766812726234,1388
1861,1390.601279939036,0.9175766812726234,1388
1862,1390.601279939036,0.9175766812726234,1388
1863,1390.601279939036,0.9175766812726234,1388
1864,1390.601279939036,0.9175766812726234,1388
1865,1390.601279939036,0.9175766812726234,1388
1866,1390.601279939036,0.9175766812726234,1388
1867,1390.601279939036,0.9175766812726234,1388
1868,1390.601279939036,0.9175766812726234,1388
1869,1390.601279939036,0.9175766812726234,1388
1870,1390.601279939036,0.9175766812726234,1388
1871,1390.601279939036,0.9175766812726234,1388
1872,1390.601279939036,0.9175766812726234,1388
1873,1390.601279939036,0.9175766812726234,1388
1874,1390.601279939036,0.9175766812726234,1388
1875,1390.601279939036,0.9175766812726234,1388
1876,1390.601279939036,0.9175766812726234,1388
1877,1390.601279939036,0.9175766812726234,1388
1878,1390.601279939036,0.9175766812726234,1388
1879,1390.601279939036,0.9175766812726234,1388
1880,1390.601279939036,0.9175766812726234,1388
1881,1390.601279939036,0.9175766812726234,1388
1882,1390.601279939036,0.9175766812726234,1388
1883,1390.601279939036,0.9175766812726234,1388
1884,1390.601279939036,0.9175766812726234,1388
1885,1390.601279939036,0.9175766812726234,1388
1886,1390.601279939036,0.9175766812726234,1388
1887,1390.601279939036,0.9175766812726234,1388
1888,1390.601279939036,0.9175766812726234,1388
1889,1390.601279939036,0.9175766812726234,1388
1890,1390.601279939036,0.9175766812726234,1388
1891,1390.601279939036,0.9175766812726234,1388
1892,1390.601279939036,0.9175766812726234,1388
1893,1390.601279939036,0.9175766812726234,1388
1894,1390.601279939036,0.9175766812726234,1388
1895,1390.601279939036,0.9175766812726234,1388
1896,1390.601279939036,0.9175766812726234,1388
1897,1390.601279939036,0.9175766812726234,1388
1898,1390.601279939036,0.9175766812726234,1388
1899,1390.601279939036,0.9175766812726234,1388
1900,1390.601279939036,0.9175766812726234,1388
1901,1390.601279939036,0.9175766812726234,1388
1902,1390.601279939036,0.9175766812726234,1388
1903,1390.601279939036,0.9175766812726234,1388
1904,1390.601279939036,0.9175766812726234,1388
1905,1390.601279939036,0.9175766812726234,1388
1906,1390.601279939036,0.9175766812726234,1388
1907,1390.601279939036,0.9175766812726234,1388
1908,1390.601279939036,0.9175766812726234,1388
1909,1390.601279939036,0.9175766812726234,1388
1910,1390.601279939036,0.9175766812726234,1388
1911,1390.601279939036,0.9175766812726234,1388
1912,1390.601279939036,0.9175766812726234,1388
1913,1390.601279939036,0.9175766812726234,1388
1914,1390.601279939036,0.9175766812726234,1388
1915,1390.601279939036,0.9175766812726234,1388
1916,1390.601279939036,0.9175766812726234,1388
1917,1390.601279939036,0.9175766812726234,1388
1918,1390.601279939036,0.9175766812726234,1388
1919,1390.601279939036,0.9175766812726234,1388
1920,1390.601279939036,0.9175766812726234,1388
1921,1390.601279939036,0.9175766812726234,1388
1922,1390.601279939036,0.9175766812726234,1388
1923,1390.601279939036,0.9175766812726234,1388
1924,1390.601279939036,0.9175766812726234,1388
1925,1390.601279939036,0.9175766812726234,1388
1926,1390.601279939036,0.9175766812726234,1388
1927,1390.601279939036,0.9175766812726234,1388
1928,1390.601279939036,0.9175766812726234,1388
1929,1390.601279939036,0.9175766812726234,1388
1930,1390.601279939036,0.9175766812726234,1388
1931,1390.601279939036,0.9175766812726234,1388
1932,1390.601279939036,0.9175766812726234,1388
1933,1390.601279939036,0.9175766812726234,1388
1934,1390.601279939036,0.9175766812726234,1388
1935,1390.601279939036,0.9175766812726234,1388
1936,1390.601279939036,0.9175766812726234,1388
1937,1390.601279939036,0.9175766812726234,1388
1938,1390.601279939036,0.9175766812726234,1388
1939,1390.601279939036,0.9175766812726234,1388
1940,1390.601279939036,0.9175766812726234,1388
1941,1390.601279939036,0.9175766812726234,1388
1942,1390.601279939036,0.9175766812726234,1388
1943,1390.601279939036,0.9175766812726234,1388
1944,1390.601279939036,0.9175766812726234,1388
1945,1390.601279939036,0.9175766812726234,1388
1946,1390.601279939036,0.9175766812726234,1388
1947,1390.601279939036,0.9175766812726234,1388
1948,1390.601279939036,0.9175766812726234,1388
1949,1390.601279939036,0.9175766812726234,1388
1950,1390.601279939036,0.9175766812726234,1388
1951,1390.601279939036,0.9175766812726234,1388
1952,1390.601279939036,0.9175766812726234,1388
1953,1390.601279939036,0.9175766812726234,1388
1954,1390.601279939036,0.9175766812726234,1388
1955,1390.601279939036,0.9175766812726234,1388
1956,1390.601279939036,0.9175766812726234,1388
1957,1390.601279939036,0.9175766812726234,1388
1958,1390.601279939036,0.9175766812726234,1388
1959,1390.601279939036,0.9175766812726234,1388
1960,1390.601279939036,0.9175766812726234,1388
1961,1390.601279939036,0.9175766812726234,1388
1962,1390.601279939036,0.9175766812726234,1388
1963,1390.601279939036,0.9175766812726234,1388
1964,1390.601279939036,0.9175766812726234,1388
1965,1390.601279939036,0.9175766812726234,1388
1966,1390.601279939036,0.9175766812726234,1388
1967,1390.601279939036,0.9175766812726234,1388
1968,1390.601279939036,0.9175766812726234,1388
1969,1390.601279939036,0.9175766812726234,1388
1970,1393.6253766556958,0.9168131604659119,1391
1971,1393.6253766556958,0.9168131604659119,1391
1972,1393.6253766556958,0.9168131604659119,1391
1973,1393.6253766556958,0.9168131604659119,1391
1974,1393.6253766556958,0.9168131604659119,1391
1975,1393.6253766556958,0.9168131604659119,1391
1976,1393.6253766556958,0.9168131604659119,1391
1977,1393.6253766556958,0.9168131604659119,1391
1978,1393.6253766556958,0.9168131604659119,1391
1979,1393.6253766556958,0.9168131604659119,1391
1980,1393.6253766556958,0.9168131604659119,1391
1981,1393.6253766556958,0.9168131604659119,1391
1982,1393.6253766556958,0.9168131604659119,1391
1983,1393.6253766556958,0.9168131604659119,1391
1984,1393.6253766556958,0.9168131604659119,1391
1985,1393.6253766556958,0.9168131604659119,1391
1986,1393.6253766556958,0.9168131604659119,1391
1987,1393.6253766556958,0.9168131604659119,1391
1988,1393.6253766556958,0.9168131604659119,1391
1989,1393.6253766556958,0.9168131604659119,1391
1990,1393.6253766556958,0.9168131604659119,1391
1991,1393.6253766556958,0.9168131604659119,1391
1992,1393.6253766556958,0.9168131604659119,1391
1993,1393.6253766556958,0.9168131604659119,1391
1994,1393.6253766556958,0.9168131604659119,1391
1995,1393.6253766556958,0.9168131604659119,1391
1996,1393.6253766556958,0.9168131604659119,1391
1997,1393.6253766556958,0.9168131604659119,1391
1998,1393.6253766556958,0.9168131604659119,1391
1999,1393.6253766556958,0.9168131604659119,1391
2000,1393.6253766556958,0.9168131604659119,1391
2001,1393.6253766556958,0.9168131604659119,1391
2002,1393.6253766556958,0.9168131604659119,1391
2003,1393.6253766556958,0.9168131604659119,1391
2004,1392.6403528574817,0.9163386293573631,1390
2005,1392.6403528574817,0.9163386293573631,1390
2006,1392.6403528574817,0.9163386293573631,1390
2007,1392.6403528574817,0.9163386293573631,1390
2008,1392.6403528574817,0.9163386293573631,1390
2009,1392.6403528574817,0.9163386293573631,1390
2010,1392.6403528574817,0.9163386293573631,1390
2011,1392.6403528574817,0.9163386293573631,1390
2012,1393.6253766556958,0.9168131604659119,1391
2013,1393.6253766556958,0.9168131604659119,1391
2014,1393.6253766556958,0.9168131604659119,1391
2015,1393.6253766556958,0.9168131604659119,1391
2016,1393.6253766556958,0.9168131604659119,1391
2017,1393.6253766556958,0.9168131604659119,1391
2018,1393.6253766556958,0.9168131604659119,1391
2019,1393.6253766556958,0.9168131604659119,1391
2020,1393.6253766556958,0.9168131604659119,1391
2021,1393.6253766556958,0.9168131604659119,1391
2022,1393.6253766556958,0.9168131604659119,1391
2023,1393.6253766556958,0.9168131604659119,1391
2024,1393.6253766556958,0.9168131604659119,1391
2025,1393.6253766556958,0.9168131604659119,1391
2026,1393.6253766556958,0.9168131604659119,1391
2027,1393.6253766556958,0.9168131604659119,1391
2028,1393.6253766556958,0.9168131604659119,1391
2029,1393.6253766556958,0.9168131604659119,1391
2030,1393.6253766556958,0.9168131604659119,1391
2031,1393.6253766556958,0.9168131604659119,1391
2032,1393.6253766556958,0.9168131604659119,1391
2033,1393.6253766556958,0.9168131604659119,1391
2034,1393.6253766556958,0.9168131604659119,1391
2035,1393.6253766556958,0.9168131604659119,1391
2036,1393.6253766556958,0.9168131604659119,1391
2037,1393.6253766556958,0.9168131604659119,1391
2038,1393.6253766556958,0.9168131604659119,1391
2039,1393.6253766556958,0.9168131604659119,1391
2040,1393.6253766556958,0.9168131604659119,1391
2041,1402.697522489903,0.9145271707888823,1400
2042,1402.697522489903,0.9145271707888823,1400
2043,1402.697522489903,0.9145271707888823,1400
2044,1402.697522489903,0.9145271707888823,1400
2045,1402.697522489903,0.9145271707888823,1400
2046,1402.697522489903,0.9145271707888823,1400
2047,1402.697522489903,0.9145271707888823,1400
2048,1402.697522489903,0.9145271707888823,1400
2049,1402.697522489903,0.9145271707888823,1400
2050,1402.697522489903,0.9145271707888823,1400
2051,1402.697522489903,0.9145271707888823,1400
2052,1402.697522489903,0.9145271707888823,1400
2053,1402.697522489903,0.9145271707888823,1400
2054,1402.697522489903,0.9145271707888823,1400
2055,1402.697522489903,0.9145271707888823,1400
2056,1402.697522489903,0.9145271707888823,1400
2057,1402.697522489903,0.9145271707888823,1400
2058,1402.697522489903,0.9145271707888823,1400
2059,1402.697522489903,0.9145271707888823,1400
2060,1402.697522489903,0.9145271707888823,1400
2061,1402.697522489903,0.9145271707888823,1400
2062,1402.697522489903,0.9145271707888823,1400
2063,1402.697522489903,0.9145271707888823,1400
2064,1402.697522489903,0.9145271707888823,1400
2065,1402.697522489903,0.9145271707888823,1400
2066,1402.697522489903,0.9145271707888823,1400
2067,1402.697522489903,0.9145271707888823,1400
2068,1402.697522489903,0.9145271707888823,1400
2069,1402.697522489903,0.9145271707888823,1400
2070,1402.697522489903,0.9145271707888823,1400
2071,1402.697522489903,0.9145271707888823,1400
2072,1402.697522489903,0.9145271707888823,1400
2073,1402.697522489903,0.9145271707888823,1400
2074,1402.697522489903,0.9145271707888823,1400
2075,1402.697522489903,0.9145271707888823,1400
2076,1402.697522489903,0.9145271707888823,1400
2077,1402.697522489903,0.9145271707888823,1400
2078,1402.697522489903,0.9145271707888823,1400
2079,1402.697522489903,0.9145271707888823,1400
2080,1402.697522489903,0.9145271707888823,1400
2081,1402.697522489903,0.9145271707888823,1400
2082,1402.697522489903,0.9145271707888823,1400
2083,1402.697522489903,0.9145271707888823,1400
2084,1402.697522489903,0.9145271707888823,1400
2085,1402.697522489903,0.9145271707888823,1400
2086,1402.697522489903,0.9145271707888823,1400
2087,1402.697522489903,0.9145271707888823,1400
2088,1402.697522489903,0.9145271707888823,1400
2089,1402.697522489903,0.9145271707888823,1400
2090,1402.697522489903,0.9145271707888823,1400
2091,1402.697522489903,0.9145271707888823,1400
2092,1402.697522489903,0.9145271707888823,1400
2093,1402.697522489903,0.9145271707888823,1400
2094,1402.697522489903,0.9145271707888823,1400
2095,1402.697522489903,0.9145271707888823,1400
2096,1402.697522489903,0.9145271707888823,1400
2097,1402.697522489903,0.9145271707888823,1400
2098,1402.697522489903,0.9145271707888823,1400
2099,1402.697522489903,0.9145271707888823,1400
2100,1402.697522489903,0.9145271707888823,1400
2101,1402.697522489903,0.9145271707888823,1400
2102,1402.697522489903,0.9145271707888823,1400
2103,1402.697522489903,0.9145271707888823,1400
2104,1402.697522489903,0.9145271707888823,1400
2105,1402.697522489903,0.9145271707888823,1400
2106,1402.697522489903,0.9145271707888823,1400
2107,1402.697522489903,0.9145271707888823,1400
2108,1402.697522489903,0.9145271707888823,1400
2109,1402.697522489903,0.9145271707888823,1400
2110,1402.697522489903,0.9145271707888823,1400
2111,1402.697522489903,0.9145271707888823,1400
2112,1402.697522489903,0.9145271707888823,1400
2113,1402.697522489903,0.9145271707888823,1400
2114,1402.697522489903,0.9145271707888823,1400
2115,1402.697522489903,0.9145271707888823,1400
2116,1402.697522489903,0.9145271707888823,1400
2117,1402.697522489903,0.9145271707888823,1400
2118,1402.697522489903,0.9145271707888823,1400
2119,1402.697522489903,0.9145271707888823,1400
2120,1402.697522489903,0.9145271707888823,1400
2121,1402.697522489903,0.9145271707888823,1400
2122,1402.697522489903,0.9145271707888823,1400
2123,1402.697522489903,0.9145271707888823,1400
2124,1402.697522489903,0.9145271707888823,1400
2125,1402.697522489903,0.9145271707888823,1400
2126,1402.697522489903,0.9145271707888823,1400
2127,1402.697522489903,0.9145271707888823,1400
2128,1402.697522489903,0.9145271707888823,1400
2129,1402.697522489903,0.9145271707888823,1400
2130,1402.697522489903,0.9145271707888823,1400
2131,1402.697522489903,0.9145271707888823,1400
2132,1402.697522489903,0.9145271707888823,1400
2133,1402.697522489903,0.9145271707888823,1400
2134,1402.697522489903,0.9145271707888823,1400
2135,1402.697522489903,0.9145271707888823,1400
2136,1402.697522489903,0.9145271707888823,1400
2137,1402.697522489903,0.9145271707888823,1400
2138,1402.697522489903,0.9145271707888823,1400
2139,1402.697522489903,0.9145271707888823,1400
2140,1402.697522489903,0.9145271707888823,1400
2141,1402.697522489903,0.9145271707888823,1400
2142,1402.697522489903,0.9145271707888823,1400
2143,1402.697522489903,0.9145271707888823,1400
2144,1402.697522489903,0.9145271707888823,1400
2145,1402.697522489903,0.9145271707888823,1400
2146,1402.697522489903,0.9145271707888823,1400
2147,1402.697522489903,0.9145271707888823,1400
2148,1402.697522489903,0.9145271707888823,1400
2149,1402.697522489903,0.9145271707888823,1400
2150,1402.697522489903,0.9145271707888823,1400
2151,1402.697522489903,0.9145271707888823,1400
2152,1402.697522489903,0.9145271707888823,1400
2153,1402.697522489903,0.9145271707888823,1400
2154,1402.697522489903,0.9145271707888823,1400
2155,1402.697522489903,0.9145271707888823,1400
2156,1402.697522489903,0.9145271707888823,1400
2157,1402.697522489903,0.9145271707888823,1400
2158,1402.697522489903,0.9145271707888823,1400
2159,1402.697522489903,0.9145271707888823,1400
2160,1402.697522489903,0.9145271707888823,1400
2161,1402.697522489903,0.9145271707888823,1400
2162,1402.697522489903,0.9145271707888823,1400
2163,1402.697522489903,0.9145271707888823,1400
2164,1402.697522489903,0.9145271707888823,1400
2165,1402.697522489903,0.9145271707888823,1400
2166,1402.697522489903,0.9145271707888823,1400
2167,1402.697522489903,0.9145271707888823,1400
2168,1402.697522489903,0.9145271707888823,1400
2169,1402.697522489903,0.9145271707888823,1400
2170,1402.697522489903,0.9145271707888823,1400
2171,1402.697522489903,0.9145271707888823,1400
2172,1402.697522489903,0.9145271707888823,1400
2173,1402.697522489903,0.9145271707888823,1400
2174,1402.697522489903,0.9145271707888823,1400
2175,1402.697522489903,0.9145271707888823,1400
2176,1402.697522489903,0.9145271707888823,1400
2177,1394.6334037190927,0.9165588175192425,1392
2178,1394.6334037190927,0.9165588175192425,1392
2179,1396.6035852612893,0.9175036355738541,1394
2180,1395.437457992884,0.9227674907197728,1393
2181,1395.437457992884,0.9227674907197728,1393
2182,1395.437457992884,0.9227674907197728,1393
2183,1395.437457992884,0.9227674907197728,1393
2184,1395.437457992884,0.9227674907197728,1393
2185,1395.437457992884,0.9227674907197728,1393
2186,1395.437457992884,0.9227674907197728,1393
2187,1395.437457992884,0.9227674907197728,1393
2188,1395.437457992884,0.9227674907197728,1393
2189,1395.437457992884,0.9227674907197728,1393
2190,1395.437457992884,0.9227674907197728,1393
2191,1395.437457992884,0.9227674907197728,1393
2192,1395.437457992884,0.9227674907197728,1393
2193,1395.437457992884,0.9227674907197728,1393
2194,1395.437457992884,0.9227674907197728,1393
2195,1402.4929448804098,0.9210093510643297,1400
2196,1402.4929448804098,0.9210093510643297,1400
2197,1402.4929448804098,0.9210093510643297,1400
2198,1402.4929448804098,0.9210093510643297,1400
2199,1402.4929448804098,0.9210093510643297,1400
2200,1402.4929448804098,0.9210093510643297,1400
2201,1402.4929448804098,0.9210093510643297,1400
2202,1402.4929448804098,0.9210093510643297,1400
2203,1402.4929448804098,0.9210093510643297,1400
2204,1402.4929448804098,0.9210093510643297,1400
2205,1402.4929448804098,0.9210093510643297,1400
2206,1402.4929448804098,0.9210093510643297,1400
2207,1402.4929448804098,0.9210093510643297,1400
2208,1402.4929448804098,0.9210093510643297,1400
2209,1402.4929448804098,0.9210093510643297,1400
2210,1402.4929448804098,0.9210093510643297,1400
2211,1402.4929448804098,0.9210093510643297,1400
2212,1402.4929448804098,0.9210093510643297,1400
2213,1402.4929448804098,0.9210093510643297,1400
2214,1402.4929448804098,0.9210093510643297,1400
2215,1402.4929448804098,0.9210093510643297,1400
2216,1402.4929448804098,0.9210093510643297,1400
2217,1402.4929448804098,0.9210093510643297,1400
2218,1402.4929448804098,0.9210093510643297,1400
2219,1402.4929448804098,0.9210093510643297,1400
2220,1402.4929448804098,0.9210093510643297,1400
2221,1402.4929448804098,0.9210093510643297,1400
2222,1402.4929448804098,0.9210093510643297,1400
2223,1402.4929448804098,0.9210093510643297,1400
2224,1402.4929448804098,0.9210093510643297,1400
2225,1402.4929448804098,0.9210093510643297,1400
2226,1402.4929448804098,0.9210093510643297,1400
2227,1402.4929448804098,0.9210093510643297,1400
2228,1402.4929448804098,0.9210093510643297,1400
2229,1411.3647183844791,0.9250722945348779,1409
2230,1411.3647183844791,0.9250722945348779,1409
2231,1411.3647183844791,0.9250722945348779,1409
2232,1411.3647183844791,0.9250722945348779,1409
2233,1411.3647183844791,0.9250722945348779,1409
2234,1411.3647183844791,0.9250722945348779,1409
2235,1411.3647183844791,0.9250722945348779,1409
2236,1411.3647183844791,0.9250722945348779,1409
2237,1411.3647183844791,0.9250722945348779,1409
2238,1411.3647183844791,0.9250722945348779,1409
2239,1411.3647183844791,0.9250722945348779,1409
2240,1411.3647183844791,0.9250722945348779,1409
2241,1411.3647183844791,0.9250722945348779,1409
2242,1411.3647183844791,0.9250722945348779,1409
2243,1411.3647183844791,0.9250722945348779,1409
2244,1411.3647183844791,0.9250722945348779,1409
2245,1411.3647183844791,0.9250722945348779,1409
2246,1411.3647183844791,0.9250722945348779,1409
2247,1411.3647183844791,0.9250722945348779,1409
2248,1411.3647183844791,0.9250722945348779,1409
2249,1411.3647183844791,0.9250722945348779,1409
2250,1411.3647183844791,0.9250722945348779,1409
2251,1411.3647183844791,0.9250722945348779,1409
2252,1411.3647183844791,0.9250722945348779,1409
2253,1411.3647183844791,0.9250722945348779,1409
2254,1411.3647183844791,0.9250722945348779,1409
2255,1411.3647183844791,0.9250722945348779,1409
2256,1411.3647183844791,0.9250722945348779,1409
2257,1411.3647183844791,0.9250722945348779,1409
2258,1411.3647183844791,0.9250722945348779,1409
2259,1411.3647183844791,0.9250722945348779,1409
2260,1411.3647183844791,0.9250722945348779,1409
2261,1411.3647183844791,0.9250722945348779,1409
2262,1411.3647183844791,0.9250722945348779,1409
2263,1411.3647183844791,0.9250722945348779,1409
2264,1411.3647183844791,0.9250722945348779,1409
2265,1411.3647183844791,0.9250722945348779,1409
2266,1411.3647183844791,0.9250722945348779,1409
2267,1411.3647183844791,0.9250722945348779,1409
2268,1411.3647183844791,0.9250722945348779,1409
2269,1411.3647183844791,0.9250722945348779,1409
2270,1411.3647183844791,0.9250722945348779,1409
2271,1411.3647183844791,0.9250722945348779,1409
2272,1411.3647183844791,0.9250722945348779,1409
2273,1411.3647183844791,0.9250722945348779,1409
2274,1411.3647183844791,0.9250722945348779,1409
2275,1411.3647183844791,0.9250722945348779,1409
2276,1411.3647183844791,0.9250722945348779,1409
2277,1411.3647183844791,0.9250722945348779,1409
2278,1411.3647183844791,0.9250722945348779,1409
2279,1411.3647183844791,0.9250722945348779,1409
2280,1411.3647183844791,0.9250722945348779,1409
2281,1411.3647183844791,0.9250722945348779,1409
2282,1411.3647183844791,0.9250722945348779,1409
2283,1411.3647183844791,0.9250722945348779,1409
2284,1411.3647183844791,0.9250722945348779,1409
2285,1411.3647183844791,0.9250722945348779,1409
2286,1396.580762654681,0.9182267853396412,1394
2287,1396.580762654681,0.9182267853396412,1394
2288,1396.580762654681,0.9182267853396412,1394
2289,1396.580762654681,0.9182267853396412,1394
2290,1396.580762654681,0.9182267853396412,1394
2291,1396.580762654681,0.9182267853396412,1394
2292,1396.580762654681,0.9182267853396412,1394
2293,1396.580762654681,0.9182267853396412,1394
2294,1396.580762654681,0.9182267853396412,1394
2295,1396.580762654681,0.9182267853396412,1394
2296,1396.580762654681,0.9182267853396412,1394
2297,1396.580762654681,0.9182267853396412,1394
2298,1396.580762654681,0.9182267853396412,1394
2299,1396.580762654681,0.9182267853396412,1394
2300,1396.580762654681,0.9182267853396412,1394
2301,1396.580762654681,0.9182267853396412,1394
2302,1396.580762654681,0.9182267853396412,1394
2303,1396.580762654681,0.9182267853396412,1394
2304,1396.580762654681,0.9182267853396412,1394
2305,1396.580762654681,0.9182267853396412,1394
2306,1396.580762654681,0.9182267853396412,1394
2307,1396.580762654681,0.9182267853396412,1394
2308,1396.580762654681,0.9182267853396412,1394
2309,1396.580762654681,0.9182267853396412,1394
2310,1396.580762654681,0.9182267853396412,1394
2311,1396.580762654681,0.9182267853396412,1394
2312,1396.580762654681,0.9182267853396412,1394
2313,1396.580762654681,0.9182267853396412,1394
2314,1396.580762654681,0.9182267853396412,1394
2315,1396.580762654681,0.9182267853396412,1394
2316,1396.580762654681,0.9182267853396412,1394
2317,1396.580762654681,0.9182267853396412,1394
2318,1396.580762654681,0.9182267853396412,1394
2319,1396.580762654681,0.9182267853396412,1394
2320,1396.580762654681,0.9182267853396412,1394
2321,1396.580762654681,0.9182267853396412,1394
2322,1396.580762654681,0.9182267853396412,1394
2323,1396.580762654681,0.9182267853396412,1394
2324,1396.580762654681,0.9182267853396412,1394
2325,1396.580762654681,0.9182267853396412,1394
2326,1396.580762654681,0.9182267853396412,1394
2327,1396.580762654681,0.9182267853396412,1394
2328,1396.580762654681,0.9182267853396412,1394
2329,1396.580762654681,0.9182267853396412,1394
2330,1396.580762654681,0.9182267853396412,1394
2331,1396.580762654681,0.9182267853396412,1394
2332,1396.580762654681,0.9182267853396412,1394
2333,1396.580762654681,0.9182267853396412,1394
2334,1396.580762654681,0.9182267853396412,1394
2335,1396.580762654681,0.9182267853396412,1394
2336,1396.580762654681,0.9182267853396412,1394
2337,1396.580762654681,0.9182267853396412,1394
2338,1396.580762654681,0.9182267853396412,1394
2339,1396.580762654681,0.9182267853396412,1394
2340,1396.580762654681,0.9182267853396412,1394
2341,1396.580762654681,0.9182267853396412,1394
2342,1396.580762654681,0.9182267853396412,1394
2343,1396.580762654681,0.9182267853396412,1394
2344,1396.580762654681,0.9182267853396412,1394
2345,1396.580762654681,0.9182267853396412,1394
2346,1396.580762654681,0.9182267853396412,1394
2347,1396.580762654681,0.9182267853396412,1394
2348,1396.580762654681,0.9182267853396412,1394
2349,1396.580762654681,0.9182267853396412,1394
2350,1396.580762654681,0.9182267853396412,1394
2351,1396.580762654681,0.9182267853396412,1394
2352,1396.580762654681,0.9182267853396412,1394
2353,1397.5659959872537,0.918694677209961,1395
2354,1397.5659959872537,0.918694677209961,1395
2355,1397.5659959872537,0.918694677209961,1395
2356,1397.5659959872537,0.918694677209961,1395
2357,1397.5659959872537,0.918694677209961,1395
2358,1397.5659959872537,0.918694677209961,1395
2359,1397.5659959872537,0.918694677209961,1395
2360,1397.5659959872537,0.918694677209961,1395
2361,1397.5659959872537,0.918694677209961,1395
2362,1397.5659959872537,0.918694677209961,1395
2363,1397.5659959872537,0.918694677209961,1395
2364,1397.5659959872537,0.918694677209961,1395
2365,1397.5659959872537,0.918694677209961,1395
2366,1397.5659959872537,0.918694677209961,1395
2367,1397.5659959872537,0.918694677209961,1395
2368,1397.5659959872537,0.918694677209961,1395
2369,1397.5659959872537,0.918694677209961,1395
2370,1397.5659959872537,0.918694677209961,1395
2371,1397.5659959872537,0.918694677209961,1395
2372,1397.5659959872537,0.918694677209961,1395
2373,1397.5659959872537,0.918694677209961,1395
2374,1397.5659959872537,0.918694677209961,1395
2375,1397.5659959872537,0.918694677209961,1395
2376,1397.5659959872537,0.918694677209961,1395
2377,1397.5659959872537,0.918694677209961,1395
2378,1397.5659959872537,0.918694677209961,1395
2379,1397.5659959872537,0.918694677209961,1395
2380,1397.5659959872537,0.918694677209961,1395
2381,1397.5659959872537,0.918694677209961,1395
2382,1397.5659959872537,0.918694677209961,1395
2383,1397.5659959872537,0.918694677209961,1395
2384,1397.5659959872537,0.918694677209961,1395
2385,1397.5659959872537,0.918694677209961,1395
2386,1397.5659959872537,0.918694677209961,1395
2387,1397.5659959872537,0.918694677209961,1395
2388,1397.5659959872537,0.918694677209961,1395
2389,1397.5659959872537,0.918694677209961,1395
2390,1397.5659959872537,0.918694677209961,1395
2391,1397.5659959872537,0.918694677209961,1395
2392,1397.5659959872537,0.918694677209961,1395
2393,1397.5659959872537,0.918694677209961,1395
2394,1397.5659959872537,0.918694677209961,1395
2395,1397.5659959872537,0.918694677209961,1395
2396,1397.5659959872537,0.918694677209961,1395
2397,1397.5659959872537,0.918694677209961,1395
2398,1397.5659959872537,0.918694677209961,1395
2399,1397.5659959872537,0.918694677209961,1395
2400,1397.5659959872537,0.918694677209961,1395
2401,1397.5659959872537,0.918694677209961,1395
2402,1397.5659959872537,0.918694677209961,1395
2403,1397.5659959872537,0.918694677209961,1395
2404,1397.5659959872537,0.918694677209961,1395
2405,1397.5659959872537,0.918694677209961,1395
2406,1397.5659959872537,0.918694677209961,1395
2407,1397.5659959872537,0.918694677209961,1395
2408,1397.5659959872537,0.918694677209961,1395
2409,1397.5659959872537,0.918694677209961,1395
2410,1386.7313153502355,0.9134564210952001,1384
2411,1386.7313153502355,0.9134564210952001,1384
2412,1386.7313153502355,0.9134564210952001,1384
2413,1386.7313153502355,0.9134564210952001,1384
2414,1386.7313153502355,0.9134564210952001,1384
2415,1386.7313153502355,0.9134564210952001,1384
2416,1386.7313153502355,0.9134564210952001,1384
2417,1386.7313153502355,0.9134564210952001,1384
2418,1386.7313153502355,0.9134564210952001,1384
2419,1386.7313153502355,0.9134564210952001,1384
2420,1386.7313153502355,0.9134564210952001,1384
2421,1386.7313153502355,0.9134564210952001,1384
2422,1386.7313153502355,0.9134564210952001,1384
2423,1386.7313153502355,0.9134564210952001,1384
2424,1390.6704629226638,0.9153845715252291,1388
2425,1390.6704629226638,0.9153845715252291,1388
2426,1390.6704629226638,0.9153845715252291,1388
2427,1390.6704629226638,0.9153845715252291,1388
2428,1390.6704629226638,0.9153845715252291,1388
2429,1390.6704629226638,0.9153845715252291,1388
2430,1390.6704629226638,0.9153845715252291,1388
2431,1390.6704629226638,0.9153845715252291,1388
2432,1390.6704629226638,0.9153845715252291,1388
2433,1390.6704629226638,0.9153845715252291,1388
2434,1390.6704629226638,0.9153845715252291,1388
2435,1390.6704629226638,0.9153845715252291,1388
2436,1390.6704629226638,0.9153845715252291,1388
2437,1390.6704629226638,0.9153845715252291,1388
2438,1390.6704629226638,0.9153845715252291,1388
2439,1390.6704629226638,0.9153845715252291,1388
2440,1390.6704629226638,0.9153845715252291,1388
2441,1390.6704629226638,0.9153845715252291,1388
2442,1390.6704629226638,0.9153845715252291,1388
2443,1390.6704629226638,0.9153845715252291,1388
2444,1390.6704629226638,0.9153845715252291,1388
2445,1390.6704629226638,0.9153845715252291,1388
2446,1390.6704629226638,0.9153845715252291,1388
2447,1390.6704629226638,0.9153845715252291,1388
2448,1390.6704629226638,0.9153845715252291,1388
2449,1390.6704629226638,0.9153845715252291,1388
2450,1390.6704629226638,0.9153845715252291,1388
2451,1390.6704629226638,0.9153845715252291,1388
2452,1390.6704629226638,0.9153845715252291,1388
2453,1390.6704629226638,0.9153845715252291,1388
2454,1390.6704629226638,0.9153845715252291,1388
2455,1390.6704629226638,0.9153845715252291,1388
2456,1390.6704629226638,0.9153845715252291,1388
2457,1390.6704629226638,0.9153845715252291,1388
2458,1390.6704629226638,0.9153845715252291,1388
2459,1390.6704629226638,0.9153845715252291,1388
2460,1390.6704629226638,0.9153845715252291,1388
2461,1390.6704629226638,0.9153845715252291,1388
2462,1390.6704629226638,0.9153845715252291,1388
2463,1390.6704629226638,0.9153845715252291,1388
2464,1390.6704629226638,0.9153845715252291,1388
2465,1390.6704629226638,0.9153845715252291,1388
2466,1390.6704629226638,0.9153845715252291,1388
2467,1390.6704629226638,0.9153845715252291,1388
2468,1390.6704629226638,0.9153845715252291,1388
2469,1390.6704629226638,0.9153845715252291,1388
2470,1390.6704629226638,0.9153845715252291,1388
2471,1390.6704629226638,0.9153845715252291,1388
2472,1390.6704629226638,0.9153845715252291,1388
2473,1390.6704629226638,0.9153845715252291,1388
2474,1390.6704629226638,0.9153845715252291,1388
2475,1390.6704629226638,0.9153845715252291,1388
2476,1390.6704629226638,0.9153845715252291,1388
2477,1390.6704629226638,0.9153845715252291,1388
2478,1390.6704629226638,0.9153845715252291,1388
2479,1390.6704629226638,0.9153845715252291,1388
2480,1390.6704629226638,0.9153845715252291,1388
2481,1390.6704629226638,0.9153845715252291,1388
2482,1390.6704629226638,0.9153845715252291,1388
2483,1390.6704629226638,0.9153845715252291,1388
2484,1390.6704629226638,0.9153845715252291,1388
2485,1390.6704629226638,0.9153845715252291,1388
2486,1390.6704629226638,0.9153845715252291,1388
2487,1390.6704629226638,0.9153845715252291,1388
2488,1390.6704629226638,0.9153845715252291,1388
2489,1390.6704629226638,0.9153845715252291,1388
2490,1390.6704629226638,0.9153845715252291,1388
2491,1390.6704629226638,0.9153845715252291,1388
2492,1390.6704629226638,0.9153845715252291,1388
2493,1390.6704629226638,0.9153845715252291,1388
2494,1390.6704629226638,0.9153845715252291,1388
2495,1390.6704629226638,0.9153845715252291,1388
2496,1390.6704629226638,0.9153845715252291,1388
2497,1390.6704629226638,0.9153845715252291,1388
2498,1390.6704629226638,0.9153845715252291,1388
2499,1390.6704629226638,0.9153845715252291,1388
2500,1390.6704629226638,0.9153845715252291,1388
2501,1390.6704629226638,0.9153845715252291,1388
2502,1390.6704629226638,0.9153845715252291,1388
2503,1390.6704629226638,0.9153845715252291,1388
2504,1390.6704629226638,0.9153845715252291,1388
2505,1390.6704629226638,0.9153845715252291,1388
2506,1390.6704629226638,0.9153845715252291,1388
2507,1390.6704629226638,0.9153845715252291,1388
2508,1390.6704629226638,0.9153845715252291,1388
2509,1390.6704629226638,0.9153845715252291,1388
2510,1390.6704629226638,0.9153845715252291,1388
2511,1390.6704629226638,0.9153845715252291,1388
2512,1390.6704629226638,0.9153845715252291,1388
2513,1390.6704629226638,0.9153845715252291,1388
2514,1390.6704629226638,0.9153845715252291,1388
2515,1390.6704629226638,0.9153845715252291,1388
2516,1390.6704629226638,0.9153845715252291,1388
2517,1390.6704629226638,0.9153845715252291,1388
2518,1390.6704629226638,0.9153845715252291,1388
2519,1390.6704629226638,0.9153845715252291,1388
2520,1390.6704629226638,0.9153845715252291,1388
2521,1390.6704629226638,0.9153845715252291,1388
2522,1390.6704629226638,0.9153845715252291,1388
2523,1390.6704629226638,0.9153845715252291,1388
2524,1390.6704629226638,0.9153845715252291,1388
2525,1390.6704629226638,0.9153845715252291,1388
2526,1390.6704629226638,0.9153845715252291,1388
2527,1390.6704629226638,0.9153845715252291,1388
2528,1390.6704629226638,0.9153845715252291,1388
2529,1390.6704629226638,0.9153845715252291,1388
2530,1390.6704629226638,0.9153845715252291,1388
2531,1390.6704629226638,0.9153845715252291,1388
2532,1390.6704629226638,0.9153845715252291,1388
2533,1390.6704629226638,0.9153845715252291,1388
2534,1390.6704629226638,0.9153845715252291,1388
2535,1390.6704629226638,0.9153845715252291,1388
2536,1390.6704629226638,0.9153845715252291,1388
2537,1390.6704629226638,0.9153845715252291,1388
2538,1390.6704629226638,0.9153845715252291,1388
2539,1390.6704629226638,0.9153845715252291,1388
2540,1390.6704629226638,0.9153845715252291,1388
2541,1390.6704629226638,0.9153845715252291,1388
2542,1390.6704629226638,0.9153845715252291,1388
2543,1390.6704629226638,0.9153845715252291,1388
2544,1390.6704629226638,0.9153845715252291,1388
2545,1390.6704629226638,0.9153845715252291,1388
2546,1390.6704629226638,0.9153845715252291,1388
2547,1390.6704629226638,0.9153845715252291,1388
2548,1390.6704629226638,0.9153845715252291,1388
2549,1390.6704629226638,0.9153845715252291,1388
2550,1390.6704629226638,0.9153845715252291,1388
2551,1390.6704629226638,0.9153845715252291,1388
2552,1390.6704629226638,0.9153845715252291,1388
2553,1390.6704629226638,0.9153845715252291,1388
2554,1390.6704629226638,0.9153845715252291,1388
2555,1390.6704629226638,0.9153845715252291,1388
2556,1390.6704629226638,0.9153845715252291,1388
2557,1390.6704629226638,0.9153845715252291,1388
2558,1390.6704629226638,0.9153845715252291,1388
2559,1390.6704629226638,0.9153845715252291,1388
2560,1390.6704629226638,0.9153845715252291,1388
2561,1390.6704629226638,0.9153845715252291,1388
2562,1390.6704629226638,0.9153845715252291,1388
2563,1390.6704629226638,0.9153845715252291,1388
2564,1390.6704629226638,0.9153845715252291,1388
2565,1390.6704629226638,0.9153845715252291,1388
2566,1390.6704629226638,0.9153845715252291,1388
2567,1390.6704629226638,0.9153845715252291,1388
2568,1390.6704629226638,0.9153845715252291,1388
2569,1396.580762654681,0.9182267853396412,1394
2570,1396.580762654681,0.9182267853396412,1394
2571,1396.580762654681,0.9182267853396412,1394
2572,1396.580762654681,0.9182267853396412,1394
2573,1396.580762654681,0.9182267853396412,1394
2574,1396.580762654681,0.9182267853396412,1394
2575,1396.580762654681,0.9182267853396412,1394
2576,1396.580762654681,0.9182267853396412,1394
2577,1396.580762654681,0.9182267853396412,1394
2578,1396.580762654681,0.9182267853396412,1394
2579,1390.6704629226638,0.9153845715252291,1388
2580,1390.6704629226638,0.9153845715252291,1388
2581,1390.6704629226638,0.9153845715252291,1388
2582,1390.6704629226638,0.9153845715252291,1388
2583,1390.6704629226638,0.9153845715252291,1388
2584,1390.6704629226638,0.9153845715252291,1388
2585,1390.6704629226638,0.9153845715252291,1388
2586,1390.6704629226638,0.9153845715252291,1388
2587,1390.6704629226638,0.9153845715252291,1388
2588,1390.6704629226638,0.9153845715252291,1388
2589,1390.6704629226638,0.9153845715252291,1388
2590,1390.6704629226638,0.9153845715252291,1388
2591,1390.6704629226638,0.9153845715252291,1388
2592,1390.6704629226638,0.9153845715252291,1388
2593,1390.6704629226638,0.9153845715252291,1388
2594,1390.6704629226638,0.9153845715252291,1388
2595,1390.6704629226638,0.9153845715252291,1388
2596,1390.6704629226638,0.9153845715252291,1388
2597,1390.6704629226638,0.9153845715252291,1388
2598,1390.6704629226638,0.9153845715252291,1388
2599,1390.6704629226638,0.9153845715252291,1388
2600,1390.6704629226638,0.9153845715252291,1388
2601,1390.6704629226638,0.9153845715252291,1388
2602,1390.6704629226638,0.9153845715252291,1388
2603,1390.6704629226638,0.9153845715252291,1388
2604,1390.6704629226638,0.9153845715252291,1388
2605,1390.6704629226638,0.9153845715252291,1388
2606,1390.6704629226638,0.9153845715252291,1388
2607,1390.6704629226638,0.9153845715252291,1388
2608,1390.6704629226638,0.9153845715252291,1388
2609,1390.6704629226638,0.9153845715252291,1388
2610,1390.6704629226638,0.9153845715252291,1388
2611,1390.6704629226638,0.9153845715252291,1388
2612,1390.6704629226638,0.9153845715252291,1388
2613,1390.6704629226638,0.9153845715252291,1388
2614,1390.6704629226638,0.9153845715252291,1388
2615,1390.6704629226638,0.9153845715252291,1388
2616,1390.6704629226638,0.9153845715252291,1388
2617,1390.6704629226638,0.9153845715252291,1388
2618,1390.6704629226638,0.9153845715252291,1388
2619,1390.6704629226638,0.9153845715252291,1388
2620,1390.6704629226638,0.9153845715252291,1388
2621,1390.6704629226638,0.9153845715252291,1388
2622,1390.6704629226638,0.9153845715252291,1388
2623,1390.6704629226638,0.9153845715252291,1388
2624,1390.6704629226638,0.9153845715252291,1388
2625,1390.6704629226638,0.9153845715252291,1388
2626,1390.6704629226638,0.9153845715252291,1388
2627,1390.6704629226638,0.9153845715252291,1388
2628,1390.6704629226638,0.9153845715252291,1388
2629,1390.6704629226638,0.9153845715252291,1388
2630,1390.6704629226638,0.9153845715252291,1388
2631,1390.6704629226638,0.9153845715252291,1388
2632,1390.6704629226638,0.9153845715252291,1388
2633,1390.6704629226638,0.9153845715252291,1388
2634,1390.6704629226638,0.9153845715252291,1388
2635,1390.6704629226638,0.9153845715252291,1388
2636,1390.6704629226638,0.9153845715252291,1388
2637,1390.6704629226638,0.9153845715252291,1388
2638,1390.6704629226638,0.9153845715252291,1388
2639,1390.6704629226638,0.9153845715252291,1388
2640,1390.6704629226638,0.9153845715252291,1388
2641,1390.6704629226638,0.9153845715252291,1388
2642,1390.6704629226638,0.9153845715252291,1388
2643,1390.6704629226638,0.9153845715252291,1388
2644,1390.6704629226638,0.9153845715252291,1388
2645,1390.6704629226638,0.9153845715252291,1388
2646,1390.6704629226638,0.9153845715252291,1388
2647,1396.580762654681,0.9182267853396412,1394
2648,1396.580762654681,0.9182267853396412,1394
2649,1396.580762654681,0.9182267853396412,1394
2650,1396.580762654681,0.9182267853396412,1394
2651,1396.580762654681,0.9182267853396412,1394
2652,1396.580762654681,0.9182267853396412,1394
2653,1396.580762654681,0.9182267853396412,1394
2654,1396.580762654681,0.9182267853396412,1394
2655,1396.580762654681,0.9182267853396412,1394
2656,1396.580762654681,0.9182267853396412,1394
2657,1396.580762654681,0.9182267853396412,1394
2658,1396.580762654681,0.9182267853396412,1394
2659,1396.580762654681,0.9182267853396412,1394
2660,1396.580762654681,0.9182267853396412,1394
2661,1396.580762654681,0.9182267853396412,1394
2662,1396.580762654681,0.9182267853396412,1394
2663,1396.580762654681,0.9182267853396412,1394
2664,1396.580762654681,0.9182267853396412,1394
2665,1396.580762654681,0.9182267853396412,1394
2666,1396.580762654681,0.9182267853396412,1394
2667,1396.580762654681,0.9182267853396412,1394
2668,1396.580762654681,0.9182267853396412,1394
2669,1396.580762654681,0.9182267853396412,1394
2670,1396.580762654681,0.9182267853396412,1394
2671,1396.580762654681,0.9182267853396412,1394
2672,1396.580762654681,0.9182267853396412,1394
2673,1396.580762654681,0.9182267853396412,1394
2674,1396.580762654681,0.9182267853396412,1394
2675,1396.580762654681,0.9182267853396412,1394
2676,1396.580762654681,0.9182267853396412,1394
2677,1396.580762654681,0.9182267853396412,1394
2678,1396.580762654681,0.9182267853396412,1394
2679,1396.580762654681,0.9182267853396412,1394
2680,1396.580762654681,0.9182267853396412,1394
2681,1396.580762654681,0.9182267853396412,1394
2682,1396.580762654681,0.9182267853396412,1394
2683,1396.580762654681,0.9182267853396412,1394
2684,1396.580762654681,0.9182267853396412,1394
2685,1396.580762654681,0.9182267853396412,1394
2686,1396.580762654681,0.9182267853396412,1394
2687,1396.580762654681,0.9182267853396412,1394
2688,1396.580762654681,0.9182267853396412,1394
2689,1396.580762654681,0.9182267853396412,1394
2690,1396.580762654681,0.9182267853396412,1394
2691,1396.580762654681,0.9182267853396412,1394
2692,1396.580762654681,0.9182267853396412,1394
2693,1396.580762654681,0.9182267853396412,1394
2694,1396.580762654681,0.9182267853396412,1394
2695,1396.580762654681,0.9182267853396412,1394
2696,1396.580762654681,0.9182267853396412,1394
2697,1396.580762654681,0.9182267853396412,1394
2698,1396.580762654681,0.9182267853396412,1394
2699,1396.580762654681,0.9182267853396412,1394
2700,1396.580762654681,0.9182267853396412,1394
2701,1396.580762654681,0.9182267853396412,1394
2702,1396.580762654681,0.9182267853396412,1394
2703,1396.580762654681,0.9182267853396412,1394
2704,1396.580762654681,0.9182267853396412,1394
2705,1396.580762654681,0.9182267853396412,1394
2706,1396.580762654681,0.9182267853396412,1394
2707,1394.6104529281552,0.9172860288924194,1392
2708,1394.6104529281552,0.9172860288924194,1392
2709,1394.6104529281552,0.9172860288924194,1392
2710,1394.6104529281552,0.9172860288924194,1392
2711,1394.6104529281552,0.9172860288924194,1392
2712,1394.6104529281552,0.9172860288924194,1392
2713,1394.6104529281552,0.9172860288924194,1392
2714,1394.6104529281552,0.9172860288924194,1392
2715,1394.6104529281552,0.9172860288924194,1392
2716,1394.6104529281552,0.9172860288924194,1392
2717,1394.6104529281552,0.9172860288924194,1392
2718,1394.6104529281552,0.9172860288924194,1392
2719,1394.6104529281552,0.9172860288924194,1392
2720,1394.6104529281552,0.9172860288924194,1392
2721,1394.6104529281552,0.9172860288924194,1392
2722,1394.6104529281552,0.9172860288924194,1392
2723,1394.6104529281552,0.9172860288924194,1392
2724,1394.6104529281552,0.9172860288924194,1392
2725,1394.6104529281552,0.9172860288924194,1392
2726,1394.6104529281552,0.9172860288924194,1392
2727,1394.6104529281552,0.9172860288924194,1392
2728,1394.6104529281552,0.9172860288924194,1392
2729,1394.6104529281552,0.9172860288924194,1392
2730,1394.6104529281552,0.9172860288924194,1392
2731,1394.6104529281552,0.9172860288924194,1392
2732,1394.6104529281552,0.9172860288924194,1392
2733,1394.6104529281552,0.9172860288924194,1392
2734,1394.6104529281552,0.9172860288924194,1392
2735,1394.6104529281552,0.9172860288924194,1392
2736,1394.6104529281552,0.9172860288924194,1392
2737,1394.6104529281552,0.9172860288924194,1392
2738,1394.6104529281552,0.9172860288924194,1392
2739,1394.6104529281552,0.9172860288924194,1392
2740,1394.6104529281552,0.9172860288924194,1392
2741,1394.6104529281552,0.9172860288924194,1392
2742,1394.6104529281552,0.9172860288924194,1392
2743,1394.6104529281552,0.9172860288924194,1392
2744,1394.6104529281552,0.9172860288924194,1392
2745,1394.6104529281552,0.9172860288924194,1392
2746,1394.6104529281552,0.9172860288924194,1392
2747,1394.6104529281552,0.9172860288924194,1392
2748,1394.6104529281552,0.9172860288924194,1392
2749,1394.6104529281552,0.9172860288924194,1392
2750,1394.6104529281552,0.9172860288924194,1392
2751,1394.6104529281552,0.9172860288924194,1392
2752,1394.6104529281552,0.9172860288924194,1392
2753,1394.6104529281552,0.9172860288924194,1392
2754,1394.6104529281552,0.9172860288924194,1392
2755,1394.6104529281552,0.9172860288924194,1392
2756,1394.6104529281552,0.9172860288924194,1392
2757,1394.6104529281552,0.9172860288924194,1392
2758,1394.6104529281552,0.9172860288924194,1392
2759,1391.655381593326,0.9158624336715463,1389
2760,1391.655381593326,0.9158624336715463,1389
2761,1391.655381593326,0.9158624336715463,1389
2762,1391.655381593326,0.9158624336715463,1389
2763,1391.655381593326,0.9158624336715463,1389
2764,1391.655381593326,0.9158624336715463,1389
2765,1391.655381593326,0.9158624336715463,1389
2766,1391.655381593326,0.9158624336715463,1389
2767,1386.7313153502355,0.9134564210952001,1384
2768,1386.7313153502355,0.9134564210952001,1384
2769,1386.7313153502355,0.9134564210952001,1384
2770,1386.7313153502355,0.9134564210952001,1384
2771,1386.7313153502355,0.9134564210952001,1384
2772,1386.7313153502355,0.9134564210952001,1384
2773,1386.7313153502355,0.9134564210952001,1384
2774,1386.7313153502355,0.9134564210952001,1384
2775,1386.7313153502355,0.9134564210952001,1384
2776,1386.7313153502355,0.9134564210952001,1384
2777,1386.7313153502355,0.9134564210952001,1384
2778,1386.7313153502355,0.9134564210952001,1384
2779,1386.7313153502355,0.9134564210952001,1384
2780,1386.7313153502355,0.9134564210952001,1384
2781,1386.7313153502355,0.9134564210952001,1384
2782,1386.7313153502355,0.9134564210952001,1384
2783,1386.7313153502355,0.9134564210952001,1384
2784,1386.7313153502355,0.9134564210952001,1384
2785,1386.7313153502355,0.9134564210952001,1384
2786,1386.7313153502355,0.9134564210952001,1384
2787,1386.7313153502355,0.9134564210952001,1384
2788,1386.7313153502355,0.9134564210952001,1384
2789,1386.7313153502355,0.9134564210952001,1384
2790,1369.0156736393724,0.9044463358880748,1366
2791,1369.0156736393724,0.9044463358880748,1366
2792,1369.0156736393724,0.9044463358880748,1366
2793,1369.0156736393724,0.9044463358880748,1366
2794,1369.0156736393724,0.9044463358880748,1366
2795,1369.0156736393724,0.9044463358880748,1366
2796,1369.0156736393724,0.9044463358880748,1366
2797,1369.0156736393724,0.9044463358880748,1366
2798,1369.0156736393724,0.9044463358880748,1366
2799,1369.0156736393724,0.9044463358880748,1366
2800,1369.0156736393724,0.9044463358880748,1366
2801,1369.0156736393724,0.9044463358880748,1366
2802,1369.0156736393724,0.9044463358880748,1366
2803,1369.0156736393724,0.9044463358880748,1366
2804,1369.0156736393724,0.9044463358880748,1366
2805,1369.0156736393724,0.9044463358880748,1366
2806,1369.0156736393724,0.9044463358880748,1366
2807,1369.0156736393724,0.9044463358880748,1366
2808,1369.0156736393724,0.9044463358880748,1366
2809,1369.0156736393724,0.9044463358880748,1366
2810,1369.0156736393724,0.9044463358880748,1366
2811,1369.0156736393724,0.9044463358880748,1366
2812,1369.0156736393724,0.9044463358880748,1366
2813,1369.0156736393724,0.9044463358880748,1366
2814,1369.0156736393724,0.9044463358880748,1366
2815,1369.0156736393724,0.9044463358880748,1366
2816,1369.0156736393724,0.9044463358880748,1366
2817,1369.0156736393724,0.9044463358880748,1366
2818,1369.0156736393724,0.9044463358880748,1366
2819,1369.0156736393724,0.9044463358880748,1366
2820,1369.0156736393724,0.9044463358880748,1366
2821,1369.0156736393724,0.9044463358880748,1366
2822,1369.0156736393724,0.9044463358880748,1366
2823,1369.0156736393724,0.9044463358880748,1366
2824,1369.0156736393724,0.9044463358880748,1366
2825,1369.0156736393724,0.9044463358880748,1366
2826,1369.0156736393724,0.9044463358880748,1366
2827,1369.0156736393724,0.9044463358880748,1366
2828,1369.0156736393724,0.9044463358880748,1366
2829,1369.0156736393724,0.9044463358880748,1366
2830,1369.0156736393724,0.9044463358880748,1366
2831,1369.0156736393724,0.9044463358880748,1366
2832,1364.0977454645308,0.9018458344571995,1361
2833,1364.0977454645308,0.9018458344571995,1361
2834,1364.0977454645308,0.9018458344571995,1361
2835,1364.0977454645308,0.9018458344571995,1361
2836,1364.0977454645308,0.9018458344571995,1361
2837,1364.0977454645308,0.9018458344571995,1361
2838,1364.0977454645308,0.9018458344571995,1361
2839,1364.0977454645308,0.9018458344571995,1361
2840,1364.0977454645308,0.9018458344571995,1361
2841,1364.0977454645308,0.9018458344571995,1361
2842,1364.0977454645308,0.9018458344571995,1361
2843,1364.0977454645308,0.9018458344571995,1361
2844,1364.0977454645308,0.9018458344571995,1361
2845,1363.0894044200274,0.9021101261081284,1360
2846,1363.0894044200274,0.9021101261081284,1360
2847,1363.0894044200274,0.9021101261081284,1360
2848,1363.0894044200274,0.9021101261081284,1360
2849,1363.0894044200274,0.9021101261081284,1360
2850,1363.0894044200274,0.9021101261081284,1360
2851,1363.0894044200274,0.9021101261081284,1360
2852,1363.0894044200274,0.9021101261081284,1360
2853,1363.0894044200274,0.9021101261081284,1360
2854,1363.0894044200274,0.9021101261081284,1360
2855,1363.0894044200274,0.9021101261081284,1360
2856,1363.0894044200274,0.9021101261081284,1360
2857,1363.0894044200274,0.9021101261081284,1360
2858,1363.0894044200274,0.9021101261081284,1360
2859,1359.0559937756402,0.9031687650304144,1356
2860,1359.0559937756402,0.9031687650304144,1356
2861,1359.0559937756402,0.9031687650304144,1356
2862,1359.0559937756402,0.9031687650304144,1356
2863,1359.0559937756402,0.9031687650304144,1356
2864,1359.0559937756402,0.9031687650304144,1356
2865,1359.0559937756402,0.9031687650304144,1356
2866,1359.0559937756402,0.9031687650304144,1356
2867,1359.0559937756402,0.9031687650304144,1356
2868,1359.0559937756402,0.9031687650304144,1356
2869,1359.0559937756402,0.9031687650304144,1356
2870,1359.0559937756402,0.9031687650304144,1356
2871,1359.0559937756402,0.9031687650304144,1356
2872,1360.0643533577775,0.9029038860019789,1357
2873,1360.0643533577775,0.9029038860019789,1357
2874,1360.0643533577775,0.9029038860019789,1357
2875,1360.0643533577775,0.9029038860019789,1357
2876,1360.0643533577775,0.9029038860019789,1357
2877,1360.0643533577775,0.9029038860019789,1357
2878,1360.0643533577775,0.9029038860019789,1357
2879,1360.0643533577775,0.9029038860019789,1357
2880,1360.0643533577775,0.9029038860019789,1357
2881,1360.0643533577775,0.9029038860019789,1357
2882,1360.0643533577775,0.9029038860019789,1357
2883,1360.0643533577775,0.9029038860019789,1357
2884,1360.0643533577775,0.9029038860019789,1357
2885,1360.0643533577775,0.9029038860019789,1357
2886,1360.0643533577775,0.9029038860019789,1357
2887,1360.0643533577775,0.9029038860019789,1357
2888,1360.0643533577775,0.9029038860019789,1357
2889,1360.0643533577775,0.9029038860019789,1357
2890,1360.0643533577775,0.9029038860019789,1357
2891,1360.0643533577775,0.9029038860019789,1357
2892,1360.0643533577775,0.9029038860019789,1357
2893,1360.0643533577775,0.9029038860019789,1357
2894,1360.0643533577775,0.9029038860019789,1357
2895,1360.0643533577775,0.9029038860019789,1357
2896,1360.0643533577775,0.9029038860019789,1357
2897,1360.0643533577775,0.9029038860019789,1357
2898,1360.0643533577775,0.9029038860019789,1357
2899,1360.0643533577775,0.9029038860019789,1357
2900,1360.0643533577775,0.9029038860019789,1357
2901,1360.0643533577775,0.9029038860019789,1357
2902,1360.0643533577775,0.9029038860019789,1357
2903,1360.0643533577775,0.9029038860019789,1357
2904,1360.0643533577775,0.9029038860019789,1357
2905,1360.0643533577775,0.9029038860019789,1357
2906,1360.0643533577775,0.9029038860019789,1357
2907,1360.0643533577775,0.9029038860019789,1357
2908,1360.0643533577775,0.9029038860019789,1357
2909,1360.0643533577775,0.9029038860019789,1357
2910,1360.0643533577775,0.9029038860019789,1357
2911,1360.0643533577775,0.9029038860019789,1357
2912,1360.0643533577775,0.9029038860019789,1357
2913,1360.0643533577775,0.9029038860019789,1357
2914,1360.0643533577775,0.9029038860019789,1357
2915,1360.0643533577775,0.9029038860019789,1357
2916,1360.0643533577775,0.9029038860019789,1357
2917,1360.0643533577775,0.9029038860019789,1357
2918,1360.0643533577775,0.9029038860019789,1357
2919,1360.0643533577775,0.9029038860019789,1357
2920,1360.0643533577775,0.9029038860019789,1357
2921,1360.0643533577775,0.9029038860019789,1357
2922,1360.0643533577775,0.9029038860019789,1357
2923,1360.0643533577775,0.9029038860019789,1357
2924,1360.0643533577775,0.9029038860019789,1357
2925,1360.0643533577775,0.9029038860019789,1357
2926,1360.0643533577775,0.9029038860019789,1357
2927,1360.0643533577775,0.9029038860019789,1357
2928,1360.0643533577775,0.9029038860019789,1357
2929,1360.0643533577775,0.9029038860019789,1357
2930,1360.0643533577775,0.9029038860019789,1357
2931,1360.0643533577775,0.9029038860019789,1357
2932,1360.0643533577775,0.9029038860019789,1357
2933,1360.0643533577775,0.9029038860019789,1357
2934,1360.0643533577775,0.9029038860019789,1357
2935,1360.0643533577775,0.9029038860019789,1357
2936,1360.0643533577775,0.9029038860019789,1357
2937,1360.0643533577775,0.9029038860019789,1357
2938,1360.0643533577775,0.9029038860019789,1357
2939,1360.0643533577775,0.9029038860019789,1357
2940,1360.0643533577775,0.9029038860019789,1357
2941,1360.0643533577775,0.9029038860019789,1357
2942,1360.0643533577775,0.9029038860019789,1357
2943,1360.0643533577775,0.9029038860019789,1357
2944,1360.0643533577775,0.9029038860019789,1357
2945,1360.0643533577775,0.9029038860019789,1357
2946,1360.0643533577775,0.9029038860019789,1357
2947,1360.0643533577775,0.9029038860019789,1357
2948,1360.0643533577775,0.9029038860019789,1357
2949,1360.0643533577775,0.9029038860019789,1357
2950,1360.0643533577775,0.9029038860019789,1357
2951,1360.0643533577775,0.9029038860019789,1357
2952,1360.0643533577775,0.9029038860019789,1357
2953,1360.0643533577775,0.9029038860019789,1357
2954,1360.0643533577775,0.9029038860019789,1357
2955,1360.0643533577775,0.9029038860019789,1357
2956,1360.0643533577775,0.9029038860019789,1357
2957,1360.0643533577775,0.9029038860019789,1357
2958,1360.0643533577775,0.9029038860019789,1357
2959,1360.0643533577775,0.9029038860019789,1357
2960,1360.0643533577775,0.9029038860019789,1357
2961,1360.0643533577775,0.9029038860019789,1357
2962,1360.0643533577775,0.9029038860019789,1357
2963,1360.0643533577775,0.9029038860019789,1357
2964,1360.0643533577775,0.9029038860019789,1357
2965,1360.0643533577775,0.9029038860019789,1357
2966,1360.0643533577775,0.9029038860019789,1357
2967,1360.0643533577775,0.9029038860019789,1357
2968,1360.0643533577775,0.9029038860019789,1357
2969,1360.0643533577775,0.9029038860019789,1357
2970,1360.0643533577775,0.9029038860019789,1357
2971,1360.0643533577775,0.9029038860019789,1357
2972,1360.0643533577775,0.9029038860019789,1357
2973,1358.047629620809,0.9034337889477502,1355
2974,1358.047629620809,0.9034337889477502,1355
2975,1358.047629620809,0.9034337889477502,1355
2976,1358.047629620809,0.9034337889477502,1355
2977,1358.047629620809,0.9034337889477502,1355
2978,1358.047629620809,0.9034337889477502,1355
2979,1358.047629620809,0.9034337889477502,1355
2980,1358.047629620809,0.9034337889477502,1355
2981,1358.047629620809,0.9034337889477502,1355
2982,1358.047629620809,0.9034337889477502,1355
2983,1358.047629620809,0.9034337889477502,1355
2984,1358.047629620809,0.9034337889477502,1355
2985,1358.047629620809,0.9034337889477502,1355
2986,1358.047629620809,0.9034337889477502,1355
2987,1358.047629620809,0.9034337889477502,1355
2988,1358.047629620809,0.9034337889477502,1355
2989,1358.047629620809,0.9034337889477502,1355
2990,1358.047629620809,0.9034337889477502,1355
2991,1358.047629620809,0.9034337889477502,1355
2992,1358.047629620809,0.9034337889477502,1355
2993,1358.047629620809,0.9034337889477502,1355
2994,1358.047629620809,0.9034337889477502,1355
2995,1358.047629620809,0.9034337889477502,1355
2996,1358.047629620809,0.9034337889477502,1355
2997,1358.047629620809,0.9034337889477502,1355
2998,1358.047629620809,0.9034337889477502,1355
2999,1358.047629620809,0.9034337889477502,1355
3000,1358.047629620809,0.9034337889477502,1355
3001,1358.047629620809,0.9034337889477502,1355
3002,1358.047629620809,0.9034337889477502,1355
3003,1358.047629620809,0.9034337889477502,1355
3004,1358.047629620809,0.9034337889477502,1355
3005,1358.047629620809,0.9034337889477502,1355
3006,1358.047629620809,0.9034337889477502,1355
3007,1358.047629620809,0.9034337889477502,1355
3008,1358.047629620809,0.9034337889477502,1355
3009,1358.047629620809,0.9034337889477502,1355
3010,1358.047629620809,0.9034337889477502,1355
3011,1358.047629620809,0.9034337889477502,1355
3012,1358.047629620809,0.9034337889477502,1355
3013,1358.047629620809,0.9034337889477502,1355
3014,1358.047629620809,0.9034337889477502,1355
3015,1359.0559937756402,0.9031687650304144,1356
3016,1359.0559937756402,0.9031687650304144,1356
3017,1359.0559937756402,0.9031687650304144,1356
3018,1359.0559937756402,0.9031687650304144,1356
3019,1359.0559937756402,0.9031687650304144,1356
3020,1359.0559937756402,0.9031687650304144,1356
3021,1359.0559937756402,0.9031687650304144,1356
3022,1359.0559937756402,0.9031687650304144,1356
3023,1359.0559937756402,0.9031687650304144,1356
3024,1359.0559937756402,0.9031687650304144,1356
3025,1359.0559937756402,0.9031687650304144,1356
3026,1359.0559937756402,0.9031687650304144,1356
3027,1359.0559937756402,0.9031687650304144,1356
3028,1359.0559937756402,0.9031687650304144,1356
3029,1359.0559937756402,0.9031687650304144,1356
3030,1359.0559937756402,0.9031687650304144,1356
3031,1359.0559937756402,0.9031687650304144,1356
3032,1359.0559937756402,0.9031687650304144,1356
3033,1359.0559937756402,0.9031687650304144,1356
3034,1359.0559937756402,0.9031687650304144,1356
3035,1359.0559937756402,0.9031687650304144,1356
3036,1359.0559937756402,0.9031687650304144,1356
3037,1359.0559937756402,0.9031687650304144,1356
3038,1359.0559937756402,0.9031687650304144,1356
3039,1359.0559937756402,0.9031687650304144,1356
3040,1359.0559937756402,0.9031687650304144,1356
3041,1359.0559937756402,0.9031687650304144,1356
3042,1359.0559937756402,0.9031687650304144,1356
3043,1359.0559937756402,0.9031687650304144,1356
3044,1359.0559937756402,0.9031687650304144,1356
3045,1359.0559937756402,0.9031687650304144,1356
3046,1359.0559937756402,0.9031687650304144,1356
3047,1359.0559937756402,0.9031687650304144,1356
3048,1359.0559937756402,0.9031687650304144,1356
3049,1359.0559937756402,0.9031687650304144,1356
3050,1359.0559937756402,0.9031687650304144,1356
3051,1359.0559937756402,0.9031687650304144,1356
3052,1359.0559937756402,0.9031687650304144,1356
3053,1359.0559937756402,0.9031687650304144,1356
3054,1359.0559937756402,0.9031687650304144,1356
3055,1359.0559937756402,0.9031687650304144,1356
3056,1359.0559937756402,0.9031687650304144,1356
3057,1359.0559937756402,0.9031687650304144,1356
3058,1359.0559937756402,0.9031687650304144,1356
3059,1359.0559937756402,0.9031687650304144,1356
3060,1359.0559937756402,0.9031687650304144,1356
3061,1359.0559937756402,0.9031687650304144,1356
3062,1359.0559937756402,0.9031687650304144,1356
3063,1359.0559937756402,0.9031687650304144,1356
3064,1359.0559937756402,0.9031687650304144,1356
3065,1359.0559937756402,0.9031687650304144,1356
3066,1359.0559937756402,0.9031687650304144,1356
3067,1359.0559937756402,0.9031687650304144,1356
3068,1359.0559937756402,0.9031687650304144,1356
3069,1359.0559937756402,0.9031687650304144,1356
3070,1359.0559937756402,0.9031687650304144,1356
3071,1359.0559937756402,0.9031687650304144,1356
3072,1359.0559937756402,0.9031687650304144,1356
3073,1353.0057411445116,0.9047610537227008,1350
3074,1353.0057411445116,0.9047610537227008,1350
3075,1353.0057411445116,0.9047610537227008,1350
3076,1353.0057411445116,0.9047610537227008,1350
3077,1353.0057411445116,0.9047610537227008,1350
3078,1353.0057411445116,0.9047610537227008,1350
3079,1353.0057411445116,0.9047610537227008,1350
3080,1353.0057411445116,0.9047610537227008,1350
3081,1353.0057411445116,0.9047610537227008,1350
3082,1353.0057411445116,0.9047610537227008,1350
3083,1353.0057411445116,0.9047610537227008,1350
3084,1353.0057411445116,0.9047610537227008,1350
3085,1353.0057411445116,0.9047610537227008,1350
3086,1353.0057411445116,0.9047610537227008,1350
3087,1353.0057411445116,0.9047610537227008,1350
3088,1353.0057411445116,0.9047610537227008,1350
3089,1353.0057411445116,0.9047610537227008,1350
3090,1353.0057411445116,0.9047610537227008,1350
3091,1353.0057411445116,0.9047610537227008,1350
3092,1353.0057411445116,0.9047610537227008,1350
3093,1353.0057411445116,0.9047610537227008,1350
3094,1353.0057411445116,0.9047610537227008,1350
3095,1353.0057411445116,0.9047610537227008,1350
3096,1353.0057411445116,0.9047610537227008,1350
3097,1353.0057411445116,0.9047610537227008,1350
3098,1353.0057411445116,0.9047610537227008,1350
3099,1353.0057411445116,0.9047610537227008,1350
3100,1353.0057411445116,0.9047610537227008,1350
3101,1353.0057411445116,0.9047610537227008,1350
3102,1353.0057411445116,0.9047610537227008,1350
3103,1353.0057411445116,0.9047610537227008,1350
3104,1353.0057411445116,0.9047610537227008,1350
3105,1353.0057411445116,0.9047610537227008,1350
3106,1353.0057411445116,0.9047610537227008,1350
3107,1353.0057411445116,0.9047610537227008,1350
3108,1353.0057411445116,0.9047610537227008,1350
3109,1353.0057411445116,0.9047610537227008,1350
3110,1353.0057411445116,0.9047610537227008,1350
3111,1353.0057411445116,0.9047610537227008,1350
3112,1353.0057411445116,0.9047610537227008,1350
3113,1353.0057411445116,0.9047610537227008,1350
3114,1353.0057411445116,0.9047610537227008,1350
3115,1353.0057411445116,0.9047610537227008,1350
3116,1353.0057411445116,0.9047610537227008,1350
3117,1353.0057411445116,0.9047610537227008,1350
3118,1353.0057411445116,0.9047610537227008,1350
3119,1353.0057411445116,0.9047610537227008,1350
3120,1353.0057411445116,0.9047610537227008,1350
3121,1353.0057411445116,0.9047610537227008,1350
3122,1353.0057411445116,0.9047610537227008,1350
3123,1353.0057411445116,0.9047610537227008,1350
3124,1353.0057411445116,0.9047610537227008,1350
3125,1353.0057411445116,0.9047610537227008,1350
3126,1353.0057411445116,0.9047610537227008,1350
3127,1353.0057411445116,0.9047610537227008,1350
3128,1353.0057411445116,0.9047610537227008,1350
3129,1353.0057411445116,0.9047610537227008,1350
3130,1353.0057411445116,0.9047610537227008,1350
3131,1353.0057411445116,0.9047610537227008,1350
3132,1353.0057411445116,0.9047610537227008,1350
3133,1353.0057411445116,0.9047610537227008,1350
3134,1353.0057411445116,0.9047610537227008,1350
3135,1353.0057411445116,0.9047610537227008,1350
3136,1353.0057411445116,0.9047610537227008,1350
3137,1353.0057411445116,0.9047610537227008,1350
3138,1353.0057411445116,0.9047610537227008,1350
3139,1353.0057411445116,0.9047610537227008,1350
3140,1353.0057411445116,0.9047610537227008,1350
3141,1353.0057411445116,0.9047610537227008,1350
3142,1353.0057411445116,0.9047610537227008,1350
3143,1353.0057411445116,0.9047610537227008,1350
3144,1353.0057411445116,0.9047610537227008,1350
3145,1353.0057411445116,0.9047610537227008,1350
3146,1353.0057411445116,0.9047610537227008,1350
3147,1353.0057411445116,0.9047610537227008,1350
3148,1353.0057411445116,0.9047610537227008,1350
3149,1353.0057411445116,0.9047610537227008,1350
3150,1353.0057411445116,0.9047610537227008,1350
3151,1353.0057411445116,0.9047610537227008,1350
3152,1353.0057411445116,0.9047610537227008,1350
3153,1353.0057411445116,0.9047610537227008,1350
3154,1353.0057411445116,0.9047610537227008,1350
3155,1353.0057411445116,0.9047610537227008,1350
3156,1353.0057411445116,0.9047610537227008,1350
3157,1353.0057411445116,0.9047610537227008,1350
3158,1353.0057411445116,0.9047610537227008,1350
3159,1353.0057411445116,0.9047610537227008,1350
3160,1353.0057411445116,0.9047610537227008,1350
3161,1353.0057411445116,0.9047610537227008,1350
3162,1353.0057411445116,0.9047610537227008,1350
3163,1353.0057411445116,0.9047610537227008,1350
3164,1353.0057411445116,0.9047610537227008,1350
3165,1353.0057411445116,0.9047610537227008,1350
3166,1353.0057411445116,0.9047610537227008,1350
3167,1353.0057411445116,0.9047610537227008,1350
3168,1353.0057411445116,0.9047610537227008,1350
3169,1353.0057411445116,0.9047610537227008,1350
3170,1353.0057411445116,0.9047610537227008,1350
3171,1353.0057411445116,0.9047610537227008,1350
3172,1353.0057411445116,0.9047610537227008,1350
3173,1353.0057411445116,0.9047610537227008,1350
3174,1353.0057411445116,0.9047610537227008,1350
3175,1353.0057411445116,0.9047610537227008,1350
3176,1353.0057411445116,0.9047610537227008,1350
3177,1353.0057411445116,0.9047610537227008,1350
3178,1353.0057411445116,0.9047610537227008,1350
3179,1353.0057411445116,0.9047610537227008,1350
3180,1353.0057411445116,0.9047610537227008,1350
3181,1353.0057411445116,0.9047610537227008,1350
3182,1353.0057411445116,0.9047610537227008,1350
3183,1353.0057411445116,0.9047610537227008,1350
3184,1353.0057411445116,0.9047610537227008,1350
3185,1353.0057411445116,0.9047610537227008,1350
3186,1353.0057411445116,0.9047610537227008,1350
3187,1353.0057411445116,0.9047610537227008,1350
3188,1353.0057411445116,0.9047610537227008,1350
3189,1353.0057411445116,0.9047610537227008,1350
3190,1353.0057411445116,0.9047610537227008,1350
3191,1353.0057411445116,0.9047610537227008,1350
3192,1353.0057411445116,0.9047610537227008,1350
3193,1353.0057411445116,0.9047610537227008,1350
3194,1353.0057411445116,0.9047610537227008,1350
3195,1353.0057411445116,0.9047610537227008,1350
3196,1353.0057411445116,0.9047610537227008,1350
3197,1353.0057411445116,0.9047610537227008,1350
3198,1353.0057411445116,0.9047610537227008,1350
3199,1353.0057411445116,0.9047610537227008,1350
3200,1353.0057411445116,0.9047610537227008,1350
3201,1353.0057411445116,0.9047610537227008,1350
3202,1353.0057411445116,0.9047610537227008,1350
3203,1353.0057411445116,0.9047610537227008,1350
3204,1353.0057411445116,0.9047610537227008,1350
3205,1353.0057411445116,0.9047610537227008,1350
3206,1353.0057411445116,0.9047610537227008,1350
3207,1353.0057411445116,0.9047610537227008,1350
3208,1353.0057411445116,0.9047610537227008,1350
3209,1353.0057411445116,0.9047610537227008,1350
3210,1353.0057411445116,0.9047610537227008,1350
3211,1353.0057411445116,0.9047610537227008,1350
3212,1353.0057411445116,0.9047610537227008,1350
3213,1353.0057411445116,0.9047610537227008,1350
3214,1353.0057411445116,0.9047610537227008,1350
3215,1353.0057411445116,0.9047610537227008,1350
3216,1353.0057411445116,0.9047610537227008,1350
3217,1353.0057411445116,0.9047610537227008,1350
3218,1353.0057411445116,0.9047610537227008,1350
3219,1353.0057411445116,0.9047610537227008,1350
3220,1353.0057411445116,0.9047610537227008,1350
3221,1353.0057411445116,0.9047610537227008,1350
3222,1353.0057411445116,0.9047610537227008,1350
3223,1353.0057411445116,0.9047610537227008,1350
3224,1353.0057411445116,0.9047610537227008,1350
3225,1353.0057411445116,0.9047610537227008,1350
3226,1353.0057411445116,0.9047610537227008,1350
3227,1353.0057411445116,0.9047610537227008,1350
3228,1353.0057411445116,0.9047610537227008,1350
3229,1353.0057411445116,0.9047610537227008,1350
3230,1353.0057411445116,0.9047610537227008,1350
3231,1353.0057411445116,0.9047610537227008,1350
3232,1353.0057411445116,0.9047610537227008,1350
3233,1353.0057411445116,0.9047610537227008,1350
3234,1353.0057411445116,0.9047610537227008,1350
3235,1353.0057411445116,0.9047610537227008,1350
3236,1353.0057411445116,0.9047610537227008,1350
3237,1353.0057411445116,0.9047610537227008,1350
3238,1353.0057411445116,0.9047610537227008,1350
3239,1353.0057411445116,0.9047610537227008,1350
3240,1353.0057411445116,0.9047610537227008,1350
3241,1353.0057411445116,0.9047610537227008,1350
3242,1353.0057411445116,0.9047610537227008,1350
3243,1353.0057411445116,0.9047610537227008,1350
3244,1353.0057411445116,0.9047610537227008,1350
3245,1353.0057411445116,0.9047610537227008,1350
3246,1353.0057411445116,0.9047610537227008,1350
3247,1353.0057411445116,0.9047610537227008,1350
3248,1353.0057411445116,0.9047610537227008,1350
3249,1353.0057411445116,0.9047610537227008,1350
3250,1362.0810587045426,0.9023745657622796,1359
3251,1362.0810587045426,0.9023745657622796,1359
3252,1362.0810587045426,0.9023745657622796,1359
3253,1362.0810587045426,0.9023745657622796,1359
3254,1362.0810587045426,0.9023745657622796,1359
3255,1362.0810587045426,0.9023745657622796,1359
3256,1362.0810587045426,0.9023745657622796,1359
3257,1362.0810587045426,0.9023745657622796,1359
3258,1362.0810587045426,0.9023745657622796,1359
3259,1362.0810587045426,0.9023745657622796,1359
3260,1362.0810587045426,0.9023745657622796,1359
3261,1362.0810587045426,0.9023745657622796,1359
3262,1362.0810587045426,0.9023745657622796,1359
3263,1362.0810587045426,0.9023745657622796,1359
3264,1362.0810587045426,0.9023745657622796,1359
3265,1362.0810587045426,0.9023745657622796,1359
3266,1362.0810587045426,0.9023745657622796,1359
3267,1362.0810587045426,0.9023745657622796,1359
3268,1362.0810587045426,0.9023745657622796,1359
3269,1362.0810587045426,0.9023745657622796,1359
3270,1362.0810587045426,0.9023745657622796,1359
3271,1362.0810587045426,0.9023745657622796,1359
3272,1362.0810587045426,0.9023745657622796,1359
3273,1362.0810587045426,0.9023745657622796,1359
3274,1347.9637422226942,0.9060918180388418,1345
3275,1347.9637422226942,0.9060918180388418,1345
3276,1347.9637422226942,0.9060918180388418,1345
3277,1347.9637422226942,0.9060918180388418,1345
3278,1347.9637422226942,0.9060918180388418,1345
3279,1347.9637422226942,0.9060918180388418,1345
3280,1347.9637422226942,0.9060918180388418,1345
3281,1347.9637422226942,0.9060918180388418,1345
3282,1347.9637422226942,0.9060918180388418,1345
3283,1347.9637422226942,0.9060918180388418,1345
3284,1347.9637422226942,0.9060918180388418,1345
3285,1347.9637422226942,0.9060918180388418,1345
3286,1347.9637422226942,0.9060918180388418,1345
3287,1347.9637422226942,0.9060918180388418,1345
3288,1347.9637422226942,0.9060918180388418,1345
3289,1347.9637422226942,0.9060918180388418,1345
3290,1347.9637422226942,0.9060918180388418,1345
3291,1347.9637422226942,0.9060918180388418,1345
3292,1347.9637422226942,0.9060918180388418,1345
3293,1347.9637422226942,0.9060918180388418,1345
3294,1347.9637422226942,0.9060918180388418,1345
3295,1347.9637422226942,0.9060918180388418,1345
3296,1347.9637422226942,0.9060918180388418,1345
3297,1326.7862198552052,0.9117167346259466,1324
3298,1326.7862198552052,0.9117167346259466,1324
3299,1326.7862198552052,0.9117167346259466,1324
3300,1326.7862198552052,0.9117167346259466,1324
3301,1326.7862198552052,0.9117167346259466,1324
3302,1326.7862198552052,0.9117167346259466,1324
3303,1326.7862198552052,0.9117167346259466,1324
3304,1326.7862198552052,0.9117167346259466,1324
3305,1326.7862198552052,0.9117167346259466,1324
3306,1326.7862198552052,0.9117167346259466,1324
3307,1326.7862198552052,0.9117167346259466,1324
3308,1326.7862198552052,0.9117167346259466,1324
3309,1326.7862198552052,0.9117167346259466,1324
3310,1326.7862198552052,0.9117167346259466,1324
3311,1326.7862198552052,0.9117167346259466,1324
3312,1326.7862198552052,0.9117167346259466,1324
3313,1326.7862198552052,0.9117167346259466,1324
3314,1326.7862198552052,0.9117167346259466,1324
3315,1326.7862198552052,0.9117167346259466,1324
3316,1326.7862198552052,0.9117167346259466,1324
3317,1326.7862198552052,0.9117167346259466,1324
3318,1326.7862198552052,0.9117167346259466,1324
3319,1326.7862198552052,0.9117167346259466,1324
3320,1326.7862198552052,0.9117167346259466,1324
3321,1326.7862198552052,0.9117167346259466,1324
3322,1326.7862198552052,0.9117167346259466,1324
3323,1326.7862198552052,0.9117167346259466,1324
3324,1320.1301548203078,0.9008189220434827,1317
3325,1320.1301548203078,0.9008189220434827,1317
3326,1320.1301548203078,0.9008189220434827,1317
3327,1320.1301548203078,0.9008189220434827,1317
3328,1320.1301548203078,0.9008189220434827,1317
3329,1320.1301548203078,0.9008189220434827,1317
3330,1320.1301548203078,0.9008189220434827,1317
3331,1323.156,0.9,1320
3332,1323.156,0.9,1320
3333,1323.156,0.9,1320
3334,1323.156,0.9,1320
3335,1323.156,0.9,1320
3336,1323.156,0.9,1320
3337,1323.156,0.9,1320
3338,1323.156,0.9,1320
3339,1323.156,0.9,1320
3340,1323.156,0.9,1320
3341,1323.156,0.9,1320
3342,1323.156,0.9,1320
3343,1323.156,0.9,1320
3344,1323.156,0.9,1320
3345,1323.156,0.9,1320
3346,1323.156,0.9,1320
3347,1323.156,0.9,1320
3348,1323.156,0.9,1320
3349,1323.156,0.9,1320
3350,1323.156,0.9,1320
3351,1323.156,0.9,1320
3352,1323.156,0.9,1320
3353,1323.156,0.9,1320
3354,1323.156,0.9,1320
3355,1310.043674072162,0.9035591231887814,1307
3356,1310.043674072162,0.9035591231887814,1307
3357,1310.043674072162,0.9035591231887814,1307
3358,1310.043674072162,0.9035591231887814,1307
3359,1310.043674072162,0.9035591231887814,1307
3360,1310.043674072162,0.9035591231887814,1307
3361,1310.043674072162,0.9035591231887814,1307
3362,1310.043674072162,0.9035591231887814,1307
3363,1310.043674072162,0.9035591231887814,1307
3364,1310.043674072162,0.9035591231887814,1307
3365,1310.043674072162,0.9035591231887814,1307
3366,1310.043674072162,0.9035591231887814,1307
3367,1310.043674072162,0.9035591231887814,1307
3368,1310.043674072162,0.9035591231887814,1307
3369,1310.043674072162,0.9035591231887814,1307
3370,1310.043674072162,0.9035591231887814,1307
3371,1310.043674072162,0.9035591231887814,1307
3372,1310.043674072162,0.9035591231887814,1307
3373,1310.043674072162,0.9035591231887814,1307
3374,1310.043674072162,0.9035591231887814,1307
3375,1310.043674072162,0.9035591231887814,1307
3376,1310.043674072162,0.9035591231887814,1307
3377,1310.043674072162,0.9035591231887814,1307
3378,1310.043674072162,0.9035591231887814,1307
3379,1310.043674072162,0.9035591231887814,1307
3380,1310.043674072162,0.9035591231887814,1307
3381,1310.043674072162,0.9035591231887814,1307
3382,1310.043674072162,0.9035591231887814,1307
3383,1310.043674072162,0.9035591231887814,1307
3384,1310.043674072162,0.9035591231887814,1307
3385,1310.043674072162,0.9035591231887814,1307
3386,1310.043674072162,0.9035591231887814,1307
3387,1310.043674072162,0.9035591231887814,1307
3388,1310.043674072162,0.9035591231887814,1307
3389,1310.043674072162,0.9035591231887814,1307
3390,1310.043674072162,0.9035591231887814,1307
3391,1310.043674072162,0.9035591231887814,1307
3392,1310.043674072162,0.9035591231887814,1307
3393,1310.043674072162,0.9035591231887814,1307
3394,1310.043674072162,0.9035591231887814,1307
3395,1310.043674072162,0.9035591231887814,1307
3396,1310.043674072162,0.9035591231887814,1307
3397,1310.043674072162,0.9035591231887814,1307
3398,1310.043674072162,0.9035591231887814,1307
3399,1310.043674072162,0.9035591231887814,1307
3400,1310.043674072162,0.9035591231887814,1307
3401,1310.043674072162,0.9035591231887814,1307
3402,1310.043674072162,0.9035591231887814,1307
3403,1310.043674072162,0.9035591231887814,1307
3404,1310.043674072162,0.9035591231887814,1307
3405,1310.043674072162,0.9035591231887814,1307
3406,1310.043674072162,0.9035591231887814,1307
3407,1310.043674072162,0.9035591231887814,1307
3408,1310.043674072162,0.9035591231887814,1307
3409,1310.043674072162,0.9035591231887814,1307
3410,1310.043674072162,0.9035591231887814,1307
3411,1310.043674072162,0.9035591231887814,1307
3412,1310.043674072162,0.9035591231887814,1307
3413,1310.043674072162,0.9035591231887814,1307
3414,1312.0096124504119,0.9046383887702166,1309
3415,1312.0096124504119,0.9046383887702166,1309
3416,1312.0096124504119,0.9046383887702166,1309
3417,1312.0096124504119,0.9046383887702166,1309
3418,1312.0096124504119,0.9046383887702166,1309
3419,1312.0096124504119,0.9046383887702166,1309
3420,1312.0096124504119,0.9046383887702166,1309
3421,1312.0096124504119,0.9046383887702166,1309
3422,1312.0096124504119,0.9046383887702166,1309
3423,1312.0096124504119,0.9046383887702166,1309
3424,1312.0096124504119,0.9046383887702166,1309
3425,1312.0096124504119,0.9046383887702166,1309
3426,1312.0096124504119,0.9046383887702166,1309
3427,1312.0096124504119,0.9046383887702166,1309
3428,1312.0096124504119,0.9046383887702166,1309
3429,1312.0096124504119,0.9046383887702166,1309
3430,1312.0096124504119,0.9046383887702166,1309
3431,1312.0096124504119,0.9046383887702166,1309
3432,1312.0096124504119,0.9046383887702166,1309
3433,1312.0096124504119,0.9046383887702166,1309
3434,1312.0096124504119,0.9046383887702166,1309
3435,1312.0096124504119,0.9046383887702166,1309
3436,1312.0096124504119,0.9046383887702166,1309
3437,1312.0096124504119,0.9046383887702166,1309
3438,1312.0096124504119,0.9046383887702166,1309
3439,1312.0096124504119,0.9046383887702166,1309
3440,1312.0096124504119,0.9046383887702166,1309
3441,1312.0096124504119,0.9046383887702166,1309
3442,1312.0096124504119,0.9046383887702166,1309
3443,1312.0096124504119,0.9046383887702166,1309
3444,1312.0096124504119,0.9046383887702166,1309
3445,1312.0096124504119,0.9046383887702166,1309
3446,1312.0096124504119,0.9046383887702166,1309
3447,1312.0096124504119,0.9046383887702166,1309
3448,1312.0096124504119,0.9046383887702166,1309
3449,1312.0096124504119,0.9046383887702166,1309
3450,1312.0096124504119,0.9046383887702166,1309
3451,1312.0096124504119,0.9046383887702166,1309
3452,1312.0096124504119,0.9046383887702166,1309
3453,1312.0096124504119,0.9046383887702166,1309
3454,1312.0096124504119,0.9046383887702166,1309
3455,1312.0096124504119,0.9046383887702166,1309
3456,1312.0096124504119,0.9046383887702166,1309
3457,1312.0096124504119,0.9046383887702166,1309
3458,1312.0096124504119,0.9046383887702166,1309
3459,1312.0096124504119,0.9046383887702166,1309
3460,1312.0096124504119,0.9046383887702166,1309
3461,1312.0096124504119,0.9046383887702166,1309
3462,1312.0096124504119,0.9046383887702166,1309
3463,1312.0096124504119,0.9046383887702166,1309
3464,1312.0096124504119,0.9046383887702166,1309
3465,1312.0096124504119,0.9046383887702166,1309
3466,1312.0096124504119,0.9046383887702166,1309
3467,1312.0096124504119,0.9046383887702166,1309
3468,1312.0096124504119,0.9046383887702166,1309
3469,1312.0096124504119,0.9046383887702166,1309
3470,1312.0096124504119,0.9046383887702166,1309
3471,1312.0096124504119,0.9046383887702166,1309
3472,1312.0096124504119,0.9046383887702166,1309
3473,1312.0096124504119,0.9046383887702166,1309
3474,1312.0096124504119,0.9046383887702166,1309
3475,1312.0096124504119,0.9046383887702166,1309
3476,1312.0096124504119,0.9046383887702166,1309
3477,1312.0096124504119,0.9046383887702166,1309
3478,1312.0096124504119,0.9046383887702166,1309
3479,1312.0096124504119,0.9046383887702166,1309
3480,1312.0096124504119,0.9046383887702166,1309
3481,1312.0096124504119,0.9046383887702166,1309
3482,1312.0096124504119,0.9046383887702166,1309
3483,1312.0096124504119,0.9046383887702166,1309
3484,1312.0096124504119,0.9046383887702166,1309
3485,1312.0096124504119,0.9046383887702166,1309
3486,1312.0096124504119,0.9046383887702166,1309
3487,1312.0096124504119,0.9046383887702166,1309
3488,1312.0096124504119,0.9046383887702166,1309
3489,1312.0096124504119,0.9046383887702166,1309
3490,1312.0096124504119,0.9046383887702166,1309
3491,1312.0096124504119,0.9046383887702166,1309
3492,1312.0096124504119,0.9046383887702166,1309
3493,1312.0096124504119,0.9046383887702166,1309
3494,1312.0096124504119,0.9046383887702166,1309
3495,1312.0096124504119,0.9046383887702166,1309
3496,1312.0096124504119,0.9046383887702166,1309
3497,1312.0096124504119,0.9046383887702166,1309
3498,1312.0096124504119,0.9046383887702166,1309
3499,1312.0096124504119,0.9046383887702166,1309
3500,1312.0096124504119,0.9046383887702166,1309
3501,1312.0096124504119,0.9046383887702166,1309
3502,1312.0096124504119,0.9046383887702166,1309
3503,1312.0096124504119,0.9046383887702166,1309
3504,1312.0096124504119,0.9046383887702166,1309
3505,1312.0096124504119,0.9046383887702166,1309
3506,1312.0096124504119,0.9046383887702166,1309
3507,1312.0096124504119,0.9046383887702166,1309
3508,1312.0096124504119,0.9046383887702166,1309
3509,1312.0096124504119,0.9046383887702166,1309
3510,1312.0096124504119,0.9046383887702166,1309
3511,1312.0096124504119,0.9046383887702166,1309
3512,1312.0096124504119,0.9046383887702166,1309
3513,1312.0096124504119,0.9046383887702166,1309
3514,1312.0096124504119,0.9046383887702166,1309
3515,1312.0096124504119,0.9046383887702166,1309
3516,1312.0096124504119,0.9046383887702166,1309
3517,1312.0096124504119,0.9046383887702166,1309
3518,1312.0096124504119,0.9046383887702166,1309
3519,1312.0096124504119,0.9046383887702166,1309
3520,1312.0096124504119,0.9046383887702166,1309
3521,1312.0096124504119,0.9046383887702166,1309
3522,1312.0096124504119,0.9046383887702166,1309
3523,1312.0096124504119,0.9046383887702166,1309
3524,1312.0096124504119,0.9046383887702166,1309
3525,1312.0096124504119,0.9046383887702166,1309
3526,1312.0096124504119,0.9046383887702166,1309
3527,1312.0096124504119,0.9046383887702166,1309
3528,1312.0096124504119,0.9046383887702166,1309
3529,1312.0096124504119,0.9046383887702166,1309
3530,1312.0096124504119,0.9046383887702166,1309
3531,1310.043674072162,0.9035591231887814,1307
3532,1310.043674072162,0.9035591231887814,1307
3533,1310.043674072162,0.9035591231887814,1307
3534,1310.043674072162,0.9035591231887814,1307
3535,1310.043674072162,0.9035591231887814,1307
3536,1310.043674072162,0.9035591231887814,1307
3537,1310.043674072162,0.9035591231887814,1307
3538,1310.043674072162,0.9035591231887814,1307
3539,1310.043674072162,0.9035591231887814,1307
3540,1310.043674072162,0.9035591231887814,1307
3541,1310.043674072162,0.9035591231887814,1307
3542,1310.043674072162,0.9035591231887814,1307
3543,1310.043674072162,0.9035591231887814,1307
3544,1310.043674072162,0.9035591231887814,1307
3545,1310.043674072162,0.9035591231887814,1307
3546,1310.043674072162,0.9035591231887814,1307
3547,1310.043674072162,0.9035591231887814,1307
3548,1310.043674072162,0.9035591231887814,1307
3549,1310.043674072162,0.9035591231887814,1307
3550,1310.043674072162,0.9035591231887814,1307
3551,1310.043674072162,0.9035591231887814,1307
3552,1310.043674072162,0.9035591231887814,1307
3553,1310.043674072162,0.9035591231887814,1307
3554,1310.043674072162,0.9035591231887814,1307
3555,1310.043674072162,0.9035591231887814,1307
3556,1310.043674072162,0.9035591231887814,1307
3557,1310.043674072162,0.9035591231887814,1307
3558,1310.043674072162,0.9035591231887814,1307
3559,1310.043674072162,0.9035591231887814,1307
3560,1310.043674072162,0.9035591231887814,1307
3561,1310.043674072162,0.9035591231887814,1307
3562,1310.043674072162,0.9035591231887814,1307
3563,1310.043674072162,0.9035591231887814,1307
3564,1310.043674072162,0.9035591231887814,1307
3565,1310.043674072162,0.9035591231887814,1307
3566,1310.043674072162,0.9035591231887814,1307
3567,1310.043674072162,0.9035591231887814,1307
3568,1310.043674072162,0.9035591231887814,1307
3569,1310.043674072162,0.9035591231887814,1307
3570,1310.043674072162,0.9035591231887814,1307
3571,1310.043674072162,0.9035591231887814,1307
3572,1310.043674072162,0.9035591231887814,1307
3573,1310.043674072162,0.9035591231887814,1307
3574,1310.043674072162,0.9035591231887814,1307
3575,1310.043674072162,0.9035591231887814,1307
3576,1310.043674072162,0.9035591231887814,1307
3577,1310.043674072162,0.9035591231887814,1307
3578,1310.043674072162,0.9035591231887814,1307
3579,1310.043674072162,0.9035591231887814,1307
3580,1310.043674072162,0.9035591231887814,1307
3581,1310.043674072162,0.9035591231887814,1307
3582,1310.043674072162,0.9035591231887814,1307
3583,1310.043674072162,0.9035591231887814,1307
3584,1310.043674072162,0.9035591231887814,1307
3585,1310.043674072162,0.9035591231887814,1307
3586,1310.043674072162,0.9035591231887814,1307
3587,1310.043674072162,0.9035591231887814,1307
3588,1310.043674072162,0.9035591231887814,1307
3589,1310.043674072162,0.9035591231887814,1307
3590,1310.043674072162,0.9035591231887814,1307
3591,1310.043674072162,0.9035591231887814,1307
3592,1310.043674072162,0.9035591231887814,1307
3593,1310.043674072162,0.9035591231887814,1307
3594,1310.043674072162,0.9035591231887814,1307
3595,1310.043674072162,0.9035591231887814,1307
3596,1310.043674072162,0.9035591231887814,1307
3597,1310.043674072162,0.9035591231887814,1307
3598,1310.043674072162,0.9035591231887814,1307
3599,1310.043674072162,0.9035591231887814,1307
3600,1310.043674072162,0.9035591231887814,1307
3601,1310.043674072162,0.9035591231887814,1307
3602,1310.043674072162,0.9035591231887814,1307
3603,1310.043674072162,0.9035591231887814,1307
3604,1310.043674072162,0.9035591231887814,1307
3605,1310.043674072162,0.9035591231887814,1307
3606,1310.043674072162,0.9035591231887814,1307
3607,1310.043674072162,0.9035591231887814,1307
3608,1310.043674072162,0.9035591231887814,1307
3609,1310.043674072162,0.9035591231887814,1307
3610,1310.043674072162,0.9035591231887814,1307
3611,1310.043674072162,0.9035591231887814,1307
3612,1310.043674072162,0.9035591231887814,1307
3613,1310.043674072162,0.9035591231887814,1307
3614,1310.043674072162,0.9035591231887814,1307
3615,1310.043674072162,0.9035591231887814,1307
3616,1310.043674072162,0.9035591231887814,1307
3617,1310.043674072162,0.9035591231887814,1307
3618,1310.043674072162,0.9035591231887814,1307
3619,1310.043674072162,0.9035591231887814,1307
3620,1310.043674072162,0.9035591231887814,1307
3621,1310.043674072162,0.9035591231887814,1307
3622,1310.043674072162,0.9035591231887814,1307
3623,1310.043674072162,0.9035591231887814,1307
3624,1310.043674072162,0.9035591231887814,1307
3625,1310.043674072162,0.9035591231887814,1307
3626,1310.043674072162,0.9035591231887814,1307
3627,1310.043674072162,0.9035591231887814,1307
3628,1310.043674072162,0.9035591231887814,1307
3629,1310.043674072162,0.9035591231887814,1307
3630,1310.043674072162,0.9035591231887814,1307
3631,1310.043674072162,0.9035591231887814,1307
3632,1310.043674072162,0.9035591231887814,1307
3633,1310.043674072162,0.9035591231887814,1307
3634,1310.043674072162,0.9035591231887814,1307
3635,1310.043674072162,0.9035591231887814,1307
3636,1310.043674072162,0.9035591231887814,1307
3637,1310.043674072162,0.9035591231887814,1307
3638,1310.043674072162,0.9035591231887814,1307
3639,1310.043674072162,0.9035591231887814,1307
3640,1310.043674072162,0.9035591231887814,1307
3641,1310.043674072162,0.9035591231887814,1307
3642,1310.043674072162,0.9035591231887814,1307
3643,1310.043674072162,0.9035591231887814,1307
3644,1310.043674072162,0.9035591231887814,1307
3645,1310.043674072162,0.9035591231887814,1307
3646,1310.043674072162,0.9035591231887814,1307
3647,1310.043674072162,0.9035591231887814,1307
3648,1310.043674072162,0.9035591231887814,1307
3649,1310.043674072162,0.9035591231887814,1307
3650,1310.043674072162,0.9035591231887814,1307
3651,1310.043674072162,0.9035591231887814,1307
3652,1310.043674072162,0.9035591231887814,1307
3653,1310.043674072162,0.9035591231887814,1307
3654,1310.043674072162,0.9035591231887814,1307
3655,1310.043674072162,0.9035591231887814,1307
3656,1310.043674072162,0.9035591231887814,1307
3657,1310.043674072162,0.9035591231887814,1307
3658,1310.043674072162,0.9035591231887814,1307
3659,1310.043674072162,0.9035591231887814,1307
3660,1310.043674072162,0.9035591231887814,1307
3661,1310.043674072162,0.9035591231887814,1307
3662,1310.043674072162,0.9035591231887814,1307
3663,1310.043674072162,0.9035591231887814,1307
3664,1310.043674072162,0.9035591231887814,1307
3665,1310.043674072162,0.9035591231887814,1307
3666,1310.043674072162,0.9035591231887814,1307
3667,1310.043674072162,0.9035591231887814,1307
3668,1310.043674072162,0.9035591231887814,1307
3669,1310.043674072162,0.9035591231887814,1307
3670,1310.043674072162,0.9035591231887814,1307
3671,1309.034998749412,0.9038340066726299,1306
3672,1309.034998749412,0.9038340066726299,1306
3673,1309.034998749412,0.9038340066726299,1306
3674,1309.034998749412,0.9038340066726299,1306
3675,1309.034998749412,0.9038340066726299,1306
3676,1309.034998749412,0.9038340066726299,1306
3677,1309.034998749412,0.9038340066726299,1306
3678,1309.034998749412,0.9038340066726299,1306
3679,1309.034998749412,0.9038340066726299,1306
3680,1309.034998749412,0.9038340066726299,1306
3681,1309.034998749412,0.9038340066726299,1306
3682,1309.034998749412,0.9038340066726299,1306
3683,1309.034998749412,0.9038340066726299,1306
3684,1309.034998749412,0.9038340066726299,1306
3685,1309.034998749412,0.9038340066726299,1306
3686,1309.034998749412,0.9038340066726299,1306
3687,1309.034998749412,0.9038340066726299,1306
3688,1309.034998749412,0.9038340066726299,1306
3689,1309.034998749412,0.9038340066726299,1306
3690,1309.034998749412,0.9038340066726299,1306
3691,1309.034998749412,0.9038340066726299,1306
3692,1309.034998749412,0.9038340066726299,1306
3693,1309.034998749412,0.9038340066726299,1306
3694,1309.034998749412,0.9038340066726299,1306
3695,1309.034998749412,0.9038340066726299,1306
3696,1309.034998749412,0.9038340066726299,1306
3697,1309.034998749412,0.9038340066726299,1306
3698,1309.034998749412,0.9038340066726299,1306
3699,1309.034998749412,0.9038340066726299,1306
3700,1309.034998749412,0.9038340066726299,1306
3701,1309.034998749412,0.9038340066726299,1306
3702,1309.034998749412,0.9038340066726299,1306
3703,1309.034998749412,0.9038340066726299,1306
3704,1309.034998749412,0.9038340066726299,1306
3705,1309.034998749412,0.9038340066726299,1306
3706,1309.034998749412,0.9038340066726299,1306
3707,1311.0009576439725,0.9049126221808488,1308
3708,1311.0009576439725,0.9049126221808488,1308
3709,1311.0009576439725,0.9049126221808488,1308
3710,1311.0009576439725,0.9049126221808488,1308
3711,1311.0009576439725,0.9049126221808488,1308
3712,1311.0009576439725,0.9049126221808488,1308
3713,1311.0009576439725,0.9049126221808488,1308
3714,1311.0009576439725,0.9049126221808488,1308
3715,1311.0009576439725,0.9049126221808488,1308
3716,1311.0009576439725,0.9049126221808488,1308
3717,1311.0009576439725,0.9049126221808488,1308
3718,1311.0009576439725,0.9049126221808488,1308
3719,1311.0009576439725,0.9049126221808488,1308
3720,1311.0009576439725,0.9049126221808488,1308
3721,1311.0009576439725,0.9049126221808488,1308
3722,1311.0009576439725,0.9049126221808488,1308
3723,1311.0009576439725,0.9049126221808488,1308
3724,1311.0009576439725,0.9049126221808488,1308
3725,1311.0009576439725,0.9049126221808488,1308
3726,1311.0009576439725,0.9049126221808488,1308
3727,1311.0009576439725,0.9049126221808488,1308
3728,1311.0009576439725,0.9049126221808488,1308
3729,1311.0009576439725,0.9049126221808488,1308
3730,1311.0009576439725,0.9049126221808488,1308
3731,1311.0009576439725,0.9049126221808488,1308
3732,1311.0009576439725,0.9049126221808488,1308
3733,1311.0009576439725,0.9049126221808488,1308
3734,1311.0009576439725,0.9049126221808488,1308
3735,1311.0009576439725,0.9049126221808488,1308
3736,1301.9228570691096,0.9073872918533081,1299
3737,1301.9228570691096,0.9073872918533081,1299
3738,1301.9228570691096,0.9073872918533081,1299
3739,1301.9228570691096,0.9073872918533081,1299
3740,1301.9228570691096,0.9073872918533081,1299
3741,1301.9228570691096,0.9073872918533081,1299
3742,1301.9228570691096,0.9073872918533081,1299
3743,1301.9228570691096,0.9073872918533081,1299
3744,1301.9228570691096,0.9073872918533081,1299
3745,1301.9228570691096,0.9073872918533081,1299
3746,1301.9228570691096,0.9073872918533081,1299
3747,1301.9228570691096,0.9073872918533081,1299
3748,1301.9228570691096,0.9073872918533081,1299
3749,1301.9228570691096,0.9073872918533081,1299
3750,1301.9228570691096,0.9073872918533081,1299
3751,1301.9228570691096,0.9073872918533081,1299
3752,1301.9228570691096,0.9073872918533081,1299
3753,1301.9228570691096,0.9073872918533081,1299
3754,1301.9228570691096,0.9073872918533081,1299
3755,1301.9228570691096,0.9073872918533081,1299
3756,1301.9228570691096,0.9073872918533081,1299
3757,1301.9228570691096,0.9073872918533081,1299
3758,1301.9228570691096,0.9073872918533081,1299
3759,1301.9228570691096,0.9073872918533081,1299
3760,1301.9228570691096,0.9073872918533081,1299
3761,1301.9228570691096,0.9073872918533081,1299
3762,1301.9228570691096,0.9073872918533081,1299
3763,1301.9228570691096,0.9073872918533081,1299
3764,1301.9228570691096,0.9073872918533081,1299
3765,1301.9228570691096,0.9073872918533081,1299
3766,1301.9228570691096,0.9073872918533081,1299
3767,1301.9228570691096,0.9073872918533081,1299
3768,1301.9228570691096,0.9073872918533081,1299
3769,1301.9228570691096,0.9073872918533081,1299
3770,1301.9228570691096,0.9073872918533081,1299
3771,1301.9228570691096,0.9073872918533081,1299
3772,1301.9228570691096,0.9073872918533081,1299
3773,1301.9228570691096,0.9073872918533081,1299
3774,1301.9228570691096,0.9073872918533081,1299
3775,1301.9228570691096,0.9073872918533081,1299
3776,1301.9228570691096,0.9073872918533081,1299
3777,1301.9228570691096,0.9073872918533081,1299
3778,1301.9228570691096,0.9073872918533081,1299
3779,1301.9228570691096,0.9073872918533081,1299
3780,1301.9228570691096,0.9073872918533081,1299
3781,1301.9228570691096,0.9073872918533081,1299
3782,1301.9228570691096,0.9073872918533081,1299
3783,1301.9228570691096,0.9073872918533081,1299
3784,1301.9228570691096,0.9073872918533081,1299
3785,1301.9228570691096,0.9073872918533081,1299
3786,1301.9228570691096,0.9073872918533081,1299
3787,1301.9228570691096,0.9073872918533081,1299
3788,1301.9228570691096,0.9073872918533081,1299
3789,1301.9228570691096,0.9073872918533081,1299
3790,1301.9228570691096,0.9073872918533081,1299
3791,1301.9228570691096,0.9073872918533081,1299
3792,1301.9228570691096,0.9073872918533081,1299
3793,1301.9228570691096,0.9073872918533081,1299
3794,1301.9228570691096,0.9073872918533081,1299
3795,1301.9228570691096,0.9073872918533081,1299
3796,1301.9228570691096,0.9073872918533081,1299
3797,1301.9228570691096,0.9073872918533081,1299
3798,1301.9228570691096,0.9073872918533081,1299
3799,1301.9228570691096,0.9073872918533081,1299
3800,1301.9228570691096,0.9073872918533081,1299
3801,1299.9054520509203,0.907938781656518,1297
3802,1299.9054520509203,0.907938781656518,1297
3803,1299.9054520509203,0.907938781656518,1297
3804,1299.9054520509203,0.907938781656518,1297
3805,1299.9054520509203,0.907938781656518,1297
3806,1299.9054520509203,0.907938781656518,1297
3807,1299.9054520509203,0.907938781656518,1297
3808,1299.9054520509203,0.907938781656518,1297
3809,1299.9054520509203,0.907938781656518,1297
3810,1299.9054520509203,0.907938781656518,1297
3811,1299.9054520509203,0.907938781656518,1297
3812,1299.9054520509203,0.907938781656518,1297
3813,1299.9054520509203,0.907938781656518,1297
3814,1299.9054520509203,0.907938781656518,1297
3815,1299.9054520509203,0.907938781656518,1297
3816,1299.9054520509203,0.907938781656518,1297
3817,1299.9054520509203,0.907938781656518,1297
3818,1299.9054520509203,0.907938781656518,1297
3819,1299.9054520509203,0.907938781656518,1297
3820,1299.9054520509203,0.907938781656518,1297
3821,1299.9054520509203,0.907938781656518,1297
3822,1299.9054520509203,0.907938781656518,1297
3823,1299.9054520509203,0.907938781656518,1297
3824,1299.9054520509203,0.907938781656518,1297
3825,1299.9054520509203,0.907938781656518,1297
3826,1299.9054520509203,0.907938781656518,1297
3827,1299.9054520509203,0.907938781656518,1297
3828,1299.9054520509203,0.907938781656518,1297
3829,1299.9054520509203,0.907938781656518,1297
3830,1299.9054520509203,0.907938781656518,1297
3831,1299.9054520509203,0.907938781656518,1297
3832,1299.9054520509203,0.907938781656518,1297
3833,1299.9054520509203,0.907938781656518,1297
3834,1299.9054520509203,0.907938781656518,1297
3835,1299.9054520509203,0.907938781656518,1297
3836,1299.9054520509203,0.907938781656518,1297
3837,1299.9054520509203,0.907938781656518,1297
3838,1299.9054520509203,0.907938781656518,1297
3839,1299.9054520509203,0.907938781656518,1297
3840,1299.9054520509203,0.907938781656518,1297
3841,1299.9054520509203,0.907938781656518,1297
3842,1299.9054520509203,0.907938781656518,1297
3843,1299.9054520509203,0.907938781656518,1297
3844,1299.9054520509203,0.907938781656518,1297
3845,1299.9054520509203,0.907938781656518,1297
3846,1299.9054520509203,0.907938781656518,1297
3847,1299.9054520509203,0.907938781656518,1297
3848,1299.9054520509203,0.907938781656518,1297
3849,1299.9054520509203,0.907938781656518,1297
3850,1299.9054520509203,0.907938781656518,1297
3851,1299.9054520509203,0.907938781656518,1297
3852,1299.9054520509203,0.907938781656518,1297
3853,1299.9054520509203,0.907938781656518,1297
3854,1299.9054520509203,0.907938781656518,1297
3855,1299.9054520509203,0.907938781656518,1297
3856,1299.9054520509203,0.907938781656518,1297
3857,1299.9054520509203,0.907938781656518,1297
3858,1299.9054520509203,0.907938781656518,1297
3859,1299.9054520509203,0.907938781656518,1297
3860,1299.9054520509203,0.907938781656518,1297
3861,1299.9054520509203,0.907938781656518,1297
3862,1299.9054520509203,0.907938781656518,1297
3863,1299.9054520509203,0.907938781656518,1297
3864,1299.9054520509203,0.907938781656518,1297
3865,1299.9054520509203,0.907938781656518,1297
3866,1299.9054520509203,0.907938781656518,1297
3867,1299.9054520509203,0.907938781656518,1297
3868,1299.9054520509203,0.907938781656518,1297
3869,1299.9054520509203,0.907938781656518,1297
3870,1299.9054520509203,0.907938781656518,1297
3871,1299.9054520509203,0.907938781656518,1297
3872,1299.9054520509203,0.907938781656518,1297
3873,1299.9054520509203,0.907938781656518,1297
3874,1299.9054520509203,0.907938781656518,1297
3875,1299.9054520509203,0.907938781656518,1297
3876,1299.9054520509203,0.907938781656518,1297
3877,1299.9054520509203,0.907938781656518,1297
3878,1299.9054520509203,0.907938781656518,1297
3879,1299.9054520509203,0.907938781656518,1297
3880,1299.9054520509203,0.907938781656518,1297
3881,1299.9054520509203,0.907938781656518,1297
3882,1299.9054520509203,0.907938781656518,1297
3883,1299.9054520509203,0.907938781656518,1297
3884,1299.9054520509203,0.907938781656518,1297
3885,1299.9054520509203,0.907938781656518,1297
3886,1299.9054520509203,0.907938781656518,1297
3887,1299.9054520509203,0.907938781656518,1297
3888,1299.9054520509203,0.907938781656518,1297
3889,1299.9054520509203,0.907938781656518,1297
3890,1299.9054520509203,0.907938781656518,1297
3891,1299.9054520509203,0.907938781656518,1297
3892,1299.9054520509203,0.907938781656518,1297
3893,1299.9054520509203,0.907938781656518,1297
3894,1299.9054520509203,0.907938781656518,1297
3895,1299.9054520509203,0.907938781656518,1297
3896,1299.9054520509203,0.907938781656518,1297
3897,1299.9054520509203,0.907938781656518,1297
3898,1299.9054520509203,0.907938781656518,1297
3899,1299.9054520509203,0.907938781656518,1297
3900,1299.9054520509203,0.907938781656518,1297
3901,1299.9054520509203,0.907938781656518,1297
3902,1299.9054520509203,0.907938781656518,1297
3903,1299.9054520509203,0.907938781656518,1297
3904,1299.9054520509203,0.907938781656518,1297
3905,1299.9054520509203,0.907938781656518,1297
3906,1299.9054520509203,0.907938781656518,1297
3907,1299.9054520509203,0.907938781656518,1297
3908,1299.9054520509203,0.907938781656518,1297
3909,1299.9054520509203,0.907938781656518,1297
3910,1299.9054520509203,0.907938781656518,1297
3911,1299.9054520509203,0.907938781656518,1297
3912,1299.9054520509203,0.907938781656518,1297
3913,1299.9054520509203,0.907938781656518,1297
3914,1299.9054520509203,0.907938781656518,1297
3915,1299.9054520509203,0.907938781656518,1297
3916,1299.9054520509203,0.907938781656518,1297
3917,1299.9054520509203,0.907938781656518,1297
3918,1299.9054520509203,0.907938781656518,1297
3919,1299.9054520509203,0.907938781656518,1297
3920,1299.9054520509203,0.907938781656518,1297
3921,1299.9054520509203,0.907938781656518,1297
3922,1299.9054520509203,0.907938781656518,1297
3923,1299.9054520509203,0.907938781656518,1297
3924,1299.9054520509203,0.907938781656518,1297
3925,1299.9054520509203,0.907938781656518,1297
3926,1299.9054520509203,0.907938781656518,1297
3927,1299.9054520509203,0.907938781656518,1297
3928,1299.9054520509203,0.907938781656518,1297
3929,1299.9054520509203,0.907938781656518,1297
3930,1299.9054520509203,0.907938781656518,1297
3931,1299.9054520509203,0.907938781656518,1297
3932,1299.9054520509203,0.907938781656518,1297
3933,1299.9054520509203,0.907938781656518,1297
3934,1299.9054520509203,0.907938781656518,1297
3935,1299.9054520509203,0.907938781656518,1297
3936,1299.9054520509203,0.907938781656518,1297
3937,1299.9054520509203,0.907938781656518,1297
3938,1299.9054520509203,0.907938781656518,1297
3939,1299.9054520509203,0.907938781656518,1297
3940,1299.9054520509203,0.907938781656518,1297
3941,1299.9054520509203,0.907938781656518,1297
3942,1299.9054520509203,0.907938781656518,1297
3943,1299.9054520509203,0.907938781656518,1297
3944,1299.9054520509203,0.907938781656518,1297
3945,1299.9054520509203,0.907938781656518,1297
3946,1299.9054520509203,0.907938781656518,1297
3947,1299.9054520509203,0.907938781656518,1297
3948,1299.9054520509203,0.907938781656518,1297
3949,1299.9054520509203,0.907938781656518,1297
3950,1299.9054520509203,0.907938781656518,1297
3951,1299.9054520509203,0.907938781656518,1297
3952,1299.9054520509203,0.907938781656518,1297
3953,1299.9054520509203,0.907938781656518,1297
3954,1299.9054520509203,0.907938781656518,1297
3955,1299.9054520509203,0.907938781656518,1297
3956,1299.9054520509203,0.907938781656518,1297
3957,1299.9054520509203,0.907938781656518,1297
3958,1299.9054520509203,0.907938781656518,1297
3959,1299.9054520509203,0.907938781656518,1297
3960,1299.9054520509203,0.907938781656518,1297
3961,1299.9054520509203,0.907938781656518,1297
3962,1299.9054520509203,0.907938781656518,1297
3963,1299.9054520509203,0.907938781656518,1297
3964,1299.9054520509203,0.907938781656518,1297
3965,1299.9054520509203,0.907938781656518,1297
3966,1299.9054520509203,0.907938781656518,1297
3967,1299.9054520509203,0.907938781656518,1297
3968,1299.9054520509203,0.907938781656518,1297
3969,1299.9054520509203,0.907938781656518,1297
3970,1299.9054520509203,0.907938781656518,1297
3971,1299.9054520509203,0.907938781656518,1297
3972,1299.9054520509203,0.907938781656518,1297
3973,1299.9054520509203,0.907938781656518,1297
3974,1299.9054520509203,0.907938781656518,1297
3975,1299.9054520509203,0.907938781656518,1297
3976,1299.9054520509203,0.907938781656518,1297
3977,1299.9054520509203,0.907938781656518,1297
3978,1295.9733021913187,0.9057889039506148,1293
3979,1295.9733021913187,0.9057889039506148,1293
3980,1295.9733021913187,0.9057889039506148,1293
3981,1295.9733021913187,0.9057889039506148,1293
3982,1295.9733021913187,0.9057889039506148,1293
3983,1295.9733021913187,0.9057889039506148,1293
3984,1295.9733021913187,0.9057889039506148,1293
3985,1295.9733021913187,0.9057889039506148,1293
3986,1295.9733021913187,0.9057889039506148,1293
3987,1295.9733021913187,0.9057889039506148,1293
3988,1295.9733021913187,0.9057889039506148,1293
3989,1295.9733021913187,0.9057889039506148,1293
3990,1295.9733021913187,0.9057889039506148,1293
3991,1295.9733021913187,0.9057889039506148,1293
3992,1295.9733021913187,0.9057889039506148,1293
3993,1295.9733021913187,0.9057889039506148,1293
3994,1295.9733021913187,0.9057889039506148,1293
3995,1295.9733021913187,0.9057889039506148,1293
3996,1295.9733021913187,0.9057889039506148,1293
3997,1295.9733021913187,0.9057889039506148,1293
3998,1295.9733021913187,0.9057889039506148,1293
3999,1295.9733021913187,0.9057889039506148,1293
4000,1295.9733021913187,0.9057889039506148,1293
4001,1295.9733021913187,0.9057889039506148,1293
4002,1295.9733021913187,0.9057889039506148,1293
4003,1295.9733021913187,0.9057889039506148,1293
4004,1295.9733021913187,0.9057889039506148,1293
4005,1295.9733021913187,0.9057889039506148,1293
4006,1295.9733021913187,0.9057889039506148,1293
4007,1295.9733021913187,0.9057889039506148,1293
4008,1295.9733021913187,0.9057889039506148,1293
4009,1295.9733021913187,0.9057889039506148,1293
4010,1295.9733021913187,0.9057889039506148,1293
4011,1295.9733021913187,0.9057889039506148,1293
4012,1295.9733021913187,0.9057889039506148,1293
4013,1295.9733021913187,0.9057889039506148,1293
4014,1295.9733021913187,0.9057889039506148,1293
4015,1295.9733021913187,0.9057889039506148,1293
4016,1295.9733021913187,0.9057889039506148,1293
4017,1295.9733021913187,0.9057889039506148,1293
4018,1295.9733021913187,0.9057889039506148,1293
4019,1295.9733021913187,0.9057889039506148,1293
4020,1295.9733021913187,0.9057889039506148,1293
4021,1295.9733021913187,0.9057889039506148,1293
4022,1295.9733021913187,0.9057889039506148,1293
4023,1295.9733021913187,0.9057889039506148,1293
4024,1295.9733021913187,0.9057889039506148,1293
4025,1295.9733021913187,0.9057889039506148,1293
4026,1295.9733021913187,0.9057889039506148,1293
4027,1295.9733021913187,0.9057889039506148,1293
4028,1295.9733021913187,0.9057889039506148,1293
4029,1295.9733021913187,0.9057889039506148,1293
4030,1295.9733021913187,0.9057889039506148,1293
4031,1295.9733021913187,0.9057889039506148,1293
4032,1295.9733021913187,0.9057889039506148,1293
4033,1295.9733021913187,0.9057889039506148,1293
4034,1295.9733021913187,0.9057889039506148,1293
4035,1295.9733021913187,0.9057889039506148,1293
4036,1295.9733021913187,0.9057889039506148,1293
4037,1295.9733021913187,0.9057889039506148,1293
4038,1295.9733021913187,0.9057889039506148,1293
4039,1295.9733021913187,0.9057889039506148,1293
4040,1295.9733021913187,0.9057889039506148,1293
4041,1295.9733021913187,0.9057889039506148,1293
4042,1295.9733021913187,0.9057889039506148,1293
4043,1295.9733021913187,0.9057889039506148,1293
4044,1295.9733021913187,0.9057889039506148,1293
4045,1295.9733021913187,0.9057889039506148,1293
4046,1295.9733021913187,0.9057889039506148,1293
4047,1295.9733021913187,0.9057889039506148,1293
4048,1295.9733021913187,0.9057889039506148,1293
4049,1295.9733021913187,0.9057889039506148,1293
4050,1295.9733021913187,0.9057889039506148,1293
4051,1295.9733021913187,0.9057889039506148,1293
4052,1295.9733021913187,0.9057889039506148,1293
4053,1295.9733021913187,0.9057889039506148,1293
4054,1295.9733021913187,0.9057889039506148,1293
4055,1295.9733021913187,0.9057889039506148,1293
4056,1295.9733021913187,0.9057889039506148,1293
4057,1295.9733021913187,0.9057889039506148,1293
4058,1295.9733021913187,0.9057889039506148,1293
4059,1295.9733021913187,0.9057889039506148,1293
4060,1295.9733021913187,0.9057889039506148,1293
4061,1295.9733021913187,0.9057889039506148,1293
4062,1295.9733021913187,0.9057889039506148,1293
4063,1295.9733021913187,0.9057889039506148,1293
4064,1295.9733021913187,0.9057889039506148,1293
4065,1295.9733021913187,0.9057889039506148,1293
4066,1295.9733021913187,0.9057889039506148,1293
4067,1295.9733021913187,0.9057889039506148,1293
4068,1295.9733021913187,0.9057889039506148,1293
4069,1295.9733021913187,0.9057889039506148,1293
4070,1295.9733021913187,0.9057889039506148,1293
4071,1295.9733021913187,0.9057889039506148,1293
4072,1295.9733021913187,0.9057889039506148,1293
4073,1295.9733021913187,0.9057889039506148,1293
4074,1295.9733021913187,0.9057889039506148,1293
4075,1295.9733021913187,0.9057889039506148,1293
4076,1295.9733021913187,0.9057889039506148,1293
4077,1295.9733021913187,0.9057889039506148,1293
4078,1295.9733021913187,0.9057889039506148,1293
4079,1295.9733021913187,0.9057889039506148,1293
4080,1295.9733021913187,0.9057889039506148,1293
4081,1295.9733021913187,0.9057889039506148,1293
4082,1298.9223245230178,0.9074041659373359,1296
4083,1298.9223245230178,0.9074041659373359,1296
4084,1298.9223245230178,0.9074041659373359,1296
4085,1298.9223245230178,0.9074041659373359,1296
4086,1298.9223245230178,0.9074041659373359,1296
4087,1298.9223245230178,0.9074041659373359,1296
4088,1298.9223245230178,0.9074041659373359,1296
4089,1298.9223245230178,0.9074041659373359,1296
4090,1298.9223245230178,0.9074041659373359,1296
4091,1298.9223245230178,0.9074041659373359,1296
4092,1298.9223245230178,0.9074041659373359,1296
4093,1298.9223245230178,0.9074041659373359,1296
4094,1298.9223245230178,0.9074041659373359,1296
4095,1298.9223245230178,0.9074041659373359,1296
4096,1298.9223245230178,0.9074041659373359,1296
4097,1298.9223245230178,0.9074041659373359,1296
4098,1298.9223245230178,0.9074041659373359,1296
4099,1298.9223245230178,0.9074041659373359,1296
4100,1298.9223245230178,0.9074041659373359,1296
4101,1298.9223245230178,0.9074041659373359,1296
4102,1298.9223245230178,0.9074041659373359,1296
4103,1298.9223245230178,0.9074041659373359,1296
4104,1298.9223245230178,0.9074041659373359,1296
4105,1298.9223245230178,0.9074041659373359,1296
4106,1298.9223245230178,0.9074041659373359,1296
4107,1298.9223245230178,0.9074041659373359,1296
4108,1298.9223245230178,0.9074041659373359,1296
4109,1299.9054520509203,0.907938781656518,1297
4110,1299.9054520509203,0.907938781656518,1297
4111,1299.9054520509203,0.907938781656518,1297
4112,1299.9054520509203,0.907938781656518,1297
4113,1299.9054520509203,0.907938781656518,1297
4114,1299.9054520509203,0.907938781656518,1297
4115,1299.9054520509203,0.907938781656518,1297
4116,1299.9054520509203,0.907938781656518,1297
4117,1299.9054520509203,0.907938781656518,1297
4118,1299.9054520509203,0.907938781656518,1297
4119,1299.9054520509203,0.907938781656518,1297
4120,1299.9054520509203,0.907938781656518,1297
4121,1299.9054520509203,0.907938781656518,1297
4122,1299.9054520509203,0.907938781656518,1297
4123,1299.9054520509203,0.907938781656518,1297
4124,1299.9054520509203,0.907938781656518,1297
4125,1299.9054520509203,0.907938781656518,1297
4126,1299.9054520509203,0.907938781656518,1297
4127,1299.9054520509203,0.907938781656518,1297
4128,1299.9054520509203,0.907938781656518,1297
4129,1299.9054520509203,0.907938781656518,1297
4130,1299.9054520509203,0.907938781656518,1297
4131,1299.9054520509203,0.907938781656518,1297
4132,1299.9054520509203,0.907938781656518,1297
4133,1299.9054520509203,0.907938781656518,1297
4134,1299.9054520509203,0.907938781656518,1297
4135,1299.9054520509203,0.907938781656518,1297
4136,1299.9054520509203,0.907938781656518,1297
4137,1299.9054520509203,0.907938781656518,1297
4138,1299.9054520509203,0.907938781656518,1297
4139,1299.9054520509203,0.907938781656518,1297
4140,1299.9054520509203,0.907938781656518,1297
4141,1299.9054520509203,0.907938781656518,1297
4142,1299.9054520509203,0.907938781656518,1297
4143,1299.9054520509203,0.907938781656518,1297
4144,1299.9054520509203,0.907938781656518,1297
4145,1299.9054520509203,0.907938781656518,1297
4146,1299.9054520509203,0.907938781656518,1297
4147,1299.9054520509203,0.907938781656518,1297
4148,1299.9054520509203,0.907938781656518,1297
4149,1299.9054520509203,0.907938781656518,1297
4150,1299.9054520509203,0.907938781656518,1297
4151,1299.9054520509203,0.907938781656518,1297
4152,1299.9054520509203,0.907938781656518,1297
4153,1299.9054520509203,0.907938781656518,1297
4154,1299.9054520509203,0.907938781656518,1297
4155,1299.9054520509203,0.907938781656518,1297
4156,1299.9054520509203,0.907938781656518,1297
4157,1299.9054520509203,0.907938781656518,1297
4158,1299.9054520509203,0.907938781656518,1297
4159,1299.9054520509203,0.907938781656518,1297
4160,1299.9054520509203,0.907938781656518,1297
4161,1299.9054520509203,0.907938781656518,1297
4162,1299.9054520509203,0.907938781656518,1297
4163,1299.9054520509203,0.907938781656518,1297
4164,1299.9054520509203,0.907938781656518,1297
4165,1299.9054520509203,0.907938781656518,1297
4166,1299.9054520509203,0.907938781656518,1297
4167,1299.9054520509203,0.907938781656518,1297
4168,1299.9054520509203,0.907938781656518,1297
4169,1299.9054520509203,0.907938781656518,1297
4170,1299.9054520509203,0.907938781656518,1297
4171,1299.9054520509203,0.907938781656518,1297
4172,1299.9054520509203,0.907938781656518,1297
4173,1299.9054520509203,0.907938781656518,1297
4174,1299.9054520509203,0.907938781656518,1297
4175,1299.9054520509203,0.907938781656518,1297
4176,1299.9054520509203,0.907938781656518,1297
4177,1299.9054520509203,0.907938781656518,1297
4178,1299.9054520509203,0.907938781656518,1297
4179,1299.9054520509203,0.907938781656518,1297
4180,1299.9054520509203,0.907938781656518,1297
4181,1299.9054520509203,0.907938781656518,1297
4182,1299.9054520509203,0.907938781656518,1297
4183,1299.9054520509203,0.907938781656518,1297
4184,1299.9054520509203,0.907938781656518,1297
4185,1299.9054520509203,0.907938781656518,1297
4186,1299.9054520509203,0.907938781656518,1297
4187,1299.9054520509203,0.907938781656518,1297
4188,1299.9054520509203,0.907938781656518,1297
4189,1299.9054520509203,0.907938781656518,1297
4190,1299.9054520509203,0.907938781656518,1297
4191,1299.9054520509203,0.907938781656518,1297
4192,1299.9054520509203,0.907938781656518,1297
4193,1299.9054520509203,0.907938781656518,1297
4194,1299.9054520509203,0.907938781656518,1297
4195,1299.9054520509203,0.907938781656518,1297
4196,1299.9054520509203,0.907938781656518,1297
4197,1299.9054520509203,0.907938781656518,1297
4198,1299.9054520509203,0.907938781656518,1297
4199,1299.9054520509203,0.907938781656518,1297
4200,1299.9054520509203,0.907938781656518,1297
4201,1299.9054520509203,0.907938781656518,1297
4202,1299.9054520509203,0.907938781656518,1297
4203,1299.9054520509203,0.907938781656518,1297
4204,1299.9054520509203,0.907938781656518,1297
4205,1299.9054520509203,0.907938781656518,1297
4206,1299.9054520509203,0.907938781656518,1297
4207,1299.9054520509203,0.907938781656518,1297
4208,1299.9054520509203,0.907938781656518,1297
4209,1299.9054520509203,0.907938781656518,1297
4210,1299.9054520509203,0.907938781656518,1297
4211,1299.9054520509203,0.907938781656518,1297
4212,1299.9054520509203,0.907938781656518,1297
4213,1299.9054520509203,0.907938781656518,1297
4214,1299.9054520509203,0.907938781656518,1297
4215,1299.9054520509203,0.907938781656518,1297
4216,1299.9054520509203,0.907938781656518,1297
4217,1299.9054520509203,0.907938781656518,1297
4218,1299.9054520509203,0.907938781656518,1297
4219,1299.9054520509203,0.907938781656518,1297
4220,1299.9054520509203,0.907938781656518,1297
4221,1299.9054520509203,0.907938781656518,1297
4222,1299.9054520509203,0.907938781656518,1297
4223,1299.9054520509203,0.907938781656518,1297
4224,1299.9054520509203,0.907938781656518,1297
4225,1299.9054520509203,0.907938781656518,1297
4226,1299.9054520509203,0.907938781656518,1297
4227,1299.9054520509203,0.907938781656518,1297
4228,1299.9054520509203,0.907938781656518,1297
4229,1299.9054520509203,0.907938781656518,1297
4230,1299.9054520509203,0.907938781656518,1297
4231,1299.9054520509203,0.907938781656518,1297
4232,1299.9054520509203,0.907938781656518,1297
4233,1299.9054520509203,0.907938781656518,1297
4234,1299.9054520509203,0.907938781656518,1297
4235,1299.9054520509203,0.907938781656518,1297
4236,1299.9054520509203,0.907938781656518,1297
4237,1299.9054520509203,0.907938781656518,1297
4238,1299.9054520509203,0.907938781656518,1297
4239,1299.9054520509203,0.907938781656518,1297
4240,1299.9054520509203,0.907938781656518,1297
4241,1299.9054520509203,0.907938781656518,1297
4242,1299.9054520509203,0.907938781656518,1297
4243,1299.9054520509203,0.907938781656518,1297
4244,1299.9054520509203,0.907938781656518,1297
4245,1299.9054520509203,0.907938781656518,1297
4246,1299.9054520509203,0.907938781656518,1297
4247,1299.9054520509203,0.907938781656518,1297
4248,1299.9054520509203,0.907938781656518,1297
4249,1299.9054520509203,0.907938781656518,1297
4250,1299.9054520509203,0.907938781656518,1297
4251,1299.9054520509203,0.907938781656518,1297
4252,1299.9054520509203,0.907938781656518,1297
4253,1299.9054520509203,0.907938781656518,1297
4254,1299.9054520509203,0.907938781656518,1297
4255,1299.9054520509203,0.907938781656518,1297
4256,1299.9054520509203,0.907938781656518,1297
4257,1299.9054520509203,0.907938781656518,1297
4258,1299.9054520509203,0.907938781656518,1297
4259,1299.9054520509203,0.907938781656518,1297
4260,1299.9054520509203,0.907938781656518,1297
4261,1299.9054520509203,0.907938781656518,1297
4262,1299.9054520509203,0.907938781656518,1297
4263,1299.9054520509203,0.907938781656518,1297
4264,1299.9054520509203,0.907938781656518,1297
4265,1299.9054520509203,0.907938781656518,1297
4266,1299.9054520509203,0.907938781656518,1297
4267,1299.9054520509203,0.907938781656518,1297
4268,1299.9054520509203,0.907938781656518,1297
4269,1299.9054520509203,0.907938781656518,1297
4270,1299.9054520509203,0.907938781656518,1297
4271,1299.9054520509203,0.907938781656518,1297
4272,1299.9054520509203,0.907938781656518,1297
4273,1299.9054520509203,0.907938781656518,1297
4274,1299.9054520509203,0.907938781656518,1297
4275,1299.9054520509203,0.907938781656518,1297
4276,1299.9054520509203,0.907938781656518,1297
4277,1299.9054520509203,0.907938781656518,1297
4278,1299.9054520509203,0.907938781656518,1297
4279,1299.9054520509203,0.907938781656518,1297
4280,1299.9054520509203,0.907938781656518,1297
4281,1299.9054520509203,0.907938781656518,1297
4282,1299.9054520509203,0.907938781656518,1297
4283,1299.9054520509203,0.907938781656518,1297
4284,1299.9054520509203,0.907938781656518,1297
4285,1299.9054520509203,0.907938781656518,1297
4286,1299.9054520509203,0.907938781656518,1297
4287,1299.9054520509203,0.907938781656518,1297
4288,1299.9054520509203,0.907938781656518,1297
4289,1299.9054520509203,0.907938781656518,1297
4290,1299.9054520509203,0.907938781656518,1297
4291,1299.9054520509203,0.907938781656518,1297
4292,1299.9054520509203,0.907938781656518,1297
4293,1299.9054520509203,0.907938781656518,1297
4294,1299.9054520509203,0.907938781656518,1297
4295,1299.9054520509203,0.907938781656518,1297
4296,1299.9054520509203,0.907938781656518,1297
4297,1299.9054520509203,0.907938781656518,1297
4298,1299.9054520509203,0.907938781656518,1297
4299,1299.9054520509203,0.907938781656518,1297
4300,1299.9054520509203,0.907938781656518,1297
4301,1299.9054520509203,0.907938781656518,1297
4302,1299.9054520509203,0.907938781656518,1297
4303,1299.9054520509203,0.907938781656518,1297
4304,1299.9054520509203,0.907938781656518,1297
4305,1299.9054520509203,0.907938781656518,1297
4306,1299.9054520509203,0.907938781656518,1297
4307,1299.9054520509203,0.907938781656518,1297
4308,1299.9054520509203,0.907938781656518,1297
4309,1299.9054520509203,0.907938781656518,1297
4310,1299.9054520509203,0.907938781656518,1297
4311,1299.9054520509203,0.907938781656518,1297
4312,1299.9054520509203,0.907938781656518,1297
4313,1299.9054520509203,0.907938781656518,1297
4314,1299.9054520509203,0.907938781656518,1297
4315,1299.9054520509203,0.907938781656518,1297
4316,1299.9054520509203,0.907938781656518,1297
4317,1299.9054520509203,0.907938781656518,1297
4318,1299.9054520509203,0.907938781656518,1297
4319,1299.9054520509203,0.907938781656518,1297
4320,1299.9054520509203,0.907938781656518,1297
4321,1299.9054520509203,0.907938781656518,1297
4322,1299.9054520509203,0.907938781656518,1297
4323,1299.9054520509203,0.907938781656518,1297
4324,1299.9054520509203,0.907938781656518,1297
4325,1299.9054520509203,0.907938781656518,1297
4326,1299.9054520509203,0.907938781656518,1297
4327,1299.9054520509203,0.907938781656518,1297
4328,1299.9054520509203,0.907938781656518,1297
4329,1299.9054520509203,0.907938781656518,1297
4330,1299.9054520509203,0.907938781656518,1297
4331,1299.9054520509203,0.907938781656518,1297
4332,1299.9054520509203,0.907938781656518,1297
4333,1299.9054520509203,0.907938781656518,1297
4334,1299.9054520509203,0.907938781656518,1297
4335,1299.9054520509203,0.907938781656518,1297
4336,1299.9054520509203,0.907938781656518,1297
4337,1299.9054520509203,0.907938781656518,1297
4338,1299.9054520509203,0.907938781656518,1297
4339,1299.9054520509203,0.907938781656518,1297
4340,1299.9054520509203,0.907938781656518,1297
4341,1299.9054520509203,0.907938781656518,1297
4342,1299.9054520509203,0.907938781656518,1297
4343,1299.9054520509203,0.907938781656518,1297
4344,1299.9054520509203,0.907938781656518,1297
4345,1299.9054520509203,0.907938781656518,1297
4346,1299.9054520509203,0.907938781656518,1297
4347,1299.9054520509203,0.907938781656518,1297
4348,1299.9054520509203,0.907938781656518,1297
4349,1299.9054520509203,0.907938781656518,1297
4350,1299.9054520509203,0.907938781656518,1297
4351,1299.9054520509203,0.907938781656518,1297
4352,1299.9054520509203,0.907938781656518,1297
4353,1299.9054520509203,0.907938781656518,1297
4354,1299.9054520509203,0.907938781656518,1297
4355,1299.9054520509203,0.907938781656518,1297
4356,1299.9054520509203,0.907938781656518,1297
4357,1299.9054520509203,0.907938781656518,1297
4358,1299.9054520509203,0.907938781656518,1297
4359,1299.9054520509203,0.907938781656518,1297
4360,1299.9054520509203,0.907938781656518,1297
4361,1299.9054520509203,0.907938781656518,1297
4362,1299.9054520509203,0.907938781656518,1297
4363,1299.9054520509203,0.907938781656518,1297
4364,1299.9054520509203,0.907938781656518,1297
4365,1299.9054520509203,0.907938781656518,1297
4366,1299.9054520509203,0.907938781656518,1297
4367,1299.9054520509203,0.907938781656518,1297
4368,1299.9054520509203,0.907938781656518,1297
4369,1299.9054520509203,0.907938781656518,1297
4370,1299.9054520509203,0.907938781656518,1297
4371,1299.9054520509203,0.907938781656518,1297
4372,1299.9054520509203,0.907938781656518,1297
4373,1300.8886395175537,0.9084714981763751,1298
4374,1300.8886395175537,0.9084714981763751,1298
4375,1300.8886395175537,0.9084714981763751,1298
4376,1300.8886395175537,0.9084714981763751,1298
4377,1300.8886395175537,0.9084714981763751,1298
4378,1300.8886395175537,0.9084714981763751,1298
4379,1300.8886395175537,0.9084714981763751,1298
4380,1300.8886395175537,0.9084714981763751,1298
4381,1300.8886395175537,0.9084714981763751,1298
4382,1300.8886395175537,0.9084714981763751,1298
4383,1300.8886395175537,0.9084714981763751,1298
4384,1300.8886395175537,0.9084714981763751,1298
4385,1300.8886395175537,0.9084714981763751,1298
4386,1300.8886395175537,0.9084714981763751,1298
4387,1300.8886395175537,0.9084714981763751,1298
4388,1300.8886395175537,0.9084714981763751,1298
4389,1300.8886395175537,0.9084714981763751,1298
4390,1300.8886395175537,0.9084714981763751,1298
4391,1300.8886395175537,0.9084714981763751,1298
4392,1300.8886395175537,0.9084714981763751,1298
4393,1300.8886395175537,0.9084714981763751,1298
4394,1300.8886395175537,0.9084714981763751,1298
4395,1300.8886395175537,0.9084714981763751,1298
4396,1300.8886395175537,0.9084714981763751,1298
4397,1300.8886395175537,0.9084714981763751,1298
4398,1300.8886395175537,0.9084714981763751,1298
4399,1300.8886395175537,0.9084714981763751,1298
4400,1300.8886395175537,0.9084714981763751,1298
4401,1300.8886395175537,0.9084714981763751,1298
4402,1300.8886395175537,0.9084714981763751,1298
4403,1300.8886395175537,0.9084714981763751,1298
4404,1300.8886395175537,0.9084714981763751,1298
4405,1300.8886395175537,0.9084714981763751,1298
4406,1300.8886395175537,0.9084714981763751,1298
4407,1300.8886395175537,0.9084714981763751,1298
4408,1300.8886395175537,0.9084714981763751,1298
4409,1300.8886395175537,0.9084714981763751,1298
4410,1300.8886395175537,0.9084714981763751,1298
4411,1300.8886395175537,0.9084714981763751,1298
4412,1300.8886395175537,0.9084714981763751,1298
4413,1300.8886395175537,0.9084714981763751,1298
4414,1300.8886395175537,0.9084714981763751,1298
4415,1300.8886395175537,0.9084714981763751,1298
4416,1300.8886395175537,0.9084714981763751,1298
4417,1300.8886395175537,0.9084714981763751,1298
4418,1300.8886395175537,0.9084714981763751,1298
4419,1300.8886395175537,0.9084714981763751,1298
4420,1300.8886395175537,0.9084714981763751,1298
4421,1300.8886395175537,0.9084714981763751,1298
4422,1299.9054520509203,0.907938781656518,1297
4423,1299.9054520509203,0.907938781656518,1297
4424,1299.9054520509203,0.907938781656518,1297
4425,1299.9054520509203,0.907938781656518,1297
4426,1299.9054520509203,0.907938781656518,1297
4427,1299.9054520509203,0.907938781656518,1297
4428,1299.9054520509203,0.907938781656518,1297
4429,1299.9054520509203,0.907938781656518,1297
4430,1299.9054520509203,0.907938781656518,1297
4431,1299.9054520509203,0.907938781656518,1297
4432,1299.9054520509203,0.907938781656518,1297
4433,1299.9054520509203,0.907938781656518,1297
4434,1299.9054520509203,0.907938781656518,1297
4435,1299.9054520509203,0.907938781656518,1297
4436,1299.9054520509203,0.907938781656518,1297
4437,1299.9054520509203,0.907938781656518,1297
4438,1299.9054520509203,0.907938781656518,1297
4439,1299.9054520509203,0.907938781656518,1297
4440,1299.9054520509203,0.907938781656518,1297
4441,1299.9054520509203,0.907938781656518,1297
4442,1299.9054520509203,0.907938781656518,1297
4443,1299.9054520509203,0.907938781656518,1297
4444,1299.9054520509203,0.907938781656518,1297
4445,1299.9054520509203,0.907938781656518,1297
4446,1299.9054520509203,0.907938781656518,1297
4447,1299.9054520509203,0.907938781656518,1297
4448,1299.9054520509203,0.907938781656518,1297
4449,1299.9054520509203,0.907938781656518,1297
4450,1299.9054520509203,0.907938781656518,1297
4451,1300.9141567503502,0.907662967352656,1298
4452,1300.9141567503502,0.907662967352656,1298
4453,1300.9141567503502,0.907662967352656,1298
4454,1300.9141567503502,0.907662967352656,1298
4455,1300.9141567503502,0.907662967352656,1298
4456,1300.9141567503502,0.907662967352656,1298
4457,1300.9141567503502,0.907662967352656,1298
4458,1300.9141567503502,0.907662967352656,1298
4459,1300.9141567503502,0.907662967352656,1298
4460,1300.9141567503502,0.907662967352656,1298
4461,1300.9141567503502,0.907662967352656,1298
4462,1300.9141567503502,0.907662967352656,1298
4463,1300.9141567503502,0.907662967352656,1298
4464,1300.9141567503502,0.907662967352656,1298
4465,1300.9141567503502,0.907662967352656,1298
4466,1300.9141567503502,0.907662967352656,1298
4467,1300.9141567503502,0.907662967352656,1298
4468,1300.9141567503502,0.907662967352656,1298
4469,1300.9141567503502,0.907662967352656,1298
4470,1300.9141567503502,0.907662967352656,1298
4471,1300.9141567503502,0.907662967352656,1298
4472,1300.9141567503502,0.907662967352656,1298
4473,1300.9141567503502,0.907662967352656,1298
4474,1300.9141567503502,0.907662967352656,1298
4475,1300.9141567503502,0.907662967352656,1298
4476,1300.9141567503502,0.907662967352656,1298
4477,1300.9141567503502,0.907662967352656,1298
4478,1300.9141567503502,0.907662967352656,1298
4479,1300.9141567503502,0.907662967352656,1298
4480,1300.9141567503502,0.907662967352656,1298
4481,1300.9141567503502,0.907662967352656,1298
4482,1300.9141567503502,0.907662967352656,1298
4483,1300.9141567503502,0.907662967352656,1298
4484,1300.9141567503502,0.907662967352656,1298
4485,1300.9141567503502,0.907662967352656,1298
4486,1300.9141567503502,0.907662967352656,1298
4487,1300.9141567503502,0.907662967352656,1298
4488,1300.9141567503502,0.907662967352656,1298
4489,1300.9141567503502,0.907662967352656,1298
4490,1300.9141567503502,0.907662967352656,1298
4491,1300.9141567503502,0.907662967352656,1298
4492,1300.9141567503502,0.907662967352656,1298
4493,1300.9141567503502,0.907662967352656,1298
4494,1300.9141567503502,0.907662967352656,1298
4495,1300.9141567503502,0.907662967352656,1298
4496,1300.9141567503502,0.907662967352656,1298
4497,1300.9141567503502,0.907662967352656,1298
4498,1300.9141567503502,0.907662967352656,1298
4499,1300.9141567503502,0.907662967352656,1298
4500,1300.9141567503502,0.907662967352656,1298
4501,1300.9141567503502,0.907662967352656,1298
4502,1300.9141567503502,0.907662967352656,1298
4503,1300.9141567503502,0.907662967352656,1298
4504,1300.9141567503502,0.907662967352656,1298
4505,1300.9141567503502,0.907662967352656,1298
4506,1300.9141567503502,0.907662967352656,1298
4507,1300.9141567503502,0.907662967352656,1298
4508,1300.9141567503502,0.907662967352656,1298
4509,1300.9141567503502,0.907662967352656,1298
4510,1300.9141567503502,0.907662967352656,1298
4511,1300.9141567503502,0.907662967352656,1298
4512,1300.9141567503502,0.907662967352656,1298
4513,1300.9141567503502,0.907662967352656,1298
4514,1300.9141567503502,0.907662967352656,1298
4515,1300.9141567503502,0.907662967352656,1298
4516,1300.9141567503502,0.907662967352656,1298
4517,1300.9141567503502,0.907662967352656,1298
4518,1300.9141567503502,0.907662967352656,1298
4519,1300.9141567503502,0.907662967352656,1298
4520,1300.9141567503502,0.907662967352656,1298
4521,1300.9141567503502,0.907662967352656,1298
4522,1300.9141567503502,0.907662967352656,1298
4523,1300.9141567503502,0.907662967352656,1298
4524,1300.9141567503502,0.907662967352656,1298
4525,1300.9141567503502,0.907662967352656,1298
4526,1300.9141567503502,0.907662967352656,1298
4527,1300.9141567503502,0.907662967352656,1298
4528,1300.9141567503502,0.907662967352656,1298
4529,1300.9141567503502,0.907662967352656,1298
4530,1300.9141567503502,0.907662967352656,1298
4531,1300.9141567503502,0.907662967352656,1298
4532,1300.9141567503502,0.907662967352656,1298
4533,1300.9141567503502,0.907662967352656,1298
4534,1300.9141567503502,0.907662967352656,1298
4535,1300.9141567503502,0.907662967352656,1298
4536,1300.9141567503502,0.907662967352656,1298
4537,1300.9141567503502,0.907662967352656,1298
4538,1300.9141567503502,0.907662967352656,1298
4539,1300.9141567503502,0.907662967352656,1298
4540,1300.9141567503502,0.907662967352656,1298
4541,1300.9141567503502,0.907662967352656,1298
4542,1300.9141567503502,0.907662967352656,1298
4543,1300.9141567503502,0.907662967352656,1298
4544,1300.9141567503502,0.907662967352656,1298
4545,1300.9141567503502,0.907662967352656,1298
4546,1300.9141567503502,0.907662967352656,1298
4547,1300.9141567503502,0.907662967352656,1298
4548,1300.9141567503502,0.907662967352656,1298
4549,1300.9141567503502,0.907662967352656,1298
4550,1300.9141567503502,0.907662967352656,1298
4551,1300.9141567503502,0.907662967352656,1298
4552,1300.9141567503502,0.907662967352656,1298
4553,1300.9141567503502,0.907662967352656,1298
4554,1300.9141567503502,0.907662967352656,1298
4555,1300.9141567503502,0.907662967352656,1298
4556,1300.9141567503502,0.907662967352656,1298
4557,1300.9141567503502,0.907662967352656,1298
4558,1300.9141567503502,0.907662967352656,1298
4559,1300.9141567503502,0.907662967352656,1298
4560,1300.9141567503502,0.907662967352656,1298
4561,1300.9141567503502,0.907662967352656,1298
4562,1300.9141567503502,0.907662967352656,1298
4563,1300.9141567503502,0.907662967352656,1298
4564,1300.9141567503502,0.907662967352656,1298
4565,1300.9141567503502,0.907662967352656,1298
4566,1300.9141567503502,0.907662967352656,1298
4567,1300.9141567503502,0.907662967352656,1298
4568,1300.9141567503502,0.907662967352656,1298
4569,1300.9141567503502,0.907662967352656,1298
4570,1300.9141567503502,0.907662967352656,1298
4571,1300.9141567503502,0.907662967352656,1298
4572,1300.9141567503502,0.907662967352656,1298
4573,1300.9141567503502,0.907662967352656,1298
4574,1300.9141567503502,0.907662967352656,1298
4575,1300.9141567503502,0.907662967352656,1298
4576,1300.9141567503502,0.907662967352656,1298
4577,1300.9141567503502,0.907662967352656,1298
4578,1300.9141567503502,0.907662967352656,1298
4579,1300.9141567503502,0.907662967352656,1298
4580,1300.9141567503502,0.907662967352656,1298
4581,1300.9141567503502,0.907662967352656,1298
4582,1300.9141567503502,0.907662967352656,1298
4583,1300.9141567503502,0.907662967352656,1298
4584,1300.9141567503502,0.907662967352656,1298
4585,1300.9141567503502,0.907662967352656,1298
4586,1300.9141567503502,0.907662967352656,1298
4587,1300.9141567503502,0.907662967352656,1298
4588,1300.9141567503502,0.907662967352656,1298
4589,1300.9141567503502,0.907662967352656,1298
4590,1300.9141567503502,0.907662967352656,1298
4591,1300.9141567503502,0.907662967352656,1298
4592,1300.9141567503502,0.907662967352656,1298
4593,1300.9141567503502,0.907662967352656,1298
4594,1300.9141567503502,0.907662967352656,1298
4595,1300.9141567503502,0.907662967352656,1298
4596,1300.9141567503502,0.907662967352656,1298
4597,1300.9141567503502,0.907662967352656,1298
4598,1300.9141567503502,0.907662967352656,1298
4599,1300.9141567503502,0.907662967352656,1298
4600,1300.9141567503502,0.907662967352656,1298
4601,1300.9141567503502,0.907662967352656,1298
4602,1300.9141567503502,0.907662967352656,1298
4603,1300.9141567503502,0.907662967352656,1298
4604,1300.9141567503502,0.907662967352656,1298
4605,1300.9141567503502,0.907662967352656,1298
4606,1300.9141567503502,0.907662967352656,1298
4607,1300.9141567503502,0.907662967352656,1298
4608,1300.9141567503502,0.907662967352656,1298
4609,1300.9141567503502,0.907662967352656,1298
4610,1300.9141567503502,0.907662967352656,1298
4611,1300.9141567503502,0.907662967352656,1298
4612,1300.9141567503502,0.907662967352656,1298
4613,1300.9141567503502,0.907662967352656,1298
4614,1300.9141567503502,0.907662967352656,1298
4615,1300.9141567503502,0.907662967352656,1298
4616,1300.9141567503502,0.907662967352656,1298
4617,1300.9141567503502,0.907662967352656,1298
4618,1300.9141567503502,0.907662967352656,1298
4619,1300.9141567503502,0.907662967352656,1298
4620,1300.9141567503502,0.907662967352656,1298
4621,1300.9141567503502,0.907662967352656,1298
4622,1300.9141567503502,0.907662967352656,1298
4623,1300.9141567503502,0.907662967352656,1298
4624,1300.9141567503502,0.907662967352656,1298
4625,1300.9141567503502,0.907662967352656,1298
4626,1300.9141567503502,0.907662967352656,1298
4627,1300.9141567503502,0.907662967352656,1298
4628,1300.9141567503502,0.907662967352656,1298
4629,1300.9141567503502,0.907662967352656,1298
4630,1300.9141567503502,0.907662967352656,1298
4631,1300.9141567503502,0.907662967352656,1298
4632,1300.9141567503502,0.907662967352656,1298
4633,1298.9479839712587,0.9065911289208235,1296
4634,1298.9479839712587,0.9065911289208235,1296
4635,1298.9479839712587,0.9065911289208235,1296
4636,1298.9479839712587,0.9065911289208235,1296
4637,1298.9479839712587,0.9065911289208235,1296
4638,1298.9479839712587,0.9065911289208235,1296
4639,1298.9479839712587,0.9065911289208235,1296
4640,1298.9479839712587,0.9065911289208235,1296
4641,1298.9479839712587,0.9065911289208235,1296
4642,1298.9479839712587,0.9065911289208235,1296
4643,1298.9479839712587,0.9065911289208235,1296
4644,1298.9479839712587,0.9065911289208235,1296
4645,1298.9479839712587,0.9065911289208235,1296
4646,1298.9479839712587,0.9065911289208235,1296
4647,1298.9479839712587,0.9065911289208235,1296
4648,1298.9479839712587,0.9065911289208235,1296
4649,1298.9479839712587,0.9065911289208235,1296
4650,1298.9479839712587,0.9065911289208235,1296
4651,1298.9479839712587,0.9065911289208235,1296
4652,1298.9479839712587,0.9065911289208235,1296
4653,1298.9479839712587,0.9065911289208235,1296
4654,1298.9479839712587,0.9065911289208235,1296
4655,1298.9479839712587,0.9065911289208235,1296
4656,1298.9479839712587,0.9065911289208235,1296
4657,1298.9479839712587,0.9065911289208235,1296
4658,1298.9479839712587,0.9065911289208235,1296
4659,1298.9479839712587,0.9065911289208235,1296
4660,1298.9479839712587,0.9065911289208235,1296
4661,1298.9479839712587,0.9065911289208235,1296
4662,1298.9479839712587,0.9065911289208235,1296
4663,1298.9479839712587,0.9065911289208235,1296
4664,1298.9479839712587,0.9065911289208235,1296
4665,1298.9479839712587,0.9065911289208235,1296
4666,1298.9479839712587,0.9065911289208235,1296
4667,1298.9479839712587,0.9065911289208235,1296
4668,1298.9479839712587,0.9065911289208235,1296
4669,1298.9479839712587,0.9065911289208235,1296
4670,1298.9479839712587,0.9065911289208235,1296
4671,1298.9479839712587,0.9065911289208235,1296
4672,1298.9479839712587,0.9065911289208235,1296
4673,1298.9479839712587,0.9065911289208235,1296
4674,1298.9479839712587,0.9065911289208235,1296
4675,1298.9479839712587,0.9065911289208235,1296
4676,1298.9479839712587,0.9065911289208235,1296
4677,1298.9479839712587,0.9065911289208235,1296
4678,1298.9479839712587,0.9065911289208235,1296
4679,1298.9479839712587,0.9065911289208235,1296
4680,1298.9479839712587,0.9065911289208235,1296
4681,1298.9479839712587,0.9065911289208235,1296
4682,1298.9479839712587,0.9065911289208235,1296
4683,1298.9479839712587,0.9065911289208235,1296
4684,1298.9479839712587,0.9065911289208235,1296
4685,1298.9479839712587,0.9065911289208235,1296
4686,1298.9479839712587,0.9065911289208235,1296
4687,1298.9479839712587,0.9065911289208235,1296
4688,1298.9479839712587,0.9065911289208235,1296
4689,1298.9479839712587,0.9065911289208235,1296
4690,1298.9479839712587,0.9065911289208235,1296
4691,1298.9479839712587,0.9065911289208235,1296
4692,1298.9479839712587,0.9065911289208235,1296
4693,1298.9479839712587,0.9065911289208235,1296
4694,1298.9479839712587,0.9065911289208235,1296
4695,1298.9479839712587,0.9065911289208235,1296
4696,1298.9479839712587,0.9065911289208235,1296
4697,1298.9479839712587,0.9065911289208235,1296
4698,1298.9479839712587,0.9065911289208235,1296
4699,1298.9479839712587,0.9065911289208235,1296
4700,1298.9479839712587,0.9065911289208235,1296
4701,1298.9479839712587,0.9065911289208235,1296
4702,1298.9479839712587,0.9065911289208235,1296
4703,1298.9479839712587,0.9065911289208235,1296
4704,1298.9479839712587,0.9065911289208235,1296
4705,1298.9479839712587,0.9065911289208235,1296
4706,1298.9479839712587,0.9065911289208235,1296
4707,1298.9479839712587,0.9065911289208235,1296
4708,1298.9479839712587,0.9065911289208235,1296
4709,1298.9479839712587,0.9065911289208235,1296
4710,1298.9479839712587,0.9065911289208235,1296
4711,1298.9479839712587,0.9065911289208235,1296
4712,1298.9479839712587,0.9065911289208235,1296
4713,1298.9479839712587,0.9065911289208235,1296
4714,1298.9479839712587,0.9065911289208235,1296
4715,1298.9479839712587,0.9065911289208235,1296
4716,1298.9479839712587,0.9065911289208235,1296
4717,1298.9479839712587,0.9065911289208235,1296
4718,1298.9479839712587,0.9065911289208235,1296
4719,1298.9479839712587,0.9065911289208235,1296
4720,1298.9479839712587,0.9065911289208235,1296
4721,1298.9479839712587,0.9065911289208235,1296
4722,1298.9479839712587,0.9065911289208235,1296
4723,1298.9479839712587,0.9065911289208235,1296
4724,1298.9479839712587,0.9065911289208235,1296
4725,1298.9479839712587,0.9065911289208235,1296
4726,1298.9479839712587,0.9065911289208235,1296
4727,1298.9479839712587,0.9065911289208235,1296
4728,1298.9479839712587,0.9065911289208235,1296
4729,1298.9479839712587,0.9065911289208235,1296
4730,1298.9479839712587,0.9065911289208235,1296
4731,1298.9479839712587,0.9065911289208235,1296
4732,1298.9479839712587,0.9065911289208235,1296
4733,1298.9479839712587,0.9065911289208235,1296
4734,1298.9479839712587,0.9065911289208235,1296
4735,1298.9479839712587,0.9065911289208235,1296
4736,1298.9479839712587,0.9065911289208235,1296
4737,1298.9479839712587,0.9065911289208235,1296
4738,1298.9479839712587,0.9065911289208235,1296
4739,1298.9479839712587,0.9065911289208235,1296
4740,1298.9479839712587,0.9065911289208235,1296
4741,1298.9479839712587,0.9065911289208235,1296
4742,1298.9479839712587,0.9065911289208235,1296
4743,1298.9479839712587,0.9065911289208235,1296
4744,1298.9479839712587,0.9065911289208235,1296
4745,1298.9479839712587,0.9065911289208235,1296
4746,1298.9479839712587,0.9065911289208235,1296
4747,1298.9479839712587,0.9065911289208235,1296
4748,1298.9479839712587,0.9065911289208235,1296
4749,1298.9479839712587,0.9065911289208235,1296
4750,1298.9479839712587,0.9065911289208235,1296
4751,1298.9479839712587,0.9065911289208235,1296
4752,1298.9479839712587,0.9065911289208235,1296
4753,1298.9479839712587,0.9065911289208235,1296
4754,1298.9479839712587,0.9065911289208235,1296
4755,1298.9479839712587,0.9065911289208235,1296
4756,1298.9479839712587,0.9065911289208235,1296
4757,1298.9479839712587,0.9065911289208235,1296
4758,1298.9479839712587,0.9065911289208235,1296
4759,1298.9479839712587,0.9065911289208235,1296
4760,1298.9479839712587,0.9065911289208235,1296
4761,1298.9479839712587,0.9065911289208235,1296
4762,1298.9479839712587,0.9065911289208235,1296
4763,1298.9479839712587,0.9065911289208235,1296
4764,1298.9479839712587,0.9065911289208235,1296
4765,1298.9479839712587,0.9065911289208235,1296
4766,1298.9479839712587,0.9065911289208235,1296
4767,1298.9479839712587,0.9065911289208235,1296
4768,1298.9479839712587,0.9065911289208235,1296
4769,1298.9479839712587,0.9065911289208235,1296
4770,1298.9479839712587,0.9065911289208235,1296
4771,1298.9479839712587,0.9065911289208235,1296
4772,1298.9479839712587,0.9065911289208235,1296
4773,1298.9479839712587,0.9065911289208235,1296
4774,1298.9479839712587,0.9065911289208235,1296
4775,1298.9479839712587,0.9065911289208235,1296
4776,1298.9479839712587,0.9065911289208235,1296
4777,1298.9479839712587,0.9065911289208235,1296
4778,1298.9479839712587,0.9065911289208235,1296
4779,1298.9479839712587,0.9065911289208235,1296
4780,1298.9479839712587,0.9065911289208235,1296
4781,1298.9479839712587,0.9065911289208235,1296
4782,1298.9479839712587,0.9065911289208235,1296
4783,1298.9479839712587,0.9065911289208235,1296
4784,1298.9479839712587,0.9065911289208235,1296
4785,1298.9479839712587,0.9065911289208235,1296
4786,1298.9479839712587,0.9065911289208235,1296
4787,1298.9479839712587,0.9065911289208235,1296
4788,1298.9479839712587,0.9065911289208235,1296
4789,1298.9479839712587,0.9065911289208235,1296
4790,1298.9479839712587,0.9065911289208235,1296
4791,1298.9479839712587,0.9065911289208235,1296
4792,1298.9479839712587,0.9065911289208235,1296
4793,1298.9479839712587,0.9065911289208235,1296
4794,1298.9479839712587,0.9065911289208235,1296
4795,1298.9479839712587,0.9065911289208235,1296
4796,1298.9479839712587,0.9065911289208235,1296
4797,1298.9479839712587,0.9065911289208235,1296
4798,1298.9479839712587,0.9065911289208235,1296
4799,1298.9479839712587,0.9065911289208235,1296
4800,1298.9479839712587,0.9065911289208235,1296
4801,1298.9479839712587,0.9065911289208235,1296
4802,1298.9479839712587,0.9065911289208235,1296
4803,1298.9479839712587,0.9065911289208235,1296
4804,1298.9479839712587,0.9065911289208235,1296
4805,1298.9479839712587,0.9065911289208235,1296
4806,1298.9479839712587,0.9065911289208235,1296
4807,1298.9479839712587,0.9065911289208235,1296
4808,1298.9479839712587,0.9065911289208235,1296
4809,1298.9479839712587,0.9065911289208235,1296
4810,1298.9479839712587,0.9065911289208235,1296
4811,1298.9479839712587,0.9065911289208235,1296
4812,1298.9479839712587,0.9065911289208235,1296
4813,1298.9479839712587,0.9065911289208235,1296
4814,1298.9479839712587,0.9065911289208235,1296
4815,1298.9479839712587,0.9065911289208235,1296
4816,1298.9479839712587,0.9065911289208235,1296
4817,1298.9479839712587,0.9065911289208235,1296
4818,1298.9479839712587,0.9065911289208235,1296
4819,1298.9479839712587,0.9065911289208235,1296
4820,1298.9479839712587,0.9065911289208235,1296
4821,1298.9479839712587,0.9065911289208235,1296
4822,1298.9479839712587,0.9065911289208235,1296
4823,1298.9479839712587,0.9065911289208235,1296
4824,1298.9479839712587,0.9065911289208235,1296
4825,1298.9479839712587,0.9065911289208235,1296
4826,1298.9479839712587,0.9065911289208235,1296
4827,1298.9479839712587,0.9065911289208235,1296
4828,1298.9479839712587,0.9065911289208235,1296
4829,1298.9479839712587,0.9065911289208235,1296
4830,1298.9479839712587,0.9065911289208235,1296
4831,1298.9479839712587,0.9065911289208235,1296
4832,1298.9479839712587,0.9065911289208235,1296
4833,1298.9479839712587,0.9065911289208235,1296
4834,1298.9479839712587,0.9065911289208235,1296
4835,1298.9479839712587,0.9065911289208235,1296
4836,1298.9479839712587,0.9065911289208235,1296
4837,1298.9479839712587,0.9065911289208235,1296
4838,1298.9479839712587,0.9065911289208235,1296
4839,1298.9479839712587,0.9065911289208235,1296
4840,1298.9479839712587,0.9065911289208235,1296
4841,1298.9479839712587,0.9065911289208235,1296
4842,1298.9479839712587,0.9065911289208235,1296
4843,1298.9479839712587,0.9065911289208235,1296
4844,1298.9479839712587,0.9065911289208235,1296
4845,1298.9479839712587,0.9065911289208235,1296
4846,1298.9479839712587,0.9065911289208235,1296
4847,1298.9479839712587,0.9065911289208235,1296
4848,1298.9479839712587,0.9065911289208235,1296
4849,1298.9479839712587,0.9065911289208235,1296
4850,1298.9479839712587,0.9065911289208235,1296
4851,1298.9479839712587,0.9065911289208235,1296
4852,1298.9479839712587,0.9065911289208235,1296
4853,1298.9479839712587,0.9065911289208235,1296
4854,1298.9479839712587,0.9065911289208235,1296
4855,1298.9479839712587,0.9065911289208235,1296
4856,1298.9479839712587,0.9065911289208235,1296
4857,1298.9479839712587,0.9065911289208235,1296
4858,1298.9479839712587,0.9065911289208235,1296
4859,1298.9479839712587,0.9065911289208235,1296
4860,1298.9479839712587,0.9065911289208235,1296
4861,1298.9479839712587,0.9065911289208235,1296
4862,1298.9479839712587,0.9065911289208235,1296
4863,1298.9479839712587,0.9065911289208235,1296
4864,1298.9479839712587,0.9065911289208235,1296
4865,1298.9479839712587,0.9065911289208235,1296
4866,1298.9479839712587,0.9065911289208235,1296
4867,1298.9479839712587,0.9065911289208235,1296
4868,1298.9479839712587,0.9065911289208235,1296
4869,1298.9479839712587,0.9065911289208235,1296
4870,1298.9479839712587,0.9065911289208235,1296
4871,1298.9479839712587,0.9065911289208235,1296
4872,1298.9479839712587,0.9065911289208235,1296
4873,1298.9479839712587,0.9065911289208235,1296
4874,1298.9479839712587,0.9065911289208235,1296
4875,1298.9479839712587,0.9065911289208235,1296
4876,1292.8955550704072,0.9082523741949569,1290
4877,1292.8955550704072,0.9082523741949569,1290
4878,1292.8955550704072,0.9082523741949569,1290
4879,1292.8955550704072,0.9082523741949569,1290
4880,1292.8955550704072,0.9082523741949569,1290
4881,1292.8955550704072,0.9082523741949569,1290
4882,1292.8955550704072,0.9082523741949569,1290
4883,1292.8955550704072,0.9082523741949569,1290
4884,1292.8955550704072,0.9082523741949569,1290
4885,1292.8955550704072,0.9082523741949569,1290
4886,1292.8955550704072,0.9082523741949569,1290
4887,1292.8955550704072,0.9082523741949569,1290
4888,1292.8955550704072,0.9082523741949569,1290
4889,1292.8955550704072,0.9082523741949569,1290
4890,1292.8955550704072,0.9082523741949569,1290
4891,1292.8955550704072,0.9082523741949569,1290
4892,1292.8955550704072,0.9082523741949569,1290
4893,1292.8955550704072,0.9082523741949569,1290
4894,1292.8955550704072,0.9082523741949569,1290
4895,1283.816620374944,0.9107534735442306,1281
4896,1283.816620374944,0.9107534735442306,1281
4897,1283.816620374944,0.9107534735442306,1281
4898,1283.816620374944,0.9107534735442306,1281
4899,1283.816620374944,0.9107534735442306,1281
4900,1283.816620374944,0.9107534735442306,1281
4901,1283.816620374944,0.9107534735442306,1281
4902,1283.816620374944,0.9107534735442306,1281
4903,1283.816620374944,0.9107534735442306,1281
4904,1283.816620374944,0.9107534735442306,1281
4905,1283.816620374944,0.9107534735442306,1281
4906,1283.816620374944,0.9107534735442306,1281
4907,1283.816620374944,0.9107534735442306,1281
4908,1283.816620374944,0.9107534735442306,1281
4909,1283.816620374944,0.9107534735442306,1281
4910,1283.816620374944,0.9107534735442306,1281
4911,1283.816620374944,0.9107534735442306,1281
4912,1283.816620374944,0.9107534735442306,1281
4913,1283.816620374944,0.9107534735442306,1281
4914,1283.816620374944,0.9107534735442306,1281
4915,1283.816620374944,0.9107534735442306,1281
4916,1283.816620374944,0.9107534735442306,1281
4917,1283.816620374944,0.9107534735442306,1281
4918,1283.816620374944,0.9107534735442306,1281
4919,1283.816620374944,0.9107534735442306,1281
4920,1283.816620374944,0.9107534735442306,1281
4921,1283.816620374944,0.9107534735442306,1281
4922,1283.816620374944,0.9107534735442306,1281
4923,1283.816620374944,0.9107534735442306,1281
4924,1283.816620374944,0.9107534735442306,1281
4925,1283.816620374944,0.9107534735442306,1281
4926,1283.816620374944,0.9107534735442306,1281
4927,1283.816620374944,0.9107534735442306,1281
4928,1283.816620374944,0.9107534735442306,1281
4929,1283.816620374944,0.9107534735442306,1281
4930,1283.816620374944,0.9107534735442306,1281
4931,1283.816620374944,0.9107534735442306,1281
4932,1283.816620374944,0.9107534735442306,1281
4933,1283.816620374944,0.9107534735442306,1281
4934,1283.816620374944,0.9107534735442306,1281
4935,1283.816620374944,0.9107534735442306,1281
4936,1283.816620374944,0.9107534735442306,1281
4937,1283.816620374944,0.9107534735442306,1281
4938,1283.816620374944,0.9107534735442306,1281
4939,1283.816620374944,0.9107534735442306,1281
4940,1283.816620374944,0.9107534735442306,1281
4941,1283.816620374944,0.9107534735442306,1281
4942,1283.816620374944,0.9107534735442306,1281
4943,1283.816620374944,0.9107534735442306,1281
4944,1283.816620374944,0.9107534735442306,1281
4945,1283.816620374944,0.9107534735442306,1281
4946,1283.816620374944,0.9107534735442306,1281
4947,1283.816620374944,0.9107534735442306,1281
4948,1283.816620374944,0.9107534735442306,1281
4949,1283.816620374944,0.9107534735442306,1281
4950,1283.816620374944,0.9107534735442306,1281
4951,1283.816620374944,0.9107534735442306,1281
4952,1283.816620374944,0.9107534735442306,1281
4953,1283.816620374944,0.9107534735442306,1281
4954,1283.816620374944,0.9107534735442306,1281
4955,1283.816620374944,0.9107534735442306,1281
4956,1283.816620374944,0.9107534735442306,1281
4957,1283.816620374944,0.9107534735442306,1281
4958,1283.816620374944,0.9107534735442306,1281
4959,1283.816620374944,0.9107534735442306,1281
4960,1283.816620374944,0.9107534735442306,1281
4961,1283.816620374944,0.9107534735442306,1281
4962,1283.816620374944,0.9107534735442306,1281
4963,1283.816620374944,0.9107534735442306,1281
4964,1283.816620374944,0.9107534735442306,1281
4965,1283.816620374944,0.9107534735442306,1281
4966,1283.816620374944,0.9107534735442306,1281
4967,1283.816620374944,0.9107534735442306,1281
4968,1283.816620374944,0.9107534735442306,1281
4969,1283.816620374944,0.9107534735442306,1281
4970,1283.816620374944,0.9107534735442306,1281
4971,1283.816620374944,0.9107534735442306,1281
4972,1283.816620374944,0.9107534735442306,1281
4973,1283.816620374944,0.9107534735442306,1281
4974,1283.816620374944,0.9107534735442306,1281
4975,1283.816620374944,0.9107534735442306,1281
4976,1283.816620374944,0.9107534735442306,1281
4977,1283.816620374944,0.9107534735442306,1281
4978,1283.816620374944,0.9107534735442306,1281
4979,1283.816620374944,0.9107534735442306,1281
4980,1283.816620374944,0.9107534735442306,1281
4981,1283.816620374944,0.9107534735442306,1281
4982,1283.816620374944,0.9107534735442306,1281
4983,1283.816620374944,0.9107534735442306,1281
4984,1283.816620374944,0.9107534735442306,1281
4985,1283.816620374944,0.9107534735442306,1281
4986,1283.816620374944,0.9107534735442306,1281
4987,1283.816620374944,0.9107534735442306,1281
4988,1283.816620374944,0.9107534735442306,1281
4989,1283.816620374944,0.9107534735442306,1281
4990,1283.816620374944,0.9107534735442306,1281
4991,1283.816620374944,0.9107534735442306,1281
4992,1283.816620374944,0.9107534735442306,1281
4993,1283.816620374944,0.9107534735442306,1281
4994,1283.816620374944,0.9107534735442306,1281
4995,1283.816620374944,0.9107534735442306,1281
4996,1283.816620374944,0.9107534735442306,1281
4997,1283.816620374944,0.9107534735442306,1281
4998,1283.816620374944,0.9107534735442306,1281
4999,1283.816620374944,0.9107534735442306,1281
5000,1283.816620374944,0.9107534735442306,1281
5001,1283.816620374944,0.9107534735442306,1281
5002,1283.816620374944,0.9107534735442306,1281
5003,1283.816620374944,0.9107534735442306,1281
5004,1283.816620374944,0.9107534735442306,1281
5005,1283.816620374944,0.9107534735442306,1281
5006,1283.816620374944,0.9107534735442306,1281
5007,1283.816620374944,0.9107534735442306,1281
5008,1283.816620374944,0.9107534735442306,1281
5009,1283.816620374944,0.9107534735442306,1281
5010,1283.816620374944,0.9107534735442306,1281
5011,1283.816620374944,0.9107534735442306,1281
5012,1283.816620374944,0.9107534735442306,1281
5013,1283.816620374944,0.9107534735442306,1281
5014,1283.816620374944,0.9107534735442306,1281
5015,1283.816620374944,0.9107534735442306,1281
5016,1283.816620374944,0.9107534735442306,1281
5017,1283.816620374944,0.9107534735442306,1281
5018,1283.816620374944,0.9107534735442306,1281
5019,1283.816620374944,0.9107534735442306,1281
5020,1283.816620374944,0.9107534735442306,1281
5021,1283.816620374944,0.9107534735442306,1281
5022,1283.816620374944,0.9107534735442306,1281
5023,1283.816620374944,0.9107534735442306,1281
5024,1283.816620374944,0.9107534735442306,1281
5025,1283.816620374944,0.9107534735442306,1281
5026,1283.816620374944,0.9107534735442306,1281
5027,1283.816620374944,0.9107534735442306,1281
5028,1283.816620374944,0.9107534735442306,1281
5029,1283.816620374944,0.9107534735442306,1281
5030,1283.816620374944,0.9107534735442306,1281
5031,1283.816620374944,0.9107534735442306,1281
5032,1283.816620374944,0.9107534735442306,1281
5033,1283.816620374944,0.9107534735442306,1281
5034,1283.816620374944,0.9107534735442306,1281
5035,1283.816620374944,0.9107534735442306,1281
5036,1283.816620374944,0.9107534735442306,1281
5037,1283.816620374944,0.9107534735442306,1281
5038,1283.816620374944,0.9107534735442306,1281
5039,1283.816620374944,0.9107534735442306,1281
5040,1283.816620374944,0.9107534735442306,1281
5041,1283.816620374944,0.9107534735442306,1281
5042,1283.816620374944,0.9107534735442306,1281
5043,1283.816620374944,0.9107534735442306,1281
5044,1283.816620374944,0.9107534735442306,1281
5045,1283.816620374944,0.9107534735442306,1281
5046,1283.816620374944,0.9107534735442306,1281
5047,1283.816620374944,0.9107534735442306,1281
5048,1283.816620374944,0.9107534735442306,1281
5049,1283.816620374944,0.9107534735442306,1281
5050,1283.816620374944,0.9107534735442306,1281
5051,1283.816620374944,0.9107534735442306,1281
5052,1283.816620374944,0.9107534735442306,1281
5053,1283.816620374944,0.9107534735442306,1281
5054,1283.816620374944,0.9107534735442306,1281
5055,1283.816620374944,0.9107534735442306,1281
5056,1283.816620374944,0.9107534735442306,1281
5057,1283.816620374944,0.9107534735442306,1281
5058,1283.816620374944,0.9107534735442306,1281
5059,1283.816620374944,0.9107534735442306,1281
5060,1283.816620374944,0.9107534735442306,1281
5061,1283.816620374944,0.9107534735442306,1281
5062,1283.816620374944,0.9107534735442306,1281
5063,1283.816620374944,0.9107534735442306,1281
5064,1283.816620374944,0.9107534735442306,1281
5065,1283.816620374944,0.9107534735442306,1281
5066,1283.816620374944,0.9107534735442306,1281
5067,1283.816620374944,0.9107534735442306,1281
5068,1283.816620374944,0.9107534735442306,1281
5069,1283.816620374944,0.9107534735442306,1281
5070,1283.816620374944,0.9107534735442306,1281
5071,1283.816620374944,0.9107534735442306,1281
5072,1283.816620374944,0.9107534735442306,1281
5073,1283.816620374944,0.9107534735442306,1281
5074,1283.816620374944,0.9107534735442306,1281
5075,1283.816620374944,0.9107534735442306,1281
5076,1283.816620374944,0.9107534735442306,1281
5077,1283.816620374944,0.9107534735442306,1281
5078,1283.816620374944,0.9107534735442306,1281
5079,1283.816620374944,0.9107534735442306,1281
5080,1283.816620374944,0.9107534735442306,1281
5081,1283.816620374944,0.9107534735442306,1281
5082,1283.816620374944,0.9107534735442306,1281
5083,1283.816620374944,0.9107534735442306,1281
5084,1283.816620374944,0.9107534735442306,1281
5085,1283.816620374944,0.9107534735442306,1281
5086,1283.816620374944,0.9107534735442306,1281
5087,1283.816620374944,0.9107534735442306,1281
5088,1283.816620374944,0.9107534735442306,1281
5089,1283.816620374944,0.9107534735442306,1281
5090,1283.816620374944,0.9107534735442306,1281
5091,1283.816620374944,0.9107534735442306,1281
5092,1283.816620374944,0.9107534735442306,1281
5093,1283.816620374944,0.9107534735442306,1281
5094,1283.816620374944,0.9107534735442306,1281
5095,1283.816620374944,0.9107534735442306,1281
5096,1283.816620374944,0.9107534735442306,1281
5097,1283.816620374944,0.9107534735442306,1281
5098,1283.816620374944,0.9107534735442306,1281
5099,1283.816620374944,0.9107534735442306,1281
5100,1283.816620374944,0.9107534735442306,1281
5101,1283.816620374944,0.9107534735442306,1281
5102,1283.816620374944,0.9107534735442306,1281
5103,1283.816620374944,0.9107534735442306,1281
5104,1283.816620374944,0.9107534735442306,1281
5105,1283.816620374944,0.9107534735442306,1281
5106,1283.816620374944,0.9107534735442306,1281
5107,1283.816620374944,0.9107534735442306,1281
5108,1283.816620374944,0.9107534735442306,1281
5109,1283.816620374944,0.9107534735442306,1281
5110,1283.816620374944,0.9107534735442306,1281
5111,1283.816620374944,0.9107534735442306,1281
5112,1283.816620374944,0.9107534735442306,1281
5113,1283.816620374944,0.9107534735442306,1281
5114,1283.816620374944,0.9107534735442306,1281
5115,1283.816620374944,0.9107534735442306,1281
5116,1283.816620374944,0.9107534735442306,1281
5117,1283.816620374944,0.9107534735442306,1281
5118,1283.816620374944,0.9107534735442306,1281
5119,1283.816620374944,0.9107534735442306,1281
5120,1283.816620374944,0.9107534735442306,1281
5121,1283.816620374944,0.9107534735442306,1281
5122,1283.816620374944,0.9107534735442306,1281
5123,1283.816620374944,0.9107534735442306,1281
5124,1283.816620374944,0.9107534735442306,1281
5125,1283.816620374944,0.9107534735442306,1281
5126,1283.816620374944,0.9107534735442306,1281
5127,1283.816620374944,0.9107534735442306,1281
5128,1283.816620374944,0.9107534735442306,1281
5129,1283.816620374944,0.9107534735442306,1281
5130,1283.816620374944,0.9107534735442306,1281
5131,1283.816620374944,0.9107534735442306,1281
5132,1283.816620374944,0.9107534735442306,1281
5133,1283.816620374944,0.9107534735442306,1281
5134,1285.7831448465342,0.911814168360762,1283
5135,1285.7831448465342,0.911814168360762,1283
5136,1285.7831448465342,0.911814168360762,1283
5137,1285.7831448465342,0.911814168360762,1283
5138,1285.7831448465342,0.911814168360762,1283
5139,1285.7831448465342,0.911814168360762,1283
5140,1285.7831448465342,0.911814168360762,1283
5141,1285.7831448465342,0.911814168360762,1283
5142,1285.7831448465342,0.911814168360762,1283
5143,1285.7831448465342,0.911814168360762,1283
5144,1285.7831448465342,0.911814168360762,1283
5145,1285.7831448465342,0.911814168360762,1283
5146,1285.7831448465342,0.911814168360762,1283
5147,1285.7831448465342,0.911814168360762,1283
5148,1285.7831448465342,0.911814168360762,1283
5149,1285.7831448465342,0.911814168360762,1283
5150,1285.7831448465342,0.911814168360762,1283
5151,1285.7831448465342,0.911814168360762,1283
5152,1285.7831448465342,0.911814168360762,1283
5153,1285.7831448465342,0.911814168360762,1283
5154,1285.7831448465342,0.911814168360762,1283
5155,1285.7831448465342,0.911814168360762,1283
5156,1285.7831448465342,0.911814168360762,1283
5157,1285.7831448465342,0.911814168360762,1283
5158,1285.7831448465342,0.911814168360762,1283
5159,1285.7831448465342,0.911814168360762,1283
5160,1285.7831448465342,0.911814168360762,1283
5161,1285.7831448465342,0.911814168360762,1283
5162,1285.7831448465342,0.911814168360762,1283
5163,1285.7831448465342,0.911814168360762,1283
5164,1285.7831448465342,0.911814168360762,1283
5165,1285.7831448465342,0.911814168360762,1283
5166,1285.7831448465342,0.911814168360762,1283
5167,1285.7831448465342,0.911814168360762,1283
5168,1285.7831448465342,0.911814168360762,1283
5169,1285.7831448465342,0.911814168360762,1283
5170,1285.7831448465342,0.911814168360762,1283
5171,1285.7831448465342,0.911814168360762,1283
5172,1285.7831448465342,0.911814168360762,1283
5173,1285.7831448465342,0.911814168360762,1283
5174,1285.7831448465342,0.911814168360762,1283
5175,1285.7831448465342,0.911814168360762,1283
5176,1285.7831448465342,0.911814168360762,1283
5177,1285.7831448465342,0.911814168360762,1283
5178,1285.7831448465342,0.911814168360762,1283
5179,1285.7831448465342,0.911814168360762,1283
5180,1285.7831448465342,0.911814168360762,1283
5181,1285.7831448465342,0.911814168360762,1283
5182,1285.7831448465342,0.911814168360762,1283
5183,1285.7831448465342,0.911814168360762,1283
5184,1285.7831448465342,0.911814168360762,1283
5185,1285.7831448465342,0.911814168360762,1283
5186,1285.7831448465342,0.911814168360762,1283
5187,1285.7831448465342,0.911814168360762,1283
5188,1285.7831448465342,0.911814168360762,1283
5189,1285.7831448465342,0.911814168360762,1283
5190,1285.7831448465342,0.911814168360762,1283
5191,1285.7831448465342,0.911814168360762,1283
5192,1285.7831448465342,0.911814168360762,1283
5193,1285.7831448465342,0.911814168360762,1283
5194,1285.7831448465342,0.911814168360762,1283
5195,1285.7831448465342,0.911814168360762,1283
5196,1285.7831448465342,0.911814168360762,1283
5197,1285.7831448465342,0.911814168360762,1283
5198,1285.7831448465342,0.911814168360762,1283
5199,1285.7831448465342,0.911814168360762,1283
5200,1285.7831448465342,0.911814168360762,1283
5201,1285.7831448465342,0.911814168360762,1283
5202,1285.7831448465342,0.911814168360762,1283
5203,1285.7831448465342,0.911814168360762,1283
5204,1285.7831448465342,0.911814168360762,1283
5205,1285.7831448465342,0.911814168360762,1283
5206,1285.7831448465342,0.911814168360762,1283
5207,1285.7831448465342,0.911814168360762,1283
5208,1285.7831448465342,0.911814168360762,1283
5209,1285.7831448465342,0.911814168360762,1283
5210,1285.7831448465342,0.911814168360762,1283
5211,1285.7831448465342,0.911814168360762,1283
5212,1285.7831448465342,0.911814168360762,1283
5213,1285.7831448465342,0.911814168360762,1283
5214,1285.7831448465342,0.911814168360762,1283
5215,1285.7831448465342,0.911814168360762,1283
5216,1285.7831448465342,0.911814168360762,1283
5217,1285.7831448465342,0.911814168360762,1283
5218,1285.7831448465342,0.911814168360762,1283
5219,1285.7831448465342,0.911814168360762,1283
5220,1285.7831448465342,0.911814168360762,1283
5221,1285.7831448465342,0.911814168360762,1283
5222,1285.7831448465342,0.911814168360762,1283
5223,1285.7831448465342,0.911814168360762,1283
5224,1285.7831448465342,0.911814168360762,1283
5225,1285.7831448465342,0.911814168360762,1283
5226,1285.7831448465342,0.911814168360762,1283
5227,1285.7831448465342,0.911814168360762,1283
5228,1285.7831448465342,0.911814168360762,1283
5229,1285.7831448465342,0.911814168360762,1283
5230,1285.7831448465342,0.911814168360762,1283
5231,1285.7831448465342,0.911814168360762,1283
5232,1285.7831448465342,0.911814168360762,1283
5233,1285.7831448465342,0.911814168360762,1283
5234,1285.7831448465342,0.911814168360762,1283
5235,1285.7831448465342,0.911814168360762,1283
5236,1285.7831448465342,0.911814168360762,1283
5237,1285.7831448465342,0.911814168360762,1283
5238,1285.7831448465342,0.911814168360762,1283
5239,1285.7831448465342,0.911814168360762,1283
5240,1285.7831448465342,0.911814168360762,1283
5241,1285.7831448465342,0.911814168360762,1283
5242,1285.7831448465342,0.911814168360762,1283
5243,1285.7831448465342,0.911814168360762,1283
5244,1285.7831448465342,0.911814168360762,1283
5245,1285.7831448465342,0.911814168360762,1283
5246,1285.7831448465342,0.911814168360762,1283
5247,1285.7831448465342,0.911814168360762,1283
5248,1285.7831448465342,0.911814168360762,1283
5249,1285.7831448465342,0.911814168360762,1283
5250,1285.7831448465342,0.911814168360762,1283
5251,1285.7831448465342,0.911814168360762,1283
5252,1285.7831448465342,0.911814168360762,1283
5253,1285.7831448465342,0.911814168360762,1283
5254,1285.7831448465342,0.911814168360762,1283
5255,1285.7831448465342,0.911814168360762,1283
5256,1285.7831448465342,0.911814168360762,1283
5257,1285.7831448465342,0.911814168360762,1283
5258,1285.7831448465342,0.911814168360762,1283
5259,1285.7831448465342,0.911814168360762,1283
5260,1285.7831448465342,0.911814168360762,1283
5261,1285.7831448465342,0.911814168360762,1283
5262,1285.7831448465342,0.911814168360762,1283
5263,1285.7831448465342,0.911814168360762,1283
5264,1285.7831448465342,0.911814168360762,1283
5265,1285.7831448465342,0.911814168360762,1283
5266,1285.7831448465342,0.911814168360762,1283
5267,1285.7831448465342,0.911814168360762,1283
5268,1285.7831448465342,0.911814168360762,1283
5269,1285.7831448465342,0.911814168360762,1283
5270,1285.7831448465342,0.911814168360762,1283
5271,1285.7831448465342,0.911814168360762,1283
5272,1285.7831448465342,0.911814168360762,1283
5273,1285.7831448465342,0.911814168360762,1283
5274,1285.7831448465342,0.911814168360762,1283
5275,1285.7831448465342,0.911814168360762,1283
5276,1285.7831448465342,0.911814168360762,1283
5277,1285.7831448465342,0.911814168360762,1283
5278,1285.7831448465342,0.911814168360762,1283
5279,1285.7831448465342,0.911814168360762,1283
5280,1285.7831448465342,0.911814168360762,1283
5281,1285.7831448465342,0.911814168360762,1283
5282,1285.7831448465342,0.911814168360762,1283
5283,1285.7831448465342,0.911814168360762,1283
5284,1285.7831448465342,0.911814168360762,1283
5285,1285.7831448465342,0.911814168360762,1283
5286,1285.7831448465342,0.911814168360762,1283
5287,1285.7831448465342,0.911814168360762,1283
5288,1285.7831448465342,0.911814168360762,1283
5289,1285.7831448465342,0.911814168360762,1283
5290,1285.7831448465342,0.911814168360762,1283
5291,1285.7831448465342,0.911814168360762,1283
5292,1285.7831448465342,0.911814168360762,1283
5293,1285.7831448465342,0.911814168360762,1283
5294,1285.7831448465342,0.911814168360762,1283
5295,1285.7831448465342,0.911814168360762,1283
5296,1285.7831448465342,0.911814168360762,1283
5297,1285.7831448465342,0.911814168360762,1283
5298,1285.7831448465342,0.911814168360762,1283
5299,1285.7831448465342,0.911814168360762,1283
5300,1285.7831448465342,0.911814168360762,1283
5301,1285.7831448465342,0.911814168360762,1283
5302,1285.7831448465342,0.911814168360762,1283
5303,1285.7831448465342,0.911814168360762,1283
5304,1285.7831448465342,0.911814168360762,1283
5305,1285.7831448465342,0.911814168360762,1283
5306,1285.7831448465342,0.911814168360762,1283
5307,1285.7831448465342,0.911814168360762,1283
5308,1285.7831448465342,0.911814168360762,1283
5309,1285.7831448465342,0.911814168360762,1283
5310,1285.7831448465342,0.911814168360762,1283
5311,1285.7831448465342,0.911814168360762,1283
5312,1285.7831448465342,0.911814168360762,1283
5313,1285.7831448465342,0.911814168360762,1283
5314,1285.7831448465342,0.911814168360762,1283
5315,1285.7831448465342,0.911814168360762,1283
5316,1285.7831448465342,0.911814168360762,1283
5317,1285.7831448465342,0.911814168360762,1283
5318,1285.7831448465342,0.911814168360762,1283
5319,1285.7831448465342,0.911814168360762,1283
5320,1285.7831448465342,0.911814168360762,1283
5321,1285.7831448465342,0.911814168360762,1283
5322,1285.7831448465342,0.911814168360762,1283
5323,1285.7831448465342,0.911814168360762,1283
5324,1285.7831448465342,0.911814168360762,1283
5325,1285.7831448465342,0.911814168360762,1283
5326,1285.7831448465342,0.911814168360762,1283
5327,1285.7831448465342,0.911814168360762,1283
5328,1285.7831448465342,0.911814168360762,1283
5329,1285.7831448465342,0.911814168360762,1283
5330,1285.7831448465342,0.911814168360762,1283
5331,1285.7831448465342,0.911814168360762,1283
5332,1285.7831448465342,0.911814168360762,1283
5333,1285.7831448465342,0.911814168360762,1283
5334,1285.7831448465342,0.911814168360762,1283
5335,1285.7831448465342,0.911814168360762,1283
5336,1285.7831448465342,0.911814168360762,1283
5337,1285.7831448465342,0.911814168360762,1283
5338,1285.7831448465342,0.911814168360762,1283
5339,1285.7831448465342,0.911814168360762,1283
5340,1285.7831448465342,0.911814168360762,1283
5341,1285.7831448465342,0.911814168360762,1283
5342,1285.7831448465342,0.911814168360762,1283
5343,1285.7831448465342,0.911814168360762,1283
5344,1285.7831448465342,0.911814168360762,1283
5345,1285.7831448465342,0.911814168360762,1283
5346,1285.7831448465342,0.911814168360762,1283
5347,1285.7831448465342,0.911814168360762,1283
5348,1285.7831448465342,0.911814168360762,1283
5349,1285.7831448465342,0.911814168360762,1283
5350,1285.7831448465342,0.911814168360762,1283
5351,1285.7831448465342,0.911814168360762,1283
5352,1285.7831448465342,0.911814168360762,1283
5353,1285.7831448465342,0.911814168360762,1283
5354,1285.7831448465342,0.911814168360762,1283
5355,1285.7831448465342,0.911814168360762,1283
5356,1285.7831448465342,0.911814168360762,1283
5357,1285.7831448465342,0.911814168360762,1283
5358,1285.7831448465342,0.911814168360762,1283
5359,1285.7831448465342,0.911814168360762,1283
5360,1285.7831448465342,0.911814168360762,1283
5361,1285.7831448465342,0.911814168360762,1283
5362,1285.7831448465342,0.911814168360762,1283
5363,1285.7831448465342,0.911814168360762,1283
5364,1285.7831448465342,0.911814168360762,1283
5365,1285.7831448465342,0.911814168360762,1283
5366,1285.7831448465342,0.911814168360762,1283
5367,1285.7831448465342,0.911814168360762,1283
5368,1285.7831448465342,0.911814168360762,1283
5369,1285.7831448465342,0.911814168360762,1283
5370,1285.7831448465342,0.911814168360762,1283
5371,1285.7831448465342,0.911814168360762,1283
5372,1285.7831448465342,0.911814168360762,1283
5373,1285.7831448465342,0.911814168360762,1283
5374,1285.7831448465342,0.911814168360762,1283
5375,1285.7831448465342,0.911814168360762,1283
5376,1285.7831448465342,0.911814168360762,1283
5377,1285.7831448465342,0.911814168360762,1283
5378,1285.7831448465342,0.911814168360762,1283
5379,1285.7831448465342,0.911814168360762,1283
5380,1285.7831448465342,0.911814168360762,1283
5381,1285.7831448465342,0.911814168360762,1283
5382,1285.7831448465342,0.911814168360762,1283
5383,1285.7831448465342,0.911814168360762,1283
5384,1285.7831448465342,0.911814168360762,1283
5385,1285.7831448465342,0.911814168360762,1283
5386,1285.7831448465342,0.911814168360762,1283
5387,1285.7831448465342,0.911814168360762,1283
5388,1285.7831448465342,0.911814168360762,1283
5389,1285.7831448465342,0.911814168360762,1283
5390,1285.7831448465342,0.911814168360762,1283
5391,1285.7831448465342,0.911814168360762,1283
5392,1285.7831448465342,0.911814168360762,1283
5393,1285.7831448465342,0.911814168360762,1283
5394,1285.7831448465342,0.911814168360762,1283
5395,1285.7831448465342,0.911814168360762,1283
5396,1285.7831448465342,0.911814168360762,1283
5397,1285.7831448465342,0.911814168360762,1283
5398,1285.7831448465342,0.911814168360762,1283
5399,1285.7831448465342,0.911814168360762,1283
5400,1285.7831448465342,0.911814168360762,1283
5401,1285.7831448465342,0.911814168360762,1283
5402,1285.7831448465342,0.911814168360762,1283
5403,1285.7831448465342,0.911814168360762,1283
5404,1285.7831448465342,0.911814168360762,1283
5405,1285.7831448465342,0.911814168360762,1283
5406,1285.7831448465342,0.911814168360762,1283
5407,1285.7831448465342,0.911814168360762,1283
5408,1285.7831448465342,0.911814168360762,1283
5409,1285.7831448465342,0.911814168360762,1283
5410,1285.7831448465342,0.911814168360762,1283
5411,1285.7831448465342,0.911814168360762,1283
5412,1285.7831448465342,0.911814168360762,1283
5413,1285.7831448465342,0.911814168360762,1283
5414,1285.7831448465342,0.911814168360762,1283
5415,1285.7831448465342,0.911814168360762,1283
5416,1285.7831448465342,0.911814168360762,1283
5417,1285.7831448465342,0.911814168360762,1283
5418,1285.7831448465342,0.911814168360762,1283
5419,1285.7831448465342,0.911814168360762,1283
5420,1285.7831448465342,0.911814168360762,1283
5421,1285.7831448465342,0.911814168360762,1283
5422,1285.7831448465342,0.911814168360762,1283
5423,1285.7831448465342,0.911814168360762,1283
5424,1285.7831448465342,0.911814168360762,1283
5425,1285.7831448465342,0.911814168360762,1283
5426,1285.7831448465342,0.911814168360762,1283
5427,1285.7831448465342,0.911814168360762,1283
5428,1285.7831448465342,0.911814168360762,1283
5429,1285.7831448465342,0.911814168360762,1283
5430,1285.7831448465342,0.911814168360762,1283
5431,1285.7831448465342,0.911814168360762,1283
5432,1283.816620374944,0.9107534735442306,1281
5433,1283.816620374944,0.9107534735442306,1281
5434,1283.816620374944,0.9107534735442306,1281
5435,1283.816620374944,0.9107534735442306,1281
5436,1283.816620374944,0.9107534735442306,1281
5437,1283.816620374944,0.9107534735442306,1281
5438,1283.816620374944,0.9107534735442306,1281
5439,1283.816620374944,0.9107534735442306,1281
5440,1283.816620374944,0.9107534735442306,1281
5441,1283.816620374944,0.9107534735442306,1281
5442,1283.816620374944,0.9107534735442306,1281
5443,1283.816620374944,0.9107534735442306,1281
5444,1283.816620374944,0.9107534735442306,1281
5445,1283.816620374944,0.9107534735442306,1281
5446,1283.816620374944,0.9107534735442306,1281
5447,1283.816620374944,0.9107534735442306,1281
5448,1283.816620374944,0.9107534735442306,1281
5449,1283.816620374944,0.9107534735442306,1281
5450,1283.816620374944,0.9107534735442306,1281
5451,1283.816620374944,0.9107534735442306,1281
5452,1283.816620374944,0.9107534735442306,1281
5453,1283.816620374944,0.9107534735442306,1281
5454,1283.816620374944,0.9107534735442306,1281
5455,1283.816620374944,0.9107534735442306,1281
5456,1283.816620374944,0.9107534735442306,1281
5457,1283.816620374944,0.9107534735442306,1281
5458,1283.816620374944,0.9107534735442306,1281
5459,1283.816620374944,0.9107534735442306,1281
5460,1283.816620374944,0.9107534735442306,1281
5461,1283.816620374944,0.9107534735442306,1281
5462,1283.816620374944,0.9107534735442306,1281
5463,1285.7831448465342,0.911814168360762,1283
5464,1285.7831448465342,0.911814168360762,1283
5465,1285.7831448465342,0.911814168360762,1283
5466,1285.7831448465342,0.911814168360762,1283
5467,1285.7831448465342,0.911814168360762,1283
5468,1285.7831448465342,0.911814168360762,1283
5469,1285.7831448465342,0.911814168360762,1283
5470,1285.7831448465342,0.911814168360762,1283
5471,1285.7831448465342,0.911814168360762,1283
5472,1285.7831448465342,0.911814168360762,1283
5473,1285.7831448465342,0.911814168360762,1283
5474,1285.7831448465342,0.911814168360762,1283
5475,1285.7831448465342,0.911814168360762,1283
5476,1285.7831448465342,0.911814168360762,1283
5477,1285.7831448465342,0.911814168360762,1283
5478,1285.7831448465342,0.911814168360762,1283
5479,1285.7831448465342,0.911814168360762,1283
5480,1285.7831448465342,0.911814168360762,1283
5481,1285.7831448465342,0.911814168360762,1283
5482,1285.7831448465342,0.911814168360762,1283
5483,1285.7831448465342,0.911814168360762,1283
5484,1285.7831448465342,0.911814168360762,1283
5485,1285.7831448465342,0.911814168360762,1283
5486,1285.7831448465342,0.911814168360762,1283
5487,1285.7831448465342,0.911814168360762,1283
5488,1285.7831448465342,0.911814168360762,1283
5489,1285.7831448465342,0.911814168360762,1283
5490,1285.7831448465342,0.911814168360762,1283
5491,1285.7831448465342,0.911814168360762,1283
5492,1285.7831448465342,0.911814168360762,1283
5493,1285.7831448465342,0.911814168360762,1283
5494,1285.7831448465342,0.911814168360762,1283
5495,1285.7831448465342,0.911814168360762,1283
5496,1285.7831448465342,0.911814168360762,1283
5497,1285.7831448465342,0.911814168360762,1283
5498,1285.7831448465342,0.911814168360762,1283
5499,1285.7831448465342,0.911814168360762,1283
5500,1285.7831448465342,0.911814168360762,1283
5501,1285.7831448465342,0.911814168360762,1283
5502,1285.7831448465342,0.911814168360762,1283
5503,1285.7831448465342,0.911814168360762,1283
5504,1285.7831448465342,0.911814168360762,1283
5505,1285.7831448465342,0.911814168360762,1283
5506,1285.7831448465342,0.911814168360762,1283
5507,1285.7831448465342,0.911814168360762,1283
5508,1285.7831448465342,0.911814168360762,1283
5509,1285.7831448465342,0.911814168360762,1283
5510,1285.7831448465342,0.911814168360762,1283
5511,1285.7831448465342,0.911814168360762,1283
5512,1285.7831448465342,0.911814168360762,1283
5513,1285.7831448465342,0.911814168360762,1283
5514,1285.7831448465342,0.911814168360762,1283
5515,1285.7831448465342,0.911814168360762,1283
5516,1285.7831448465342,0.911814168360762,1283
5517,1285.7831448465342,0.911814168360762,1283
5518,1285.7831448465342,0.911814168360762,1283
5519,1285.7831448465342,0.911814168360762,1283
5520,1285.7831448465342,0.911814168360762,1283
5521,1285.7831448465342,0.911814168360762,1283
5522,1285.7831448465342,0.911814168360762,1283
5523,1285.7831448465342,0.911814168360762,1283
5524,1285.7831448465342,0.911814168360762,1283
5525,1285.7831448465342,0.911814168360762,1283
5526,1285.7831448465342,0.911814168360762,1283
5527,1285.7831448465342,0.911814168360762,1283
5528,1285.7831448465342,0.911814168360762,1283
5529,1285.7831448465342,0.911814168360762,1283
5530,1285.7831448465342,0.911814168360762,1283
5531,1285.7831448465342,0.911814168360762,1283
5532,1285.7831448465342,0.911814168360762,1283
5533,1285.7831448465342,0.911814168360762,1283
5534,1285.7831448465342,0.911814168360762,1283
5535,1285.7831448465342,0.911814168360762,1283
5536,1285.7831448465342,0.911814168360762,1283
5537,1285.7831448465342,0.911814168360762,1283
5538,1285.7831448465342,0.911814168360762,1283
5539,1285.7831448465342,0.911814168360762,1283
5540,1285.7831448465342,0.911814168360762,1283
5541,1285.7831448465342,0.911814168360762,1283
5542,1285.7831448465342,0.911814168360762,1283
5543,1285.7831448465342,0.911814168360762,1283
5544,1285.7831448465342,0.911814168360762,1283
5545,1285.7831448465342,0.911814168360762,1283
5546,1283.816620374944,0.9107534735442306,1281
5547,1283.816620374944,0.9107534735442306,1281
5548,1283.816620374944,0.9107534735442306,1281
5549,1283.816620374944,0.9107534735442306,1281
5550,1283.816620374944,0.9107534735442306,1281
5551,1283.816620374944,0.9107534735442306,1281
5552,1283.816620374944,0.9107534735442306,1281
5553,1283.816620374944,0.9107534735442306,1281
5554,1283.816620374944,0.9107534735442306,1281
5555,1283.816620374944,0.9107534735442306,1281
5556,1283.816620374944,0.9107534735442306,1281
5557,1283.816620374944,0.9107534735442306,1281
5558,1283.816620374944,0.9107534735442306,1281
5559,1283.816620374944,0.9107534735442306,1281
5560,1283.816620374944,0.9107534735442306,1281
5561,1283.816620374944,0.9107534735442306,1281
5562,1283.816620374944,0.9107534735442306,1281
5563,1283.816620374944,0.9107534735442306,1281
5564,1283.816620374944,0.9107534735442306,1281
5565,1283.816620374944,0.9107534735442306,1281
5566,1283.816620374944,0.9107534735442306,1281
5567,1283.816620374944,0.9107534735442306,1281
5568,1283.816620374944,0.9107534735442306,1281
5569,1283.816620374944,0.9107534735442306,1281
5570,1283.816620374944,0.9107534735442306,1281
5571,1283.816620374944,0.9107534735442306,1281
5572,1283.816620374944,0.9107534735442306,1281
5573,1283.816620374944,0.9107534735442306,1281
5574,1283.816620374944,0.9107534735442306,1281
5575,1283.816620374944,0.9107534735442306,1281
5576,1283.816620374944,0.9107534735442306,1281
5577,1283.816620374944,0.9107534735442306,1281
5578,1283.816620374944,0.9107534735442306,1281
5579,1283.816620374944,0.9107534735442306,1281
5580,1283.816620374944,0.9107534735442306,1281
5581,1283.816620374944,0.9107534735442306,1281
5582,1283.816620374944,0.9107534735442306,1281
5583,1283.816620374944,0.9107534735442306,1281
5584,1283.816620374944,0.9107534735442306,1281
5585,1283.816620374944,0.9107534735442306,1281
5586,1283.816620374944,0.9107534735442306,1281
5587,1283.816620374944,0.9107534735442306,1281
5588,1283.816620374944,0.9107534735442306,1281
5589,1283.816620374944,0.9107534735442306,1281
5590,1283.816620374944,0.9107534735442306,1281
5591,1283.816620374944,0.9107534735442306,1281
5592,1283.816620374944,0.9107534735442306,1281
5593,1283.816620374944,0.9107534735442306,1281
5594,1283.816620374944,0.9107534735442306,1281
5595,1283.816620374944,0.9107534735442306,1281
5596,1283.816620374944,0.9107534735442306,1281
5597,1283.816620374944,0.9107534735442306,1281
5598,1283.816620374944,0.9107534735442306,1281
5599,1283.816620374944,0.9107534735442306,1281
5600,1283.816620374944,0.9107534735442306,1281
5601,1283.816620374944,0.9107534735442306,1281
5602,1283.816620374944,0.9107534735442306,1281
5603,1283.816620374944,0.9107534735442306,1281
5604,1283.816620374944,0.9107534735442306,1281
5605,1283.816620374944,0.9107534735442306,1281
5606,1283.816620374944,0.9107534735442306,1281
5607,1283.816620374944,0.9107534735442306,1281
5608,1283.816620374944,0.9107534735442306,1281
5609,1283.816620374944,0.9107534735442306,1281
5610,1283.816620374944,0.9107534735442306,1281
5611,1283.816620374944,0.9107534735442306,1281
5612,1283.816620374944,0.9107534735442306,1281
5613,1283.816620374944,0.9107534735442306,1281
5614,1283.816620374944,0.9107534735442306,1281
5615,1283.816620374944,0.9107534735442306,1281
5616,1283.816620374944,0.9107534735442306,1281
5617,1283.816620374944,0.9107534735442306,1281
5618,1283.816620374944,0.9107534735442306,1281
5619,1283.816620374944,0.9107534735442306,1281
5620,1283.816620374944,0.9107534735442306,1281
5621,1283.816620374944,0.9107534735442306,1281
5622,1283.816620374944,0.9107534735442306,1281
5623,1283.816620374944,0.9107534735442306,1281
5624,1283.816620374944,0.9107534735442306,1281
5625,1283.816620374944,0.9107534735442306,1281
5626,1283.816620374944,0.9107534735442306,1281
5627,1283.816620374944,0.9107534735442306,1281
5628,1283.816620374944,0.9107534735442306,1281
5629,1283.816620374944,0.9107534735442306,1281
5630,1283.816620374944,0.9107534735442306,1281
5631,1283.816620374944,0.9107534735442306,1281
5632,1283.816620374944,0.9107534735442306,1281
5633,1283.816620374944,0.9107534735442306,1281
5634,1283.816620374944,0.9107534735442306,1281
5635,1283.816620374944,0.9107534735442306,1281
5636,1283.816620374944,0.9107534735442306,1281
5637,1283.816620374944,0.9107534735442306,1281
5638,1283.816620374944,0.9107534735442306,1281
5639,1283.816620374944,0.9107534735442306,1281
5640,1283.816620374944,0.9107534735442306,1281
5641,1283.816620374944,0.9107534735442306,1281
5642,1283.816620374944,0.9107534735442306,1281
5643,1283.816620374944,0.9107534735442306,1281
5644,1283.816620374944,0.9107534735442306,1281
5645,1283.816620374944,0.9107534735442306,1281
5646,1283.816620374944,0.9107534735442306,1281
5647,1283.816620374944,0.9107534735442306,1281
5648,1283.816620374944,0.9107534735442306,1281
5649,1283.816620374944,0.9107534735442306,1281
5650,1283.816620374944,0.9107534735442306,1281
5651,1283.816620374944,0.9107534735442306,1281
5652,1283.816620374944,0.9107534735442306,1281
5653,1283.816620374944,0.9107534735442306,1281
5654,1283.816620374944,0.9107534735442306,1281
5655,1283.816620374944,0.9107534735442306,1281
5656,1283.816620374944,0.9107534735442306,1281
5657,1283.816620374944,0.9107534735442306,1281
5658,1283.816620374944,0.9107534735442306,1281
5659,1283.816620374944,0.9107534735442306,1281
5660,1283.816620374944,0.9107534735442306,1281
5661,1283.816620374944,0.9107534735442306,1281
5662,1283.816620374944,0.9107534735442306,1281
5663,1283.816620374944,0.9107534735442306,1281
5664,1283.816620374944,0.9107534735442306,1281
5665,1283.816620374944,0.9107534735442306,1281
5666,1283.816620374944,0.9107534735442306,1281
5667,1283.816620374944,0.9107534735442306,1281
5668,1283.816620374944,0.9107534735442306,1281
5669,1283.816620374944,0.9107534735442306,1281
5670,1283.816620374944,0.9107534735442306,1281
5671,1283.816620374944,0.9107534735442306,1281
5672,1283.816620374944,0.9107534735442306,1281
5673,1283.816620374944,0.9107534735442306,1281
5674,1283.816620374944,0.9107534735442306,1281
5675,1283.816620374944,0.9107534735442306,1281
5676,1283.816620374944,0.9107534735442306,1281
5677,1283.816620374944,0.9107534735442306,1281
5678,1283.816620374944,0.9107534735442306,1281
5679,1283.816620374944,0.9107534735442306,1281
5680,1283.816620374944,0.9107534735442306,1281
5681,1283.816620374944,0.9107534735442306,1281
5682,1283.816620374944,0.9107534735442306,1281
5683,1283.816620374944,0.9107534735442306,1281
5684,1283.816620374944,0.9107534735442306,1281
5685,1283.816620374944,0.9107534735442306,1281
5686,1283.816620374944,0.9107534735442306,1281
5687,1283.816620374944,0.9107534735442306,1281
5688,1283.816620374944,0.9107534735442306,1281
5689,1283.816620374944,0.9107534735442306,1281
5690,1283.816620374944,0.9107534735442306,1281
5691,1283.816620374944,0.9107534735442306,1281
5692,1283.816620374944,0.9107534735442306,1281
5693,1283.816620374944,0.9107534735442306,1281
5694,1283.816620374944,0.9107534735442306,1281
5695,1283.816620374944,0.9107534735442306,1281
5696,1283.816620374944,0.9107534735442306,1281
5697,1283.816620374944,0.9107534735442306,1281
5698,1283.816620374944,0.9107534735442306,1281
5699,1283.816620374944,0.9107534735442306,1281
5700,1283.816620374944,0.9107534735442306,1281
5701,1283.816620374944,0.9107534735442306,1281
5702,1283.816620374944,0.9107534735442306,1281
5703,1283.816620374944,0.9107534735442306,1281
5704,1283.816620374944,0.9107534735442306,1281
5705,1283.816620374944,0.9107534735442306,1281
5706,1283.816620374944,0.9107534735442306,1281
5707,1283.816620374944,0.9107534735442306,1281
5708,1283.816620374944,0.9107534735442306,1281
5709,1283.816620374944,0.9107534735442306,1281
5710,1283.816620374944,0.9107534735442306,1281
5711,1283.816620374944,0.9107534735442306,1281
5712,1283.816620374944,0.9107534735442306,1281
5713,1283.816620374944,0.9107534735442306,1281
5714,1283.816620374944,0.9107534735442306,1281
5715,1283.816620374944,0.9107534735442306,1281
5716,1283.816620374944,0.9107534735442306,1281
5717,1283.816620374944,0.9107534735442306,1281
5718,1283.816620374944,0.9107534735442306,1281
5719,1283.816620374944,0.9107534735442306,1281
5720,1283.816620374944,0.9107534735442306,1281
5721,1283.816620374944,0.9107534735442306,1281
5722,1283.816620374944,0.9107534735442306,1281
5723,1283.816620374944,0.9107534735442306,1281
5724,1283.816620374944,0.9107534735442306,1281
5725,1283.816620374944,0.9107534735442306,1281
5726,1283.816620374944,0.9107534735442306,1281
5727,1283.816620374944,0.9107534735442306,1281
5728,1283.816620374944,0.9107534735442306,1281
5729,1283.816620374944,0.9107534735442306,1281
5730,1283.816620374944,0.9107534735442306,1281
5731,1283.816620374944,0.9107534735442306,1281
5732,1283.816620374944,0.9107534735442306,1281
5733,1283.816620374944,0.9107534735442306,1281
5734,1283.816620374944,0.9107534735442306,1281
5735,1283.816620374944,0.9107534735442306,1281
5736,1283.816620374944,0.9107534735442306,1281
5737,1283.816620374944,0.9107534735442306,1281
5738,1283.816620374944,0.9107534735442306,1281
5739,1283.816620374944,0.9107534735442306,1281
5740,1283.816620374944,0.9107534735442306,1281
5741,1283.816620374944,0.9107534735442306,1281
5742,1283.816620374944,0.9107534735442306,1281
5743,1283.816620374944,0.9107534735442306,1281
5744,1283.816620374944,0.9107534735442306,1281
5745,1283.816620374944,0.9107534735442306,1281
5746,1283.816620374944,0.9107534735442306,1281
5747,1283.816620374944,0.9107534735442306,1281
5748,1283.816620374944,0.9107534735442306,1281
5749,1283.816620374944,0.9107534735442306,1281
5750,1283.816620374944,0.9107534735442306,1281
5751,1283.816620374944,0.9107534735442306,1281
5752,1283.816620374944,0.9107534735442306,1281
5753,1283.816620374944,0.9107534735442306,1281
5754,1283.816620374944,0.9107534735442306,1281
5755,1283.816620374944,0.9107534735442306,1281
5756,1283.816620374944,0.9107534735442306,1281
5757,1283.816620374944,0.9107534735442306,1281
5758,1283.816620374944,0.9107534735442306,1281
5759,1283.816620374944,0.9107534735442306,1281
5760,1283.816620374944,0.9107534735442306,1281
5761,1283.816620374944,0.9107534735442306,1281
5762,1283.816620374944,0.9107534735442306,1281
5763,1283.816620374944,0.9107534735442306,1281
5764,1283.816620374944,0.9107534735442306,1281
5765,1283.816620374944,0.9107534735442306,1281
5766,1283.816620374944,0.9107534735442306,1281
5767,1283.816620374944,0.9107534735442306,1281
5768,1283.816620374944,0.9107534735442306,1281
5769,1283.816620374944,0.9107534735442306,1281
5770,1283.816620374944,0.9107534735442306,1281
5771,1283.816620374944,0.9107534735442306,1281
5772,1283.816620374944,0.9107534735442306,1281
5773,1283.816620374944,0.9107534735442306,1281
5774,1283.816620374944,0.9107534735442306,1281
5775,1283.816620374944,0.9107534735442306,1281
5776,1283.816620374944,0.9107534735442306,1281
5777,1283.816620374944,0.9107534735442306,1281
5778,1283.816620374944,0.9107534735442306,1281
5779,1283.816620374944,0.9107534735442306,1281
5780,1283.816620374944,0.9107534735442306,1281
5781,1283.816620374944,0.9107534735442306,1281
5782,1283.816620374944,0.9107534735442306,1281
5783,1283.816620374944,0.9107534735442306,1281
5784,1283.816620374944,0.9107534735442306,1281
5785,1283.816620374944,0.9107534735442306,1281
5786,1283.816620374944,0.9107534735442306,1281
5787,1283.816620374944,0.9107534735442306,1281
5788,1283.816620374944,0.9107534735442306,1281
5789,1283.816620374944,0.9107534735442306,1281
5790,1283.816620374944,0.9107534735442306,1281
5791,1283.816620374944,0.9107534735442306,1281
5792,1283.816620374944,0.9107534735442306,1281
5793,1283.816620374944,0.9107534735442306,1281
5794,1283.816620374944,0.9107534735442306,1281
5795,1283.816620374944,0.9107534735442306,1281
5796,1283.816620374944,0.9107534735442306,1281
5797,1283.816620374944,0.9107534735442306,1281
5798,1283.816620374944,0.9107534735442306,1281
5799,1283.816620374944,0.9107534735442306,1281
5800,1283.816620374944,0.9107534735442306,1281
5801,1283.816620374944,0.9107534735442306,1281
5802,1283.816620374944,0.9107534735442306,1281
5803,1283.816620374944,0.9107534735442306,1281
5804,1283.816620374944,0.9107534735442306,1281
5805,1283.816620374944,0.9107534735442306,1281
5806,1283.816620374944,0.9107534735442306,1281
5807,1283.816620374944,0.9107534735442306,1281
5808,1283.816620374944,0.9107534735442306,1281
5809,1283.816620374944,0.9107534735442306,1281
5810,1283.816620374944,0.9107534735442306,1281
5811,1283.816620374944,0.9107534735442306,1281
5812,1283.816620374944,0.9107534735442306,1281
5813,1283.816620374944,0.9107534735442306,1281
5814,1283.816620374944,0.9107534735442306,1281
5815,1283.816620374944,0.9107534735442306,1281
5816,1283.816620374944,0.9107534735442306,1281
5817,1283.816620374944,0.9107534735442306,1281
5818,1283.816620374944,0.9107534735442306,1281
5819,1283.816620374944,0.9107534735442306,1281
5820,1283.816620374944,0.9107534735442306,1281
5821,1283.816620374944,0.9107534735442306,1281
5822,1283.816620374944,0.9107534735442306,1281
5823,1283.816620374944,0.9107534735442306,1281
5824,1283.816620374944,0.9107534735442306,1281
5825,1283.816620374944,0.9107534735442306,1281
5826,1283.816620374944,0.9107534735442306,1281
5827,1283.816620374944,0.9107534735442306,1281
5828,1283.816620374944,0.9107534735442306,1281
5829,1283.816620374944,0.9107534735442306,1281
5830,1283.816620374944,0.9107534735442306,1281
5831,1283.816620374944,0.9107534735442306,1281
5832,1283.816620374944,0.9107534735442306,1281
5833,1283.816620374944,0.9107534735442306,1281
5834,1283.816620374944,0.9107534735442306,1281
5835,1283.816620374944,0.9107534735442306,1281
5836,1283.816620374944,0.9107534735442306,1281
5837,1283.816620374944,0.9107534735442306,1281
5838,1283.816620374944,0.9107534735442306,1281
5839,1283.816620374944,0.9107534735442306,1281
5840,1283.816620374944,0.9107534735442306,1281
5841,1283.816620374944,0.9107534735442306,1281
5842,1283.816620374944,0.9107534735442306,1281
5843,1283.816620374944,0.9107534735442306,1281
5844,1283.816620374944,0.9107534735442306,1281
5845,1283.816620374944,0.9107534735442306,1281
5846,1283.816620374944,0.9107534735442306,1281
5847,1283.816620374944,0.9107534735442306,1281
5848,1283.816620374944,0.9107534735442306,1281
5849,1283.816620374944,0.9107534735442306,1281
5850,1283.816620374944,0.9107534735442306,1281
5851,1283.816620374944,0.9107534735442306,1281
5852,1283.816620374944,0.9107534735442306,1281
5853,1283.816620374944,0.9107534735442306,1281
5854,1283.816620374944,0.9107534735442306,1281
5855,1283.816620374944,0.9107534735442306,1281
5856,1283.816620374944,0.9107534735442306,1281
5857,1283.816620374944,0.9107534735442306,1281
5858,1283.816620374944,0.9107534735442306,1281
5859,1283.816620374944,0.9107534735442306,1281
5860,1283.816620374944,0.9107534735442306,1281
5861,1283.816620374944,0.9107534735442306,1281
5862,1283.816620374944,0.9107534735442306,1281
5863,1283.816620374944,0.9107534735442306,1281
5864,1283.816620374944,0.9107534735442306,1281
5865,1283.816620374944,0.9107534735442306,1281
5866,1283.816620374944,0.9107534735442306,1281
5867,1283.816620374944,0.9107534735442306,1281
5868,1283.816620374944,0.9107534735442306,1281
5869,1283.816620374944,0.9107534735442306,1281
5870,1283.816620374944,0.9107534735442306,1281
5871,1283.816620374944,0.9107534735442306,1281
5872,1283.816620374944,0.9107534735442306,1281
5873,1283.816620374944,0.9107534735442306,1281
5874,1283.816620374944,0.9107534735442306,1281
5875,1283.816620374944,0.9107534735442306,1281
5876,1283.816620374944,0.9107534735442306,1281
5877,1283.816620374944,0.9107534735442306,1281
5878,1283.816620374944,0.9107534735442306,1281
5879,1283.816620374944,0.9107534735442306,1281
5880,1283.816620374944,0.9107534735442306,1281
5881,1283.816620374944,0.9107534735442306,1281
5882,1283.816620374944,0.9107534735442306,1281
5883,1283.816620374944,0.9107534735442306,1281
5884,1283.816620374944,0.9107534735442306,1281
5885,1283.816620374944,0.9107534735442306,1281
5886,1283.816620374944,0.9107534735442306,1281
5887,1283.816620374944,0.9107534735442306,1281
5888,1283.816620374944,0.9107534735442306,1281
5889,1283.816620374944,0.9107534735442306,1281
5890,1283.816620374944,0.9107534735442306,1281
5891,1283.816620374944,0.9107534735442306,1281
5892,1283.816620374944,0.9107534735442306,1281
5893,1283.816620374944,0.9107534735442306,1281
5894,1283.816620374944,0.9107534735442306,1281
5895,1283.816620374944,0.9107534735442306,1281
5896,1283.816620374944,0.9107534735442306,1281
5897,1283.816620374944,0.9107534735442306,1281
5898,1283.816620374944,0.9107534735442306,1281
5899,1283.816620374944,0.9107534735442306,1281
5900,1283.816620374944,0.9107534735442306,1281
5901,1283.816620374944,0.9107534735442306,1281
5902,1283.816620374944,0.9107534735442306,1281
5903,1283.816620374944,0.9107534735442306,1281
5904,1283.816620374944,0.9107534735442306,1281
5905,1283.816620374944,0.9107534735442306,1281
5906,1283.816620374944,0.9107534735442306,1281
5907,1283.816620374944,0.9107534735442306,1281
5908,1283.816620374944,0.9107534735442306,1281
5909,1283.816620374944,0.9107534735442306,1281
5910,1283.816620374944,0.9107534735442306,1281
5911,1283.816620374944,0.9107534735442306,1281
5912,1283.816620374944,0.9107534735442306,1281
5913,1283.816620374944,0.9107534735442306,1281
5914,1283.816620374944,0.9107534735442306,1281
5915,1283.816620374944,0.9107534735442306,1281
5916,1283.816620374944,0.9107534735442306,1281
5917,1283.816620374944,0.9107534735442306,1281
5918,1283.816620374944,0.9107534735442306,1281
5919,1283.816620374944,0.9107534735442306,1281
5920,1283.816620374944,0.9107534735442306,1281
5921,1283.816620374944,0.9107534735442306,1281
5922,1283.816620374944,0.9107534735442306,1281
5923,1283.816620374944,0.9107534735442306,1281
5924,1283.816620374944,0.9107534735442306,1281
5925,1283.816620374944,0.9107534735442306,1281
5926,1283.816620374944,0.9107534735442306,1281
5927,1283.816620374944,0.9107534735442306,1281
5928,1283.816620374944,0.9107534735442306,1281
5929,1283.816620374944,0.9107534735442306,1281
5930,1283.816620374944,0.9107534735442306,1281
5931,1283.816620374944,0.9107534735442306,1281
5932,1283.816620374944,0.9107534735442306,1281
5933,1283.816620374944,0.9107534735442306,1281
5934,1283.816620374944,0.9107534735442306,1281
5935,1283.816620374944,0.9107534735442306,1281
5936,1283.816620374944,0.9107534735442306,1281
5937,1283.816620374944,0.9107534735442306,1281
5938,1283.816620374944,0.9107534735442306,1281
5939,1283.816620374944,0.9107534735442306,1281
5940,1283.816620374944,0.9107534735442306,1281
5941,1283.816620374944,0.9107534735442306,1281
5942,1283.816620374944,0.9107534735442306,1281
5943,1283.816620374944,0.9107534735442306,1281
5944,1283.816620374944,0.9107534735442306,1281
5945,1283.816620374944,0.9107534735442306,1281
5946,1283.816620374944,0.9107534735442306,1281
5947,1283.816620374944,0.9107534735442306,1281
5948,1283.816620374944,0.9107534735442306,1281
5949,1283.816620374944,0.9107534735442306,1281
5950,1283.816620374944,0.9107534735442306,1281
5951,1283.816620374944,0.9107534735442306,1281
5952,1283.816620374944,0.9107534735442306,1281
5953,1283.816620374944,0.9107534735442306,1281
5954,1283.816620374944,0.9107534735442306,1281
5955,1283.816620374944,0.9107534735442306,1281
5956,1283.816620374944,0.9107534735442306,1281
5957,1283.816620374944,0.9107534735442306,1281
5958,1283.816620374944,0.9107534735442306,1281
5959,1283.816620374944,0.9107534735442306,1281
5960,1283.816620374944,0.9107534735442306,1281
5961,1283.816620374944,0.9107534735442306,1281
5962,1283.816620374944,0.9107534735442306,1281
5963,1283.816620374944,0.9107534735442306,1281
5964,1283.816620374944,0.9107534735442306,1281
5965,1283.816620374944,0.9107534735442306,1281
5966,1283.816620374944,0.9107534735442306,1281
5967,1283.816620374944,0.9107534735442306,1281
5968,1283.816620374944,0.9107534735442306,1281
5969,1283.816620374944,0.9107534735442306,1281
5970,1283.816620374944,0.9107534735442306,1281
5971,1283.816620374944,0.9107534735442306,1281
5972,1283.816620374944,0.9107534735442306,1281
5973,1283.816620374944,0.9107534735442306,1281
5974,1283.816620374944,0.9107534735442306,1281
5975,1283.816620374944,0.9107534735442306,1281
5976,1283.816620374944,0.9107534735442306,1281
5977,1283.816620374944,0.9107534735442306,1281
5978,1283.816620374944,0.9107534735442306,1281
5979,1283.816620374944,0.9107534735442306,1281
5980,1283.816620374944,0.9107534735442306,1281
5981,1283.816620374944,0.9107534735442306,1281
5982,1283.816620374944,0.9107534735442306,1281
5983,1283.816620374944,0.9107534735442306,1281
5984,1283.816620374944,0.9107534735442306,1281
5985,1283.816620374944,0.9107534735442306,1281
5986,1283.816620374944,0.9107534735442306,1281
5987,1283.816620374944,0.9107534735442306,1281
5988,1283.816620374944,0.9107534735442306,1281
5989,1283.816620374944,0.9107534735442306,1281
5990,1283.816620374944,0.9107534735442306,1281
5991,1283.816620374944,0.9107534735442306,1281
5992,1283.816620374944,0.9107534735442306,1281
5993,1283.816620374944,0.9107534735442306,1281
5994,1283.816620374944,0.9107534735442306,1281
5995,1283.816620374944,0.9107534735442306,1281
5996,1283.816620374944,0.9107534735442306,1281
5997,1283.816620374944,0.9107534735442306,1281
5998,1283.816620374944,0.9107534735442306,1281
5999,1283.816620374944,0.9107534735442306,1281
6000,1283.816620374944,0.9107534735442306,1281
6001,1283.816620374944,0.9107534735442306,1281
6002,1283.816620374944,0.9107534735442306,1281
6003,1283.816620374944,0.9107534735442306,1281
6004,1283.816620374944,0.9107534735442306,1281
6005,1283.816620374944,0.9107534735442306,1281
6006,1283.816620374944,0.9107534735442306,1281
6007,1283.816620374944,0.9107534735442306,1281
6008,1283.816620374944,0.9107534735442306,1281
6009,1283.816620374944,0.9107534735442306,1281
6010,1283.816620374944,0.9107534735442306,1281
6011,1283.816620374944,0.9107534735442306,1281
6012,1283.816620374944,0.9107534735442306,1281
6013,1283.816620374944,0.9107534735442306,1281
6014,1283.816620374944,0.9107534735442306,1281
6015,1283.816620374944,0.9107534735442306,1281
6016,1283.816620374944,0.9107534735442306,1281
6017,1283.816620374944,0.9107534735442306,1281
6018,1283.816620374944,0.9107534735442306,1281
6019,1283.816620374944,0.9107534735442306,1281
6020,1283.816620374944,0.9107534735442306,1281
6021,1281.799033983606,0.9113107102786453,1279
6022,1281.799033983606,0.9113107102786453,1279
6023,1281.799033983606,0.9113107102786453,1279
6024,1281.799033983606,0.9113107102786453,1279
6025,1281.799033983606,0.9113107102786453,1279
6026,1281.799033983606,0.9113107102786453,1279
6027,1281.799033983606,0.9113107102786453,1279
6028,1281.799033983606,0.9113107102786453,1279
6029,1281.799033983606,0.9113107102786453,1279
6030,1281.799033983606,0.9113107102786453,1279
6031,1281.799033983606,0.9113107102786453,1279
6032,1281.799033983606,0.9113107102786453,1279
6033,1281.799033983606,0.9113107102786453,1279
6034,1281.799033983606,0.9113107102786453,1279
6035,1281.799033983606,0.9113107102786453,1279
6036,1281.799033983606,0.9113107102786453,1279
6037,1281.799033983606,0.9113107102786453,1279
6038,1281.799033983606,0.9113107102786453,1279
6039,1281.799033983606,0.9113107102786453,1279
6040,1281.799033983606,0.9113107102786453,1279
6041,1281.799033983606,0.9113107102786453,1279
6042,1281.799033983606,0.9113107102786453,1279
6043,1281.799033983606,0.9113107102786453,1279
6044,1281.799033983606,0.9113107102786453,1279
6045,1281.799033983606,0.9113107102786453,1279
6046,1281.799033983606,0.9113107102786453,1279
6047,1281.799033983606,0.9113107102786453,1279
6048,1281.799033983606,0.9113107102786453,1279
6049,1281.799033983606,0.9113107102786453,1279
6050,1281.799033983606,0.9113107102786453,1279
6051,1281.799033983606,0.9113107102786453,1279
6052,1281.799033983606,0.9113107102786453,1279
6053,1281.799033983606,0.9113107102786453,1279
6054,1281.799033983606,0.9113107102786453,1279
6055,1281.799033983606,0.9113107102786453,1279
6056,1281.799033983606,0.9113107102786453,1279
6057,1281.799033983606,0.9113107102786453,1279
6058,1281.799033983606,0.9113107102786453,1279
6059,1281.799033983606,0.9113107102786453,1279
6060,1281.799033983606,0.9113107102786453,1279
6061,1281.799033983606,0.9113107102786453,1279
6062,1281.799033983606,0.9113107102786453,1279
6063,1281.799033983606,0.9113107102786453,1279
6064,1281.799033983606,0.9113107102786453,1279
6065,1281.799033983606,0.9113107102786453,1279
6066,1281.799033983606,0.9113107102786453,1279
6067,1281.799033983606,0.9113107102786453,1279
6068,1281.799033983606,0.9113107102786453,1279
6069,1281.799033983606,0.9113107102786453,1279
6070,1281.799033983606,0.9113107102786453,1279
6071,1281.799033983606,0.9113107102786453,1279
6072,1281.799033983606,0.9113107102786453,1279
6073,1281.799033983606,0.9113107102786453,1279
6074,1281.799033983606,0.9113107102786453,1279
6075,1281.799033983606,0.9113107102786453,1279
6076,1281.799033983606,0.9113107102786453,1279
6077,1281.799033983606,0.9113107102786453,1279
6078,1281.799033983606,0.9113107102786453,1279
6079,1281.799033983606,0.9113107102786453,1279
6080,1281.799033983606,0.9113107102786453,1279
6081,1281.799033983606,0.9113107102786453,1279
6082,1281.799033983606,0.9113107102786453,1279
6083,1281.799033983606,0.9113107102786453,1279
6084,1281.799033983606,0.9113107102786453,1279
6085,1281.799033983606,0.9113107102786453,1279
6086,1281.799033983606,0.9113107102786453,1279
6087,1281.799033983606,0.9113107102786453,1279
6088,1281.799033983606,0.9113107102786453,1279
6089,1281.799033983606,0.9113107102786453,1279
6090,1281.799033983606,0.9113107102786453,1279
6091,1281.799033983606,0.9113107102786453,1279
6092,1281.799033983606,0.9113107102786453,1279
6093,1281.799033983606,0.9113107102786453,1279
6094,1281.799033983606,0.9113107102786453,1279
6095,1281.799033983606,0.9113107102786453,1279
6096,1281.799033983606,0.9113107102786453,1279
6097,1281.799033983606,0.9113107102786453,1279
6098,1281.799033983606,0.9113107102786453,1279
6099,1281.799033983606,0.9113107102786453,1279
6100,1283.7656082554474,0.9123698271404505,1281
6101,1283.7656082554474,0.9123698271404505,1281
6102,1283.7656082554474,0.9123698271404505,1281
6103,1283.7656082554474,0.9123698271404505,1281
6104,1283.7656082554474,0.9123698271404505,1281
6105,1283.7656082554474,0.9123698271404505,1281
6106,1283.7656082554474,0.9123698271404505,1281
6107,1283.7656082554474,0.9123698271404505,1281
6108,1283.7656082554474,0.9123698271404505,1281
6109,1285.6820482609494,0.9150174822259404,1283
6110,1285.6820482609494,0.9150174822259404,1283
6111,1285.6820482609494,0.9150174822259404,1283
6112,1285.6820482609494,0.9150174822259404,1283
6113,1285.6820482609494,0.9150174822259404,1283
6114,1285.6820482609494,0.9150174822259404,1283
6115,1285.6820482609494,0.9150174822259404,1283
6116,1285.6820482609494,0.9150174822259404,1283
6117,1285.6820482609494,0.9150174822259404,1283
6118,1285.6820482609494,0.9150174822259404,1283
6119,1285.6820482609494,0.9150174822259404,1283
6120,1285.6820482609494,0.9150174822259404,1283
6121,1285.6820482609494,0.9150174822259404,1283
6122,1285.6820482609494,0.9150174822259404,1283
6123,1285.6820482609494,0.9150174822259404,1283
6124,1285.6820482609494,0.9150174822259404,1283
6125,1285.6820482609494,0.9150174822259404,1283
6126,1285.6820482609494,0.9150174822259404,1283
6127,1285.6820482609494,0.9150174822259404,1283
6128,1285.6820482609494,0.9150174822259404,1283
6129,1285.6820482609494,0.9150174822259404,1283
6130,1285.6820482609494,0.9150174822259404,1283
6131,1285.6820482609494,0.9150174822259404,1283
6132,1285.6820482609494,0.9150174822259404,1283
6133,1285.6820482609494,0.9150174822259404,1283
6134,1285.6820482609494,0.9150174822259404,1283
6135,1285.6820482609494,0.9150174822259404,1283
6136,1285.6820482609494,0.9150174822259404,1283
6137,1285.6820482609494,0.9150174822259404,1283
6138,1285.6820482609494,0.9150174822259404,1283
6139,1283.714928868615,0.9139756378765853,1281
6140,1283.714928868615,0.9139756378765853,1281
6141,1283.714928868615,0.9139756378765853,1281
6142,1283.714928868615,0.9139756378765853,1281
6143,1283.714928868615,0.9139756378765853,1281
6144,1283.714928868615,0.9139756378765853,1281
6145,1283.714928868615,0.9139756378765853,1281
6146,1283.714928868615,0.9139756378765853,1281
6147,1283.714928868615,0.9139756378765853,1281
6148,1283.714928868615,0.9139756378765853,1281
6149,1283.714928868615,0.9139756378765853,1281
6150,1283.714928868615,0.9139756378765853,1281
6151,1283.714928868615,0.9139756378765853,1281
6152,1283.714928868615,0.9139756378765853,1281
6153,1283.714928868615,0.9139756378765853,1281
6154,1283.714928868615,0.9139756378765853,1281
6155,1283.714928868615,0.9139756378765853,1281
6156,1283.714928868615,0.9139756378765853,1281
6157,1283.714928868615,0.9139756378765853,1281
6158,1283.714928868615,0.9139756378765853,1281
6159,1283.714928868615,0.9139756378765853,1281
6160,1283.714928868615,0.9139756378765853,1281
6161,1283.714928868615,0.9139756378765853,1281
6162,1283.714928868615,0.9139756378765853,1281
6163,1283.714928868615,0.9139756378765853,1281
6164,1283.714928868615,0.9139756378765853,1281
6165,1283.714928868615,0.9139756378765853,1281
6166,1283.714928868615,0.9139756378765853,1281
6167,1283.714928868615,0.9139756378765853,1281
6168,1283.714928868615,0.9139756378765853,1281
6169,1283.714928868615,0.9139756378765853,1281
6170,1283.714928868615,0.9139756378765853,1281
6171,1283.714928868615,0.9139756378765853,1281
6172,1283.714928868615,0.9139756378765853,1281
6173,1283.714928868615,0.9139756378765853,1281
6174,1283.714928868615,0.9139756378765853,1281
6175,1283.714928868615,0.9139756378765853,1281
6176,1283.714928868615,0.9139756378765853,1281
6177,1283.714928868615,0.9139756378765853,1281
6178,1283.714928868615,0.9139756378765853,1281
6179,1283.714928868615,0.9139756378765853,1281
6180,1283.714928868615,0.9139756378765853,1281
6181,1283.714928868615,0.9139756378765853,1281
6182,1283.714928868615,0.9139756378765853,1281
6183,1283.714928868615,0.9139756378765853,1281
6184,1283.714928868615,0.9139756378765853,1281
6185,1283.714928868615,0.9139756378765853,1281
6186,1283.714928868615,0.9139756378765853,1281
6187,1283.714928868615,0.9139756378765853,1281
6188,1283.714928868615,0.9139756378765853,1281
6189,1283.714928868615,0.9139756378765853,1281
6190,1283.714928868615,0.9139756378765853,1281
6191,1283.714928868615,0.9139756378765853,1281
6192,1283.714928868615,0.9139756378765853,1281
6193,1283.714928868615,0.9139756378765853,1281
6194,1283.714928868615,0.9139756378765853,1281
6195,1283.714928868615,0.9139756378765853,1281
6196,1283.714928868615,0.9139756378765853,1281
6197,1283.714928868615,0.9139756378765853,1281
6198,1283.714928868615,0.9139756378765853,1281
6199,1283.714928868615,0.9139756378765853,1281
6200,1283.714928868615,0.9139756378765853,1281
6201,1283.714928868615,0.9139756378765853,1281
6202,1283.714928868615,0.9139756378765853,1281
6203,1283.714928868615,0.9139756378765853,1281
6204,1283.714928868615,0.9139756378765853,1281
6205,1283.714928868615,0.9139756378765853,1281
6206,1283.714928868615,0.9139756378765853,1281
6207,1283.714928868615,0.9139756378765853,1281
6208,1283.714928868615,0.9139756378765853,1281
6209,1283.714928868615,0.9139756378765853,1281
6210,1283.714928868615,0.9139756378765853,1281
6211,1283.714928868615,0.9139756378765853,1281
6212,1283.714928868615,0.9139756378765853,1281
6213,1283.714928868615,0.9139756378765853,1281
6214,1283.714928868615,0.9139756378765853,1281
6215,1283.714928868615,0.9139756378765853,1281
6216,1283.714928868615,0.9139756378765853,1281
6217,1283.714928868615,0.9139756378765853,1281
6218,1283.714928868615,0.9139756378765853,1281
6219,1283.714928868615,0.9139756378765853,1281
6220,1283.714928868615,0.9139756378765853,1281
6221,1283.714928868615,0.9139756378765853,1281
6222,1283.714928868615,0.9139756378765853,1281
6223,1283.714928868615,0.9139756378765853,1281
6224,1283.714928868615,0.9139756378765853,1281
6225,1283.714928868615,0.9139756378765853,1281
6226,1283.714928868615,0.9139756378765853,1281
6227,1283.714928868615,0.9139756378765853,1281
6228,1283.714928868615,0.9139756378765853,1281
6229,1283.714928868615,0.9139756378765853,1281
6230,1283.714928868615,0.9139756378765853,1281
6231,1283.714928868615,0.9139756378765853,1281
6232,1283.714928868615,0.9139756378765853,1281
6233,1283.714928868615,0.9139756378765853,1281
6234,1283.714928868615,0.9139756378765853,1281
6235,1283.714928868615,0.9139756378765853,1281
6236,1283.714928868615,0.9139756378765853,1281
6237,1283.714928868615,0.9139756378765853,1281
6238,1283.714928868615,0.9139756378765853,1281
6239,1283.714928868615,0.9139756378765853,1281
6240,1283.714928868615,0.9139756378765853,1281
6241,1283.714928868615,0.9139756378765853,1281
6242,1283.714928868615,0.9139756378765853,1281
6243,1283.714928868615,0.9139756378765853,1281
6244,1283.714928868615,0.9139756378765853,1281
6245,1283.714928868615,0.9139756378765853,1281
6246,1283.714928868615,0.9139756378765853,1281
6247,1283.714928868615,0.9139756378765853,1281
6248,1283.714928868615,0.9139756378765853,1281
6249,1283.714928868615,0.9139756378765853,1281
6250,1283.714928868615,0.9139756378765853,1281
6251,1283.714928868615,0.9139756378765853,1281
6252,1283.714928868615,0.9139756378765853,1281
6253,1283.714928868615,0.9139756378765853,1281
6254,1283.714928868615,0.9139756378765853,1281
6255,1283.714928868615,0.9139756378765853,1281
6256,1283.714928868615,0.9139756378765853,1281
6257,1283.714928868615,0.9139756378765853,1281
6258,1283.714928868615,0.9139756378765853,1281
6259,1283.714928868615,0.9139756378765853,1281
6260,1283.714928868615,0.9139756378765853,1281
6261,1283.714928868615,0.9139756378765853,1281
6262,1283.714928868615,0.9139756378765853,1281
6263,1283.714928868615,0.9139756378765853,1281
6264,1283.714928868615,0.9139756378765853,1281
6265,1283.714928868615,0.9139756378765853,1281
6266,1283.714928868615,0.9139756378765853,1281
6267,1283.714928868615,0.9139756378765853,1281
6268,1283.714928868615,0.9139756378765853,1281
6269,1283.714928868615,0.9139756378765853,1281
6270,1283.714928868615,0.9139756378765853,1281
6271,1283.714928868615,0.9139756378765853,1281
6272,1283.714928868615,0.9139756378765853,1281
6273,1283.714928868615,0.9139756378765853,1281
6274,1283.714928868615,0.9139756378765853,1281
6275,1283.714928868615,0.9139756378765853,1281
6276,1283.714928868615,0.9139756378765853,1281
6277,1283.714928868615,0.9139756378765853,1281
6278,1283.714928868615,0.9139756378765853,1281
6279,1283.714928868615,0.9139756378765853,1281
6280,1283.714928868615,0.9139756378765853,1281
6281,1283.714928868615,0.9139756378765853,1281
6282,1283.714928868615,0.9139756378765853,1281
6283,1283.714928868615,0.9139756378765853,1281
6284,1283.714928868615,0.9139756378765853,1281
6285,1283.714928868615,0.9139756378765853,1281
6286,1283.714928868615,0.9139756378765853,1281
6287,1283.714928868615,0.9139756378765853,1281
6288,1283.714928868615,0.9139756378765853,1281
6289,1283.714928868615,0.9139756378765853,1281
6290,1283.714928868615,0.9139756378765853,1281
6291,1283.714928868615,0.9139756378765853,1281
6292,1283.714928868615,0.9139756378765853,1281
6293,1283.714928868615,0.9139756378765853,1281
6294,1283.714928868615,0.9139756378765853,1281
6295,1283.714928868615,0.9139756378765853,1281
6296,1283.714928868615,0.9139756378765853,1281
6297,1283.714928868615,0.9139756378765853,1281
6298,1283.714928868615,0.9139756378765853,1281
6299,1283.714928868615,0.9139756378765853,1281
6300,1283.714928868615,0.9139756378765853,1281
6301,1283.714928868615,0.9139756378765853,1281
6302,1283.714928868615,0.9139756378765853,1281
6303,1283.714928868615,0.9139756378765853,1281
6304,1283.714928868615,0.9139756378765853,1281
6305,1283.714928868615,0.9139756378765853,1281
6306,1283.714928868615,0.9139756378765853,1281
6307,1283.714928868615,0.9139756378765853,1281
6308,1283.714928868615,0.9139756378765853,1281
6309,1283.714928868615,0.9139756378765853,1281
6310,1283.714928868615,0.9139756378765853,1281
6311,1283.714928868615,0.9139756378765853,1281
6312,1283.714928868615,0.9139756378765853,1281
6313,1283.714928868615,0.9139756378765853,1281
6314,1283.714928868615,0.9139756378765853,1281
6315,1283.714928868615,0.9139756378765853,1281
6316,1283.714928868615,0.9139756378765853,1281
6317,1283.714928868615,0.9139756378765853,1281
6318,1283.714928868615,0.9139756378765853,1281
6319,1283.714928868615,0.9139756378765853,1281
6320,1283.714928868615,0.9139756378765853,1281
6321,1283.714928868615,0.9139756378765853,1281
6322,1283.714928868615,0.9139756378765853,1281
6323,1283.714928868615,0.9139756378765853,1281
6324,1283.714928868615,0.9139756378765853,1281
6325,1283.714928868615,0.9139756378765853,1281
6326,1283.714928868615,0.9139756378765853,1281
6327,1283.714928868615,0.9139756378765853,1281
6328,1283.714928868615,0.9139756378765853,1281
6329,1283.714928868615,0.9139756378765853,1281
6330,1283.714928868615,0.9139756378765853,1281
6331,1283.714928868615,0.9139756378765853,1281
6332,1283.714928868615,0.9139756378765853,1281
6333,1283.714928868615,0.9139756378765853,1281
6334,1283.714928868615,0.9139756378765853,1281
6335,1283.714928868615,0.9139756378765853,1281
6336,1283.714928868615,0.9139756378765853,1281
6337,1283.714928868615,0.9139756378765853,1281
6338,1271.6096404146458,0.9173117739339068,1269
6339,1271.6096404146458,0.9173117739339068,1269
6340,1271.6096404146458,0.9173117739339068,1269
6341,1271.6096404146458,0.9173117739339068,1269
6342,1271.6096404146458,0.9173117739339068,1269
6343,1271.6096404146458,0.9173117739339068,1269
6344,1271.6096404146458,0.9173117739339068,1269
6345,1271.6096404146458,0.9173117739339068,1269
6346,1271.6096404146458,0.9173117739339068,1269
6347,1271.6096404146458,0.9173117739339068,1269
6348,1271.6096404146458,0.9173117739339068,1269
6349,1271.6096404146458,0.9173117739339068,1269
6350,1271.6096404146458,0.9173117739339068,1269
6351,1271.6096404146458,0.9173117739339068,1269
6352,1271.6096404146458,0.9173117739339068,1269
6353,1271.6096404146458,0.9173117739339068,1269
6354,1271.6096404146458,0.9173117739339068,1269
6355,1271.6096404146458,0.9173117739339068,1269
6356,1271.6096404146458,0.9173117739339068,1269
6357,1271.6096404146458,0.9173117739339068,1269
6358,1271.6096404146458,0.9173117739339068,1269
6359,1271.6096404146458,0.9173117739339068,1269
6360,1271.6096404146458,0.9173117739339068,1269
6361,1271.6096404146458,0.9173117739339068,1269
6362,1271.6096404146458,0.9173117739339068,1269
6363,1271.6096404146458,0.9173117739339068,1269
6364,1271.6096404146458,0.9173117739339068,1269
6365,1271.6096404146458,0.9173117739339068,1269
6366,1271.6096404146458,0.9173117739339068,1269
6367,1271.6096404146458,0.9173117739339068,1269
6368,1271.6096404146458,0.9173117739339068,1269
6369,1271.6096404146458,0.9173117739339068,1269
6370,1271.6096404146458,0.9173117739339068,1269
6371,1271.6096404146458,0.9173117739339068,1269
6372,1271.6096404146458,0.9173117739339068,1269
6373,1271.6096404146458,0.9173117739339068,1269
6374,1271.6096404146458,0.9173117739339068,1269
6375,1271.6096404146458,0.9173117739339068,1269
6376,1271.6096404146458,0.9173117739339068,1269
6377,1271.6096404146458,0.9173117739339068,1269
6378,1271.6096404146458,0.9173117739339068,1269
6379,1271.6096404146458,0.9173117739339068,1269
6380,1271.6096404146458,0.9173117739339068,1269
6381,1271.6096404146458,0.9173117739339068,1269
6382,1271.6096404146458,0.9173117739339068,1269
6383,1271.6096404146458,0.9173117739339068,1269
6384,1271.6096404146458,0.9173117739339068,1269
6385,1271.6096404146458,0.9173117739339068,1269
6386,1271.6096404146458,0.9173117739339068,1269
6387,1271.6096404146458,0.9173117739339068,1269
6388,1271.6096404146458,0.9173117739339068,1269
6389,1271.6096404146458,0.9173117739339068,1269
6390,1271.6096404146458,0.9173117739339068,1269
6391,1271.6096404146458,0.9173117739339068,1269
6392,1271.6096404146458,0.9173117739339068,1269
6393,1271.6096404146458,0.9173117739339068,1269
6394,1271.6096404146458,0.9173117739339068,1269
6395,1271.6096404146458,0.9173117739339068,1269
6396,1271.6096404146458,0.9173117739339068,1269
6397,1271.6096404146458,0.9173117739339068,1269
6398,1271.6096404146458,0.9173117739339068,1269
6399,1271.6096404146458,0.9173117739339068,1269
6400,1271.6096404146458,0.9173117739339068,1269
6401,1271.6096404146458,0.9173117739339068,1269
6402,1271.6096404146458,0.9173117739339068,1269
6403,1271.6096404146458,0.9173117739339068,1269
6404,1271.6096404146458,0.9173117739339068,1269
6405,1271.6096404146458,0.9173117739339068,1269
6406,1271.6096404146458,0.9173117739339068,1269
6407,1271.6096404146458,0.9173117739339068,1269
6408,1271.6096404146458,0.9173117739339068,1269
6409,1271.6096404146458,0.9173117739339068,1269
6410,1271.6096404146458,0.9173117739339068,1269
6411,1271.6096404146458,0.9173117739339068,1269
6412,1271.6096404146458,0.9173117739339068,1269
6413,1271.6096404146458,0.9173117739339068,1269
6414,1271.6096404146458,0.9173117739339068,1269
6415,1271.6096404146458,0.9173117739339068,1269
6416,1271.6096404146458,0.9173117739339068,1269
6417,1271.6096404146458,0.9173117739339068,1269
6418,1271.6096404146458,0.9173117739339068,1269
6419,1271.6096404146458,0.9173117739339068,1269
6420,1271.6096404146458,0.9173117739339068,1269
6421,1271.6096404146458,0.9173117739339068,1269
6422,1271.6096404146458,0.9173117739339068,1269
6423,1271.6096404146458,0.9173117739339068,1269
6424,1271.6096404146458,0.9173117739339068,1269
6425,1271.6096404146458,0.9173117739339068,1269
6426,1271.6096404146458,0.9173117739339068,1269
6427,1271.6096404146458,0.9173117739339068,1269
6428,1271.6096404146458,0.9173117739339068,1269
6429,1271.6096404146458,0.9173117739339068,1269
6430,1271.6096404146458,0.9173117739339068,1269
6431,1271.6096404146458,0.9173117739339068,1269
6432,1271.6096404146458,0.9173117739339068,1269
6433,1271.6096404146458,0.9173117739339068,1269
6434,1271.6096404146458,0.9173117739339068,1269
6435,1271.6096404146458,0.9173117739339068,1269
6436,1271.6096404146458,0.9173117739339068,1269
6437,1271.6096404146458,0.9173117739339068,1269
6438,1271.6096404146458,0.9173117739339068,1269
6439,1271.6096404146458,0.9173117739339068,1269
6440,1271.6096404146458,0.9173117739339068,1269
6441,1271.6096404146458,0.9173117739339068,1269
6442,1271.6096404146458,0.9173117739339068,1269
6443,1271.6096404146458,0.9173117739339068,1269
6444,1271.6096404146458,0.9173117739339068,1269
6445,1271.6096404146458,0.9173117739339068,1269
6446,1271.6096404146458,0.9173117739339068,1269
6447,1271.6096404146458,0.9173117739339068,1269
6448,1271.6096404146458,0.9173117739339068,1269
6449,1271.6096404146458,0.9173117739339068,1269
6450,1271.6096404146458,0.9173117739339068,1269
6451,1271.6096404146458,0.9173117739339068,1269
6452,1271.6096404146458,0.9173117739339068,1269
6453,1271.6096404146458,0.9173117739339068,1269
6454,1271.6096404146458,0.9173117739339068,1269
6455,1271.6096404146458,0.9173117739339068,1269
6456,1271.6096404146458,0.9173117739339068,1269
6457,1271.6096404146458,0.9173117739339068,1269
6458,1271.6096404146458,0.9173117739339068,1269
6459,1271.6096404146458,0.9173117739339068,1269
6460,1271.6096404146458,0.9173117739339068,1269
6461,1271.6096404146458,0.9173117739339068,1269
6462,1271.6096404146458,0.9173117739339068,1269
6463,1271.6096404146458,0.9173117739339068,1269
6464,1271.6096404146458,0.9173117739339068,1269
6465,1271.6096404146458,0.9173117739339068,1269
6466,1271.6096404146458,0.9173117739339068,1269
6467,1271.6096404146458,0.9173117739339068,1269
6468,1271.6096404146458,0.9173117739339068,1269
6469,1271.6096404146458,0.9173117739339068,1269
6470,1271.6096404146458,0.9173117739339068,1269
6471,1271.6096404146458,0.9173117739339068,1269
6472,1271.6096404146458,0.9173117739339068,1269
6473,1271.6096404146458,0.9173117739339068,1269
6474,1271.6096404146458,0.9173117739339068,1269
6475,1271.6096404146458,0.9173117739339068,1269
6476,1271.6096404146458,0.9173117739339068,1269
6477,1271.6096404146458,0.9173117739339068,1269
6478,1271.6096404146458,0.9173117739339068,1269
6479,1271.6096404146458,0.9173117739339068,1269
6480,1271.6096404146458,0.9173117739339068,1269
6481,1271.6096404146458,0.9173117739339068,1269
6482,1271.6096404146458,0.9173117739339068,1269
6483,1271.6096404146458,0.9173117739339068,1269
6484,1271.6096404146458,0.9173117739339068,1269
6485,1271.6096404146458,0.9173117739339068,1269
6486,1271.6096404146458,0.9173117739339068,1269
6487,1271.6096404146458,0.9173117739339068,1269
6488,1271.6096404146458,0.9173117739339068,1269
6489,1271.6096404146458,0.9173117739339068,1269
6490,1271.6096404146458,0.9173117739339068,1269
6491,1271.6096404146458,0.9173117739339068,1269
6492,1271.6096404146458,0.9173117739339068,1269
6493,1271.6096404146458,0.9173117739339068,1269
6494,1271.6096404146458,0.9173117739339068,1269
6495,1271.6096404146458,0.9173117739339068,1269
6496,1271.6096404146458,0.9173117739339068,1269
6497,1271.6096404146458,0.9173117739339068,1269
6498,1271.6096404146458,0.9173117739339068,1269
6499,1271.6096404146458,0.9173117739339068,1269
6500,1271.6096404146458,0.9173117739339068,1269
6501,1271.6096404146458,0.9173117739339068,1269
6502,1271.6096404146458,0.9173117739339068,1269
6503,1271.6096404146458,0.9173117739339068,1269
6504,1271.6096404146458,0.9173117739339068,1269
6505,1271.6096404146458,0.9173117739339068,1269
6506,1271.6096404146458,0.9173117739339068,1269
6507,1271.6096404146458,0.9173117739339068,1269
6508,1271.6096404146458,0.9173117739339068,1269
6509,1271.6096404146458,0.9173117739339068,1269
6510,1271.6096404146458,0.9173117739339068,1269
6511,1271.6096404146458,0.9173117739339068,1269
6512,1271.6096404146458,0.9173117739339068,1269
6513,1271.6096404146458,0.9173117739339068,1269
6514,1271.6096404146458,0.9173117739339068,1269
6515,1271.6096404146458,0.9173117739339068,1269
6516,1271.6096404146458,0.9173117739339068,1269
6517,1271.6096404146458,0.9173117739339068,1269
6518,1271.6096404146458,0.9173117739339068,1269
6519,1271.6096404146458,0.9173117739339068,1269
6520,1271.6096404146458,0.9173117739339068,1269
6521,1271.6096404146458,0.9173117739339068,1269
6522,1271.6096404146458,0.9173117739339068,1269
6523,1271.6096404146458,0.9173117739339068,1269
6524,1271.6096404146458,0.9173117739339068,1269
6525,1271.6096404146458,0.9173117739339068,1269
6526,1271.6096404146458,0.9173117739339068,1269
6527,1271.6096404146458,0.9173117739339068,1269
6528,1271.6096404146458,0.9173117739339068,1269
6529,1271.6096404146458,0.9173117739339068,1269
6530,1271.6096404146458,0.9173117739339068,1269
6531,1271.6096404146458,0.9173117739339068,1269
6532,1271.6096404146458,0.9173117739339068,1269
6533,1271.6096404146458,0.9173117739339068,1269
6534,1271.6096404146458,0.9173117739339068,1269
6535,1271.6096404146458,0.9173117739339068,1269
6536,1271.6096404146458,0.9173117739339068,1269
6537,1271.6096404146458,0.9173117739339068,1269
6538,1271.6096404146458,0.9173117739339068,1269
6539,1271.6096404146458,0.9173117739339068,1269
6540,1271.6096404146458,0.9173117739339068,1269
6541,1271.6096404146458,0.9173117739339068,1269
6542,1271.6096404146458,0.9173117739339068,1269
6543,1271.6096404146458,0.9173117739339068,1269
6544,1271.6096404146458,0.9173117739339068,1269
6545,1271.6096404146458,0.9173117739339068,1269
6546,1271.6096404146458,0.9173117739339068,1269
6547,1271.6096404146458,0.9173117739339068,1269
6548,1271.6096404146458,0.9173117739339068,1269
6549,1271.6096404146458,0.9173117739339068,1269
6550,1271.6096404146458,0.9173117739339068,1269
6551,1271.6096404146458,0.9173117739339068,1269
6552,1271.6096404146458,0.9173117739339068,1269
6553,1271.6096404146458,0.9173117739339068,1269
6554,1271.6096404146458,0.9173117739339068,1269
6555,1271.6096404146458,0.9173117739339068,1269
6556,1271.6096404146458,0.9173117739339068,1269
6557,1271.6096404146458,0.9173117739339068,1269
6558,1271.6096404146458,0.9173117739339068,1269
6559,1271.6096404146458,0.9173117739339068,1269
6560,1271.6096404146458,0.9173117739339068,1269
6561,1271.6096404146458,0.9173117739339068,1269
6562,1271.6096404146458,0.9173117739339068,1269
6563,1271.6096404146458,0.9173117739339068,1269
6564,1271.6096404146458,0.9173117739339068,1269
6565,1271.6096404146458,0.9173117739339068,1269
6566,1271.6096404146458,0.9173117739339068,1269
6567,1271.6096404146458,0.9173117739339068,1269
6568,1271.6096404146458,0.9173117739339068,1269
6569,1271.6096404146458,0.9173117739339068,1269
6570,1271.6096404146458,0.9173117739339068,1269
6571,1271.6096404146458,0.9173117739339068,1269
6572,1271.6096404146458,0.9173117739339068,1269
6573,1271.6096404146458,0.9173117739339068,1269
6574,1271.6096404146458,0.9173117739339068,1269
6575,1271.6096404146458,0.9173117739339068,1269
6576,1271.6096404146458,0.9173117739339068,1269
6577,1271.6096404146458,0.9173117739339068,1269
6578,1271.6096404146458,0.9173117739339068,1269
6579,1271.6096404146458,0.9173117739339068,1269
6580,1271.6096404146458,0.9173117739339068,1269
6581,1271.6096404146458,0.9173117739339068,1269
6582,1271.6096404146458,0.9173117739339068,1269
6583,1271.6096404146458,0.9173117739339068,1269
6584,1271.6096404146458,0.9173117739339068,1269
6585,1271.6096404146458,0.9173117739339068,1269
6586,1271.6096404146458,0.9173117739339068,1269
6587,1271.6096404146458,0.9173117739339068,1269
6588,1271.6096404146458,0.9173117739339068,1269
6589,1271.6096404146458,0.9173117739339068,1269
6590,1271.6096404146458,0.9173117739339068,1269
6591,1271.6096404146458,0.9173117739339068,1269
6592,1271.6096404146458,0.9173117739339068,1269
6593,1271.6096404146458,0.9173117739339068,1269
6594,1271.6096404146458,0.9173117739339068,1269
6595,1271.6096404146458,0.9173117739339068,1269
6596,1271.6096404146458,0.9173117739339068,1269
6597,1271.6096404146458,0.9173117739339068,1269
6598,1271.6096404146458,0.9173117739339068,1269
6599,1271.6096404146458,0.9173117739339068,1269
6600,1271.6096404146458,0.9173117739339068,1269
6601,1271.6096404146458,0.9173117739339068,1269
6602,1271.6096404146458,0.9173117739339068,1269
6603,1271.6096404146458,0.9173117739339068,1269
6604,1271.6096404146458,0.9173117739339068,1269
6605,1271.6096404146458,0.9173117739339068,1269
6606,1271.6096404146458,0.9173117739339068,1269
6607,1271.6096404146458,0.9173117739339068,1269
6608,1271.6096404146458,0.9173117739339068,1269
6609,1271.6096404146458,0.9173117739339068,1269
6610,1271.6096404146458,0.9173117739339068,1269
6611,1271.6096404146458,0.9173117739339068,1269
6612,1271.6096404146458,0.9173117739339068,1269
6613,1271.6096404146458,0.9173117739339068,1269
6614,1271.6096404146458,0.9173117739339068,1269
6615,1271.6096404146458,0.9173117739339068,1269
6616,1271.6096404146458,0.9173117739339068,1269
6617,1271.6096404146458,0.9173117739339068,1269
6618,1271.6096404146458,0.9173117739339068,1269
6619,1271.6096404146458,0.9173117739339068,1269
6620,1271.6096404146458,0.9173117739339068,1269
6621,1271.6096404146458,0.9173117739339068,1269
6622,1271.6096404146458,0.9173117739339068,1269
6623,1271.6096404146458,0.9173117739339068,1269
6624,1271.6096404146458,0.9173117739339068,1269
6625,1271.6096404146458,0.9173117739339068,1269
6626,1271.6096404146458,0.9173117739339068,1269
6627,1271.6096404146458,0.9173117739339068,1269
6628,1271.6096404146458,0.9173117739339068,1269
6629,1271.6096404146458,0.9173117739339068,1269
6630,1271.6096404146458,0.9173117739339068,1269
6631,1271.6096404146458,0.9173117739339068,1269
6632,1271.6096404146458,0.9173117739339068,1269
6633,1271.6096404146458,0.9173117739339068,1269
6634,1271.6096404146458,0.9173117739339068,1269
6635,1271.6096404146458,0.9173117739339068,1269
6636,1271.6096404146458,0.9173117739339068,1269
6637,1271.6096404146458,0.9173117739339068,1269
6638,1271.6096404146458,0.9173117739339068,1269
6639,1271.6096404146458,0.9173117739339068,1269
6640,1271.6096404146458,0.9173117739339068,1269
6641,1271.6096404146458,0.9173117739339068,1269
6642,1271.6096404146458,0.9173117739339068,1269
6643,1271.6096404146458,0.9173117739339068,1269
6644,1271.6096404146458,0.9173117739339068,1269
6645,1271.6096404146458,0.9173117739339068,1269
6646,1271.6096404146458,0.9173117739339068,1269
6647,1271.6096404146458,0.9173117739339068,1269
6648,1271.6096404146458,0.9173117739339068,1269
6649,1271.6096404146458,0.9173117739339068,1269
6650,1271.6096404146458,0.9173117739339068,1269
6651,1271.6096404146458,0.9173117739339068,1269
6652,1271.6096404146458,0.9173117739339068,1269
6653,1271.6096404146458,0.9173117739339068,1269
6654,1271.6096404146458,0.9173117739339068,1269
6655,1271.6096404146458,0.9173117739339068,1269
6656,1271.6096404146458,0.9173117739339068,1269
6657,1271.6096404146458,0.9173117739339068,1269
6658,1271.6096404146458,0.9173117739339068,1269
6659,1271.6096404146458,0.9173117739339068,1269
6660,1271.6096404146458,0.9173117739339068,1269
6661,1271.6096404146458,0.9173117739339068,1269
6662,1271.6096404146458,0.9173117739339068,1269
6663,1271.6096404146458,0.9173117739339068,1269
6664,1271.6096404146458,0.9173117739339068,1269
6665,1271.6096404146458,0.9173117739339068,1269
6666,1271.6096404146458,0.9173117739339068,1269
6667,1271.6096404146458,0.9173117739339068,1269
6668,1271.6096404146458,0.9173117739339068,1269
6669,1271.6096404146458,0.9173117739339068,1269
6670,1271.6096404146458,0.9173117739339068,1269
6671,1271.6096404146458,0.9173117739339068,1269
6672,1271.6096404146458,0.9173117739339068,1269
6673,1271.6096404146458,0.9173117739339068,1269
6674,1271.6096404146458,0.9173117739339068,1269
6675,1271.6096404146458,0.9173117739339068,1269
6676,1271.6096404146458,0.9173117739339068,1269
6677,1271.6096404146458,0.9173117739339068,1269
6678,1271.6096404146458,0.9173117739339068,1269
6679,1271.6096404146458,0.9173117739339068,1269
6680,1271.6096404146458,0.9173117739339068,1269
6681,1271.6096404146458,0.9173117739339068,1269
6682,1271.6096404146458,0.9173117739339068,1269
6683,1271.6096404146458,0.9173117739339068,1269
6684,1271.6096404146458,0.9173117739339068,1269
6685,1271.6096404146458,0.9173117739339068,1269
6686,1271.6096404146458,0.9173117739339068,1269
6687,1271.6096404146458,0.9173117739339068,1269
6688,1271.6096404146458,0.9173117739339068,1269
6689,1271.6096404146458,0.9173117739339068,1269
6690,1271.6096404146458,0.9173117739339068,1269
6691,1271.6096404146458,0.9173117739339068,1269
6692,1271.6096404146458,0.9173117739339068,1269
6693,1271.6096404146458,0.9173117739339068,1269
6694,1271.6096404146458,0.9173117739339068,1269
6695,1271.6096404146458,0.9173117739339068,1269
6696,1271.6096404146458,0.9173117739339068,1269
6697,1271.6096404146458,0.9173117739339068,1269
6698,1271.6096404146458,0.9173117739339068,1269
6699,1271.6096404146458,0.9173117739339068,1269
6700,1271.6096404146458,0.9173117739339068,1269
6701,1271.6096404146458,0.9173117739339068,1269
6702,1271.6096404146458,0.9173117739339068,1269
6703,1271.6096404146458,0.9173117739339068,1269
6704,1271.6096404146458,0.9173117739339068,1269
6705,1271.6096404146458,0.9173117739339068,1269
6706,1271.6096404146458,0.9173117739339068,1269
6707,1271.6096404146458,0.9173117739339068,1269
6708,1271.6096404146458,0.9173117739339068,1269
6709,1271.6096404146458,0.9173117739339068,1269
6710,1271.6096404146458,0.9173117739339068,1269
6711,1271.6096404146458,0.9173117739339068,1269
6712,1271.6096404146458,0.9173117739339068,1269
6713,1271.6096404146458,0.9173117739339068,1269
6714,1271.6096404146458,0.9173117739339068,1269
6715,1271.6096404146458,0.9173117739339068,1269
6716,1271.6096404146458,0.9173117739339068,1269
6717,1271.6096404146458,0.9173117739339068,1269
6718,1271.6096404146458,0.9173117739339068,1269
6719,1271.6096404146458,0.9173117739339068,1269
6720,1271.6096404146458,0.9173117739339068,1269
6721,1271.6096404146458,0.9173117739339068,1269
6722,1271.6096404146458,0.9173117739339068,1269
6723,1271.6096404146458,0.9173117739339068,1269
6724,1271.6096404146458,0.9173117739339068,1269
6725,1271.6096404146458,0.9173117739339068,1269
6726,1271.6096404146458,0.9173117739339068,1269
6727,1271.6096404146458,0.9173117739339068,1269
6728,1271.6096404146458,0.9173117739339068,1269
6729,1271.6096404146458,0.9173117739339068,1269
6730,1271.6096404146458,0.9173117739339068,1269
6731,1271.6096404146458,0.9173117739339068,1269
6732,1271.6096404146458,0.9173117739339068,1269
6733,1271.6096404146458,0.9173117739339068,1269
6734,1271.6096404146458,0.9173117739339068,1269
6735,1271.6096404146458,0.9173117739339068,1269
6736,1271.6096404146458,0.9173117739339068,1269
6737,1271.6096404146458,0.9173117739339068,1269
6738,1271.6096404146458,0.9173117739339068,1269
6739,1271.6096404146458,0.9173117739339068,1269
6740,1271.6096404146458,0.9173117739339068,1269
6741,1271.6096404146458,0.9173117739339068,1269
6742,1271.6096404146458,0.9173117739339068,1269
6743,1271.6096404146458,0.9173117739339068,1269
6744,1271.6096404146458,0.9173117739339068,1269
6745,1271.6096404146458,0.9173117739339068,1269
6746,1271.6096404146458,0.9173117739339068,1269
6747,1271.6096404146458,0.9173117739339068,1269
6748,1271.6096404146458,0.9173117739339068,1269
6749,1271.6096404146458,0.9173117739339068,1269
6750,1271.6096404146458,0.9173117739339068,1269
6751,1271.6096404146458,0.9173117739339068,1269
6752,1271.6096404146458,0.9173117739339068,1269
6753,1271.6096404146458,0.9173117739339068,1269
6754,1271.6096404146458,0.9173117739339068,1269
6755,1271.6096404146458,0.9173117739339068,1269
6756,1271.6096404146458,0.9173117739339068,1269
6757,1271.6096404146458,0.9173117739339068,1269
6758,1271.6096404146458,0.9173117739339068,1269
6759,1271.6096404146458,0.9173117739339068,1269
6760,1271.6096404146458,0.9173117739339068,1269
6761,1271.6096404146458,0.9173117739339068,1269
6762,1271.6096404146458,0.9173117739339068,1269
6763,1271.6096404146458,0.9173117739339068,1269
6764,1271.6096404146458,0.9173117739339068,1269
6765,1271.6096404146458,0.9173117739339068,1269
6766,1271.6096404146458,0.9173117739339068,1269
6767,1271.6096404146458,0.9173117739339068,1269
6768,1271.6096404146458,0.9173117739339068,1269
6769,1271.6096404146458,0.9173117739339068,1269
6770,1271.6096404146458,0.9173117739339068,1269
6771,1271.6096404146458,0.9173117739339068,1269
6772,1271.6096404146458,0.9173117739339068,1269
6773,1271.6096404146458,0.9173117739339068,1269
6774,1271.6096404146458,0.9173117739339068,1269
6775,1271.6096404146458,0.9173117739339068,1269
6776,1271.6096404146458,0.9173117739339068,1269
6777,1271.6096404146458,0.9173117739339068,1269
6778,1271.6096404146458,0.9173117739339068,1269
6779,1271.6096404146458,0.9173117739339068,1269
6780,1271.6096404146458,0.9173117739339068,1269
6781,1271.6096404146458,0.9173117739339068,1269
6782,1271.6096404146458,0.9173117739339068,1269
6783,1271.6096404146458,0.9173117739339068,1269
6784,1271.6096404146458,0.9173117739339068,1269
6785,1271.6096404146458,0.9173117739339068,1269
6786,1271.6096404146458,0.9173117739339068,1269
6787,1271.6096404146458,0.9173117739339068,1269
6788,1271.6096404146458,0.9173117739339068,1269
6789,1271.6096404146458,0.9173117739339068,1269
6790,1271.6096404146458,0.9173117739339068,1269
6791,1271.6096404146458,0.9173117739339068,1269
6792,1271.6096404146458,0.9173117739339068,1269
6793,1271.6096404146458,0.9173117739339068,1269
6794,1271.6096404146458,0.9173117739339068,1269
6795,1271.6096404146458,0.9173117739339068,1269
6796,1271.6096404146458,0.9173117739339068,1269
6797,1271.6096404146458,0.9173117739339068,1269
6798,1271.6096404146458,0.9173117739339068,1269
6799,1271.6096404146458,0.9173117739339068,1269
6800,1271.6096404146458,0.9173117739339068,1269
6801,1271.6096404146458,0.9173117739339068,1269
6802,1271.6096404146458,0.9173117739339068,1269
6803,1271.6096404146458,0.9173117739339068,1269
6804,1271.6096404146458,0.9173117739339068,1269
6805,1271.6096404146458,0.9173117739339068,1269
6806,1271.6096404146458,0.9173117739339068,1269
6807,1271.6096404146458,0.9173117739339068,1269
6808,1271.6096404146458,0.9173117739339068,1269
6809,1271.6096404146458,0.9173117739339068,1269
6810,1271.6096404146458,0.9173117739339068,1269
6811,1271.6096404146458,0.9173117739339068,1269
6812,1271.6096404146458,0.9173117739339068,1269
6813,1271.6096404146458,0.9173117739339068,1269
6814,1271.6096404146458,0.9173117739339068,1269
6815,1271.6096404146458,0.9173117739339068,1269
6816,1271.6096404146458,0.9173117739339068,1269
6817,1271.6096404146458,0.9173117739339068,1269
6818,1271.6096404146458,0.9173117739339068,1269
6819,1271.6096404146458,0.9173117739339068,1269
6820,1271.6096404146458,0.9173117739339068,1269
6821,1271.6096404146458,0.9173117739339068,1269
6822,1271.6096404146458,0.9173117739339068,1269
6823,1271.6096404146458,0.9173117739339068,1269
6824,1271.6096404146458,0.9173117739339068,1269
6825,1271.6096404146458,0.9173117739339068,1269
6826,1271.6096404146458,0.9173117739339068,1269
6827,1271.6096404146458,0.9173117739339068,1269
6828,1271.6096404146458,0.9173117739339068,1269
6829,1271.6096404146458,0.9173117739339068,1269
6830,1271.6096404146458,0.9173117739339068,1269
6831,1271.6096404146458,0.9173117739339068,1269
6832,1271.6096404146458,0.9173117739339068,1269
6833,1271.6096404146458,0.9173117739339068,1269
6834,1271.6096404146458,0.9173117739339068,1269
6835,1271.6096404146458,0.9173117739339068,1269
6836,1271.6096404146458,0.9173117739339068,1269
6837,1271.6096404146458,0.9173117739339068,1269
6838,1271.6096404146458,0.9173117739339068,1269
6839,1271.6096404146458,0.9173117739339068,1269
6840,1271.6096404146458,0.9173117739339068,1269
6841,1271.6096404146458,0.9173117739339068,1269
6842,1271.6096404146458,0.9173117739339068,1269
6843,1271.6096404146458,0.9173117739339068,1269
6844,1271.6096404146458,0.9173117739339068,1269
6845,1271.6096404146458,0.9173117739339068,1269
6846,1271.6096404146458,0.9173117739339068,1269
6847,1271.6096404146458,0.9173117739339068,1269
6848,1271.6096404146458,0.9173117739339068,1269
6849,1271.6096404146458,0.9173117739339068,1269
6850,1271.6096404146458,0.9173117739339068,1269
6851,1271.6096404146458,0.9173117739339068,1269
6852,1271.6096404146458,0.9173117739339068,1269
6853,1271.6096404146458,0.9173117739339068,1269
6854,1271.6096404146458,0.9173117739339068,1269
6855,1271.6096404146458,0.9173117739339068,1269
6856,1271.6096404146458,0.9173117739339068,1269
6857,1271.6096404146458,0.9173117739339068,1269
6858,1271.6096404146458,0.9173117739339068,1269
6859,1271.6096404146458,0.9173117739339068,1269
6860,1271.6096404146458,0.9173117739339068,1269
6861,1271.6096404146458,0.9173117739339068,1269
6862,1271.6096404146458,0.9173117739339068,1269
6863,1271.6096404146458,0.9173117739339068,1269
6864,1271.6096404146458,0.9173117739339068,1269
6865,1271.6096404146458,0.9173117739339068,1269
6866,1271.6096404146458,0.9173117739339068,1269
6867,1271.6096404146458,0.9173117739339068,1269
6868,1271.6096404146458,0.9173117739339068,1269
6869,1271.6096404146458,0.9173117739339068,1269
6870,1271.6096404146458,0.9173117739339068,1269
6871,1271.6096404146458,0.9173117739339068,1269
6872,1271.6096404146458,0.9173117739339068,1269
6873,1271.6096404146458,0.9173117739339068,1269
6874,1271.6096404146458,0.9173117739339068,1269
6875,1271.6096404146458,0.9173117739339068,1269
6876,1271.6096404146458,0.9173117739339068,1269
6877,1271.6096404146458,0.9173117739339068,1269
6878,1271.6096404146458,0.9173117739339068,1269
6879,1271.6096404146458,0.9173117739339068,1269
6880,1271.6096404146458,0.9173117739339068,1269
6881,1271.6096404146458,0.9173117739339068,1269
6882,1271.6096404146458,0.9173117739339068,1269
6883,1271.6096404146458,0.9173117739339068,1269
6884,1271.6096404146458,0.9173117739339068,1269
6885,1271.6096404146458,0.9173117739339068,1269
6886,1271.6096404146458,0.9173117739339068,1269
6887,1271.6096404146458,0.9173117739339068,1269
6888,1271.6096404146458,0.9173117739339068,1269
6889,1271.6096404146458,0.9173117739339068,1269
6890,1271.6096404146458,0.9173117739339068,1269
6891,1271.6096404146458,0.9173117739339068,1269
6892,1271.6096404146458,0.9173117739339068,1269
6893,1271.6096404146458,0.9173117739339068,1269
6894,1271.6096404146458,0.9173117739339068,1269
6895,1271.6096404146458,0.9173117739339068,1269
6896,1271.6096404146458,0.9173117739339068,1269
6897,1271.6096404146458,0.9173117739339068,1269
6898,1271.6096404146458,0.9173117739339068,1269
6899,1271.6096404146458,0.9173117739339068,1269
6900,1271.6096404146458,0.9173117739339068,1269
6901,1271.6096404146458,0.9173117739339068,1269
6902,1271.6096404146458,0.9173117739339068,1269
6903,1271.6096404146458,0.9173117739339068,1269
6904,1271.6096404146458,0.9173117739339068,1269
6905,1271.6096404146458,0.9173117739339068,1269
6906,1271.6096404146458,0.9173117739339068,1269
6907,1271.6096404146458,0.9173117739339068,1269
6908,1271.6096404146458,0.9173117739339068,1269
6909,1271.6096404146458,0.9173117739339068,1269
6910,1271.6096404146458,0.9173117739339068,1269
6911,1271.6096404146458,0.9173117739339068,1269
6912,1271.6096404146458,0.9173117739339068,1269
6913,1271.6096404146458,0.9173117739339068,1269
6914,1271.6096404146458,0.9173117739339068,1269
6915,1271.6096404146458,0.9173117739339068,1269
6916,1271.6096404146458,0.9173117739339068,1269
6917,1271.6096404146458,0.9173117739339068,1269
6918,1271.6096404146458,0.9173117739339068,1269
6919,1271.6096404146458,0.9173117739339068,1269
6920,1271.6096404146458,0.9173117739339068,1269
6921,1271.6096404146458,0.9173117739339068,1269
6922,1271.6096404146458,0.9173117739339068,1269
6923,1271.6096404146458,0.9173117739339068,1269
6924,1271.6096404146458,0.9173117739339068,1269
6925,1271.6096404146458,0.9173117739339068,1269
6926,1271.6096404146458,0.9173117739339068,1269
6927,1271.6096404146458,0.9173117739339068,1269
6928,1271.6096404146458,0.9173117739339068,1269
6929,1271.6096404146458,0.9173117739339068,1269
6930,1271.6096404146458,0.9173117739339068,1269
6931,1271.6096404146458,0.9173117739339068,1269
6932,1271.6096404146458,0.9173117739339068,1269
6933,1271.6096404146458,0.9173117739339068,1269
6934,1271.6096404146458,0.9173117739339068,1269
6935,1271.6096404146458,0.9173117739339068,1269
6936,1271.6096404146458,0.9173117739339068,1269
6937,1271.6096404146458,0.9173117739339068,1269
6938,1271.6096404146458,0.9173117739339068,1269
6939,1271.6096404146458,0.9173117739339068,1269
6940,1271.6096404146458,0.9173117739339068,1269
6941,1271.6096404146458,0.9173117739339068,1269
6942,1271.6096404146458,0.9173117739339068,1269
6943,1271.6096404146458,0.9173117739339068,1269
6944,1271.6096404146458,0.9173117739339068,1269
6945,1271.6096404146458,0.9173117739339068,1269
6946,1271.6096404146458,0.9173117739339068,1269
6947,1271.6096404146458,0.9173117739339068,1269
6948,1271.6096404146458,0.9173117739339068,1269
6949,1271.6096404146458,0.9173117739339068,1269
6950,1271.6096404146458,0.9173117739339068,1269
6951,1271.6096404146458,0.9173117739339068,1269
6952,1271.6096404146458,0.9173117739339068,1269
6953,1271.6096404146458,0.9173117739339068,1269
6954,1271.6096404146458,0.9173117739339068,1269
6955,1271.6096404146458,0.9173117739339068,1269
6956,1271.6096404146458,0.9173117739339068,1269
6957,1271.6096404146458,0.9173117739339068,1269
6958,1271.6096404146458,0.9173117739339068,1269
6959,1271.6096404146458,0.9173117739339068,1269
6960,1271.6096404146458,0.9173117739339068,1269
6961,1271.6096404146458,0.9173117739339068,1269
6962,1271.6096404146458,0.9173117739339068,1269
6963,1271.6096404146458,0.9173117739339068,1269
6964,1271.6096404146458,0.9173117739339068,1269
6965,1271.6096404146458,0.9173117739339068,1269
6966,1271.6096404146458,0.9173117739339068,1269
6967,1271.6096404146458,0.9173117739339068,1269
6968,1271.6096404146458,0.9173117739339068,1269
6969,1271.6096404146458,0.9173117739339068,1269
6970,1271.6096404146458,0.9173117739339068,1269
6971,1271.6096404146458,0.9173117739339068,1269
6972,1271.6096404146458,0.9173117739339068,1269
6973,1271.6096404146458,0.9173117739339068,1269
6974,1271.6096404146458,0.9173117739339068,1269
6975,1271.6096404146458,0.9173117739339068,1269
6976,1271.6096404146458,0.9173117739339068,1269
6977,1271.6096404146458,0.9173117739339068,1269
6978,1271.6096404146458,0.9173117739339068,1269
6979,1271.6096404146458,0.9173117739339068,1269
6980,1271.6096404146458,0.9173117739339068,1269
6981,1271.6096404146458,0.9173117739339068,1269
6982,1271.6096404146458,0.9173117739339068,1269
6983,1271.6096404146458,0.9173117739339068,1269
6984,1271.6096404146458,0.9173117739339068,1269
6985,1271.6096404146458,0.9173117739339068,1269
6986,1271.6096404146458,0.9173117739339068,1269
6987,1271.6096404146458,0.9173117739339068,1269
6988,1271.6096404146458,0.9173117739339068,1269
6989,1271.6096404146458,0.9173117739339068,1269
6990,1271.6096404146458,0.9173117739339068,1269
6991,1271.6096404146458,0.9173117739339068,1269
6992,1271.6096404146458,0.9173117739339068,1269
6993,1271.6096404146458,0.9173117739339068,1269
6994,1271.6096404146458,0.9173117739339068,1269
6995,1271.6096404146458,0.9173117739339068,1269
6996,1271.6096404146458,0.9173117739339068,1269
6997,1271.6096404146458,0.9173117739339068,1269
6998,1271.6096404146458,0.9173117739339068,1269
6999,1271.6096404146458,0.9173117739339068,1269
7000,1271.6096404146458,0.9173117739339068,1269
7001,1271.6096404146458,0.9173117739339068,1269
7002,1271.6096404146458,0.9173117739339068,1269
7003,1271.6096404146458,0.9173117739339068,1269
7004,1271.6096404146458,0.9173117739339068,1269
7005,1271.6096404146458,0.9173117739339068,1269
7006,1271.6096404146458,0.9173117739339068,1269
7007,1271.6096404146458,0.9173117739339068,1269
7008,1271.6096404146458,0.9173117739339068,1269
7009,1271.6096404146458,0.9173117739339068,1269
7010,1271.6096404146458,0.9173117739339068,1269
7011,1271.6096404146458,0.9173117739339068,1269
7012,1271.6096404146458,0.9173117739339068,1269
7013,1271.6096404146458,0.9173117739339068,1269
7014,1271.6096404146458,0.9173117739339068,1269
7015,1271.6096404146458,0.9173117739339068,1269
7016,1271.6096404146458,0.9173117739339068,1269
7017,1271.6096404146458,0.9173117739339068,1269
7018,1271.6096404146458,0.9173117739339068,1269
7019,1271.6096404146458,0.9173117739339068,1269
7020,1271.6096404146458,0.9173117739339068,1269
7021,1271.6096404146458,0.9173117739339068,1269
7022,1271.6096404146458,0.9173117739339068,1269
7023,1271.6096404146458,0.9173117739339068,1269
7024,1271.6096404146458,0.9173117739339068,1269
7025,1271.6096404146458,0.9173117739339068,1269
7026,1271.6096404146458,0.9173117739339068,1269
7027,1271.6096404146458,0.9173117739339068,1269
7028,1271.6096404146458,0.9173117739339068,1269
7029,1271.6096404146458,0.9173117739339068,1269
7030,1271.6096404146458,0.9173117739339068,1269
7031,1271.6096404146458,0.9173117739339068,1269
7032,1271.6096404146458,0.9173117739339068,1269
7033,1271.6096404146458,0.9173117739339068,1269
7034,1271.6096404146458,0.9173117739339068,1269
7035,1271.6096404146458,0.9173117739339068,1269
7036,1271.6096404146458,0.9173117739339068,1269
7037,1271.6096404146458,0.9173117739339068,1269
7038,1271.6096404146458,0.9173117739339068,1269
7039,1271.6096404146458,0.9173117739339068,1269
7040,1271.6096404146458,0.9173117739339068,1269
7041,1271.6096404146458,0.9173117739339068,1269
7042,1271.6096404146458,0.9173117739339068,1269
7043,1271.6096404146458,0.9173117739339068,1269
7044,1271.6096404146458,0.9173117739339068,1269
7045,1271.6096404146458,0.9173117739339068,1269
7046,1271.6096404146458,0.9173117739339068,1269
7047,1271.6096404146458,0.9173117739339068,1269
7048,1271.6096404146458,0.9173117739339068,1269
7049,1271.6096404146458,0.9173117739339068,1269
7050,1271.6096404146458,0.9173117739339068,1269
7051,1271.6096404146458,0.9173117739339068,1269
7052,1271.6096404146458,0.9173117739339068,1269
7053,1271.6096404146458,0.9173117739339068,1269
7054,1271.6096404146458,0.9173117739339068,1269
7055,1271.6096404146458,0.9173117739339068,1269
7056,1271.6096404146458,0.9173117739339068,1269
7057,1271.6096404146458,0.9173117739339068,1269
7058,1271.6096404146458,0.9173117739339068,1269
7059,1271.6096404146458,0.9173117739339068,1269
7060,1271.6096404146458,0.9173117739339068,1269
7061,1271.6096404146458,0.9173117739339068,1269
7062,1271.6096404146458,0.9173117739339068,1269
7063,1271.6096404146458,0.9173117739339068,1269
7064,1271.6096404146458,0.9173117739339068,1269
7065,1271.6096404146458,0.9173117739339068,1269
7066,1271.6096404146458,0.9173117739339068,1269
7067,1271.6096404146458,0.9173117739339068,1269
7068,1271.6096404146458,0.9173117739339068,1269
7069,1271.6096404146458,0.9173117739339068,1269
7070,1271.6096404146458,0.9173117739339068,1269
7071,1271.6096404146458,0.9173117739339068,1269
7072,1271.6096404146458,0.9173117739339068,1269
7073,1271.6096404146458,0.9173117739339068,1269
7074,1271.6096404146458,0.9173117739339068,1269
7075,1271.6096404146458,0.9173117739339068,1269
7076,1271.6096404146458,0.9173117739339068,1269
7077,1271.6096404146458,0.9173117739339068,1269
7078,1271.6096404146458,0.9173117739339068,1269
7079,1271.6096404146458,0.9173117739339068,1269
7080,1271.6096404146458,0.9173117739339068,1269
7081,1271.6096404146458,0.9173117739339068,1269
7082,1271.6096404146458,0.9173117739339068,1269
7083,1271.6096404146458,0.9173117739339068,1269
7084,1271.6096404146458,0.9173117739339068,1269
7085,1271.6096404146458,0.9173117739339068,1269
7086,1271.6096404146458,0.9173117739339068,1269
7087,1271.6096404146458,0.9173117739339068,1269
7088,1271.6096404146458,0.9173117739339068,1269
7089,1271.6096404146458,0.9173117739339068,1269
7090,1271.6096404146458,0.9173117739339068,1269
7091,1271.6096404146458,0.9173117739339068,1269
7092,1271.6096404146458,0.9173117739339068,1269
7093,1271.6096404146458,0.9173117739339068,1269
7094,1271.6096404146458,0.9173117739339068,1269
7095,1271.6096404146458,0.9173117739339068,1269
7096,1271.6096404146458,0.9173117739339068,1269
7097,1271.6096404146458,0.9173117739339068,1269
7098,1271.6096404146458,0.9173117739339068,1269
7099,1271.6096404146458,0.9173117739339068,1269
7100,1271.6096404146458,0.9173117739339068,1269
7101,1271.6096404146458,0.9173117739339068,1269
7102,1271.6096404146458,0.9173117739339068,1269
7103,1271.6096404146458,0.9173117739339068,1269
7104,1271.6096404146458,0.9173117739339068,1269
7105,1271.6096404146458,0.9173117739339068,1269
7106,1271.6096404146458,0.9173117739339068,1269
7107,1271.6096404146458,0.9173117739339068,1269
7108,1271.6096404146458,0.9173117739339068,1269
7109,1271.6096404146458,0.9173117739339068,1269
7110,1271.6096404146458,0.9173117739339068,1269
7111,1271.6096404146458,0.9173117739339068,1269
7112,1271.6096404146458,0.9173117739339068,1269
7113,1271.6096404146458,0.9173117739339068,1269
7114,1271.6096404146458,0.9173117739339068,1269
7115,1271.6096404146458,0.9173117739339068,1269
7116,1271.6096404146458,0.9173117739339068,1269
7117,1271.6096404146458,0.9173117739339068,1269
7118,1271.6096404146458,0.9173117739339068,1269
7119,1271.6096404146458,0.9173117739339068,1269
7120,1271.6096404146458,0.9173117739339068,1269
7121,1271.6096404146458,0.9173117739339068,1269
7122,1271.6096404146458,0.9173117739339068,1269
7123,1271.6096404146458,0.9173117739339068,1269
7124,1271.6096404146458,0.9173117739339068,1269
7125,1271.6096404146458,0.9173117739339068,1269
7126,1271.6096404146458,0.9173117739339068,1269
7127,1271.6096404146458,0.9173117739339068,1269
7128,1271.6096404146458,0.9173117739339068,1269
7129,1271.6096404146458,0.9173117739339068,1269
7130,1271.6096404146458,0.9173117739339068,1269
7131,1271.6096404146458,0.9173117739339068,1269
7132,1271.6096404146458,0.9173117739339068,1269
7133,1271.6096404146458,0.9173117739339068,1269
7134,1271.6096404146458,0.9173117739339068,1269
7135,1271.6096404146458,0.9173117739339068,1269
7136,1271.6096404146458,0.9173117739339068,1269
7137,1271.6096404146458,0.9173117739339068,1269
7138,1271.6096404146458,0.9173117739339068,1269
7139,1271.6096404146458,0.9173117739339068,1269
7140,1271.6096404146458,0.9173117739339068,1269
7141,1271.6096404146458,0.9173117739339068,1269
7142,1271.6096404146458,0.9173117739339068,1269
7143,1271.6096404146458,0.9173117739339068,1269
7144,1271.6096404146458,0.9173117739339068,1269
7145,1271.6096404146458,0.9173117739339068,1269
7146,1271.6096404146458,0.9173117739339068,1269
7147,1271.6096404146458,0.9173117739339068,1269
7148,1271.6096404146458,0.9173117739339068,1269
7149,1271.6096404146458,0.9173117739339068,1269
7150,1271.6096404146458,0.9173117739339068,1269
7151,1271.6096404146458,0.9173117739339068,1269
7152,1271.6096404146458,0.9173117739339068,1269
7153,1271.6096404146458,0.9173117739339068,1269
7154,1271.6096404146458,0.9173117739339068,1269
7155,1271.6096404146458,0.9173117739339068,1269
7156,1271.6096404146458,0.9173117739339068,1269
7157,1271.6096404146458,0.9173117739339068,1269
7158,1271.6096404146458,0.9173117739339068,1269
7159,1271.6096404146458,0.9173117739339068,1269
7160,1271.6096404146458,0.9173117739339068,1269
7161,1271.6096404146458,0.9173117739339068,1269
7162,1271.6096404146458,0.9173117739339068,1269
7163,1271.6096404146458,0.9173117739339068,1269
7164,1271.6096404146458,0.9173117739339068,1269
7165,1271.6096404146458,0.9173117739339068,1269
7166,1271.6096404146458,0.9173117739339068,1269
7167,1271.6096404146458,0.9173117739339068,1269
7168,1271.6096404146458,0.9173117739339068,1269
7169,1271.6096404146458,0.9173117739339068,1269
7170,1271.6096404146458,0.9173117739339068,1269
7171,1271.6096404146458,0.9173117739339068,1269
7172,1271.6096404146458,0.9173117739339068,1269
7173,1271.6096404146458,0.9173117739339068,1269
7174,1271.6096404146458,0.9173117739339068,1269
7175,1271.6096404146458,0.9173117739339068,1269
7176,1271.6096404146458,0.9173117739339068,1269
7177,1271.6096404146458,0.9173117739339068,1269
7178,1271.6096404146458,0.9173117739339068,1269
7179,1271.6096404146458,0.9173117739339068,1269
7180,1271.6096404146458,0.9173117739339068,1269
7181,1271.6096404146458,0.9173117739339068,1269
7182,1271.6096404146458,0.9173117739339068,1269
7183,1271.6096404146458,0.9173117739339068,1269
7184,1271.6096404146458,0.9173117739339068,1269
7185,1271.6096404146458,0.9173117739339068,1269
7186,1271.6096404146458,0.9173117739339068,1269
7187,1271.6096404146458,0.9173117739339068,1269
7188,1271.6096404146458,0.9173117739339068,1269
7189,1271.6096404146458,0.9173117739339068,1269
7190,1271.6096404146458,0.9173117739339068,1269
7191,1271.6096404146458,0.9173117739339068,1269
7192,1271.6096404146458,0.9173117739339068,1269
7193,1271.6096404146458,0.9173117739339068,1269
7194,1271.6096404146458,0.9173117739339068,1269
7195,1271.6096404146458,0.9173117739339068,1269
7196,1271.6096404146458,0.9173117739339068,1269
7197,1271.6096404146458,0.9173117739339068,1269
7198,1271.6096404146458,0.9173117739339068,1269
7199,1271.6096404146458,0.9173117739339068,1269
7200,1271.6096404146458,0.9173117739339068,1269
7201,1271.6096404146458,0.9173117739339068,1269
7202,1271.6096404146458,0.9173117739339068,1269
7203,1271.6096404146458,0.9173117739339068,1269
7204,1271.6096404146458,0.9173117739339068,1269
7205,1271.6096404146458,0.9173117739339068,1269
7206,1271.6096404146458,0.9173117739339068,1269
7207,1271.6096404146458,0.9173117739339068,1269
7208,1271.6096404146458,0.9173117739339068,1269
7209,1271.6096404146458,0.9173117739339068,1269
7210,1271.6096404146458,0.9173117739339068,1269
7211,1271.6096404146458,0.9173117739339068,1269
7212,1271.6096404146458,0.9173117739339068,1269
7213,1271.6096404146458,0.9173117739339068,1269
7214,1271.6096404146458,0.9173117739339068,1269
7215,1271.6096404146458,0.9173117739339068,1269
7216,1271.6096404146458,0.9173117739339068,1269
7217,1271.6096404146458,0.9173117739339068,1269
7218,1271.6096404146458,0.9173117739339068,1269
7219,1271.6096404146458,0.9173117739339068,1269
7220,1271.6096404146458,0.9173117739339068,1269
7221,1271.6096404146458,0.9173117739339068,1269
7222,1271.6096404146458,0.9173117739339068,1269
7223,1271.6096404146458,0.9173117739339068,1269
7224,1271.6096404146458,0.9173117739339068,1269
7225,1271.6096404146458,0.9173117739339068,1269
7226,1271.6096404146458,0.9173117739339068,1269
7227,1271.6096404146458,0.9173117739339068,1269
7228,1271.6096404146458,0.9173117739339068,1269
7229,1271.6096404146458,0.9173117739339068,1269
7230,1271.6096404146458,0.9173117739339068,1269
7231,1271.6096404146458,0.9173117739339068,1269
7232,1271.6096404146458,0.9173117739339068,1269
7233,1271.6096404146458,0.9173117739339068,1269
7234,1271.6096404146458,0.9173117739339068,1269
7235,1271.6096404146458,0.9173117739339068,1269
7236,1271.6096404146458,0.9173117739339068,1269
7237,1271.6096404146458,0.9173117739339068,1269
7238,1271.6096404146458,0.9173117739339068,1269
7239,1271.6096404146458,0.9173117739339068,1269
7240,1271.6096404146458,0.9173117739339068,1269
7241,1271.6096404146458,0.9173117739339068,1269
7242,1271.6096404146458,0.9173117739339068,1269
7243,1271.6096404146458,0.9173117739339068,1269
7244,1271.6096404146458,0.9173117739339068,1269
7245,1271.6096404146458,0.9173117739339068,1269
7246,1271.6096404146458,0.9173117739339068,1269
7247,1271.6096404146458,0.9173117739339068,1269
7248,1271.6096404146458,0.9173117739339068,1269
7249,1271.6096404146458,0.9173117739339068,1269
7250,1271.6096404146458,0.9173117739339068,1269
7251,1271.6096404146458,0.9173117739339068,1269
7252,1271.6096404146458,0.9173117739339068,1269
7253,1271.6096404146458,0.9173117739339068,1269
7254,1271.6096404146458,0.9173117739339068,1269
7255,1271.6096404146458,0.9173117739339068,1269
7256,1271.6096404146458,0.9173117739339068,1269
7257,1271.6096404146458,0.9173117739339068,1269
7258,1271.6096404146458,0.9173117739339068,1269
7259,1271.6096404146458,0.9173117739339068,1269
7260,1271.6096404146458,0.9173117739339068,1269
7261,1271.6096404146458,0.9173117739339068,1269
7262,1271.6096404146458,0.9173117739339068,1269
7263,1271.6096404146458,0.9173117739339068,1269
7264,1271.6096404146458,0.9173117739339068,1269
7265,1271.6096404146458,0.9173117739339068,1269
7266,1271.6096404146458,0.9173117739339068,1269
7267,1271.6096404146458,0.9173117739339068,1269
7268,1271.6096404146458,0.9173117739339068,1269
7269,1271.6096404146458,0.9173117739339068,1269
7270,1271.6096404146458,0.9173117739339068,1269
7271,1271.6096404146458,0.9173117739339068,1269
7272,1271.6096404146458,0.9173117739339068,1269
7273,1271.6096404146458,0.9173117739339068,1269
7274,1271.6096404146458,0.9173117739339068,1269
7275,1271.6096404146458,0.9173117739339068,1269
7276,1271.6096404146458,0.9173117739339068,1269
7277,1271.6096404146458,0.9173117739339068,1269
7278,1271.6096404146458,0.9173117739339068,1269
7279,1271.6096404146458,0.9173117739339068,1269
7280,1271.6096404146458,0.9173117739339068,1269
7281,1271.6096404146458,0.9173117739339068,1269
7282,1271.6096404146458,0.9173117739339068,1269
7283,1271.6096404146458,0.9173117739339068,1269
7284,1271.6096404146458,0.9173117739339068,1269
7285,1271.6096404146458,0.9173117739339068,1269
7286,1271.6096404146458,0.9173117739339068,1269
7287,1271.6096404146458,0.9173117739339068,1269
7288,1271.6096404146458,0.9173117739339068,1269
7289,1271.6096404146458,0.9173117739339068,1269
7290,1271.6096404146458,0.9173117739339068,1269
7291,1271.6096404146458,0.9173117739339068,1269
7292,1271.6096404146458,0.9173117739339068,1269
7293,1271.6096404146458,0.9173117739339068,1269
7294,1271.6096404146458,0.9173117739339068,1269
7295,1271.6096404146458,0.9173117739339068,1269
7296,1271.6096404146458,0.9173117739339068,1269
7297,1271.6096404146458,0.9173117739339068,1269
7298,1271.6096404146458,0.9173117739339068,1269
7299,1271.6096404146458,0.9173117739339068,1269
7300,1271.6096404146458,0.9173117739339068,1269
7301,1271.6096404146458,0.9173117739339068,1269
7302,1271.6096404146458,0.9173117739339068,1269
7303,1271.6096404146458,0.9173117739339068,1269
7304,1271.6096404146458,0.9173117739339068,1269
7305,1271.6096404146458,0.9173117739339068,1269
7306,1271.6096404146458,0.9173117739339068,1269
7307,1271.6096404146458,0.9173117739339068,1269
7308,1271.6096404146458,0.9173117739339068,1269
7309,1271.6096404146458,0.9173117739339068,1269
7310,1271.6096404146458,0.9173117739339068,1269
7311,1271.6096404146458,0.9173117739339068,1269
7312,1271.6096404146458,0.9173117739339068,1269
7313,1271.6096404146458,0.9173117739339068,1269
7314,1271.6096404146458,0.9173117739339068,1269
7315,1271.6096404146458,0.9173117739339068,1269
7316,1271.6096404146458,0.9173117739339068,1269
7317,1271.6096404146458,0.9173117739339068,1269
7318,1271.6096404146458,0.9173117739339068,1269
7319,1271.6096404146458,0.9173117739339068,1269
7320,1271.6096404146458,0.9173117739339068,1269
7321,1271.6096404146458,0.9173117739339068,1269
7322,1271.6096404146458,0.9173117739339068,1269
7323,1271.6096404146458,0.9173117739339068,1269
7324,1271.6096404146458,0.9173117739339068,1269
7325,1271.6096404146458,0.9173117739339068,1269
7326,1271.6096404146458,0.9173117739339068,1269
7327,1271.6096404146458,0.9173117739339068,1269
7328,1271.6096404146458,0.9173117739339068,1269
7329,1271.6096404146458,0.9173117739339068,1269
7330,1271.6096404146458,0.9173117739339068,1269
7331,1271.6096404146458,0.9173117739339068,1269
7332,1271.6096404146458,0.9173117739339068,1269
7333,1271.6096404146458,0.9173117739339068,1269
7334,1271.6096404146458,0.9173117739339068,1269
7335,1271.6096404146458,0.9173117739339068,1269
7336,1271.6096404146458,0.9173117739339068,1269
7337,1271.6096404146458,0.9173117739339068,1269
7338,1271.6096404146458,0.9173117739339068,1269
7339,1271.6096404146458,0.9173117739339068,1269
7340,1271.6096404146458,0.9173117739339068,1269
7341,1271.6096404146458,0.9173117739339068,1269
7342,1271.6096404146458,0.9173117739339068,1269
7343,1271.6096404146458,0.9173117739339068,1269
7344,1271.6096404146458,0.9173117739339068,1269
7345,1271.6096404146458,0.9173117739339068,1269
7346,1271.6096404146458,0.9173117739339068,1269
7347,1271.6096404146458,0.9173117739339068,1269
7348,1271.6096404146458,0.9173117739339068,1269
7349,1271.6096404146458,0.9173117739339068,1269
7350,1271.6096404146458,0.9173117739339068,1269
7351,1271.6096404146458,0.9173117739339068,1269
7352,1271.6096404146458,0.9173117739339068,1269
7353,1271.6096404146458,0.9173117739339068,1269
7354,1271.6096404146458,0.9173117739339068,1269
7355,1271.6096404146458,0.9173117739339068,1269
7356,1271.6096404146458,0.9173117739339068,1269
7357,1271.6096404146458,0.9173117739339068,1269
7358,1271.6096404146458,0.9173117739339068,1269
7359,1271.6096404146458,0.9173117739339068,1269
7360,1271.6096404146458,0.9173117739339068,1269
7361,1271.6096404146458,0.9173117739339068,1269
7362,1271.6096404146458,0.9173117739339068,1269
7363,1271.6096404146458,0.9173117739339068,1269
7364,1271.6096404146458,0.9173117739339068,1269
7365,1271.6096404146458,0.9173117739339068,1269
7366,1271.6096404146458,0.9173117739339068,1269
7367,1271.6096404146458,0.9173117739339068,1269
7368,1271.6096404146458,0.9173117739339068,1269
7369,1271.6096404146458,0.9173117739339068,1269
7370,1271.6096404146458,0.9173117739339068,1269
7371,1271.6096404146458,0.9173117739339068,1269
7372,1271.6096404146458,0.9173117739339068,1269
7373,1271.6096404146458,0.9173117739339068,1269
7374,1271.6096404146458,0.9173117739339068,1269
7375,1271.6096404146458,0.9173117739339068,1269
7376,1271.6096404146458,0.9173117739339068,1269
7377,1271.6096404146458,0.9173117739339068,1269
7378,1271.6096404146458,0.9173117739339068,1269
7379,1271.6096404146458,0.9173117739339068,1269
7380,1271.6096404146458,0.9173117739339068,1269
7381,1271.6096404146458,0.9173117739339068,1269
7382,1271.6096404146458,0.9173117739339068,1269
7383,1271.6096404146458,0.9173117739339068,1269
7384,1271.6096404146458,0.9173117739339068,1269
7385,1271.6096404146458,0.9173117739339068,1269
7386,1271.6096404146458,0.9173117739339068,1269
7387,1271.6096404146458,0.9173117739339068,1269
7388,1271.6096404146458,0.9173117739339068,1269
7389,1271.6096404146458,0.9173117739339068,1269
7390,1271.6096404146458,0.9173117739339068,1269
7391,1271.6096404146458,0.9173117739339068,1269
7392,1271.6096404146458,0.9173117739339068,1269
7393,1271.6096404146458,0.9173117739339068,1269
7394,1271.6096404146458,0.9173117739339068,1269
7395,1271.6096404146458,0.9173117739339068,1269
7396,1271.6096404146458,0.9173117739339068,1269
7397,1271.6096404146458,0.9173117739339068,1269
7398,1271.6096404146458,0.9173117739339068,1269
7399,1271.6096404146458,0.9173117739339068,1269
7400,1271.6096404146458,0.9173117739339068,1269
7401,1271.6096404146458,0.9173117739339068,1269
7402,1271.6096404146458,0.9173117739339068,1269
7403,1271.6096404146458,0.9173117739339068,1269
7404,1271.6096404146458,0.9173117739339068,1269
7405,1271.6096404146458,0.9173117739339068,1269
7406,1271.6096404146458,0.9173117739339068,1269
7407,1271.6096404146458,0.9173117739339068,1269
7408,1271.6096404146458,0.9173117739339068,1269
7409,1271.6096404146458,0.9173117739339068,1269
7410,1271.6096404146458,0.9173117739339068,1269
7411,1271.6096404146458,0.9173117739339068,1269
7412,1271.6096404146458,0.9173117739339068,1269
7413,1271.6096404146458,0.9173117739339068,1269
7414,1271.6096404146458,0.9173117739339068,1269
7415,1271.6096404146458,0.9173117739339068,1269
7416,1271.6096404146458,0.9173117739339068,1269
7417,1271.6096404146458,0.9173117739339068,1269
7418,1271.6096404146458,0.9173117739339068,1269
7419,1271.6096404146458,0.9173117739339068,1269
7420,1271.6096404146458,0.9173117739339068,1269
7421,1271.6096404146458,0.9173117739339068,1269
7422,1271.6096404146458,0.9173117739339068,1269
7423,1271.6096404146458,0.9173117739339068,1269
7424,1271.6096404146458,0.9173117739339068,1269
7425,1271.6096404146458,0.9173117739339068,1269
7426,1271.6096404146458,0.9173117739339068,1269
7427,1271.6096404146458,0.9173117739339068,1269
7428,1271.6096404146458,0.9173117739339068,1269
7429,1271.6096404146458,0.9173117739339068,1269
7430,1271.6096404146458,0.9173117739339068,1269
7431,1271.6096404146458,0.9173117739339068,1269
7432,1271.6096404146458,0.9173117739339068,1269
7433,1271.6096404146458,0.9173117739339068,1269
7434,1271.6096404146458,0.9173117739339068,1269
7435,1271.6096404146458,0.9173117739339068,1269
7436,1271.6096404146458,0.9173117739339068,1269
7437,1271.6096404146458,0.9173117739339068,1269
7438,1271.6096404146458,0.9173117739339068,1269
7439,1271.6096404146458,0.9173117739339068,1269
7440,1271.6096404146458,0.9173117739339068,1269
7441,1271.6096404146458,0.9173117739339068,1269
7442,1271.6096404146458,0.9173117739339068,1269
7443,1271.6096404146458,0.9173117739339068,1269
7444,1271.6096404146458,0.9173117739339068,1269
7445,1271.6096404146458,0.9173117739339068,1269
7446,1271.6096404146458,0.9173117739339068,1269
7447,1271.6096404146458,0.9173117739339068,1269
7448,1271.6096404146458,0.9173117739339068,1269
7449,1271.6096404146458,0.9173117739339068,1269
7450,1271.6096404146458,0.9173117739339068,1269
7451,1271.6096404146458,0.9173117739339068,1269
7452,1271.6096404146458,0.9173117739339068,1269
7453,1271.6096404146458,0.9173117739339068,1269
7454,1271.6096404146458,0.9173117739339068,1269
7455,1271.6096404146458,0.9173117739339068,1269
7456,1271.6096404146458,0.9173117739339068,1269
7457,1271.6096404146458,0.9173117739339068,1269
7458,1271.6096404146458,0.9173117739339068,1269
7459,1271.6096404146458,0.9173117739339068,1269
7460,1271.6096404146458,0.9173117739339068,1269
7461,1271.6096404146458,0.9173117739339068,1269
7462,1271.6096404146458,0.9173117739339068,1269
7463,1271.6096404146458,0.9173117739339068,1269
7464,1271.6096404146458,0.9173117739339068,1269
7465,1271.6096404146458,0.9173117739339068,1269
7466,1271.6096404146458,0.9173117739339068,1269
7467,1271.6096404146458,0.9173117739339068,1269
7468,1271.6096404146458,0.9173117739339068,1269
7469,1271.6096404146458,0.9173117739339068,1269
7470,1271.6096404146458,0.9173117739339068,1269
7471,1271.6096404146458,0.9173117739339068,1269
7472,1271.6096404146458,0.9173117739339068,1269
7473,1271.6096404146458,0.9173117739339068,1269
7474,1271.6096404146458,0.9173117739339068,1269
7475,1271.6096404146458,0.9173117739339068,1269
7476,1271.6096404146458,0.9173117739339068,1269
7477,1271.6096404146458,0.9173117739339068,1269
7478,1271.6096404146458,0.9173117739339068,1269
7479,1271.6096404146458,0.9173117739339068,1269
7480,1271.6096404146458,0.9173117739339068,1269
7481,1271.6096404146458,0.9173117739339068,1269
7482,1271.6096404146458,0.9173117739339068,1269
7483,1271.6096404146458,0.9173117739339068,1269
7484,1271.6096404146458,0.9173117739339068,1269
7485,1271.6096404146458,0.9173117739339068,1269
7486,1271.6096404146458,0.9173117739339068,1269
7487,1271.6096404146458,0.9173117739339068,1269
7488,1271.6096404146458,0.9173117739339068,1269
7489,1271.6096404146458,0.9173117739339068,1269
7490,1271.6096404146458,0.9173117739339068,1269
7491,1271.6096404146458,0.9173117739339068,1269
7492,1271.6096404146458,0.9173117739339068,1269
7493,1271.6096404146458,0.9173117739339068,1269
7494,1271.6096404146458,0.9173117739339068,1269
7495,1271.6096404146458,0.9173117739339068,1269
7496,1271.6096404146458,0.9173117739339068,1269
7497,1271.6096404146458,0.9173117739339068,1269
7498,1271.6096404146458,0.9173117739339068,1269
7499,1271.6096404146458,0.9173117739339068,1269
7500,1271.6096404146458,0.9173117739339068,1269
7501,1271.6096404146458,0.9173117739339068,1269
7502,1271.6096404146458,0.9173117739339068,1269
7503,1271.6096404146458,0.9173117739339068,1269
7504,1271.6096404146458,0.9173117739339068,1269
7505,1271.6096404146458,0.9173117739339068,1269
7506,1271.6096404146458,0.9173117739339068,1269
7507,1271.6096404146458,0.9173117739339068,1269
7508,1271.6096404146458,0.9173117739339068,1269
7509,1271.6096404146458,0.9173117739339068,1269
7510,1271.6096404146458,0.9173117739339068,1269
7511,1271.6096404146458,0.9173117739339068,1269
7512,1271.6096404146458,0.9173117739339068,1269
7513,1271.6096404146458,0.9173117739339068,1269
7514,1271.6096404146458,0.9173117739339068,1269
7515,1271.6096404146458,0.9173117739339068,1269
7516,1271.6096404146458,0.9173117739339068,1269
7517,1271.6096404146458,0.9173117739339068,1269
7518,1271.6096404146458,0.9173117739339068,1269
7519,1271.6096404146458,0.9173117739339068,1269
7520,1271.6096404146458,0.9173117739339068,1269
7521,1271.6096404146458,0.9173117739339068,1269
7522,1271.6096404146458,0.9173117739339068,1269
7523,1271.6096404146458,0.9173117739339068,1269
7524,1271.6096404146458,0.9173117739339068,1269
7525,1271.6096404146458,0.9173117739339068,1269
7526,1271.6096404146458,0.9173117739339068,1269
7527,1271.6096404146458,0.9173117739339068,1269
7528,1271.6096404146458,0.9173117739339068,1269
7529,1271.6096404146458,0.9173117739339068,1269
7530,1271.6096404146458,0.9173117739339068,1269
7531,1271.6096404146458,0.9173117739339068,1269
7532,1271.6096404146458,0.9173117739339068,1269
7533,1271.6096404146458,0.9173117739339068,1269
7534,1271.6096404146458,0.9173117739339068,1269
7535,1271.6096404146458,0.9173117739339068,1269
7536,1271.6096404146458,0.9173117739339068,1269
7537,1271.6096404146458,0.9173117739339068,1269
7538,1271.6096404146458,0.9173117739339068,1269
7539,1271.6096404146458,0.9173117739339068,1269
7540,1271.6096404146458,0.9173117739339068,1269
7541,1271.6096404146458,0.9173117739339068,1269
7542,1271.6096404146458,0.9173117739339068,1269
7543,1271.6096404146458,0.9173117739339068,1269
7544,1271.6096404146458,0.9173117739339068,1269
7545,1271.6096404146458,0.9173117739339068,1269
7546,1271.6096404146458,0.9173117739339068,1269
7547,1271.6096404146458,0.9173117739339068,1269
7548,1271.6096404146458,0.9173117739339068,1269
7549,1271.6096404146458,0.9173117739339068,1269
7550,1271.6096404146458,0.9173117739339068,1269
7551,1271.6096404146458,0.9173117739339068,1269
7552,1271.6096404146458,0.9173117739339068,1269
7553,1271.6096404146458,0.9173117739339068,1269
7554,1271.6096404146458,0.9173117739339068,1269
7555,1271.6096404146458,0.9173117739339068,1269
7556,1271.6096404146458,0.9173117739339068,1269
7557,1271.6096404146458,0.9173117739339068,1269
7558,1271.6096404146458,0.9173117739339068,1269
7559,1271.6096404146458,0.9173117739339068,1269
7560,1271.6096404146458,0.9173117739339068,1269
7561,1271.6096404146458,0.9173117739339068,1269
7562,1271.6096404146458,0.9173117739339068,1269
7563,1271.6096404146458,0.9173117739339068,1269
7564,1271.6096404146458,0.9173117739339068,1269
7565,1271.6096404146458,0.9173117739339068,1269
7566,1271.6096404146458,0.9173117739339068,1269
7567,1271.6096404146458,0.9173117739339068,1269
7568,1271.6096404146458,0.9173117739339068,1269
7569,1271.6096404146458,0.9173117739339068,1269
7570,1271.6096404146458,0.9173117739339068,1269
7571,1271.6096404146458,0.9173117739339068,1269
7572,1271.6096404146458,0.9173117739339068,1269
7573,1271.6096404146458,0.9173117739339068,1269
7574,1271.6096404146458,0.9173117739339068,1269
7575,1271.6096404146458,0.9173117739339068,1269
7576,1271.6096404146458,0.9173117739339068,1269
7577,1271.6096404146458,0.9173117739339068,1269
7578,1271.6096404146458,0.9173117739339068,1269
7579,1271.6096404146458,0.9173117739339068,1269
7580,1271.6096404146458,0.9173117739339068,1269
7581,1271.6096404146458,0.9173117739339068,1269
7582,1271.6096404146458,0.9173117739339068,1269
7583,1271.6096404146458,0.9173117739339068,1269
7584,1271.6096404146458,0.9173117739339068,1269
7585,1271.6096404146458,0.9173117739339068,1269
7586,1271.6096404146458,0.9173117739339068,1269
7587,1271.6096404146458,0.9173117739339068,1269
7588,1271.6096404146458,0.9173117739339068,1269
7589,1271.6096404146458,0.9173117739339068,1269
7590,1271.6096404146458,0.9173117739339068,1269
7591,1271.6096404146458,0.9173117739339068,1269
7592,1271.6096404146458,0.9173117739339068,1269
7593,1271.6096404146458,0.9173117739339068,1269
7594,1271.6096404146458,0.9173117739339068,1269
7595,1271.6096404146458,0.9173117739339068,1269
7596,1271.6096404146458,0.9173117739339068,1269
7597,1271.6096404146458,0.9173117739339068,1269
7598,1271.6096404146458,0.9173117739339068,1269
7599,1271.6096404146458,0.9173117739339068,1269
7600,1271.6096404146458,0.9173117739339068,1269
7601,1271.6096404146458,0.9173117739339068,1269
7602,1271.6096404146458,0.9173117739339068,1269
7603,1271.6096404146458,0.9173117739339068,1269
7604,1271.6096404146458,0.9173117739339068,1269
7605,1271.6096404146458,0.9173117739339068,1269
7606,1271.6096404146458,0.9173117739339068,1269
7607,1271.6096404146458,0.9173117739339068,1269
7608,1271.6096404146458,0.9173117739339068,1269
7609,1271.6096404146458,0.9173117739339068,1269
7610,1271.6096404146458,0.9173117739339068,1269
7611,1271.6096404146458,0.9173117739339068,1269
7612,1271.6096404146458,0.9173117739339068,1269
7613,1271.6096404146458,0.9173117739339068,1269
7614,1271.6096404146458,0.9173117739339068,1269
7615,1271.6096404146458,0.9173117739339068,1269
7616,1271.6096404146458,0.9173117739339068,1269
7617,1271.6096404146458,0.9173117739339068,1269
7618,1271.6096404146458,0.9173117739339068,1269
7619,1271.6096404146458,0.9173117739339068,1269
7620,1271.6096404146458,0.9173117739339068,1269
7621,1271.6096404146458,0.9173117739339068,1269
7622,1271.6096404146458,0.9173117739339068,1269
7623,1271.6096404146458,0.9173117739339068,1269
7624,1271.6096404146458,0.9173117739339068,1269
7625,1271.6096404146458,0.9173117739339068,1269
7626,1271.6096404146458,0.9173117739339068,1269
7627,1271.6096404146458,0.9173117739339068,1269
7628,1271.6096404146458,0.9173117739339068,1269
7629,1271.6096404146458,0.9173117739339068,1269
7630,1271.6096404146458,0.9173117739339068,1269
7631,1271.6096404146458,0.9173117739339068,1269
7632,1271.6096404146458,0.9173117739339068,1269
7633,1271.6096404146458,0.9173117739339068,1269
7634,1271.6096404146458,0.9173117739339068,1269
7635,1271.6096404146458,0.9173117739339068,1269
7636,1271.6096404146458,0.9173117739339068,1269
7637,1271.6096404146458,0.9173117739339068,1269
7638,1271.6096404146458,0.9173117739339068,1269
7639,1271.6096404146458,0.9173117739339068,1269
7640,1271.6096404146458,0.9173117739339068,1269
7641,1271.6096404146458,0.9173117739339068,1269
7642,1271.6096404146458,0.9173117739339068,1269
7643,1271.6096404146458,0.9173117739339068,1269
7644,1271.6096404146458,0.9173117739339068,1269
7645,1271.6096404146458,0.9173117739339068,1269
7646,1271.6096404146458,0.9173117739339068,1269
7647,1271.6096404146458,0.9173117739339068,1269
7648,1271.6096404146458,0.9173117739339068,1269
7649,1271.6096404146458,0.9173117739339068,1269
7650,1271.6096404146458,0.9173117739339068,1269
7651,1271.6096404146458,0.9173117739339068,1269
7652,1271.6096404146458,0.9173117739339068,1269
7653,1271.6096404146458,0.9173117739339068,1269
7654,1271.6096404146458,0.9173117739339068,1269
7655,1271.6096404146458,0.9173117739339068,1269
7656,1271.6096404146458,0.9173117739339068,1269
7657,1271.6096404146458,0.9173117739339068,1269
7658,1271.6096404146458,0.9173117739339068,1269
7659,1273.5770884813783,0.9183432040120927,1271
7660,1273.5770884813783,0.9183432040120927,1271
7661,1273.5770884813783,0.9183432040120927,1271
7662,1273.5770884813783,0.9183432040120927,1271
7663,1273.5770884813783,0.9183432040120927,1271
7664,1273.5770884813783,0.9183432040120927,1271
7665,1273.5770884813783,0.9183432040120927,1271
7666,1273.5770884813783,0.9183432040120927,1271
7667,1273.5770884813783,0.9183432040120927,1271
7668,1273.5770884813783,0.9183432040120927,1271
7669,1273.5770884813783,0.9183432040120927,1271
7670,1273.5770884813783,0.9183432040120927,1271
7671,1273.5770884813783,0.9183432040120927,1271
7672,1273.5770884813783,0.9183432040120927,1271
7673,1273.5770884813783,0.9183432040120927,1271
7674,1273.5770884813783,0.9183432040120927,1271
7675,1273.5770884813783,0.9183432040120927,1271
7676,1273.5770884813783,0.9183432040120927,1271
7677,1273.5770884813783,0.9183432040120927,1271
7678,1273.5770884813783,0.9183432040120927,1271
7679,1273.5770884813783,0.9183432040120927,1271
7680,1273.5770884813783,0.9183432040120927,1271
7681,1273.5770884813783,0.9183432040120927,1271
7682,1273.5770884813783,0.9183432040120927,1271
7683,1273.5770884813783,0.9183432040120927,1271
7684,1273.5770884813783,0.9183432040120927,1271
7685,1273.5770884813783,0.9183432040120927,1271
7686,1273.5770884813783,0.9183432040120927,1271
7687,1273.5770884813783,0.9183432040120927,1271
7688,1273.5770884813783,0.9183432040120927,1271
7689,1273.5770884813783,0.9183432040120927,1271
7690,1273.5770884813783,0.9183432040120927,1271
7691,1273.5770884813783,0.9183432040120927,1271
7692,1273.5770884813783,0.9183432040120927,1271
7693,1273.5770884813783,0.9183432040120927,1271
7694,1273.5770884813783,0.9183432040120927,1271
7695,1273.5770884813783,0.9183432040120927,1271
7696,1273.5770884813783,0.9183432040120927,1271
7697,1273.5770884813783,0.9183432040120927,1271
7698,1273.5770884813783,0.9183432040120927,1271
7699,1273.5770884813783,0.9183432040120927,1271
7700,1273.5770884813783,0.9183432040120927,1271
7701,1273.5770884813783,0.9183432040120927,1271
7702,1273.5770884813783,0.9183432040120927,1271
7703,1271.6096404146458,0.9173117739339068,1269
7704,1271.6096404146458,0.9173117739339068,1269
7705,1271.6096404146458,0.9173117739339068,1269
7706,1271.6096404146458,0.9173117739339068,1269
7707,1271.6096404146458,0.9173117739339068,1269
7708,1271.6096404146458,0.9173117739339068,1269
7709,1271.6096404146458,0.9173117739339068,1269
7710,1271.6096404146458,0.9173117739339068,1269
7711,1271.6096404146458,0.9173117739339068,1269
7712,1271.6096404146458,0.9173117739339068,1269
7713,1271.6096404146458,0.9173117739339068,1269
7714,1271.6096404146458,0.9173117739339068,1269
7715,1271.6096404146458,0.9173117739339068,1269
7716,1271.6096404146458,0.9173117739339068,1269
7717,1271.6096404146458,0.9173117739339068,1269
7718,1271.6096404146458,0.9173117739339068,1269
7719,1271.6096404146458,0.9173117739339068,1269
7720,1271.6096404146458,0.9173117739339068,1269
7721,1271.6096404146458,0.9173117739339068,1269
7722,1271.6096404146458,0.9173117739339068,1269
7723,1271.6096404146458,0.9173117739339068,1269
7724,1271.6096404146458,0.9173117739339068,1269
7725,1271.6096404146458,0.9173117739339068,1269
7726,1271.6096404146458,0.9173117739339068,1269
7727,1271.6096404146458,0.9173117739339068,1269
7728,1271.6096404146458,0.9173117739339068,1269
7729,1271.6096404146458,0.9173117739339068,1269
7730,1271.6096404146458,0.9173117739339068,1269
7731,1271.6096404146458,0.9173117739339068,1269
7732,1271.6096404146458,0.9173117739339068,1269
7733,1271.6096404146458,0.9173117739339068,1269
7734,1271.6096404146458,0.9173117739339068,1269
7735,1271.6096404146458,0.9173117739339068,1269
7736,1271.6096404146458,0.9173117739339068,1269
7737,1271.6096404146458,0.9173117739339068,1269
7738,1271.6096404146458,0.9173117739339068,1269
7739,1271.6096404146458,0.9173117739339068,1269
7740,1271.6096404146458,0.9173117739339068,1269
7741,1271.6096404146458,0.9173117739339068,1269
7742,1271.6096404146458,0.9173117739339068,1269
7743,1271.6096404146458,0.9173117739339068,1269
7744,1271.6096404146458,0.9173117739339068,1269
7745,1271.6096404146458,0.9173117739339068,1269
7746,1271.6096404146458,0.9173117739339068,1269
7747,1271.6096404146458,0.9173117739339068,1269
7748,1271.6096404146458,0.9173117739339068,1269
7749,1271.6096404146458,0.9173117739339068,1269
7750,1271.6096404146458,0.9173117739339068,1269
7751,1271.6096404146458,0.9173117739339068,1269
7752,1271.6096404146458,0.9173117739339068,1269
7753,1271.6096404146458,0.9173117739339068,1269
7754,1271.6096404146458,0.9173117739339068,1269
7755,1271.6096404146458,0.9173117739339068,1269
7756,1271.6096404146458,0.9173117739339068,1269
7757,1271.6096404146458,0.9173117739339068,1269
7758,1271.6096404146458,0.9173117739339068,1269
7759,1271.6096404146458,0.9173117739339068,1269
7760,1271.6096404146458,0.9173117739339068,1269
7761,1271.6096404146458,0.9173117739339068,1269
7762,1271.6096404146458,0.9173117739339068,1269
7763,1271.6096404146458,0.9173117739339068,1269
7764,1271.6096404146458,0.9173117739339068,1269
7765,1271.6096404146458,0.9173117739339068,1269
7766,1271.6096404146458,0.9173117739339068,1269
7767,1271.6096404146458,0.9173117739339068,1269
7768,1271.6096404146458,0.9173117739339068,1269
7769,1271.6096404146458,0.9173117739339068,1269
7770,1271.6096404146458,0.9173117739339068,1269
7771,1271.6096404146458,0.9173117739339068,1269
7772,1271.6096404146458,0.9173117739339068,1269
7773,1271.6096404146458,0.9173117739339068,1269
7774,1271.6096404146458,0.9173117739339068,1269
7775,1271.6096404146458,0.9173117739339068,1269
7776,1271.6096404146458,0.9173117739339068,1269
7777,1271.6096404146458,0.9173117739339068,1269
7778,1271.6096404146458,0.9173117739339068,1269
7779,1271.6096404146458,0.9173117739339068,1269
7780,1271.6096404146458,0.9173117739339068,1269
7781,1271.6096404146458,0.9173117739339068,1269
7782,1271.6096404146458,0.9173117739339068,1269
7783,1271.6096404146458,0.9173117739339068,1269
7784,1271.6096404146458,0.9173117739339068,1269
7785,1271.6096404146458,0.9173117739339068,1269
7786,1271.6096404146458,0.9173117739339068,1269
7787,1271.6096404146458,0.9173117739339068,1269
7788,1271.6096404146458,0.9173117739339068,1269
7789,1271.6096404146458,0.9173117739339068,1269
7790,1271.6096404146458,0.9173117739339068,1269
7791,1271.6096404146458,0.9173117739339068,1269
7792,1271.6096404146458,0.9173117739339068,1269
7793,1271.6096404146458,0.9173117739339068,1269
7794,1271.6096404146458,0.9173117739339068,1269
7795,1271.6096404146458,0.9173117739339068,1269
7796,1271.6096404146458,0.9173117739339068,1269
7797,1271.6096404146458,0.9173117739339068,1269
7798,1271.6096404146458,0.9173117739339068,1269
7799,1271.6096404146458,0.9173117739339068,1269
7800,1271.6096404146458,0.9173117739339068,1269
7801,1271.6096404146458,0.9173117739339068,1269
7802,1271.6096404146458,0.9173117739339068,1269
7803,1271.6096404146458,0.9173117739339068,1269
7804,1271.6096404146458,0.9173117739339068,1269
7805,1271.6096404146458,0.9173117739339068,1269
7806,1271.6096404146458,0.9173117739339068,1269
7807,1271.6096404146458,0.9173117739339068,1269
7808,1271.6096404146458,0.9173117739339068,1269
7809,1271.6096404146458,0.9173117739339068,1269
7810,1271.6096404146458,0.9173117739339068,1269
7811,1271.6096404146458,0.9173117739339068,1269
7812,1271.6096404146458,0.9173117739339068,1269
7813,1271.6096404146458,0.9173117739339068,1269
7814,1271.6096404146458,0.9173117739339068,1269
7815,1271.6096404146458,0.9173117739339068,1269
7816,1271.6096404146458,0.9173117739339068,1269
7817,1271.6096404146458,0.9173117739339068,1269
7818,1271.6096404146458,0.9173117739339068,1269
7819,1271.6096404146458,0.9173117739339068,1269
7820,1271.6096404146458,0.9173117739339068,1269
7821,1271.6096404146458,0.9173117739339068,1269
7822,1271.6096404146458,0.9173117739339068,1269
7823,1271.6096404146458,0.9173117739339068,1269
7824,1271.6096404146458,0.9173117739339068,1269
7825,1271.6096404146458,0.9173117739339068,1269
7826,1271.6096404146458,0.9173117739339068,1269
7827,1271.6096404146458,0.9173117739339068,1269
7828,1271.6096404146458,0.9173117739339068,1269
7829,1271.6096404146458,0.9173117739339068,1269
7830,1271.6096404146458,0.9173117739339068,1269
7831,1271.6096404146458,0.9173117739339068,1269
7832,1271.6096404146458,0.9173117739339068,1269
7833,1271.6096404146458,0.9173117739339068,1269
7834,1271.6096404146458,0.9173117739339068,1269
7835,1271.6096404146458,0.9173117739339068,1269
7836,1271.6096404146458,0.9173117739339068,1269
7837,1271.6096404146458,0.9173117739339068,1269
7838,1271.6096404146458,0.9173117739339068,1269
7839,1271.6096404146458,0.9173117739339068,1269
7840,1271.6096404146458,0.9173117739339068,1269
7841,1271.6096404146458,0.9173117739339068,1269
7842,1271.6096404146458,0.9173117739339068,1269
7843,1271.6096404146458,0.9173117739339068,1269
7844,1271.6096404146458,0.9173117739339068,1269
7845,1271.6096404146458,0.9173117739339068,1269
7846,1271.6096404146458,0.9173117739339068,1269
7847,1271.6096404146458,0.9173117739339068,1269
7848,1271.6096404146458,0.9173117739339068,1269
7849,1271.6096404146458,0.9173117739339068,1269
7850,1271.6096404146458,0.9173117739339068,1269
7851,1271.6096404146458,0.9173117739339068,1269
7852,1271.6096404146458,0.9173117739339068,1269
7853,1271.6096404146458,0.9173117739339068,1269
7854,1271.6096404146458,0.9173117739339068,1269
7855,1271.6096404146458,0.9173117739339068,1269
7856,1271.6096404146458,0.9173117739339068,1269
7857,1271.6096404146458,0.9173117739339068,1269
7858,1271.6096404146458,0.9173117739339068,1269
7859,1271.6096404146458,0.9173117739339068,1269
7860,1271.6096404146458,0.9173117739339068,1269
7861,1271.6096404146458,0.9173117739339068,1269
7862,1271.6096404146458,0.9173117739339068,1269
7863,1271.6096404146458,0.9173117739339068,1269
7864,1271.6096404146458,0.9173117739339068,1269
7865,1271.6096404146458,0.9173117739339068,1269
7866,1271.6096404146458,0.9173117739339068,1269
7867,1271.6096404146458,0.9173117739339068,1269
7868,1271.6096404146458,0.9173117739339068,1269
7869,1271.6096404146458,0.9173117739339068,1269
7870,1271.6096404146458,0.9173117739339068,1269
7871,1271.6096404146458,0.9173117739339068,1269
7872,1271.6096404146458,0.9173117739339068,1269
7873,1271.6096404146458,0.9173117739339068,1269
7874,1271.6096404146458,0.9173117739339068,1269
7875,1271.6096404146458,0.9173117739339068,1269
7876,1271.6096404146458,0.9173117739339068,1269
7877,1271.6096404146458,0.9173117739339068,1269
7878,1271.6096404146458,0.9173117739339068,1269
7879,1271.6096404146458,0.9173117739339068,1269
7880,1271.6096404146458,0.9173117739339068,1269
7881,1271.6096404146458,0.9173117739339068,1269
7882,1271.6096404146458,0.9173117739339068,1269
7883,1271.6096404146458,0.9173117739339068,1269
7884,1271.6096404146458,0.9173117739339068,1269
7885,1271.6096404146458,0.9173117739339068,1269
7886,1271.6096404146458,0.9173117739339068,1269
7887,1271.6096404146458,0.9173117739339068,1269
7888,1271.6096404146458,0.9173117739339068,1269
7889,1271.6096404146458,0.9173117739339068,1269
7890,1271.6096404146458,0.9173117739339068,1269
7891,1271.6096404146458,0.9173117739339068,1269
7892,1271.6096404146458,0.9173117739339068,1269
7893,1271.6096404146458,0.9173117739339068,1269
7894,1271.6096404146458,0.9173117739339068,1269
7895,1271.6096404146458,0.9173117739339068,1269
7896,1271.6096404146458,0.9173117739339068,1269
7897,1271.6096404146458,0.9173117739339068,1269
7898,1271.6096404146458,0.9173117739339068,1269
7899,1271.6096404146458,0.9173117739339068,1269
7900,1271.6096404146458,0.9173117739339068,1269
7901,1271.6096404146458,0.9173117739339068,1269
7902,1271.6096404146458,0.9173117739339068,1269
7903,1271.6096404146458,0.9173117739339068,1269
7904,1271.6096404146458,0.9173117739339068,1269
7905,1271.6096404146458,0.9173117739339068,1269
7906,1271.6096404146458,0.9173117739339068,1269
7907,1271.6096404146458,0.9173117739339068,1269
7908,1271.6096404146458,0.9173117739339068,1269
7909,1271.6096404146458,0.9173117739339068,1269
7910,1271.6096404146458,0.9173117739339068,1269
7911,1271.6096404146458,0.9173117739339068,1269
7912,1271.6096404146458,0.9173117739339068,1269
7913,1271.6096404146458,0.9173117739339068,1269
7914,1271.6096404146458,0.9173117739339068,1269
7915,1271.6096404146458,0.9173117739339068,1269
7916,1271.6096404146458,0.9173117739339068,1269
7917,1271.6096404146458,0.9173117739339068,1269
7918,1271.6096404146458,0.9173117739339068,1269
7919,1271.6096404146458,0.9173117739339068,1269
7920,1271.6096404146458,0.9173117739339068,1269
7921,1271.6096404146458,0.9173117739339068,1269
7922,1271.6096404146458,0.9173117739339068,1269
7923,1271.6096404146458,0.9173117739339068,1269
7924,1271.6096404146458,0.9173117739339068,1269
7925,1271.6096404146458,0.9173117739339068,1269
7926,1271.6096404146458,0.9173117739339068,1269
7927,1271.6096404146458,0.9173117739339068,1269
7928,1271.6096404146458,0.9173117739339068,1269
7929,1271.6096404146458,0.9173117739339068,1269
7930,1271.6096404146458,0.9173117739339068,1269
7931,1271.6096404146458,0.9173117739339068,1269
7932,1271.6096404146458,0.9173117739339068,1269
7933,1271.6096404146458,0.9173117739339068,1269
7934,1271.6096404146458,0.9173117739339068,1269
7935,1271.6096404146458,0.9173117739339068,1269
7936,1271.6096404146458,0.9173117739339068,1269
7937,1271.6096404146458,0.9173117739339068,1269
7938,1271.6096404146458,0.9173117739339068,1269
7939,1271.6096404146458,0.9173117739339068,1269
7940,1271.6096404146458,0.9173117739339068,1269
7941,1271.6096404146458,0.9173117739339068,1269
7942,1271.6096404146458,0.9173117739339068,1269
7943,1271.6096404146458,0.9173117739339068,1269
7944,1271.6096404146458,0.9173117739339068,1269
7945,1271.6096404146458,0.9173117739339068,1269
7946,1271.6096404146458,0.9173117739339068,1269
7947,1271.6096404146458,0.9173117739339068,1269
7948,1271.6096404146458,0.9173117739339068,1269
7949,1271.6096404146458,0.9173117739339068,1269
7950,1271.6096404146458,0.9173117739339068,1269
7951,1271.6096404146458,0.9173117739339068,1269
7952,1271.6096404146458,0.9173117739339068,1269
7953,1271.6096404146458,0.9173117739339068,1269
7954,1271.6096404146458,0.9173117739339068,1269
7955,1271.6096404146458,0.9173117739339068,1269
7956,1271.6096404146458,0.9173117739339068,1269
7957,1271.6096404146458,0.9173117739339068,1269
7958,1271.6096404146458,0.9173117739339068,1269
7959,1271.6096404146458,0.9173117739339068,1269
7960,1271.6096404146458,0.9173117739339068,1269
7961,1271.6096404146458,0.9173117739339068,1269
7962,1271.6096404146458,0.9173117739339068,1269
7963,1271.6096404146458,0.9173117739339068,1269
7964,1271.6096404146458,0.9173117739339068,1269
7965,1271.6096404146458,0.9173117739339068,1269
7966,1271.6096404146458,0.9173117739339068,1269
7967,1271.6096404146458,0.9173117739339068,1269
7968,1271.6096404146458,0.9173117739339068,1269
7969,1271.6096404146458,0.9173117739339068,1269
7970,1271.6096404146458,0.9173117739339068,1269
7971,1271.6096404146458,0.9173117739339068,1269
7972,1271.6096404146458,0.9173117739339068,1269
7973,1271.6096404146458,0.9173117739339068,1269
7974,1271.6096404146458,0.9173117739339068,1269
7975,1271.6096404146458,0.9173117739339068,1269
7976,1271.6096404146458,0.9173117739339068,1269
7977,1271.6096404146458,0.9173117739339068,1269
7978,1271.6096404146458,0.9173117739339068,1269
7979,1271.6096404146458,0.9173117739339068,1269
7980,1271.6096404146458,0.9173117739339068,1269
7981,1271.6096404146458,0.9173117739339068,1269
7982,1271.6096404146458,0.9173117739339068,1269
7983,1271.6096404146458,0.9173117739339068,1269
7984,1271.6096404146458,0.9173117739339068,1269
7985,1271.6096404146458,0.9173117739339068,1269
7986,1271.6096404146458,0.9173117739339068,1269
7987,1271.6096404146458,0.9173117739339068,1269
7988,1271.6096404146458,0.9173117739339068,1269
7989,1271.6096404146458,0.9173117739339068,1269
7990,1271.6096404146458,0.9173117739339068,1269
7991,1271.6096404146458,0.9173117739339068,1269
7992,1271.6096404146458,0.9173117739339068,1269
7993,1271.6096404146458,0.9173117739339068,1269
7994,1271.6096404146458,0.9173117739339068,1269
7995,1271.6096404146458,0.9173117739339068,1269
7996,1271.6096404146458,0.9173117739339068,1269
7997,1271.6096404146458,0.9173117739339068,1269
7998,1271.6096404146458,0.9173117739339068,1269
7999,1271.6096404146458,0.9173117739339068,1269
8000,1271.6096404146458,0.9173117739339068,1269
8001,1271.6096404146458,0.9173117739339068,1269
8002,1271.6096404146458,0.9173117739339068,1269
8003,1271.6096404146458,0.9173117739339068,1269
8004,1271.6096404146458,0.9173117739339068,1269
8005,1271.6096404146458,0.9173117739339068,1269
8006,1271.6096404146458,0.9173117739339068,1269
8007,1271.6096404146458,0.9173117739339068,1269
8008,1271.6096404146458,0.9173117739339068,1269
8009,1271.6096404146458,0.9173117739339068,1269
8010,1271.6096404146458,0.9173117739339068,1269
8011,1271.6096404146458,0.9173117739339068,1269
8012,1271.6096404146458,0.9173117739339068,1269
8013,1271.6096404146458,0.9173117739339068,1269
8014,1271.6096404146458,0.9173117739339068,1269
8015,1271.6096404146458,0.9173117739339068,1269
8016,1271.6096404146458,0.9173117739339068,1269
8017,1271.6096404146458,0.9173117739339068,1269
8018,1271.6096404146458,0.9173117739339068,1269
8019,1271.6096404146458,0.9173117739339068,1269
8020,1271.6096404146458,0.9173117739339068,1269
8021,1271.6096404146458,0.9173117739339068,1269
8022,1271.6096404146458,0.9173117739339068,1269
8023,1271.6096404146458,0.9173117739339068,1269
8024,1271.6096404146458,0.9173117739339068,1269
8025,1271.6096404146458,0.9173117739339068,1269
8026,1271.6096404146458,0.9173117739339068,1269
8027,1271.6096404146458,0.9173117739339068,1269
8028,1271.6096404146458,0.9173117739339068,1269
8029,1271.6096404146458,0.9173117739339068,1269
8030,1271.6096404146458,0.9173117739339068,1269
8031,1271.6096404146458,0.9173117739339068,1269
8032,1271.6096404146458,0.9173117739339068,1269
8033,1271.6096404146458,0.9173117739339068,1269
8034,1271.6096404146458,0.9173117739339068,1269
8035,1271.6096404146458,0.9173117739339068,1269
8036,1271.6096404146458,0.9173117739339068,1269
8037,1271.6096404146458,0.9173117739339068,1269
8038,1271.6096404146458,0.9173117739339068,1269
8039,1271.6096404146458,0.9173117739339068,1269
8040,1271.6096404146458,0.9173117739339068,1269
8041,1271.6096404146458,0.9173117739339068,1269
8042,1271.6096404146458,0.9173117739339068,1269
8043,1271.6096404146458,0.9173117739339068,1269
8044,1271.6096404146458,0.9173117739339068,1269
8045,1271.6096404146458,0.9173117739339068,1269
8046,1271.6096404146458,0.9173117739339068,1269
8047,1271.6096404146458,0.9173117739339068,1269
8048,1271.6096404146458,0.9173117739339068,1269
8049,1271.6096404146458,0.9173117739339068,1269
8050,1271.6096404146458,0.9173117739339068,1269
8051,1271.6096404146458,0.9173117739339068,1269
8052,1271.6096404146458,0.9173117739339068,1269
8053,1271.6096404146458,0.9173117739339068,1269
8054,1271.6096404146458,0.9173117739339068,1269
8055,1271.6096404146458,0.9173117739339068,1269
8056,1271.6096404146458,0.9173117739339068,1269
8057,1271.6096404146458,0.9173117739339068,1269
8058,1271.6096404146458,0.9173117739339068,1269
8059,1271.6096404146458,0.9173117739339068,1269
8060,1271.6096404146458,0.9173117739339068,1269
8061,1271.6096404146458,0.9173117739339068,1269
8062,1271.6096404146458,0.9173117739339068,1269
8063,1271.6096404146458,0.9173117739339068,1269
8064,1271.6096404146458,0.9173117739339068,1269
8065,1271.6096404146458,0.9173117739339068,1269
8066,1271.6096404146458,0.9173117739339068,1269
8067,1271.6096404146458,0.9173117739339068,1269
8068,1271.6096404146458,0.9173117739339068,1269
8069,1271.6096404146458,0.9173117739339068,1269
8070,1271.6096404146458,0.9173117739339068,1269
8071,1271.6096404146458,0.9173117739339068,1269
8072,1271.6096404146458,0.9173117739339068,1269
8073,1271.6096404146458,0.9173117739339068,1269
8074,1271.6096404146458,0.9173117739339068,1269
8075,1271.6096404146458,0.9173117739339068,1269
8076,1271.6096404146458,0.9173117739339068,1269
8077,1271.6096404146458,0.9173117739339068,1269
8078,1271.6096404146458,0.9173117739339068,1269
8079,1271.6096404146458,0.9173117739339068,1269
8080,1271.6096404146458,0.9173117739339068,1269
8081,1271.6096404146458,0.9173117739339068,1269
8082,1271.6096404146458,0.9173117739339068,1269
8083,1271.6096404146458,0.9173117739339068,1269
8084,1271.6096404146458,0.9173117739339068,1269
8085,1271.6096404146458,0.9173117739339068,1269
8086,1271.6096404146458,0.9173117739339068,1269
8087,1271.6096404146458,0.9173117739339068,1269
8088,1271.6096404146458,0.9173117739339068,1269
8089,1271.6096404146458,0.9173117739339068,1269
8090,1271.6096404146458,0.9173117739339068,1269
8091,1271.6096404146458,0.9173117739339068,1269
8092,1271.6096404146458,0.9173117739339068,1269
8093,1271.6096404146458,0.9173117739339068,1269
8094,1271.6096404146458,0.9173117739339068,1269
8095,1271.6096404146458,0.9173117739339068,1269
8096,1271.6096404146458,0.9173117739339068,1269
8097,1271.6096404146458,0.9173117739339068,1269
8098,1271.6096404146458,0.9173117739339068,1269
8099,1271.6096404146458,0.9173117739339068,1269
8100,1271.6096404146458,0.9173117739339068,1269
8101,1271.6096404146458,0.9173117739339068,1269
8102,1271.6096404146458,0.9173117739339068,1269
8103,1271.6096404146458,0.9173117739339068,1269
8104,1271.6096404146458,0.9173117739339068,1269
8105,1271.6096404146458,0.9173117739339068,1269
8106,1271.6096404146458,0.9173117739339068,1269
8107,1271.6096404146458,0.9173117739339068,1269
8108,1271.6096404146458,0.9173117739339068,1269
8109,1271.6096404146458,0.9173117739339068,1269
8110,1271.6096404146458,0.9173117739339068,1269
8111,1271.6096404146458,0.9173117739339068,1269
8112,1271.6096404146458,0.9173117739339068,1269
8113,1271.6096404146458,0.9173117739339068,1269
8114,1271.6096404146458,0.9173117739339068,1269
8115,1271.6096404146458,0.9173117739339068,1269
8116,1271.6096404146458,0.9173117739339068,1269
8117,1271.6096404146458,0.9173117739339068,1269
8118,1271.6096404146458,0.9173117739339068,1269
8119,1271.6096404146458,0.9173117739339068,1269
8120,1271.6096404146458,0.9173117739339068,1269
8121,1271.6096404146458,0.9173117739339068,1269
8122,1271.6096404146458,0.9173117739339068,1269
8123,1271.6096404146458,0.9173117739339068,1269
8124,1271.6096404146458,0.9173117739339068,1269
8125,1271.6096404146458,0.9173117739339068,1269
8126,1271.6096404146458,0.9173117739339068,1269
8127,1271.6096404146458,0.9173117739339068,1269
8128,1271.6096404146458,0.9173117739339068,1269
8129,1271.6096404146458,0.9173117739339068,1269
8130,1271.6096404146458,0.9173117739339068,1269
8131,1271.6096404146458,0.9173117739339068,1269
8132,1271.6096404146458,0.9173117739339068,1269
8133,1271.6096404146458,0.9173117739339068,1269
8134,1271.6096404146458,0.9173117739339068,1269
8135,1271.6096404146458,0.9173117739339068,1269
8136,1271.6096404146458,0.9173117739339068,1269
8137,1271.6096404146458,0.9173117739339068,1269
8138,1271.6096404146458,0.9173117739339068,1269
8139,1271.6096404146458,0.9173117739339068,1269
8140,1271.6096404146458,0.9173117739339068,1269
8141,1271.6096404146458,0.9173117739339068,1269
8142,1271.6096404146458,0.9173117739339068,1269
8143,1271.6096404146458,0.9173117739339068,1269
8144,1271.6096404146458,0.9173117739339068,1269
8145,1271.6096404146458,0.9173117739339068,1269
8146,1271.6096404146458,0.9173117739339068,1269
8147,1271.6096404146458,0.9173117739339068,1269
8148,1271.6096404146458,0.9173117739339068,1269
8149,1271.6096404146458,0.9173117739339068,1269
8150,1271.6096404146458,0.9173117739339068,1269
8151,1271.6096404146458,0.9173117739339068,1269
8152,1271.6096404146458,0.9173117739339068,1269
8153,1271.6096404146458,0.9173117739339068,1269
8154,1271.6096404146458,0.9173117739339068,1269
8155,1271.6096404146458,0.9173117739339068,1269
8156,1271.6096404146458,0.9173117739339068,1269
8157,1271.6096404146458,0.9173117739339068,1269
8158,1271.6096404146458,0.9173117739339068,1269
8159,1271.6096404146458,0.9173117739339068,1269
8160,1271.6096404146458,0.9173117739339068,1269
8161,1271.6096404146458,0.9173117739339068,1269
8162,1271.6096404146458,0.9173117739339068,1269
8163,1271.6096404146458,0.9173117739339068,1269
8164,1271.6096404146458,0.9173117739339068,1269
8165,1271.6096404146458,0.9173117739339068,1269
8166,1271.6096404146458,0.9173117739339068,1269
8167,1271.6096404146458,0.9173117739339068,1269
8168,1271.6096404146458,0.9173117739339068,1269
8169,1271.6096404146458,0.9173117739339068,1269
8170,1271.6096404146458,0.9173117739339068,1269
8171,1271.6096404146458,0.9173117739339068,1269
8172,1271.6096404146458,0.9173117739339068,1269
8173,1271.6096404146458,0.9173117739339068,1269
8174,1271.6096404146458,0.9173117739339068,1269
8175,1271.6096404146458,0.9173117739339068,1269
8176,1271.6096404146458,0.9173117739339068,1269
8177,1271.6096404146458,0.9173117739339068,1269
8178,1271.6096404146458,0.9173117739339068,1269
8179,1271.6096404146458,0.9173117739339068,1269
8180,1271.6096404146458,0.9173117739339068,1269
8181,1271.6096404146458,0.9173117739339068,1269
8182,1271.6096404146458,0.9173117739339068,1269
8183,1271.6096404146458,0.9173117739339068,1269
8184,1271.6096404146458,0.9173117739339068,1269
8185,1271.6096404146458,0.9173117739339068,1269
8186,1271.6096404146458,0.9173117739339068,1269
8187,1271.6096404146458,0.9173117739339068,1269
8188,1271.6096404146458,0.9173117739339068,1269
8189,1271.6096404146458,0.9173117739339068,1269
8190,1271.6096404146458,0.9173117739339068,1269
8191,1271.6096404146458,0.9173117739339068,1269
8192,1271.6096404146458,0.9173117739339068,1269
8193,1271.6096404146458,0.9173117739339068,1269
8194,1271.6096404146458,0.9173117739339068,1269
8195,1271.6096404146458,0.9173117739339068,1269
8196,1271.6096404146458,0.9173117739339068,1269
8197,1271.6096404146458,0.9173117739339068,1269
8198,1271.6096404146458,0.9173117739339068,1269
8199,1271.6096404146458,0.9173117739339068,1269
8200,1271.6096404146458,0.9173117739339068,1269
8201,1271.6096404146458,0.9173117739339068,1269
8202,1271.6096404146458,0.9173117739339068,1269
8203,1271.6096404146458,0.9173117739339068,1269
8204,1271.6096404146458,0.9173117739339068,1269
8205,1271.6096404146458,0.9173117739339068,1269
8206,1271.6096404146458,0.9173117739339068,1269
8207,1271.6096404146458,0.9173117739339068,1269
8208,1271.6096404146458,0.9173117739339068,1269
8209,1271.6096404146458,0.9173117739339068,1269
8210,1271.6096404146458,0.9173117739339068,1269
8211,1271.6096404146458,0.9173117739339068,1269
8212,1271.6096404146458,0.9173117739339068,1269
8213,1271.6096404146458,0.9173117739339068,1269
8214,1271.6096404146458,0.9173117739339068,1269
8215,1271.6096404146458,0.9173117739339068,1269
8216,1271.6096404146458,0.9173117739339068,1269
8217,1271.6096404146458,0.9173117739339068,1269
8218,1271.6096404146458,0.9173117739339068,1269
8219,1271.6096404146458,0.9173117739339068,1269
8220,1271.6096404146458,0.9173117739339068,1269
8221,1271.6096404146458,0.9173117739339068,1269
8222,1271.6096404146458,0.9173117739339068,1269
8223,1271.6096404146458,0.9173117739339068,1269
8224,1271.6096404146458,0.9173117739339068,1269
8225,1271.6096404146458,0.9173117739339068,1269
8226,1271.6096404146458,0.9173117739339068,1269
8227,1271.6096404146458,0.9173117739339068,1269
8228,1271.6096404146458,0.9173117739339068,1269
8229,1271.6096404146458,0.9173117739339068,1269
8230,1271.6096404146458,0.9173117739339068,1269
8231,1271.6096404146458,0.9173117739339068,1269
8232,1271.6096404146458,0.9173117739339068,1269
8233,1271.6096404146458,0.9173117739339068,1269
8234,1271.6096404146458,0.9173117739339068,1269
8235,1271.6096404146458,0.9173117739339068,1269
8236,1271.6096404146458,0.9173117739339068,1269
8237,1271.6096404146458,0.9173117739339068,1269
8238,1271.6096404146458,0.9173117739339068,1269
8239,1271.6096404146458,0.9173117739339068,1269
8240,1271.6096404146458,0.9173117739339068,1269
8241,1271.6096404146458,0.9173117739339068,1269
8242,1271.6096404146458,0.9173117739339068,1269
8243,1271.6096404146458,0.9173117739339068,1269
8244,1271.6096404146458,0.9173117739339068,1269
8245,1271.6096404146458,0.9173117739339068,1269
8246,1271.6096404146458,0.9173117739339068,1269
8247,1271.6096404146458,0.9173117739339068,1269
8248,1271.6096404146458,0.9173117739339068,1269
8249,1271.6096404146458,0.9173117739339068,1269
8250,1271.6096404146458,0.9173117739339068,1269
8251,1271.6096404146458,0.9173117739339068,1269
8252,1271.6096404146458,0.9173117739339068,1269
8253,1271.6096404146458,0.9173117739339068,1269
8254,1271.6096404146458,0.9173117739339068,1269
8255,1271.6096404146458,0.9173117739339068,1269
8256,1271.6096404146458,0.9173117739339068,1269
8257,1271.6096404146458,0.9173117739339068,1269
8258,1271.6096404146458,0.9173117739339068,1269
8259,1271.6096404146458,0.9173117739339068,1269
8260,1271.6096404146458,0.9173117739339068,1269
8261,1271.6096404146458,0.9173117739339068,1269
8262,1271.6096404146458,0.9173117739339068,1269
8263,1271.6096404146458,0.9173117739339068,1269
8264,1271.6096404146458,0.9173117739339068,1269
8265,1271.6096404146458,0.9173117739339068,1269
8266,1271.6096404146458,0.9173117739339068,1269
8267,1271.6096404146458,0.9173117739339068,1269
8268,1271.6096404146458,0.9173117739339068,1269
8269,1271.6096404146458,0.9173117739339068,1269
8270,1271.6096404146458,0.9173117739339068,1269
8271,1271.6096404146458,0.9173117739339068,1269
8272,1271.6096404146458,0.9173117739339068,1269
8273,1271.6096404146458,0.9173117739339068,1269
8274,1271.6096404146458,0.9173117739339068,1269
8275,1271.6096404146458,0.9173117739339068,1269
8276,1271.6096404146458,0.9173117739339068,1269
8277,1271.6096404146458,0.9173117739339068,1269
8278,1271.6096404146458,0.9173117739339068,1269
8279,1271.6096404146458,0.9173117739339068,1269
8280,1271.6096404146458,0.9173117739339068,1269
8281,1271.6096404146458,0.9173117739339068,1269
8282,1271.6096404146458,0.9173117739339068,1269
8283,1271.6096404146458,0.9173117739339068,1269
8284,1271.6096404146458,0.9173117739339068,1269
8285,1271.6096404146458,0.9173117739339068,1269
8286,1271.6096404146458,0.9173117739339068,1269
8287,1271.6096404146458,0.9173117739339068,1269
8288,1271.6096404146458,0.9173117739339068,1269
8289,1271.6096404146458,0.9173117739339068,1269
8290,1271.6096404146458,0.9173117739339068,1269
8291,1271.6096404146458,0.9173117739339068,1269
8292,1271.6096404146458,0.9173117739339068,1269
8293,1271.6096404146458,0.9173117739339068,1269
8294,1271.6096404146458,0.9173117739339068,1269
8295,1271.6096404146458,0.9173117739339068,1269
8296,1271.6096404146458,0.9173117739339068,1269
8297,1271.6096404146458,0.9173117739339068,1269
8298,1271.6096404146458,0.9173117739339068,1269
8299,1271.6096404146458,0.9173117739339068,1269
8300,1271.6096404146458,0.9173117739339068,1269
8301,1271.6096404146458,0.9173117739339068,1269
8302,1271.6096404146458,0.9173117739339068,1269
8303,1271.6096404146458,0.9173117739339068,1269
8304,1271.6096404146458,0.9173117739339068,1269
8305,1271.6096404146458,0.9173117739339068,1269
8306,1271.6096404146458,0.9173117739339068,1269
8307,1271.6096404146458,0.9173117739339068,1269
8308,1271.6096404146458,0.9173117739339068,1269
8309,1271.6096404146458,0.9173117739339068,1269
8310,1271.6096404146458,0.9173117739339068,1269
8311,1271.6096404146458,0.9173117739339068,1269
8312,1271.6096404146458,0.9173117739339068,1269
8313,1271.6096404146458,0.9173117739339068,1269
8314,1271.6096404146458,0.9173117739339068,1269
8315,1271.6096404146458,0.9173117739339068,1269
8316,1271.6096404146458,0.9173117739339068,1269
8317,1271.6096404146458,0.9173117739339068,1269
8318,1271.6096404146458,0.9173117739339068,1269
8319,1271.6096404146458,0.9173117739339068,1269
8320,1271.6096404146458,0.9173117739339068,1269
8321,1271.6096404146458,0.9173117739339068,1269
8322,1271.6096404146458,0.9173117739339068,1269
8323,1271.6096404146458,0.9173117739339068,1269
8324,1271.6096404146458,0.9173117739339068,1269
8325,1271.6096404146458,0.9173117739339068,1269
8326,1271.6096404146458,0.9173117739339068,1269
8327,1271.6096404146458,0.9173117739339068,1269
8328,1271.6096404146458,0.9173117739339068,1269
8329,1271.6096404146458,0.9173117739339068,1269
8330,1271.6096404146458,0.9173117739339068,1269
8331,1271.6096404146458,0.9173117739339068,1269
8332,1271.6096404146458,0.9173117739339068,1269
8333,1271.6096404146458,0.9173117739339068,1269
8334,1271.6096404146458,0.9173117739339068,1269
8335,1271.6096404146458,0.9173117739339068,1269
8336,1271.6096404146458,0.9173117739339068,1269
8337,1271.6096404146458,0.9173117739339068,1269
8338,1271.6096404146458,0.9173117739339068,1269
8339,1271.6096404146458,0.9173117739339068,1269
8340,1271.6096404146458,0.9173117739339068,1269
8341,1271.6096404146458,0.9173117739339068,1269
8342,1271.6096404146458,0.9173117739339068,1269
8343,1271.6096404146458,0.9173117739339068,1269
8344,1271.6096404146458,0.9173117739339068,1269
8345,1271.6096404146458,0.9173117739339068,1269
8346,1271.6096404146458,0.9173117739339068,1269
8347,1271.6096404146458,0.9173117739339068,1269
8348,1271.6096404146458,0.9173117739339068,1269
8349,1271.6096404146458,0.9173117739339068,1269
8350,1271.6096404146458,0.9173117739339068,1269
8351,1271.6096404146458,0.9173117739339068,1269
8352,1271.6096404146458,0.9173117739339068,1269
8353,1271.6096404146458,0.9173117739339068,1269
8354,1271.6096404146458,0.9173117739339068,1269
8355,1271.6096404146458,0.9173117739339068,1269
8356,1271.6096404146458,0.9173117739339068,1269
8357,1271.6096404146458,0.9173117739339068,1269
8358,1271.6096404146458,0.9173117739339068,1269
8359,1271.6096404146458,0.9173117739339068,1269
8360,1271.6096404146458,0.9173117739339068,1269
8361,1271.6096404146458,0.9173117739339068,1269
8362,1271.6096404146458,0.9173117739339068,1269
8363,1271.6096404146458,0.9173117739339068,1269
8364,1271.6096404146458,0.9173117739339068,1269
8365,1271.6096404146458,0.9173117739339068,1269
8366,1271.6096404146458,0.9173117739339068,1269
8367,1271.6096404146458,0.9173117739339068,1269
8368,1271.6096404146458,0.9173117739339068,1269
8369,1271.6096404146458,0.9173117739339068,1269
8370,1271.6096404146458,0.9173117739339068,1269
8371,1271.6096404146458,0.9173117739339068,1269
8372,1271.6096404146458,0.9173117739339068,1269
8373,1271.6096404146458,0.9173117739339068,1269
8374,1271.6096404146458,0.9173117739339068,1269
8375,1271.6096404146458,0.9173117739339068,1269
8376,1271.6096404146458,0.9173117739339068,1269
8377,1271.6096404146458,0.9173117739339068,1269
8378,1271.6096404146458,0.9173117739339068,1269
8379,1271.6096404146458,0.9173117739339068,1269
8380,1271.6096404146458,0.9173117739339068,1269
8381,1271.6096404146458,0.9173117739339068,1269
8382,1271.6096404146458,0.9173117739339068,1269
8383,1271.6096404146458,0.9173117739339068,1269
8384,1271.6096404146458,0.9173117739339068,1269
8385,1271.6096404146458,0.9173117739339068,1269
8386,1271.6096404146458,0.9173117739339068,1269
8387,1271.6096404146458,0.9173117739339068,1269
8388,1271.6096404146458,0.9173117739339068,1269
8389,1271.6096404146458,0.9173117739339068,1269
8390,1271.6096404146458,0.9173117739339068,1269
8391,1271.6096404146458,0.9173117739339068,1269
8392,1271.6096404146458,0.9173117739339068,1269
8393,1271.6096404146458,0.9173117739339068,1269
8394,1271.6096404146458,0.9173117739339068,1269
8395,1271.6096404146458,0.9173117739339068,1269
8396,1271.6096404146458,0.9173117739339068,1269
8397,1271.6096404146458,0.9173117739339068,1269
8398,1271.6096404146458,0.9173117739339068,1269
8399,1271.6096404146458,0.9173117739339068,1269
8400,1271.6096404146458,0.9173117739339068,1269
8401,1271.6096404146458,0.9173117739339068,1269
8402,1271.6096404146458,0.9173117739339068,1269
8403,1271.6096404146458,0.9173117739339068,1269
8404,1271.6096404146458,0.9173117739339068,1269
8405,1271.6096404146458,0.9173117739339068,1269
8406,1271.6096404146458,0.9173117739339068,1269
8407,1271.6096404146458,0.9173117739339068,1269
8408,1271.6096404146458,0.9173117739339068,1269
8409,1271.6096404146458,0.9173117739339068,1269
8410,1271.6096404146458,0.9173117739339068,1269
8411,1271.6096404146458,0.9173117739339068,1269
8412,1271.6096404146458,0.9173117739339068,1269
8413,1271.6096404146458,0.9173117739339068,1269
8414,1271.6096404146458,0.9173117739339068,1269
8415,1271.6096404146458,0.9173117739339068,1269
8416,1271.6096404146458,0.9173117739339068,1269
8417,1271.6096404146458,0.9173117739339068,1269
8418,1271.6096404146458,0.9173117739339068,1269
8419,1271.6096404146458,0.9173117739339068,1269
8420,1271.6096404146458,0.9173117739339068,1269
8421,1271.6096404146458,0.9173117739339068,1269
8422,1271.6096404146458,0.9173117739339068,1269
8423,1271.6096404146458,0.9173117739339068,1269
8424,1271.6096404146458,0.9173117739339068,1269
8425,1271.6096404146458,0.9173117739339068,1269
8426,1271.6096404146458,0.9173117739339068,1269
8427,1271.6096404146458,0.9173117739339068,1269
8428,1271.6096404146458,0.9173117739339068,1269
8429,1271.6096404146458,0.9173117739339068,1269
8430,1271.6096404146458,0.9173117739339068,1269
8431,1271.6096404146458,0.9173117739339068,1269
8432,1271.6096404146458,0.9173117739339068,1269
8433,1271.6096404146458,0.9173117739339068,1269
8434,1271.6096404146458,0.9173117739339068,1269
8435,1271.6096404146458,0.9173117739339068,1269
8436,1271.6096404146458,0.9173117739339068,1269
8437,1271.6096404146458,0.9173117739339068,1269
8438,1271.6096404146458,0.9173117739339068,1269
8439,1271.6096404146458,0.9173117739339068,1269
8440,1271.6096404146458,0.9173117739339068,1269
8441,1271.6096404146458,0.9173117739339068,1269
8442,1271.6096404146458,0.9173117739339068,1269
8443,1271.6096404146458,0.9173117739339068,1269
8444,1271.6096404146458,0.9173117739339068,1269
8445,1271.6096404146458,0.9173117739339068,1269
8446,1271.6096404146458,0.9173117739339068,1269
8447,1271.6096404146458,0.9173117739339068,1269
8448,1271.6096404146458,0.9173117739339068,1269
8449,1271.6096404146458,0.9173117739339068,1269
8450,1271.6096404146458,0.9173117739339068,1269
8451,1271.6096404146458,0.9173117739339068,1269
8452,1271.6096404146458,0.9173117739339068,1269
8453,1271.6096404146458,0.9173117739339068,1269
8454,1271.6096404146458,0.9173117739339068,1269
8455,1271.6096404146458,0.9173117739339068,1269
8456,1271.6096404146458,0.9173117739339068,1269
8457,1271.6096404146458,0.9173117739339068,1269
8458,1271.6096404146458,0.9173117739339068,1269
8459,1271.6096404146458,0.9173117739339068,1269
8460,1271.6096404146458,0.9173117739339068,1269
8461,1271.6096404146458,0.9173117739339068,1269
8462,1271.6096404146458,0.9173117739339068,1269
8463,1271.6096404146458,0.9173117739339068,1269
8464,1271.6096404146458,0.9173117739339068,1269
8465,1271.6096404146458,0.9173117739339068,1269
8466,1271.6096404146458,0.9173117739339068,1269
8467,1271.6096404146458,0.9173117739339068,1269
8468,1271.6096404146458,0.9173117739339068,1269
8469,1271.6096404146458,0.9173117739339068,1269
8470,1271.6096404146458,0.9173117739339068,1269
8471,1271.6096404146458,0.9173117739339068,1269
8472,1271.6096404146458,0.9173117739339068,1269
8473,1271.6096404146458,0.9173117739339068,1269
8474,1271.6096404146458,0.9173117739339068,1269
8475,1271.6096404146458,0.9173117739339068,1269
8476,1271.6096404146458,0.9173117739339068,1269
8477,1271.6096404146458,0.9173117739339068,1269
8478,1271.6096404146458,0.9173117739339068,1269
8479,1271.6096404146458,0.9173117739339068,1269
8480,1271.6096404146458,0.9173117739339068,1269
8481,1271.6096404146458,0.9173117739339068,1269
8482,1271.6096404146458,0.9173117739339068,1269
8483,1271.6096404146458,0.9173117739339068,1269
8484,1271.6096404146458,0.9173117739339068,1269
8485,1271.6096404146458,0.9173117739339068,1269
8486,1271.6096404146458,0.9173117739339068,1269
8487,1271.6096404146458,0.9173117739339068,1269
8488,1271.6096404146458,0.9173117739339068,1269
8489,1271.6096404146458,0.9173117739339068,1269
8490,1271.6096404146458,0.9173117739339068,1269
8491,1271.6096404146458,0.9173117739339068,1269
8492,1271.6096404146458,0.9173117739339068,1269
8493,1271.6096404146458,0.9173117739339068,1269
8494,1271.6096404146458,0.9173117739339068,1269
8495,1271.6096404146458,0.9173117739339068,1269
8496,1271.6096404146458,0.9173117739339068,1269
8497,1271.6096404146458,0.9173117739339068,1269
8498,1271.6096404146458,0.9173117739339068,1269
8499,1271.6096404146458,0.9173117739339068,1269
8500,1271.6096404146458,0.9173117739339068,1269
8501,1271.6096404146458,0.9173117739339068,1269
8502,1271.6096404146458,0.9173117739339068,1269
8503,1271.6096404146458,0.9173117739339068,1269
8504,1271.6096404146458,0.9173117739339068,1269
8505,1271.6096404146458,0.9173117739339068,1269
8506,1271.6096404146458,0.9173117739339068,1269
8507,1271.6096404146458,0.9173117739339068,1269
8508,1271.6096404146458,0.9173117739339068,1269
8509,1271.6096404146458,0.9173117739339068,1269
8510,1271.6096404146458,0.9173117739339068,1269
8511,1271.6096404146458,0.9173117739339068,1269
8512,1271.6096404146458,0.9173117739339068,1269
8513,1271.6096404146458,0.9173117739339068,1269
8514,1271.6096404146458,0.9173117739339068,1269
8515,1271.6096404146458,0.9173117739339068,1269
8516,1271.6096404146458,0.9173117739339068,1269
8517,1271.6096404146458,0.9173117739339068,1269
8518,1271.6096404146458,0.9173117739339068,1269
8519,1271.6096404146458,0.9173117739339068,1269
8520,1271.6096404146458,0.9173117739339068,1269
8521,1271.6096404146458,0.9173117739339068,1269
8522,1271.6096404146458,0.9173117739339068,1269
8523,1271.6096404146458,0.9173117739339068,1269
8524,1271.6096404146458,0.9173117739339068,1269
8525,1271.6096404146458,0.9173117739339068,1269
8526,1271.6096404146458,0.9173117739339068,1269
8527,1271.6096404146458,0.9173117739339068,1269
8528,1271.6096404146458,0.9173117739339068,1269
8529,1271.6096404146458,0.9173117739339068,1269
8530,1271.6096404146458,0.9173117739339068,1269
8531,1271.6096404146458,0.9173117739339068,1269
8532,1271.6096404146458,0.9173117739339068,1269
8533,1271.6096404146458,0.9173117739339068,1269
8534,1271.6096404146458,0.9173117739339068,1269
8535,1271.6096404146458,0.9173117739339068,1269
8536,1271.6096404146458,0.9173117739339068,1269
8537,1271.6096404146458,0.9173117739339068,1269
8538,1271.6096404146458,0.9173117739339068,1269
8539,1271.6096404146458,0.9173117739339068,1269
8540,1271.6096404146458,0.9173117739339068,1269
8541,1271.6096404146458,0.9173117739339068,1269
8542,1271.6096404146458,0.9173117739339068,1269
8543,1271.6096404146458,0.9173117739339068,1269
8544,1271.6096404146458,0.9173117739339068,1269
8545,1271.6096404146458,0.9173117739339068,1269
8546,1271.6096404146458,0.9173117739339068,1269
8547,1271.6096404146458,0.9173117739339068,1269
8548,1271.6096404146458,0.9173117739339068,1269
8549,1271.6096404146458,0.9173117739339068,1269
8550,1271.6096404146458,0.9173117739339068,1269
8551,1271.6096404146458,0.9173117739339068,1269
8552,1271.6096404146458,0.9173117739339068,1269
8553,1271.6096404146458,0.9173117739339068,1269
8554,1271.6096404146458,0.9173117739339068,1269
8555,1271.6096404146458,0.9173117739339068,1269
8556,1271.6096404146458,0.9173117739339068,1269
8557,1271.6096404146458,0.9173117739339068,1269
8558,1271.6096404146458,0.9173117739339068,1269
8559,1271.6096404146458,0.9173117739339068,1269
8560,1271.6096404146458,0.9173117739339068,1269
8561,1271.6096404146458,0.9173117739339068,1269
8562,1271.6096404146458,0.9173117739339068,1269
8563,1271.6096404146458,0.9173117739339068,1269
8564,1271.6096404146458,0.9173117739339068,1269
8565,1271.6096404146458,0.9173117739339068,1269
8566,1271.6096404146458,0.9173117739339068,1269
8567,1271.6096404146458,0.9173117739339068,1269
8568,1271.6096404146458,0.9173117739339068,1269
8569,1271.6096404146458,0.9173117739339068,1269
8570,1271.6096404146458,0.9173117739339068,1269
8571,1271.6096404146458,0.9173117739339068,1269
8572,1271.6096404146458,0.9173117739339068,1269
8573,1271.6096404146458,0.9173117739339068,1269
8574,1271.6096404146458,0.9173117739339068,1269
8575,1271.6096404146458,0.9173117739339068,1269
8576,1271.6096404146458,0.9173117739339068,1269
8577,1271.6096404146458,0.9173117739339068,1269
8578,1271.6096404146458,0.9173117739339068,1269
8579,1271.6096404146458,0.9173117739339068,1269
8580,1271.6096404146458,0.9173117739339068,1269
8581,1271.6096404146458,0.9173117739339068,1269
8582,1271.6096404146458,0.9173117739339068,1269
8583,1271.6096404146458,0.9173117739339068,1269
8584,1271.6096404146458,0.9173117739339068,1269
8585,1271.6096404146458,0.9173117739339068,1269
8586,1271.6096404146458,0.9173117739339068,1269
8587,1271.6096404146458,0.9173117739339068,1269
8588,1271.6096404146458,0.9173117739339068,1269
8589,1271.6096404146458,0.9173117739339068,1269
8590,1271.6096404146458,0.9173117739339068,1269
8591,1271.6096404146458,0.9173117739339068,1269
8592,1271.6096404146458,0.9173117739339068,1269
8593,1271.6096404146458,0.9173117739339068,1269
8594,1271.6096404146458,0.9173117739339068,1269
8595,1271.6096404146458,0.9173117739339068,1269
8596,1271.6096404146458,0.9173117739339068,1269
8597,1271.6096404146458,0.9173117739339068,1269
8598,1271.6096404146458,0.9173117739339068,1269
8599,1271.6096404146458,0.9173117739339068,1269
8600,1271.6096404146458,0.9173117739339068,1269
8601,1271.6096404146458,0.9173117739339068,1269
8602,1271.6096404146458,0.9173117739339068,1269
8603,1271.6096404146458,0.9173117739339068,1269
8604,1271.6096404146458,0.9173117739339068,1269
8605,1271.6096404146458,0.9173117739339068,1269
8606,1271.6096404146458,0.9173117739339068,1269
8607,1271.6096404146458,0.9173117739339068,1269
8608,1271.6096404146458,0.9173117739339068,1269
8609,1271.6096404146458,0.9173117739339068,1269
8610,1271.6096404146458,0.9173117739339068,1269
8611,1271.6096404146458,0.9173117739339068,1269
8612,1271.6096404146458,0.9173117739339068,1269
8613,1271.6096404146458,0.9173117739339068,1269
8614,1271.6096404146458,0.9173117739339068,1269
8615,1271.6096404146458,0.9173117739339068,1269
8616,1271.6096404146458,0.9173117739339068,1269
8617,1271.6096404146458,0.9173117739339068,1269
8618,1271.6096404146458,0.9173117739339068,1269
8619,1271.6096404146458,0.9173117739339068,1269
8620,1271.6096404146458,0.9173117739339068,1269
8621,1271.6096404146458,0.9173117739339068,1269
8622,1271.6096404146458,0.9173117739339068,1269
8623,1271.6096404146458,0.9173117739339068,1269
8624,1271.6096404146458,0.9173117739339068,1269
8625,1271.6096404146458,0.9173117739339068,1269
8626,1271.6096404146458,0.9173117739339068,1269
8627,1271.6096404146458,0.9173117739339068,1269
8628,1271.6096404146458,0.9173117739339068,1269
8629,1271.6096404146458,0.9173117739339068,1269
8630,1271.6096404146458,0.9173117739339068,1269
8631,1271.6096404146458,0.9173117739339068,1269
8632,1271.6096404146458,0.9173117739339068,1269
8633,1271.6096404146458,0.9173117739339068,1269
8634,1271.6096404146458,0.9173117739339068,1269
8635,1271.6096404146458,0.9173117739339068,1269
8636,1271.6096404146458,0.9173117739339068,1269
8637,1271.6096404146458,0.9173117739339068,1269
8638,1271.6096404146458,0.9173117739339068,1269
8639,1271.6096404146458,0.9173117739339068,1269
8640,1271.6096404146458,0.9173117739339068,1269
8641,1271.6096404146458,0.9173117739339068,1269
8642,1271.6096404146458,0.9173117739339068,1269
8643,1271.6096404146458,0.9173117739339068,1269
8644,1271.6096404146458,0.9173117739339068,1269
8645,1271.6096404146458,0.9173117739339068,1269
8646,1271.6096404146458,0.9173117739339068,1269
8647,1271.6096404146458,0.9173117739339068,1269
8648,1271.6096404146458,0.9173117739339068,1269
8649,1271.6096404146458,0.9173117739339068,1269
8650,1271.6096404146458,0.9173117739339068,1269
8651,1271.6096404146458,0.9173117739339068,1269
8652,1271.6096404146458,0.9173117739339068,1269
8653,1271.6096404146458,0.9173117739339068,1269
8654,1271.6096404146458,0.9173117739339068,1269
8655,1271.6096404146458,0.9173117739339068,1269
8656,1271.6096404146458,0.9173117739339068,1269
8657,1271.6096404146458,0.9173117739339068,1269
8658,1271.6096404146458,0.9173117739339068,1269
8659,1271.6096404146458,0.9173117739339068,1269
8660,1271.6096404146458,0.9173117739339068,1269
8661,1271.6096404146458,0.9173117739339068,1269
8662,1271.6096404146458,0.9173117739339068,1269
8663,1271.6096404146458,0.9173117739339068,1269
8664,1271.6096404146458,0.9173117739339068,1269
8665,1271.6096404146458,0.9173117739339068,1269
8666,1271.6096404146458,0.9173117739339068,1269
8667,1271.6096404146458,0.9173117739339068,1269
8668,1271.6096404146458,0.9173117739339068,1269
8669,1271.6096404146458,0.9173117739339068,1269
8670,1271.6096404146458,0.9173117739339068,1269
8671,1271.6096404146458,0.9173117739339068,1269
8672,1271.6096404146458,0.9173117739339068,1269
8673,1271.6096404146458,0.9173117739339068,1269
8674,1271.6096404146458,0.9173117739339068,1269
8675,1271.6096404146458,0.9173117739339068,1269
8676,1271.6096404146458,0.9173117739339068,1269
8677,1271.6096404146458,0.9173117739339068,1269
8678,1271.6096404146458,0.9173117739339068,1269
8679,1271.6096404146458,0.9173117739339068,1269
8680,1271.6096404146458,0.9173117739339068,1269
8681,1271.6096404146458,0.9173117739339068,1269
8682,1271.6096404146458,0.9173117739339068,1269
8683,1271.6096404146458,0.9173117739339068,1269
8684,1271.6096404146458,0.9173117739339068,1269
8685,1271.6096404146458,0.9173117739339068,1269
8686,1271.6096404146458,0.9173117739339068,1269
8687,1271.6096404146458,0.9173117739339068,1269
8688,1271.6096404146458,0.9173117739339068,1269
8689,1271.6096404146458,0.9173117739339068,1269
8690,1271.6096404146458,0.9173117739339068,1269
8691,1271.6096404146458,0.9173117739339068,1269
8692,1271.6096404146458,0.9173117739339068,1269
8693,1271.6096404146458,0.9173117739339068,1269
8694,1271.6096404146458,0.9173117739339068,1269
8695,1271.6096404146458,0.9173117739339068,1269
8696,1271.6096404146458,0.9173117739339068,1269
8697,1271.6096404146458,0.9173117739339068,1269
8698,1271.6096404146458,0.9173117739339068,1269
8699,1271.6096404146458,0.9173117739339068,1269
8700,1271.6096404146458,0.9173117739339068,1269
8701,1271.6096404146458,0.9173117739339068,1269
8702,1271.6096404146458,0.9173117739339068,1269
8703,1271.6096404146458,0.9173117739339068,1269
8704,1271.6096404146458,0.9173117739339068,1269
8705,1271.6096404146458,0.9173117739339068,1269
8706,1271.6096404146458,0.9173117739339068,1269
8707,1271.6096404146458,0.9173117739339068,1269
8708,1271.6096404146458,0.9173117739339068,1269
8709,1271.6096404146458,0.9173117739339068,1269
8710,1271.6096404146458,0.9173117739339068,1269
8711,1271.6096404146458,0.9173117739339068,1269
8712,1271.6096404146458,0.9173117739339068,1269
8713,1271.6096404146458,0.9173117739339068,1269
8714,1271.6096404146458,0.9173117739339068,1269
8715,1271.6096404146458,0.9173117739339068,1269
8716,1271.6096404146458,0.9173117739339068,1269
8717,1271.6096404146458,0.9173117739339068,1269
8718,1271.6096404146458,0.9173117739339068,1269
8719,1271.6096404146458,0.9173117739339068,1269
8720,1271.6096404146458,0.9173117739339068,1269
8721,1271.6096404146458,0.9173117739339068,1269
8722,1271.6096404146458,0.9173117739339068,1269
8723,1271.6096404146458,0.9173117739339068,1269
8724,1271.6096404146458,0.9173117739339068,1269
8725,1271.6096404146458,0.9173117739339068,1269
8726,1271.6096404146458,0.9173117739339068,1269
8727,1271.6096404146458,0.9173117739339068,1269
8728,1271.6096404146458,0.9173117739339068,1269
8729,1271.6096404146458,0.9173117739339068,1269
8730,1271.6096404146458,0.9173117739339068,1269
8731,1271.6096404146458,0.9173117739339068,1269
8732,1271.6096404146458,0.9173117739339068,1269
8733,1271.6096404146458,0.9173117739339068,1269
8734,1271.6096404146458,0.9173117739339068,1269
8735,1271.6096404146458,0.9173117739339068,1269
8736,1271.6096404146458,0.9173117739339068,1269
8737,1271.6096404146458,0.9173117739339068,1269
8738,1271.6096404146458,0.9173117739339068,1269
8739,1271.6096404146458,0.9173117739339068,1269
8740,1271.6096404146458,0.9173117739339068,1269
8741,1271.6096404146458,0.9173117739339068,1269
8742,1271.6096404146458,0.9173117739339068,1269
8743,1271.6096404146458,0.9173117739339068,1269
8744,1271.6096404146458,0.9173117739339068,1269
8745,1271.6096404146458,0.9173117739339068,1269
8746,1271.6096404146458,0.9173117739339068,1269
8747,1271.6096404146458,0.9173117739339068,1269
8748,1271.6096404146458,0.9173117739339068,1269
8749,1271.6096404146458,0.9173117739339068,1269
8750,1271.6096404146458,0.9173117739339068,1269
8751,1271.6096404146458,0.9173117739339068,1269
8752,1271.6096404146458,0.9173117739339068,1269
8753,1271.6096404146458,0.9173117739339068,1269
8754,1271.6096404146458,0.9173117739339068,1269
8755,1271.6096404146458,0.9173117739339068,1269
8756,1271.6096404146458,0.9173117739339068,1269
8757,1271.6096404146458,0.9173117739339068,1269
8758,1271.6096404146458,0.9173117739339068,1269
8759,1271.6096404146458,0.9173117739339068,1269
8760,1271.6096404146458,0.9173117739339068,1269
8761,1271.6096404146458,0.9173117739339068,1269
8762,1271.6096404146458,0.9173117739339068,1269
8763,1271.6096404146458,0.9173117739339068,1269
8764,1271.6096404146458,0.9173117739339068,1269
8765,1271.6096404146458,0.9173117739339068,1269
8766,1271.6096404146458,0.9173117739339068,1269
8767,1271.6096404146458,0.9173117739339068,1269
8768,1271.6096404146458,0.9173117739339068,1269
8769,1271.6096404146458,0.9173117739339068,1269
8770,1271.6096404146458,0.9173117739339068,1269
8771,1271.6096404146458,0.9173117739339068,1269
8772,1271.6096404146458,0.9173117739339068,1269
8773,1271.6096404146458,0.9173117739339068,1269
8774,1271.6096404146458,0.9173117739339068,1269
8775,1271.6096404146458,0.9173117739339068,1269
8776,1271.6096404146458,0.9173117739339068,1269
8777,1271.6096404146458,0.9173117739339068,1269
8778,1271.6096404146458,0.9173117739339068,1269
8779,1271.6096404146458,0.9173117739339068,1269
8780,1271.6096404146458,0.9173117739339068,1269
8781,1271.6096404146458,0.9173117739339068,1269
8782,1271.6096404146458,0.9173117739339068,1269
8783,1271.6096404146458,0.9173117739339068,1269
8784,1271.6096404146458,0.9173117739339068,1269
8785,1271.6096404146458,0.9173117739339068,1269
8786,1271.6096404146458,0.9173117739339068,1269
8787,1271.6096404146458,0.9173117739339068,1269
8788,1271.6096404146458,0.9173117739339068,1269
8789,1271.6096404146458,0.9173117739339068,1269
8790,1271.6096404146458,0.9173117739339068,1269
8791,1271.6096404146458,0.9173117739339068,1269
8792,1271.6096404146458,0.9173117739339068,1269
8793,1271.6096404146458,0.9173117739339068,1269
8794,1271.6096404146458,0.9173117739339068,1269
8795,1271.6096404146458,0.9173117739339068,1269
8796,1271.6096404146458,0.9173117739339068,1269
8797,1271.6096404146458,0.9173117739339068,1269
8798,1271.6096404146458,0.9173117739339068,1269
8799,1271.6096404146458,0.9173117739339068,1269
8800,1271.6096404146458,0.9173117739339068,1269
8801,1271.6096404146458,0.9173117739339068,1269
8802,1271.6096404146458,0.9173117739339068,1269
8803,1271.6096404146458,0.9173117739339068,1269
8804,1271.6096404146458,0.9173117739339068,1269
8805,1271.6096404146458,0.9173117739339068,1269
8806,1271.6096404146458,0.9173117739339068,1269
8807,1271.6096404146458,0.9173117739339068,1269
8808,1271.6096404146458,0.9173117739339068,1269
8809,1271.6096404146458,0.9173117739339068,1269
8810,1271.6096404146458,0.9173117739339068,1269
8811,1271.6096404146458,0.9173117739339068,1269
8812,1271.6096404146458,0.9173117739339068,1269
8813,1271.6096404146458,0.9173117739339068,1269
8814,1271.6096404146458,0.9173117739339068,1269
8815,1271.6096404146458,0.9173117739339068,1269
8816,1271.6096404146458,0.9173117739339068,1269
8817,1271.6096404146458,0.9173117739339068,1269
8818,1271.6096404146458,0.9173117739339068,1269
8819,1271.6096404146458,0.9173117739339068,1269
8820,1271.6096404146458,0.9173117739339068,1269
8821,1271.6096404146458,0.9173117739339068,1269
8822,1271.6096404146458,0.9173117739339068,1269
8823,1271.6096404146458,0.9173117739339068,1269
8824,1271.6096404146458,0.9173117739339068,1269
8825,1271.6096404146458,0.9173117739339068,1269
8826,1271.6096404146458,0.9173117739339068,1269
8827,1271.6096404146458,0.9173117739339068,1269
8828,1271.6096404146458,0.9173117739339068,1269
8829,1271.6096404146458,0.9173117739339068,1269
8830,1271.6096404146458,0.9173117739339068,1269
8831,1271.6096404146458,0.9173117739339068,1269
8832,1271.6096404146458,0.9173117739339068,1269
8833,1271.6096404146458,0.9173117739339068,1269
8834,1271.6096404146458,0.9173117739339068,1269
8835,1271.6096404146458,0.9173117739339068,1269
8836,1271.6096404146458,0.9173117739339068,1269
8837,1271.6096404146458,0.9173117739339068,1269
8838,1271.6096404146458,0.9173117739339068,1269
8839,1271.6096404146458,0.9173117739339068,1269
8840,1271.6096404146458,0.9173117739339068,1269
8841,1271.6096404146458,0.9173117739339068,1269
8842,1271.6096404146458,0.9173117739339068,1269
8843,1271.6096404146458,0.9173117739339068,1269
8844,1271.6096404146458,0.9173117739339068,1269
8845,1271.6096404146458,0.9173117739339068,1269
8846,1271.6096404146458,0.9173117739339068,1269
8847,1271.6096404146458,0.9173117739339068,1269
8848,1271.6096404146458,0.9173117739339068,1269
8849,1271.6096404146458,0.9173117739339068,1269
8850,1271.6096404146458,0.9173117739339068,1269
8851,1271.6096404146458,0.9173117739339068,1269
8852,1271.6096404146458,0.9173117739339068,1269
8853,1271.6096404146458,0.9173117739339068,1269
8854,1271.6096404146458,0.9173117739339068,1269
8855,1271.6096404146458,0.9173117739339068,1269
8856,1271.6096404146458,0.9173117739339068,1269
8857,1271.6096404146458,0.9173117739339068,1269
8858,1271.6096404146458,0.9173117739339068,1269
8859,1271.6096404146458,0.9173117739339068,1269
8860,1271.6096404146458,0.9173117739339068,1269
8861,1271.6096404146458,0.9173117739339068,1269
8862,1271.6096404146458,0.9173117739339068,1269
8863,1271.6096404146458,0.9173117739339068,1269
8864,1271.6096404146458,0.9173117739339068,1269
8865,1271.6096404146458,0.9173117739339068,1269
8866,1271.6096404146458,0.9173117739339068,1269
8867,1271.6096404146458,0.9173117739339068,1269
8868,1271.6096404146458,0.9173117739339068,1269
8869,1271.6096404146458,0.9173117739339068,1269
8870,1271.6096404146458,0.9173117739339068,1269
8871,1271.6096404146458,0.9173117739339068,1269
8872,1271.6096404146458,0.9173117739339068,1269
8873,1271.6096404146458,0.9173117739339068,1269
8874,1271.6096404146458,0.9173117739339068,1269
8875,1271.6096404146458,0.9173117739339068,1269
8876,1271.6096404146458,0.9173117739339068,1269
8877,1271.6096404146458,0.9173117739339068,1269
8878,1271.6096404146458,0.9173117739339068,1269
8879,1271.6096404146458,0.9173117739339068,1269
8880,1271.6096404146458,0.9173117739339068,1269
8881,1271.6096404146458,0.9173117739339068,1269
8882,1271.6096404146458,0.9173117739339068,1269
8883,1271.6096404146458,0.9173117739339068,1269
8884,1271.6096404146458,0.9173117739339068,1269
8885,1271.6096404146458,0.9173117739339068,1269
8886,1271.6096404146458,0.9173117739339068,1269
8887,1271.6096404146458,0.9173117739339068,1269
8888,1271.6096404146458,0.9173117739339068,1269
8889,1271.6096404146458,0.9173117739339068,1269
8890,1271.6096404146458,0.9173117739339068,1269
8891,1271.6096404146458,0.9173117739339068,1269
8892,1271.6096404146458,0.9173117739339068,1269
8893,1271.6096404146458,0.9173117739339068,1269
8894,1271.6096404146458,0.9173117739339068,1269
8895,1271.6096404146458,0.9173117739339068,1269
8896,1271.6096404146458,0.9173117739339068,1269
8897,1271.6096404146458,0.9173117739339068,1269
8898,1271.6096404146458,0.9173117739339068,1269
8899,1271.6096404146458,0.9173117739339068,1269
8900,1271.6096404146458,0.9173117739339068,1269
8901,1271.6096404146458,0.9173117739339068,1269
8902,1271.6096404146458,0.9173117739339068,1269
8903,1271.6096404146458,0.9173117739339068,1269
8904,1271.6096404146458,0.9173117739339068,1269
8905,1271.6096404146458,0.9173117739339068,1269
8906,1271.6096404146458,0.9173117739339068,1269
8907,1271.6096404146458,0.9173117739339068,1269
8908,1271.6096404146458,0.9173117739339068,1269
8909,1271.6096404146458,0.9173117739339068,1269
8910,1271.6096404146458,0.9173117739339068,1269
8911,1271.6096404146458,0.9173117739339068,1269
8912,1271.6096404146458,0.9173117739339068,1269
8913,1271.6096404146458,0.9173117739339068,1269
8914,1271.6096404146458,0.9173117739339068,1269
8915,1271.6096404146458,0.9173117739339068,1269
8916,1271.6096404146458,0.9173117739339068,1269
8917,1271.6096404146458,0.9173117739339068,1269
8918,1271.6096404146458,0.9173117739339068,1269
8919,1271.6096404146458,0.9173117739339068,1269
8920,1271.6096404146458,0.9173117739339068,1269
8921,1271.6096404146458,0.9173117739339068,1269
8922,1271.6096404146458,0.9173117739339068,1269
8923,1271.6096404146458,0.9173117739339068,1269
8924,1271.6096404146458,0.9173117739339068,1269
8925,1271.6096404146458,0.9173117739339068,1269
8926,1271.6096404146458,0.9173117739339068,1269
8927,1271.6096404146458,0.9173117739339068,1269
8928,1271.6096404146458,0.9173117739339068,1269
8929,1271.6096404146458,0.9173117739339068,1269
8930,1271.6096404146458,0.9173117739339068,1269
8931,1271.6096404146458,0.9173117739339068,1269
8932,1271.6096404146458,0.9173117739339068,1269
8933,1271.6096404146458,0.9173117739339068,1269
8934,1271.6096404146458,0.9173117739339068,1269
8935,1271.6096404146458,0.9173117739339068,1269
8936,1271.6096404146458,0.9173117739339068,1269
8937,1271.6096404146458,0.9173117739339068,1269
8938,1271.6096404146458,0.9173117739339068,1269
8939,1271.6096404146458,0.9173117739339068,1269
8940,1271.6096404146458,0.9173117739339068,1269
8941,1271.6096404146458,0.9173117739339068,1269
8942,1271.6096404146458,0.9173117739339068,1269
8943,1271.6096404146458,0.9173117739339068,1269
8944,1271.6096404146458,0.9173117739339068,1269
8945,1271.6096404146458,0.9173117739339068,1269
8946,1271.6096404146458,0.9173117739339068,1269
8947,1271.6096404146458,0.9173117739339068,1269
8948,1271.6096404146458,0.9173117739339068,1269
8949,1271.6096404146458,0.9173117739339068,1269
8950,1271.6096404146458,0.9173117739339068,1269
8951,1271.6096404146458,0.9173117739339068,1269
8952,1271.6096404146458,0.9173117739339068,1269
8953,1271.6096404146458,0.9173117739339068,1269
8954,1271.6096404146458,0.9173117739339068,1269
8955,1271.6096404146458,0.9173117739339068,1269
8956,1271.6096404146458,0.9173117739339068,1269
8957,1271.6096404146458,0.9173117739339068,1269
8958,1271.6096404146458,0.9173117739339068,1269
8959,1271.6096404146458,0.9173117739339068,1269
8960,1271.6096404146458,0.9173117739339068,1269
8961,1271.6096404146458,0.9173117739339068,1269
8962,1271.6096404146458,0.9173117739339068,1269
8963,1271.6096404146458,0.9173117739339068,1269
8964,1271.6096404146458,0.9173117739339068,1269
8965,1271.6096404146458,0.9173117739339068,1269
8966,1271.6096404146458,0.9173117739339068,1269
8967,1271.6096404146458,0.9173117739339068,1269
8968,1271.6096404146458,0.9173117739339068,1269
8969,1271.6096404146458,0.9173117739339068,1269
8970,1271.6096404146458,0.9173117739339068,1269
8971,1271.6096404146458,0.9173117739339068,1269
8972,1271.6096404146458,0.9173117739339068,1269
8973,1271.6096404146458,0.9173117739339068,1269
8974,1271.6096404146458,0.9173117739339068,1269
8975,1271.6096404146458,0.9173117739339068,1269
8976,1271.6096404146458,0.9173117739339068,1269
8977,1271.6096404146458,0.9173117739339068,1269
8978,1271.6096404146458,0.9173117739339068,1269
8979,1271.6096404146458,0.9173117739339068,1269
8980,1271.6096404146458,0.9173117739339068,1269
8981,1271.6096404146458,0.9173117739339068,1269
8982,1271.6096404146458,0.9173117739339068,1269
8983,1271.6096404146458,0.9173117739339068,1269
8984,1271.6096404146458,0.9173117739339068,1269
8985,1271.6096404146458,0.9173117739339068,1269
8986,1271.6096404146458,0.9173117739339068,1269
8987,1271.6096404146458,0.9173117739339068,1269
8988,1271.6096404146458,0.9173117739339068,1269
8989,1271.6096404146458,0.9173117739339068,1269
8990,1271.6096404146458,0.9173117739339068,1269
8991,1271.6096404146458,0.9173117739339068,1269
8992,1271.6096404146458,0.9173117739339068,1269
8993,1271.6096404146458,0.9173117739339068,1269
8994,1271.6096404146458,0.9173117739339068,1269
8995,1271.6096404146458,0.9173117739339068,1269
8996,1271.6096404146458,0.9173117739339068,1269
8997,1271.6096404146458,0.9173117739339068,1269
8998,1271.6096404146458,0.9173117739339068,1269
8999,1271.6096404146458,0.9173117739339068,1269
9000,1271.6096404146458,0.9173117739339068,1269
9001,1271.6096404146458,0.9173117739339068,1269
9002,1271.6096404146458,0.9173117739339068,1269
9003,1271.6096404146458,0.9173117739339068,1269
9004,1271.6096404146458,0.9173117739339068,1269
9005,1271.6096404146458,0.9173117739339068,1269
9006,1271.6096404146458,0.9173117739339068,1269
9007,1271.6096404146458,0.9173117739339068,1269
9008,1271.6096404146458,0.9173117739339068,1269
9009,1271.6096404146458,0.9173117739339068,1269
9010,1271.6096404146458,0.9173117739339068,1269
9011,1271.6096404146458,0.9173117739339068,1269
9012,1271.6096404146458,0.9173117739339068,1269
9013,1271.6096404146458,0.9173117739339068,1269
9014,1271.6096404146458,0.9173117739339068,1269
9015,1271.6096404146458,0.9173117739339068,1269
9016,1271.6096404146458,0.9173117739339068,1269
9017,1271.6096404146458,0.9173117739339068,1269
9018,1271.6096404146458,0.9173117739339068,1269
9019,1271.6096404146458,0.9173117739339068,1269
9020,1271.6096404146458,0.9173117739339068,1269
9021,1271.6096404146458,0.9173117739339068,1269
9022,1271.6096404146458,0.9173117739339068,1269
9023,1271.6096404146458,0.9173117739339068,1269
9024,1271.6096404146458,0.9173117739339068,1269
9025,1271.6096404146458,0.9173117739339068,1269
9026,1271.6096404146458,0.9173117739339068,1269
9027,1271.6096404146458,0.9173117739339068,1269
9028,1271.6096404146458,0.9173117739339068,1269
9029,1271.6096404146458,0.9173117739339068,1269
9030,1271.6096404146458,0.9173117739339068,1269
9031,1271.6096404146458,0.9173117739339068,1269
9032,1271.6096404146458,0.9173117739339068,1269
9033,1271.6096404146458,0.9173117739339068,1269
9034,1271.6096404146458,0.9173117739339068,1269
9035,1271.6096404146458,0.9173117739339068,1269
9036,1271.6096404146458,0.9173117739339068,1269
9037,1271.6096404146458,0.9173117739339068,1269
9038,1271.6096404146458,0.9173117739339068,1269
9039,1271.6096404146458,0.9173117739339068,1269
9040,1271.6096404146458,0.9173117739339068,1269
9041,1271.6096404146458,0.9173117739339068,1269
9042,1271.6096404146458,0.9173117739339068,1269
9043,1271.6096404146458,0.9173117739339068,1269
9044,1271.6096404146458,0.9173117739339068,1269
9045,1271.6096404146458,0.9173117739339068,1269
9046,1271.6096404146458,0.9173117739339068,1269
9047,1271.6096404146458,0.9173117739339068,1269
9048,1271.6096404146458,0.9173117739339068,1269
9049,1271.6096404146458,0.9173117739339068,1269
9050,1271.6096404146458,0.9173117739339068,1269
9051,1271.6096404146458,0.9173117739339068,1269
9052,1271.6096404146458,0.9173117739339068,1269
9053,1271.6096404146458,0.9173117739339068,1269
9054,1271.6096404146458,0.9173117739339068,1269
9055,1271.6096404146458,0.9173117739339068,1269
9056,1271.6096404146458,0.9173117739339068,1269
9057,1271.6096404146458,0.9173117739339068,1269
9058,1271.6096404146458,0.9173117739339068,1269
9059,1271.6096404146458,0.9173117739339068,1269
9060,1271.6096404146458,0.9173117739339068,1269
9061,1271.6096404146458,0.9173117739339068,1269
9062,1271.6096404146458,0.9173117739339068,1269
9063,1271.6096404146458,0.9173117739339068,1269
9064,1271.6096404146458,0.9173117739339068,1269
9065,1271.6096404146458,0.9173117739339068,1269
9066,1271.6096404146458,0.9173117739339068,1269
9067,1271.6096404146458,0.9173117739339068,1269
9068,1271.6096404146458,0.9173117739339068,1269
9069,1271.6096404146458,0.9173117739339068,1269
9070,1271.6096404146458,0.9173117739339068,1269
9071,1271.6096404146458,0.9173117739339068,1269
9072,1271.6096404146458,0.9173117739339068,1269
9073,1271.6096404146458,0.9173117739339068,1269
9074,1271.6096404146458,0.9173117739339068,1269
9075,1271.6096404146458,0.9173117739339068,1269
9076,1271.6096404146458,0.9173117739339068,1269
9077,1271.6096404146458,0.9173117739339068,1269
9078,1271.6096404146458,0.9173117739339068,1269
9079,1271.6096404146458,0.9173117739339068,1269
9080,1271.6096404146458,0.9173117739339068,1269
9081,1271.6096404146458,0.9173117739339068,1269
9082,1271.6096404146458,0.9173117739339068,1269
9083,1271.6096404146458,0.9173117739339068,1269
9084,1271.6096404146458,0.9173117739339068,1269
9085,1271.6096404146458,0.9173117739339068,1269
9086,1271.6096404146458,0.9173117739339068,1269
9087,1271.6096404146458,0.9173117739339068,1269
9088,1271.6096404146458,0.9173117739339068,1269
9089,1271.6096404146458,0.9173117739339068,1269
9090,1271.6096404146458,0.9173117739339068,1269
9091,1271.6096404146458,0.9173117739339068,1269
9092,1271.6096404146458,0.9173117739339068,1269
9093,1271.6096404146458,0.9173117739339068,1269
9094,1271.6096404146458,0.9173117739339068,1269
9095,1271.6096404146458,0.9173117739339068,1269
9096,1271.6096404146458,0.9173117739339068,1269
9097,1271.6096404146458,0.9173117739339068,1269
9098,1271.6096404146458,0.9173117739339068,1269
9099,1271.6096404146458,0.9173117739339068,1269
9100,1271.6096404146458,0.9173117739339068,1269
9101,1271.6096404146458,0.9173117739339068,1269
9102,1271.6096404146458,0.9173117739339068,1269
9103,1271.6096404146458,0.9173117739339068,1269
9104,1271.6096404146458,0.9173117739339068,1269
9105,1271.6096404146458,0.9173117739339068,1269
9106,1271.6096404146458,0.9173117739339068,1269
9107,1271.6096404146458,0.9173117739339068,1269
9108,1271.6096404146458,0.9173117739339068,1269
9109,1271.6096404146458,0.9173117739339068,1269
9110,1271.6096404146458,0.9173117739339068,1269
9111,1271.6096404146458,0.9173117739339068,1269
9112,1271.6096404146458,0.9173117739339068,1269
9113,1271.6096404146458,0.9173117739339068,1269
9114,1271.6096404146458,0.9173117739339068,1269
9115,1271.6096404146458,0.9173117739339068,1269
9116,1271.6096404146458,0.9173117739339068,1269
9117,1271.6096404146458,0.9173117739339068,1269
9118,1271.6096404146458,0.9173117739339068,1269
9119,1271.6096404146458,0.9173117739339068,1269
9120,1271.6096404146458,0.9173117739339068,1269
9121,1271.6096404146458,0.9173117739339068,1269
9122,1271.6096404146458,0.9173117739339068,1269
9123,1271.6096404146458,0.9173117739339068,1269
9124,1271.6096404146458,0.9173117739339068,1269
9125,1271.6096404146458,0.9173117739339068,1269
9126,1271.6096404146458,0.9173117739339068,1269
9127,1271.6096404146458,0.9173117739339068,1269
9128,1271.6096404146458,0.9173117739339068,1269
9129,1271.6096404146458,0.9173117739339068,1269
9130,1271.6096404146458,0.9173117739339068,1269
9131,1271.6096404146458,0.9173117739339068,1269
9132,1271.6096404146458,0.9173117739339068,1269
9133,1271.6096404146458,0.9173117739339068,1269
9134,1271.6096404146458,0.9173117739339068,1269
9135,1271.6096404146458,0.9173117739339068,1269
9136,1271.6096404146458,0.9173117739339068,1269
9137,1271.6096404146458,0.9173117739339068,1269
9138,1271.6096404146458,0.9173117739339068,1269
9139,1271.6096404146458,0.9173117739339068,1269
9140,1271.6096404146458,0.9173117739339068,1269
9141,1271.6096404146458,0.9173117739339068,1269
9142,1271.6096404146458,0.9173117739339068,1269
9143,1271.6096404146458,0.9173117739339068,1269
9144,1271.6096404146458,0.9173117739339068,1269
9145,1271.6096404146458,0.9173117739339068,1269
9146,1271.6096404146458,0.9173117739339068,1269
9147,1271.6096404146458,0.9173117739339068,1269
9148,1271.6096404146458,0.9173117739339068,1269
9149,1271.6096404146458,0.9173117739339068,1269
9150,1271.6096404146458,0.9173117739339068,1269
9151,1271.6096404146458,0.9173117739339068,1269
9152,1271.6096404146458,0.9173117739339068,1269
9153,1271.6096404146458,0.9173117739339068,1269
9154,1271.6096404146458,0.9173117739339068,1269
9155,1271.6096404146458,0.9173117739339068,1269
9156,1271.6096404146458,0.9173117739339068,1269
9157,1271.6096404146458,0.9173117739339068,1269
9158,1271.6096404146458,0.9173117739339068,1269
9159,1271.6096404146458,0.9173117739339068,1269
9160,1271.6096404146458,0.9173117739339068,1269
9161,1271.6096404146458,0.9173117739339068,1269
9162,1271.6096404146458,0.9173117739339068,1269
9163,1271.6096404146458,0.9173117739339068,1269
9164,1271.6096404146458,0.9173117739339068,1269
9165,1271.6096404146458,0.9173117739339068,1269
9166,1271.6096404146458,0.9173117739339068,1269
9167,1271.6096404146458,0.9173117739339068,1269
9168,1271.6096404146458,0.9173117739339068,1269
9169,1271.6096404146458,0.9173117739339068,1269
9170,1271.6096404146458,0.9173117739339068,1269
9171,1271.6096404146458,0.9173117739339068,1269
9172,1271.6096404146458,0.9173117739339068,1269
9173,1271.6096404146458,0.9173117739339068,1269
9174,1271.6096404146458,0.9173117739339068,1269
9175,1271.6096404146458,0.9173117739339068,1269
9176,1271.6096404146458,0.9173117739339068,1269
9177,1271.6096404146458,0.9173117739339068,1269
9178,1271.6096404146458,0.9173117739339068,1269
9179,1271.6096404146458,0.9173117739339068,1269
9180,1271.6096404146458,0.9173117739339068,1269
9181,1271.6096404146458,0.9173117739339068,1269
9182,1271.6096404146458,0.9173117739339068,1269
9183,1271.6096404146458,0.9173117739339068,1269
9184,1271.6096404146458,0.9173117739339068,1269
9185,1271.6096404146458,0.9173117739339068,1269
9186,1271.6096404146458,0.9173117739339068,1269
9187,1271.6096404146458,0.9173117739339068,1269
9188,1271.6096404146458,0.9173117739339068,1269
9189,1271.6096404146458,0.9173117739339068,1269
9190,1271.6096404146458,0.9173117739339068,1269
9191,1271.6096404146458,0.9173117739339068,1269
9192,1271.6096404146458,0.9173117739339068,1269
9193,1271.6096404146458,0.9173117739339068,1269
9194,1271.6096404146458,0.9173117739339068,1269
9195,1271.6096404146458,0.9173117739339068,1269
9196,1271.6096404146458,0.9173117739339068,1269
9197,1271.6096404146458,0.9173117739339068,1269
9198,1271.6096404146458,0.9173117739339068,1269
9199,1271.6096404146458,0.9173117739339068,1269
9200,1271.6096404146458,0.9173117739339068,1269
9201,1271.6096404146458,0.9173117739339068,1269
9202,1271.6096404146458,0.9173117739339068,1269
9203,1271.6096404146458,0.9173117739339068,1269
9204,1271.6096404146458,0.9173117739339068,1269
9205,1271.6096404146458,0.9173117739339068,1269
9206,1271.6096404146458,0.9173117739339068,1269
9207,1271.6096404146458,0.9173117739339068,1269
9208,1271.6096404146458,0.9173117739339068,1269
9209,1271.6096404146458,0.9173117739339068,1269
9210,1271.6096404146458,0.9173117739339068,1269
9211,1271.6096404146458,0.9173117739339068,1269
9212,1271.6096404146458,0.9173117739339068,1269
9213,1271.6096404146458,0.9173117739339068,1269
9214,1271.6096404146458,0.9173117739339068,1269
9215,1271.6096404146458,0.9173117739339068,1269
9216,1271.6096404146458,0.9173117739339068,1269
9217,1271.6096404146458,0.9173117739339068,1269
9218,1271.6096404146458,0.9173117739339068,1269
9219,1271.6096404146458,0.9173117739339068,1269
9220,1271.6096404146458,0.9173117739339068,1269
9221,1271.6096404146458,0.9173117739339068,1269
9222,1271.6096404146458,0.9173117739339068,1269
9223,1271.6096404146458,0.9173117739339068,1269
9224,1271.6096404146458,0.9173117739339068,1269
9225,1271.6096404146458,0.9173117739339068,1269
9226,1271.6096404146458,0.9173117739339068,1269
9227,1271.6096404146458,0.9173117739339068,1269
9228,1271.6096404146458,0.9173117739339068,1269
9229,1271.6096404146458,0.9173117739339068,1269
9230,1271.6096404146458,0.9173117739339068,1269
9231,1271.6096404146458,0.9173117739339068,1269
9232,1271.6096404146458,0.9173117739339068,1269
9233,1271.6096404146458,0.9173117739339068,1269
9234,1271.6096404146458,0.9173117739339068,1269
9235,1271.6096404146458,0.9173117739339068,1269
9236,1271.6096404146458,0.9173117739339068,1269
9237,1271.6096404146458,0.9173117739339068,1269
9238,1271.6096404146458,0.9173117739339068,1269
9239,1271.6096404146458,0.9173117739339068,1269
9240,1271.6096404146458,0.9173117739339068,1269
9241,1271.6096404146458,0.9173117739339068,1269
9242,1271.6096404146458,0.9173117739339068,1269
9243,1271.6096404146458,0.9173117739339068,1269
9244,1271.6096404146458,0.9173117739339068,1269
9245,1271.6096404146458,0.9173117739339068,1269
9246,1271.6096404146458,0.9173117739339068,1269
9247,1271.6096404146458,0.9173117739339068,1269
9248,1271.6096404146458,0.9173117739339068,1269
9249,1271.6096404146458,0.9173117739339068,1269
9250,1271.6096404146458,0.9173117739339068,1269
9251,1271.6096404146458,0.9173117739339068,1269
9252,1271.6096404146458,0.9173117739339068,1269
9253,1271.6096404146458,0.9173117739339068,1269
9254,1271.6096404146458,0.9173117739339068,1269
9255,1271.6096404146458,0.9173117739339068,1269
9256,1271.6096404146458,0.9173117739339068,1269
9257,1271.6096404146458,0.9173117739339068,1269
9258,1271.6096404146458,0.9173117739339068,1269
9259,1271.6096404146458,0.9173117739339068,1269
9260,1271.6096404146458,0.9173117739339068,1269
9261,1271.6096404146458,0.9173117739339068,1269
9262,1271.6096404146458,0.9173117739339068,1269
9263,1271.6096404146458,0.9173117739339068,1269
9264,1271.6096404146458,0.9173117739339068,1269
9265,1271.6096404146458,0.9173117739339068,1269
9266,1271.6096404146458,0.9173117739339068,1269
9267,1271.6096404146458,0.9173117739339068,1269
9268,1271.6096404146458,0.9173117739339068,1269
9269,1271.6096404146458,0.9173117739339068,1269
9270,1271.6096404146458,0.9173117739339068,1269
9271,1271.6096404146458,0.9173117739339068,1269
9272,1271.6096404146458,0.9173117739339068,1269
9273,1271.6096404146458,0.9173117739339068,1269
9274,1271.6096404146458,0.9173117739339068,1269
9275,1271.6096404146458,0.9173117739339068,1269
9276,1271.6096404146458,0.9173117739339068,1269
9277,1271.6096404146458,0.9173117739339068,1269
9278,1271.6096404146458,0.9173117739339068,1269
9279,1271.6096404146458,0.9173117739339068,1269
9280,1271.6096404146458,0.9173117739339068,1269
9281,1271.6096404146458,0.9173117739339068,1269
9282,1271.6096404146458,0.9173117739339068,1269
9283,1271.6096404146458,0.9173117739339068,1269
9284,1271.6096404146458,0.9173117739339068,1269
9285,1271.6096404146458,0.9173117739339068,1269
9286,1271.6096404146458,0.9173117739339068,1269
9287,1271.6096404146458,0.9173117739339068,1269
9288,1271.6096404146458,0.9173117739339068,1269
9289,1271.6096404146458,0.9173117739339068,1269
9290,1271.6096404146458,0.9173117739339068,1269
9291,1271.6096404146458,0.9173117739339068,1269
9292,1271.6096404146458,0.9173117739339068,1269
9293,1271.6096404146458,0.9173117739339068,1269
9294,1271.6096404146458,0.9173117739339068,1269
9295,1271.6096404146458,0.9173117739339068,1269
9296,1271.6096404146458,0.9173117739339068,1269
9297,1271.6096404146458,0.9173117739339068,1269
9298,1271.6096404146458,0.9173117739339068,1269
9299,1271.6096404146458,0.9173117739339068,1269
9300,1271.6096404146458,0.9173117739339068,1269
9301,1271.6096404146458,0.9173117739339068,1269
9302,1271.6096404146458,0.9173117739339068,1269
9303,1271.6096404146458,0.9173117739339068,1269
9304,1271.6096404146458,0.9173117739339068,1269
9305,1271.6096404146458,0.9173117739339068,1269
9306,1271.6096404146458,0.9173117739339068,1269
9307,1271.6096404146458,0.9173117739339068,1269
9308,1271.6096404146458,0.9173117739339068,1269
9309,1271.6096404146458,0.9173117739339068,1269
9310,1271.6096404146458,0.9173117739339068,1269
9311,1271.6096404146458,0.9173117739339068,1269
9312,1271.6096404146458,0.9173117739339068,1269
9313,1271.6096404146458,0.9173117739339068,1269
9314,1271.6096404146458,0.9173117739339068,1269
9315,1271.6096404146458,0.9173117739339068,1269
9316,1271.6096404146458,0.9173117739339068,1269
9317,1271.6096404146458,0.9173117739339068,1269
9318,1271.6096404146458,0.9173117739339068,1269
9319,1271.6096404146458,0.9173117739339068,1269
9320,1271.6096404146458,0.9173117739339068,1269
9321,1271.6096404146458,0.9173117739339068,1269
9322,1271.6096404146458,0.9173117739339068,1269
9323,1271.6096404146458,0.9173117739339068,1269
9324,1271.6096404146458,0.9173117739339068,1269
9325,1271.6096404146458,0.9173117739339068,1269
9326,1271.6096404146458,0.9173117739339068,1269
9327,1271.6096404146458,0.9173117739339068,1269
9328,1271.6096404146458,0.9173117739339068,1269
9329,1271.6096404146458,0.9173117739339068,1269
9330,1271.6096404146458,0.9173117739339068,1269
9331,1271.6096404146458,0.9173117739339068,1269
9332,1271.6096404146458,0.9173117739339068,1269
9333,1271.6096404146458,0.9173117739339068,1269
9334,1271.6096404146458,0.9173117739339068,1269
9335,1271.6096404146458,0.9173117739339068,1269
9336,1271.6096404146458,0.9173117739339068,1269
9337,1271.6096404146458,0.9173117739339068,1269
9338,1271.6096404146458,0.9173117739339068,1269
9339,1271.6096404146458,0.9173117739339068,1269
9340,1271.6096404146458,0.9173117739339068,1269
9341,1271.6096404146458,0.9173117739339068,1269
9342,1271.6096404146458,0.9173117739339068,1269
9343,1271.6096404146458,0.9173117739339068,1269
9344,1271.6096404146458,0.9173117739339068,1269
9345,1271.6096404146458,0.9173117739339068,1269
9346,1271.6096404146458,0.9173117739339068,1269
9347,1271.6096404146458,0.9173117739339068,1269
9348,1271.6096404146458,0.9173117739339068,1269
9349,1271.6096404146458,0.9173117739339068,1269
9350,1271.6096404146458,0.9173117739339068,1269
9351,1271.6096404146458,0.9173117739339068,1269
9352,1271.6096404146458,0.9173117739339068,1269
9353,1271.6096404146458,0.9173117739339068,1269
9354,1271.6096404146458,0.9173117739339068,1269
9355,1271.6096404146458,0.9173117739339068,1269
9356,1271.6096404146458,0.9173117739339068,1269
9357,1271.6096404146458,0.9173117739339068,1269
9358,1271.6096404146458,0.9173117739339068,1269
9359,1271.6096404146458,0.9173117739339068,1269
9360,1271.6096404146458,0.9173117739339068,1269
9361,1271.6096404146458,0.9173117739339068,1269
9362,1271.6096404146458,0.9173117739339068,1269
9363,1271.6096404146458,0.9173117739339068,1269
9364,1271.6096404146458,0.9173117739339068,1269
9365,1271.6096404146458,0.9173117739339068,1269
9366,1271.6096404146458,0.9173117739339068,1269
9367,1271.6096404146458,0.9173117739339068,1269
9368,1271.6096404146458,0.9173117739339068,1269
9369,1271.6096404146458,0.9173117739339068,1269
9370,1271.6096404146458,0.9173117739339068,1269
9371,1271.6096404146458,0.9173117739339068,1269
9372,1271.6096404146458,0.9173117739339068,1269
9373,1271.6096404146458,0.9173117739339068,1269
9374,1271.6096404146458,0.9173117739339068,1269
9375,1271.6096404146458,0.9173117739339068,1269
9376,1271.6096404146458,0.9173117739339068,1269
9377,1271.6096404146458,0.9173117739339068,1269
9378,1271.6096404146458,0.9173117739339068,1269
9379,1271.6096404146458,0.9173117739339068,1269
9380,1271.6096404146458,0.9173117739339068,1269
9381,1271.6096404146458,0.9173117739339068,1269
9382,1271.6096404146458,0.9173117739339068,1269
9383,1271.6096404146458,0.9173117739339068,1269
9384,1271.6096404146458,0.9173117739339068,1269
9385,1271.6096404146458,0.9173117739339068,1269
9386,1271.6096404146458,0.9173117739339068,1269
9387,1271.6096404146458,0.9173117739339068,1269
9388,1271.6096404146458,0.9173117739339068,1269
9389,1271.6096404146458,0.9173117739339068,1269
9390,1271.6096404146458,0.9173117739339068,1269
9391,1271.6096404146458,0.9173117739339068,1269
9392,1271.6096404146458,0.9173117739339068,1269
9393,1271.6096404146458,0.9173117739339068,1269
9394,1271.6096404146458,0.9173117739339068,1269
9395,1271.6096404146458,0.9173117739339068,1269
9396,1271.6096404146458,0.9173117739339068,1269
9397,1271.6096404146458,0.9173117739339068,1269
9398,1271.6096404146458,0.9173117739339068,1269
9399,1271.6096404146458,0.9173117739339068,1269
9400,1271.6096404146458,0.9173117739339068,1269
9401,1271.6096404146458,0.9173117739339068,1269
9402,1271.6096404146458,0.9173117739339068,1269
9403,1271.6096404146458,0.9173117739339068,1269
9404,1271.6096404146458,0.9173117739339068,1269
9405,1271.6096404146458,0.9173117739339068,1269
9406,1271.6096404146458,0.9173117739339068,1269
9407,1271.6096404146458,0.9173117739339068,1269
9408,1271.6096404146458,0.9173117739339068,1269
9409,1271.6096404146458,0.9173117739339068,1269
9410,1271.6096404146458,0.9173117739339068,1269
9411,1271.6096404146458,0.9173117739339068,1269
9412,1271.6096404146458,0.9173117739339068,1269
9413,1271.6096404146458,0.9173117739339068,1269
9414,1271.6096404146458,0.9173117739339068,1269
9415,1271.6096404146458,0.9173117739339068,1269
9416,1271.6096404146458,0.9173117739339068,1269
9417,1271.6096404146458,0.9173117739339068,1269
9418,1271.6096404146458,0.9173117739339068,1269
9419,1271.6096404146458,0.9173117739339068,1269
9420,1271.6096404146458,0.9173117739339068,1269
9421,1271.6096404146458,0.9173117739339068,1269
9422,1271.6096404146458,0.9173117739339068,1269
9423,1271.6096404146458,0.9173117739339068,1269
9424,1271.6096404146458,0.9173117739339068,1269
9425,1271.6096404146458,0.9173117739339068,1269
9426,1271.6096404146458,0.9173117739339068,1269
9427,1271.6096404146458,0.9173117739339068,1269
9428,1271.6096404146458,0.9173117739339068,1269
9429,1271.6096404146458,0.9173117739339068,1269
9430,1271.6096404146458,0.9173117739339068,1269
9431,1271.6096404146458,0.9173117739339068,1269
9432,1271.6096404146458,0.9173117739339068,1269
9433,1271.6096404146458,0.9173117739339068,1269
9434,1271.6096404146458,0.9173117739339068,1269
9435,1271.6096404146458,0.9173117739339068,1269
9436,1271.6096404146458,0.9173117739339068,1269
9437,1271.6096404146458,0.9173117739339068,1269
9438,1271.6096404146458,0.9173117739339068,1269
9439,1271.6096404146458,0.9173117739339068,1269
9440,1271.6096404146458,0.9173117739339068,1269
9441,1271.6096404146458,0.9173117739339068,1269
9442,1271.6096404146458,0.9173117739339068,1269
9443,1271.6096404146458,0.9173117739339068,1269
9444,1271.6096404146458,0.9173117739339068,1269
9445,1271.6096404146458,0.9173117739339068,1269
9446,1271.6096404146458,0.9173117739339068,1269
9447,1271.6096404146458,0.9173117739339068,1269
9448,1271.6096404146458,0.9173117739339068,1269
9449,1271.6096404146458,0.9173117739339068,1269
9450,1271.6096404146458,0.9173117739339068,1269
9451,1271.6096404146458,0.9173117739339068,1269
9452,1271.6096404146458,0.9173117739339068,1269
9453,1271.6096404146458,0.9173117739339068,1269
9454,1271.6096404146458,0.9173117739339068,1269
9455,1271.6096404146458,0.9173117739339068,1269
9456,1271.6096404146458,0.9173117739339068,1269
9457,1271.6096404146458,0.9173117739339068,1269
9458,1271.6096404146458,0.9173117739339068,1269
9459,1271.6096404146458,0.9173117739339068,1269
9460,1271.6096404146458,0.9173117739339068,1269
9461,1271.6096404146458,0.9173117739339068,1269
9462,1271.6096404146458,0.9173117739339068,1269
9463,1271.6096404146458,0.9173117739339068,1269
9464,1271.6096404146458,0.9173117739339068,1269
9465,1271.6096404146458,0.9173117739339068,1269
9466,1271.6096404146458,0.9173117739339068,1269
9467,1271.6096404146458,0.9173117739339068,1269
9468,1271.6096404146458,0.9173117739339068,1269
9469,1271.6096404146458,0.9173117739339068,1269
9470,1271.6096404146458,0.9173117739339068,1269
9471,1271.6096404146458,0.9173117739339068,1269
9472,1271.6096404146458,0.9173117739339068,1269
9473,1271.6096404146458,0.9173117739339068,1269
9474,1271.6096404146458,0.9173117739339068,1269
9475,1271.6096404146458,0.9173117739339068,1269
9476,1271.6096404146458,0.9173117739339068,1269
9477,1271.6096404146458,0.9173117739339068,1269
9478,1271.6096404146458,0.9173117739339068,1269
9479,1271.6096404146458,0.9173117739339068,1269
9480,1271.6096404146458,0.9173117739339068,1269
9481,1271.6096404146458,0.9173117739339068,1269
9482,1271.6096404146458,0.9173117739339068,1269
9483,1271.6096404146458,0.9173117739339068,1269
9484,1271.6096404146458,0.9173117739339068,1269
9485,1271.6096404146458,0.9173117739339068,1269
9486,1271.6096404146458,0.9173117739339068,1269
9487,1271.6096404146458,0.9173117739339068,1269
9488,1271.6096404146458,0.9173117739339068,1269
9489,1271.6096404146458,0.9173117739339068,1269
9490,1271.6096404146458,0.9173117739339068,1269
9491,1271.6096404146458,0.9173117739339068,1269
9492,1271.6096404146458,0.9173117739339068,1269
9493,1271.6096404146458,0.9173117739339068,1269
9494,1271.6096404146458,0.9173117739339068,1269
9495,1271.6096404146458,0.9173117739339068,1269
9496,1271.6096404146458,0.9173117739339068,1269
9497,1271.6096404146458,0.9173117739339068,1269
9498,1271.6096404146458,0.9173117739339068,1269
9499,1271.6096404146458,0.9173117739339068,1269
9500,1271.6096404146458,0.9173117739339068,1269
9501,1271.6096404146458,0.9173117739339068,1269
9502,1271.6096404146458,0.9173117739339068,1269
9503,1271.6096404146458,0.9173117739339068,1269
9504,1271.6096404146458,0.9173117739339068,1269
9505,1271.6096404146458,0.9173117739339068,1269
9506,1271.6096404146458,0.9173117739339068,1269
9507,1271.6096404146458,0.9173117739339068,1269
9508,1271.6096404146458,0.9173117739339068,1269
9509,1271.6096404146458,0.9173117739339068,1269
9510,1271.6096404146458,0.9173117739339068,1269
9511,1271.6096404146458,0.9173117739339068,1269
9512,1271.6096404146458,0.9173117739339068,1269
9513,1271.6096404146458,0.9173117739339068,1269
9514,1271.6096404146458,0.9173117739339068,1269
9515,1271.6096404146458,0.9173117739339068,1269
9516,1271.6096404146458,0.9173117739339068,1269
9517,1271.6096404146458,0.9173117739339068,1269
9518,1271.6096404146458,0.9173117739339068,1269
9519,1271.6096404146458,0.9173117739339068,1269
9520,1271.6096404146458,0.9173117739339068,1269
9521,1271.6096404146458,0.9173117739339068,1269
9522,1271.6096404146458,0.9173117739339068,1269
9523,1271.6096404146458,0.9173117739339068,1269
9524,1271.6096404146458,0.9173117739339068,1269
9525,1271.6096404146458,0.9173117739339068,1269
9526,1271.6096404146458,0.9173117739339068,1269
9527,1271.6096404146458,0.9173117739339068,1269
9528,1271.6096404146458,0.9173117739339068,1269
9529,1271.6096404146458,0.9173117739339068,1269
9530,1271.6096404146458,0.9173117739339068,1269
9531,1271.6096404146458,0.9173117739339068,1269
9532,1271.6096404146458,0.9173117739339068,1269
9533,1271.6096404146458,0.9173117739339068,1269
9534,1271.6096404146458,0.9173117739339068,1269
9535,1271.6096404146458,0.9173117739339068,1269
9536,1271.6096404146458,0.9173117739339068,1269
9537,1271.6096404146458,0.9173117739339068,1269
9538,1271.6096404146458,0.9173117739339068,1269
9539,1271.6096404146458,0.9173117739339068,1269
9540,1271.6096404146458,0.9173117739339068,1269
9541,1271.6096404146458,0.9173117739339068,1269
9542,1271.6096404146458,0.9173117739339068,1269
9543,1271.6096404146458,0.9173117739339068,1269
9544,1271.6096404146458,0.9173117739339068,1269
9545,1271.6096404146458,0.9173117739339068,1269
9546,1271.6096404146458,0.9173117739339068,1269
9547,1271.6096404146458,0.9173117739339068,1269
9548,1271.6096404146458,0.9173117739339068,1269
9549,1271.6096404146458,0.9173117739339068,1269
9550,1271.6096404146458,0.9173117739339068,1269
9551,1271.6096404146458,0.9173117739339068,1269
9552,1271.6096404146458,0.9173117739339068,1269
9553,1271.6096404146458,0.9173117739339068,1269
9554,1271.6096404146458,0.9173117739339068,1269
9555,1271.6096404146458,0.9173117739339068,1269
9556,1271.6096404146458,0.9173117739339068,1269
9557,1271.6096404146458,0.9173117739339068,1269
9558,1271.6096404146458,0.9173117739339068,1269
9559,1271.6096404146458,0.9173117739339068,1269
9560,1271.6096404146458,0.9173117739339068,1269
9561,1271.6096404146458,0.9173117739339068,1269
9562,1271.6096404146458,0.9173117739339068,1269
9563,1271.6096404146458,0.9173117739339068,1269
9564,1271.6096404146458,0.9173117739339068,1269
9565,1271.6096404146458,0.9173117739339068,1269
9566,1271.6096404146458,0.9173117739339068,1269
9567,1271.6096404146458,0.9173117739339068,1269
9568,1271.6096404146458,0.9173117739339068,1269
9569,1271.6096404146458,0.9173117739339068,1269
9570,1271.6096404146458,0.9173117739339068,1269
9571,1271.6096404146458,0.9173117739339068,1269
9572,1271.6096404146458,0.9173117739339068,1269
9573,1271.6096404146458,0.9173117739339068,1269
9574,1271.6096404146458,0.9173117739339068,1269
9575,1271.6096404146458,0.9173117739339068,1269
9576,1271.6096404146458,0.9173117739339068,1269
9577,1271.6096404146458,0.9173117739339068,1269
9578,1271.6096404146458,0.9173117739339068,1269
9579,1271.6096404146458,0.9173117739339068,1269
9580,1271.6096404146458,0.9173117739339068,1269
9581,1271.6096404146458,0.9173117739339068,1269
9582,1271.6096404146458,0.9173117739339068,1269
9583,1271.6096404146458,0.9173117739339068,1269
9584,1271.6096404146458,0.9173117739339068,1269
9585,1271.6096404146458,0.9173117739339068,1269
9586,1271.6096404146458,0.9173117739339068,1269
9587,1271.6096404146458,0.9173117739339068,1269
9588,1271.6096404146458,0.9173117739339068,1269
9589,1271.6096404146458,0.9173117739339068,1269
9590,1271.6096404146458,0.9173117739339068,1269
9591,1271.6096404146458,0.9173117739339068,1269
9592,1271.6096404146458,0.9173117739339068,1269
9593,1271.6096404146458,0.9173117739339068,1269
9594,1271.6096404146458,0.9173117739339068,1269
9595,1271.6096404146458,0.9173117739339068,1269
9596,1271.6096404146458,0.9173117739339068,1269
9597,1271.6096404146458,0.9173117739339068,1269
9598,1271.6096404146458,0.9173117739339068,1269
9599,1271.6096404146458,0.9173117739339068,1269
9600,1271.6096404146458,0.9173117739339068,1269
9601,1271.6096404146458,0.9173117739339068,1269
9602,1271.6096404146458,0.9173117739339068,1269
9603,1271.6096404146458,0.9173117739339068,1269
9604,1271.6096404146458,0.9173117739339068,1269
9605,1271.6096404146458,0.9173117739339068,1269
9606,1271.6096404146458,0.9173117739339068,1269
9607,1271.6096404146458,0.9173117739339068,1269
9608,1271.6096404146458,0.9173117739339068,1269
9609,1271.6096404146458,0.9173117739339068,1269
9610,1271.6096404146458,0.9173117739339068,1269
9611,1271.6096404146458,0.9173117739339068,1269
9612,1271.6096404146458,0.9173117739339068,1269
9613,1271.6096404146458,0.9173117739339068,1269
9614,1271.6096404146458,0.9173117739339068,1269
9615,1271.6096404146458,0.9173117739339068,1269
9616,1271.6096404146458,0.9173117739339068,1269
9617,1271.6096404146458,0.9173117739339068,1269
9618,1271.6096404146458,0.9173117739339068,1269
9619,1271.6096404146458,0.9173117739339068,1269
9620,1271.6096404146458,0.9173117739339068,1269
9621,1271.6096404146458,0.9173117739339068,1269
9622,1271.6096404146458,0.9173117739339068,1269
9623,1271.6096404146458,0.9173117739339068,1269
9624,1271.6096404146458,0.9173117739339068,1269
9625,1271.6096404146458,0.9173117739339068,1269
9626,1271.6096404146458,0.9173117739339068,1269
9627,1271.6096404146458,0.9173117739339068,1269
9628,1271.6096404146458,0.9173117739339068,1269
9629,1271.6096404146458,0.9173117739339068,1269
9630,1271.6096404146458,0.9173117739339068,1269
9631,1271.6096404146458,0.9173117739339068,1269
9632,1271.6096404146458,0.9173117739339068,1269
9633,1271.6096404146458,0.9173117739339068,1269
9634,1271.6096404146458,0.9173117739339068,1269
9635,1271.6096404146458,0.9173117739339068,1269
9636,1271.6096404146458,0.9173117739339068,1269
9637,1271.6096404146458,0.9173117739339068,1269
9638,1271.6096404146458,0.9173117739339068,1269
9639,1271.6096404146458,0.9173117739339068,1269
9640,1271.6096404146458,0.9173117739339068,1269
9641,1271.6096404146458,0.9173117739339068,1269
9642,1271.6096404146458,0.9173117739339068,1269
9643,1271.6096404146458,0.9173117739339068,1269
9644,1271.6096404146458,0.9173117739339068,1269
9645,1271.6096404146458,0.9173117739339068,1269
9646,1271.6096404146458,0.9173117739339068,1269
9647,1271.6096404146458,0.9173117739339068,1269
9648,1271.6096404146458,0.9173117739339068,1269
9649,1271.6096404146458,0.9173117739339068,1269
9650,1271.6096404146458,0.9173117739339068,1269
9651,1271.6096404146458,0.9173117739339068,1269
9652,1271.6096404146458,0.9173117739339068,1269
9653,1271.6096404146458,0.9173117739339068,1269
9654,1271.6096404146458,0.9173117739339068,1269
9655,1271.6096404146458,0.9173117739339068,1269
9656,1271.6096404146458,0.9173117739339068,1269
9657,1271.6096404146458,0.9173117739339068,1269
9658,1271.6096404146458,0.9173117739339068,1269
9659,1271.6096404146458,0.9173117739339068,1269
9660,1271.6096404146458,0.9173117739339068,1269
9661,1271.6096404146458,0.9173117739339068,1269
9662,1271.6096404146458,0.9173117739339068,1269
9663,1271.6096404146458,0.9173117739339068,1269
9664,1271.6096404146458,0.9173117739339068,1269
9665,1271.6096404146458,0.9173117739339068,1269
9666,1271.6096404146458,0.9173117739339068,1269
9667,1271.6096404146458,0.9173117739339068,1269
9668,1271.6096404146458,0.9173117739339068,1269
9669,1271.6096404146458,0.9173117739339068,1269
9670,1271.6096404146458,0.9173117739339068,1269
9671,1271.6096404146458,0.9173117739339068,1269
9672,1271.6096404146458,0.9173117739339068,1269
9673,1271.6096404146458,0.9173117739339068,1269
9674,1271.6096404146458,0.9173117739339068,1269
9675,1271.6096404146458,0.9173117739339068,1269
9676,1271.6096404146458,0.9173117739339068,1269
9677,1271.6096404146458,0.9173117739339068,1269
9678,1271.6096404146458,0.9173117739339068,1269
9679,1271.6096404146458,0.9173117739339068,1269
9680,1271.6096404146458,0.9173117739339068,1269
9681,1271.6096404146458,0.9173117739339068,1269
9682,1271.6096404146458,0.9173117739339068,1269
9683,1271.6096404146458,0.9173117739339068,1269
9684,1271.6096404146458,0.9173117739339068,1269
9685,1271.6096404146458,0.9173117739339068,1269
9686,1271.6096404146458,0.9173117739339068,1269
9687,1271.6096404146458,0.9173117739339068,1269
9688,1271.6096404146458,0.9173117739339068,1269
9689,1271.6096404146458,0.9173117739339068,1269
9690,1271.6096404146458,0.9173117739339068,1269
9691,1271.6096404146458,0.9173117739339068,1269
9692,1271.6096404146458,0.9173117739339068,1269
9693,1271.6096404146458,0.9173117739339068,1269
9694,1271.6096404146458,0.9173117739339068,1269
9695,1271.6096404146458,0.9173117739339068,1269
9696,1271.6096404146458,0.9173117739339068,1269
9697,1271.6096404146458,0.9173117739339068,1269
9698,1271.6096404146458,0.9173117739339068,1269
9699,1271.6096404146458,0.9173117739339068,1269
9700,1271.6096404146458,0.9173117739339068,1269
9701,1271.6096404146458,0.9173117739339068,1269
9702,1271.6096404146458,0.9173117739339068,1269
9703,1271.6096404146458,0.9173117739339068,1269
9704,1271.6096404146458,0.9173117739339068,1269
9705,1271.6096404146458,0.9173117739339068,1269
9706,1271.6096404146458,0.9173117739339068,1269
9707,1271.6096404146458,0.9173117739339068,1269
9708,1271.6096404146458,0.9173117739339068,1269
9709,1271.6096404146458,0.9173117739339068,1269
9710,1271.6096404146458,0.9173117739339068,1269
9711,1271.6096404146458,0.9173117739339068,1269
9712,1271.6096404146458,0.9173117739339068,1269
9713,1271.6096404146458,0.9173117739339068,1269
9714,1271.6096404146458,0.9173117739339068,1269
9715,1271.6096404146458,0.9173117739339068,1269
9716,1271.6096404146458,0.9173117739339068,1269
9717,1271.6096404146458,0.9173117739339068,1269
9718,1271.6096404146458,0.9173117739339068,1269
9719,1271.6096404146458,0.9173117739339068,1269
9720,1271.6096404146458,0.9173117739339068,1269
9721,1271.6096404146458,0.9173117739339068,1269
9722,1271.6096404146458,0.9173117739339068,1269
9723,1271.6096404146458,0.9173117739339068,1269
9724,1271.6096404146458,0.9173117739339068,1269
9725,1271.6096404146458,0.9173117739339068,1269
9726,1271.6096404146458,0.9173117739339068,1269
9727,1271.6096404146458,0.9173117739339068,1269
9728,1271.6096404146458,0.9173117739339068,1269
9729,1271.6096404146458,0.9173117739339068,1269
9730,1271.6096404146458,0.9173117739339068,1269
9731,1271.6096404146458,0.9173117739339068,1269
9732,1271.6096404146458,0.9173117739339068,1269
9733,1271.6096404146458,0.9173117739339068,1269
9734,1271.6096404146458,0.9173117739339068,1269
9735,1271.6096404146458,0.9173117739339068,1269
9736,1271.6096404146458,0.9173117739339068,1269
9737,1271.6096404146458,0.9173117739339068,1269
9738,1271.6096404146458,0.9173117739339068,1269
9739,1271.6096404146458,0.9173117739339068,1269
9740,1271.6096404146458,0.9173117739339068,1269
9741,1271.6096404146458,0.9173117739339068,1269
9742,1271.6096404146458,0.9173117739339068,1269
9743,1271.6096404146458,0.9173117739339068,1269
9744,1271.6096404146458,0.9173117739339068,1269
9745,1271.6096404146458,0.9173117739339068,1269
9746,1271.6096404146458,0.9173117739339068,1269
9747,1271.6096404146458,0.9173117739339068,1269
9748,1271.6096404146458,0.9173117739339068,1269
9749,1271.6096404146458,0.9173117739339068,1269
9750,1271.6096404146458,0.9173117739339068,1269
9751,1271.6096404146458,0.9173117739339068,1269
9752,1271.6096404146458,0.9173117739339068,1269
9753,1271.6096404146458,0.9173117739339068,1269
9754,1271.6096404146458,0.9173117739339068,1269
9755,1271.6096404146458,0.9173117739339068,1269
9756,1271.6096404146458,0.9173117739339068,1269
9757,1271.6096404146458,0.9173117739339068,1269
9758,1271.6096404146458,0.9173117739339068,1269
9759,1271.6096404146458,0.9173117739339068,1269
9760,1271.6096404146458,0.9173117739339068,1269
9761,1271.6096404146458,0.9173117739339068,1269
9762,1271.6096404146458,0.9173117739339068,1269
9763,1271.6096404146458,0.9173117739339068,1269
9764,1271.6096404146458,0.9173117739339068,1269
9765,1271.6096404146458,0.9173117739339068,1269
9766,1271.6096404146458,0.9173117739339068,1269
9767,1271.6096404146458,0.9173117739339068,1269
9768,1271.6096404146458,0.9173117739339068,1269
9769,1271.6096404146458,0.9173117739339068,1269
9770,1271.6096404146458,0.9173117739339068,1269
9771,1271.6096404146458,0.9173117739339068,1269
9772,1271.6096404146458,0.9173117739339068,1269
9773,1271.6096404146458,0.9173117739339068,1269
9774,1271.6096404146458,0.9173117739339068,1269
9775,1271.6096404146458,0.9173117739339068,1269
9776,1271.6096404146458,0.9173117739339068,1269
9777,1271.6096404146458,0.9173117739339068,1269
9778,1271.6096404146458,0.9173117739339068,1269
9779,1271.6096404146458,0.9173117739339068,1269
9780,1271.6096404146458,0.9173117739339068,1269
9781,1271.6096404146458,0.9173117739339068,1269
9782,1271.6096404146458,0.9173117739339068,1269
9783,1271.6096404146458,0.9173117739339068,1269
9784,1271.6096404146458,0.9173117739339068,1269
9785,1271.6096404146458,0.9173117739339068,1269
9786,1271.6096404146458,0.9173117739339068,1269
9787,1271.6096404146458,0.9173117739339068,1269
9788,1271.6096404146458,0.9173117739339068,1269
9789,1271.6096404146458,0.9173117739339068,1269
9790,1271.6096404146458,0.9173117739339068,1269
9791,1271.6096404146458,0.9173117739339068,1269
9792,1271.6096404146458,0.9173117739339068,1269
