Iteration,Objective,Fairness,Duration
0,1698.1650710790923,0.5372153946912201,1670
1,1698.1650710790923,0.5372153946912201,1670
2,1698.1650710790923,0.5372153946912201,1670
3,1698.1650710790923,0.5372153946912201,1670
4,1698.1650710790923,0.5372153946912201,1670
5,1698.1650710790923,0.5372153946912201,1670
6,1698.1650710790923,0.5372153946912201,1670
7,1698.1650710790923,0.5372153946912201,1670
8,1698.1650710790923,0.5372153946912201,1670
9,1712.1845428659708,0.5368954507727446,1684
10,1720.502230773345,0.5316754720120759,1692
11,1720.502230773345,0.5316754720120759,1692
12,1720.502230773345,0.5316754720120759,1692
13,1744.5788339394605,0.5468479471005506,1717
14,1742.3767572835288,0.5337371461792813,1714
15,1702.3261172655339,0.5345692200865299,1674
16,1702.3261172655339,0.5345692200865299,1674
17,1702.3261172655339,0.5345692200865299,1674
18,1702.3261172655339,0.5345692200865299,1674
19,1702.3261172655339,0.5345692200865299,1674
20,1702.3261172655339,0.5345692200865299,1674
21,1702.3261172655339,0.5345692200865299,1674
22,1702.3261172655339,0.5345692200865299,1674
23,1702.3261172655339,0.5345692200865299,1674
24,1708.4880500307565,0.5319084779698223,1680
25,1708.4880500307565,0.5319084779698223,1680
26,1708.4880500307565,0.5319084779698223,1680
27,1708.4880500307565,0.5319084779698223,1680
28,1708.4880500307565,0.5319084779698223,1680
29,1708.4880500307565,0.5319084779698223,1680
30,1708.4880500307565,0.5319084779698223,1680
31,1710.4904279434081,0.5318694061221144,1682
32,1710.4904279434081,0.5318694061221144,1682
33,1710.4904279434081,0.5318694061221144,1682
34,1710.4904279434081,0.5318694061221144,1682
35,1710.4904279434081,0.5318694061221144,1682
36,1710.4904279434081,0.5318694061221144,1682
37,1710.4904279434081,0.5318694061221144,1682
38,1710.4904279434081,0.5318694061221144,1682
39,1710.4904279434081,0.5318694061221144,1682
40,1715.4963473507705,0.5317721434313093,1687
41,1715.4963473507705,0.5317721434313093,1687
42,1715.4963473507705,0.5317721434313093,1687
43,1723.5057436903091,0.5316177507343218,1695
44,1723.5057436903091,0.5316177507343218,1695
45,1700.4784798470102,0.5320657271276661,1672
46,1690.8532079946265,0.5259085114257906,1662
47,1690.8532079946265,0.5259085114257906,1662
48,1690.8532079946265,0.5259085114257906,1662
49,1690.8532079946265,0.5259085114257906,1662
50,1700.4784798470102,0.5320657271276661,1672
51,1700.4784798470102,0.5320657271276661,1672
52,1682.142400547705,0.5375878976716255,1654
53,1664.8275240777157,0.5263305278061826,1636
54,1664.8275240777157,0.5263305278061826,1636
55,1664.8275240777157,0.5263305278061826,1636
56,1664.8275240777157,0.5263305278061826,1636
57,1664.8275240777157,0.5263305278061826,1636
58,1627.78949813954,0.5269553378320726,1599
59,1627.78949813954,0.5269553378320726,1599
60,1592.7518298301131,0.5275742716051087,1564
61,1592.7518298301131,0.5275742716051087,1564
62,1592.7518298301131,0.5275742716051087,1564
63,1592.7518298301131,0.5275742716051087,1564
64,1592.7518298301131,0.5275742716051087,1564
65,1592.7518298301131,0.5275742716051087,1564
66,1592.7518298301131,0.5275742716051087,1564
67,1592.7518298301131,0.5275742716051087,1564
68,1592.7518298301131,0.5275742716051087,1564
69,1592.7518298301131,0.5275742716051087,1564
70,1592.7518298301131,0.5275742716051087,1564
71,1592.7518298301131,0.5275742716051087,1564
72,1592.7518298301131,0.5275742716051087,1564
73,1592.7518298301131,0.5275742716051087,1564
74,1592.7518298301131,0.5275742716051087,1564
75,1592.7518298301131,0.5275742716051087,1564
76,1592.7518298301131,0.5275742716051087,1564
77,1592.7518298301131,0.5275742716051087,1564
78,1592.7518298301131,0.5275742716051087,1564
79,1592.7518298301131,0.5275742716051087,1564
80,1592.7518298301131,0.5275742716051087,1564
81,1592.7518298301131,0.5275742716051087,1564
82,1592.7518298301131,0.5275742716051087,1564
83,1592.7518298301131,0.5275742716051087,1564
84,1618.7799743293351,0.5271118250191404,1590
85,1618.7799743293351,0.5271118250191404,1590
86,1618.7799743293351,0.5271118250191404,1590
87,1618.7799743293351,0.5271118250191404,1590
88,1618.7799743293351,0.5271118250191404,1590
89,1618.7799743293351,0.5271118250191404,1590
90,1631.7936957701195,0.5268863659198232,1603
91,1631.7936957701195,0.5268863659198232,1603
92,1631.7936957701195,0.5268863659198232,1603
93,1631.7936957701195,0.5268863659198232,1603
94,1631.7936957701195,0.5268863659198232,1603
95,1631.7936957701195,0.5268863659198232,1603
96,1631.7936957701195,0.5268863659198232,1603
97,1631.7936957701195,0.5268863659198232,1603
98,1631.7936957701195,0.5268863659198232,1603
99,1631.7936957701195,0.5268863659198232,1603
100,1631.7936957701195,0.5268863659198232,1603
101,1631.7936957701195,0.5268863659198232,1603
102,1617.7789093029442,0.5271293246312171,1589
103,1617.7789093029442,0.5271293246312171,1589
104,1617.7789093029442,0.5271293246312171,1589
105,1617.7789093029442,0.5271293246312171,1589
106,1617.7789093029442,0.5271293246312171,1589
107,1617.7789093029442,0.5271293246312171,1589
108,1617.7789093029442,0.5271293246312171,1589
109,1617.7789093029442,0.5271293246312171,1589
110,1617.7789093029442,0.5271293246312171,1589
111,1617.7789093029442,0.5271293246312171,1589
112,1645.6089638281564,0.5627840317424192,1619
113,1630.3668815195717,0.5503305698394375,1603
114,1630.3668815195717,0.5503305698394375,1603
115,1629.3648831294493,0.5503634056942279,1602
116,1629.3648831294493,0.5503634056942279,1602
117,1629.3648831294493,0.5503634056942279,1602
118,1625.564871020541,0.5470773739641623,1598
119,1606.3585390112294,0.5340364934073382,1578
120,1591.338023615106,0.5343735850294752,1563
121,1591.338023615106,0.5343735850294752,1563
122,1591.338023615106,0.5343735850294752,1563
123,1591.338023615106,0.5343735850294752,1563
124,1591.338023615106,0.5343735850294752,1563
125,1591.338023615106,0.5343735850294752,1563
126,1591.338023615106,0.5343735850294752,1563
127,1591.338023615106,0.5343735850294752,1563
128,1591.338023615106,0.5343735850294752,1563
129,1591.338023615106,0.5343735850294752,1563
130,1591.338023615106,0.5343735850294752,1563
131,1591.338023615106,0.5343735850294752,1563
132,1564.426701175025,0.5329165104333723,1536
133,1564.426701175025,0.5329165104333723,1536
134,1567.430725938931,0.5328503789199645,1539
135,1567.430725938931,0.5328503789199645,1539
136,1583.4519214010343,0.5325021130293419,1555
137,1583.4519214010343,0.5325021130293419,1555
138,1583.4519214010343,0.5325021130293419,1555
139,1583.4519214010343,0.5325021130293419,1555
140,1583.4519214010343,0.5325021130293419,1555
141,1583.4519214010343,0.5325021130293419,1555
142,1583.4519214010343,0.5325021130293419,1555
143,1583.4519214010343,0.5325021130293419,1555
144,1593.4649420882818,0.532288168118933,1565
145,1593.4649420882818,0.532288168118933,1565
146,1593.4649420882818,0.532288168118933,1565
147,1593.4649420882818,0.532288168118933,1565
148,1593.4649420882818,0.532288168118933,1565
149,1593.4649420882818,0.532288168118933,1565
150,1577.444025921672,0.5326318448624379,1549
151,1577.444025921672,0.5326318448624379,1549
152,1577.444025921672,0.5326318448624379,1549
153,1577.444025921672,0.5326318448624379,1549
154,1577.444025921672,0.5326318448624379,1549
155,1577.444025921672,0.5326318448624379,1549
156,1577.444025921672,0.5326318448624379,1549
157,1577.444025921672,0.5326318448624379,1549
158,1585.1625631555175,0.5372566027683603,1557
159,1585.1625631555175,0.5372566027683603,1557
160,1585.1625631555175,0.5372566027683603,1557
161,1585.1625631555175,0.5372566027683603,1557
162,1585.1625631555175,0.5372566027683603,1557
163,1585.1625631555175,0.5372566027683603,1557
164,1585.1625631555175,0.5372566027683603,1557
165,1585.1625631555175,0.5372566027683603,1557
166,1585.1625631555175,0.5372566027683603,1557
167,1585.1625631555175,0.5372566027683603,1557
168,1586.1640685747675,0.5372318669936348,1558
169,1586.1640685747675,0.5372318669936348,1558
170,1585.1625631555175,0.5372566027683603,1557
171,1585.1625631555175,0.5372566027683603,1557
172,1585.1625631555175,0.5372566027683603,1557
173,1585.1625631555175,0.5372566027683603,1557
174,1585.1625631555175,0.5372566027683603,1557
175,1585.1625631555175,0.5372566027683603,1557
176,1585.1625631555175,0.5372566027683603,1557
177,1585.1625631555175,0.5372566027683603,1557
178,1596.678498541609,0.5452103427274237,1569
179,1585.1625631555175,0.5372566027683603,1557
180,1585.1625631555175,0.5372566027683603,1557
181,1585.1625631555175,0.5372566027683603,1557
182,1585.1625631555175,0.5372566027683603,1557
183,1585.1625631555175,0.5372566027683603,1557
184,1596.678498541609,0.5452103427274237,1569
185,1596.678498541609,0.5452103427274237,1569
186,1585.1625631555175,0.5372566027683603,1557
187,1543.097480163635,0.538325991396072,1515
188,1543.097480163635,0.538325991396072,1515
189,1543.097480163635,0.538325991396072,1515
190,1543.097480163635,0.538325991396072,1515
191,1543.097480163635,0.538325991396072,1515
192,1543.097480163635,0.538325991396072,1515
193,1543.097480163635,0.538325991396072,1515
194,1543.097480163635,0.538325991396072,1515
195,1543.097480163635,0.538325991396072,1515
196,1543.097480163635,0.538325991396072,1515
197,1543.097480163635,0.538325991396072,1515
198,1543.097480163635,0.538325991396072,1515
199,1543.097480163635,0.538325991396072,1515
200,1543.097480163635,0.538325991396072,1515
201,1543.097480163635,0.538325991396072,1515
202,1543.097480163635,0.538325991396072,1515
203,1554.5996300716495,0.5465062426610353,1527
204,1554.5996300716495,0.5465062426610353,1527
205,1554.5996300716495,0.5465062426610353,1527
206,1554.5996300716495,0.5465062426610353,1527
207,1554.5996300716495,0.5465062426610353,1527
208,1554.5996300716495,0.5465062426610353,1527
209,1554.5996300716495,0.5465062426610353,1527
210,1554.5996300716495,0.5465062426610353,1527
211,1543.097480163635,0.538325991396072,1515
212,1543.097480163635,0.538325991396072,1515
213,1543.097480163635,0.538325991396072,1515
214,1554.5996300716495,0.5465062426610353,1527
215,1543.097480163635,0.538325991396072,1515
216,1543.097480163635,0.538325991396072,1515
217,1551.110162989943,0.5381175979306105,1523
218,1551.110162989943,0.5381175979306105,1523
219,1551.110162989943,0.5381175979306105,1523
220,1551.110162989943,0.5381175979306105,1523
221,1548.587993357699,0.5466974472938082,1521
222,1548.587993357699,0.5466974472938082,1521
223,1548.587993357699,0.5466974472938082,1521
224,1548.587993357699,0.5466974472938082,1521
225,1548.587993357699,0.5466974472938082,1521
226,1546.5840932074263,0.546761531261478,1519
227,1546.5840932074263,0.546761531261478,1519
228,1530.55250324515,0.5472805907796549,1503
229,1530.55250324515,0.5472805907796549,1503
230,1530.55250324515,0.5472805907796549,1503
231,1530.55250324515,0.5472805907796549,1503
232,1530.55250324515,0.5472805907796549,1503
233,1530.55250324515,0.5472805907796549,1503
234,1530.55250324515,0.5472805907796549,1503
235,1530.55250324515,0.5472805907796549,1503
236,1530.55250324515,0.5472805907796549,1503
237,1517.6649907924946,0.5290011371591445,1489
238,1517.6649907924946,0.5290011371591445,1489
239,1517.6649907924946,0.5290011371591445,1489
240,1517.6649907924946,0.5290011371591445,1489
241,1517.6649907924946,0.5290011371591445,1489
242,1517.6649907924946,0.5290011371591445,1489
243,1517.6649907924946,0.5290011371591445,1489
244,1517.6649907924946,0.5290011371591445,1489
245,1517.6649907924946,0.5290011371591445,1489
246,1517.6649907924946,0.5290011371591445,1489
247,1517.6649907924946,0.5290011371591445,1489
248,1517.6649907924946,0.5290011371591445,1489
249,1517.6649907924946,0.5290011371591445,1489
250,1484.6238707149853,0.5296767874632713,1456
251,1486.6264172571532,0.529634944838102,1458
252,1486.6264172571532,0.529634944838102,1458
253,1486.6264172571532,0.529634944838102,1458
254,1486.6264172571532,0.529634944838102,1458
255,1486.6264172571532,0.529634944838102,1458
256,1486.6264172571532,0.529634944838102,1458
257,1486.6264172571532,0.529634944838102,1458
258,1486.6264172571532,0.529634944838102,1458
259,1486.6264172571532,0.529634944838102,1458
260,1486.6264172571532,0.529634944838102,1458
261,1486.6264172571532,0.529634944838102,1458
262,1486.6264172571532,0.529634944838102,1458
263,1486.6264172571532,0.529634944838102,1458
264,1486.6264172571532,0.529634944838102,1458
265,1486.6264172571532,0.529634944838102,1458
266,1486.6264172571532,0.529634944838102,1458
267,1486.6264172571532,0.529634944838102,1458
268,1486.6264172571532,0.529634944838102,1458
269,1486.6264172571532,0.529634944838102,1458
270,1486.6264172571532,0.529634944838102,1458
271,1486.6264172571532,0.529634944838102,1458
272,1486.6264172571532,0.529634944838102,1458
273,1486.6264172571532,0.529634944838102,1458
274,1486.6264172571532,0.529634944838102,1458
275,1486.6264172571532,0.529634944838102,1458
276,1486.6264172571532,0.529634944838102,1458
277,1486.6264172571532,0.529634944838102,1458
278,1486.6264172571532,0.529634944838102,1458
279,1486.6264172571532,0.529634944838102,1458
280,1486.6264172571532,0.529634944838102,1458
281,1486.6264172571532,0.529634944838102,1458
282,1486.6264172571532,0.529634944838102,1458
283,1483.6225947477221,0.5296977530771898,1455
284,1483.6225947477221,0.5296977530771898,1455
285,1483.6225947477221,0.5296977530771898,1455
286,1483.6225947477221,0.5296977530771898,1455
287,1483.6225947477221,0.5296977530771898,1455
288,1483.6225947477221,0.5296977530771898,1455
289,1489.6302236463102,0.5295724014737078,1461
290,1489.6302236463102,0.5295724014737078,1461
291,1489.6302236463102,0.5295724014737078,1461
292,1489.6302236463102,0.5295724014737078,1461
293,1489.6302236463102,0.5295724014737078,1461
294,1489.6302236463102,0.5295724014737078,1461
295,1489.6302236463102,0.5295724014737078,1461
296,1489.6302236463102,0.5295724014737078,1461
297,1489.6302236463102,0.5295724014737078,1461
298,1489.6302236463102,0.5295724014737078,1461
299,1489.6302236463102,0.5295724014737078,1461
300,1489.6302236463102,0.5295724014737078,1461
301,1489.6302236463102,0.5295724014737078,1461
302,1493.6352739314736,0.5294894194631352,1465
303,1493.6352739314736,0.5294894194631352,1465
304,1493.6352739314736,0.5294894194631352,1465
305,1492.634014016863,0.5295101213134583,1464
306,1498.6415471045807,0.5293863439930856,1470
307,1498.6415471045807,0.5293863439930856,1470
308,1515.8773635979135,0.5419427604680671,1488
309,1515.8773635979135,0.5419427604680671,1488
310,1515.8773635979135,0.5419427604680671,1488
311,1515.8773635979135,0.5419427604680671,1488
312,1515.8773635979135,0.5419427604680671,1488
313,1515.8773635979135,0.5419427604680671,1488
314,1515.8773635979135,0.5419427604680671,1488
315,1544.8771699495787,0.5583770958005478,1518
316,1544.8771699495787,0.5583770958005478,1518
317,1544.8771699495787,0.5583770958005478,1518
318,1544.8771699495787,0.5583770958005478,1518
319,1544.8771699495787,0.5583770958005478,1518
320,1544.8771699495787,0.5583770958005478,1518
321,1544.8771699495787,0.5583770958005478,1518
322,1544.8771699495787,0.5583770958005478,1518
323,1544.8771699495787,0.5583770958005478,1518
324,1504.6490173167745,0.5292635997900997,1476
325,1504.6490173167745,0.5292635997900997,1476
326,1504.6490173167745,0.5292635997900997,1476
327,1504.6490173167745,0.5292635997900997,1476
328,1504.6490173167745,0.5292635997900997,1476
329,1504.6490173167745,0.5292635997900997,1476
330,1504.6490173167745,0.5292635997900997,1476
331,1504.6490173167745,0.5292635997900997,1476
332,1504.6490173167745,0.5292635997900997,1476
333,1504.6490173167745,0.5292635997900997,1476
334,1504.6490173167745,0.5292635997900997,1476
335,1504.6490173167745,0.5292635997900997,1476
336,1504.6490173167745,0.5292635997900997,1476
337,1504.6490173167745,0.5292635997900997,1476
338,1504.6490173167745,0.5292635997900997,1476
339,1504.6490173167745,0.5292635997900997,1476
340,1504.6490173167745,0.5292635997900997,1476
341,1504.6490173167745,0.5292635997900997,1476
342,1504.6490173167745,0.5292635997900997,1476
343,1504.6490173167745,0.5292635997900997,1476
344,1504.6490173167745,0.5292635997900997,1476
345,1504.6490173167745,0.5292635997900997,1476
346,1504.6490173167745,0.5292635997900997,1476
347,1504.6490173167745,0.5292635997900997,1476
348,1504.6490173167745,0.5292635997900997,1476
349,1504.6490173167745,0.5292635997900997,1476
350,1504.6490173167745,0.5292635997900997,1476
351,1504.6490173167745,0.5292635997900997,1476
352,1504.6490173167745,0.5292635997900997,1476
353,1504.6490173167745,0.5292635997900997,1476
354,1504.6490173167745,0.5292635997900997,1476
355,1504.6490173167745,0.5292635997900997,1476
356,1504.6490173167745,0.5292635997900997,1476
357,1504.6490173167745,0.5292635997900997,1476
358,1504.6490173167745,0.5292635997900997,1476
359,1504.6490173167745,0.5292635997900997,1476
360,1504.6490173167745,0.5292635997900997,1476
361,1504.6490173167745,0.5292635997900997,1476
362,1504.6490173167745,0.5292635997900997,1476
363,1504.6490173167745,0.5292635997900997,1476
364,1504.6490173167745,0.5292635997900997,1476
365,1504.6490173167745,0.5292635997900997,1476
366,1504.6490173167745,0.5292635997900997,1476
367,1504.6490173167745,0.5292635997900997,1476
368,1504.6490173167745,0.5292635997900997,1476
369,1504.6490173167745,0.5292635997900997,1476
370,1504.6490173167745,0.5292635997900997,1476
371,1502.646534183595,0.529304400532453,1474
372,1502.646534183595,0.529304400532453,1474
373,1502.646534183595,0.529304400532453,1474
374,1496.639043100568,0.5294274876673022,1468
375,1496.639043100568,0.5294274876673022,1468
376,1496.639043100568,0.5294274876673022,1468
377,1496.639043100568,0.5294274876673022,1468
378,1496.639043100568,0.5294274876673022,1468
379,1496.639043100568,0.5294274876673022,1468
380,1496.639043100568,0.5294274876673022,1468
381,1496.639043100568,0.5294274876673022,1468
382,1496.639043100568,0.5294274876673022,1468
383,1496.639043100568,0.5294274876673022,1468
384,1496.639043100568,0.5294274876673022,1468
385,1488.6289566347725,0.5295932199347275,1460
386,1488.6289566347725,0.5295932199347275,1460
387,1488.6289566347725,0.5295932199347275,1460
388,1488.6289566347725,0.5295932199347275,1460
389,1488.6289566347725,0.5295932199347275,1460
390,1486.6264172571532,0.529634944838102,1458
391,1486.6264172571532,0.529634944838102,1458
392,1486.6264172571532,0.529634944838102,1458
393,1486.6264172571532,0.529634944838102,1458
394,1489.6302236463102,0.5295724014737078,1461
395,1489.6302236463102,0.5295724014737078,1461
396,1489.6302236463102,0.5295724014737078,1461
397,1489.6302236463102,0.5295724014737078,1461
398,1489.6302236463102,0.5295724014737078,1461
399,1489.6302236463102,0.5295724014737078,1461
400,1489.6302236463102,0.5295724014737078,1461
401,1485.6251448835299,0.529655851404374,1457
402,1485.6251448835299,0.529655851404374,1457
403,1485.6251448835299,0.529655851404374,1457
404,1485.6251448835299,0.529655851404374,1457
405,1478.6161877969669,0.5298030266683063,1450
406,1478.6161877969669,0.5298030266683063,1450
407,1478.6161877969669,0.5298030266683063,1450
408,1478.6161877969669,0.5298030266683063,1450
409,1478.6161877969669,0.5298030266683063,1450
410,1478.6161877969669,0.5298030266683063,1450
411,1478.6161877969669,0.5298030266683063,1450
412,1478.6161877969669,0.5298030266683063,1450
413,1478.6161877969669,0.5298030266683063,1450
414,1478.6161877969669,0.5298030266683063,1450
415,1478.6161877969669,0.5298030266683063,1450
416,1478.6161877969669,0.5298030266683063,1450
417,1478.6161877969669,0.5298030266683063,1450
418,1482.6213169779323,0.5297187483087014,1454
419,1482.6213169779323,0.5297187483087014,1454
420,1478.6161877969669,0.5298030266683063,1450
421,1478.6161877969669,0.5298030266683063,1450
422,1489.6302236463102,0.5295724014737078,1461
423,1496.639043100568,0.5294274876673022,1468
424,1496.639043100568,0.5294274876673022,1468
425,1496.639043100568,0.5294274876673022,1468
426,1496.639043100568,0.5294274876673022,1468
427,1496.639043100568,0.5294274876673022,1468
428,1496.639043100568,0.5294274876673022,1468
429,1496.639043100568,0.5294274876673022,1468
430,1496.639043100568,0.5294274876673022,1468
431,1496.639043100568,0.5294274876673022,1468
432,1496.639043100568,0.5294274876673022,1468
433,1515.6625519944837,0.529041209423535,1487
434,1515.6625519944837,0.529041209423535,1487
435,1515.6625519944837,0.529041209423535,1487
436,1515.6625519944837,0.529041209423535,1487
437,1515.6625519944837,0.529041209423535,1487
438,1515.6625519944837,0.529041209423535,1487
439,1515.6625519944837,0.529041209423535,1487
440,1515.6625519944837,0.529041209423535,1487
441,1515.6625519944837,0.529041209423535,1487
442,1515.6625519944837,0.529041209423535,1487
443,1515.6625519944837,0.529041209423535,1487
444,1515.6625519944837,0.529041209423535,1487
445,1515.6625519944837,0.529041209423535,1487
446,1515.6625519944837,0.529041209423535,1487
447,1515.6625519944837,0.529041209423535,1487
448,1515.6625519944837,0.529041209423535,1487
449,1515.6625519944837,0.529041209423535,1487
450,1515.6625519944837,0.529041209423535,1487
451,1515.6625519944837,0.529041209423535,1487
452,1515.6625519944837,0.529041209423535,1487
453,1505.6502562944295,0.5292432419581085,1477
454,1505.6502562944295,0.5292432419581085,1477
455,1505.6502562944295,0.5292432419581085,1477
456,1505.6502562944295,0.5292432419581085,1477
457,1505.6502562944295,0.5292432419581085,1477
458,1505.6502562944295,0.5292432419581085,1477
459,1505.6502562944295,0.5292432419581085,1477
460,1505.6502562944295,0.5292432419581085,1477
461,1505.6502562944295,0.5292432419581085,1477
462,1505.6502562944295,0.5292432419581085,1477
463,1505.6502562944295,0.5292432419581085,1477
464,1505.6502562944295,0.5292432419581085,1477
465,1505.6502562944295,0.5292432419581085,1477
466,1505.6502562944295,0.5292432419581085,1477
467,1522.8897719147285,0.5417388775102105,1495
468,1505.6502562944295,0.5292432419581085,1477
469,1505.6502562944295,0.5292432419581085,1477
470,1504.6490173167745,0.5292635997900997,1476
471,1504.6490173167745,0.5292635997900997,1476
472,1504.6490173167745,0.5292635997900997,1476
473,1504.6490173167745,0.5292635997900997,1476
474,1517.6649907924946,0.5290011371591445,1489
475,1517.6649907924946,0.5290011371591445,1489
476,1517.6649907924946,0.5290011371591445,1489
477,1517.6649907924946,0.5290011371591445,1489
478,1517.6649907924946,0.5290011371591445,1489
479,1517.6649907924946,0.5290011371591445,1489
480,1504.6490173167745,0.5292635997900997,1476
481,1504.6490173167745,0.5292635997900997,1476
482,1504.6490173167745,0.5292635997900997,1476
483,1504.6490173167745,0.5292635997900997,1476
484,1504.6490173167745,0.5292635997900997,1476
485,1504.6490173167745,0.5292635997900997,1476
486,1504.6490173167745,0.5292635997900997,1476
487,1504.6490173167745,0.5292635997900997,1476
488,1504.6490173167745,0.5292635997900997,1476
489,1504.6490173167745,0.5292635997900997,1476
490,1504.6490173167745,0.5292635997900997,1476
491,1504.6490173167745,0.5292635997900997,1476
492,1504.6490173167745,0.5292635997900997,1476
493,1504.6490173167745,0.5292635997900997,1476
494,1504.6490173167745,0.5292635997900997,1476
495,1504.6490173167745,0.5292635997900997,1476
496,1504.6490173167745,0.5292635997900997,1476
497,1504.6490173167745,0.5292635997900997,1476
498,1504.6490173167745,0.5292635997900997,1476
499,1504.6490173167745,0.5292635997900997,1476
500,1504.6490173167745,0.5292635997900997,1476
501,1504.6490173167745,0.5292635997900997,1476
502,1504.6490173167745,0.5292635997900997,1476
503,1504.6490173167745,0.5292635997900997,1476
504,1504.6490173167745,0.5292635997900997,1476
505,1504.6490173167745,0.5292635997900997,1476
506,1504.6490173167745,0.5292635997900997,1476
507,1504.6490173167745,0.5292635997900997,1476
508,1504.6490173167745,0.5292635997900997,1476
509,1504.6490173167745,0.5292635997900997,1476
510,1504.6490173167745,0.5292635997900997,1476
511,1507.6527290898243,0.5292026110774831,1479
512,1507.6527290898243,0.5292026110774831,1479
513,1507.6527290898243,0.5292026110774831,1479
514,1507.6527290898243,0.5292026110774831,1479
515,1507.6527290898243,0.5292026110774831,1479
516,1507.6527290898243,0.5292026110774831,1479
517,1503.6477766143632,0.5292839859618256,1475
518,1503.6477766143632,0.5292839859618256,1475
519,1503.6477766143632,0.5292839859618256,1475
520,1517.6649907924946,0.5290011371591445,1489
521,1513.6601064532706,0.5290813924865152,1485
522,1513.6601064532706,0.5290813924865152,1485
523,1513.6601064532706,0.5290813924865152,1485
524,1509.6551950291557,0.5291620928498879,1481
525,1509.6551950291557,0.5291620928498879,1481
526,1509.6551950291557,0.5291620928498879,1481
527,1509.6551950291557,0.5291620928498879,1481
528,1509.6551950291557,0.5291620928498879,1481
529,1509.6551950291557,0.5291620928498879,1481
530,1509.6551950291557,0.5291620928498879,1481
531,1509.6551950291557,0.5291620928498879,1481
532,1509.6551950291557,0.5291620928498879,1481
533,1509.6551950291557,0.5291620928498879,1481
534,1509.6551950291557,0.5291620928498879,1481
535,1509.6551950291557,0.5291620928498879,1481
536,1509.6551950291557,0.5291620928498879,1481
537,1509.6551950291557,0.5291620928498879,1481
538,1509.6551950291557,0.5291620928498879,1481
539,1509.6551950291557,0.5291620928498879,1481
540,1509.6551950291557,0.5291620928498879,1481
541,1509.6551950291557,0.5291620928498879,1481
542,1509.6551950291557,0.5291620928498879,1481
543,1509.6551950291557,0.5291620928498879,1481
544,1509.6551950291557,0.5291620928498879,1481
545,1509.6551950291557,0.5291620928498879,1481
546,1509.6551950291557,0.5291620928498879,1481
547,1509.6551950291557,0.5291620928498879,1481
548,1509.6551950291557,0.5291620928498879,1481
549,1509.6551950291557,0.5291620928498879,1481
550,1509.6551950291557,0.5291620928498879,1481
551,1509.6551950291557,0.5291620928498879,1481
552,1509.6551950291557,0.5291620928498879,1481
553,1509.6551950291557,0.5291620928498879,1481
554,1509.6551950291557,0.5291620928498879,1481
555,1509.6551950291557,0.5291620928498879,1481
556,1509.6551950291557,0.5291620928498879,1481
557,1509.6551950291557,0.5291620928498879,1481
558,1505.6502562944295,0.5292432419581085,1477
559,1505.6502562944295,0.5292432419581085,1477
560,1505.6502562944295,0.5292432419581085,1477
561,1505.6502562944295,0.5292432419581085,1477
562,1505.6502562944295,0.5292432419581085,1477
563,1505.6502562944295,0.5292432419581085,1477
564,1505.6502562944295,0.5292432419581085,1477
565,1505.6502562944295,0.5292432419581085,1477
566,1505.6502562944295,0.5292432419581085,1477
567,1505.6502562944295,0.5292432419581085,1477
568,1505.6502562944295,0.5292432419581085,1477
569,1505.6502562944295,0.5292432419581085,1477
570,1505.6502562944295,0.5292432419581085,1477
571,1505.6502562944295,0.5292432419581085,1477
572,1505.6502562944295,0.5292432419581085,1477
573,1505.6502562944295,0.5292432419581085,1477
574,1505.6502562944295,0.5292432419581085,1477
575,1505.6502562944295,0.5292432419581085,1477
576,1505.6502562944295,0.5292432419581085,1477
577,1505.6502562944295,0.5292432419581085,1477
578,1505.6502562944295,0.5292432419581085,1477
579,1505.6502562944295,0.5292432419581085,1477
580,1505.6502562944295,0.5292432419581085,1477
581,1505.6502562944295,0.5292432419581085,1477
582,1505.6502562944295,0.5292432419581085,1477
583,1505.6502562944295,0.5292432419581085,1477
584,1505.6502562944295,0.5292432419581085,1477
585,1505.6502562944295,0.5292432419581085,1477
586,1505.6502562944295,0.5292432419581085,1477
587,1505.6502562944295,0.5292432419581085,1477
588,1505.6502562944295,0.5292432419581085,1477
589,1505.6502562944295,0.5292432419581085,1477
590,1505.6502562944295,0.5292432419581085,1477
591,1505.6502562944295,0.5292432419581085,1477
592,1505.6502562944295,0.5292432419581085,1477
593,1505.6502562944295,0.5292432419581085,1477
594,1505.6502562944295,0.5292432419581085,1477
595,1505.6502562944295,0.5292432419581085,1477
596,1514.6613300685226,0.529061287076525,1486
597,1506.6514935509192,0.5292229124068493,1478
598,1506.6514935509192,0.5292229124068493,1478
599,1506.6514935509192,0.5292229124068493,1478
600,1506.6514935509192,0.5292229124068493,1478
601,1506.6514935509192,0.5292229124068493,1478
602,1506.6514935509192,0.5292229124068493,1478
603,1506.6514935509192,0.5292229124068493,1478
604,1506.6514935509192,0.5292229124068493,1478
605,1506.6514935509192,0.5292229124068493,1478
606,1506.6514935509192,0.5292229124068493,1478
607,1506.6514935509192,0.5292229124068493,1478
608,1506.6514935509192,0.5292229124068493,1478
609,1506.6514935509192,0.5292229124068493,1478
610,1506.6514935509192,0.5292229124068493,1478
611,1506.6514935509192,0.5292229124068493,1478
612,1506.6514935509192,0.5292229124068493,1478
613,1506.6514935509192,0.5292229124068493,1478
614,1506.6514935509192,0.5292229124068493,1478
615,1506.6514935509192,0.5292229124068493,1478
616,1506.6514935509192,0.5292229124068493,1478
617,1506.6514935509192,0.5292229124068493,1478
618,1506.6514935509192,0.5292229124068493,1478
619,1506.6514935509192,0.5292229124068493,1478
620,1506.6514935509192,0.5292229124068493,1478
621,1506.6514935509192,0.5292229124068493,1478
622,1506.6514935509192,0.5292229124068493,1478
623,1522.6710584682578,0.5289014382474878,1494
624,1522.6710584682578,0.5289014382474878,1494
625,1522.6710584682578,0.5289014382474878,1494
626,1522.6710584682578,0.5289014382474878,1494
627,1522.6710584682578,0.5289014382474878,1494
628,1522.6710584682578,0.5289014382474878,1494
629,1522.6710584682578,0.5289014382474878,1494
630,1522.6710584682578,0.5289014382474878,1494
631,1522.6710584682578,0.5289014382474878,1494
632,1522.6710584682578,0.5289014382474878,1494
633,1478.6161877969669,0.5298030266683063,1450
634,1478.6161877969669,0.5298030266683063,1450
635,1478.6161877969669,0.5298030266683063,1450
636,1478.6161877969669,0.5298030266683063,1450
637,1478.6161877969669,0.5298030266683063,1450
638,1478.6161877969669,0.5298030266683063,1450
639,1478.6161877969669,0.5298030266683063,1450
640,1478.6161877969669,0.5298030266683063,1450
641,1478.6161877969669,0.5298030266683063,1450
642,1478.6161877969669,0.5298030266683063,1450
643,1478.6161877969669,0.5298030266683063,1450
644,1478.6161877969669,0.5298030266683063,1450
645,1478.6161877969669,0.5298030266683063,1450
646,1478.6161877969669,0.5298030266683063,1450
647,1497.6402959776615,0.5294069014515039,1469
648,1498.6415471045807,0.5293863439930856,1470
649,1498.6415471045807,0.5293863439930856,1470
650,1498.6415471045807,0.5293863439930856,1470
651,1498.6415471045807,0.5293863439930856,1470
652,1486.6264172571532,0.529634944838102,1458
653,1486.6264172571532,0.529634944838102,1458
654,1492.1917325169502,0.5367773165141291,1464
655,1492.1917325169502,0.5367773165141291,1464
656,1492.1917325169502,0.5367773165141291,1464
657,1492.1917325169502,0.5367773165141291,1464
658,1492.1917325169502,0.5367773165141291,1464
659,1492.1917325169502,0.5367773165141291,1464
660,1492.1917325169502,0.5367773165141291,1464
661,1492.1917325169502,0.5367773165141291,1464
662,1492.1917325169502,0.5367773165141291,1464
663,1494.194889825683,0.5367254382897957,1466
664,1494.194889825683,0.5367254382897957,1466
665,1494.194889825683,0.5367254382897957,1466
666,1492.1917325169502,0.5367773165141291,1464
667,1492.1917325169502,0.5367773165141291,1464
668,1492.1917325169502,0.5367773165141291,1464
669,1492.1917325169502,0.5367773165141291,1464
670,1492.1917325169502,0.5367773165141291,1464
671,1492.1917325169502,0.5367773165141291,1464
672,1492.1917325169502,0.5367773165141291,1464
673,1492.1917325169502,0.5367773165141291,1464
674,1492.1917325169502,0.5367773165141291,1464
675,1492.1917325169502,0.5367773165141291,1464
676,1503.2089883277695,0.5364937836383606,1475
677,1503.2089883277695,0.5364937836383606,1475
678,1503.2089883277695,0.5364937836383606,1475
679,1503.2089883277695,0.5364937836383606,1475
680,1503.2089883277695,0.5364937836383606,1475
681,1503.2089883277695,0.5364937836383606,1475
682,1503.2089883277695,0.5364937836383606,1475
683,1503.2089883277695,0.5364937836383606,1475
684,1503.2089883277695,0.5364937836383606,1475
685,1503.2089883277695,0.5364937836383606,1475
686,1503.2089883277695,0.5364937836383606,1475
687,1503.2089883277695,0.5364937836383606,1475
688,1503.2089883277695,0.5364937836383606,1475
689,1503.2089883277695,0.5364937836383606,1475
690,1503.2089883277695,0.5364937836383606,1475
691,1503.2089883277695,0.5364937836383606,1475
692,1503.2089883277695,0.5364937836383606,1475
693,1503.2089883277695,0.5364937836383606,1475
694,1496.198038251584,0.5366737060206399,1468
695,1496.198038251584,0.5366737060206399,1468
696,1496.198038251584,0.5366737060206399,1468
697,1496.198038251584,0.5366737060206399,1468
698,1502.2074306050806,0.5365193788189183,1474
699,1502.2074306050806,0.5365193788189183,1474
700,1502.2074306050806,0.5365193788189183,1474
701,1502.2074306050806,0.5365193788189183,1474
702,1502.2074306050806,0.5365193788189183,1474
703,1502.2074306050806,0.5365193788189183,1474
704,1502.2074306050806,0.5365193788189183,1474
705,1502.2074306050806,0.5365193788189183,1474
706,1502.2074306050806,0.5365193788189183,1474
707,1502.2074306050806,0.5365193788189183,1474
708,1502.2074306050806,0.5365193788189183,1474
709,1502.2074306050806,0.5365193788189183,1474
710,1502.2074306050806,0.5365193788189183,1474
711,1502.2074306050806,0.5365193788189183,1474
712,1502.2074306050806,0.5365193788189183,1474
713,1502.2074306050806,0.5365193788189183,1474
714,1502.2074306050806,0.5365193788189183,1474
715,1502.2074306050806,0.5365193788189183,1474
716,1502.2074306050806,0.5365193788189183,1474
717,1502.2074306050806,0.5365193788189183,1474
718,1502.2074306050806,0.5365193788189183,1474
719,1536.6959968286956,0.5449228256868967,1509
720,1536.6959968286956,0.5449228256868967,1509
721,1536.6959968286956,0.5449228256868967,1509
722,1536.6959968286956,0.5449228256868967,1509
723,1536.6959968286956,0.5449228256868967,1509
724,1505.8594260506254,0.5422374950603776,1478
725,1505.8594260506254,0.5422374950603776,1478
726,1505.8594260506254,0.5422374950603776,1478
727,1505.8594260506254,0.5422374950603776,1478
728,1505.8594260506254,0.5422374950603776,1478
729,1505.8594260506254,0.5422374950603776,1478
730,1505.8594260506254,0.5422374950603776,1478
731,1505.8594260506254,0.5422374950603776,1478
732,1505.8594260506254,0.5422374950603776,1478
733,1505.8594260506254,0.5422374950603776,1478
734,1505.8594260506254,0.5422374950603776,1478
735,1505.8594260506254,0.5422374950603776,1478
736,1505.8594260506254,0.5422374950603776,1478
737,1505.8594260506254,0.5422374950603776,1478
738,1505.8594260506254,0.5422374950603776,1478
739,1505.8594260506254,0.5422374950603776,1478
740,1503.2089883277695,0.5364937836383606,1475
741,1503.2089883277695,0.5364937836383606,1475
742,1500.2043086042127,0.5365706768943056,1472
743,1500.2043086042127,0.5365706768943056,1472
744,1500.2043086042127,0.5365706768943056,1472
745,1500.2043086042127,0.5365706768943056,1472
746,1500.2043086042127,0.5365706768943056,1472
747,1500.2043086042127,0.5365706768943056,1472
748,1500.2043086042127,0.5365706768943056,1472
749,1500.2043086042127,0.5365706768943056,1472
750,1500.2043086042127,0.5365706768943056,1472
751,1500.2043086042127,0.5365706768943056,1472
752,1500.2043086042127,0.5365706768943056,1472
753,1500.2043086042127,0.5365706768943056,1472
754,1500.2043086042127,0.5365706768943056,1472
755,1500.2043086042127,0.5365706768943056,1472
756,1500.2043086042127,0.5365706768943056,1472
757,1495.196465146646,0.5366995539492919,1467
758,1480.1726000048911,0.5370916857559774,1452
759,1480.1726000048911,0.5370916857559774,1452
760,1480.1726000048911,0.5370916857559774,1452
761,1480.1726000048911,0.5370916857559774,1452
762,1480.1726000048911,0.5370916857559774,1452
763,1480.1726000048911,0.5370916857559774,1452
764,1480.1726000048911,0.5370916857559774,1452
765,1480.1726000048911,0.5370916857559774,1452
766,1480.1726000048911,0.5370916857559774,1452
767,1480.1726000048911,0.5370916857559774,1452
768,1480.1726000048911,0.5370916857559774,1452
769,1480.1726000048911,0.5370916857559774,1452
770,1480.1726000048911,0.5370916857559774,1452
771,1480.1726000048911,0.5370916857559774,1452
772,1480.1726000048911,0.5370916857559774,1452
773,1480.1726000048911,0.5370916857559774,1452
774,1480.1726000048911,0.5370916857559774,1452
775,1478.1693794517216,0.5371446031593555,1450
776,1478.1693794517216,0.5371446031593555,1450
777,1478.1693794517216,0.5371446031593555,1450
778,1478.1693794517216,0.5371446031593555,1450
779,1478.1693794517216,0.5371446031593555,1450
780,1478.1693794517216,0.5371446031593555,1450
781,1478.1693794517216,0.5371446031593555,1450
782,1478.1693794517216,0.5371446031593555,1450
783,1478.1693794517216,0.5371446031593555,1450
784,1478.1693794517216,0.5371446031593555,1450
785,1478.1693794517216,0.5371446031593555,1450
786,1478.1693794517216,0.5371446031593555,1450
787,1478.1693794517216,0.5371446031593555,1450
788,1478.1693794517216,0.5371446031593555,1450
789,1478.1693794517216,0.5371446031593555,1450
790,1478.1693794517216,0.5371446031593555,1450
791,1478.1693794517216,0.5371446031593555,1450
792,1478.1693794517216,0.5371446031593555,1450
793,1478.1693794517216,0.5371446031593555,1450
794,1478.1693794517216,0.5371446031593555,1450
795,1477.1677657314872,0.5371711184441796,1449
796,1477.1677657314872,0.5371711184441796,1449
797,1477.1677657314872,0.5371711184441796,1449
798,1477.1677657314872,0.5371711184441796,1449
799,1489.6044062635171,0.5464277643194668,1462
800,1489.6044062635171,0.5464277643194668,1462
801,1492.6104350316282,0.5463287047054182,1465
802,1492.6104350316282,0.5463287047054182,1465
803,1492.6104350316282,0.5463287047054182,1465
804,1492.6104350316282,0.5463287047054182,1465
805,1492.6104350316282,0.5463287047054182,1465
806,1477.3025061799297,0.5349571774576144,1449
807,1477.3025061799297,0.5349571774576144,1449
808,1475.2994700187296,0.5350070650882434,1447
809,1475.2994700187296,0.5350070650882434,1447
810,1475.2994700187296,0.5350070650882434,1447
811,1475.2994700187296,0.5350070650882434,1447
812,1475.2994700187296,0.5350070650882434,1447
813,1475.2994700187296,0.5350070650882434,1447
814,1475.2994700187296,0.5350070650882434,1447
815,1477.3025061799297,0.5349571774576144,1449
816,1477.3025061799297,0.5349571774576144,1449
817,1477.3025061799297,0.5349571774576144,1449
818,1477.3025061799297,0.5349571774576144,1449
819,1477.3025061799297,0.5349571774576144,1449
820,1477.3025061799297,0.5349571774576144,1449
821,1485.3145648847656,0.5347590390278432,1457
822,1485.3145648847656,0.5347590390278432,1457
823,1485.3145648847656,0.5347590390278432,1457
824,1485.3145648847656,0.5347590390278432,1457
825,1483.3115630265602,0.5348083630206993,1455
826,1483.3115630265602,0.5348083630206993,1455
827,1483.3115630265602,0.5348083630206993,1455
828,1483.3115630265602,0.5348083630206993,1455
829,1434.235263996529,0.5360620440925238,1406
830,1434.235263996529,0.5360620440925238,1406
831,1434.235263996529,0.5360620440925238,1406
832,1434.235263996529,0.5360620440925238,1406
833,1434.235263996529,0.5360620440925238,1406
834,1434.235263996529,0.5360620440925238,1406
835,1434.235263996529,0.5360620440925238,1406
836,1434.235263996529,0.5360620440925238,1406
837,1434.235263996529,0.5360620440925238,1406
838,1434.235263996529,0.5360620440925238,1406
839,1434.235263996529,0.5360620440925238,1406
840,1434.235263996529,0.5360620440925238,1406
841,1434.235263996529,0.5360620440925238,1406
842,1434.235263996529,0.5360620440925238,1406
843,1434.235263996529,0.5360620440925238,1406
844,1434.235263996529,0.5360620440925238,1406
845,1434.235263996529,0.5360620440925238,1406
846,1434.235263996529,0.5360620440925238,1406
847,1434.235263996529,0.5360620440925238,1406
848,1434.235263996529,0.5360620440925238,1406
849,1434.235263996529,0.5360620440925238,1406
850,1434.235263996529,0.5360620440925238,1406
851,1434.235263996529,0.5360620440925238,1406
852,1434.235263996529,0.5360620440925238,1406
853,1434.235263996529,0.5360620440925238,1406
854,1428.2255423883319,0.5362217813287575,1400
855,1428.2255423883319,0.5362217813287575,1400
856,1431.2304139200105,0.5361417364441251,1403
857,1431.2304139200105,0.5361417364441251,1403
858,1427.2239137520337,0.5362485417017142,1399
859,1427.2239137520337,0.5362485417017142,1399
860,1427.2239137520337,0.5362485417017142,1399
861,1427.2239137520337,0.5362485417017142,1399
862,1427.2239137520337,0.5362485417017142,1399
863,1427.2239137520337,0.5362485417017142,1399
864,1427.2239137520337,0.5362485417017142,1399
865,1427.2239137520337,0.5362485417017142,1399
866,1427.2239137520337,0.5362485417017142,1399
867,1427.2239137520337,0.5362485417017142,1399
868,1427.2239137520337,0.5362485417017142,1399
869,1427.2239137520337,0.5362485417017142,1399
870,1427.2239137520337,0.5362485417017142,1399
871,1427.2239137520337,0.5362485417017142,1399
872,1427.2239137520337,0.5362485417017142,1399
873,1427.2239137520337,0.5362485417017142,1399
874,1427.2239137520337,0.5362485417017142,1399
875,1427.2239137520337,0.5362485417017142,1399
876,1427.2239137520337,0.5362485417017142,1399
877,1427.2239137520337,0.5362485417017142,1399
878,1427.2239137520337,0.5362485417017142,1399
879,1427.2239137520337,0.5362485417017142,1399
880,1427.2239137520337,0.5362485417017142,1399
881,1427.2239137520337,0.5362485417017142,1399
882,1427.2239137520337,0.5362485417017142,1399
883,1427.2239137520337,0.5362485417017142,1399
884,1427.2239137520337,0.5362485417017142,1399
885,1427.2239137520337,0.5362485417017142,1399
886,1427.2239137520337,0.5362485417017142,1399
887,1427.2239137520337,0.5362485417017142,1399
888,1427.2239137520337,0.5362485417017142,1399
889,1427.2239137520337,0.5362485417017142,1399
890,1427.2239137520337,0.5362485417017142,1399
891,1427.2239137520337,0.5362485417017142,1399
892,1427.2239137520337,0.5362485417017142,1399
893,1427.2239137520337,0.5362485417017142,1399
894,1427.2239137520337,0.5362485417017142,1399
895,1427.2239137520337,0.5362485417017142,1399
896,1427.2239137520337,0.5362485417017142,1399
897,1427.2239137520337,0.5362485417017142,1399
898,1427.2239137520337,0.5362485417017142,1399
899,1416.205838841166,0.5365455333360812,1388
900,1419.2107976310951,0.5364640546977456,1391
901,1419.2107976310951,0.5364640546977456,1391
902,1419.2107976310951,0.5364640546977456,1391
903,1419.2107976310951,0.5364640546977456,1391
904,1419.2107976310951,0.5364640546977456,1391
905,1419.2107976310951,0.5364640546977456,1391
906,1419.2107976310951,0.5364640546977456,1391
907,1419.2107976310951,0.5364640546977456,1391
908,1419.2107976310951,0.5364640546977456,1391
909,1419.2107976310951,0.5364640546977456,1391
910,1419.2107976310951,0.5364640546977456,1391
911,1419.2107976310951,0.5364640546977456,1391
912,1419.2107976310951,0.5364640546977456,1391
913,1419.2107976310951,0.5364640546977456,1391
914,1419.2107976310951,0.5364640546977456,1391
915,1419.2107976310951,0.5364640546977456,1391
916,1419.2107976310951,0.5364640546977456,1391
917,1419.2107976310951,0.5364640546977456,1391
918,1419.2107976310951,0.5364640546977456,1391
919,1419.2107976310951,0.5364640546977456,1391
920,1419.2107976310951,0.5364640546977456,1391
921,1419.2107976310951,0.5364640546977456,1391
922,1422.7002330855487,0.5448532191004157,1395
923,1422.7002330855487,0.5448532191004157,1395
924,1422.7002330855487,0.5448532191004157,1395
925,1422.7002330855487,0.5448532191004157,1395
926,1422.7002330855487,0.5448532191004157,1395
927,1422.7002330855487,0.5448532191004157,1395
928,1422.7002330855487,0.5448532191004157,1395
929,1422.7002330855487,0.5448532191004157,1395
930,1422.7002330855487,0.5448532191004157,1395
931,1422.7002330855487,0.5448532191004157,1395
932,1422.7002330855487,0.5448532191004157,1395
933,1424.7043000800036,0.5447863936903776,1397
934,1424.7043000800036,0.5447863936903776,1397
935,1424.7043000800036,0.5447863936903776,1397
936,1424.7043000800036,0.5447863936903776,1397
937,1447.6213687372015,0.562580204778157,1421
938,1447.6213687372015,0.562580204778157,1421
939,1424.7043000800036,0.5447863936903776,1397
940,1424.7043000800036,0.5447863936903776,1397
941,1424.7043000800036,0.5447863936903776,1397
942,1424.7043000800036,0.5447863936903776,1397
943,1424.7043000800036,0.5447863936903776,1397
944,1424.7043000800036,0.5447863936903776,1397
945,1424.7043000800036,0.5447863936903776,1397
946,1424.7043000800036,0.5447863936903776,1397
947,1424.7043000800036,0.5447863936903776,1397
948,1424.7043000800036,0.5447863936903776,1397
949,1424.7043000800036,0.5447863936903776,1397
950,1424.7043000800036,0.5447863936903776,1397
951,1424.7043000800036,0.5447863936903776,1397
952,1424.7043000800036,0.5447863936903776,1397
953,1424.7043000800036,0.5447863936903776,1397
954,1424.7043000800036,0.5447863936903776,1397
955,1424.7043000800036,0.5447863936903776,1397
956,1433.7224528842362,0.5444881221781772,1406
957,1433.7224528842362,0.5444881221781772,1406
958,1433.7224528842362,0.5444881221781772,1406
959,1433.7224528842362,0.5444881221781772,1406
960,1461.7774163034583,0.543585009801869,1434
961,1461.7774163034583,0.543585009801869,1434
962,1449.754135660191,0.5439675376242035,1422
963,1449.754135660191,0.5439675376242035,1422
964,1449.754135660191,0.5439675376242035,1422
965,1449.754135660191,0.5439675376242035,1422
966,1449.754135660191,0.5439675376242035,1422
967,1449.754135660191,0.5439675376242035,1422
968,1449.754135660191,0.5439675376242035,1422
969,1449.754135660191,0.5439675376242035,1422
970,1449.754135660191,0.5439675376242035,1422
971,1449.754135660191,0.5439675376242035,1422
972,1449.754135660191,0.5439675376242035,1422
973,1449.754135660191,0.5439675376242035,1422
974,1449.754135660191,0.5439675376242035,1422
975,1463.7812571587622,0.5435219001189261,1436
976,1463.7812571587622,0.5435219001189261,1436
977,1463.7812571587622,0.5435219001189261,1436
978,1463.7812571587622,0.5435219001189261,1436
979,1463.7812571587622,0.5435219001189261,1436
980,1463.7812571587622,0.5435219001189261,1436
981,1463.7812571587622,0.5435219001189261,1436
982,1463.7812571587622,0.5435219001189261,1436
983,1463.7812571587622,0.5435219001189261,1436
984,1463.7812571587622,0.5435219001189261,1436
985,1463.7812571587622,0.5435219001189261,1436
986,1463.7812571587622,0.5435219001189261,1436
987,1463.7812571587622,0.5435219001189261,1436
988,1463.7812571587622,0.5435219001189261,1436
989,1463.7812571587622,0.5435219001189261,1436
990,1463.7812571587622,0.5435219001189261,1436
991,1463.7812571587622,0.5435219001189261,1436
992,1463.7812571587622,0.5435219001189261,1436
993,1440.7364057585587,0.5442588603588795,1413
994,1440.7364057585587,0.5442588603588795,1413
995,1440.7364057585587,0.5442588603588795,1413
996,1439.7344212843652,0.5442914675589025,1412
997,1439.7344212843652,0.5442914675589025,1412
998,1439.7344212843652,0.5442914675589025,1412
999,1439.7344212843652,0.5442914675589025,1412
1000,1439.7344212843652,0.5442914675589025,1412
1001,1439.7344212843652,0.5442914675589025,1412
1002,1439.7344212843652,0.5442914675589025,1412
1003,1439.7344212843652,0.5442914675589025,1412
1004,1439.7344212843652,0.5442914675589025,1412
1005,1439.7344212843652,0.5442914675589025,1412
1006,1441.738387318745,0.5442263010393508,1414
1007,1441.738387318745,0.5442263010393508,1414
1008,1441.738387318745,0.5442263010393508,1414
1009,1441.738387318745,0.5442263010393508,1414
1010,1441.738387318745,0.5442263010393508,1414
1011,1441.738387318745,0.5442263010393508,1414
1012,1441.738387318745,0.5442263010393508,1414
1013,1441.738387318745,0.5442263010393508,1414
1014,1441.738387318745,0.5442263010393508,1414
1015,1441.738387318745,0.5442263010393508,1414
1016,1441.738387318745,0.5442263010393508,1414
1017,1441.738387318745,0.5442263010393508,1414
1018,1441.738387318745,0.5442263010393508,1414
1019,1434.7244549779457,0.5444552254691808,1407
1020,1433.7224528842362,0.5444881221781772,1406
1021,1433.7224528842362,0.5444881221781772,1406
1022,1433.7224528842362,0.5444881221781772,1406
1023,1433.7224528842362,0.5444881221781772,1406
1024,1433.7224528842362,0.5444881221781772,1406
1025,1433.7224528842362,0.5444881221781772,1406
1026,1433.7224528842362,0.5444881221781772,1406
1027,1433.7224528842362,0.5444881221781772,1406
1028,1433.7224528842362,0.5444881221781772,1406
1029,1433.7224528842362,0.5444881221781772,1406
1030,1433.7224528842362,0.5444881221781772,1406
1031,1433.7224528842362,0.5444881221781772,1406
1032,1443.7423417226826,0.544161325621385,1416
1033,1443.7423417226826,0.544161325621385,1416
1034,1443.7423417226826,0.544161325621385,1416
1035,1443.7423417226826,0.544161325621385,1416
1036,1443.7423417226826,0.544161325621385,1416
1037,1443.7423417226826,0.544161325621385,1416
1038,1443.7423417226826,0.544161325621385,1416
1039,1443.7423417226826,0.544161325621385,1416
1040,1443.7423417226826,0.544161325621385,1416
1041,1443.7423417226826,0.544161325621385,1416
1042,1443.7423417226826,0.544161325621385,1416
1043,1443.7423417226826,0.544161325621385,1416
1044,1443.7423417226826,0.544161325621385,1416
1045,1443.7423417226826,0.544161325621385,1416
1046,1443.7423417226826,0.544161325621385,1416
1047,1443.7423417226826,0.544161325621385,1416
1048,1443.7423417226826,0.544161325621385,1416
1049,1443.7423417226826,0.544161325621385,1416
1050,1443.7423417226826,0.544161325621385,1416
1051,1443.7423417226826,0.544161325621385,1416
1052,1443.7423417226826,0.544161325621385,1416
1053,1443.7423417226826,0.544161325621385,1416
1054,1443.7423417226826,0.544161325621385,1416
1055,1443.7423417226826,0.544161325621385,1416
1056,1443.7423417226826,0.544161325621385,1416
1057,1443.7423417226826,0.544161325621385,1416
1058,1443.7423417226826,0.544161325621385,1416
1059,1443.7423417226826,0.544161325621385,1416
1060,1443.7423417226826,0.544161325621385,1416
1061,1443.7423417226826,0.544161325621385,1416
1062,1443.7423417226826,0.544161325621385,1416
1063,1443.7423417226826,0.544161325621385,1416
1064,1443.7423417226826,0.544161325621385,1416
1065,1443.7423417226826,0.544161325621385,1416
1066,1443.7423417226826,0.544161325621385,1416
1067,1443.7423417226826,0.544161325621385,1416
1068,1443.7423417226826,0.544161325621385,1416
1069,1443.7423417226826,0.544161325621385,1416
1070,1443.7423417226826,0.544161325621385,1416
1071,1443.7423417226826,0.544161325621385,1416
1072,1443.7423417226826,0.544161325621385,1416
1073,1443.7423417226826,0.544161325621385,1416
1074,1443.7423417226826,0.544161325621385,1416
1075,1443.7423417226826,0.544161325621385,1416
1076,1430.716428820821,0.5445871044886454,1403
1077,1430.716428820821,0.5445871044886454,1403
1078,1430.716428820821,0.5445871044886454,1403
1079,1430.716428820821,0.5445871044886454,1403
1080,1430.716428820821,0.5445871044886454,1403
1081,1430.716428820821,0.5445871044886454,1403
1082,1430.716428820821,0.5445871044886454,1403
1083,1430.716428820821,0.5445871044886454,1403
1084,1430.716428820821,0.5445871044886454,1403
1085,1430.716428820821,0.5445871044886454,1403
1086,1441.738387318745,0.5442263010393508,1414
1087,1441.738387318745,0.5442263010393508,1414
1088,1441.738387318745,0.5442263010393508,1414
1089,1441.738387318745,0.5442263010393508,1414
1090,1441.738387318745,0.5442263010393508,1414
1091,1490.4740455842616,0.5814320475803205,1465
1092,1490.4740455842616,0.5814320475803205,1465
1093,1489.4704316061923,0.5814914294086048,1464
1094,1489.4704316061923,0.5814914294086048,1464
1095,1489.4704316061923,0.5814914294086048,1464
1096,1440.7364057585587,0.5442588603588795,1413
1097,1440.7364057585587,0.5442588603588795,1413
1098,1440.7364057585587,0.5442588603588795,1413
1099,1440.7364057585587,0.5442588603588795,1413
1100,1440.7364057585587,0.5442588603588795,1413
1101,1440.7364057585587,0.5442588603588795,1413
1102,1440.7364057585587,0.5442588603588795,1413
1103,1440.7364057585587,0.5442588603588795,1413
1104,1440.7364057585587,0.5442588603588795,1413
1105,1440.7364057585587,0.5442588603588795,1413
1106,1423.5425947828307,0.5310122447776735,1395
1107,1423.5425947828307,0.5310122447776735,1395
1108,1423.5425947828307,0.5310122447776735,1395
1109,1423.5425947828307,0.5310122447776735,1395
1110,1423.5425947828307,0.5310122447776735,1395
1111,1423.5425947828307,0.5310122447776735,1395
1112,1423.5425947828307,0.5310122447776735,1395
1113,1423.5425947828307,0.5310122447776735,1395
1114,1423.5425947828307,0.5310122447776735,1395
1115,1440.7364057585587,0.5442588603588795,1413
1116,1423.5425947828307,0.5310122447776735,1395
1117,1423.5425947828307,0.5310122447776735,1395
1118,1423.5425947828307,0.5310122447776735,1395
1119,1423.5425947828307,0.5310122447776735,1395
1120,1423.5425947828307,0.5310122447776735,1395
1121,1423.5425947828307,0.5310122447776735,1395
1122,1423.5425947828307,0.5310122447776735,1395
1123,1423.5425947828307,0.5310122447776735,1395
1124,1423.5425947828307,0.5310122447776735,1395
1125,1423.5425947828307,0.5310122447776735,1395
1126,1423.5425947828307,0.5310122447776735,1395
1127,1423.5425947828307,0.5310122447776735,1395
1128,1423.5425947828307,0.5310122447776735,1395
1129,1423.5425947828307,0.5310122447776735,1395
1130,1423.5425947828307,0.5310122447776735,1395
1131,1423.5425947828307,0.5310122447776735,1395
1132,1423.5425947828307,0.5310122447776735,1395
1133,1423.5425947828307,0.5310122447776735,1395
1134,1423.5425947828307,0.5310122447776735,1395
1135,1423.5425947828307,0.5310122447776735,1395
1136,1423.5425947828307,0.5310122447776735,1395
1137,1423.5425947828307,0.5310122447776735,1395
1138,1423.5425947828307,0.5310122447776735,1395
1139,1423.5425947828307,0.5310122447776735,1395
1140,1423.5425947828307,0.5310122447776735,1395
1141,1423.5425947828307,0.5310122447776735,1395
1142,1423.5425947828307,0.5310122447776735,1395
1143,1423.5425947828307,0.5310122447776735,1395
1144,1440.5659708814349,0.5306281485140504,1412
1145,1440.5659708814349,0.5306281485140504,1412
1146,1440.5659708814349,0.5306281485140504,1412
1147,1440.5659708814349,0.5306281485140504,1412
1148,1440.5659708814349,0.5306281485140504,1412
1149,1440.5659708814349,0.5306281485140504,1412
1150,1440.5659708814349,0.5306281485140504,1412
1151,1440.5659708814349,0.5306281485140504,1412
1152,1440.5659708814349,0.5306281485140504,1412
1153,1440.5659708814349,0.5306281485140504,1412
1154,1440.5659708814349,0.5306281485140504,1412
1155,1455.5861216236135,0.5302970485768408,1427
1156,1455.5861216236135,0.5302970485768408,1427
1157,1455.5861216236135,0.5302970485768408,1427
1158,1455.5861216236135,0.5302970485768408,1427
1159,1455.5861216236135,0.5302970485768408,1427
1160,1455.5861216236135,0.5302970485768408,1427
1161,1455.5861216236135,0.5302970485768408,1427
1162,1455.5861216236135,0.5302970485768408,1427
1163,1455.5861216236135,0.5302970485768408,1427
1164,1455.5861216236135,0.5302970485768408,1427
1165,1455.5861216236135,0.5302970485768408,1427
1166,1455.5861216236135,0.5302970485768408,1427
1167,1455.5861216236135,0.5302970485768408,1427
1168,1455.5861216236135,0.5302970485768408,1427
1169,1455.5861216236135,0.5302970485768408,1427
1170,1455.5861216236135,0.5302970485768408,1427
1171,1455.5861216236135,0.5302970485768408,1427
1172,1455.5861216236135,0.5302970485768408,1427
1173,1455.5861216236135,0.5302970485768408,1427
1174,1455.5861216236135,0.5302970485768408,1427
1175,1455.5861216236135,0.5302970485768408,1427
1176,1455.5861216236135,0.5302970485768408,1427
1177,1455.5861216236135,0.5302970485768408,1427
1178,1455.5861216236135,0.5302970485768408,1427
1179,1455.5861216236135,0.5302970485768408,1427
1180,1455.5861216236135,0.5302970485768408,1427
1181,1455.5861216236135,0.5302970485768408,1427
1182,1455.5861216236135,0.5302970485768408,1427
1183,1455.5861216236135,0.5302970485768408,1427
1184,1455.5861216236135,0.5302970485768408,1427
1185,1455.5861216236135,0.5302970485768408,1427
1186,1455.5861216236135,0.5302970485768408,1427
1187,1455.5861216236135,0.5302970485768408,1427
1188,1455.5861216236135,0.5302970485768408,1427
1189,1455.5861216236135,0.5302970485768408,1427
1190,1455.5861216236135,0.5302970485768408,1427
1191,1455.5861216236135,0.5302970485768408,1427
1192,1455.5861216236135,0.5302970485768408,1427
1193,1455.5861216236135,0.5302970485768408,1427
1194,1455.5861216236135,0.5302970485768408,1427
1195,1455.5861216236135,0.5302970485768408,1427
1196,1455.5861216236135,0.5302970485768408,1427
1197,1455.5861216236135,0.5302970485768408,1427
1198,1455.5861216236135,0.5302970485768408,1427
1199,1455.5861216236135,0.5302970485768408,1427
1200,1455.5861216236135,0.5302970485768408,1427
1201,1455.5861216236135,0.5302970485768408,1427
1202,1455.5861216236135,0.5302970485768408,1427
1203,1455.5861216236135,0.5302970485768408,1427
1204,1455.5861216236135,0.5302970485768408,1427
1205,1455.5861216236135,0.5302970485768408,1427
1206,1455.5861216236135,0.5302970485768408,1427
1207,1455.5861216236135,0.5302970485768408,1427
1208,1455.5861216236135,0.5302970485768408,1427
1209,1455.5861216236135,0.5302970485768408,1427
1210,1455.5861216236135,0.5302970485768408,1427
1211,1455.5861216236135,0.5302970485768408,1427
1212,1455.5861216236135,0.5302970485768408,1427
1213,1455.5861216236135,0.5302970485768408,1427
1214,1455.5861216236135,0.5302970485768408,1427
1215,1455.5861216236135,0.5302970485768408,1427
1216,1455.5861216236135,0.5302970485768408,1427
1217,1455.5861216236135,0.5302970485768408,1427
1218,1476.6136122915193,0.5298453451935712,1448
1219,1476.6136122915193,0.5298453451935712,1448
1220,1476.6136122915193,0.5298453451935712,1448
1221,1476.6136122915193,0.5298453451935712,1448
1222,1483.6225947477221,0.5296977530771898,1455
1223,1483.6225947477221,0.5296977530771898,1455
1224,1483.6225947477221,0.5296977530771898,1455
1225,1483.6225947477221,0.5296977530771898,1455
1226,1483.6225947477221,0.5296977530771898,1455
1227,1483.6225947477221,0.5296977530771898,1455
1228,1483.6225947477221,0.5296977530771898,1455
1229,1483.6225947477221,0.5296977530771898,1455
1230,1483.6225947477221,0.5296977530771898,1455
1231,1483.6225947477221,0.5296977530771898,1455
1232,1483.6225947477221,0.5296977530771898,1455
1233,1483.6225947477221,0.5296977530771898,1455
1234,1483.6225947477221,0.5296977530771898,1455
1235,1483.6225947477221,0.5296977530771898,1455
1236,1483.6225947477221,0.5296977530771898,1455
1237,1483.6225947477221,0.5296977530771898,1455
1238,1483.6225947477221,0.5296977530771898,1455
1239,1483.6225947477221,0.5296977530771898,1455
1240,1483.6225947477221,0.5296977530771898,1455
1241,1483.6225947477221,0.5296977530771898,1455
1242,1483.6225947477221,0.5296977530771898,1455
1243,1483.6225947477221,0.5296977530771898,1455
1244,1483.6225947477221,0.5296977530771898,1455
1245,1483.6225947477221,0.5296977530771898,1455
1246,1483.6225947477221,0.5296977530771898,1455
1247,1483.6225947477221,0.5296977530771898,1455
1248,1483.6225947477221,0.5296977530771898,1455
1249,1483.6225947477221,0.5296977530771898,1455
1250,1483.6225947477221,0.5296977530771898,1455
1251,1457.5887755494193,0.5302534415146352,1429
1252,1457.5887755494193,0.5302534415146352,1429
1253,1444.5713873118689,0.5305391503143456,1416
1254,1444.5713873118689,0.5305391503143456,1416
1255,1444.5713873118689,0.5305391503143456,1416
1256,1444.5713873118689,0.5305391503143456,1416
1257,1444.5713873118689,0.5305391503143456,1416
1258,1444.5713873118689,0.5305391503143456,1416
1259,1444.5713873118689,0.5305391503143456,1416
1260,1444.5713873118689,0.5305391503143456,1416
1261,1444.5713873118689,0.5305391503143456,1416
1262,1444.5713873118689,0.5305391503143456,1416
1263,1444.5713873118689,0.5305391503143456,1416
1264,1431.5536678361564,0.5308303017391328,1403
1265,1431.5536678361564,0.5308303017391328,1403
1266,1431.5536678361564,0.5308303017391328,1403
1267,1431.5536678361564,0.5308303017391328,1403
1268,1431.5536678361564,0.5308303017391328,1403
1269,1443.5700361546733,0.5305613513855847,1415
1270,1446.5740837510684,0.5304948447080426,1418
1271,1446.5740837510684,0.5304948447080426,1418
1272,1446.5740837510684,0.5304948447080426,1418
1273,1430.5522908082905,0.5308529278953248,1402
1274,1430.5522908082905,0.5308529278953248,1402
1275,1430.5522908082905,0.5308529278953248,1402
1276,1430.5522908082905,0.5308529278953248,1402
1277,1430.5522908082905,0.5308529278953248,1402
1278,1426.5467624449877,0.5309437652811736,1398
1279,1426.5467624449877,0.5309437652811736,1398
1280,1426.5467624449877,0.5309437652811736,1398
1281,1435.559155828801,0.5307401276897612,1407
1282,1435.559155828801,0.5307401276897612,1407
1283,1435.559155828801,0.5307401276897612,1407
1284,1435.559155828801,0.5307401276897612,1407
1285,1430.5522908082905,0.5308529278953248,1402
1286,1423.5425947828307,0.5310122447776735,1395
1287,1423.5425947828307,0.5310122447776735,1395
1288,1423.5425947828307,0.5310122447776735,1395
1289,1423.5425947828307,0.5310122447776735,1395
1290,1423.5425947828307,0.5310122447776735,1395
1291,1423.5425947828307,0.5310122447776735,1395
1292,1423.5425947828307,0.5310122447776735,1395
1293,1423.5425947828307,0.5310122447776735,1395
1294,1423.5425947828307,0.5310122447776735,1395
1295,1423.5425947828307,0.5310122447776735,1395
1296,1423.5425947828307,0.5310122447776735,1395
1297,1423.5425947828307,0.5310122447776735,1395
1298,1423.5425947828307,0.5310122447776735,1395
1299,1423.5425947828307,0.5310122447776735,1395
1300,1423.5425947828307,0.5310122447776735,1395
1301,1423.5425947828307,0.5310122447776735,1395
1302,1423.5425947828307,0.5310122447776735,1395
1303,1423.5425947828307,0.5310122447776735,1395
1304,1423.5425947828307,0.5310122447776735,1395
1305,1423.5425947828307,0.5310122447776735,1395
1306,1423.5425947828307,0.5310122447776735,1395
1307,1423.5425947828307,0.5310122447776735,1395
1308,1423.5425947828307,0.5310122447776735,1395
1309,1423.5425947828307,0.5310122447776735,1395
1310,1423.5425947828307,0.5310122447776735,1395
1311,1423.5425947828307,0.5310122447776735,1395
1312,1423.5425947828307,0.5310122447776735,1395
1313,1423.5425947828307,0.5310122447776735,1395
1314,1423.5425947828307,0.5310122447776735,1395
1315,1423.5425947828307,0.5310122447776735,1395
1316,1423.5425947828307,0.5310122447776735,1395
1317,1423.5425947828307,0.5310122447776735,1395
1318,1423.5425947828307,0.5310122447776735,1395
1319,1423.5425947828307,0.5310122447776735,1395
1320,1423.5425947828307,0.5310122447776735,1395
1321,1423.5425947828307,0.5310122447776735,1395
1322,1423.5425947828307,0.5310122447776735,1395
1323,1423.5425947828307,0.5310122447776735,1395
1324,1423.5425947828307,0.5310122447776735,1395
1325,1423.5425947828307,0.5310122447776735,1395
1326,1423.5425947828307,0.5310122447776735,1395
1327,1423.5425947828307,0.5310122447776735,1395
1328,1423.5425947828307,0.5310122447776735,1395
1329,1423.5425947828307,0.5310122447776735,1395
1330,1423.5425947828307,0.5310122447776735,1395
1331,1423.5425947828307,0.5310122447776735,1395
1332,1423.5425947828307,0.5310122447776735,1395
1333,1423.5425947828307,0.5310122447776735,1395
1334,1423.5425947828307,0.5310122447776735,1395
1335,1423.5425947828307,0.5310122447776735,1395
1336,1423.5425947828307,0.5310122447776735,1395
1337,1423.5425947828307,0.5310122447776735,1395
1338,1423.5425947828307,0.5310122447776735,1395
1339,1423.5425947828307,0.5310122447776735,1395
1340,1423.5425947828307,0.5310122447776735,1395
1341,1423.5425947828307,0.5310122447776735,1395
1342,1423.5425947828307,0.5310122447776735,1395
1343,1423.5425947828307,0.5310122447776735,1395
1344,1423.5425947828307,0.5310122447776735,1395
1345,1423.5425947828307,0.5310122447776735,1395
1346,1423.5425947828307,0.5310122447776735,1395
1347,1423.5425947828307,0.5310122447776735,1395
1348,1423.5425947828307,0.5310122447776735,1395
1349,1423.5425947828307,0.5310122447776735,1395
1350,1423.5425947828307,0.5310122447776735,1395
1351,1423.5425947828307,0.5310122447776735,1395
1352,1423.5425947828307,0.5310122447776735,1395
1353,1423.5425947828307,0.5310122447776735,1395
1354,1423.5425947828307,0.5310122447776735,1395
1355,1423.5425947828307,0.5310122447776735,1395
1356,1423.5425947828307,0.5310122447776735,1395
1357,1423.5425947828307,0.5310122447776735,1395
1358,1427.5481475825095,0.530921005873982,1399
1359,1427.5481475825095,0.530921005873982,1399
1360,1427.5481475825095,0.530921005873982,1399
1361,1427.5481475825095,0.530921005873982,1399
1362,1427.5481475825095,0.530921005873982,1399
1363,1427.5481475825095,0.530921005873982,1399
1364,1427.5481475825095,0.530921005873982,1399
1365,1427.5481475825095,0.530921005873982,1399
1366,1427.5481475825095,0.530921005873982,1399
1367,1427.5481475825095,0.530921005873982,1399
1368,1427.5481475825095,0.530921005873982,1399
1369,1427.5481475825095,0.530921005873982,1399
1370,1427.5481475825095,0.530921005873982,1399
1371,1427.5481475825095,0.530921005873982,1399
1372,1427.5481475825095,0.530921005873982,1399
1373,1427.5481475825095,0.530921005873982,1399
1374,1427.5481475825095,0.530921005873982,1399
1375,1427.5481475825095,0.530921005873982,1399
1376,1427.5481475825095,0.530921005873982,1399
1377,1427.5481475825095,0.530921005873982,1399
1378,1427.5481475825095,0.530921005873982,1399
1379,1427.5481475825095,0.530921005873982,1399
1380,1427.5481475825095,0.530921005873982,1399
1381,1427.5481475825095,0.530921005873982,1399
1382,1427.5481475825095,0.530921005873982,1399
1383,1427.5481475825095,0.530921005873982,1399
1384,1427.5481475825095,0.530921005873982,1399
1385,1427.5481475825095,0.530921005873982,1399
1386,1427.5481475825095,0.530921005873982,1399
1387,1427.5481475825095,0.530921005873982,1399
1388,1427.5481475825095,0.530921005873982,1399
1389,1427.5481475825095,0.530921005873982,1399
1390,1427.5481475825095,0.530921005873982,1399
1391,1427.5481475825095,0.530921005873982,1399
1392,1427.5481475825095,0.530921005873982,1399
1393,1427.5481475825095,0.530921005873982,1399
1394,1427.5481475825095,0.530921005873982,1399
1395,1427.5481475825095,0.530921005873982,1399
1396,1427.5481475825095,0.530921005873982,1399
1397,1427.5481475825095,0.530921005873982,1399
1398,1427.5481475825095,0.530921005873982,1399
1399,1427.5481475825095,0.530921005873982,1399
1400,1427.5481475825095,0.530921005873982,1399
1401,1427.5481475825095,0.530921005873982,1399
1402,1427.5481475825095,0.530921005873982,1399
1403,1427.5481475825095,0.530921005873982,1399
1404,1427.5481475825095,0.530921005873982,1399
1405,1427.5481475825095,0.530921005873982,1399
1406,1427.5481475825095,0.530921005873982,1399
1407,1427.5481475825095,0.530921005873982,1399
1408,1427.5481475825095,0.530921005873982,1399
1409,1427.5481475825095,0.530921005873982,1399
1410,1427.5481475825095,0.530921005873982,1399
1411,1427.5481475825095,0.530921005873982,1399
1412,1427.5481475825095,0.530921005873982,1399
1413,1427.5481475825095,0.530921005873982,1399
1414,1427.5481475825095,0.530921005873982,1399
1415,1427.5481475825095,0.530921005873982,1399
1416,1427.5481475825095,0.530921005873982,1399
1417,1427.5481475825095,0.530921005873982,1399
1418,1427.5481475825095,0.530921005873982,1399
1419,1427.5481475825095,0.530921005873982,1399
1420,1427.5481475825095,0.530921005873982,1399
1421,1427.5481475825095,0.530921005873982,1399
1422,1427.5481475825095,0.530921005873982,1399
1423,1427.5481475825095,0.530921005873982,1399
1424,1427.5481475825095,0.530921005873982,1399
1425,1427.5481475825095,0.530921005873982,1399
1426,1427.5481475825095,0.530921005873982,1399
1427,1427.5481475825095,0.530921005873982,1399
1428,1427.5481475825095,0.530921005873982,1399
1429,1427.5481475825095,0.530921005873982,1399
1430,1427.5481475825095,0.530921005873982,1399
1431,1427.5481475825095,0.530921005873982,1399
1432,1427.5481475825095,0.530921005873982,1399
1433,1427.5481475825095,0.530921005873982,1399
1434,1427.5481475825095,0.530921005873982,1399
1435,1427.5481475825095,0.530921005873982,1399
1436,1427.5481475825095,0.530921005873982,1399
1437,1427.5481475825095,0.530921005873982,1399
1438,1427.5481475825095,0.530921005873982,1399
1439,1427.5481475825095,0.530921005873982,1399
1440,1427.5481475825095,0.530921005873982,1399
1441,1427.5481475825095,0.530921005873982,1399
1442,1427.5481475825095,0.530921005873982,1399
1443,1427.5481475825095,0.530921005873982,1399
1444,1427.5481475825095,0.530921005873982,1399
1445,1427.5481475825095,0.530921005873982,1399
1446,1427.5481475825095,0.530921005873982,1399
1447,1427.5481475825095,0.530921005873982,1399
1448,1427.5481475825095,0.530921005873982,1399
1449,1427.5481475825095,0.530921005873982,1399
1450,1427.5481475825095,0.530921005873982,1399
1451,1427.5481475825095,0.530921005873982,1399
1452,1427.5481475825095,0.530921005873982,1399
1453,1427.5481475825095,0.530921005873982,1399
1454,1427.5481475825095,0.530921005873982,1399
1455,1427.5481475825095,0.530921005873982,1399
1456,1427.5481475825095,0.530921005873982,1399
1457,1427.5481475825095,0.530921005873982,1399
1458,1427.5481475825095,0.530921005873982,1399
1459,1427.5481475825095,0.530921005873982,1399
1460,1427.5481475825095,0.530921005873982,1399
1461,1427.5481475825095,0.530921005873982,1399
1462,1427.5481475825095,0.530921005873982,1399
1463,1427.5481475825095,0.530921005873982,1399
1464,1427.5481475825095,0.530921005873982,1399
1465,1427.5481475825095,0.530921005873982,1399
1466,1427.5481475825095,0.530921005873982,1399
1467,1427.5481475825095,0.530921005873982,1399
1468,1427.5481475825095,0.530921005873982,1399
1469,1427.5481475825095,0.530921005873982,1399
1470,1427.5481475825095,0.530921005873982,1399
1471,1427.5481475825095,0.530921005873982,1399
1472,1427.5481475825095,0.530921005873982,1399
1473,1427.5481475825095,0.530921005873982,1399
1474,1427.5481475825095,0.530921005873982,1399
1475,1427.5481475825095,0.530921005873982,1399
1476,1427.5481475825095,0.530921005873982,1399
1477,1427.5481475825095,0.530921005873982,1399
1478,1427.5481475825095,0.530921005873982,1399
1479,1427.5481475825095,0.530921005873982,1399
1480,1427.5481475825095,0.530921005873982,1399
1481,1427.5481475825095,0.530921005873982,1399
1482,1427.5481475825095,0.530921005873982,1399
1483,1427.5481475825095,0.530921005873982,1399
1484,1427.5481475825095,0.530921005873982,1399
1485,1427.5481475825095,0.530921005873982,1399
1486,1427.5481475825095,0.530921005873982,1399
1487,1427.5481475825095,0.530921005873982,1399
1488,1427.5481475825095,0.530921005873982,1399
1489,1427.5481475825095,0.530921005873982,1399
1490,1427.5481475825095,0.530921005873982,1399
1491,1427.5481475825095,0.530921005873982,1399
1492,1427.5481475825095,0.530921005873982,1399
1493,1427.5481475825095,0.530921005873982,1399
1494,1427.5481475825095,0.530921005873982,1399
1495,1427.5481475825095,0.530921005873982,1399
1496,1427.5481475825095,0.530921005873982,1399
1497,1427.5481475825095,0.530921005873982,1399
1498,1427.5481475825095,0.530921005873982,1399
1499,1427.5481475825095,0.530921005873982,1399
1500,1433.5564158474197,0.5307851487443352,1405
1501,1433.5564158474197,0.5307851487443352,1405
1502,1433.5564158474197,0.5307851487443352,1405
1503,1433.5564158474197,0.5307851487443352,1405
1504,1433.5564158474197,0.5307851487443352,1405
1505,1433.5564158474197,0.5307851487443352,1405
1506,1433.5564158474197,0.5307851487443352,1405
1507,1433.5564158474197,0.5307851487443352,1405
1508,1434.5577868396465,0.5307626217606564,1406
1509,1434.5577868396465,0.5307626217606564,1406
1510,1434.5577868396465,0.5307626217606564,1406
1511,1434.5577868396465,0.5307626217606564,1406
1512,1434.5577868396465,0.5307626217606564,1406
1513,1434.5577868396465,0.5307626217606564,1406
1514,1419.5370091487266,0.5311040231888513,1391
1515,1419.5370091487266,0.5311040231888513,1391
1516,1419.5370091487266,0.5311040231888513,1391
1517,1419.5370091487266,0.5311040231888513,1391
1518,1419.5370091487266,0.5311040231888513,1391
1519,1401.51145956325,0.5315238323488363,1373
1520,1401.51145956325,0.5315238323488363,1373
1521,1401.51145956325,0.5315238323488363,1373
1522,1401.51145956325,0.5315238323488363,1373
1523,1401.51145956325,0.5315238323488363,1373
1524,1401.51145956325,0.5315238323488363,1373
1525,1401.51145956325,0.5315238323488363,1373
1526,1401.51145956325,0.5315238323488363,1373
1527,1401.51145956325,0.5315238323488363,1373
1528,1401.51145956325,0.5315238323488363,1373
1529,1401.51145956325,0.5315238323488363,1373
1530,1401.51145956325,0.5315238323488363,1373
1531,1401.51145956325,0.5315238323488363,1373
1532,1401.51145956325,0.5315238323488363,1373
1533,1401.51145956325,0.5315238323488363,1373
1534,1390.4955039319698,0.5317860017750624,1362
1535,1390.4955039319698,0.5317860017750624,1362
1536,1390.4955039319698,0.5317860017750624,1362
1537,1390.4955039319698,0.5317860017750624,1362
1538,1390.4955039319698,0.5317860017750624,1362
1539,1390.4955039319698,0.5317860017750624,1362
1540,1390.4955039319698,0.5317860017750624,1362
1541,1390.4955039319698,0.5317860017750624,1362
1542,1390.4955039319698,0.5317860017750624,1362
1543,1390.4955039319698,0.5317860017750624,1362
1544,1390.4955039319698,0.5317860017750624,1362
1545,1390.4955039319698,0.5317860017750624,1362
1546,1390.4955039319698,0.5317860017750624,1362
1547,1390.4955039319698,0.5317860017750624,1362
1548,1390.4955039319698,0.5317860017750624,1362
1549,1390.4955039319698,0.5317860017750624,1362
1550,1390.4955039319698,0.5317860017750624,1362
1551,1390.4955039319698,0.5317860017750624,1362
1552,1390.4955039319698,0.5317860017750624,1362
1553,1390.4955039319698,0.5317860017750624,1362
1554,1390.4955039319698,0.5317860017750624,1362
1555,1390.4955039319698,0.5317860017750624,1362
1556,1390.4955039319698,0.5317860017750624,1362
1557,1398.5071341627827,0.5315949036677188,1370
1558,1398.5071341627827,0.5315949036677188,1370
1559,1398.5071341627827,0.5315949036677188,1370
1560,1398.5071341627827,0.5315949036677188,1370
1561,1398.5071341627827,0.5315949036677188,1370
1562,1398.5071341627827,0.5315949036677188,1370
1563,1398.5071341627827,0.5315949036677188,1370
1564,1398.5071341627827,0.5315949036677188,1370
1565,1398.5071341627827,0.5315949036677188,1370
1566,1398.5071341627827,0.5315949036677188,1370
1567,1398.5071341627827,0.5315949036677188,1370
1568,1398.5071341627827,0.5315949036677188,1370
1569,1398.5071341627827,0.5315949036677188,1370
1570,1394.5013365626817,0.5316901649247182,1366
1571,1394.5013365626817,0.5316901649247182,1366
1572,1400.5100199247288,0.5315474872703122,1372
1573,1400.5100199247288,0.5315474872703122,1372
1574,1400.5100199247288,0.5315474872703122,1372
1575,1400.5100199247288,0.5315474872703122,1372
1576,1400.5100199247288,0.5315474872703122,1372
1577,1400.5100199247288,0.5315474872703122,1372
1578,1365.4582361869182,0.5323983538133739,1337
1579,1365.4582361869182,0.5323983538133739,1337
1580,1365.4582361869182,0.5323983538133739,1337
1581,1365.4582361869182,0.5323983538133739,1337
1582,1371.4673106621065,0.5322492497189213,1343
1583,1371.4673106621065,0.5322492497189213,1343
1584,1366.4597544160154,0.5323734075580773,1338
1585,1366.4597544160154,0.5323734075580773,1338
1586,1366.4597544160154,0.5323734075580773,1338
1587,1366.4597544160154,0.5323734075580773,1338
1588,1366.4597544160154,0.5323734075580773,1338
1589,1366.4597544160154,0.5323734075580773,1338
1590,1366.4597544160154,0.5323734075580773,1338
1591,1366.4597544160154,0.5323734075580773,1338
1592,1366.4597544160154,0.5323734075580773,1338
1593,1366.4597544160154,0.5323734075580773,1338
1594,1366.4597544160154,0.5323734075580773,1338
1595,1366.4597544160154,0.5323734075580773,1338
1596,1366.4597544160154,0.5323734075580773,1338
1597,1366.4597544160154,0.5323734075580773,1338
1598,1366.4597544160154,0.5323734075580773,1338
1599,1366.4597544160154,0.5323734075580773,1338
1600,1366.4597544160154,0.5323734075580773,1338
1601,1366.4597544160154,0.5323734075580773,1338
1602,1366.4597544160154,0.5323734075580773,1338
1603,1366.4597544160154,0.5323734075580773,1338
1604,1366.4597544160154,0.5323734075580773,1338
1605,1366.4597544160154,0.5323734075580773,1338
1606,1366.4597544160154,0.5323734075580773,1338
1607,1366.4597544160154,0.5323734075580773,1338
1608,1366.4597544160154,0.5323734075580773,1338
1609,1366.4597544160154,0.5323734075580773,1338
1610,1366.4597544160154,0.5323734075580773,1338
1611,1366.4597544160154,0.5323734075580773,1338
1612,1366.4597544160154,0.5323734075580773,1338
1613,1366.4597544160154,0.5323734075580773,1338
1614,1366.4597544160154,0.5323734075580773,1338
1615,1366.4597544160154,0.5323734075580773,1338
1616,1366.4597544160154,0.5323734075580773,1338
1617,1366.4597544160154,0.5323734075580773,1338
1618,1366.4597544160154,0.5323734075580773,1338
1619,1366.4597544160154,0.5323734075580773,1338
1620,1366.4597544160154,0.5323734075580773,1338
1621,1366.4597544160154,0.5323734075580773,1338
1622,1366.4597544160154,0.5323734075580773,1338
1623,1366.4597544160154,0.5323734075580773,1338
1624,1366.4597544160154,0.5323734075580773,1338
1625,1366.4597544160154,0.5323734075580773,1338
1626,1366.4597544160154,0.5323734075580773,1338
1627,1366.4597544160154,0.5323734075580773,1338
1628,1366.4597544160154,0.5323734075580773,1338
1629,1366.4597544160154,0.5323734075580773,1338
1630,1366.4597544160154,0.5323734075580773,1338
1631,1366.4597544160154,0.5323734075580773,1338
1632,1366.4597544160154,0.5323734075580773,1338
1633,1366.4597544160154,0.5323734075580773,1338
1634,1366.4597544160154,0.5323734075580773,1338
1635,1366.4597544160154,0.5323734075580773,1338
1636,1366.4597544160154,0.5323734075580773,1338
1637,1366.4597544160154,0.5323734075580773,1338
1638,1366.4597544160154,0.5323734075580773,1338
1639,1366.4597544160154,0.5323734075580773,1338
1640,1366.4597544160154,0.5323734075580773,1338
1641,1366.4597544160154,0.5323734075580773,1338
1642,1366.4597544160154,0.5323734075580773,1338
1643,1366.4597544160154,0.5323734075580773,1338
1644,1366.4597544160154,0.5323734075580773,1338
1645,1366.4597544160154,0.5323734075580773,1338
1646,1366.4597544160154,0.5323734075580773,1338
1647,1366.4597544160154,0.5323734075580773,1338
1648,1366.4597544160154,0.5323734075580773,1338
1649,1366.4597544160154,0.5323734075580773,1338
1650,1366.4597544160154,0.5323734075580773,1338
1651,1366.4597544160154,0.5323734075580773,1338
1652,1366.4597544160154,0.5323734075580773,1338
1653,1366.4597544160154,0.5323734075580773,1338
1654,1366.4597544160154,0.5323734075580773,1338
1655,1366.4597544160154,0.5323734075580773,1338
1656,1366.4597544160154,0.5323734075580773,1338
1657,1366.4597544160154,0.5323734075580773,1338
1658,1366.4597544160154,0.5323734075580773,1338
1659,1366.4597544160154,0.5323734075580773,1338
1660,1366.4597544160154,0.5323734075580773,1338
1661,1366.4597544160154,0.5323734075580773,1338
1662,1366.4597544160154,0.5323734075580773,1338
1663,1366.4597544160154,0.5323734075580773,1338
1664,1366.4597544160154,0.5323734075580773,1338
1665,1366.4597544160154,0.5323734075580773,1338
1666,1381.8091771745442,0.5430631420548123,1354
1667,1381.8091771745442,0.5430631420548123,1354
1668,1381.8091771745442,0.5430631420548123,1354
1669,1393.250375274945,0.5522449018247596,1366
1670,1381.8091771745442,0.5430631420548123,1354
1671,1381.8091771745442,0.5430631420548123,1354
1672,1381.8091771745442,0.5430631420548123,1354
1673,1381.8091771745442,0.5430631420548123,1354
1674,1381.8091771745442,0.5430631420548123,1354
1675,1381.8091771745442,0.5430631420548123,1354
1676,1381.8091771745442,0.5430631420548123,1354
1677,1381.8091771745442,0.5430631420548123,1354
1678,1381.8091771745442,0.5430631420548123,1354
1679,1381.8091771745442,0.5430631420548123,1354
1680,1381.8091771745442,0.5430631420548123,1354
1681,1381.8091771745442,0.5430631420548123,1354
1682,1381.8091771745442,0.5430631420548123,1354
1683,1381.8091771745442,0.5430631420548123,1354
1684,1381.8091771745442,0.5430631420548123,1354
1685,1381.8091771745442,0.5430631420548123,1354
1686,1381.8091771745442,0.5430631420548123,1354
1687,1381.8091771745442,0.5430631420548123,1354
1688,1381.8091771745442,0.5430631420548123,1354
1689,1381.8091771745442,0.5430631420548123,1354
1690,1381.8091771745442,0.5430631420548123,1354
1691,1381.8091771745442,0.5430631420548123,1354
1692,1381.8091771745442,0.5430631420548123,1354
1693,1381.8091771745442,0.5430631420548123,1354
1694,1381.8091771745442,0.5430631420548123,1354
1695,1381.8091771745442,0.5430631420548123,1354
1696,1393.250375274945,0.5522449018247596,1366
1697,1393.250375274945,0.5522449018247596,1366
1698,1393.250375274945,0.5522449018247596,1366
1699,1393.250375274945,0.5522449018247596,1366
1700,1393.250375274945,0.5522449018247596,1366
1701,1393.250375274945,0.5522449018247596,1366
1702,1381.8091771745442,0.5430631420548123,1354
1703,1381.8091771745442,0.5430631420548123,1354
1704,1381.8091771745442,0.5430631420548123,1354
1705,1381.8091771745442,0.5430631420548123,1354
1706,1381.8091771745442,0.5430631420548123,1354
1707,1381.8091771745442,0.5430631420548123,1354
1708,1381.8091771745442,0.5430631420548123,1354
1709,1381.8091771745442,0.5430631420548123,1354
1710,1381.8091771745442,0.5430631420548123,1354
1711,1381.8091771745442,0.5430631420548123,1354
1712,1381.8091771745442,0.5430631420548123,1354
1713,1381.8091771745442,0.5430631420548123,1354
1714,1381.8091771745442,0.5430631420548123,1354
1715,1381.8091771745442,0.5430631420548123,1354
1716,1381.8091771745442,0.5430631420548123,1354
1717,1381.8091771745442,0.5430631420548123,1354
1718,1381.8091771745442,0.5430631420548123,1354
1719,1381.8091771745442,0.5430631420548123,1354
1720,1381.8091771745442,0.5430631420548123,1354
1721,1381.8091771745442,0.5430631420548123,1354
1722,1381.8091771745442,0.5430631420548123,1354
1723,1381.8091771745442,0.5430631420548123,1354
1724,1393.250375274945,0.5522449018247596,1366
1725,1381.8091771745442,0.5430631420548123,1354
1726,1381.8091771745442,0.5430631420548123,1354
1727,1381.8091771745442,0.5430631420548123,1354
1728,1381.8091771745442,0.5430631420548123,1354
1729,1393.250375274945,0.5522449018247596,1366
1730,1393.250375274945,0.5522449018247596,1366
1731,1393.250375274945,0.5522449018247596,1366
1732,1393.250375274945,0.5522449018247596,1366
1733,1393.250375274945,0.5522449018247596,1366
1734,1381.8091771745442,0.5430631420548123,1354
1735,1381.8091771745442,0.5430631420548123,1354
1736,1381.8091771745442,0.5430631420548123,1354
1737,1381.8091771745442,0.5430631420548123,1354
1738,1381.8091771745442,0.5430631420548123,1354
1739,1381.8091771745442,0.5430631420548123,1354
1740,1381.8091771745442,0.5430631420548123,1354
1741,1381.8091771745442,0.5430631420548123,1354
1742,1381.8091771745442,0.5430631420548123,1354
1743,1381.8091771745442,0.5430631420548123,1354
1744,1381.8091771745442,0.5430631420548123,1354
1745,1381.8091771745442,0.5430631420548123,1354
1746,1381.8091771745442,0.5430631420548123,1354
1747,1381.8091771745442,0.5430631420548123,1354
1748,1381.8091771745442,0.5430631420548123,1354
1749,1381.8091771745442,0.5430631420548123,1354
1750,1381.8091771745442,0.5430631420548123,1354
1751,1381.8091771745442,0.5430631420548123,1354
1752,1381.8091771745442,0.5430631420548123,1354
1753,1381.8091771745442,0.5430631420548123,1354
1754,1381.8091771745442,0.5430631420548123,1354
1755,1381.8091771745442,0.5430631420548123,1354
1756,1381.8091771745442,0.5430631420548123,1354
1757,1381.8091771745442,0.5430631420548123,1354
1758,1381.8091771745442,0.5430631420548123,1354
1759,1381.8091771745442,0.5430631420548123,1354
1760,1381.8091771745442,0.5430631420548123,1354
1761,1381.8091771745442,0.5430631420548123,1354
1762,1381.8091771745442,0.5430631420548123,1354
1763,1381.8091771745442,0.5430631420548123,1354
1764,1381.8091771745442,0.5430631420548123,1354
1765,1381.8091771745442,0.5430631420548123,1354
1766,1381.8091771745442,0.5430631420548123,1354
1767,1381.8091771745442,0.5430631420548123,1354
1768,1381.8091771745442,0.5430631420548123,1354
1769,1381.8091771745442,0.5430631420548123,1354
1770,1381.8091771745442,0.5430631420548123,1354
1771,1385.8171990767455,0.5429313329486439,1358
1772,1385.8171990767455,0.5429313329486439,1358
1773,1393.833096724359,0.5426701162609439,1366
1774,1393.833096724359,0.5426701162609439,1366
1775,1408.86239018832,0.5421887908590195,1381
1776,1408.86239018832,0.5421887908590195,1381
1777,1408.86239018832,0.5421887908590195,1381
1778,1408.86239018832,0.5421887908590195,1381
1779,1408.86239018832,0.5421887908590195,1381
1780,1408.86239018832,0.5421887908590195,1381
1781,1408.86239018832,0.5421887908590195,1381
1782,1408.86239018832,0.5421887908590195,1381
1783,1408.86239018832,0.5421887908590195,1381
1784,1408.86239018832,0.5421887908590195,1381
1785,1408.86239018832,0.5421887908590195,1381
1786,1408.86239018832,0.5421887908590195,1381
1787,1408.86239018832,0.5421887908590195,1381
1788,1408.86239018832,0.5421887908590195,1381
1789,1408.86239018832,0.5421887908590195,1381
1790,1408.86239018832,0.5421887908590195,1381
1791,1408.86239018832,0.5421887908590195,1381
1792,1408.86239018832,0.5421887908590195,1381
1793,1408.86239018832,0.5421887908590195,1381
1794,1408.86239018832,0.5421887908590195,1381
1795,1408.86239018832,0.5421887908590195,1381
1796,1408.86239018832,0.5421887908590195,1381
1797,1408.86239018832,0.5421887908590195,1381
1798,1408.86239018832,0.5421887908590195,1381
1799,1408.86239018832,0.5421887908590195,1381
1800,1408.86239018832,0.5421887908590195,1381
1801,1408.86239018832,0.5421887908590195,1381
1802,1408.86239018832,0.5421887908590195,1381
1803,1408.86239018832,0.5421887908590195,1381
1804,1408.86239018832,0.5421887908590195,1381
1805,1408.86239018832,0.5421887908590195,1381
1806,1408.86239018832,0.5421887908590195,1381
1807,1408.86239018832,0.5421887908590195,1381
1808,1408.86239018832,0.5421887908590195,1381
1809,1408.86239018832,0.5421887908590195,1381
1810,1408.86239018832,0.5421887908590195,1381
1811,1408.86239018832,0.5421887908590195,1381
1812,1408.86239018832,0.5421887908590195,1381
1813,1408.86239018832,0.5421887908590195,1381
1814,1408.86239018832,0.5421887908590195,1381
1815,1408.86239018832,0.5421887908590195,1381
1816,1408.86239018832,0.5421887908590195,1381
1817,1408.86239018832,0.5421887908590195,1381
1818,1408.86239018832,0.5421887908590195,1381
1819,1408.86239018832,0.5421887908590195,1381
1820,1404.8546432941287,0.5423160812663707,1377
1821,1404.8546432941287,0.5423160812663707,1377
1822,1385.8171990767455,0.5429313329486439,1358
1823,1385.8171990767455,0.5429313329486439,1358
1824,1385.8171990767455,0.5429313329486439,1358
1825,1385.8171990767455,0.5429313329486439,1358
1826,1385.8171990767455,0.5429313329486439,1358
1827,1385.8171990767455,0.5429313329486439,1358
1828,1385.8171990767455,0.5429313329486439,1358
1829,1385.8171990767455,0.5429313329486439,1358
1830,1385.8171990767455,0.5429313329486439,1358
1831,1385.8171990767455,0.5429313329486439,1358
1832,1385.8171990767455,0.5429313329486439,1358
1833,1385.8171990767455,0.5429313329486439,1358
1834,1385.8171990767455,0.5429313329486439,1358
1835,1385.8171990767455,0.5429313329486439,1358
1836,1385.8171990767455,0.5429313329486439,1358
1837,1385.8171990767455,0.5429313329486439,1358
1838,1385.8171990767455,0.5429313329486439,1358
1839,1385.8171990767455,0.5429313329486439,1358
1840,1385.8171990767455,0.5429313329486439,1358
1841,1385.8171990767455,0.5429313329486439,1358
1842,1385.8171990767455,0.5429313329486439,1358
1843,1385.8171990767455,0.5429313329486439,1358
1844,1385.8171990767455,0.5429313329486439,1358
1845,1385.8171990767455,0.5429313329486439,1358
1846,1385.8171990767455,0.5429313329486439,1358
1847,1385.8171990767455,0.5429313329486439,1358
1848,1385.8171990767455,0.5429313329486439,1358
1849,1385.8171990767455,0.5429313329486439,1358
1850,1385.8171990767455,0.5429313329486439,1358
1851,1385.8171990767455,0.5429313329486439,1358
1852,1385.8171990767455,0.5429313329486439,1358
1853,1385.8171990767455,0.5429313329486439,1358
1854,1385.8171990767455,0.5429313329486439,1358
1855,1385.8171990767455,0.5429313329486439,1358
1856,1385.8171990767455,0.5429313329486439,1358
1857,1385.8171990767455,0.5429313329486439,1358
1858,1385.8171990767455,0.5429313329486439,1358
1859,1385.8171990767455,0.5429313329486439,1358
1860,1385.8171990767455,0.5429313329486439,1358
1861,1385.8171990767455,0.5429313329486439,1358
1862,1385.8171990767455,0.5429313329486439,1358
1863,1385.8171990767455,0.5429313329486439,1358
1864,1385.8171990767455,0.5429313329486439,1358
1865,1385.8171990767455,0.5429313329486439,1358
1866,1385.8171990767455,0.5429313329486439,1358
1867,1385.8171990767455,0.5429313329486439,1358
1868,1385.8171990767455,0.5429313329486439,1358
1869,1385.8171990767455,0.5429313329486439,1358
1870,1385.8171990767455,0.5429313329486439,1358
1871,1385.8171990767455,0.5429313329486439,1358
1872,1385.8171990767455,0.5429313329486439,1358
1873,1385.8171990767455,0.5429313329486439,1358
1874,1385.8171990767455,0.5429313329486439,1358
1875,1385.8171990767455,0.5429313329486439,1358
1876,1385.8171990767455,0.5429313329486439,1358
1877,1385.8171990767455,0.5429313329486439,1358
1878,1385.8171990767455,0.5429313329486439,1358
1879,1385.8171990767455,0.5429313329486439,1358
1880,1385.8171990767455,0.5429313329486439,1358
1881,1385.8171990767455,0.5429313329486439,1358
1882,1385.8171990767455,0.5429313329486439,1358
1883,1385.8171990767455,0.5429313329486439,1358
1884,1385.8171990767455,0.5429313329486439,1358
1885,1385.8171990767455,0.5429313329486439,1358
1886,1385.8171990767455,0.5429313329486439,1358
1887,1385.8171990767455,0.5429313329486439,1358
1888,1385.8171990767455,0.5429313329486439,1358
1889,1385.8171990767455,0.5429313329486439,1358
1890,1385.8171990767455,0.5429313329486439,1358
1891,1385.8171990767455,0.5429313329486439,1358
1892,1385.8171990767455,0.5429313329486439,1358
1893,1385.8171990767455,0.5429313329486439,1358
1894,1385.8171990767455,0.5429313329486439,1358
1895,1385.8171990767455,0.5429313329486439,1358
1896,1385.8171990767455,0.5429313329486439,1358
1897,1385.8171990767455,0.5429313329486439,1358
1898,1385.8171990767455,0.5429313329486439,1358
1899,1385.8171990767455,0.5429313329486439,1358
1900,1385.8171990767455,0.5429313329486439,1358
1901,1385.8171990767455,0.5429313329486439,1358
1902,1385.8171990767455,0.5429313329486439,1358
1903,1385.8171990767455,0.5429313329486439,1358
1904,1385.8171990767455,0.5429313329486439,1358
1905,1385.8171990767455,0.5429313329486439,1358
1906,1385.8171990767455,0.5429313329486439,1358
1907,1385.8171990767455,0.5429313329486439,1358
1908,1385.8171990767455,0.5429313329486439,1358
1909,1385.8171990767455,0.5429313329486439,1358
1910,1385.8171990767455,0.5429313329486439,1358
1911,1385.8171990767455,0.5429313329486439,1358
1912,1385.8171990767455,0.5429313329486439,1358
1913,1385.8171990767455,0.5429313329486439,1358
1914,1385.8171990767455,0.5429313329486439,1358
1915,1385.8171990767455,0.5429313329486439,1358
1916,1385.8171990767455,0.5429313329486439,1358
1917,1385.8171990767455,0.5429313329486439,1358
1918,1385.8171990767455,0.5429313329486439,1358
1919,1385.8171990767455,0.5429313329486439,1358
1920,1385.8171990767455,0.5429313329486439,1358
1921,1385.8171990767455,0.5429313329486439,1358
1922,1385.8171990767455,0.5429313329486439,1358
1923,1385.8171990767455,0.5429313329486439,1358
1924,1385.8171990767455,0.5429313329486439,1358
1925,1385.8171990767455,0.5429313329486439,1358
1926,1385.8171990767455,0.5429313329486439,1358
1927,1385.8171990767455,0.5429313329486439,1358
1928,1385.8171990767455,0.5429313329486439,1358
1929,1385.8171990767455,0.5429313329486439,1358
1930,1385.8171990767455,0.5429313329486439,1358
1931,1385.8171990767455,0.5429313329486439,1358
1932,1385.8171990767455,0.5429313329486439,1358
1933,1385.8171990767455,0.5429313329486439,1358
1934,1385.8171990767455,0.5429313329486439,1358
1935,1385.8171990767455,0.5429313329486439,1358
1936,1385.8171990767455,0.5429313329486439,1358
1937,1385.8171990767455,0.5429313329486439,1358
1938,1385.8171990767455,0.5429313329486439,1358
1939,1385.8171990767455,0.5429313329486439,1358
1940,1385.8171990767455,0.5429313329486439,1358
1941,1385.8171990767455,0.5429313329486439,1358
1942,1385.8171990767455,0.5429313329486439,1358
1943,1385.8171990767455,0.5429313329486439,1358
1944,1385.8171990767455,0.5429313329486439,1358
1945,1385.8171990767455,0.5429313329486439,1358
1946,1385.8171990767455,0.5429313329486439,1358
1947,1385.8171990767455,0.5429313329486439,1358
1948,1385.8171990767455,0.5429313329486439,1358
1949,1385.8171990767455,0.5429313329486439,1358
1950,1385.8171990767455,0.5429313329486439,1358
1951,1385.8171990767455,0.5429313329486439,1358
1952,1385.8171990767455,0.5429313329486439,1358
1953,1385.8171990767455,0.5429313329486439,1358
1954,1385.8171990767455,0.5429313329486439,1358
1955,1385.8171990767455,0.5429313329486439,1358
1956,1385.8171990767455,0.5429313329486439,1358
1957,1385.8171990767455,0.5429313329486439,1358
1958,1385.8171990767455,0.5429313329486439,1358
1959,1385.8171990767455,0.5429313329486439,1358
1960,1385.8171990767455,0.5429313329486439,1358
1961,1385.8171990767455,0.5429313329486439,1358
1962,1421.887249394997,0.5417803254190411,1394
1963,1421.887249394997,0.5417803254190411,1394
1964,1421.887249394997,0.5417803254190411,1394
1965,1421.887249394997,0.5417803254190411,1394
1966,1421.887249394997,0.5417803254190411,1394
1967,1421.887249394997,0.5417803254190411,1394
1968,1421.887249394997,0.5417803254190411,1394
1969,1421.887249394997,0.5417803254190411,1394
1970,1421.887249394997,0.5417803254190411,1394
1971,1421.887249394997,0.5417803254190411,1394
1972,1421.887249394997,0.5417803254190411,1394
1973,1421.887249394997,0.5417803254190411,1394
1974,1421.887249394997,0.5417803254190411,1394
1975,1421.887249394997,0.5417803254190411,1394
1976,1421.887249394997,0.5417803254190411,1394
1977,1421.887249394997,0.5417803254190411,1394
1978,1421.887249394997,0.5417803254190411,1394
1979,1421.887249394997,0.5417803254190411,1394
1980,1421.887249394997,0.5417803254190411,1394
1981,1421.887249394997,0.5417803254190411,1394
1982,1421.887249394997,0.5417803254190411,1394
1983,1421.887249394997,0.5417803254190411,1394
1984,1421.887249394997,0.5417803254190411,1394
1985,1421.887249394997,0.5417803254190411,1394
1986,1421.887249394997,0.5417803254190411,1394
1987,1421.887249394997,0.5417803254190411,1394
1988,1421.887249394997,0.5417803254190411,1394
1989,1421.887249394997,0.5417803254190411,1394
1990,1421.887249394997,0.5417803254190411,1394
1991,1421.887249394997,0.5417803254190411,1394
1992,1421.887249394997,0.5417803254190411,1394
1993,1421.887249394997,0.5417803254190411,1394
1994,1421.887249394997,0.5417803254190411,1394
1995,1421.887249394997,0.5417803254190411,1394
1996,1421.887249394997,0.5417803254190411,1394
1997,1421.887249394997,0.5417803254190411,1394
1998,1421.887249394997,0.5417803254190411,1394
1999,1421.887249394997,0.5417803254190411,1394
2000,1421.887249394997,0.5417803254190411,1394
2001,1421.887249394997,0.5417803254190411,1394
2002,1421.887249394997,0.5417803254190411,1394
2003,1421.887249394997,0.5417803254190411,1394
2004,1421.887249394997,0.5417803254190411,1394
2005,1421.887249394997,0.5417803254190411,1394
2006,1421.887249394997,0.5417803254190411,1394
2007,1421.887249394997,0.5417803254190411,1394
2008,1421.887249394997,0.5417803254190411,1394
2009,1421.887249394997,0.5417803254190411,1394
2010,1421.887249394997,0.5417803254190411,1394
2011,1421.887249394997,0.5417803254190411,1394
2012,1421.887249394997,0.5417803254190411,1394
2013,1421.887249394997,0.5417803254190411,1394
2014,1421.887249394997,0.5417803254190411,1394
2015,1421.887249394997,0.5417803254190411,1394
2016,1421.887249394997,0.5417803254190411,1394
2017,1421.887249394997,0.5417803254190411,1394
2018,1421.887249394997,0.5417803254190411,1394
2019,1421.887249394997,0.5417803254190411,1394
2020,1421.887249394997,0.5417803254190411,1394
2021,1421.887249394997,0.5417803254190411,1394
2022,1421.887249394997,0.5417803254190411,1394
2023,1421.887249394997,0.5417803254190411,1394
2024,1421.887249394997,0.5417803254190411,1394
2025,1421.887249394997,0.5417803254190411,1394
2026,1421.887249394997,0.5417803254190411,1394
2027,1421.887249394997,0.5417803254190411,1394
2028,1421.887249394997,0.5417803254190411,1394
2029,1421.887249394997,0.5417803254190411,1394
2030,1421.887249394997,0.5417803254190411,1394
2031,1421.887249394997,0.5417803254190411,1394
2032,1421.887249394997,0.5417803254190411,1394
2033,1421.887249394997,0.5417803254190411,1394
2034,1421.887249394997,0.5417803254190411,1394
2035,1421.887249394997,0.5417803254190411,1394
2036,1421.887249394997,0.5417803254190411,1394
2037,1421.887249394997,0.5417803254190411,1394
2038,1421.887249394997,0.5417803254190411,1394
2039,1421.887249394997,0.5417803254190411,1394
2040,1421.887249394997,0.5417803254190411,1394
2041,1421.887249394997,0.5417803254190411,1394
2042,1421.887249394997,0.5417803254190411,1394
2043,1421.887249394997,0.5417803254190411,1394
2044,1421.887249394997,0.5417803254190411,1394
2045,1421.887249394997,0.5417803254190411,1394
2046,1421.887249394997,0.5417803254190411,1394
2047,1421.887249394997,0.5417803254190411,1394
2048,1421.887249394997,0.5417803254190411,1394
2049,1421.887249394997,0.5417803254190411,1394
2050,1421.887249394997,0.5417803254190411,1394
2051,1421.887249394997,0.5417803254190411,1394
2052,1421.887249394997,0.5417803254190411,1394
2053,1421.887249394997,0.5417803254190411,1394
2054,1421.887249394997,0.5417803254190411,1394
2055,1421.887249394997,0.5417803254190411,1394
2056,1421.887249394997,0.5417803254190411,1394
2057,1421.887249394997,0.5417803254190411,1394
2058,1421.887249394997,0.5417803254190411,1394
2059,1421.887249394997,0.5417803254190411,1394
2060,1421.887249394997,0.5417803254190411,1394
2061,1421.887249394997,0.5417803254190411,1394
2062,1421.887249394997,0.5417803254190411,1394
2063,1421.887249394997,0.5417803254190411,1394
2064,1421.887249394997,0.5417803254190411,1394
2065,1421.887249394997,0.5417803254190411,1394
2066,1421.887249394997,0.5417803254190411,1394
2067,1421.887249394997,0.5417803254190411,1394
2068,1429.9023099404249,0.5415328632858216,1402
2069,1429.9023099404249,0.5415328632858216,1402
2070,1429.9023099404249,0.5415328632858216,1402
2071,1429.9023099404249,0.5415328632858216,1402
2072,1429.9023099404249,0.5415328632858216,1402
2073,1429.9023099404249,0.5415328632858216,1402
2074,1429.9023099404249,0.5415328632858216,1402
2075,1429.9023099404249,0.5415328632858216,1402
2076,1429.9023099404249,0.5415328632858216,1402
2077,1429.9023099404249,0.5415328632858216,1402
2078,1429.9023099404249,0.5415328632858216,1402
2079,1429.9023099404249,0.5415328632858216,1402
2080,1429.9023099404249,0.5415328632858216,1402
2081,1429.9023099404249,0.5415328632858216,1402
2082,1429.9023099404249,0.5415328632858216,1402
2083,1429.9023099404249,0.5415328632858216,1402
2084,1429.9023099404249,0.5415328632858216,1402
2085,1429.9023099404249,0.5415328632858216,1402
2086,1429.9023099404249,0.5415328632858216,1402
2087,1429.9023099404249,0.5415328632858216,1402
2088,1429.9023099404249,0.5415328632858216,1402
2089,1429.9023099404249,0.5415328632858216,1402
2090,1429.9023099404249,0.5415328632858216,1402
2091,1425.8948019954548,0.5416562274818469,1398
2092,1425.8948019954548,0.5416562274818469,1398
2093,1425.8948019954548,0.5416562274818469,1398
2094,1425.8948019954548,0.5416562274818469,1398
2095,1425.8948019954548,0.5416562274818469,1398
2096,1425.8948019954548,0.5416562274818469,1398
2097,1425.8948019954548,0.5416562274818469,1398
2098,1425.8948019954548,0.5416562274818469,1398
2099,1425.8948019954548,0.5416562274818469,1398
2100,1425.8948019954548,0.5416562274818469,1398
2101,1425.8948019954548,0.5416562274818469,1398
2102,1425.8948019954548,0.5416562274818469,1398
2103,1425.8948019954548,0.5416562274818469,1398
2104,1425.8948019954548,0.5416562274818469,1398
2105,1423.891031301981,0.5417181843249926,1396
2106,1423.891031301981,0.5417181843249926,1396
2107,1423.891031301981,0.5417181843249926,1396
2108,1423.891031301981,0.5417181843249926,1396
2109,1423.891031301981,0.5417181843249926,1396
2110,1423.891031301981,0.5417181843249926,1396
2111,1423.891031301981,0.5417181843249926,1396
2112,1423.891031301981,0.5417181843249926,1396
2113,1410.5243199040372,0.5313125221157206,1382
2114,1410.5243199040372,0.5313125221157206,1382
2115,1410.5243199040372,0.5313125221157206,1382
2116,1434.096130608599,0.538348166141981,1406
2117,1434.096130608599,0.538348166141981,1406
2118,1434.096130608599,0.538348166141981,1406
2119,1434.096130608599,0.538348166141981,1406
2120,1434.096130608599,0.538348166141981,1406
2121,1434.096130608599,0.538348166141981,1406
2122,1434.096130608599,0.538348166141981,1406
2123,1434.096130608599,0.538348166141981,1406
2124,1434.096130608599,0.538348166141981,1406
2125,1434.096130608599,0.538348166141981,1406
2126,1434.096130608599,0.538348166141981,1406
2127,1434.096130608599,0.538348166141981,1406
2128,1419.5370091487266,0.5311040231888513,1391
2129,1419.5370091487266,0.5311040231888513,1391
2130,1419.5370091487266,0.5311040231888513,1391
2131,1419.5370091487266,0.5311040231888513,1391
2132,1419.5370091487266,0.5311040231888513,1391
2133,1419.5370091487266,0.5311040231888513,1391
2134,1419.5370091487266,0.5311040231888513,1391
2135,1419.5370091487266,0.5311040231888513,1391
2136,1419.5370091487266,0.5311040231888513,1391
2137,1419.5370091487266,0.5311040231888513,1391
2138,1419.5370091487266,0.5311040231888513,1391
2139,1419.5370091487266,0.5311040231888513,1391
2140,1419.5370091487266,0.5311040231888513,1391
2141,1419.5370091487266,0.5311040231888513,1391
2142,1419.5370091487266,0.5311040231888513,1391
2143,1419.5370091487266,0.5311040231888513,1391
2144,1419.5370091487266,0.5311040231888513,1391
2145,1419.5370091487266,0.5311040231888513,1391
2146,1419.5370091487266,0.5311040231888513,1391
2147,1419.5370091487266,0.5311040231888513,1391
2148,1419.5370091487266,0.5311040231888513,1391
2149,1419.5370091487266,0.5311040231888513,1391
2150,1419.5370091487266,0.5311040231888513,1391
2151,1419.5370091487266,0.5311040231888513,1391
2152,1419.5370091487266,0.5311040231888513,1391
2153,1419.5370091487266,0.5311040231888513,1391
2154,1419.5370091487266,0.5311040231888513,1391
2155,1419.5370091487266,0.5311040231888513,1391
2156,1419.5370091487266,0.5311040231888513,1391
2157,1419.5370091487266,0.5311040231888513,1391
2158,1419.5370091487266,0.5311040231888513,1391
2159,1419.5370091487266,0.5311040231888513,1391
2160,1419.5370091487266,0.5311040231888513,1391
2161,1419.5370091487266,0.5311040231888513,1391
2162,1419.5370091487266,0.5311040231888513,1391
2163,1419.5370091487266,0.5311040231888513,1391
2164,1419.5370091487266,0.5311040231888513,1391
2165,1419.5370091487266,0.5311040231888513,1391
2166,1419.5370091487266,0.5311040231888513,1391
2167,1419.5370091487266,0.5311040231888513,1391
2168,1419.5370091487266,0.5311040231888513,1391
2169,1419.5370091487266,0.5311040231888513,1391
2170,1419.5370091487266,0.5311040231888513,1391
2171,1419.5370091487266,0.5311040231888513,1391
2172,1419.5370091487266,0.5311040231888513,1391
2173,1419.5370091487266,0.5311040231888513,1391
2174,1419.5370091487266,0.5311040231888513,1391
2175,1419.5370091487266,0.5311040231888513,1391
2176,1432.907911831292,0.5414408177572785,1405
2177,1432.907911831292,0.5414408177572785,1405
2178,1419.5370091487266,0.5311040231888513,1391
2179,1419.5370091487266,0.5311040231888513,1391
2180,1432.907911831292,0.5414408177572785,1405
2181,1427.89856152513,0.5415944540727903,1400
2182,1427.89856152513,0.5415944540727903,1400
2183,1427.89856152513,0.5415944540727903,1400
2184,1427.89856152513,0.5415944540727903,1400
2185,1427.89856152513,0.5415944540727903,1400
2186,1427.89856152513,0.5415944540727903,1400
2187,1427.89856152513,0.5415944540727903,1400
2188,1427.89856152513,0.5415944540727903,1400
2189,1427.89856152513,0.5415944540727903,1400
2190,1427.89856152513,0.5415944540727903,1400
2191,1427.89856152513,0.5415944540727903,1400
2192,1427.89856152513,0.5415944540727903,1400
2193,1427.89856152513,0.5415944540727903,1400
2194,1427.89856152513,0.5415944540727903,1400
2195,1427.89856152513,0.5415944540727903,1400
2196,1427.89856152513,0.5415944540727903,1400
2197,1427.89856152513,0.5415944540727903,1400
2198,1427.89856152513,0.5415944540727903,1400
2199,1427.89856152513,0.5415944540727903,1400
2200,1428.9004371189976,0.541563635902108,1401
2201,1428.9004371189976,0.541563635902108,1401
2202,1428.9004371189976,0.541563635902108,1401
2203,1428.9004371189976,0.541563635902108,1401
2204,1428.9004371189976,0.541563635902108,1401
2205,1428.9004371189976,0.541563635902108,1401
2206,1428.9004371189976,0.541563635902108,1401
2207,1428.9004371189976,0.541563635902108,1401
2208,1428.9004371189976,0.541563635902108,1401
2209,1428.9004371189976,0.541563635902108,1401
2210,1428.9004371189976,0.541563635902108,1401
2211,1428.9004371189976,0.541563635902108,1401
2212,1428.9004371189976,0.541563635902108,1401
2213,1428.9004371189976,0.541563635902108,1401
2214,1428.9004371189976,0.541563635902108,1401
2215,1428.9004371189976,0.541563635902108,1401
2216,1430.9041799955435,0.5415021361231771,1403
2217,1430.9041799955435,0.5415021361231771,1403
2218,1430.9041799955435,0.5415021361231771,1403
2219,1430.9041799955435,0.5415021361231771,1403
2220,1430.9041799955435,0.5415021361231771,1403
2221,1435.9134889898637,0.541349178608878,1408
2222,1435.9134889898637,0.541349178608878,1408
2223,1435.9134889898637,0.541349178608878,1408
2224,1435.9134889898637,0.541349178608878,1408
2225,1435.9134889898637,0.541349178608878,1408
2226,1435.9134889898637,0.541349178608878,1408
2227,1435.9134889898637,0.541349178608878,1408
2228,1435.9134889898637,0.541349178608878,1408
2229,1435.9134889898637,0.541349178608878,1408
2230,1435.9134889898637,0.541349178608878,1408
2231,1435.9134889898637,0.541349178608878,1408
2232,1435.9134889898637,0.541349178608878,1408
2233,1435.9134889898637,0.541349178608878,1408
2234,1435.9134889898637,0.541349178608878,1408
2235,1435.9134889898637,0.541349178608878,1408
2236,1435.9134889898637,0.541349178608878,1408
2237,1435.9134889898637,0.541349178608878,1408
2238,1435.9134889898637,0.541349178608878,1408
2239,1435.9134889898637,0.541349178608878,1408
2240,1435.9134889898637,0.541349178608878,1408
2241,1435.9134889898637,0.541349178608878,1408
2242,1435.9134889898637,0.541349178608878,1408
2243,1450.9410094586833,0.5408969855622187,1423
2244,1450.9410094586833,0.5408969855622187,1423
2245,1450.9410094586833,0.5408969855622187,1423
2246,1450.9410094586833,0.5408969855622187,1423
2247,1450.9410094586833,0.5408969855622187,1423
2248,1450.9410094586833,0.5408969855622187,1423
2249,1450.9410094586833,0.5408969855622187,1423
2250,1450.9410094586833,0.5408969855622187,1423
2251,1450.9410094586833,0.5408969855622187,1423
2252,1450.9410094586833,0.5408969855622187,1423
2253,1450.9410094586833,0.5408969855622187,1423
2254,1450.9410094586833,0.5408969855622187,1423
2255,1450.9410094586833,0.5408969855622187,1423
2256,1450.9410094586833,0.5408969855622187,1423
2257,1450.9410094586833,0.5408969855622187,1423
2258,1450.9410094586833,0.5408969855622187,1423
2259,1450.9410094586833,0.5408969855622187,1423
2260,1450.9410094586833,0.5408969855622187,1423
2261,1450.9410094586833,0.5408969855622187,1423
2262,1450.9410094586833,0.5408969855622187,1423
2263,1450.9410094586833,0.5408969855622187,1423
2264,1450.9410094586833,0.5408969855622187,1423
2265,1450.9410094586833,0.5408969855622187,1423
2266,1450.9410094586833,0.5408969855622187,1423
2267,1450.9410094586833,0.5408969855622187,1423
2268,1450.9410094586833,0.5408969855622187,1423
2269,1450.9410094586833,0.5408969855622187,1423
2270,1450.9410094586833,0.5408969855622187,1423
2271,1450.9410094586833,0.5408969855622187,1423
2272,1450.9410094586833,0.5408969855622187,1423
2273,1450.9410094586833,0.5408969855622187,1423
2274,1450.9410094586833,0.5408969855622187,1423
2275,1450.9410094586833,0.5408969855622187,1423
2276,1450.9410094586833,0.5408969855622187,1423
2277,1450.9410094586833,0.5408969855622187,1423
2278,1447.9355535427594,0.5409866325540664,1420
2279,1447.9355535427594,0.5409866325540664,1420
2280,1447.9355535427594,0.5409866325540664,1420
2281,1447.9355535427594,0.5409866325540664,1420
2282,1447.9355535427594,0.5409866325540664,1420
2283,1447.9355535427594,0.5409866325540664,1420
2284,1447.9355535427594,0.5409866325540664,1420
2285,1447.9355535427594,0.5409866325540664,1420
2286,1447.9355535427594,0.5409866325540664,1420
2287,1447.9355535427594,0.5409866325540664,1420
2288,1448.9373748326288,0.5409567066607157,1421
2289,1448.9373748326288,0.5409567066607157,1421
2290,1448.9373748326288,0.5409567066607157,1421
2291,1448.9373748326288,0.5409567066607157,1421
2292,1448.9373748326288,0.5409567066607157,1421
2293,1448.9373748326288,0.5409567066607157,1421
2294,1448.9373748326288,0.5409567066607157,1421
2295,1453.9464416000544,0.5408077292136959,1426
2296,1453.9464416000544,0.5408077292136959,1426
2297,1453.9464416000544,0.5408077292136959,1426
2298,1453.9464416000544,0.5408077292136959,1426
2299,1453.9464416000544,0.5408077292136959,1426
2300,1453.9464416000544,0.5408077292136959,1426
2301,1453.9464416000544,0.5408077292136959,1426
2302,1453.9464416000544,0.5408077292136959,1426
2303,1453.9464416000544,0.5408077292136959,1426
2304,1453.9464416000544,0.5408077292136959,1426
2305,1453.9464416000544,0.5408077292136959,1426
2306,1453.9464416000544,0.5408077292136959,1426
2307,1453.9464416000544,0.5408077292136959,1426
2308,1453.9464416000544,0.5408077292136959,1426
2309,1453.9464416000544,0.5408077292136959,1426
2310,1453.9464416000544,0.5408077292136959,1426
2311,1453.9464416000544,0.5408077292136959,1426
2312,1453.9464416000544,0.5408077292136959,1426
2313,1453.9464416000544,0.5408077292136959,1426
2314,1453.9464416000544,0.5408077292136959,1426
2315,1453.9464416000544,0.5408077292136959,1426
2316,1453.9464416000544,0.5408077292136959,1426
2317,1453.9464416000544,0.5408077292136959,1426
2318,1453.9464416000544,0.5408077292136959,1426
2319,1453.9464416000544,0.5408077292136959,1426
2320,1453.9464416000544,0.5408077292136959,1426
2321,1453.9464416000544,0.5408077292136959,1426
2322,1453.9464416000544,0.5408077292136959,1426
2323,1453.9464416000544,0.5408077292136959,1426
2324,1453.9464416000544,0.5408077292136959,1426
2325,1453.9464416000544,0.5408077292136959,1426
2326,1453.9464416000544,0.5408077292136959,1426
2327,1453.9464416000544,0.5408077292136959,1426
2328,1453.9464416000544,0.5408077292136959,1426
2329,1453.9464416000544,0.5408077292136959,1426
2330,1453.9464416000544,0.5408077292136959,1426
2331,1453.9464416000544,0.5408077292136959,1426
2332,1453.9464416000544,0.5408077292136959,1426
2333,1453.9464416000544,0.5408077292136959,1426
2334,1453.9464416000544,0.5408077292136959,1426
2335,1453.9464416000544,0.5408077292136959,1426
2336,1453.9464416000544,0.5408077292136959,1426
2337,1453.9464416000544,0.5408077292136959,1426
2338,1453.9464416000544,0.5408077292136959,1426
2339,1453.9464416000544,0.5408077292136959,1426
2340,1453.9464416000544,0.5408077292136959,1426
2341,1453.9464416000544,0.5408077292136959,1426
2342,1453.9464416000544,0.5408077292136959,1426
2343,1453.9464416000544,0.5408077292136959,1426
2344,1453.9464416000544,0.5408077292136959,1426
2345,1453.9464416000544,0.5408077292136959,1426
2346,1453.9464416000544,0.5408077292136959,1426
2347,1453.9464416000544,0.5408077292136959,1426
2348,1453.9464416000544,0.5408077292136959,1426
2349,1453.9464416000544,0.5408077292136959,1426
2350,1453.9464416000544,0.5408077292136959,1426
2351,1453.9464416000544,0.5408077292136959,1426
2352,1453.9464416000544,0.5408077292136959,1426
2353,1453.9464416000544,0.5408077292136959,1426
2354,1453.9464416000544,0.5408077292136959,1426
2355,1453.9464416000544,0.5408077292136959,1426
2356,1453.9464416000544,0.5408077292136959,1426
2357,1453.9464416000544,0.5408077292136959,1426
2358,1453.9464416000544,0.5408077292136959,1426
2359,1453.9464416000544,0.5408077292136959,1426
2360,1453.9464416000544,0.5408077292136959,1426
2361,1453.9464416000544,0.5408077292136959,1426
2362,1453.9464416000544,0.5408077292136959,1426
2363,1453.9464416000544,0.5408077292136959,1426
2364,1453.9464416000544,0.5408077292136959,1426
2365,1453.9464416000544,0.5408077292136959,1426
2366,1453.9464416000544,0.5408077292136959,1426
2367,1453.9464416000544,0.5408077292136959,1426
2368,1453.9464416000544,0.5408077292136959,1426
2369,1453.9464416000544,0.5408077292136959,1426
2370,1453.9464416000544,0.5408077292136959,1426
2371,1453.9464416000544,0.5408077292136959,1426
2372,1453.9464416000544,0.5408077292136959,1426
2373,1453.9464416000544,0.5408077292136959,1426
2374,1453.9464416000544,0.5408077292136959,1426
2375,1453.9464416000544,0.5408077292136959,1426
2376,1453.9464416000544,0.5408077292136959,1426
2377,1453.9464416000544,0.5408077292136959,1426
2378,1453.9464416000544,0.5408077292136959,1426
2379,1453.9464416000544,0.5408077292136959,1426
2380,1453.9464416000544,0.5408077292136959,1426
2381,1453.9464416000544,0.5408077292136959,1426
2382,1453.9464416000544,0.5408077292136959,1426
2383,1453.9464416000544,0.5408077292136959,1426
2384,1453.9464416000544,0.5408077292136959,1426
2385,1453.9464416000544,0.5408077292136959,1426
2386,1453.9464416000544,0.5408077292136959,1426
2387,1453.9464416000544,0.5408077292136959,1426
2388,1453.9464416000544,0.5408077292136959,1426
2389,1453.9464416000544,0.5408077292136959,1426
2390,1453.9464416000544,0.5408077292136959,1426
2391,1453.9464416000544,0.5408077292136959,1426
2392,1453.9464416000544,0.5408077292136959,1426
2393,1453.9464416000544,0.5408077292136959,1426
2394,1453.9464416000544,0.5408077292136959,1426
2395,1453.9464416000544,0.5408077292136959,1426
2396,1453.9464416000544,0.5408077292136959,1426
2397,1453.9464416000544,0.5408077292136959,1426
2398,1453.9464416000544,0.5408077292136959,1426
2399,1453.9464416000544,0.5408077292136959,1426
2400,1453.9464416000544,0.5408077292136959,1426
2401,1453.9464416000544,0.5408077292136959,1426
2402,1453.9464416000544,0.5408077292136959,1426
2403,1453.9464416000544,0.5408077292136959,1426
2404,1453.9464416000544,0.5408077292136959,1426
2405,1453.9464416000544,0.5408077292136959,1426
2406,1453.9464416000544,0.5408077292136959,1426
2407,1453.9464416000544,0.5408077292136959,1426
2408,1453.9464416000544,0.5408077292136959,1426
2409,1453.9464416000544,0.5408077292136959,1426
2410,1453.9464416000544,0.5408077292136959,1426
2411,1453.9464416000544,0.5408077292136959,1426
2412,1453.9464416000544,0.5408077292136959,1426
2413,1453.9464416000544,0.5408077292136959,1426
2414,1453.9464416000544,0.5408077292136959,1426
2415,1453.9464416000544,0.5408077292136959,1426
2416,1453.9464416000544,0.5408077292136959,1426
2417,1453.9464416000544,0.5408077292136959,1426
2418,1453.9464416000544,0.5408077292136959,1426
2419,1453.9464416000544,0.5408077292136959,1426
2420,1453.9464416000544,0.5408077292136959,1426
2421,1453.9464416000544,0.5408077292136959,1426
2422,1453.9464416000544,0.5408077292136959,1426
2423,1453.9464416000544,0.5408077292136959,1426
2424,1453.9464416000544,0.5408077292136959,1426
2425,1453.9464416000544,0.5408077292136959,1426
2426,1453.9464416000544,0.5408077292136959,1426
2427,1453.9464416000544,0.5408077292136959,1426
2428,1453.9464416000544,0.5408077292136959,1426
2429,1453.9464416000544,0.5408077292136959,1426
2430,1453.9464416000544,0.5408077292136959,1426
2431,1453.9464416000544,0.5408077292136959,1426
2432,1453.9464416000544,0.5408077292136959,1426
2433,1453.9464416000544,0.5408077292136959,1426
2434,1453.9464416000544,0.5408077292136959,1426
2435,1453.9464416000544,0.5408077292136959,1426
2436,1453.9464416000544,0.5408077292136959,1426
2437,1453.9464416000544,0.5408077292136959,1426
2438,1453.9464416000544,0.5408077292136959,1426
2439,1453.9464416000544,0.5408077292136959,1426
2440,1453.9464416000544,0.5408077292136959,1426
2441,1453.9464416000544,0.5408077292136959,1426
2442,1453.9464416000544,0.5408077292136959,1426
2443,1453.9464416000544,0.5408077292136959,1426
2444,1453.9464416000544,0.5408077292136959,1426
2445,1453.9464416000544,0.5408077292136959,1426
2446,1453.9464416000544,0.5408077292136959,1426
2447,1453.9464416000544,0.5408077292136959,1426
2448,1453.9464416000544,0.5408077292136959,1426
2449,1453.9464416000544,0.5408077292136959,1426
2450,1453.9464416000544,0.5408077292136959,1426
2451,1453.9464416000544,0.5408077292136959,1426
2452,1453.9464416000544,0.5408077292136959,1426
2453,1453.9464416000544,0.5408077292136959,1426
2454,1453.9464416000544,0.5408077292136959,1426
2455,1453.9464416000544,0.5408077292136959,1426
2456,1453.9464416000544,0.5408077292136959,1426
2457,1453.9464416000544,0.5408077292136959,1426
2458,1453.9464416000544,0.5408077292136959,1426
2459,1453.9464416000544,0.5408077292136959,1426
2460,1453.9464416000544,0.5408077292136959,1426
2461,1453.9464416000544,0.5408077292136959,1426
2462,1453.9464416000544,0.5408077292136959,1426
2463,1453.9464416000544,0.5408077292136959,1426
2464,1453.9464416000544,0.5408077292136959,1426
2465,1453.9464416000544,0.5408077292136959,1426
2466,1453.9464416000544,0.5408077292136959,1426
2467,1453.9464416000544,0.5408077292136959,1426
2468,1453.9464416000544,0.5408077292136959,1426
2469,1453.9464416000544,0.5408077292136959,1426
2470,1453.9464416000544,0.5408077292136959,1426
2471,1453.9464416000544,0.5408077292136959,1426
2472,1453.9464416000544,0.5408077292136959,1426
2473,1453.9464416000544,0.5408077292136959,1426
2474,1453.9464416000544,0.5408077292136959,1426
2475,1453.9464416000544,0.5408077292136959,1426
2476,1453.9464416000544,0.5408077292136959,1426
2477,1453.9464416000544,0.5408077292136959,1426
2478,1453.9464416000544,0.5408077292136959,1426
2479,1453.9464416000544,0.5408077292136959,1426
2480,1453.9464416000544,0.5408077292136959,1426
2481,1453.9464416000544,0.5408077292136959,1426
2482,1453.9464416000544,0.5408077292136959,1426
2483,1453.9464416000544,0.5408077292136959,1426
2484,1453.9464416000544,0.5408077292136959,1426
2485,1453.9464416000544,0.5408077292136959,1426
2486,1453.9464416000544,0.5408077292136959,1426
2487,1453.9464416000544,0.5408077292136959,1426
2488,1453.9464416000544,0.5408077292136959,1426
2489,1453.9464416000544,0.5408077292136959,1426
2490,1453.9464416000544,0.5408077292136959,1426
2491,1453.9464416000544,0.5408077292136959,1426
2492,1453.9464416000544,0.5408077292136959,1426
2493,1453.9464416000544,0.5408077292136959,1426
2494,1453.9464416000544,0.5408077292136959,1426
2495,1453.9464416000544,0.5408077292136959,1426
2496,1453.9464416000544,0.5408077292136959,1426
2497,1453.9464416000544,0.5408077292136959,1426
2498,1453.9464416000544,0.5408077292136959,1426
2499,1453.9464416000544,0.5408077292136959,1426
2500,1453.9464416000544,0.5408077292136959,1426
2501,1453.9464416000544,0.5408077292136959,1426
2502,1453.9464416000544,0.5408077292136959,1426
2503,1453.9464416000544,0.5408077292136959,1426
2504,1453.9464416000544,0.5408077292136959,1426
2505,1453.9464416000544,0.5408077292136959,1426
2506,1453.9464416000544,0.5408077292136959,1426
2507,1453.9464416000544,0.5408077292136959,1426
2508,1453.9464416000544,0.5408077292136959,1426
2509,1453.9464416000544,0.5408077292136959,1426
2510,1453.9464416000544,0.5408077292136959,1426
2511,1453.9464416000544,0.5408077292136959,1426
2512,1453.9464416000544,0.5408077292136959,1426
2513,1453.9464416000544,0.5408077292136959,1426
2514,1453.9464416000544,0.5408077292136959,1426
2515,1453.9464416000544,0.5408077292136959,1426
2516,1453.9464416000544,0.5408077292136959,1426
2517,1453.9464416000544,0.5408077292136959,1426
2518,1453.9464416000544,0.5408077292136959,1426
2519,1453.9464416000544,0.5408077292136959,1426
2520,1453.9464416000544,0.5408077292136959,1426
2521,1453.9464416000544,0.5408077292136959,1426
2522,1453.9464416000544,0.5408077292136959,1426
2523,1453.9464416000544,0.5408077292136959,1426
2524,1453.9464416000544,0.5408077292136959,1426
2525,1453.9464416000544,0.5408077292136959,1426
2526,1453.9464416000544,0.5408077292136959,1426
2527,1453.9464416000544,0.5408077292136959,1426
2528,1453.9464416000544,0.5408077292136959,1426
2529,1453.9464416000544,0.5408077292136959,1426
2530,1453.9464416000544,0.5408077292136959,1426
2531,1453.9464416000544,0.5408077292136959,1426
2532,1453.9464416000544,0.5408077292136959,1426
2533,1453.9464416000544,0.5408077292136959,1426
2534,1453.9464416000544,0.5408077292136959,1426
2535,1453.9464416000544,0.5408077292136959,1426
2536,1453.9464416000544,0.5408077292136959,1426
2537,1453.9464416000544,0.5408077292136959,1426
2538,1453.9464416000544,0.5408077292136959,1426
2539,1453.9464416000544,0.5408077292136959,1426
2540,1453.9464416000544,0.5408077292136959,1426
2541,1453.9464416000544,0.5408077292136959,1426
2542,1453.9464416000544,0.5408077292136959,1426
2543,1453.9464416000544,0.5408077292136959,1426
2544,1453.9464416000544,0.5408077292136959,1426
2545,1453.9464416000544,0.5408077292136959,1426
2546,1453.9464416000544,0.5408077292136959,1426
2547,1453.9464416000544,0.5408077292136959,1426
2548,1453.9464416000544,0.5408077292136959,1426
2549,1453.9464416000544,0.5408077292136959,1426
2550,1453.9464416000544,0.5408077292136959,1426
2551,1437.9171934360386,0.5412883102852675,1410
2552,1437.9171934360386,0.5412883102852675,1410
2553,1437.9171934360386,0.5412883102852675,1410
2554,1437.9171934360386,0.5412883102852675,1410
2555,1437.9171934360386,0.5412883102852675,1410
2556,1437.9171934360386,0.5412883102852675,1410
2557,1437.9171934360386,0.5412883102852675,1410
2558,1437.9171934360386,0.5412883102852675,1410
2559,1437.9171934360386,0.5412883102852675,1410
2560,1437.9171934360386,0.5412883102852675,1410
2561,1437.9171934360386,0.5412883102852675,1410
2562,1437.9171934360386,0.5412883102852675,1410
2563,1437.9171934360386,0.5412883102852675,1410
2564,1437.9171934360386,0.5412883102852675,1410
2565,1437.9171934360386,0.5412883102852675,1410
2566,1437.9171934360386,0.5412883102852675,1410
2567,1437.9171934360386,0.5412883102852675,1410
2568,1437.9171934360386,0.5412883102852675,1410
2569,1437.9171934360386,0.5412883102852675,1410
2570,1437.9171934360386,0.5412883102852675,1410
2571,1437.9171934360386,0.5412883102852675,1410
2572,1437.9171934360386,0.5412883102852675,1410
2573,1437.9171934360386,0.5412883102852675,1410
2574,1437.9171934360386,0.5412883102852675,1410
2575,1437.9171934360386,0.5412883102852675,1410
2576,1437.9171934360386,0.5412883102852675,1410
2577,1437.9171934360386,0.5412883102852675,1410
2578,1437.9171934360386,0.5412883102852675,1410
2579,1437.9171934360386,0.5412883102852675,1410
2580,1437.9171934360386,0.5412883102852675,1410
2581,1437.9171934360386,0.5412883102852675,1410
2582,1437.9171934360386,0.5412883102852675,1410
2583,1437.9171934360386,0.5412883102852675,1410
2584,1437.9171934360386,0.5412883102852675,1410
2585,1437.9171934360386,0.5412883102852675,1410
2586,1437.9171934360386,0.5412883102852675,1410
2587,1437.9171934360386,0.5412883102852675,1410
2588,1437.9171934360386,0.5412883102852675,1410
2589,1437.9171934360386,0.5412883102852675,1410
2590,1437.9171934360386,0.5412883102852675,1410
2591,1437.9171934360386,0.5412883102852675,1410
2592,1437.9171934360386,0.5412883102852675,1410
2593,1437.9171934360386,0.5412883102852675,1410
2594,1437.9171934360386,0.5412883102852675,1410
2595,1437.9171934360386,0.5412883102852675,1410
2596,1437.9171934360386,0.5412883102852675,1410
2597,1437.9171934360386,0.5412883102852675,1410
2598,1437.9171934360386,0.5412883102852675,1410
2599,1437.9171934360386,0.5412883102852675,1410
2600,1437.9171934360386,0.5412883102852675,1410
2601,1437.9171934360386,0.5412883102852675,1410
2602,1437.9171934360386,0.5412883102852675,1410
2603,1437.9171934360386,0.5412883102852675,1410
2604,1437.9171934360386,0.5412883102852675,1410
2605,1437.9171934360386,0.5412883102852675,1410
2606,1437.9171934360386,0.5412883102852675,1410
2607,1437.9171934360386,0.5412883102852675,1410
2608,1437.9171934360386,0.5412883102852675,1410
2609,1437.9171934360386,0.5412883102852675,1410
2610,1437.9171934360386,0.5412883102852675,1410
2611,1437.9171934360386,0.5412883102852675,1410
2612,1437.9171934360386,0.5412883102852675,1410
2613,1437.9171934360386,0.5412883102852675,1410
2614,1437.9171934360386,0.5412883102852675,1410
2615,1437.9171934360386,0.5412883102852675,1410
2616,1437.9171934360386,0.5412883102852675,1410
2617,1437.9171934360386,0.5412883102852675,1410
2618,1437.9171934360386,0.5412883102852675,1410
2619,1437.9171934360386,0.5412883102852675,1410
2620,1437.9171934360386,0.5412883102852675,1410
2621,1437.9171934360386,0.5412883102852675,1410
2622,1437.9171934360386,0.5412883102852675,1410
2623,1437.9171934360386,0.5412883102852675,1410
2624,1437.9171934360386,0.5412883102852675,1410
2625,1437.9171934360386,0.5412883102852675,1410
2626,1437.9171934360386,0.5412883102852675,1410
2627,1437.9171934360386,0.5412883102852675,1410
2628,1437.9171934360386,0.5412883102852675,1410
2629,1437.9171934360386,0.5412883102852675,1410
2630,1437.9171934360386,0.5412883102852675,1410
2631,1437.9171934360386,0.5412883102852675,1410
2632,1437.9171934360386,0.5412883102852675,1410
2633,1437.9171934360386,0.5412883102852675,1410
2634,1437.9171934360386,0.5412883102852675,1410
2635,1437.9171934360386,0.5412883102852675,1410
2636,1437.9171934360386,0.5412883102852675,1410
2637,1437.9171934360386,0.5412883102852675,1410
2638,1437.9171934360386,0.5412883102852675,1410
2639,1437.9171934360386,0.5412883102852675,1410
2640,1437.9171934360386,0.5412883102852675,1410
2641,1437.9171934360386,0.5412883102852675,1410
2642,1437.9171934360386,0.5412883102852675,1410
2643,1437.9171934360386,0.5412883102852675,1410
2644,1437.9171934360386,0.5412883102852675,1410
2645,1437.9171934360386,0.5412883102852675,1410
2646,1437.9171934360386,0.5412883102852675,1410
2647,1437.9171934360386,0.5412883102852675,1410
2648,1437.9171934360386,0.5412883102852675,1410
2649,1437.9171934360386,0.5412883102852675,1410
2650,1437.9171934360386,0.5412883102852675,1410
2651,1437.9171934360386,0.5412883102852675,1410
2652,1437.9171934360386,0.5412883102852675,1410
2653,1437.9171934360386,0.5412883102852675,1410
2654,1437.9171934360386,0.5412883102852675,1410
2655,1437.9171934360386,0.5412883102852675,1410
2656,1437.9171934360386,0.5412883102852675,1410
2657,1437.9171934360386,0.5412883102852675,1410
2658,1437.9171934360386,0.5412883102852675,1410
2659,1437.9171934360386,0.5412883102852675,1410
2660,1437.9171934360386,0.5412883102852675,1410
2661,1437.9171934360386,0.5412883102852675,1410
2662,1437.9171934360386,0.5412883102852675,1410
2663,1437.9171934360386,0.5412883102852675,1410
2664,1437.9171934360386,0.5412883102852675,1410
2665,1437.9171934360386,0.5412883102852675,1410
2666,1437.9171934360386,0.5412883102852675,1410
2667,1437.9171934360386,0.5412883102852675,1410
2668,1437.9171934360386,0.5412883102852675,1410
2669,1437.9171934360386,0.5412883102852675,1410
2670,1437.9171934360386,0.5412883102852675,1410
2671,1437.9171934360386,0.5412883102852675,1410
2672,1437.9171934360386,0.5412883102852675,1410
2673,1437.9171934360386,0.5412883102852675,1410
2674,1437.9171934360386,0.5412883102852675,1410
2675,1437.9171934360386,0.5412883102852675,1410
2676,1437.9171934360386,0.5412883102852675,1410
2677,1437.9171934360386,0.5412883102852675,1410
2678,1437.9171934360386,0.5412883102852675,1410
2679,1437.9171934360386,0.5412883102852675,1410
2680,1437.9171934360386,0.5412883102852675,1410
2681,1437.9171934360386,0.5412883102852675,1410
2682,1437.9171934360386,0.5412883102852675,1410
2683,1437.9171934360386,0.5412883102852675,1410
2684,1437.9171934360386,0.5412883102852675,1410
2685,1437.9171934360386,0.5412883102852675,1410
2686,1437.9171934360386,0.5412883102852675,1410
2687,1437.9171934360386,0.5412883102852675,1410
2688,1442.9264070924753,0.5411369192823634,1415
2689,1442.9264070924753,0.5411369192823634,1415
2690,1442.9264070924753,0.5411369192823634,1415
2691,1442.9264070924753,0.5411369192823634,1415
2692,1442.9264070924753,0.5411369192823634,1415
2693,1442.9264070924753,0.5411369192823634,1415
2694,1442.9264070924753,0.5411369192823634,1415
2695,1442.9264070924753,0.5411369192823634,1415
2696,1442.9264070924753,0.5411369192823634,1415
2697,1442.9264070924753,0.5411369192823634,1415
2698,1442.9264070924753,0.5411369192823634,1415
2699,1442.9264070924753,0.5411369192823634,1415
2700,1443.928241735466,0.5411067739818302,1416
2701,1443.928241735466,0.5411067739818302,1416
2702,1443.928241735466,0.5411067739818302,1416
2703,1443.928241735466,0.5411067739818302,1416
2704,1443.928241735466,0.5411067739818302,1416
2705,1443.928241735466,0.5411067739818302,1416
2706,1443.928241735466,0.5411067739818302,1416
2707,1443.928241735466,0.5411067739818302,1416
2708,1443.928241735466,0.5411067739818302,1416
2709,1443.928241735466,0.5411067739818302,1416
2710,1447.7502158428663,0.5440319447442262,1420
2711,1447.7502158428663,0.5440319447442262,1420
2712,1447.7502158428663,0.5440319447442262,1420
2713,1447.7502158428663,0.5440319447442262,1420
2714,1447.7502158428663,0.5440319447442262,1420
2715,1447.7502158428663,0.5440319447442262,1420
2716,1447.7502158428663,0.5440319447442262,1420
2717,1447.7502158428663,0.5440319447442262,1420
2718,1447.7502158428663,0.5440319447442262,1420
2719,1447.7502158428663,0.5440319447442262,1420
2720,1447.7502158428663,0.5440319447442262,1420
2721,1447.7502158428663,0.5440319447442262,1420
2722,1447.7502158428663,0.5440319447442262,1420
2723,1447.7502158428663,0.5440319447442262,1420
2724,1447.7502158428663,0.5440319447442262,1420
2725,1447.7502158428663,0.5440319447442262,1420
2726,1447.7502158428663,0.5440319447442262,1420
2727,1447.7502158428663,0.5440319447442262,1420
2728,1447.7502158428663,0.5440319447442262,1420
2729,1447.7502158428663,0.5440319447442262,1420
2730,1447.7502158428663,0.5440319447442262,1420
2731,1447.7502158428663,0.5440319447442262,1420
2732,1447.7502158428663,0.5440319447442262,1420
2733,1447.7502158428663,0.5440319447442262,1420
2734,1447.7502158428663,0.5440319447442262,1420
2735,1447.7502158428663,0.5440319447442262,1420
2736,1447.7502158428663,0.5440319447442262,1420
2737,1447.7502158428663,0.5440319447442262,1420
2738,1447.7502158428663,0.5440319447442262,1420
2739,1447.7502158428663,0.5440319447442262,1420
2740,1447.7502158428663,0.5440319447442262,1420
2741,1447.7502158428663,0.5440319447442262,1420
2742,1447.7502158428663,0.5440319447442262,1420
2743,1447.7502158428663,0.5440319447442262,1420
2744,1447.7502158428663,0.5440319447442262,1420
2745,1447.7502158428663,0.5440319447442262,1420
2746,1447.7502158428663,0.5440319447442262,1420
2747,1447.7502158428663,0.5440319447442262,1420
2748,1447.7502158428663,0.5440319447442262,1420
2749,1447.7502158428663,0.5440319447442262,1420
2750,1447.7502158428663,0.5440319447442262,1420
2751,1447.7502158428663,0.5440319447442262,1420
2752,1443.928241735466,0.5411067739818302,1416
2753,1443.928241735466,0.5411067739818302,1416
2754,1443.928241735466,0.5411067739818302,1416
2755,1443.928241735466,0.5411067739818302,1416
2756,1443.928241735466,0.5411067739818302,1416
2757,1443.928241735466,0.5411067739818302,1416
2758,1443.928241735466,0.5411067739818302,1416
2759,1443.928241735466,0.5411067739818302,1416
2760,1447.7502158428663,0.5440319447442262,1420
2761,1447.7502158428663,0.5440319447442262,1420
2762,1447.7502158428663,0.5440319447442262,1420
2763,1443.928241735466,0.5411067739818302,1416
2764,1443.928241735466,0.5411067739818302,1416
2765,1443.928241735466,0.5411067739818302,1416
2766,1443.928241735466,0.5411067739818302,1416
2767,1443.928241735466,0.5411067739818302,1416
2768,1447.7502158428663,0.5440319447442262,1420
2769,1447.7502158428663,0.5440319447442262,1420
2770,1447.7502158428663,0.5440319447442262,1420
2771,1447.7502158428663,0.5440319447442262,1420
2772,1447.7502158428663,0.5440319447442262,1420
2773,1447.7502158428663,0.5440319447442262,1420
2774,1447.7502158428663,0.5440319447442262,1420
2775,1447.7502158428663,0.5440319447442262,1420
2776,1447.7502158428663,0.5440319447442262,1420
2777,1447.7502158428663,0.5440319447442262,1420
2778,1447.7502158428663,0.5440319447442262,1420
2779,1443.928241735466,0.5411067739818302,1416
2780,1443.928241735466,0.5411067739818302,1416
2781,1443.928241735466,0.5411067739818302,1416
2782,1443.928241735466,0.5411067739818302,1416
2783,1443.928241735466,0.5411067739818302,1416
2784,1443.928241735466,0.5411067739818302,1416
2785,1443.928241735466,0.5411067739818302,1416
2786,1443.928241735466,0.5411067739818302,1416
2787,1443.928241735466,0.5411067739818302,1416
2788,1443.928241735466,0.5411067739818302,1416
2789,1443.928241735466,0.5411067739818302,1416
2790,1443.928241735466,0.5411067739818302,1416
2791,1448.9373748326288,0.5409567066607157,1421
2792,1448.9373748326288,0.5409567066607157,1421
2793,1448.9373748326288,0.5409567066607157,1421
2794,1448.9373748326288,0.5409567066607157,1421
2795,1448.9373748326288,0.5409567066607157,1421
2796,1448.9373748326288,0.5409567066607157,1421
2797,1428.9004371189976,0.541563635902108,1401
2798,1428.9004371189976,0.541563635902108,1401
2799,1428.9004371189976,0.541563635902108,1401
2800,1440.1717417471368,0.5535369413878284,1413
2801,1440.1717417471368,0.5535369413878284,1413
2802,1440.1717417471368,0.5535369413878284,1413
2803,1440.1717417471368,0.5535369413878284,1413
2804,1440.1717417471368,0.5535369413878284,1413
2805,1440.1717417471368,0.5535369413878284,1413
2806,1440.1717417471368,0.5535369413878284,1413
2807,1440.1717417471368,0.5535369413878284,1413
2808,1440.1717417471368,0.5535369413878284,1413
2809,1440.1717417471368,0.5535369413878284,1413
2810,1440.1717417471368,0.5535369413878284,1413
2811,1440.1717417471368,0.5535369413878284,1413
2812,1461.221697017785,0.5527161186693244,1434
2813,1461.221697017785,0.5527161186693244,1434
2814,1461.221697017785,0.5527161186693244,1434
2815,1448.0468205796687,0.5720206937287411,1422
2816,1442.3181730730037,0.5675620592671096,1416
2817,1442.3181730730037,0.5675620592671096,1416
2818,1442.3181730730037,0.5675620592671096,1416
2819,1442.3181730730037,0.5675620592671096,1416
2820,1442.3181730730037,0.5675620592671096,1416
2821,1442.3181730730037,0.5675620592671096,1416
2822,1442.3181730730037,0.5675620592671096,1416
2823,1442.3181730730037,0.5675620592671096,1416
2824,1442.3181730730037,0.5675620592671096,1416
2825,1442.3181730730037,0.5675620592671096,1416
2826,1448.0468205796687,0.5720206937287411,1422
2827,1442.3181730730037,0.5675620592671096,1416
2828,1442.3181730730037,0.5675620592671096,1416
2829,1442.3181730730037,0.5675620592671096,1416
2830,1442.3181730730037,0.5675620592671096,1416
2831,1442.3181730730037,0.5675620592671096,1416
2832,1442.3181730730037,0.5675620592671096,1416
2833,1442.3181730730037,0.5675620592671096,1416
2834,1442.3181730730037,0.5675620592671096,1416
2835,1442.3181730730037,0.5675620592671096,1416
2836,1442.3181730730037,0.5675620592671096,1416
2837,1442.3181730730037,0.5675620592671096,1416
2838,1442.3181730730037,0.5675620592671096,1416
2839,1442.3181730730037,0.5675620592671096,1416
2840,1442.3181730730037,0.5675620592671096,1416
2841,1442.3181730730037,0.5675620592671096,1416
2842,1442.3181730730037,0.5675620592671096,1416
2843,1442.3181730730037,0.5675620592671096,1416
2844,1442.3181730730037,0.5675620592671096,1416
2845,1429.9958942648982,0.5399951648882979,1402
2846,1429.9958942648982,0.5399951648882979,1402
2847,1429.9958942648982,0.5399951648882979,1402
2848,1429.9958942648982,0.5399951648882979,1402
2849,1429.9958942648982,0.5399951648882979,1402
2850,1429.9958942648982,0.5399951648882979,1402
2851,1416.9722684258554,0.5403833646753954,1389
2852,1416.9722684258554,0.5403833646753954,1389
2853,1416.9722684258554,0.5403833646753954,1389
2854,1416.9722684258554,0.5403833646753954,1389
2855,1416.9722684258554,0.5403833646753954,1389
2856,1416.9722684258554,0.5403833646753954,1389
2857,1416.9722684258554,0.5403833646753954,1389
2858,1416.9722684258554,0.5403833646753954,1389
2859,1416.9722684258554,0.5403833646753954,1389
2860,1406.189148510552,0.5368197747198132,1378
2861,1406.189148510552,0.5368197747198132,1378
2862,1406.189148510552,0.5368197747198132,1378
2863,1406.189148510552,0.5368197747198132,1378
2864,1406.189148510552,0.5368197747198132,1378
2865,1406.189148510552,0.5368197747198132,1378
2866,1406.189148510552,0.5368197747198132,1378
2867,1406.189148510552,0.5368197747198132,1378
2868,1406.189148510552,0.5368197747198132,1378
2869,1406.189148510552,0.5368197747198132,1378
2870,1406.189148510552,0.5368197747198132,1378
2871,1406.189148510552,0.5368197747198132,1378
2872,1406.189148510552,0.5368197747198132,1378
2873,1406.189148510552,0.5368197747198132,1378
2874,1406.189148510552,0.5368197747198132,1378
2875,1406.189148510552,0.5368197747198132,1378
2876,1406.189148510552,0.5368197747198132,1378
2877,1406.189148510552,0.5368197747198132,1378
2878,1406.189148510552,0.5368197747198132,1378
2879,1406.189148510552,0.5368197747198132,1378
2880,1406.189148510552,0.5368197747198132,1378
2881,1406.189148510552,0.5368197747198132,1378
2882,1406.189148510552,0.5368197747198132,1378
2883,1406.189148510552,0.5368197747198132,1378
2884,1406.189148510552,0.5368197747198132,1378
2885,1406.189148510552,0.5368197747198132,1378
2886,1406.189148510552,0.5368197747198132,1378
2887,1406.189148510552,0.5368197747198132,1378
2888,1406.189148510552,0.5368197747198132,1378
2889,1406.189148510552,0.5368197747198132,1378
2890,1406.189148510552,0.5368197747198132,1378
2891,1404.4222148578237,0.549421379266781,1377
2892,1404.4222148578237,0.549421379266781,1377
2893,1404.4222148578237,0.549421379266781,1377
2894,1404.4222148578237,0.549421379266781,1377
2895,1404.4222148578237,0.549421379266781,1377
2896,1404.4222148578237,0.549421379266781,1377
2897,1404.4222148578237,0.549421379266781,1377
2898,1404.4222148578237,0.549421379266781,1377
2899,1404.4222148578237,0.549421379266781,1377
2900,1404.4222148578237,0.549421379266781,1377
2901,1404.4222148578237,0.549421379266781,1377
2902,1404.4222148578237,0.549421379266781,1377
2903,1404.4222148578237,0.549421379266781,1377
2904,1404.4222148578237,0.549421379266781,1377
2905,1404.4222148578237,0.549421379266781,1377
2906,1404.4222148578237,0.549421379266781,1377
2907,1404.4222148578237,0.549421379266781,1377
2908,1404.4222148578237,0.549421379266781,1377
2909,1404.4222148578237,0.549421379266781,1377
2910,1404.4222148578237,0.549421379266781,1377
2911,1404.4222148578237,0.549421379266781,1377
2912,1404.4222148578237,0.549421379266781,1377
2913,1404.4222148578237,0.549421379266781,1377
2914,1404.4222148578237,0.549421379266781,1377
2915,1404.4222148578237,0.549421379266781,1377
2916,1404.4222148578237,0.549421379266781,1377
2917,1404.4222148578237,0.549421379266781,1377
2918,1404.4222148578237,0.549421379266781,1377
2919,1404.4222148578237,0.549421379266781,1377
2920,1404.4222148578237,0.549421379266781,1377
2921,1404.4222148578237,0.549421379266781,1377
2922,1404.4222148578237,0.549421379266781,1377
2923,1404.4222148578237,0.549421379266781,1377
2924,1404.4222148578237,0.549421379266781,1377
2925,1404.4222148578237,0.549421379266781,1377
2926,1404.4222148578237,0.549421379266781,1377
2927,1404.4222148578237,0.549421379266781,1377
2928,1404.4222148578237,0.549421379266781,1377
2929,1404.4222148578237,0.549421379266781,1377
2930,1404.4222148578237,0.549421379266781,1377
2931,1404.4222148578237,0.549421379266781,1377
2932,1404.4222148578237,0.549421379266781,1377
2933,1404.4222148578237,0.549421379266781,1377
2934,1404.4222148578237,0.549421379266781,1377
2935,1404.4222148578237,0.549421379266781,1377
2936,1404.4222148578237,0.549421379266781,1377
2937,1404.4222148578237,0.549421379266781,1377
2938,1404.4222148578237,0.549421379266781,1377
2939,1404.4222148578237,0.549421379266781,1377
2940,1404.4222148578237,0.549421379266781,1377
2941,1398.938789556839,0.5409334611101039,1371
2942,1398.938789556839,0.5409334611101039,1371
2943,1398.938789556839,0.5409334611101039,1371
2944,1398.938789556839,0.5409334611101039,1371
2945,1398.938789556839,0.5409334611101039,1371
2946,1398.938789556839,0.5409334611101039,1371
2947,1398.938789556839,0.5409334611101039,1371
2948,1387.7933742116604,0.5597539564301622,1361
2949,1387.7933742116604,0.5597539564301622,1361
2950,1387.7933742116604,0.5597539564301622,1361
2951,1387.7933742116604,0.5597539564301622,1361
2952,1387.7933742116604,0.5597539564301622,1361
2953,1387.7933742116604,0.5597539564301622,1361
2954,1387.7933742116604,0.5597539564301622,1361
2955,1387.7933742116604,0.5597539564301622,1361
2956,1387.7933742116604,0.5597539564301622,1361
2957,1387.7933742116604,0.5597539564301622,1361
2958,1387.7933742116604,0.5597539564301622,1361
2959,1387.7933742116604,0.5597539564301622,1361
2960,1387.7933742116604,0.5597539564301622,1361
2961,1387.7933742116604,0.5597539564301622,1361
2962,1387.7933742116604,0.5597539564301622,1361
2963,1387.7933742116604,0.5597539564301622,1361
2964,1387.7933742116604,0.5597539564301622,1361
2965,1387.7933742116604,0.5597539564301622,1361
2966,1387.7933742116604,0.5597539564301622,1361
2967,1387.7933742116604,0.5597539564301622,1361
2968,1387.7933742116604,0.5597539564301622,1361
2969,1386.1550059969159,0.5373807756011194,1358
2970,1386.1550059969159,0.5373807756011194,1358
2971,1386.1550059969159,0.5373807756011194,1358
2972,1386.1550059969159,0.5373807756011194,1358
2973,1386.1550059969159,0.5373807756011194,1358
2974,1386.1550059969159,0.5373807756011194,1358
2975,1386.1550059969159,0.5373807756011194,1358
2976,1386.1550059969159,0.5373807756011194,1358
2977,1386.1550059969159,0.5373807756011194,1358
2978,1386.1550059969159,0.5373807756011194,1358
2979,1386.1550059969159,0.5373807756011194,1358
2980,1386.1550059969159,0.5373807756011194,1358
2981,1386.1550059969159,0.5373807756011194,1358
2982,1386.1550059969159,0.5373807756011194,1358
2983,1386.1550059969159,0.5373807756011194,1358
2984,1386.1550059969159,0.5373807756011194,1358
2985,1386.1550059969159,0.5373807756011194,1358
2986,1386.1550059969159,0.5373807756011194,1358
2987,1386.1550059969159,0.5373807756011194,1358
2988,1386.1550059969159,0.5373807756011194,1358
2989,1386.1550059969159,0.5373807756011194,1358
2990,1386.1550059969159,0.5373807756011194,1358
2991,1386.1550059969159,0.5373807756011194,1358
2992,1386.1550059969159,0.5373807756011194,1358
2993,1386.1550059969159,0.5373807756011194,1358
2994,1386.1550059969159,0.5373807756011194,1358
2995,1386.1550059969159,0.5373807756011194,1358
2996,1386.1550059969159,0.5373807756011194,1358
2997,1386.1550059969159,0.5373807756011194,1358
2998,1386.1550059969159,0.5373807756011194,1358
2999,1386.1550059969159,0.5373807756011194,1358
3000,1386.1550059969159,0.5373807756011194,1358
3001,1386.1550059969159,0.5373807756011194,1358
3002,1386.1550059969159,0.5373807756011194,1358
3003,1386.1550059969159,0.5373807756011194,1358
3004,1386.1550059969159,0.5373807756011194,1358
3005,1386.1550059969159,0.5373807756011194,1358
3006,1387.7933742116604,0.5597539564301622,1361
3007,1387.7933742116604,0.5597539564301622,1361
3008,1387.7933742116604,0.5597539564301622,1361
3009,1387.7933742116604,0.5597539564301622,1361
3010,1387.7933742116604,0.5597539564301622,1361
3011,1387.7933742116604,0.5597539564301622,1361
3012,1387.7933742116604,0.5597539564301622,1361
3013,1387.7933742116604,0.5597539564301622,1361
3014,1387.7933742116604,0.5597539564301622,1361
3015,1387.7933742116604,0.5597539564301622,1361
3016,1387.7933742116604,0.5597539564301622,1361
3017,1386.1550059969159,0.5373807756011194,1358
3018,1386.1550059969159,0.5373807756011194,1358
3019,1386.1550059969159,0.5373807756011194,1358
3020,1386.1550059969159,0.5373807756011194,1358
3021,1386.1550059969159,0.5373807756011194,1358
3022,1386.1550059969159,0.5373807756011194,1358
3023,1386.1550059969159,0.5373807756011194,1358
3024,1386.1550059969159,0.5373807756011194,1358
3025,1386.1550059969159,0.5373807756011194,1358
3026,1386.1550059969159,0.5373807756011194,1358
3027,1386.1550059969159,0.5373807756011194,1358
3028,1386.1550059969159,0.5373807756011194,1358
3029,1386.1550059969159,0.5373807756011194,1358
3030,1386.1550059969159,0.5373807756011194,1358
3031,1386.1550059969159,0.5373807756011194,1358
3032,1386.1550059969159,0.5373807756011194,1358
3033,1386.1550059969159,0.5373807756011194,1358
3034,1386.1550059969159,0.5373807756011194,1358
3035,1386.1550059969159,0.5373807756011194,1358
3036,1386.1550059969159,0.5373807756011194,1358
3037,1386.1550059969159,0.5373807756011194,1358
3038,1386.1550059969159,0.5373807756011194,1358
3039,1386.1550059969159,0.5373807756011194,1358
3040,1386.1550059969159,0.5373807756011194,1358
3041,1386.1550059969159,0.5373807756011194,1358
3042,1386.1550059969159,0.5373807756011194,1358
3043,1386.1550059969159,0.5373807756011194,1358
3044,1386.1550059969159,0.5373807756011194,1358
3045,1386.1550059969159,0.5373807756011194,1358
3046,1386.1550059969159,0.5373807756011194,1358
3047,1386.1550059969159,0.5373807756011194,1358
3048,1386.1550059969159,0.5373807756011194,1358
3049,1386.1550059969159,0.5373807756011194,1358
3050,1386.1550059969159,0.5373807756011194,1358
3051,1386.1550059969159,0.5373807756011194,1358
3052,1386.1550059969159,0.5373807756011194,1358
3053,1386.1550059969159,0.5373807756011194,1358
3054,1386.1550059969159,0.5373807756011194,1358
3055,1386.1550059969159,0.5373807756011194,1358
3056,1386.1550059969159,0.5373807756011194,1358
3057,1386.1550059969159,0.5373807756011194,1358
3058,1386.1550059969159,0.5373807756011194,1358
3059,1386.1550059969159,0.5373807756011194,1358
3060,1386.1550059969159,0.5373807756011194,1358
3061,1382.1739459481946,0.5535007238219729,1355
3062,1382.1739459481946,0.5535007238219729,1355
3063,1382.1739459481946,0.5535007238219729,1355
3064,1382.1739459481946,0.5535007238219729,1355
3065,1382.1739459481946,0.5535007238219729,1355
3066,1382.1739459481946,0.5535007238219729,1355
3067,1382.1739459481946,0.5535007238219729,1355
3068,1382.1739459481946,0.5535007238219729,1355
3069,1382.1739459481946,0.5535007238219729,1355
3070,1382.1739459481946,0.5535007238219729,1355
3071,1382.1739459481946,0.5535007238219729,1355
3072,1382.1739459481946,0.5535007238219729,1355
3073,1382.1739459481946,0.5535007238219729,1355
3074,1382.1739459481946,0.5535007238219729,1355
3075,1382.1739459481946,0.5535007238219729,1355
3076,1382.1739459481946,0.5535007238219729,1355
3077,1382.1739459481946,0.5535007238219729,1355
3078,1382.1739459481946,0.5535007238219729,1355
3079,1382.1739459481946,0.5535007238219729,1355
3080,1365.7304444338795,0.5607879652665221,1339
3081,1365.7304444338795,0.5607879652665221,1339
3082,1365.7304444338795,0.5607879652665221,1339
3083,1365.7304444338795,0.5607879652665221,1339
3084,1365.7304444338795,0.5607879652665221,1339
3085,1365.7304444338795,0.5607879652665221,1339
3086,1365.7304444338795,0.5607879652665221,1339
3087,1365.7304444338795,0.5607879652665221,1339
3088,1365.7304444338795,0.5607879652665221,1339
3089,1365.7304444338795,0.5607879652665221,1339
3090,1365.7304444338795,0.5607879652665221,1339
3091,1365.7304444338795,0.5607879652665221,1339
3092,1365.7304444338795,0.5607879652665221,1339
3093,1365.7304444338795,0.5607879652665221,1339
3094,1365.7304444338795,0.5607879652665221,1339
3095,1365.7304444338795,0.5607879652665221,1339
3096,1365.7304444338795,0.5607879652665221,1339
3097,1365.7304444338795,0.5607879652665221,1339
3098,1365.7304444338795,0.5607879652665221,1339
3099,1365.7304444338795,0.5607879652665221,1339
3100,1365.7304444338795,0.5607879652665221,1339
3101,1365.7304444338795,0.5607879652665221,1339
3102,1365.7304444338795,0.5607879652665221,1339
3103,1365.7304444338795,0.5607879652665221,1339
3104,1365.7304444338795,0.5607879652665221,1339
3105,1365.7304444338795,0.5607879652665221,1339
3106,1365.7304444338795,0.5607879652665221,1339
3107,1365.7304444338795,0.5607879652665221,1339
3108,1365.7304444338795,0.5607879652665221,1339
3109,1365.7304444338795,0.5607879652665221,1339
3110,1365.7304444338795,0.5607879652665221,1339
3111,1365.7304444338795,0.5607879652665221,1339
3112,1365.7304444338795,0.5607879652665221,1339
3113,1365.7304444338795,0.5607879652665221,1339
3114,1365.7304444338795,0.5607879652665221,1339
3115,1365.7304444338795,0.5607879652665221,1339
3116,1365.7304444338795,0.5607879652665221,1339
3117,1365.7304444338795,0.5607879652665221,1339
3118,1365.7304444338795,0.5607879652665221,1339
3119,1365.7304444338795,0.5607879652665221,1339
3120,1365.7304444338795,0.5607879652665221,1339
3121,1365.7304444338795,0.5607879652665221,1339
3122,1365.7304444338795,0.5607879652665221,1339
3123,1365.7304444338795,0.5607879652665221,1339
3124,1365.7304444338795,0.5607879652665221,1339
3125,1365.7304444338795,0.5607879652665221,1339
3126,1365.7304444338795,0.5607879652665221,1339
3127,1365.7304444338795,0.5607879652665221,1339
3128,1365.7304444338795,0.5607879652665221,1339
3129,1365.7304444338795,0.5607879652665221,1339
3130,1365.7304444338795,0.5607879652665221,1339
3131,1365.7304444338795,0.5607879652665221,1339
3132,1365.7304444338795,0.5607879652665221,1339
3133,1365.7304444338795,0.5607879652665221,1339
3134,1365.7304444338795,0.5607879652665221,1339
3135,1374.7950199033787,0.543295762350006,1347
3136,1374.7950199033787,0.543295762350006,1347
3137,1374.7950199033787,0.543295762350006,1347
3138,1374.7950199033787,0.543295762350006,1347
3139,1374.7950199033787,0.543295762350006,1347
3140,1374.7950199033787,0.543295762350006,1347
3141,1374.7950199033787,0.543295762350006,1347
3142,1374.7950199033787,0.543295762350006,1347
3143,1374.7950199033787,0.543295762350006,1347
3144,1374.7950199033787,0.543295762350006,1347
3145,1374.7950199033787,0.543295762350006,1347
3146,1374.7950199033787,0.543295762350006,1347
3147,1386.6248991159673,0.5460910431158823,1359
3148,1386.6248991159673,0.5460910431158823,1359
3149,1386.6248991159673,0.5460910431158823,1359
3150,1386.6248991159673,0.5460910431158823,1359
3151,1386.6248991159673,0.5460910431158823,1359
3152,1386.6248991159673,0.5460910431158823,1359
3153,1386.6248991159673,0.5460910431158823,1359
3154,1386.6248991159673,0.5460910431158823,1359
3155,1386.6248991159673,0.5460910431158823,1359
3156,1386.6248991159673,0.5460910431158823,1359
3157,1386.6248991159673,0.5460910431158823,1359
3158,1386.6248991159673,0.5460910431158823,1359
3159,1386.6248991159673,0.5460910431158823,1359
3160,1386.6248991159673,0.5460910431158823,1359
3161,1386.6248991159673,0.5460910431158823,1359
3162,1386.6248991159673,0.5460910431158823,1359
3163,1386.6248991159673,0.5460910431158823,1359
3164,1386.6248991159673,0.5460910431158823,1359
3165,1386.6248991159673,0.5460910431158823,1359
3166,1386.6248991159673,0.5460910431158823,1359
3167,1386.6248991159673,0.5460910431158823,1359
3168,1386.6248991159673,0.5460910431158823,1359
3169,1386.6248991159673,0.5460910431158823,1359
3170,1378.477792655498,0.5320770184768672,1350
3171,1378.477792655498,0.5320770184768672,1350
3172,1378.477792655498,0.5320770184768672,1350
3173,1378.477792655498,0.5320770184768672,1350
3174,1378.477792655498,0.5320770184768672,1350
3175,1378.477792655498,0.5320770184768672,1350
3176,1378.477792655498,0.5320770184768672,1350
3177,1378.477792655498,0.5320770184768672,1350
3178,1378.477792655498,0.5320770184768672,1350
3179,1378.477792655498,0.5320770184768672,1350
3180,1378.477792655498,0.5320770184768672,1350
3181,1378.477792655498,0.5320770184768672,1350
3182,1378.477792655498,0.5320770184768672,1350
3183,1378.477792655498,0.5320770184768672,1350
3184,1378.477792655498,0.5320770184768672,1350
3185,1378.477792655498,0.5320770184768672,1350
3186,1378.477792655498,0.5320770184768672,1350
3187,1378.477792655498,0.5320770184768672,1350
3188,1378.477792655498,0.5320770184768672,1350
3189,1378.477792655498,0.5320770184768672,1350
3190,1378.477792655498,0.5320770184768672,1350
3191,1378.477792655498,0.5320770184768672,1350
3192,1378.477792655498,0.5320770184768672,1350
3193,1378.477792655498,0.5320770184768672,1350
3194,1378.477792655498,0.5320770184768672,1350
3195,1378.477792655498,0.5320770184768672,1350
3196,1378.477792655498,0.5320770184768672,1350
3197,1378.477792655498,0.5320770184768672,1350
3198,1378.477792655498,0.5320770184768672,1350
3199,1378.477792655498,0.5320770184768672,1350
3200,1378.477792655498,0.5320770184768672,1350
3201,1378.477792655498,0.5320770184768672,1350
3202,1378.477792655498,0.5320770184768672,1350
3203,1378.477792655498,0.5320770184768672,1350
3204,1378.477792655498,0.5320770184768672,1350
3205,1378.477792655498,0.5320770184768672,1350
3206,1378.477792655498,0.5320770184768672,1350
3207,1378.477792655498,0.5320770184768672,1350
3208,1378.477792655498,0.5320770184768672,1350
3209,1378.477792655498,0.5320770184768672,1350
3210,1378.477792655498,0.5320770184768672,1350
3211,1378.477792655498,0.5320770184768672,1350
3212,1378.477792655498,0.5320770184768672,1350
3213,1378.477792655498,0.5320770184768672,1350
3214,1378.477792655498,0.5320770184768672,1350
3215,1378.477792655498,0.5320770184768672,1350
3216,1378.477792655498,0.5320770184768672,1350
3217,1378.477792655498,0.5320770184768672,1350
3218,1378.477792655498,0.5320770184768672,1350
3219,1378.477792655498,0.5320770184768672,1350
3220,1378.477792655498,0.5320770184768672,1350
3221,1378.477792655498,0.5320770184768672,1350
3222,1378.477792655498,0.5320770184768672,1350
3223,1378.477792655498,0.5320770184768672,1350
3224,1378.477792655498,0.5320770184768672,1350
3225,1378.477792655498,0.5320770184768672,1350
3226,1378.477792655498,0.5320770184768672,1350
3227,1378.477792655498,0.5320770184768672,1350
3228,1378.477792655498,0.5320770184768672,1350
3229,1378.477792655498,0.5320770184768672,1350
3230,1378.477792655498,0.5320770184768672,1350
3231,1378.477792655498,0.5320770184768672,1350
3232,1378.477792655498,0.5320770184768672,1350
3233,1378.477792655498,0.5320770184768672,1350
3234,1378.477792655498,0.5320770184768672,1350
3235,1378.477792655498,0.5320770184768672,1350
3236,1378.477792655498,0.5320770184768672,1350
3237,1378.477792655498,0.5320770184768672,1350
3238,1378.477792655498,0.5320770184768672,1350
3239,1378.477792655498,0.5320770184768672,1350
3240,1378.477792655498,0.5320770184768672,1350
3241,1378.477792655498,0.5320770184768672,1350
3242,1378.477792655498,0.5320770184768672,1350
3243,1378.477792655498,0.5320770184768672,1350
3244,1378.477792655498,0.5320770184768672,1350
3245,1378.477792655498,0.5320770184768672,1350
3246,1378.477792655498,0.5320770184768672,1350
3247,1378.477792655498,0.5320770184768672,1350
3248,1378.477792655498,0.5320770184768672,1350
3249,1378.477792655498,0.5320770184768672,1350
3250,1378.477792655498,0.5320770184768672,1350
3251,1378.477792655498,0.5320770184768672,1350
3252,1378.477792655498,0.5320770184768672,1350
3253,1378.477792655498,0.5320770184768672,1350
3254,1378.477792655498,0.5320770184768672,1350
3255,1378.477792655498,0.5320770184768672,1350
3256,1378.477792655498,0.5320770184768672,1350
3257,1378.477792655498,0.5320770184768672,1350
3258,1378.477792655498,0.5320770184768672,1350
3259,1378.477792655498,0.5320770184768672,1350
3260,1378.477792655498,0.5320770184768672,1350
3261,1378.477792655498,0.5320770184768672,1350
3262,1378.477792655498,0.5320770184768672,1350
3263,1378.477792655498,0.5320770184768672,1350
3264,1378.477792655498,0.5320770184768672,1350
3265,1378.477792655498,0.5320770184768672,1350
3266,1378.477792655498,0.5320770184768672,1350
3267,1378.477792655498,0.5320770184768672,1350
3268,1378.477792655498,0.5320770184768672,1350
3269,1378.477792655498,0.5320770184768672,1350
3270,1378.477792655498,0.5320770184768672,1350
3271,1378.477792655498,0.5320770184768672,1350
3272,1378.477792655498,0.5320770184768672,1350
3273,1378.477792655498,0.5320770184768672,1350
3274,1378.477792655498,0.5320770184768672,1350
3275,1378.477792655498,0.5320770184768672,1350
3276,1378.477792655498,0.5320770184768672,1350
3277,1378.477792655498,0.5320770184768672,1350
3278,1378.477792655498,0.5320770184768672,1350
3279,1378.477792655498,0.5320770184768672,1350
3280,1378.477792655498,0.5320770184768672,1350
3281,1378.477792655498,0.5320770184768672,1350
3282,1378.477792655498,0.5320770184768672,1350
3283,1378.477792655498,0.5320770184768672,1350
3284,1378.477792655498,0.5320770184768672,1350
3285,1378.477792655498,0.5320770184768672,1350
3286,1378.477792655498,0.5320770184768672,1350
3287,1378.477792655498,0.5320770184768672,1350
3288,1378.477792655498,0.5320770184768672,1350
3289,1378.477792655498,0.5320770184768672,1350
3290,1378.477792655498,0.5320770184768672,1350
3291,1378.477792655498,0.5320770184768672,1350
3292,1378.477792655498,0.5320770184768672,1350
3293,1378.477792655498,0.5320770184768672,1350
3294,1378.477792655498,0.5320770184768672,1350
3295,1378.477792655498,0.5320770184768672,1350
3296,1378.477792655498,0.5320770184768672,1350
3297,1378.477792655498,0.5320770184768672,1350
3298,1378.477792655498,0.5320770184768672,1350
3299,1378.477792655498,0.5320770184768672,1350
3300,1378.477792655498,0.5320770184768672,1350
3301,1378.477792655498,0.5320770184768672,1350
3302,1378.477792655498,0.5320770184768672,1350
3303,1378.477792655498,0.5320770184768672,1350
3304,1378.477792655498,0.5320770184768672,1350
3305,1378.477792655498,0.5320770184768672,1350
3306,1378.477792655498,0.5320770184768672,1350
3307,1378.477792655498,0.5320770184768672,1350
3308,1378.477792655498,0.5320770184768672,1350
3309,1378.477792655498,0.5320770184768672,1350
3310,1378.477792655498,0.5320770184768672,1350
3311,1378.477792655498,0.5320770184768672,1350
3312,1378.477792655498,0.5320770184768672,1350
3313,1378.477792655498,0.5320770184768672,1350
3314,1378.477792655498,0.5320770184768672,1350
3315,1378.477792655498,0.5320770184768672,1350
3316,1378.477792655498,0.5320770184768672,1350
3317,1378.477792655498,0.5320770184768672,1350
3318,1378.477792655498,0.5320770184768672,1350
3319,1378.477792655498,0.5320770184768672,1350
3320,1378.477792655498,0.5320770184768672,1350
3321,1378.477792655498,0.5320770184768672,1350
3322,1378.477792655498,0.5320770184768672,1350
3323,1378.477792655498,0.5320770184768672,1350
3324,1378.477792655498,0.5320770184768672,1350
3325,1378.477792655498,0.5320770184768672,1350
3326,1378.477792655498,0.5320770184768672,1350
3327,1378.477792655498,0.5320770184768672,1350
3328,1378.477792655498,0.5320770184768672,1350
3329,1378.477792655498,0.5320770184768672,1350
3330,1378.477792655498,0.5320770184768672,1350
3331,1378.477792655498,0.5320770184768672,1350
3332,1378.477792655498,0.5320770184768672,1350
3333,1378.477792655498,0.5320770184768672,1350
3334,1378.477792655498,0.5320770184768672,1350
3335,1378.477792655498,0.5320770184768672,1350
3336,1378.477792655498,0.5320770184768672,1350
3337,1378.477792655498,0.5320770184768672,1350
3338,1378.477792655498,0.5320770184768672,1350
3339,1378.477792655498,0.5320770184768672,1350
3340,1378.477792655498,0.5320770184768672,1350
3341,1378.477792655498,0.5320770184768672,1350
3342,1378.477792655498,0.5320770184768672,1350
3343,1378.477792655498,0.5320770184768672,1350
3344,1378.477792655498,0.5320770184768672,1350
3345,1378.477792655498,0.5320770184768672,1350
3346,1378.477792655498,0.5320770184768672,1350
3347,1378.477792655498,0.5320770184768672,1350
3348,1378.477792655498,0.5320770184768672,1350
3349,1378.477792655498,0.5320770184768672,1350
3350,1378.477792655498,0.5320770184768672,1350
3351,1378.477792655498,0.5320770184768672,1350
3352,1378.477792655498,0.5320770184768672,1350
3353,1378.477792655498,0.5320770184768672,1350
3354,1378.477792655498,0.5320770184768672,1350
3355,1378.477792655498,0.5320770184768672,1350
3356,1378.477792655498,0.5320770184768672,1350
3357,1378.477792655498,0.5320770184768672,1350
3358,1378.477792655498,0.5320770184768672,1350
3359,1378.477792655498,0.5320770184768672,1350
3360,1378.477792655498,0.5320770184768672,1350
3361,1378.477792655498,0.5320770184768672,1350
3362,1378.477792655498,0.5320770184768672,1350
3363,1378.477792655498,0.5320770184768672,1350
3364,1378.477792655498,0.5320770184768672,1350
3365,1378.477792655498,0.5320770184768672,1350
3366,1378.477792655498,0.5320770184768672,1350
3367,1378.477792655498,0.5320770184768672,1350
3368,1378.477792655498,0.5320770184768672,1350
3369,1378.477792655498,0.5320770184768672,1350
3370,1378.477792655498,0.5320770184768672,1350
3371,1378.477792655498,0.5320770184768672,1350
3372,1378.477792655498,0.5320770184768672,1350
3373,1378.477792655498,0.5320770184768672,1350
3374,1378.477792655498,0.5320770184768672,1350
3375,1378.477792655498,0.5320770184768672,1350
3376,1378.477792655498,0.5320770184768672,1350
3377,1378.477792655498,0.5320770184768672,1350
3378,1378.477792655498,0.5320770184768672,1350
3379,1378.477792655498,0.5320770184768672,1350
3380,1378.477792655498,0.5320770184768672,1350
3381,1378.477792655498,0.5320770184768672,1350
3382,1378.477792655498,0.5320770184768672,1350
3383,1378.477792655498,0.5320770184768672,1350
3384,1378.477792655498,0.5320770184768672,1350
3385,1378.477792655498,0.5320770184768672,1350
3386,1378.477792655498,0.5320770184768672,1350
3387,1378.477792655498,0.5320770184768672,1350
3388,1378.477792655498,0.5320770184768672,1350
3389,1378.477792655498,0.5320770184768672,1350
3390,1378.477792655498,0.5320770184768672,1350
3391,1378.477792655498,0.5320770184768672,1350
3392,1378.477792655498,0.5320770184768672,1350
3393,1378.477792655498,0.5320770184768672,1350
3394,1378.477792655498,0.5320770184768672,1350
3395,1378.477792655498,0.5320770184768672,1350
3396,1378.477792655498,0.5320770184768672,1350
3397,1378.477792655498,0.5320770184768672,1350
3398,1378.477792655498,0.5320770184768672,1350
3399,1378.477792655498,0.5320770184768672,1350
3400,1378.477792655498,0.5320770184768672,1350
3401,1378.477792655498,0.5320770184768672,1350
3402,1378.477792655498,0.5320770184768672,1350
3403,1378.477792655498,0.5320770184768672,1350
3404,1378.477792655498,0.5320770184768672,1350
3405,1378.477792655498,0.5320770184768672,1350
3406,1378.477792655498,0.5320770184768672,1350
3407,1378.477792655498,0.5320770184768672,1350
3408,1378.477792655498,0.5320770184768672,1350
3409,1378.477792655498,0.5320770184768672,1350
3410,1378.477792655498,0.5320770184768672,1350
3411,1378.477792655498,0.5320770184768672,1350
3412,1378.477792655498,0.5320770184768672,1350
3413,1378.477792655498,0.5320770184768672,1350
3414,1378.477792655498,0.5320770184768672,1350
3415,1378.477792655498,0.5320770184768672,1350
3416,1378.477792655498,0.5320770184768672,1350
3417,1378.477792655498,0.5320770184768672,1350
3418,1378.477792655498,0.5320770184768672,1350
3419,1378.477792655498,0.5320770184768672,1350
3420,1378.477792655498,0.5320770184768672,1350
3421,1378.477792655498,0.5320770184768672,1350
3422,1378.477792655498,0.5320770184768672,1350
3423,1378.477792655498,0.5320770184768672,1350
3424,1378.477792655498,0.5320770184768672,1350
3425,1378.477792655498,0.5320770184768672,1350
3426,1378.477792655498,0.5320770184768672,1350
3427,1378.477792655498,0.5320770184768672,1350
3428,1378.477792655498,0.5320770184768672,1350
3429,1378.477792655498,0.5320770184768672,1350
3430,1378.477792655498,0.5320770184768672,1350
3431,1378.477792655498,0.5320770184768672,1350
3432,1378.477792655498,0.5320770184768672,1350
3433,1378.477792655498,0.5320770184768672,1350
3434,1378.477792655498,0.5320770184768672,1350
3435,1378.477792655498,0.5320770184768672,1350
3436,1378.477792655498,0.5320770184768672,1350
3437,1378.477792655498,0.5320770184768672,1350
3438,1378.477792655498,0.5320770184768672,1350
3439,1378.477792655498,0.5320770184768672,1350
3440,1378.477792655498,0.5320770184768672,1350
3441,1378.477792655498,0.5320770184768672,1350
3442,1378.477792655498,0.5320770184768672,1350
3443,1378.477792655498,0.5320770184768672,1350
3444,1378.477792655498,0.5320770184768672,1350
3445,1378.477792655498,0.5320770184768672,1350
3446,1378.477792655498,0.5320770184768672,1350
3447,1378.477792655498,0.5320770184768672,1350
3448,1378.477792655498,0.5320770184768672,1350
3449,1378.477792655498,0.5320770184768672,1350
3450,1378.477792655498,0.5320770184768672,1350
3451,1378.477792655498,0.5320770184768672,1350
3452,1378.477792655498,0.5320770184768672,1350
3453,1378.477792655498,0.5320770184768672,1350
3454,1378.477792655498,0.5320770184768672,1350
3455,1378.477792655498,0.5320770184768672,1350
3456,1378.477792655498,0.5320770184768672,1350
3457,1378.477792655498,0.5320770184768672,1350
3458,1378.477792655498,0.5320770184768672,1350
3459,1378.477792655498,0.5320770184768672,1350
3460,1378.477792655498,0.5320770184768672,1350
3461,1378.477792655498,0.5320770184768672,1350
3462,1378.477792655498,0.5320770184768672,1350
3463,1378.477792655498,0.5320770184768672,1350
3464,1378.477792655498,0.5320770184768672,1350
3465,1378.477792655498,0.5320770184768672,1350
3466,1378.477792655498,0.5320770184768672,1350
3467,1378.477792655498,0.5320770184768672,1350
3468,1378.477792655498,0.5320770184768672,1350
3469,1378.477792655498,0.5320770184768672,1350
3470,1378.477792655498,0.5320770184768672,1350
3471,1378.477792655498,0.5320770184768672,1350
3472,1378.477792655498,0.5320770184768672,1350
3473,1378.477792655498,0.5320770184768672,1350
3474,1378.477792655498,0.5320770184768672,1350
3475,1378.477792655498,0.5320770184768672,1350
3476,1378.477792655498,0.5320770184768672,1350
3477,1378.477792655498,0.5320770184768672,1350
3478,1378.477792655498,0.5320770184768672,1350
3479,1378.477792655498,0.5320770184768672,1350
3480,1378.477792655498,0.5320770184768672,1350
3481,1378.477792655498,0.5320770184768672,1350
3482,1378.477792655498,0.5320770184768672,1350
3483,1378.477792655498,0.5320770184768672,1350
3484,1378.477792655498,0.5320770184768672,1350
3485,1378.477792655498,0.5320770184768672,1350
3486,1378.477792655498,0.5320770184768672,1350
3487,1378.477792655498,0.5320770184768672,1350
3488,1378.477792655498,0.5320770184768672,1350
3489,1378.477792655498,0.5320770184768672,1350
3490,1378.477792655498,0.5320770184768672,1350
3491,1378.477792655498,0.5320770184768672,1350
3492,1378.477792655498,0.5320770184768672,1350
3493,1378.477792655498,0.5320770184768672,1350
3494,1378.477792655498,0.5320770184768672,1350
3495,1378.477792655498,0.5320770184768672,1350
3496,1378.477792655498,0.5320770184768672,1350
3497,1378.477792655498,0.5320770184768672,1350
3498,1378.477792655498,0.5320770184768672,1350
3499,1378.477792655498,0.5320770184768672,1350
3500,1378.477792655498,0.5320770184768672,1350
3501,1378.477792655498,0.5320770184768672,1350
3502,1378.477792655498,0.5320770184768672,1350
3503,1378.477792655498,0.5320770184768672,1350
3504,1378.477792655498,0.5320770184768672,1350
3505,1378.477792655498,0.5320770184768672,1350
3506,1378.477792655498,0.5320770184768672,1350
3507,1378.477792655498,0.5320770184768672,1350
3508,1378.477792655498,0.5320770184768672,1350
3509,1378.477792655498,0.5320770184768672,1350
3510,1378.477792655498,0.5320770184768672,1350
3511,1378.477792655498,0.5320770184768672,1350
3512,1378.477792655498,0.5320770184768672,1350
3513,1378.477792655498,0.5320770184768672,1350
3514,1378.477792655498,0.5320770184768672,1350
3515,1378.477792655498,0.5320770184768672,1350
3516,1378.477792655498,0.5320770184768672,1350
3517,1378.477792655498,0.5320770184768672,1350
3518,1378.477792655498,0.5320770184768672,1350
3519,1378.477792655498,0.5320770184768672,1350
3520,1378.477792655498,0.5320770184768672,1350
3521,1378.477792655498,0.5320770184768672,1350
3522,1378.477792655498,0.5320770184768672,1350
3523,1378.477792655498,0.5320770184768672,1350
3524,1378.477792655498,0.5320770184768672,1350
3525,1378.477792655498,0.5320770184768672,1350
3526,1378.477792655498,0.5320770184768672,1350
3527,1378.477792655498,0.5320770184768672,1350
3528,1378.477792655498,0.5320770184768672,1350
3529,1378.477792655498,0.5320770184768672,1350
3530,1378.477792655498,0.5320770184768672,1350
3531,1378.477792655498,0.5320770184768672,1350
3532,1378.477792655498,0.5320770184768672,1350
3533,1378.477792655498,0.5320770184768672,1350
3534,1378.477792655498,0.5320770184768672,1350
3535,1378.477792655498,0.5320770184768672,1350
3536,1378.477792655498,0.5320770184768672,1350
3537,1378.477792655498,0.5320770184768672,1350
3538,1378.477792655498,0.5320770184768672,1350
3539,1378.477792655498,0.5320770184768672,1350
3540,1378.477792655498,0.5320770184768672,1350
3541,1378.477792655498,0.5320770184768672,1350
3542,1378.477792655498,0.5320770184768672,1350
3543,1378.477792655498,0.5320770184768672,1350
3544,1378.477792655498,0.5320770184768672,1350
3545,1378.477792655498,0.5320770184768672,1350
3546,1378.477792655498,0.5320770184768672,1350
3547,1378.477792655498,0.5320770184768672,1350
3548,1378.477792655498,0.5320770184768672,1350
3549,1378.477792655498,0.5320770184768672,1350
3550,1378.477792655498,0.5320770184768672,1350
3551,1378.477792655498,0.5320770184768672,1350
3552,1378.477792655498,0.5320770184768672,1350
3553,1378.477792655498,0.5320770184768672,1350
3554,1378.477792655498,0.5320770184768672,1350
3555,1378.477792655498,0.5320770184768672,1350
3556,1378.477792655498,0.5320770184768672,1350
3557,1378.477792655498,0.5320770184768672,1350
3558,1378.477792655498,0.5320770184768672,1350
3559,1378.477792655498,0.5320770184768672,1350
3560,1378.477792655498,0.5320770184768672,1350
3561,1378.477792655498,0.5320770184768672,1350
3562,1378.477792655498,0.5320770184768672,1350
3563,1378.477792655498,0.5320770184768672,1350
3564,1378.477792655498,0.5320770184768672,1350
3565,1378.477792655498,0.5320770184768672,1350
3566,1378.477792655498,0.5320770184768672,1350
3567,1378.477792655498,0.5320770184768672,1350
3568,1378.477792655498,0.5320770184768672,1350
3569,1378.477792655498,0.5320770184768672,1350
3570,1378.477792655498,0.5320770184768672,1350
3571,1378.477792655498,0.5320770184768672,1350
3572,1378.477792655498,0.5320770184768672,1350
3573,1378.477792655498,0.5320770184768672,1350
3574,1378.477792655498,0.5320770184768672,1350
3575,1378.477792655498,0.5320770184768672,1350
3576,1378.477792655498,0.5320770184768672,1350
3577,1378.477792655498,0.5320770184768672,1350
3578,1378.477792655498,0.5320770184768672,1350
3579,1378.477792655498,0.5320770184768672,1350
3580,1378.477792655498,0.5320770184768672,1350
3581,1378.477792655498,0.5320770184768672,1350
3582,1378.477792655498,0.5320770184768672,1350
3583,1378.477792655498,0.5320770184768672,1350
3584,1378.477792655498,0.5320770184768672,1350
3585,1378.477792655498,0.5320770184768672,1350
3586,1378.477792655498,0.5320770184768672,1350
3587,1378.477792655498,0.5320770184768672,1350
3588,1378.477792655498,0.5320770184768672,1350
3589,1378.477792655498,0.5320770184768672,1350
3590,1378.477792655498,0.5320770184768672,1350
3591,1378.477792655498,0.5320770184768672,1350
3592,1378.477792655498,0.5320770184768672,1350
3593,1378.477792655498,0.5320770184768672,1350
3594,1378.477792655498,0.5320770184768672,1350
3595,1378.477792655498,0.5320770184768672,1350
3596,1378.477792655498,0.5320770184768672,1350
3597,1378.477792655498,0.5320770184768672,1350
3598,1378.477792655498,0.5320770184768672,1350
3599,1378.477792655498,0.5320770184768672,1350
3600,1378.477792655498,0.5320770184768672,1350
3601,1378.477792655498,0.5320770184768672,1350
3602,1378.477792655498,0.5320770184768672,1350
3603,1378.477792655498,0.5320770184768672,1350
3604,1378.477792655498,0.5320770184768672,1350
3605,1378.477792655498,0.5320770184768672,1350
3606,1378.477792655498,0.5320770184768672,1350
3607,1378.477792655498,0.5320770184768672,1350
3608,1378.477792655498,0.5320770184768672,1350
3609,1378.477792655498,0.5320770184768672,1350
3610,1378.477792655498,0.5320770184768672,1350
3611,1378.477792655498,0.5320770184768672,1350
3612,1378.477792655498,0.5320770184768672,1350
3613,1378.477792655498,0.5320770184768672,1350
3614,1378.477792655498,0.5320770184768672,1350
3615,1378.477792655498,0.5320770184768672,1350
3616,1378.477792655498,0.5320770184768672,1350
3617,1378.477792655498,0.5320770184768672,1350
3618,1378.477792655498,0.5320770184768672,1350
3619,1378.477792655498,0.5320770184768672,1350
3620,1378.477792655498,0.5320770184768672,1350
3621,1378.477792655498,0.5320770184768672,1350
3622,1378.477792655498,0.5320770184768672,1350
3623,1378.477792655498,0.5320770184768672,1350
3624,1378.477792655498,0.5320770184768672,1350
3625,1378.477792655498,0.5320770184768672,1350
3626,1378.477792655498,0.5320770184768672,1350
3627,1378.477792655498,0.5320770184768672,1350
3628,1378.477792655498,0.5320770184768672,1350
3629,1378.477792655498,0.5320770184768672,1350
3630,1378.477792655498,0.5320770184768672,1350
3631,1378.477792655498,0.5320770184768672,1350
3632,1378.477792655498,0.5320770184768672,1350
3633,1378.477792655498,0.5320770184768672,1350
3634,1378.477792655498,0.5320770184768672,1350
3635,1378.477792655498,0.5320770184768672,1350
3636,1378.477792655498,0.5320770184768672,1350
3637,1378.477792655498,0.5320770184768672,1350
3638,1378.477792655498,0.5320770184768672,1350
3639,1378.477792655498,0.5320770184768672,1350
3640,1378.477792655498,0.5320770184768672,1350
3641,1378.477792655498,0.5320770184768672,1350
3642,1378.477792655498,0.5320770184768672,1350
3643,1378.477792655498,0.5320770184768672,1350
3644,1378.477792655498,0.5320770184768672,1350
3645,1378.477792655498,0.5320770184768672,1350
3646,1378.477792655498,0.5320770184768672,1350
3647,1378.477792655498,0.5320770184768672,1350
3648,1378.477792655498,0.5320770184768672,1350
3649,1378.477792655498,0.5320770184768672,1350
3650,1378.477792655498,0.5320770184768672,1350
3651,1378.477792655498,0.5320770184768672,1350
3652,1378.477792655498,0.5320770184768672,1350
3653,1378.477792655498,0.5320770184768672,1350
3654,1378.477792655498,0.5320770184768672,1350
3655,1378.477792655498,0.5320770184768672,1350
3656,1378.477792655498,0.5320770184768672,1350
3657,1378.477792655498,0.5320770184768672,1350
3658,1378.477792655498,0.5320770184768672,1350
3659,1378.477792655498,0.5320770184768672,1350
3660,1378.477792655498,0.5320770184768672,1350
3661,1378.477792655498,0.5320770184768672,1350
3662,1378.477792655498,0.5320770184768672,1350
3663,1378.477792655498,0.5320770184768672,1350
3664,1378.477792655498,0.5320770184768672,1350
3665,1378.477792655498,0.5320770184768672,1350
3666,1378.477792655498,0.5320770184768672,1350
3667,1378.477792655498,0.5320770184768672,1350
3668,1378.477792655498,0.5320770184768672,1350
3669,1378.477792655498,0.5320770184768672,1350
3670,1378.477792655498,0.5320770184768672,1350
3671,1378.477792655498,0.5320770184768672,1350
3672,1378.477792655498,0.5320770184768672,1350
3673,1378.477792655498,0.5320770184768672,1350
3674,1378.477792655498,0.5320770184768672,1350
3675,1378.477792655498,0.5320770184768672,1350
3676,1378.477792655498,0.5320770184768672,1350
3677,1378.477792655498,0.5320770184768672,1350
3678,1378.477792655498,0.5320770184768672,1350
3679,1378.477792655498,0.5320770184768672,1350
3680,1378.477792655498,0.5320770184768672,1350
3681,1378.477792655498,0.5320770184768672,1350
3682,1378.477792655498,0.5320770184768672,1350
3683,1378.477792655498,0.5320770184768672,1350
3684,1378.477792655498,0.5320770184768672,1350
3685,1378.477792655498,0.5320770184768672,1350
3686,1378.477792655498,0.5320770184768672,1350
3687,1378.477792655498,0.5320770184768672,1350
3688,1378.477792655498,0.5320770184768672,1350
3689,1378.477792655498,0.5320770184768672,1350
3690,1378.477792655498,0.5320770184768672,1350
3691,1378.477792655498,0.5320770184768672,1350
3692,1378.477792655498,0.5320770184768672,1350
3693,1378.477792655498,0.5320770184768672,1350
3694,1378.477792655498,0.5320770184768672,1350
3695,1378.477792655498,0.5320770184768672,1350
3696,1378.477792655498,0.5320770184768672,1350
3697,1378.477792655498,0.5320770184768672,1350
3698,1378.477792655498,0.5320770184768672,1350
3699,1378.477792655498,0.5320770184768672,1350
3700,1378.477792655498,0.5320770184768672,1350
3701,1378.477792655498,0.5320770184768672,1350
3702,1378.477792655498,0.5320770184768672,1350
3703,1378.477792655498,0.5320770184768672,1350
3704,1378.477792655498,0.5320770184768672,1350
3705,1378.477792655498,0.5320770184768672,1350
3706,1378.477792655498,0.5320770184768672,1350
3707,1378.477792655498,0.5320770184768672,1350
3708,1378.477792655498,0.5320770184768672,1350
3709,1378.477792655498,0.5320770184768672,1350
3710,1378.477792655498,0.5320770184768672,1350
3711,1378.477792655498,0.5320770184768672,1350
3712,1378.477792655498,0.5320770184768672,1350
3713,1378.477792655498,0.5320770184768672,1350
3714,1378.477792655498,0.5320770184768672,1350
3715,1378.477792655498,0.5320770184768672,1350
3716,1378.477792655498,0.5320770184768672,1350
3717,1378.477792655498,0.5320770184768672,1350
3718,1378.477792655498,0.5320770184768672,1350
3719,1378.477792655498,0.5320770184768672,1350
3720,1378.477792655498,0.5320770184768672,1350
3721,1378.477792655498,0.5320770184768672,1350
3722,1378.477792655498,0.5320770184768672,1350
3723,1378.477792655498,0.5320770184768672,1350
3724,1378.477792655498,0.5320770184768672,1350
3725,1378.477792655498,0.5320770184768672,1350
3726,1378.477792655498,0.5320770184768672,1350
3727,1378.477792655498,0.5320770184768672,1350
3728,1378.477792655498,0.5320770184768672,1350
3729,1378.477792655498,0.5320770184768672,1350
3730,1378.477792655498,0.5320770184768672,1350
3731,1378.477792655498,0.5320770184768672,1350
3732,1378.477792655498,0.5320770184768672,1350
3733,1378.477792655498,0.5320770184768672,1350
3734,1378.477792655498,0.5320770184768672,1350
3735,1378.477792655498,0.5320770184768672,1350
3736,1378.477792655498,0.5320770184768672,1350
3737,1378.477792655498,0.5320770184768672,1350
3738,1378.477792655498,0.5320770184768672,1350
3739,1378.477792655498,0.5320770184768672,1350
3740,1378.477792655498,0.5320770184768672,1350
3741,1378.477792655498,0.5320770184768672,1350
3742,1378.477792655498,0.5320770184768672,1350
3743,1378.477792655498,0.5320770184768672,1350
3744,1378.477792655498,0.5320770184768672,1350
3745,1378.477792655498,0.5320770184768672,1350
3746,1378.477792655498,0.5320770184768672,1350
3747,1378.477792655498,0.5320770184768672,1350
3748,1378.477792655498,0.5320770184768672,1350
3749,1378.477792655498,0.5320770184768672,1350
3750,1378.477792655498,0.5320770184768672,1350
3751,1378.477792655498,0.5320770184768672,1350
3752,1378.477792655498,0.5320770184768672,1350
3753,1378.477792655498,0.5320770184768672,1350
3754,1378.477792655498,0.5320770184768672,1350
3755,1378.477792655498,0.5320770184768672,1350
3756,1378.477792655498,0.5320770184768672,1350
3757,1378.477792655498,0.5320770184768672,1350
3758,1378.477792655498,0.5320770184768672,1350
3759,1378.477792655498,0.5320770184768672,1350
3760,1378.477792655498,0.5320770184768672,1350
3761,1378.477792655498,0.5320770184768672,1350
3762,1378.477792655498,0.5320770184768672,1350
3763,1378.477792655498,0.5320770184768672,1350
3764,1378.477792655498,0.5320770184768672,1350
3765,1378.477792655498,0.5320770184768672,1350
3766,1378.477792655498,0.5320770184768672,1350
3767,1378.477792655498,0.5320770184768672,1350
3768,1378.477792655498,0.5320770184768672,1350
3769,1378.477792655498,0.5320770184768672,1350
3770,1378.477792655498,0.5320770184768672,1350
3771,1378.477792655498,0.5320770184768672,1350
3772,1378.477792655498,0.5320770184768672,1350
3773,1378.477792655498,0.5320770184768672,1350
3774,1378.477792655498,0.5320770184768672,1350
3775,1378.477792655498,0.5320770184768672,1350
3776,1378.477792655498,0.5320770184768672,1350
3777,1378.477792655498,0.5320770184768672,1350
3778,1378.477792655498,0.5320770184768672,1350
3779,1378.477792655498,0.5320770184768672,1350
3780,1378.477792655498,0.5320770184768672,1350
3781,1378.477792655498,0.5320770184768672,1350
3782,1378.477792655498,0.5320770184768672,1350
3783,1378.477792655498,0.5320770184768672,1350
3784,1378.477792655498,0.5320770184768672,1350
3785,1378.477792655498,0.5320770184768672,1350
3786,1378.477792655498,0.5320770184768672,1350
3787,1378.477792655498,0.5320770184768672,1350
3788,1378.477792655498,0.5320770184768672,1350
3789,1378.477792655498,0.5320770184768672,1350
3790,1378.477792655498,0.5320770184768672,1350
3791,1378.477792655498,0.5320770184768672,1350
3792,1378.477792655498,0.5320770184768672,1350
3793,1378.477792655498,0.5320770184768672,1350
3794,1378.477792655498,0.5320770184768672,1350
3795,1378.477792655498,0.5320770184768672,1350
3796,1378.477792655498,0.5320770184768672,1350
3797,1378.477792655498,0.5320770184768672,1350
3798,1378.477792655498,0.5320770184768672,1350
3799,1378.477792655498,0.5320770184768672,1350
3800,1378.477792655498,0.5320770184768672,1350
3801,1378.477792655498,0.5320770184768672,1350
3802,1378.477792655498,0.5320770184768672,1350
3803,1378.477792655498,0.5320770184768672,1350
3804,1378.477792655498,0.5320770184768672,1350
3805,1378.477792655498,0.5320770184768672,1350
3806,1378.477792655498,0.5320770184768672,1350
3807,1378.477792655498,0.5320770184768672,1350
3808,1378.477792655498,0.5320770184768672,1350
3809,1378.477792655498,0.5320770184768672,1350
3810,1378.477792655498,0.5320770184768672,1350
3811,1378.477792655498,0.5320770184768672,1350
3812,1378.477792655498,0.5320770184768672,1350
3813,1378.477792655498,0.5320770184768672,1350
3814,1378.477792655498,0.5320770184768672,1350
3815,1378.477792655498,0.5320770184768672,1350
3816,1378.477792655498,0.5320770184768672,1350
3817,1378.477792655498,0.5320770184768672,1350
3818,1378.477792655498,0.5320770184768672,1350
3819,1378.477792655498,0.5320770184768672,1350
3820,1378.477792655498,0.5320770184768672,1350
3821,1378.477792655498,0.5320770184768672,1350
3822,1378.477792655498,0.5320770184768672,1350
3823,1378.477792655498,0.5320770184768672,1350
3824,1378.477792655498,0.5320770184768672,1350
3825,1378.477792655498,0.5320770184768672,1350
3826,1378.477792655498,0.5320770184768672,1350
3827,1378.477792655498,0.5320770184768672,1350
3828,1378.477792655498,0.5320770184768672,1350
3829,1378.477792655498,0.5320770184768672,1350
3830,1378.477792655498,0.5320770184768672,1350
3831,1378.477792655498,0.5320770184768672,1350
3832,1378.477792655498,0.5320770184768672,1350
3833,1378.477792655498,0.5320770184768672,1350
3834,1378.477792655498,0.5320770184768672,1350
3835,1378.477792655498,0.5320770184768672,1350
3836,1378.477792655498,0.5320770184768672,1350
3837,1378.477792655498,0.5320770184768672,1350
3838,1378.477792655498,0.5320770184768672,1350
3839,1378.477792655498,0.5320770184768672,1350
3840,1378.477792655498,0.5320770184768672,1350
3841,1378.477792655498,0.5320770184768672,1350
3842,1378.477792655498,0.5320770184768672,1350
3843,1378.477792655498,0.5320770184768672,1350
3844,1378.477792655498,0.5320770184768672,1350
3845,1378.477792655498,0.5320770184768672,1350
3846,1378.477792655498,0.5320770184768672,1350
3847,1378.477792655498,0.5320770184768672,1350
3848,1378.477792655498,0.5320770184768672,1350
3849,1378.477792655498,0.5320770184768672,1350
3850,1378.477792655498,0.5320770184768672,1350
3851,1378.477792655498,0.5320770184768672,1350
3852,1378.477792655498,0.5320770184768672,1350
3853,1378.477792655498,0.5320770184768672,1350
3854,1378.477792655498,0.5320770184768672,1350
3855,1378.477792655498,0.5320770184768672,1350
3856,1378.477792655498,0.5320770184768672,1350
3857,1378.477792655498,0.5320770184768672,1350
3858,1378.477792655498,0.5320770184768672,1350
3859,1378.477792655498,0.5320770184768672,1350
3860,1378.477792655498,0.5320770184768672,1350
3861,1378.477792655498,0.5320770184768672,1350
3862,1378.477792655498,0.5320770184768672,1350
3863,1378.477792655498,0.5320770184768672,1350
3864,1378.477792655498,0.5320770184768672,1350
3865,1378.477792655498,0.5320770184768672,1350
3866,1378.477792655498,0.5320770184768672,1350
3867,1378.477792655498,0.5320770184768672,1350
3868,1378.477792655498,0.5320770184768672,1350
3869,1378.477792655498,0.5320770184768672,1350
3870,1378.477792655498,0.5320770184768672,1350
3871,1378.477792655498,0.5320770184768672,1350
3872,1378.477792655498,0.5320770184768672,1350
3873,1378.477792655498,0.5320770184768672,1350
3874,1378.477792655498,0.5320770184768672,1350
3875,1378.477792655498,0.5320770184768672,1350
3876,1378.477792655498,0.5320770184768672,1350
3877,1378.477792655498,0.5320770184768672,1350
3878,1378.477792655498,0.5320770184768672,1350
3879,1378.477792655498,0.5320770184768672,1350
3880,1378.477792655498,0.5320770184768672,1350
3881,1378.477792655498,0.5320770184768672,1350
3882,1378.477792655498,0.5320770184768672,1350
3883,1378.477792655498,0.5320770184768672,1350
3884,1378.477792655498,0.5320770184768672,1350
3885,1378.477792655498,0.5320770184768672,1350
3886,1378.477792655498,0.5320770184768672,1350
3887,1378.477792655498,0.5320770184768672,1350
3888,1378.477792655498,0.5320770184768672,1350
3889,1378.477792655498,0.5320770184768672,1350
3890,1378.477792655498,0.5320770184768672,1350
3891,1378.477792655498,0.5320770184768672,1350
3892,1378.477792655498,0.5320770184768672,1350
3893,1378.477792655498,0.5320770184768672,1350
3894,1378.477792655498,0.5320770184768672,1350
3895,1378.477792655498,0.5320770184768672,1350
3896,1378.477792655498,0.5320770184768672,1350
3897,1378.477792655498,0.5320770184768672,1350
3898,1378.477792655498,0.5320770184768672,1350
3899,1378.477792655498,0.5320770184768672,1350
3900,1378.477792655498,0.5320770184768672,1350
3901,1378.477792655498,0.5320770184768672,1350
3902,1378.477792655498,0.5320770184768672,1350
3903,1378.477792655498,0.5320770184768672,1350
3904,1378.477792655498,0.5320770184768672,1350
3905,1378.477792655498,0.5320770184768672,1350
3906,1378.477792655498,0.5320770184768672,1350
3907,1378.477792655498,0.5320770184768672,1350
3908,1378.477792655498,0.5320770184768672,1350
3909,1378.477792655498,0.5320770184768672,1350
3910,1378.477792655498,0.5320770184768672,1350
3911,1378.477792655498,0.5320770184768672,1350
3912,1378.477792655498,0.5320770184768672,1350
3913,1378.477792655498,0.5320770184768672,1350
3914,1378.477792655498,0.5320770184768672,1350
3915,1378.477792655498,0.5320770184768672,1350
3916,1378.477792655498,0.5320770184768672,1350
3917,1378.477792655498,0.5320770184768672,1350
3918,1378.477792655498,0.5320770184768672,1350
3919,1378.477792655498,0.5320770184768672,1350
3920,1378.477792655498,0.5320770184768672,1350
3921,1378.477792655498,0.5320770184768672,1350
3922,1378.477792655498,0.5320770184768672,1350
3923,1378.477792655498,0.5320770184768672,1350
3924,1378.477792655498,0.5320770184768672,1350
3925,1378.477792655498,0.5320770184768672,1350
3926,1378.477792655498,0.5320770184768672,1350
3927,1378.477792655498,0.5320770184768672,1350
3928,1378.477792655498,0.5320770184768672,1350
3929,1378.477792655498,0.5320770184768672,1350
3930,1378.477792655498,0.5320770184768672,1350
3931,1378.477792655498,0.5320770184768672,1350
3932,1378.477792655498,0.5320770184768672,1350
3933,1378.477792655498,0.5320770184768672,1350
3934,1378.477792655498,0.5320770184768672,1350
3935,1378.477792655498,0.5320770184768672,1350
3936,1378.477792655498,0.5320770184768672,1350
3937,1378.477792655498,0.5320770184768672,1350
3938,1378.477792655498,0.5320770184768672,1350
3939,1378.477792655498,0.5320770184768672,1350
3940,1378.477792655498,0.5320770184768672,1350
3941,1378.477792655498,0.5320770184768672,1350
3942,1378.477792655498,0.5320770184768672,1350
3943,1378.477792655498,0.5320770184768672,1350
3944,1378.477792655498,0.5320770184768672,1350
3945,1378.477792655498,0.5320770184768672,1350
3946,1378.477792655498,0.5320770184768672,1350
3947,1378.477792655498,0.5320770184768672,1350
3948,1378.477792655498,0.5320770184768672,1350
3949,1378.477792655498,0.5320770184768672,1350
3950,1378.477792655498,0.5320770184768672,1350
3951,1378.477792655498,0.5320770184768672,1350
3952,1378.477792655498,0.5320770184768672,1350
3953,1378.477792655498,0.5320770184768672,1350
3954,1378.477792655498,0.5320770184768672,1350
3955,1378.477792655498,0.5320770184768672,1350
3956,1378.477792655498,0.5320770184768672,1350
3957,1378.477792655498,0.5320770184768672,1350
3958,1378.477792655498,0.5320770184768672,1350
3959,1378.477792655498,0.5320770184768672,1350
3960,1378.477792655498,0.5320770184768672,1350
3961,1378.477792655498,0.5320770184768672,1350
3962,1378.477792655498,0.5320770184768672,1350
3963,1378.477792655498,0.5320770184768672,1350
3964,1378.477792655498,0.5320770184768672,1350
3965,1378.477792655498,0.5320770184768672,1350
3966,1378.477792655498,0.5320770184768672,1350
3967,1378.477792655498,0.5320770184768672,1350
3968,1378.477792655498,0.5320770184768672,1350
3969,1378.477792655498,0.5320770184768672,1350
3970,1378.477792655498,0.5320770184768672,1350
3971,1378.477792655498,0.5320770184768672,1350
3972,1378.477792655498,0.5320770184768672,1350
3973,1378.477792655498,0.5320770184768672,1350
3974,1378.477792655498,0.5320770184768672,1350
3975,1378.477792655498,0.5320770184768672,1350
3976,1378.477792655498,0.5320770184768672,1350
3977,1378.477792655498,0.5320770184768672,1350
3978,1378.477792655498,0.5320770184768672,1350
3979,1378.477792655498,0.5320770184768672,1350
3980,1378.477792655498,0.5320770184768672,1350
3981,1378.477792655498,0.5320770184768672,1350
3982,1378.477792655498,0.5320770184768672,1350
3983,1378.477792655498,0.5320770184768672,1350
3984,1378.477792655498,0.5320770184768672,1350
3985,1378.477792655498,0.5320770184768672,1350
3986,1378.477792655498,0.5320770184768672,1350
3987,1378.477792655498,0.5320770184768672,1350
3988,1378.477792655498,0.5320770184768672,1350
3989,1378.477792655498,0.5320770184768672,1350
3990,1378.477792655498,0.5320770184768672,1350
3991,1378.477792655498,0.5320770184768672,1350
3992,1378.477792655498,0.5320770184768672,1350
3993,1378.477792655498,0.5320770184768672,1350
3994,1378.477792655498,0.5320770184768672,1350
3995,1378.477792655498,0.5320770184768672,1350
3996,1378.477792655498,0.5320770184768672,1350
3997,1378.477792655498,0.5320770184768672,1350
3998,1378.477792655498,0.5320770184768672,1350
3999,1378.477792655498,0.5320770184768672,1350
4000,1378.477792655498,0.5320770184768672,1350
4001,1378.477792655498,0.5320770184768672,1350
4002,1378.477792655498,0.5320770184768672,1350
4003,1378.477792655498,0.5320770184768672,1350
4004,1378.477792655498,0.5320770184768672,1350
4005,1378.477792655498,0.5320770184768672,1350
4006,1378.477792655498,0.5320770184768672,1350
4007,1378.477792655498,0.5320770184768672,1350
4008,1378.477792655498,0.5320770184768672,1350
4009,1378.477792655498,0.5320770184768672,1350
4010,1378.477792655498,0.5320770184768672,1350
4011,1378.477792655498,0.5320770184768672,1350
4012,1378.477792655498,0.5320770184768672,1350
4013,1378.477792655498,0.5320770184768672,1350
4014,1378.477792655498,0.5320770184768672,1350
4015,1378.477792655498,0.5320770184768672,1350
4016,1378.477792655498,0.5320770184768672,1350
4017,1378.477792655498,0.5320770184768672,1350
4018,1378.477792655498,0.5320770184768672,1350
4019,1378.477792655498,0.5320770184768672,1350
4020,1378.477792655498,0.5320770184768672,1350
4021,1378.477792655498,0.5320770184768672,1350
4022,1378.477792655498,0.5320770184768672,1350
4023,1378.477792655498,0.5320770184768672,1350
4024,1378.477792655498,0.5320770184768672,1350
4025,1378.477792655498,0.5320770184768672,1350
4026,1378.477792655498,0.5320770184768672,1350
4027,1378.477792655498,0.5320770184768672,1350
4028,1378.477792655498,0.5320770184768672,1350
4029,1378.477792655498,0.5320770184768672,1350
4030,1378.477792655498,0.5320770184768672,1350
4031,1378.477792655498,0.5320770184768672,1350
4032,1378.477792655498,0.5320770184768672,1350
4033,1378.477792655498,0.5320770184768672,1350
4034,1378.477792655498,0.5320770184768672,1350
4035,1378.477792655498,0.5320770184768672,1350
4036,1378.477792655498,0.5320770184768672,1350
4037,1378.477792655498,0.5320770184768672,1350
4038,1378.477792655498,0.5320770184768672,1350
4039,1378.477792655498,0.5320770184768672,1350
4040,1378.477792655498,0.5320770184768672,1350
4041,1378.477792655498,0.5320770184768672,1350
4042,1378.477792655498,0.5320770184768672,1350
4043,1378.477792655498,0.5320770184768672,1350
4044,1378.477792655498,0.5320770184768672,1350
4045,1378.477792655498,0.5320770184768672,1350
4046,1378.477792655498,0.5320770184768672,1350
4047,1378.477792655498,0.5320770184768672,1350
4048,1378.477792655498,0.5320770184768672,1350
4049,1378.477792655498,0.5320770184768672,1350
4050,1378.477792655498,0.5320770184768672,1350
4051,1378.477792655498,0.5320770184768672,1350
4052,1378.477792655498,0.5320770184768672,1350
4053,1378.477792655498,0.5320770184768672,1350
4054,1378.477792655498,0.5320770184768672,1350
4055,1378.477792655498,0.5320770184768672,1350
4056,1378.477792655498,0.5320770184768672,1350
4057,1378.477792655498,0.5320770184768672,1350
4058,1378.477792655498,0.5320770184768672,1350
4059,1378.477792655498,0.5320770184768672,1350
4060,1378.477792655498,0.5320770184768672,1350
4061,1378.477792655498,0.5320770184768672,1350
4062,1378.477792655498,0.5320770184768672,1350
4063,1378.477792655498,0.5320770184768672,1350
4064,1378.477792655498,0.5320770184768672,1350
4065,1378.477792655498,0.5320770184768672,1350
4066,1378.477792655498,0.5320770184768672,1350
4067,1378.477792655498,0.5320770184768672,1350
4068,1378.477792655498,0.5320770184768672,1350
4069,1378.477792655498,0.5320770184768672,1350
4070,1378.477792655498,0.5320770184768672,1350
4071,1378.477792655498,0.5320770184768672,1350
4072,1378.477792655498,0.5320770184768672,1350
4073,1378.477792655498,0.5320770184768672,1350
4074,1378.477792655498,0.5320770184768672,1350
4075,1378.477792655498,0.5320770184768672,1350
4076,1378.477792655498,0.5320770184768672,1350
4077,1378.477792655498,0.5320770184768672,1350
4078,1378.477792655498,0.5320770184768672,1350
4079,1378.477792655498,0.5320770184768672,1350
4080,1378.477792655498,0.5320770184768672,1350
4081,1378.477792655498,0.5320770184768672,1350
4082,1378.477792655498,0.5320770184768672,1350
4083,1378.477792655498,0.5320770184768672,1350
4084,1378.477792655498,0.5320770184768672,1350
4085,1378.477792655498,0.5320770184768672,1350
4086,1378.477792655498,0.5320770184768672,1350
4087,1378.477792655498,0.5320770184768672,1350
4088,1378.477792655498,0.5320770184768672,1350
4089,1378.477792655498,0.5320770184768672,1350
4090,1378.477792655498,0.5320770184768672,1350
4091,1378.477792655498,0.5320770184768672,1350
4092,1378.477792655498,0.5320770184768672,1350
4093,1378.477792655498,0.5320770184768672,1350
4094,1378.477792655498,0.5320770184768672,1350
4095,1378.477792655498,0.5320770184768672,1350
4096,1378.477792655498,0.5320770184768672,1350
4097,1378.477792655498,0.5320770184768672,1350
4098,1378.477792655498,0.5320770184768672,1350
4099,1378.477792655498,0.5320770184768672,1350
4100,1378.477792655498,0.5320770184768672,1350
4101,1378.477792655498,0.5320770184768672,1350
4102,1378.477792655498,0.5320770184768672,1350
4103,1378.477792655498,0.5320770184768672,1350
4104,1378.477792655498,0.5320770184768672,1350
4105,1378.477792655498,0.5320770184768672,1350
4106,1378.477792655498,0.5320770184768672,1350
4107,1378.477792655498,0.5320770184768672,1350
4108,1378.477792655498,0.5320770184768672,1350
4109,1378.477792655498,0.5320770184768672,1350
4110,1378.477792655498,0.5320770184768672,1350
4111,1378.477792655498,0.5320770184768672,1350
4112,1378.477792655498,0.5320770184768672,1350
4113,1378.477792655498,0.5320770184768672,1350
4114,1378.477792655498,0.5320770184768672,1350
4115,1378.477792655498,0.5320770184768672,1350
4116,1378.477792655498,0.5320770184768672,1350
4117,1378.477792655498,0.5320770184768672,1350
4118,1378.477792655498,0.5320770184768672,1350
4119,1378.477792655498,0.5320770184768672,1350
4120,1378.477792655498,0.5320770184768672,1350
4121,1378.477792655498,0.5320770184768672,1350
4122,1378.477792655498,0.5320770184768672,1350
4123,1378.477792655498,0.5320770184768672,1350
4124,1378.477792655498,0.5320770184768672,1350
4125,1378.477792655498,0.5320770184768672,1350
4126,1378.477792655498,0.5320770184768672,1350
4127,1378.477792655498,0.5320770184768672,1350
4128,1378.477792655498,0.5320770184768672,1350
4129,1378.477792655498,0.5320770184768672,1350
4130,1378.477792655498,0.5320770184768672,1350
4131,1378.477792655498,0.5320770184768672,1350
4132,1378.477792655498,0.5320770184768672,1350
4133,1378.477792655498,0.5320770184768672,1350
4134,1378.477792655498,0.5320770184768672,1350
4135,1378.477792655498,0.5320770184768672,1350
4136,1378.477792655498,0.5320770184768672,1350
4137,1378.477792655498,0.5320770184768672,1350
4138,1378.477792655498,0.5320770184768672,1350
4139,1378.477792655498,0.5320770184768672,1350
4140,1378.477792655498,0.5320770184768672,1350
4141,1378.477792655498,0.5320770184768672,1350
4142,1378.477792655498,0.5320770184768672,1350
4143,1378.477792655498,0.5320770184768672,1350
4144,1378.477792655498,0.5320770184768672,1350
4145,1378.477792655498,0.5320770184768672,1350
4146,1378.477792655498,0.5320770184768672,1350
4147,1378.477792655498,0.5320770184768672,1350
4148,1378.477792655498,0.5320770184768672,1350
4149,1378.477792655498,0.5320770184768672,1350
4150,1378.477792655498,0.5320770184768672,1350
4151,1378.477792655498,0.5320770184768672,1350
4152,1378.477792655498,0.5320770184768672,1350
4153,1378.477792655498,0.5320770184768672,1350
4154,1378.477792655498,0.5320770184768672,1350
4155,1378.477792655498,0.5320770184768672,1350
4156,1378.477792655498,0.5320770184768672,1350
4157,1378.477792655498,0.5320770184768672,1350
4158,1378.477792655498,0.5320770184768672,1350
4159,1378.477792655498,0.5320770184768672,1350
4160,1378.477792655498,0.5320770184768672,1350
4161,1378.477792655498,0.5320770184768672,1350
4162,1378.477792655498,0.5320770184768672,1350
4163,1378.477792655498,0.5320770184768672,1350
4164,1378.477792655498,0.5320770184768672,1350
4165,1378.477792655498,0.5320770184768672,1350
4166,1378.477792655498,0.5320770184768672,1350
4167,1378.477792655498,0.5320770184768672,1350
4168,1378.477792655498,0.5320770184768672,1350
4169,1378.477792655498,0.5320770184768672,1350
4170,1378.477792655498,0.5320770184768672,1350
4171,1378.477792655498,0.5320770184768672,1350
4172,1378.477792655498,0.5320770184768672,1350
4173,1378.477792655498,0.5320770184768672,1350
4174,1378.477792655498,0.5320770184768672,1350
4175,1378.477792655498,0.5320770184768672,1350
4176,1378.477792655498,0.5320770184768672,1350
4177,1378.477792655498,0.5320770184768672,1350
4178,1378.477792655498,0.5320770184768672,1350
4179,1378.477792655498,0.5320770184768672,1350
4180,1378.477792655498,0.5320770184768672,1350
4181,1378.477792655498,0.5320770184768672,1350
4182,1378.477792655498,0.5320770184768672,1350
4183,1378.477792655498,0.5320770184768672,1350
4184,1378.477792655498,0.5320770184768672,1350
4185,1378.477792655498,0.5320770184768672,1350
4186,1378.477792655498,0.5320770184768672,1350
4187,1378.477792655498,0.5320770184768672,1350
4188,1378.477792655498,0.5320770184768672,1350
4189,1378.477792655498,0.5320770184768672,1350
4190,1378.477792655498,0.5320770184768672,1350
4191,1378.477792655498,0.5320770184768672,1350
4192,1378.477792655498,0.5320770184768672,1350
4193,1378.477792655498,0.5320770184768672,1350
4194,1378.477792655498,0.5320770184768672,1350
4195,1378.477792655498,0.5320770184768672,1350
4196,1378.477792655498,0.5320770184768672,1350
4197,1378.477792655498,0.5320770184768672,1350
4198,1378.477792655498,0.5320770184768672,1350
4199,1378.477792655498,0.5320770184768672,1350
4200,1378.477792655498,0.5320770184768672,1350
4201,1378.477792655498,0.5320770184768672,1350
4202,1378.477792655498,0.5320770184768672,1350
4203,1378.477792655498,0.5320770184768672,1350
4204,1378.477792655498,0.5320770184768672,1350
4205,1378.477792655498,0.5320770184768672,1350
4206,1378.477792655498,0.5320770184768672,1350
4207,1378.477792655498,0.5320770184768672,1350
4208,1378.477792655498,0.5320770184768672,1350
4209,1378.477792655498,0.5320770184768672,1350
4210,1378.477792655498,0.5320770184768672,1350
4211,1378.477792655498,0.5320770184768672,1350
4212,1378.477792655498,0.5320770184768672,1350
4213,1378.477792655498,0.5320770184768672,1350
4214,1378.477792655498,0.5320770184768672,1350
4215,1378.477792655498,0.5320770184768672,1350
4216,1378.477792655498,0.5320770184768672,1350
4217,1378.477792655498,0.5320770184768672,1350
4218,1378.477792655498,0.5320770184768672,1350
4219,1378.477792655498,0.5320770184768672,1350
4220,1378.477792655498,0.5320770184768672,1350
4221,1378.477792655498,0.5320770184768672,1350
4222,1378.477792655498,0.5320770184768672,1350
4223,1378.477792655498,0.5320770184768672,1350
4224,1378.477792655498,0.5320770184768672,1350
4225,1378.477792655498,0.5320770184768672,1350
4226,1378.477792655498,0.5320770184768672,1350
4227,1378.477792655498,0.5320770184768672,1350
4228,1378.477792655498,0.5320770184768672,1350
4229,1378.477792655498,0.5320770184768672,1350
4230,1378.477792655498,0.5320770184768672,1350
4231,1378.477792655498,0.5320770184768672,1350
4232,1378.477792655498,0.5320770184768672,1350
4233,1378.477792655498,0.5320770184768672,1350
4234,1378.477792655498,0.5320770184768672,1350
4235,1378.477792655498,0.5320770184768672,1350
4236,1378.477792655498,0.5320770184768672,1350
4237,1378.477792655498,0.5320770184768672,1350
4238,1378.477792655498,0.5320770184768672,1350
4239,1378.477792655498,0.5320770184768672,1350
4240,1378.477792655498,0.5320770184768672,1350
4241,1378.477792655498,0.5320770184768672,1350
4242,1378.477792655498,0.5320770184768672,1350
4243,1378.477792655498,0.5320770184768672,1350
4244,1378.477792655498,0.5320770184768672,1350
4245,1378.477792655498,0.5320770184768672,1350
4246,1378.477792655498,0.5320770184768672,1350
4247,1378.477792655498,0.5320770184768672,1350
4248,1378.477792655498,0.5320770184768672,1350
4249,1378.477792655498,0.5320770184768672,1350
4250,1378.477792655498,0.5320770184768672,1350
4251,1378.477792655498,0.5320770184768672,1350
4252,1378.477792655498,0.5320770184768672,1350
4253,1378.477792655498,0.5320770184768672,1350
4254,1378.477792655498,0.5320770184768672,1350
4255,1378.477792655498,0.5320770184768672,1350
4256,1378.477792655498,0.5320770184768672,1350
4257,1378.477792655498,0.5320770184768672,1350
4258,1378.477792655498,0.5320770184768672,1350
4259,1378.477792655498,0.5320770184768672,1350
4260,1378.477792655498,0.5320770184768672,1350
4261,1378.477792655498,0.5320770184768672,1350
4262,1378.477792655498,0.5320770184768672,1350
4263,1378.477792655498,0.5320770184768672,1350
4264,1378.477792655498,0.5320770184768672,1350
4265,1378.477792655498,0.5320770184768672,1350
4266,1378.477792655498,0.5320770184768672,1350
4267,1378.477792655498,0.5320770184768672,1350
4268,1378.477792655498,0.5320770184768672,1350
4269,1378.477792655498,0.5320770184768672,1350
4270,1378.477792655498,0.5320770184768672,1350
4271,1378.477792655498,0.5320770184768672,1350
4272,1378.477792655498,0.5320770184768672,1350
4273,1378.477792655498,0.5320770184768672,1350
4274,1378.477792655498,0.5320770184768672,1350
4275,1378.477792655498,0.5320770184768672,1350
4276,1378.477792655498,0.5320770184768672,1350
4277,1378.477792655498,0.5320770184768672,1350
4278,1378.477792655498,0.5320770184768672,1350
4279,1378.477792655498,0.5320770184768672,1350
4280,1378.477792655498,0.5320770184768672,1350
4281,1378.477792655498,0.5320770184768672,1350
4282,1378.477792655498,0.5320770184768672,1350
4283,1378.477792655498,0.5320770184768672,1350
4284,1378.477792655498,0.5320770184768672,1350
4285,1378.477792655498,0.5320770184768672,1350
4286,1378.477792655498,0.5320770184768672,1350
4287,1378.477792655498,0.5320770184768672,1350
4288,1378.477792655498,0.5320770184768672,1350
4289,1378.477792655498,0.5320770184768672,1350
4290,1378.477792655498,0.5320770184768672,1350
4291,1378.477792655498,0.5320770184768672,1350
4292,1378.477792655498,0.5320770184768672,1350
4293,1378.477792655498,0.5320770184768672,1350
4294,1378.477792655498,0.5320770184768672,1350
4295,1378.477792655498,0.5320770184768672,1350
4296,1378.477792655498,0.5320770184768672,1350
4297,1378.477792655498,0.5320770184768672,1350
4298,1378.477792655498,0.5320770184768672,1350
4299,1378.477792655498,0.5320770184768672,1350
4300,1378.477792655498,0.5320770184768672,1350
4301,1378.477792655498,0.5320770184768672,1350
4302,1378.477792655498,0.5320770184768672,1350
4303,1378.477792655498,0.5320770184768672,1350
4304,1378.477792655498,0.5320770184768672,1350
4305,1378.477792655498,0.5320770184768672,1350
4306,1378.477792655498,0.5320770184768672,1350
4307,1378.477792655498,0.5320770184768672,1350
4308,1378.477792655498,0.5320770184768672,1350
4309,1378.477792655498,0.5320770184768672,1350
4310,1378.477792655498,0.5320770184768672,1350
4311,1378.477792655498,0.5320770184768672,1350
4312,1378.477792655498,0.5320770184768672,1350
4313,1378.477792655498,0.5320770184768672,1350
4314,1378.477792655498,0.5320770184768672,1350
4315,1378.477792655498,0.5320770184768672,1350
4316,1378.477792655498,0.5320770184768672,1350
4317,1378.477792655498,0.5320770184768672,1350
4318,1378.477792655498,0.5320770184768672,1350
4319,1378.477792655498,0.5320770184768672,1350
4320,1378.477792655498,0.5320770184768672,1350
4321,1378.477792655498,0.5320770184768672,1350
4322,1378.477792655498,0.5320770184768672,1350
4323,1378.477792655498,0.5320770184768672,1350
4324,1378.477792655498,0.5320770184768672,1350
4325,1378.477792655498,0.5320770184768672,1350
4326,1378.477792655498,0.5320770184768672,1350
4327,1378.477792655498,0.5320770184768672,1350
4328,1378.477792655498,0.5320770184768672,1350
4329,1378.477792655498,0.5320770184768672,1350
4330,1378.477792655498,0.5320770184768672,1350
4331,1378.477792655498,0.5320770184768672,1350
4332,1378.477792655498,0.5320770184768672,1350
4333,1378.477792655498,0.5320770184768672,1350
4334,1378.477792655498,0.5320770184768672,1350
4335,1378.477792655498,0.5320770184768672,1350
4336,1378.477792655498,0.5320770184768672,1350
4337,1378.477792655498,0.5320770184768672,1350
4338,1378.477792655498,0.5320770184768672,1350
4339,1378.477792655498,0.5320770184768672,1350
4340,1378.477792655498,0.5320770184768672,1350
4341,1378.477792655498,0.5320770184768672,1350
4342,1378.477792655498,0.5320770184768672,1350
4343,1378.477792655498,0.5320770184768672,1350
4344,1378.477792655498,0.5320770184768672,1350
4345,1378.477792655498,0.5320770184768672,1350
4346,1378.477792655498,0.5320770184768672,1350
4347,1378.477792655498,0.5320770184768672,1350
4348,1378.477792655498,0.5320770184768672,1350
4349,1378.477792655498,0.5320770184768672,1350
4350,1378.477792655498,0.5320770184768672,1350
4351,1378.477792655498,0.5320770184768672,1350
4352,1378.477792655498,0.5320770184768672,1350
4353,1378.477792655498,0.5320770184768672,1350
4354,1378.477792655498,0.5320770184768672,1350
4355,1378.477792655498,0.5320770184768672,1350
4356,1378.477792655498,0.5320770184768672,1350
4357,1378.477792655498,0.5320770184768672,1350
4358,1378.477792655498,0.5320770184768672,1350
4359,1378.477792655498,0.5320770184768672,1350
4360,1378.477792655498,0.5320770184768672,1350
4361,1378.477792655498,0.5320770184768672,1350
4362,1378.477792655498,0.5320770184768672,1350
4363,1378.477792655498,0.5320770184768672,1350
4364,1378.477792655498,0.5320770184768672,1350
4365,1378.477792655498,0.5320770184768672,1350
4366,1378.477792655498,0.5320770184768672,1350
4367,1378.477792655498,0.5320770184768672,1350
4368,1378.477792655498,0.5320770184768672,1350
4369,1378.477792655498,0.5320770184768672,1350
4370,1378.477792655498,0.5320770184768672,1350
4371,1378.477792655498,0.5320770184768672,1350
4372,1378.477792655498,0.5320770184768672,1350
4373,1378.477792655498,0.5320770184768672,1350
4374,1378.477792655498,0.5320770184768672,1350
4375,1378.477792655498,0.5320770184768672,1350
4376,1378.477792655498,0.5320770184768672,1350
4377,1378.477792655498,0.5320770184768672,1350
4378,1378.477792655498,0.5320770184768672,1350
4379,1378.477792655498,0.5320770184768672,1350
4380,1378.477792655498,0.5320770184768672,1350
4381,1378.477792655498,0.5320770184768672,1350
4382,1378.477792655498,0.5320770184768672,1350
4383,1378.477792655498,0.5320770184768672,1350
4384,1378.477792655498,0.5320770184768672,1350
4385,1378.477792655498,0.5320770184768672,1350
4386,1378.477792655498,0.5320770184768672,1350
4387,1378.477792655498,0.5320770184768672,1350
4388,1378.477792655498,0.5320770184768672,1350
4389,1378.477792655498,0.5320770184768672,1350
4390,1378.477792655498,0.5320770184768672,1350
4391,1378.477792655498,0.5320770184768672,1350
4392,1378.477792655498,0.5320770184768672,1350
4393,1378.477792655498,0.5320770184768672,1350
4394,1378.477792655498,0.5320770184768672,1350
4395,1378.477792655498,0.5320770184768672,1350
4396,1378.477792655498,0.5320770184768672,1350
4397,1378.477792655498,0.5320770184768672,1350
4398,1378.477792655498,0.5320770184768672,1350
4399,1378.477792655498,0.5320770184768672,1350
4400,1378.477792655498,0.5320770184768672,1350
4401,1378.477792655498,0.5320770184768672,1350
4402,1378.477792655498,0.5320770184768672,1350
4403,1378.477792655498,0.5320770184768672,1350
4404,1378.477792655498,0.5320770184768672,1350
4405,1378.477792655498,0.5320770184768672,1350
4406,1378.477792655498,0.5320770184768672,1350
4407,1378.477792655498,0.5320770184768672,1350
4408,1378.477792655498,0.5320770184768672,1350
4409,1378.477792655498,0.5320770184768672,1350
4410,1378.477792655498,0.5320770184768672,1350
4411,1378.477792655498,0.5320770184768672,1350
4412,1378.477792655498,0.5320770184768672,1350
4413,1378.477792655498,0.5320770184768672,1350
4414,1378.477792655498,0.5320770184768672,1350
4415,1378.477792655498,0.5320770184768672,1350
4416,1378.477792655498,0.5320770184768672,1350
4417,1378.477792655498,0.5320770184768672,1350
4418,1378.477792655498,0.5320770184768672,1350
4419,1378.477792655498,0.5320770184768672,1350
4420,1378.477792655498,0.5320770184768672,1350
4421,1378.477792655498,0.5320770184768672,1350
4422,1378.477792655498,0.5320770184768672,1350
4423,1378.477792655498,0.5320770184768672,1350
4424,1378.477792655498,0.5320770184768672,1350
4425,1378.477792655498,0.5320770184768672,1350
4426,1378.477792655498,0.5320770184768672,1350
4427,1378.477792655498,0.5320770184768672,1350
4428,1378.477792655498,0.5320770184768672,1350
4429,1378.477792655498,0.5320770184768672,1350
4430,1378.477792655498,0.5320770184768672,1350
4431,1378.477792655498,0.5320770184768672,1350
4432,1378.477792655498,0.5320770184768672,1350
4433,1378.477792655498,0.5320770184768672,1350
4434,1378.477792655498,0.5320770184768672,1350
4435,1378.477792655498,0.5320770184768672,1350
4436,1378.477792655498,0.5320770184768672,1350
4437,1378.477792655498,0.5320770184768672,1350
4438,1378.477792655498,0.5320770184768672,1350
4439,1378.477792655498,0.5320770184768672,1350
4440,1378.477792655498,0.5320770184768672,1350
4441,1378.477792655498,0.5320770184768672,1350
4442,1378.477792655498,0.5320770184768672,1350
4443,1378.477792655498,0.5320770184768672,1350
4444,1378.477792655498,0.5320770184768672,1350
4445,1378.477792655498,0.5320770184768672,1350
4446,1378.477792655498,0.5320770184768672,1350
4447,1378.477792655498,0.5320770184768672,1350
4448,1378.477792655498,0.5320770184768672,1350
4449,1378.477792655498,0.5320770184768672,1350
4450,1378.477792655498,0.5320770184768672,1350
4451,1378.477792655498,0.5320770184768672,1350
4452,1378.477792655498,0.5320770184768672,1350
4453,1378.477792655498,0.5320770184768672,1350
4454,1378.477792655498,0.5320770184768672,1350
4455,1378.477792655498,0.5320770184768672,1350
4456,1378.477792655498,0.5320770184768672,1350
4457,1378.477792655498,0.5320770184768672,1350
4458,1378.477792655498,0.5320770184768672,1350
4459,1378.477792655498,0.5320770184768672,1350
4460,1378.477792655498,0.5320770184768672,1350
4461,1378.477792655498,0.5320770184768672,1350
4462,1378.477792655498,0.5320770184768672,1350
4463,1378.477792655498,0.5320770184768672,1350
4464,1378.477792655498,0.5320770184768672,1350
4465,1378.477792655498,0.5320770184768672,1350
4466,1378.477792655498,0.5320770184768672,1350
4467,1378.477792655498,0.5320770184768672,1350
4468,1378.477792655498,0.5320770184768672,1350
4469,1378.477792655498,0.5320770184768672,1350
4470,1378.477792655498,0.5320770184768672,1350
4471,1378.477792655498,0.5320770184768672,1350
4472,1378.477792655498,0.5320770184768672,1350
4473,1378.477792655498,0.5320770184768672,1350
4474,1378.477792655498,0.5320770184768672,1350
4475,1378.477792655498,0.5320770184768672,1350
4476,1378.477792655498,0.5320770184768672,1350
4477,1378.477792655498,0.5320770184768672,1350
4478,1378.477792655498,0.5320770184768672,1350
4479,1378.477792655498,0.5320770184768672,1350
4480,1378.477792655498,0.5320770184768672,1350
4481,1378.477792655498,0.5320770184768672,1350
4482,1378.477792655498,0.5320770184768672,1350
4483,1378.477792655498,0.5320770184768672,1350
4484,1378.477792655498,0.5320770184768672,1350
4485,1378.477792655498,0.5320770184768672,1350
4486,1378.477792655498,0.5320770184768672,1350
4487,1378.477792655498,0.5320770184768672,1350
4488,1378.477792655498,0.5320770184768672,1350
4489,1378.477792655498,0.5320770184768672,1350
4490,1378.477792655498,0.5320770184768672,1350
4491,1378.477792655498,0.5320770184768672,1350
4492,1378.477792655498,0.5320770184768672,1350
4493,1378.477792655498,0.5320770184768672,1350
4494,1378.477792655498,0.5320770184768672,1350
4495,1378.477792655498,0.5320770184768672,1350
4496,1378.477792655498,0.5320770184768672,1350
4497,1378.477792655498,0.5320770184768672,1350
4498,1378.477792655498,0.5320770184768672,1350
4499,1378.477792655498,0.5320770184768672,1350
4500,1378.477792655498,0.5320770184768672,1350
4501,1378.477792655498,0.5320770184768672,1350
4502,1378.477792655498,0.5320770184768672,1350
4503,1378.477792655498,0.5320770184768672,1350
4504,1378.477792655498,0.5320770184768672,1350
4505,1378.477792655498,0.5320770184768672,1350
4506,1378.477792655498,0.5320770184768672,1350
4507,1378.477792655498,0.5320770184768672,1350
4508,1378.477792655498,0.5320770184768672,1350
4509,1378.477792655498,0.5320770184768672,1350
4510,1378.477792655498,0.5320770184768672,1350
4511,1378.477792655498,0.5320770184768672,1350
4512,1378.477792655498,0.5320770184768672,1350
4513,1378.477792655498,0.5320770184768672,1350
4514,1378.477792655498,0.5320770184768672,1350
4515,1378.477792655498,0.5320770184768672,1350
4516,1378.477792655498,0.5320770184768672,1350
4517,1378.477792655498,0.5320770184768672,1350
4518,1378.477792655498,0.5320770184768672,1350
4519,1378.477792655498,0.5320770184768672,1350
4520,1378.477792655498,0.5320770184768672,1350
4521,1378.477792655498,0.5320770184768672,1350
4522,1378.477792655498,0.5320770184768672,1350
4523,1378.477792655498,0.5320770184768672,1350
4524,1378.477792655498,0.5320770184768672,1350
4525,1378.477792655498,0.5320770184768672,1350
4526,1378.477792655498,0.5320770184768672,1350
4527,1378.477792655498,0.5320770184768672,1350
4528,1378.477792655498,0.5320770184768672,1350
4529,1378.477792655498,0.5320770184768672,1350
4530,1378.477792655498,0.5320770184768672,1350
4531,1378.477792655498,0.5320770184768672,1350
4532,1378.477792655498,0.5320770184768672,1350
4533,1378.477792655498,0.5320770184768672,1350
4534,1378.477792655498,0.5320770184768672,1350
4535,1378.477792655498,0.5320770184768672,1350
4536,1378.477792655498,0.5320770184768672,1350
4537,1378.477792655498,0.5320770184768672,1350
4538,1378.477792655498,0.5320770184768672,1350
4539,1378.477792655498,0.5320770184768672,1350
4540,1378.477792655498,0.5320770184768672,1350
4541,1378.477792655498,0.5320770184768672,1350
4542,1378.477792655498,0.5320770184768672,1350
4543,1378.477792655498,0.5320770184768672,1350
4544,1378.477792655498,0.5320770184768672,1350
4545,1378.477792655498,0.5320770184768672,1350
4546,1378.477792655498,0.5320770184768672,1350
4547,1378.477792655498,0.5320770184768672,1350
4548,1378.477792655498,0.5320770184768672,1350
4549,1378.477792655498,0.5320770184768672,1350
4550,1378.477792655498,0.5320770184768672,1350
4551,1378.477792655498,0.5320770184768672,1350
4552,1378.477792655498,0.5320770184768672,1350
4553,1378.477792655498,0.5320770184768672,1350
4554,1378.477792655498,0.5320770184768672,1350
4555,1378.477792655498,0.5320770184768672,1350
4556,1378.477792655498,0.5320770184768672,1350
4557,1378.477792655498,0.5320770184768672,1350
4558,1378.477792655498,0.5320770184768672,1350
4559,1378.477792655498,0.5320770184768672,1350
4560,1378.477792655498,0.5320770184768672,1350
4561,1378.477792655498,0.5320770184768672,1350
4562,1378.477792655498,0.5320770184768672,1350
4563,1378.477792655498,0.5320770184768672,1350
4564,1378.477792655498,0.5320770184768672,1350
4565,1378.477792655498,0.5320770184768672,1350
4566,1378.477792655498,0.5320770184768672,1350
4567,1378.477792655498,0.5320770184768672,1350
4568,1378.477792655498,0.5320770184768672,1350
4569,1378.477792655498,0.5320770184768672,1350
4570,1378.477792655498,0.5320770184768672,1350
4571,1378.477792655498,0.5320770184768672,1350
4572,1378.477792655498,0.5320770184768672,1350
4573,1378.477792655498,0.5320770184768672,1350
4574,1378.477792655498,0.5320770184768672,1350
4575,1378.477792655498,0.5320770184768672,1350
4576,1378.477792655498,0.5320770184768672,1350
4577,1378.477792655498,0.5320770184768672,1350
4578,1378.477792655498,0.5320770184768672,1350
4579,1378.477792655498,0.5320770184768672,1350
4580,1378.477792655498,0.5320770184768672,1350
4581,1378.477792655498,0.5320770184768672,1350
4582,1378.477792655498,0.5320770184768672,1350
4583,1378.477792655498,0.5320770184768672,1350
4584,1378.477792655498,0.5320770184768672,1350
4585,1378.477792655498,0.5320770184768672,1350
4586,1378.477792655498,0.5320770184768672,1350
4587,1378.477792655498,0.5320770184768672,1350
4588,1378.477792655498,0.5320770184768672,1350
4589,1378.477792655498,0.5320770184768672,1350
4590,1378.477792655498,0.5320770184768672,1350
4591,1378.477792655498,0.5320770184768672,1350
4592,1378.477792655498,0.5320770184768672,1350
4593,1378.477792655498,0.5320770184768672,1350
4594,1378.477792655498,0.5320770184768672,1350
4595,1378.477792655498,0.5320770184768672,1350
4596,1378.477792655498,0.5320770184768672,1350
4597,1378.477792655498,0.5320770184768672,1350
4598,1378.477792655498,0.5320770184768672,1350
4599,1378.477792655498,0.5320770184768672,1350
4600,1378.477792655498,0.5320770184768672,1350
4601,1378.477792655498,0.5320770184768672,1350
4602,1378.477792655498,0.5320770184768672,1350
4603,1378.477792655498,0.5320770184768672,1350
4604,1378.477792655498,0.5320770184768672,1350
4605,1378.477792655498,0.5320770184768672,1350
4606,1378.477792655498,0.5320770184768672,1350
4607,1378.477792655498,0.5320770184768672,1350
4608,1378.477792655498,0.5320770184768672,1350
4609,1378.477792655498,0.5320770184768672,1350
4610,1378.477792655498,0.5320770184768672,1350
4611,1378.477792655498,0.5320770184768672,1350
4612,1378.477792655498,0.5320770184768672,1350
4613,1378.477792655498,0.5320770184768672,1350
4614,1378.477792655498,0.5320770184768672,1350
4615,1378.477792655498,0.5320770184768672,1350
4616,1378.477792655498,0.5320770184768672,1350
4617,1378.477792655498,0.5320770184768672,1350
4618,1378.477792655498,0.5320770184768672,1350
4619,1378.477792655498,0.5320770184768672,1350
4620,1378.477792655498,0.5320770184768672,1350
4621,1378.477792655498,0.5320770184768672,1350
4622,1378.477792655498,0.5320770184768672,1350
4623,1378.477792655498,0.5320770184768672,1350
4624,1378.477792655498,0.5320770184768672,1350
4625,1378.477792655498,0.5320770184768672,1350
4626,1378.477792655498,0.5320770184768672,1350
4627,1378.477792655498,0.5320770184768672,1350
4628,1378.477792655498,0.5320770184768672,1350
4629,1378.477792655498,0.5320770184768672,1350
4630,1378.477792655498,0.5320770184768672,1350
4631,1378.477792655498,0.5320770184768672,1350
4632,1378.477792655498,0.5320770184768672,1350
4633,1378.477792655498,0.5320770184768672,1350
4634,1378.477792655498,0.5320770184768672,1350
4635,1378.477792655498,0.5320770184768672,1350
4636,1378.477792655498,0.5320770184768672,1350
4637,1378.477792655498,0.5320770184768672,1350
4638,1378.477792655498,0.5320770184768672,1350
4639,1378.477792655498,0.5320770184768672,1350
4640,1378.477792655498,0.5320770184768672,1350
4641,1378.477792655498,0.5320770184768672,1350
4642,1378.477792655498,0.5320770184768672,1350
4643,1378.477792655498,0.5320770184768672,1350
4644,1378.477792655498,0.5320770184768672,1350
4645,1378.477792655498,0.5320770184768672,1350
4646,1378.477792655498,0.5320770184768672,1350
4647,1378.477792655498,0.5320770184768672,1350
4648,1378.477792655498,0.5320770184768672,1350
4649,1378.477792655498,0.5320770184768672,1350
4650,1378.477792655498,0.5320770184768672,1350
4651,1378.477792655498,0.5320770184768672,1350
4652,1378.477792655498,0.5320770184768672,1350
4653,1378.477792655498,0.5320770184768672,1350
4654,1378.477792655498,0.5320770184768672,1350
4655,1378.477792655498,0.5320770184768672,1350
4656,1378.477792655498,0.5320770184768672,1350
4657,1378.477792655498,0.5320770184768672,1350
4658,1378.477792655498,0.5320770184768672,1350
4659,1378.477792655498,0.5320770184768672,1350
4660,1378.477792655498,0.5320770184768672,1350
4661,1378.477792655498,0.5320770184768672,1350
4662,1378.477792655498,0.5320770184768672,1350
4663,1378.477792655498,0.5320770184768672,1350
4664,1378.477792655498,0.5320770184768672,1350
4665,1378.477792655498,0.5320770184768672,1350
4666,1378.477792655498,0.5320770184768672,1350
4667,1378.477792655498,0.5320770184768672,1350
4668,1378.477792655498,0.5320770184768672,1350
4669,1378.477792655498,0.5320770184768672,1350
4670,1378.477792655498,0.5320770184768672,1350
4671,1378.477792655498,0.5320770184768672,1350
4672,1378.477792655498,0.5320770184768672,1350
4673,1378.477792655498,0.5320770184768672,1350
4674,1378.477792655498,0.5320770184768672,1350
4675,1378.477792655498,0.5320770184768672,1350
4676,1378.477792655498,0.5320770184768672,1350
4677,1378.477792655498,0.5320770184768672,1350
4678,1378.477792655498,0.5320770184768672,1350
4679,1378.477792655498,0.5320770184768672,1350
4680,1378.477792655498,0.5320770184768672,1350
4681,1378.477792655498,0.5320770184768672,1350
4682,1378.477792655498,0.5320770184768672,1350
4683,1378.477792655498,0.5320770184768672,1350
4684,1378.477792655498,0.5320770184768672,1350
4685,1378.477792655498,0.5320770184768672,1350
4686,1378.477792655498,0.5320770184768672,1350
4687,1378.477792655498,0.5320770184768672,1350
4688,1378.477792655498,0.5320770184768672,1350
4689,1378.477792655498,0.5320770184768672,1350
4690,1378.477792655498,0.5320770184768672,1350
4691,1378.477792655498,0.5320770184768672,1350
4692,1378.477792655498,0.5320770184768672,1350
4693,1378.477792655498,0.5320770184768672,1350
4694,1378.477792655498,0.5320770184768672,1350
4695,1378.477792655498,0.5320770184768672,1350
4696,1378.477792655498,0.5320770184768672,1350
4697,1378.477792655498,0.5320770184768672,1350
4698,1378.477792655498,0.5320770184768672,1350
4699,1378.477792655498,0.5320770184768672,1350
4700,1378.477792655498,0.5320770184768672,1350
4701,1378.477792655498,0.5320770184768672,1350
4702,1378.477792655498,0.5320770184768672,1350
4703,1378.477792655498,0.5320770184768672,1350
4704,1378.477792655498,0.5320770184768672,1350
4705,1378.477792655498,0.5320770184768672,1350
4706,1378.477792655498,0.5320770184768672,1350
4707,1378.477792655498,0.5320770184768672,1350
4708,1378.477792655498,0.5320770184768672,1350
4709,1378.477792655498,0.5320770184768672,1350
4710,1378.477792655498,0.5320770184768672,1350
4711,1378.477792655498,0.5320770184768672,1350
4712,1378.477792655498,0.5320770184768672,1350
4713,1378.477792655498,0.5320770184768672,1350
4714,1378.477792655498,0.5320770184768672,1350
4715,1378.477792655498,0.5320770184768672,1350
4716,1378.477792655498,0.5320770184768672,1350
4717,1378.477792655498,0.5320770184768672,1350
4718,1378.477792655498,0.5320770184768672,1350
4719,1378.477792655498,0.5320770184768672,1350
4720,1378.477792655498,0.5320770184768672,1350
4721,1378.477792655498,0.5320770184768672,1350
4722,1378.477792655498,0.5320770184768672,1350
4723,1378.477792655498,0.5320770184768672,1350
4724,1378.477792655498,0.5320770184768672,1350
4725,1378.477792655498,0.5320770184768672,1350
4726,1378.477792655498,0.5320770184768672,1350
4727,1378.477792655498,0.5320770184768672,1350
4728,1378.477792655498,0.5320770184768672,1350
4729,1378.477792655498,0.5320770184768672,1350
4730,1378.477792655498,0.5320770184768672,1350
4731,1378.477792655498,0.5320770184768672,1350
4732,1378.477792655498,0.5320770184768672,1350
4733,1378.477792655498,0.5320770184768672,1350
4734,1378.477792655498,0.5320770184768672,1350
4735,1378.477792655498,0.5320770184768672,1350
4736,1378.477792655498,0.5320770184768672,1350
4737,1378.477792655498,0.5320770184768672,1350
4738,1378.477792655498,0.5320770184768672,1350
4739,1378.477792655498,0.5320770184768672,1350
4740,1378.477792655498,0.5320770184768672,1350
4741,1378.477792655498,0.5320770184768672,1350
4742,1378.477792655498,0.5320770184768672,1350
4743,1378.477792655498,0.5320770184768672,1350
4744,1378.477792655498,0.5320770184768672,1350
4745,1378.477792655498,0.5320770184768672,1350
4746,1378.477792655498,0.5320770184768672,1350
4747,1378.477792655498,0.5320770184768672,1350
4748,1378.477792655498,0.5320770184768672,1350
4749,1378.477792655498,0.5320770184768672,1350
4750,1378.477792655498,0.5320770184768672,1350
4751,1378.477792655498,0.5320770184768672,1350
4752,1378.477792655498,0.5320770184768672,1350
4753,1378.477792655498,0.5320770184768672,1350
4754,1378.477792655498,0.5320770184768672,1350
4755,1378.477792655498,0.5320770184768672,1350
4756,1378.477792655498,0.5320770184768672,1350
4757,1378.477792655498,0.5320770184768672,1350
4758,1378.477792655498,0.5320770184768672,1350
4759,1378.477792655498,0.5320770184768672,1350
4760,1378.477792655498,0.5320770184768672,1350
4761,1378.477792655498,0.5320770184768672,1350
4762,1378.477792655498,0.5320770184768672,1350
4763,1378.477792655498,0.5320770184768672,1350
4764,1378.477792655498,0.5320770184768672,1350
4765,1378.477792655498,0.5320770184768672,1350
4766,1378.477792655498,0.5320770184768672,1350
4767,1378.477792655498,0.5320770184768672,1350
4768,1378.477792655498,0.5320770184768672,1350
4769,1378.477792655498,0.5320770184768672,1350
4770,1378.477792655498,0.5320770184768672,1350
4771,1378.477792655498,0.5320770184768672,1350
4772,1378.477792655498,0.5320770184768672,1350
4773,1378.477792655498,0.5320770184768672,1350
4774,1378.477792655498,0.5320770184768672,1350
4775,1378.477792655498,0.5320770184768672,1350
4776,1378.477792655498,0.5320770184768672,1350
4777,1378.477792655498,0.5320770184768672,1350
4778,1378.477792655498,0.5320770184768672,1350
4779,1378.477792655498,0.5320770184768672,1350
4780,1378.477792655498,0.5320770184768672,1350
4781,1378.477792655498,0.5320770184768672,1350
4782,1378.477792655498,0.5320770184768672,1350
4783,1378.477792655498,0.5320770184768672,1350
4784,1378.477792655498,0.5320770184768672,1350
4785,1378.477792655498,0.5320770184768672,1350
4786,1378.477792655498,0.5320770184768672,1350
4787,1378.477792655498,0.5320770184768672,1350
4788,1378.477792655498,0.5320770184768672,1350
4789,1378.477792655498,0.5320770184768672,1350
4790,1378.477792655498,0.5320770184768672,1350
4791,1378.477792655498,0.5320770184768672,1350
4792,1378.477792655498,0.5320770184768672,1350
4793,1378.477792655498,0.5320770184768672,1350
4794,1378.477792655498,0.5320770184768672,1350
4795,1378.477792655498,0.5320770184768672,1350
4796,1378.477792655498,0.5320770184768672,1350
4797,1378.477792655498,0.5320770184768672,1350
4798,1378.477792655498,0.5320770184768672,1350
4799,1378.477792655498,0.5320770184768672,1350
4800,1378.477792655498,0.5320770184768672,1350
4801,1378.477792655498,0.5320770184768672,1350
4802,1378.477792655498,0.5320770184768672,1350
4803,1378.477792655498,0.5320770184768672,1350
4804,1378.477792655498,0.5320770184768672,1350
4805,1378.477792655498,0.5320770184768672,1350
4806,1378.477792655498,0.5320770184768672,1350
4807,1378.477792655498,0.5320770184768672,1350
4808,1378.477792655498,0.5320770184768672,1350
4809,1378.477792655498,0.5320770184768672,1350
4810,1378.477792655498,0.5320770184768672,1350
4811,1378.477792655498,0.5320770184768672,1350
4812,1378.477792655498,0.5320770184768672,1350
4813,1378.477792655498,0.5320770184768672,1350
4814,1378.477792655498,0.5320770184768672,1350
4815,1378.477792655498,0.5320770184768672,1350
4816,1378.477792655498,0.5320770184768672,1350
4817,1378.477792655498,0.5320770184768672,1350
4818,1378.477792655498,0.5320770184768672,1350
4819,1378.477792655498,0.5320770184768672,1350
4820,1378.477792655498,0.5320770184768672,1350
4821,1378.477792655498,0.5320770184768672,1350
4822,1378.477792655498,0.5320770184768672,1350
4823,1378.477792655498,0.5320770184768672,1350
4824,1378.477792655498,0.5320770184768672,1350
4825,1378.477792655498,0.5320770184768672,1350
4826,1378.477792655498,0.5320770184768672,1350
4827,1378.477792655498,0.5320770184768672,1350
4828,1378.477792655498,0.5320770184768672,1350
4829,1378.477792655498,0.5320770184768672,1350
4830,1378.477792655498,0.5320770184768672,1350
4831,1378.477792655498,0.5320770184768672,1350
4832,1378.477792655498,0.5320770184768672,1350
4833,1378.477792655498,0.5320770184768672,1350
4834,1378.477792655498,0.5320770184768672,1350
4835,1378.477792655498,0.5320770184768672,1350
4836,1378.477792655498,0.5320770184768672,1350
4837,1378.477792655498,0.5320770184768672,1350
4838,1378.477792655498,0.5320770184768672,1350
4839,1378.477792655498,0.5320770184768672,1350
4840,1378.477792655498,0.5320770184768672,1350
4841,1378.477792655498,0.5320770184768672,1350
4842,1378.477792655498,0.5320770184768672,1350
4843,1378.477792655498,0.5320770184768672,1350
4844,1378.477792655498,0.5320770184768672,1350
4845,1378.477792655498,0.5320770184768672,1350
4846,1378.477792655498,0.5320770184768672,1350
4847,1378.477792655498,0.5320770184768672,1350
4848,1378.477792655498,0.5320770184768672,1350
4849,1378.477792655498,0.5320770184768672,1350
4850,1378.477792655498,0.5320770184768672,1350
4851,1378.477792655498,0.5320770184768672,1350
4852,1378.477792655498,0.5320770184768672,1350
4853,1378.477792655498,0.5320770184768672,1350
4854,1378.477792655498,0.5320770184768672,1350
4855,1378.477792655498,0.5320770184768672,1350
4856,1378.477792655498,0.5320770184768672,1350
4857,1378.477792655498,0.5320770184768672,1350
4858,1378.477792655498,0.5320770184768672,1350
4859,1378.477792655498,0.5320770184768672,1350
4860,1378.477792655498,0.5320770184768672,1350
4861,1378.477792655498,0.5320770184768672,1350
4862,1378.477792655498,0.5320770184768672,1350
4863,1378.477792655498,0.5320770184768672,1350
4864,1378.477792655498,0.5320770184768672,1350
4865,1378.477792655498,0.5320770184768672,1350
4866,1378.477792655498,0.5320770184768672,1350
4867,1378.477792655498,0.5320770184768672,1350
4868,1378.477792655498,0.5320770184768672,1350
4869,1378.477792655498,0.5320770184768672,1350
4870,1378.477792655498,0.5320770184768672,1350
4871,1378.477792655498,0.5320770184768672,1350
4872,1378.477792655498,0.5320770184768672,1350
4873,1378.477792655498,0.5320770184768672,1350
4874,1378.477792655498,0.5320770184768672,1350
4875,1378.477792655498,0.5320770184768672,1350
4876,1378.477792655498,0.5320770184768672,1350
4877,1378.477792655498,0.5320770184768672,1350
4878,1378.477792655498,0.5320770184768672,1350
4879,1378.477792655498,0.5320770184768672,1350
4880,1378.477792655498,0.5320770184768672,1350
4881,1378.477792655498,0.5320770184768672,1350
4882,1378.477792655498,0.5320770184768672,1350
4883,1378.477792655498,0.5320770184768672,1350
4884,1378.477792655498,0.5320770184768672,1350
4885,1378.477792655498,0.5320770184768672,1350
4886,1378.477792655498,0.5320770184768672,1350
4887,1378.477792655498,0.5320770184768672,1350
4888,1378.477792655498,0.5320770184768672,1350
4889,1378.477792655498,0.5320770184768672,1350
4890,1378.477792655498,0.5320770184768672,1350
4891,1378.477792655498,0.5320770184768672,1350
4892,1378.477792655498,0.5320770184768672,1350
4893,1378.477792655498,0.5320770184768672,1350
4894,1378.477792655498,0.5320770184768672,1350
4895,1378.477792655498,0.5320770184768672,1350
4896,1378.477792655498,0.5320770184768672,1350
4897,1378.477792655498,0.5320770184768672,1350
4898,1378.477792655498,0.5320770184768672,1350
4899,1378.477792655498,0.5320770184768672,1350
4900,1378.477792655498,0.5320770184768672,1350
4901,1378.477792655498,0.5320770184768672,1350
4902,1378.477792655498,0.5320770184768672,1350
4903,1378.477792655498,0.5320770184768672,1350
4904,1378.477792655498,0.5320770184768672,1350
4905,1378.477792655498,0.5320770184768672,1350
4906,1378.477792655498,0.5320770184768672,1350
4907,1378.477792655498,0.5320770184768672,1350
4908,1378.477792655498,0.5320770184768672,1350
4909,1378.477792655498,0.5320770184768672,1350
4910,1378.477792655498,0.5320770184768672,1350
4911,1378.477792655498,0.5320770184768672,1350
4912,1378.477792655498,0.5320770184768672,1350
4913,1378.477792655498,0.5320770184768672,1350
4914,1378.477792655498,0.5320770184768672,1350
4915,1378.477792655498,0.5320770184768672,1350
4916,1378.477792655498,0.5320770184768672,1350
4917,1378.477792655498,0.5320770184768672,1350
4918,1378.477792655498,0.5320770184768672,1350
4919,1378.477792655498,0.5320770184768672,1350
4920,1378.477792655498,0.5320770184768672,1350
4921,1378.477792655498,0.5320770184768672,1350
4922,1378.477792655498,0.5320770184768672,1350
4923,1378.477792655498,0.5320770184768672,1350
4924,1378.477792655498,0.5320770184768672,1350
4925,1378.477792655498,0.5320770184768672,1350
4926,1378.477792655498,0.5320770184768672,1350
4927,1378.477792655498,0.5320770184768672,1350
4928,1378.477792655498,0.5320770184768672,1350
4929,1378.477792655498,0.5320770184768672,1350
4930,1378.477792655498,0.5320770184768672,1350
4931,1378.477792655498,0.5320770184768672,1350
4932,1378.477792655498,0.5320770184768672,1350
4933,1378.477792655498,0.5320770184768672,1350
4934,1378.477792655498,0.5320770184768672,1350
4935,1378.477792655498,0.5320770184768672,1350
4936,1378.477792655498,0.5320770184768672,1350
4937,1378.477792655498,0.5320770184768672,1350
4938,1378.477792655498,0.5320770184768672,1350
4939,1378.477792655498,0.5320770184768672,1350
4940,1378.477792655498,0.5320770184768672,1350
4941,1378.477792655498,0.5320770184768672,1350
4942,1378.477792655498,0.5320770184768672,1350
4943,1378.477792655498,0.5320770184768672,1350
4944,1378.477792655498,0.5320770184768672,1350
4945,1378.477792655498,0.5320770184768672,1350
4946,1378.477792655498,0.5320770184768672,1350
4947,1378.477792655498,0.5320770184768672,1350
4948,1378.477792655498,0.5320770184768672,1350
4949,1378.477792655498,0.5320770184768672,1350
4950,1378.477792655498,0.5320770184768672,1350
4951,1378.477792655498,0.5320770184768672,1350
4952,1378.477792655498,0.5320770184768672,1350
4953,1378.477792655498,0.5320770184768672,1350
4954,1378.477792655498,0.5320770184768672,1350
4955,1378.477792655498,0.5320770184768672,1350
4956,1378.477792655498,0.5320770184768672,1350
4957,1378.477792655498,0.5320770184768672,1350
4958,1378.477792655498,0.5320770184768672,1350
4959,1378.477792655498,0.5320770184768672,1350
4960,1378.477792655498,0.5320770184768672,1350
4961,1378.477792655498,0.5320770184768672,1350
4962,1378.477792655498,0.5320770184768672,1350
4963,1378.477792655498,0.5320770184768672,1350
4964,1378.477792655498,0.5320770184768672,1350
4965,1378.477792655498,0.5320770184768672,1350
4966,1378.477792655498,0.5320770184768672,1350
4967,1378.477792655498,0.5320770184768672,1350
4968,1378.477792655498,0.5320770184768672,1350
4969,1378.477792655498,0.5320770184768672,1350
4970,1378.477792655498,0.5320770184768672,1350
4971,1378.477792655498,0.5320770184768672,1350
4972,1378.477792655498,0.5320770184768672,1350
4973,1378.477792655498,0.5320770184768672,1350
4974,1378.477792655498,0.5320770184768672,1350
4975,1378.477792655498,0.5320770184768672,1350
4976,1378.477792655498,0.5320770184768672,1350
4977,1378.477792655498,0.5320770184768672,1350
4978,1378.477792655498,0.5320770184768672,1350
4979,1378.477792655498,0.5320770184768672,1350
4980,1378.477792655498,0.5320770184768672,1350
4981,1378.477792655498,0.5320770184768672,1350
4982,1378.477792655498,0.5320770184768672,1350
4983,1378.477792655498,0.5320770184768672,1350
4984,1378.477792655498,0.5320770184768672,1350
4985,1378.477792655498,0.5320770184768672,1350
4986,1378.477792655498,0.5320770184768672,1350
4987,1378.477792655498,0.5320770184768672,1350
4988,1378.477792655498,0.5320770184768672,1350
4989,1378.477792655498,0.5320770184768672,1350
4990,1378.477792655498,0.5320770184768672,1350
4991,1378.477792655498,0.5320770184768672,1350
4992,1378.477792655498,0.5320770184768672,1350
4993,1378.477792655498,0.5320770184768672,1350
4994,1378.477792655498,0.5320770184768672,1350
4995,1378.477792655498,0.5320770184768672,1350
4996,1378.477792655498,0.5320770184768672,1350
4997,1378.477792655498,0.5320770184768672,1350
4998,1378.477792655498,0.5320770184768672,1350
4999,1378.477792655498,0.5320770184768672,1350
5000,1378.477792655498,0.5320770184768672,1350
5001,1378.477792655498,0.5320770184768672,1350
5002,1378.477792655498,0.5320770184768672,1350
5003,1378.477792655498,0.5320770184768672,1350
5004,1378.477792655498,0.5320770184768672,1350
5005,1378.477792655498,0.5320770184768672,1350
5006,1378.477792655498,0.5320770184768672,1350
5007,1378.477792655498,0.5320770184768672,1350
5008,1378.477792655498,0.5320770184768672,1350
5009,1378.477792655498,0.5320770184768672,1350
5010,1378.477792655498,0.5320770184768672,1350
5011,1378.477792655498,0.5320770184768672,1350
5012,1378.477792655498,0.5320770184768672,1350
5013,1378.477792655498,0.5320770184768672,1350
5014,1378.477792655498,0.5320770184768672,1350
5015,1378.477792655498,0.5320770184768672,1350
5016,1378.477792655498,0.5320770184768672,1350
5017,1378.477792655498,0.5320770184768672,1350
5018,1378.477792655498,0.5320770184768672,1350
5019,1378.477792655498,0.5320770184768672,1350
5020,1378.477792655498,0.5320770184768672,1350
5021,1378.477792655498,0.5320770184768672,1350
5022,1378.477792655498,0.5320770184768672,1350
5023,1378.477792655498,0.5320770184768672,1350
5024,1378.477792655498,0.5320770184768672,1350
5025,1378.477792655498,0.5320770184768672,1350
5026,1378.477792655498,0.5320770184768672,1350
5027,1378.477792655498,0.5320770184768672,1350
5028,1378.477792655498,0.5320770184768672,1350
5029,1378.477792655498,0.5320770184768672,1350
5030,1378.477792655498,0.5320770184768672,1350
5031,1378.477792655498,0.5320770184768672,1350
5032,1378.477792655498,0.5320770184768672,1350
5033,1378.477792655498,0.5320770184768672,1350
5034,1378.477792655498,0.5320770184768672,1350
5035,1378.477792655498,0.5320770184768672,1350
5036,1378.477792655498,0.5320770184768672,1350
5037,1378.477792655498,0.5320770184768672,1350
5038,1378.477792655498,0.5320770184768672,1350
5039,1378.477792655498,0.5320770184768672,1350
5040,1378.477792655498,0.5320770184768672,1350
5041,1378.477792655498,0.5320770184768672,1350
5042,1378.477792655498,0.5320770184768672,1350
5043,1378.477792655498,0.5320770184768672,1350
5044,1378.477792655498,0.5320770184768672,1350
5045,1378.477792655498,0.5320770184768672,1350
5046,1378.477792655498,0.5320770184768672,1350
5047,1378.477792655498,0.5320770184768672,1350
5048,1378.477792655498,0.5320770184768672,1350
5049,1378.477792655498,0.5320770184768672,1350
5050,1378.477792655498,0.5320770184768672,1350
5051,1378.477792655498,0.5320770184768672,1350
5052,1378.477792655498,0.5320770184768672,1350
5053,1378.477792655498,0.5320770184768672,1350
5054,1378.477792655498,0.5320770184768672,1350
5055,1378.477792655498,0.5320770184768672,1350
5056,1378.477792655498,0.5320770184768672,1350
5057,1378.477792655498,0.5320770184768672,1350
5058,1378.477792655498,0.5320770184768672,1350
5059,1378.477792655498,0.5320770184768672,1350
5060,1378.477792655498,0.5320770184768672,1350
5061,1378.477792655498,0.5320770184768672,1350
5062,1378.477792655498,0.5320770184768672,1350
5063,1378.477792655498,0.5320770184768672,1350
5064,1378.477792655498,0.5320770184768672,1350
5065,1378.477792655498,0.5320770184768672,1350
5066,1378.477792655498,0.5320770184768672,1350
5067,1378.477792655498,0.5320770184768672,1350
5068,1378.477792655498,0.5320770184768672,1350
5069,1378.477792655498,0.5320770184768672,1350
5070,1378.477792655498,0.5320770184768672,1350
5071,1378.477792655498,0.5320770184768672,1350
5072,1378.477792655498,0.5320770184768672,1350
5073,1378.477792655498,0.5320770184768672,1350
5074,1378.477792655498,0.5320770184768672,1350
5075,1378.477792655498,0.5320770184768672,1350
5076,1378.477792655498,0.5320770184768672,1350
5077,1378.477792655498,0.5320770184768672,1350
5078,1378.477792655498,0.5320770184768672,1350
5079,1378.477792655498,0.5320770184768672,1350
5080,1378.477792655498,0.5320770184768672,1350
5081,1378.477792655498,0.5320770184768672,1350
5082,1378.477792655498,0.5320770184768672,1350
5083,1378.477792655498,0.5320770184768672,1350
5084,1378.477792655498,0.5320770184768672,1350
5085,1378.477792655498,0.5320770184768672,1350
5086,1378.477792655498,0.5320770184768672,1350
5087,1378.477792655498,0.5320770184768672,1350
5088,1378.477792655498,0.5320770184768672,1350
5089,1378.477792655498,0.5320770184768672,1350
5090,1378.477792655498,0.5320770184768672,1350
5091,1378.477792655498,0.5320770184768672,1350
5092,1378.477792655498,0.5320770184768672,1350
5093,1378.477792655498,0.5320770184768672,1350
5094,1378.477792655498,0.5320770184768672,1350
5095,1378.477792655498,0.5320770184768672,1350
5096,1378.477792655498,0.5320770184768672,1350
5097,1378.477792655498,0.5320770184768672,1350
5098,1378.477792655498,0.5320770184768672,1350
5099,1378.477792655498,0.5320770184768672,1350
5100,1378.477792655498,0.5320770184768672,1350
5101,1378.477792655498,0.5320770184768672,1350
5102,1378.477792655498,0.5320770184768672,1350
5103,1378.477792655498,0.5320770184768672,1350
5104,1378.477792655498,0.5320770184768672,1350
5105,1378.477792655498,0.5320770184768672,1350
5106,1378.477792655498,0.5320770184768672,1350
5107,1378.477792655498,0.5320770184768672,1350
5108,1378.477792655498,0.5320770184768672,1350
5109,1378.477792655498,0.5320770184768672,1350
5110,1378.477792655498,0.5320770184768672,1350
5111,1378.477792655498,0.5320770184768672,1350
5112,1378.477792655498,0.5320770184768672,1350
5113,1378.477792655498,0.5320770184768672,1350
5114,1378.477792655498,0.5320770184768672,1350
5115,1378.477792655498,0.5320770184768672,1350
5116,1378.477792655498,0.5320770184768672,1350
5117,1378.477792655498,0.5320770184768672,1350
5118,1378.477792655498,0.5320770184768672,1350
5119,1378.477792655498,0.5320770184768672,1350
5120,1378.477792655498,0.5320770184768672,1350
5121,1378.477792655498,0.5320770184768672,1350
5122,1378.477792655498,0.5320770184768672,1350
5123,1378.477792655498,0.5320770184768672,1350
5124,1378.477792655498,0.5320770184768672,1350
5125,1378.477792655498,0.5320770184768672,1350
5126,1378.477792655498,0.5320770184768672,1350
5127,1378.477792655498,0.5320770184768672,1350
5128,1378.477792655498,0.5320770184768672,1350
5129,1378.477792655498,0.5320770184768672,1350
5130,1378.477792655498,0.5320770184768672,1350
5131,1378.477792655498,0.5320770184768672,1350
5132,1378.477792655498,0.5320770184768672,1350
5133,1378.477792655498,0.5320770184768672,1350
5134,1378.477792655498,0.5320770184768672,1350
5135,1378.477792655498,0.5320770184768672,1350
5136,1378.477792655498,0.5320770184768672,1350
5137,1378.477792655498,0.5320770184768672,1350
5138,1378.477792655498,0.5320770184768672,1350
5139,1378.477792655498,0.5320770184768672,1350
5140,1378.477792655498,0.5320770184768672,1350
5141,1378.477792655498,0.5320770184768672,1350
5142,1378.477792655498,0.5320770184768672,1350
5143,1378.477792655498,0.5320770184768672,1350
5144,1378.477792655498,0.5320770184768672,1350
5145,1378.477792655498,0.5320770184768672,1350
5146,1378.477792655498,0.5320770184768672,1350
5147,1378.477792655498,0.5320770184768672,1350
5148,1378.477792655498,0.5320770184768672,1350
5149,1378.477792655498,0.5320770184768672,1350
5150,1378.477792655498,0.5320770184768672,1350
5151,1378.477792655498,0.5320770184768672,1350
5152,1378.477792655498,0.5320770184768672,1350
5153,1378.477792655498,0.5320770184768672,1350
5154,1378.477792655498,0.5320770184768672,1350
5155,1378.477792655498,0.5320770184768672,1350
5156,1378.477792655498,0.5320770184768672,1350
5157,1378.477792655498,0.5320770184768672,1350
5158,1378.477792655498,0.5320770184768672,1350
5159,1378.477792655498,0.5320770184768672,1350
5160,1378.477792655498,0.5320770184768672,1350
5161,1378.477792655498,0.5320770184768672,1350
5162,1378.477792655498,0.5320770184768672,1350
5163,1378.477792655498,0.5320770184768672,1350
5164,1378.477792655498,0.5320770184768672,1350
5165,1378.477792655498,0.5320770184768672,1350
5166,1378.477792655498,0.5320770184768672,1350
5167,1378.477792655498,0.5320770184768672,1350
5168,1378.477792655498,0.5320770184768672,1350
5169,1378.477792655498,0.5320770184768672,1350
5170,1378.477792655498,0.5320770184768672,1350
5171,1378.477792655498,0.5320770184768672,1350
5172,1378.477792655498,0.5320770184768672,1350
5173,1378.477792655498,0.5320770184768672,1350
5174,1378.477792655498,0.5320770184768672,1350
5175,1378.477792655498,0.5320770184768672,1350
5176,1378.477792655498,0.5320770184768672,1350
5177,1378.477792655498,0.5320770184768672,1350
5178,1378.477792655498,0.5320770184768672,1350
5179,1378.477792655498,0.5320770184768672,1350
5180,1378.477792655498,0.5320770184768672,1350
5181,1378.477792655498,0.5320770184768672,1350
5182,1378.477792655498,0.5320770184768672,1350
5183,1378.477792655498,0.5320770184768672,1350
5184,1378.477792655498,0.5320770184768672,1350
5185,1378.477792655498,0.5320770184768672,1350
5186,1378.477792655498,0.5320770184768672,1350
5187,1378.477792655498,0.5320770184768672,1350
5188,1378.477792655498,0.5320770184768672,1350
5189,1378.477792655498,0.5320770184768672,1350
5190,1378.477792655498,0.5320770184768672,1350
5191,1378.477792655498,0.5320770184768672,1350
5192,1378.477792655498,0.5320770184768672,1350
5193,1378.477792655498,0.5320770184768672,1350
5194,1378.477792655498,0.5320770184768672,1350
5195,1378.477792655498,0.5320770184768672,1350
5196,1378.477792655498,0.5320770184768672,1350
5197,1378.477792655498,0.5320770184768672,1350
5198,1378.477792655498,0.5320770184768672,1350
5199,1378.477792655498,0.5320770184768672,1350
5200,1378.477792655498,0.5320770184768672,1350
5201,1378.477792655498,0.5320770184768672,1350
5202,1378.477792655498,0.5320770184768672,1350
