Iteration,Objective,Fairness,Duration
0,1686.4192680032406,0.525014852545419,1679
1,1694.2347528132827,0.5368276047834388,1687
2,1660.2225095179574,0.5376114265072017,1653
3,1663.1932245522341,0.5394862642615845,1656
4,1656.1188946540647,0.5442449005080178,1649
5,1656.1188946540647,0.5442449005080178,1649
6,1660.0795713360096,0.5467623984628912,1653
7,1637.3769915291268,0.5277214129880365,1630
8,1637.3769915291268,0.5277214129880365,1630
9,1637.3769915291268,0.5277214129880365,1630
10,1637.3769915291268,0.5277214129880365,1630
11,1628.3745241666381,0.52787937473507,1621
12,1628.3745241666381,0.52787937473507,1621
13,1628.3745241666381,0.52787937473507,1621
14,1628.3745241666381,0.52787937473507,1621
15,1628.3745241666381,0.52787937473507,1621
16,1628.3745241666381,0.52787937473507,1621
17,1628.3745241666381,0.52787937473507,1621
18,1628.3745241666381,0.52787937473507,1621
19,1628.3745241666381,0.52787937473507,1621
20,1628.3745241666381,0.52787937473507,1621
21,1628.3745241666381,0.52787937473507,1621
22,1628.3745241666381,0.52787937473507,1621
23,1628.3745241666381,0.52787937473507,1621
24,1628.3745241666381,0.52787937473507,1621
25,1628.3745241666381,0.52787937473507,1621
26,1628.3745241666381,0.52787937473507,1621
27,1628.3745241666381,0.52787937473507,1621
28,1628.3745241666381,0.52787937473507,1621
29,1628.3745241666381,0.52787937473507,1621
30,1605.3680891506804,0.5282913475876885,1598
31,1605.3680891506804,0.5282913475876885,1598
32,1605.3680891506804,0.5282913475876885,1598
33,1619.372028546347,0.5280391455603602,1612
34,1619.372028546347,0.5280391455603602,1612
35,1619.372028546347,0.5280391455603602,1612
36,1619.372028546347,0.5280391455603602,1612
37,1619.372028546347,0.5280391455603602,1612
38,1614.3706297013584,0.5281287002971485,1607
39,1613.4010666096538,0.526180114618839,1606
40,1613.4010666096538,0.526180114618839,1606
41,1633.077388216974,0.5469021628057645,1626
42,1601.3979111742747,0.5263821271271064,1594
43,1601.3979111742747,0.5263821271271064,1594
44,1601.3979111742747,0.5263821271271064,1594
45,1601.3979111742747,0.5263821271271064,1594
46,1601.3979111742747,0.5263821271271064,1594
47,1601.3979111742747,0.5263821271271064,1594
48,1601.3979111742747,0.5263821271271064,1594
49,1601.3979111742747,0.5263821271271064,1594
50,1601.3979111742747,0.5263821271271064,1594
51,1601.3979111742747,0.5263821271271064,1594
52,1601.3979111742747,0.5263821271271064,1594
53,1601.3979111742747,0.5263821271271064,1594
54,1601.3979111742747,0.5263821271271064,1594
55,1601.3979111742747,0.5263821271271064,1594
56,1601.3979111742747,0.5263821271271064,1594
57,1601.3979111742747,0.5263821271271064,1594
58,1601.3979111742747,0.5263821271271064,1594
59,1546.3828033272698,0.5273493388431593,1539
60,1546.3828033272698,0.5273493388431593,1539
61,1538.380513115379,0.5274959593227235,1531
62,1538.380513115379,0.5274959593227235,1531
63,1538.380513115379,0.5274959593227235,1531
64,1531.3784889571416,0.5276255469179498,1524
65,1531.3784889571416,0.5276255469179498,1524
66,1531.3784889571416,0.5276255469179498,1524
67,1531.3784889571416,0.5276255469179498,1524
68,1531.3784889571416,0.5276255469179498,1524
69,1531.3784889571416,0.5276255469179498,1524
70,1526.377031418031,0.5277188592809783,1519
71,1546.3828033272698,0.5273493388431593,1539
72,1546.3828033272698,0.5273493388431593,1539
73,1538.380513115379,0.5274959593227235,1531
74,1538.380513115379,0.5274959593227235,1531
75,1538.380513115379,0.5274959593227235,1531
76,1538.380513115379,0.5274959593227235,1531
77,1538.380513115379,0.5274959593227235,1531
78,1538.380513115379,0.5274959593227235,1531
79,1538.380513115379,0.5274959593227235,1531
80,1538.380513115379,0.5274959593227235,1531
81,1559.3864733136613,0.527114384528725,1552
82,1571.3898055066109,0.5269010559148031,1564
83,1571.3898055066109,0.5269010559148031,1564
84,1571.3898055066109,0.5269010559148031,1564
85,1571.3898055066109,0.5269010559148031,1564
86,1577.3914520316544,0.5267956445803886,1570
87,1570.3895298263928,0.526918705096488,1563
88,1583.203415889655,0.5388338098812463,1576
89,1583.203415889655,0.5388338098812463,1576
90,1592.1963924695983,0.5392834526505598,1585
91,1592.1963924695983,0.5392834526505598,1585
92,1592.1963924695983,0.5392834526505598,1585
93,1592.1963924695983,0.5392834526505598,1585
94,1586.193976276536,0.5394381385060154,1579
95,1586.193976276536,0.5394381385060154,1579
96,1586.193976276536,0.5394381385060154,1579
97,1586.193976276536,0.5394381385060154,1579
98,1542.1756598102536,0.5406107675893953,1535
99,1542.1756598102536,0.5406107675893953,1535
100,1542.1756598102536,0.5406107675893953,1535
101,1542.1756598102536,0.5406107675893953,1535
102,1542.1756598102536,0.5406107675893953,1535
103,1542.1756598102536,0.5406107675893953,1535
104,1542.1756598102536,0.5406107675893953,1535
105,1538.173940610148,0.5407208316166392,1531
106,1545.1769431338103,0.540528608590895,1538
107,1545.1769431338103,0.540528608590895,1538
108,1545.1769431338103,0.540528608590895,1538
109,1545.1769431338103,0.540528608590895,1538
110,1549.1786461895956,0.5404195781308809,1542
111,1549.1786461895956,0.5404195781308809,1542
112,1549.1786461895956,0.5404195781308809,1542
113,1549.1786461895956,0.5404195781308809,1542
114,1549.1786461895956,0.5404195781308809,1542
115,1549.1786461895956,0.5404195781308809,1542
116,1549.1786461895956,0.5404195781308809,1542
117,1554.18076218784,0.5402841108937321,1547
118,1554.18076218784,0.5402841108937321,1547
119,1554.18076218784,0.5402841108937321,1547
120,1554.18076218784,0.5402841108937321,1547
121,1544.1765159356723,0.5405559580235308,1537
122,1544.1765159356723,0.5405559580235308,1537
123,1544.1765159356723,0.5405559580235308,1537
124,1543.1760881615414,0.5405833443315297,1536
125,1544.1765159356723,0.5405559580235308,1537
126,1544.1765159356723,0.5405559580235308,1537
127,1544.1765159356723,0.5405559580235308,1537
128,1529.170038186978,0.5409706666467387,1522
129,1530.1704741486467,0.5409427561685827,1523
130,1530.1704741486467,0.5409427561685827,1523
131,1530.1704741486467,0.5409427561685827,1523
132,1530.1704741486467,0.5409427561685827,1523
133,1530.1704741486467,0.5409427561685827,1523
134,1530.1704741486467,0.5409427561685827,1523
135,1530.1704741486467,0.5409427561685827,1523
136,1530.1704741486467,0.5409427561685827,1523
137,1530.1704741486467,0.5409427561685827,1523
138,1530.1704741486467,0.5409427561685827,1523
139,1530.1704741486467,0.5409427561685827,1523
140,1530.1704741486467,0.5409427561685827,1523
141,1530.1704741486467,0.5409427561685827,1523
142,1530.1704741486467,0.5409427561685827,1523
143,1530.1704741486467,0.5409427561685827,1523
144,1530.1704741486467,0.5409427561685827,1523
145,1530.1704741486467,0.5409427561685827,1523
146,1530.1704741486467,0.5409427561685827,1523
147,1530.1704741486467,0.5409427561685827,1523
148,1530.1704741486467,0.5409427561685827,1523
149,1530.1704741486467,0.5409427561685827,1523
150,1530.1704741486467,0.5409427561685827,1523
151,1530.1704741486467,0.5409427561685827,1523
152,1530.1704741486467,0.5409427561685827,1523
153,1530.1704741486467,0.5409427561685827,1523
154,1530.1704741486467,0.5409427561685827,1523
155,1530.1704741486467,0.5409427561685827,1523
156,1530.1704741486467,0.5409427561685827,1523
157,1530.1704741486467,0.5409427561685827,1523
158,1530.1704741486467,0.5409427561685827,1523
159,1530.1704741486467,0.5409427561685827,1523
160,1530.1704741486467,0.5409427561685827,1523
161,1551.1794942915585,0.5403652822305717,1544
162,1545.1769431338103,0.540528608590895,1538
163,1545.1769431338103,0.540528608590895,1538
164,1545.1769431338103,0.540528608590895,1538
165,1545.1769431338103,0.540528608590895,1538
166,1545.1769431338103,0.540528608590895,1538
167,1545.1769431338103,0.540528608590895,1538
168,1545.1769431338103,0.540528608590895,1538
169,1545.1769431338103,0.540528608590895,1538
170,1545.1769431338103,0.540528608590895,1538
171,1545.1769431338103,0.540528608590895,1538
172,1545.1769431338103,0.540528608590895,1538
173,1532.1713442954658,0.5408870489458444,1525
174,1532.1713442954658,0.5408870489458444,1525
175,1532.1713442954658,0.5408870489458444,1525
176,1532.1713442954658,0.5408870489458444,1525
177,1532.1713442954658,0.5408870489458444,1525
178,1532.1713442954658,0.5408870489458444,1525
179,1532.1713442954658,0.5408870489458444,1525
180,1535.0840678880118,0.5464745270158935,1528
181,1535.0840678880118,0.5464745270158935,1528
182,1526.1798099510042,0.5403450735592701,1519
183,1526.1798099510042,0.5403450735592701,1519
184,1526.1798099510042,0.5403450735592701,1519
185,1526.1798099510042,0.5403450735592701,1519
186,1518.176349244833,0.5405666296521663,1511
187,1518.176349244833,0.5405666296521663,1511
188,1518.176349244833,0.5405666296521663,1511
189,1518.176349244833,0.5405666296521663,1511
190,1518.176349244833,0.5405666296521663,1511
191,1507.1715283452295,0.5408752659904363,1500
192,1507.1715283452295,0.5408752659904363,1500
193,1509.172410311977,0.5408188020501216,1502
194,1509.172410311977,0.5408188020501216,1502
195,1509.172410311977,0.5408188020501216,1502
196,1509.172410311977,0.5408188020501216,1502
197,1509.172410311977,0.5408188020501216,1502
198,1509.172410311977,0.5408188020501216,1502
199,1509.172410311977,0.5408188020501216,1502
200,1509.172410311977,0.5408188020501216,1502
201,1514.1746046229262,0.5406783211955137,1507
202,1514.1746046229262,0.5406783211955137,1507
203,1514.1746046229262,0.5406783211955137,1507
204,1514.1746046229262,0.5406783211955137,1507
205,1514.1746046229262,0.5406783211955137,1507
206,1514.1746046229262,0.5406783211955137,1507
207,1514.1746046229262,0.5406783211955137,1507
208,1514.1746046229262,0.5406783211955137,1507
209,1514.1746046229262,0.5406783211955137,1507
210,1514.1746046229262,0.5406783211955137,1507
211,1514.1746046229262,0.5406783211955137,1507
212,1514.1746046229262,0.5406783211955137,1507
213,1514.1746046229262,0.5406783211955137,1507
214,1514.1746046229262,0.5406783211955137,1507
215,1514.1746046229262,0.5406783211955137,1507
216,1514.1746046229262,0.5406783211955137,1507
217,1514.1746046229262,0.5406783211955137,1507
218,1514.1746046229262,0.5406783211955137,1507
219,1514.1746046229262,0.5406783211955137,1507
220,1514.1746046229262,0.5406783211955137,1507
221,1509.161192627429,0.5415369636729199,1502
222,1509.161192627429,0.5415369636729199,1502
223,1509.161192627429,0.5415369636729199,1502
224,1509.161192627429,0.5415369636729199,1502
225,1509.161192627429,0.5415369636729199,1502
226,1522.1669697612733,0.5411671087533156,1515
227,1511.339687429694,0.5301096395842395,1504
228,1504.33742578479,0.5302544311914232,1497
229,1504.33742578479,0.5302544311914232,1497
230,1504.33742578479,0.5302544311914232,1497
231,1504.33742578479,0.5302544311914232,1497
232,1504.33742578479,0.5302544311914232,1497
233,1520.3425636731752,0.5299255010771347,1513
234,1520.3425636731752,0.5299255010771347,1513
235,1520.3425636731752,0.5299255010771347,1513
236,1520.3425636731752,0.5299255010771347,1513
237,1520.3425636731752,0.5299255010771347,1513
238,1518.3419275495874,0.5299662260187323,1511
239,1529.3454049816596,0.529743599125511,1522
240,1529.3454049816596,0.529743599125511,1522
241,1527.3447765662377,0.5297838305865779,1520
242,1527.3447765662377,0.5297838305865779,1520
243,1527.3447765662377,0.5297838305865779,1520
244,1527.3447765662377,0.5297838305865779,1520
245,1525.3441464500333,0.5298241709325617,1518
246,1525.3441464500333,0.5298241709325617,1518
247,1525.3441464500333,0.5298241709325617,1518
248,1525.3441464500333,0.5298241709325617,1518
249,1525.3441464500333,0.5298241709325617,1518
250,1525.3441464500333,0.5298241709325617,1518
251,1525.3441464500333,0.5298241709325617,1518
252,1525.3441464500333,0.5298241709325617,1518
253,1525.3441464500333,0.5298241709325617,1518
254,1525.3441464500333,0.5298241709325617,1518
255,1525.3441464500333,0.5298241709325617,1518
256,1525.3441464500333,0.5298241709325617,1518
257,1553.037789337112,0.5494373023615922,1546
258,1555.939617859444,0.5557222881277813,1549
259,1555.939617859444,0.5557222881277813,1549
260,1478.3625216934977,0.5286477789054037,1471
261,1478.3625216934977,0.5286477789054037,1471
262,1478.3625216934977,0.5286477789054037,1471
263,1478.3625216934977,0.5286477789054037,1471
264,1478.3625216934977,0.5286477789054037,1471
265,1478.3625216934977,0.5286477789054037,1471
266,1478.3625216934977,0.5286477789054037,1471
267,1478.3625216934977,0.5286477789054037,1471
268,1478.3625216934977,0.5286477789054037,1471
269,1478.3625216934977,0.5286477789054037,1471
270,1496.368075300767,0.5282922342658759,1489
271,1496.368075300767,0.5282922342658759,1489
272,1496.368075300767,0.5282922342658759,1489
273,1496.368075300767,0.5282922342658759,1489
274,1496.368075300767,0.5282922342658759,1489
275,1486.3650070861672,0.528488662857419,1479
276,1486.3650070861672,0.528488662857419,1479
277,1486.3650070861672,0.528488662857419,1479
278,1486.3650070861672,0.528488662857419,1479
279,1486.3650070861672,0.528488662857419,1479
280,1486.3650070861672,0.528488662857419,1479
281,1486.3650070861672,0.528488662857419,1479
282,1486.3650070861672,0.528488662857419,1479
283,1486.3650070861672,0.528488662857419,1479
284,1486.3650070861672,0.528488662857419,1479
285,1511.3725991643519,0.5280026143180598,1504
286,1510.1279305236071,0.5436664197434598,1503
287,1510.1279305236071,0.5436664197434598,1503
288,1522.9879010626264,0.5526311739675749,1516
289,1527.9907299738609,0.5524500656939222,1521
290,1527.9907299738609,0.5524500656939222,1521
291,1477.3622090675738,0.5286677933691568,1470
292,1477.3622090675738,0.5286677933691568,1470
293,1477.3622090675738,0.5286677933691568,1470
294,1492.1534797035727,0.5420307488109722,1485
295,1492.1534797035727,0.5420307488109722,1485
296,1539.6907298824767,0.5716562175110885,1533
297,1539.6907298824767,0.5716562175110885,1533
298,1534.535373136708,0.5816022319649262,1528
299,1510.7965685882784,0.5648803720692356,1504
300,1502.976387891064,0.5533682528128115,1496
301,1472.3268038820945,0.5309344505701381,1465
302,1472.3268038820945,0.5309344505701381,1465
303,1472.3268038820945,0.5309344505701381,1465
304,1463.3237299767497,0.5311312434859297,1456
305,1463.3237299767497,0.5311312434859297,1456
306,1463.3237299767497,0.5311312434859297,1456
307,1457.3216589076458,0.5312638343376599,1450
308,1469.325783570002,0.5309997714467422,1462
309,1469.325783570002,0.5309997714467422,1462
310,1469.325783570002,0.5309997714467422,1462
311,1454.3206167498586,0.5313305537862658,1447
312,1454.3206167498586,0.5313305537862658,1447
313,1450.3192202740288,0.531419956848347,1443
314,1450.3192202740288,0.531419956848347,1443
315,1450.3192202740288,0.531419956848347,1443
316,1450.3192202740288,0.531419956848347,1443
317,1451.3195701388831,0.5313975583301392,1444
318,1450.3192202740288,0.531419956848347,1443
319,1447.3181676809763,0.5314873443677105,1440
320,1430.312116741272,0.531874728471714,1423
321,1430.312116741272,0.531874728471714,1423
322,1430.312116741272,0.531874728471714,1423
323,1443.3167571870488,0.531577644875232,1436
324,1443.3167571870488,0.531577644875232,1436
325,1441.3160489049842,0.531622989437632,1434
326,1429.3117561683905,0.5318978125230164,1422
327,1429.3117561683905,0.5318978125230164,1422
328,1429.3117561683905,0.5318978125230164,1422
329,1429.3117561683905,0.5318978125230164,1422
330,1429.3117561683905,0.5318978125230164,1422
331,1429.3117561683905,0.5318978125230164,1422
332,1429.3117561683905,0.5318978125230164,1422
333,1429.3117561683905,0.5318978125230164,1422
334,1429.3117561683905,0.5318978125230164,1422
335,1429.3117561683905,0.5318978125230164,1422
336,1429.3117561683905,0.5318978125230164,1422
337,1429.3117561683905,0.5318978125230164,1422
338,1429.3117561683905,0.5318978125230164,1422
339,1429.3117561683905,0.5318978125230164,1422
340,1429.3117561683905,0.5318978125230164,1422
341,1429.3117561683905,0.5318978125230164,1422
342,1429.3117561683905,0.5318978125230164,1422
343,1429.3117561683905,0.5318978125230164,1422
344,1429.3117561683905,0.5318978125230164,1422
345,1429.3117561683905,0.5318978125230164,1422
346,1429.3117561683905,0.5318978125230164,1422
347,1429.3117561683905,0.5318978125230164,1422
348,1429.3117561683905,0.5318978125230164,1422
349,1429.3117561683905,0.5318978125230164,1422
350,1429.3117561683905,0.5318978125230164,1422
351,1429.3117561683905,0.5318978125230164,1422
352,1423.3446537505033,0.5297916933096444,1416
353,1423.3446537505033,0.5297916933096444,1416
354,1423.3446537505033,0.5297916933096444,1416
355,1423.3446537505033,0.5297916933096444,1416
356,1423.3446537505033,0.5297916933096444,1416
357,1423.3446537505033,0.5297916933096444,1416
358,1423.3446537505033,0.5297916933096444,1416
359,1423.3446537505033,0.5297916933096444,1416
360,1423.3446537505033,0.5297916933096444,1416
361,1423.3446537505033,0.5297916933096444,1416
362,1423.3446537505033,0.5297916933096444,1416
363,1423.3446537505033,0.5297916933096444,1416
364,1423.3446537505033,0.5297916933096444,1416
365,1423.3446537505033,0.5297916933096444,1416
366,1423.3446537505033,0.5297916933096444,1416
367,1423.3446537505033,0.5297916933096444,1416
368,1423.3446537505033,0.5297916933096444,1416
369,1423.3446537505033,0.5297916933096444,1416
370,1423.3446537505033,0.5297916933096444,1416
371,1423.3446537505033,0.5297916933096444,1416
372,1423.3446537505033,0.5297916933096444,1416
373,1423.3446537505033,0.5297916933096444,1416
374,1423.3446537505033,0.5297916933096444,1416
375,1423.3446537505033,0.5297916933096444,1416
376,1423.3446537505033,0.5297916933096444,1416
377,1423.3446537505033,0.5297916933096444,1416
378,1423.3446537505033,0.5297916933096444,1416
379,1423.3446537505033,0.5297916933096444,1416
380,1423.3446537505033,0.5297916933096444,1416
381,1423.3446537505033,0.5297916933096444,1416
382,1423.3446537505033,0.5297916933096444,1416
383,1423.3446537505033,0.5297916933096444,1416
384,1423.3446537505033,0.5297916933096444,1416
385,1423.3446537505033,0.5297916933096444,1416
386,1423.3446537505033,0.5297916933096444,1416
387,1423.3446537505033,0.5297916933096444,1416
388,1423.3446537505033,0.5297916933096444,1416
389,1426.345665046973,0.5297269496176137,1419
390,1426.345665046973,0.5297269496176137,1419
391,1426.345665046973,0.5297269496176137,1419
392,1426.345665046973,0.5297269496176137,1419
393,1426.345665046973,0.5297269496176137,1419
394,1426.345665046973,0.5297269496176137,1419
395,1426.345665046973,0.5297269496176137,1419
396,1426.345665046973,0.5297269496176137,1419
397,1426.345665046973,0.5297269496176137,1419
398,1426.345665046973,0.5297269496176137,1419
399,1426.345665046973,0.5297269496176137,1419
400,1426.345665046973,0.5297269496176137,1419
401,1426.345665046973,0.5297269496176137,1419
402,1426.345665046973,0.5297269496176137,1419
403,1426.345665046973,0.5297269496176137,1419
404,1426.345665046973,0.5297269496176137,1419
405,1426.345665046973,0.5297269496176137,1419
406,1426.345665046973,0.5297269496176137,1419
407,1426.345665046973,0.5297269496176137,1419
408,1426.345665046973,0.5297269496176137,1419
409,1426.345665046973,0.5297269496176137,1419
410,1426.345665046973,0.5297269496176137,1419
411,1426.345665046973,0.5297269496176137,1419
412,1426.345665046973,0.5297269496176137,1419
413,1426.345665046973,0.5297269496176137,1419
414,1426.345665046973,0.5297269496176137,1419
415,1426.345665046973,0.5297269496176137,1419
416,1426.345665046973,0.5297269496176137,1419
417,1426.345665046973,0.5297269496176137,1419
418,1426.345665046973,0.5297269496176137,1419
419,1426.345665046973,0.5297269496176137,1419
420,1426.345665046973,0.5297269496176137,1419
421,1426.345665046973,0.5297269496176137,1419
422,1426.345665046973,0.5297269496176137,1419
423,1453.0410741641222,0.5492270061381407,1446
424,1457.0432889433955,0.5490852148914522,1450
425,1457.0432889433955,0.5490852148914522,1450
426,1457.0432889433955,0.5490852148914522,1450
427,1457.0432889433955,0.5490852148914522,1450
428,1457.0432889433955,0.5490852148914522,1450
429,1457.0432889433955,0.5490852148914522,1450
430,1457.0432889433955,0.5490852148914522,1450
431,1457.0432889433955,0.5490852148914522,1450
432,1457.0432889433955,0.5490852148914522,1450
433,1430.347006630554,0.5296410607840009,1423
434,1467.920013824488,0.5569773479841246,1461
435,1471.8752673369806,0.5598420398859982,1465
436,1467.9436498619486,0.5554641573656502,1461
437,1469.9212915719804,0.5568955459679648,1463
438,1469.9212915719804,0.5568955459679648,1463
439,1467.920013824488,0.5569773479841246,1461
440,1467.920013824488,0.5569773479841246,1461
441,1467.920013824488,0.5569773479841246,1461
442,1484.9307593501617,0.556289414202202,1478
443,1484.9307593501617,0.556289414202202,1478
444,1484.9307593501617,0.556289414202202,1478
445,1485.9313833909475,0.5562494628074585,1479
446,1485.9313833909475,0.5562494628074585,1479
447,1485.9313833909475,0.5562494628074585,1479
448,1472.9232013512883,0.5567732809674562,1466
449,1472.9232013512883,0.5567732809674562,1466
450,1462.0460395832176,0.5489091175916943,1455
451,1462.0460395832176,0.5489091175916943,1455
452,1462.0460395832176,0.5489091175916943,1455
453,1462.0460395832176,0.5489091175916943,1455
454,1462.0460395832176,0.5489091175916943,1455
455,1462.0460395832176,0.5489091175916943,1455
456,1462.0460395832176,0.5489091175916943,1455
457,1475.0530999519501,0.5484571093501861,1468
458,1454.041629054722,0.5491914817719468,1447
459,1454.041629054722,0.5491914817719468,1447
460,1456.0191444138889,0.5506309594181295,1449
461,1456.0191444138889,0.5506309594181295,1449
462,1456.0191444138889,0.5506309594181295,1449
463,1430.00402726982,0.5515987663367491,1423
464,1430.00402726982,0.5515987663367491,1423
465,1430.00402726982,0.5515987663367491,1423
466,1430.00402726982,0.5515987663367491,1423
467,1430.00402726982,0.5515987663367491,1423
468,1430.00402726982,0.5515987663367491,1423
469,1430.00402726982,0.5515987663367491,1423
470,1430.00402726982,0.5515987663367491,1423
471,1430.00402726982,0.5515987663367491,1423
472,1430.00402726982,0.5515987663367491,1423
473,1430.00402726982,0.5515987663367491,1423
474,1438.0087397299515,0.5512970723462636,1431
475,1438.0087397299515,0.5512970723462636,1431
476,1438.0087397299515,0.5512970723462636,1431
477,1436.0315171908699,0.5498388482157522,1429
478,1436.0315171908699,0.5498388482157522,1429
479,1436.0315171908699,0.5498388482157522,1429
480,1436.0315171908699,0.5498388482157522,1429
481,1428.967204834724,0.5539561565477528,1422
482,1428.967204834724,0.5539561565477528,1422
483,1428.967204834724,0.5539561565477528,1422
484,1423.964087847367,0.5541557075949471,1417
485,1423.964087847367,0.5541557075949471,1417
486,1423.964087847367,0.5541557075949471,1417
487,1423.964087847367,0.5541557075949471,1417
488,1423.964087847367,0.5541557075949471,1417
489,1423.964087847367,0.5541557075949471,1417
490,1423.964087847367,0.5541557075949471,1417
491,1423.964087847367,0.5541557075949471,1417
492,1423.964087847367,0.5541557075949471,1417
493,1423.964087847367,0.5541557075949471,1417
494,1423.964087847367,0.5541557075949471,1417
495,1423.964087847367,0.5541557075949471,1417
496,1423.964087847367,0.5541557075949471,1417
497,1423.964087847367,0.5541557075949471,1417
498,1423.964087847367,0.5541557075949471,1417
499,1423.964087847367,0.5541557075949471,1417
500,1446.9782388216122,0.5532497553385293,1440
501,1446.9782388216122,0.5532497553385293,1440
502,1446.9782388216122,0.5532497553385293,1440
503,1417.960316985163,0.5543971200279799,1411
504,1417.960316985163,0.5543971200279799,1411
505,1417.960316985163,0.5543971200279799,1411
506,1417.960316985163,0.5543971200279799,1411
507,1421.2846592417166,0.5976530575085385,1415
508,1421.2846592417166,0.5976530575085385,1415
509,1416.9596852470136,0.5544375642116841,1410
510,1416.9596852470136,0.5544375642116841,1410
511,1416.9596852470136,0.5544375642116841,1410
512,1416.9596852470136,0.5544375642116841,1410
513,1416.9596852470136,0.5544375642116841,1410
514,1416.9596852470136,0.5544375642116841,1410
515,1416.9596852470136,0.5544375642116841,1410
516,1416.9596852470136,0.5544375642116841,1410
517,1416.9596852470136,0.5544375642116841,1410
518,1416.9596852470136,0.5544375642116841,1410
519,1416.9596852470136,0.5544375642116841,1410
520,1416.9596852470136,0.5544375642116841,1410
521,1416.9596852470136,0.5544375642116841,1410
522,1416.9596852470136,0.5544375642116841,1410
523,1416.9596852470136,0.5544375642116841,1410
524,1416.9596852470136,0.5544375642116841,1410
525,1416.9596852470136,0.5544375642116841,1410
526,1416.9596852470136,0.5544375642116841,1410
527,1416.9596852470136,0.5544375642116841,1410
528,1416.9596852470136,0.5544375642116841,1410
529,1416.9596852470136,0.5544375642116841,1410
530,1418.9853021257436,0.5527975591713515,1412
531,1418.9853021257436,0.5527975591713515,1412
532,1440.6826950580364,0.5721706108811572,1434
533,1440.6826950580364,0.5721706108811572,1434
534,1440.6826950580364,0.5721706108811572,1434
535,1419.021720280956,0.5504660511551884,1412
536,1419.021720280956,0.5504660511551884,1412
537,1419.021720280956,0.5504660511551884,1412
538,1419.021720280956,0.5504660511551884,1412
539,1419.021720280956,0.5504660511551884,1412
540,1419.021720280956,0.5504660511551884,1412
541,1419.021720280956,0.5504660511551884,1412
542,1419.021720280956,0.5504660511551884,1412
543,1419.021720280956,0.5504660511551884,1412
544,1429.8950214252966,0.5585773735405447,1423
545,1429.8950214252966,0.5585773735405447,1423
546,1429.8950214252966,0.5585773735405447,1423
547,1429.8950214252966,0.5585773735405447,1423
548,1420.9986592360135,0.5519424304728926,1414
549,1438.0087397299515,0.5512970723462636,1431
550,1438.0087397299515,0.5512970723462636,1431
551,1438.0087397299515,0.5512970723462636,1431
552,1433.0058009064696,0.551485217255467,1426
553,1433.0058009064696,0.551485217255467,1426
554,1433.0058009064696,0.551485217255467,1426
555,1433.0058009064696,0.551485217255467,1426
556,1433.0058009064696,0.551485217255467,1426
557,1433.0058009064696,0.551485217255467,1426
558,1433.0058009064696,0.551485217255467,1426
559,1431.028661053728,0.5500216995052513,1424
560,1434.0303772390569,0.5499118284854754,1427
561,1437.0320859207127,0.5498024378544988,1430
562,1437.0320859207127,0.5498024378544988,1430
563,1434.9709151200693,0.5537186222746957,1428
564,1434.9709151200693,0.5537186222746957,1428
565,1434.9709151200693,0.5537186222746957,1428
566,1434.9709151200693,0.5537186222746957,1428
567,1434.9709151200693,0.5537186222746957,1428
568,1420.1186766011942,0.5442588603588795,1413
569,1420.1186766011942,0.5442588603588795,1413
570,1420.1186766011942,0.5442588603588795,1413
571,1420.1186766011942,0.5442588603588795,1413
572,1425.121212037901,0.5440965404672891,1418
573,1425.121212037901,0.5440965404672891,1418
574,1425.121212037901,0.5440965404672891,1418
575,1425.121212037901,0.5440965404672891,1418
576,1425.121212037901,0.5440965404672891,1418
577,1428.1227244101447,0.5439997176603961,1421
578,1428.1227244101447,0.5439997176603961,1421
579,1428.1227244101447,0.5439997176603961,1421
580,1428.1227244101447,0.5439997176603961,1421
581,1428.1227244101447,0.5439997176603961,1421
582,1428.1227244101447,0.5439997176603961,1421
583,1428.1227244101447,0.5439997176603961,1421
584,1428.1227244101447,0.5439997176603961,1421
585,1428.1227244101447,0.5439997176603961,1421
586,1428.1227244101447,0.5439997176603961,1421
587,1428.1227244101447,0.5439997176603961,1421
588,1428.1227244101447,0.5439997176603961,1421
589,1428.1227244101447,0.5439997176603961,1421
590,1428.1227244101447,0.5439997176603961,1421
591,1446.1316612491544,0.5434275768787256,1439
592,1446.1316612491544,0.5434275768787256,1439
593,1446.1316612491544,0.5434275768787256,1439
594,1446.1316612491544,0.5434275768787256,1439
595,1450.1336158011657,0.5433024455079584,1443
596,1447.1321509433963,0.5433962264150943,1440
597,1423.120200093794,0.544161325621385,1416
598,1423.120200093794,0.544161325621385,1416
599,1423.120200093794,0.544161325621385,1416
600,1423.120200093794,0.544161325621385,1416
601,1423.120200093794,0.544161325621385,1416
602,1423.120200093794,0.544161325621385,1416
603,1423.120200093794,0.544161325621385,1416
604,1423.120200093794,0.544161325621385,1416
605,1423.120200093794,0.544161325621385,1416
606,1423.120200093794,0.544161325621385,1416
607,1423.120200093794,0.544161325621385,1416
608,1423.120200093794,0.544161325621385,1416
609,1411.3051754651274,0.532319112347802,1404
610,1411.3051754651274,0.532319112347802,1404
611,1411.3051754651274,0.532319112347802,1404
612,1411.3051754651274,0.532319112347802,1404
613,1411.3051754651274,0.532319112347802,1404
614,1411.3051754651274,0.532319112347802,1404
615,1439.9739822332822,0.5535222641944786,1433
616,1439.9739822332822,0.5535222641944786,1433
617,1439.9739822332822,0.5535222641944786,1433
618,1439.9739822332822,0.5535222641944786,1433
619,1439.9739822332822,0.5535222641944786,1433
620,1424.9647130824526,0.5541156797405578,1418
621,1404.8778019727354,0.5596797712717396,1398
622,1404.8778019727354,0.5596797712717396,1398
623,1404.8778019727354,0.5596797712717396,1398
624,1404.8778019727354,0.5596797712717396,1398
625,1395.9833668603815,0.5529214558014423,1389
626,1395.9833668603815,0.5529214558014423,1389
627,1413.7724953061652,0.5664215553031322,1407
628,1413.7724953061652,0.5664215553031322,1407
629,1413.7724953061652,0.5664215553031322,1407
630,1412.7841824040106,0.5656733416126318,1406
631,1413.7724953061652,0.5664215553031322,1407
632,1394.2387332740168,0.5365727737505195,1387
633,1394.2387332740168,0.5365727737505195,1387
634,1394.2387332740168,0.5365727737505195,1387
635,1394.2387332740168,0.5365727737505195,1387
636,1394.2387332740168,0.5365727737505195,1387
637,1391.2374529789436,0.5366547388640533,1384
638,1391.2374529789436,0.5366547388640533,1384
639,1391.2374529789436,0.5366547388640533,1384
640,1428.2528535031847,0.5356687898089172,1421
641,1404.988937892568,0.5525647956102515,1398
642,1398.9852322285265,0.5528020340251879,1392
643,1398.9852322285265,0.5528020340251879,1392
644,1398.9852322285265,0.5528020340251879,1392
645,1398.9852322285265,0.5528020340251879,1392
646,1398.9852322285265,0.5528020340251879,1392
647,1398.9852322285265,0.5528020340251879,1392
648,1398.9852322285265,0.5528020340251879,1392
649,1398.9852322285265,0.5528020340251879,1392
650,1398.9852322285265,0.5528020340251879,1392
651,1398.9852322285265,0.5528020340251879,1392
652,1456.8770654708787,0.5597269224789526,1450
653,1456.8770654708787,0.5597269224789526,1450
654,1449.872301751706,0.5600318980982171,1443
655,1449.872301751706,0.5600318980982171,1443
656,1420.2495941804618,0.5358774532354714,1413
657,1420.2495941804618,0.5358774532354714,1413
658,1420.2495941804618,0.5358774532354714,1413
659,1410.2454660767428,0.5361417364441251,1403
660,1410.2454660767428,0.5361417364441251,1403
661,1410.2454660767428,0.5361417364441251,1403
662,1410.2454660767428,0.5361417364441251,1403
663,1410.2454660767428,0.5361417364441251,1403
664,1410.2454660767428,0.5361417364441251,1403
665,1410.2454660767428,0.5361417364441251,1403
666,1391.3335862363115,0.5305002409531775,1384
667,1391.3335862363115,0.5305002409531775,1384
668,1397.3357012806055,0.5303648347883756,1390
669,1397.3357012806055,0.5303648347883756,1390
670,1397.3357012806055,0.5303648347883756,1390
671,1397.3357012806055,0.5303648347883756,1390
672,1397.3357012806055,0.5303648347883756,1390
673,1397.3357012806055,0.5303648347883756,1390
674,1397.3357012806055,0.5303648347883756,1390
675,1397.3357012806055,0.5303648347883756,1390
676,1397.3357012806055,0.5303648347883756,1390
677,1397.3357012806055,0.5303648347883756,1390
678,1385.331452262121,0.5306368590191421,1378
679,1385.331452262121,0.5306368590191421,1378
680,1385.331452262121,0.5306368590191421,1378
681,1385.331452262121,0.5306368590191421,1378
682,1385.331452262121,0.5306368590191421,1378
683,1385.331452262121,0.5306368590191421,1378
684,1385.331452262121,0.5306368590191421,1378
685,1385.331452262121,0.5306368590191421,1378
686,1385.331452262121,0.5306368590191421,1378
687,1385.331452262121,0.5306368590191421,1378
688,1385.331452262121,0.5306368590191421,1378
689,1376.3282152481356,0.5308440942294783,1369
690,1376.3282152481356,0.5308440942294783,1369
691,1376.3282152481356,0.5308440942294783,1369
692,1378.3289383597814,0.5307978002700808,1371
693,1378.3289383597814,0.5307978002700808,1371
694,1378.3289383597814,0.5307978002700808,1371
695,1378.3289383597814,0.5307978002700808,1371
696,1378.3289383597814,0.5307978002700808,1371
697,1378.3289383597814,0.5307978002700808,1371
698,1378.3289383597814,0.5307978002700808,1371
699,1378.3289383597814,0.5307978002700808,1371
700,1378.3289383597814,0.5307978002700808,1371
701,1378.3289383597814,0.5307978002700808,1371
702,1364.9635869949345,0.5541877724113559,1358
703,1364.9635869949345,0.5541877724113559,1358
704,1364.9635869949345,0.5541877724113559,1358
705,1364.9635869949345,0.5541877724113559,1358
706,1364.9635869949345,0.5541877724113559,1358
707,1364.9635869949345,0.5541877724113559,1358
708,1364.9635869949345,0.5541877724113559,1358
709,1364.9635869949345,0.5541877724113559,1358
710,1364.9635869949345,0.5541877724113559,1358
711,1364.9635869949345,0.5541877724113559,1358
712,1364.9635869949345,0.5541877724113559,1358
713,1364.9635869949345,0.5541877724113559,1358
714,1364.9635869949345,0.5541877724113559,1358
715,1364.9635869949345,0.5541877724113559,1358
716,1364.9635869949345,0.5541877724113559,1358
717,1372.968781276046,0.5538552320072947,1366
718,1380.97391237753,0.5535267363937241,1374
719,1380.97391237753,0.5535267363937241,1374
720,1380.97391237753,0.5535267363937241,1374
721,1380.97391237753,0.5535267363937241,1374
722,1380.97391237753,0.5535267363937241,1374
723,1380.97391237753,0.5535267363937241,1374
724,1380.97391237753,0.5535267363937241,1374
725,1380.97391237753,0.5535267363937241,1374
726,1380.97391237753,0.5535267363937241,1374
727,1380.97391237753,0.5535267363937241,1374
728,1374.9700699294078,0.5537727317920772,1368
729,1374.9700699294078,0.5537727317920772,1368
730,1374.9700699294078,0.5537727317920772,1368
731,1374.9700699294078,0.5537727317920772,1368
732,1374.9700699294078,0.5537727317920772,1368
733,1372.968781276046,0.5538552320072947,1366
734,1373.9568352786353,0.554620020573921,1367
735,1373.9568352786353,0.554620020573921,1367
736,1373.9568352786353,0.554620020573921,1367
737,1372.968781276046,0.5538552320072947,1366
738,1392.9814930594741,0.5530414174472407,1386
739,1392.9814930594741,0.5530414174472407,1386
740,1392.9814930594741,0.5530414174472407,1386
741,1392.9814930594741,0.5530414174472407,1386
742,1392.9814930594741,0.5530414174472407,1386
743,1392.9814930594741,0.5530414174472407,1386
744,1392.9814930594741,0.5530414174472407,1386
745,1392.9814930594741,0.5530414174472407,1386
746,1390.9802391458022,0.5531216936106118,1384
747,1390.9802391458022,0.5531216936106118,1384
748,1390.9802391458022,0.5531216936106118,1384
749,1378.9726354623012,0.5536084851279687,1372
750,1378.9726354623012,0.5536084851279687,1372
751,1378.9726354623012,0.5536084851279687,1372
752,1378.9726354623012,0.5536084851279687,1372
753,1378.9726354623012,0.5536084851279687,1372
754,1378.9726354623012,0.5536084851279687,1372
755,1378.9726354623012,0.5536084851279687,1372
756,1378.9726354623012,0.5536084851279687,1372
757,1378.9726354623012,0.5536084851279687,1372
758,1378.9726354623012,0.5536084851279687,1372
759,1378.9726354623012,0.5536084851279687,1372
760,1378.9726354623012,0.5536084851279687,1372
761,1378.9726354623012,0.5536084851279687,1372
762,1378.9726354623012,0.5536084851279687,1372
763,1371.9681354697743,0.5538965768390386,1365
764,1371.9681354697743,0.5538965768390386,1365
765,1371.9681354697743,0.5538965768390386,1365
766,1371.9681354697743,0.5538965768390386,1365
767,1371.9681354697743,0.5538965768390386,1365
768,1371.9681354697743,0.5538965768390386,1365
769,1371.9681354697743,0.5538965768390386,1365
770,1371.9681354697743,0.5538965768390386,1365
771,1371.9681354697743,0.5538965768390386,1365
772,1371.9681354697743,0.5538965768390386,1365
773,1371.9681354697743,0.5538965768390386,1365
774,1371.9681354697743,0.5538965768390386,1365
775,1386.977719930273,0.5532829750145264,1380
776,1416.9596852470136,0.5544375642116841,1410
777,1416.9596852470136,0.5544375642116841,1410
778,1416.9596852470136,0.5544375642116841,1410
779,1416.9596852470136,0.5544375642116841,1410
780,1416.9596852470136,0.5544375642116841,1410
781,1416.9596852470136,0.5544375642116841,1410
782,1416.9596852470136,0.5544375642116841,1410
783,1416.9596852470136,0.5544375642116841,1410
784,1420.728219375588,0.5692561219213871,1414
785,1394.0684312884011,0.5474755897310388,1387
786,1394.0684312884011,0.5474755897310388,1387
787,1393.0678733031675,0.5475113122171946,1386
788,1393.0678733031675,0.5475113122171946,1386
789,1393.0678733031675,0.5475113122171946,1386
790,1393.0678733031675,0.5475113122171946,1386
791,1409.0767017235335,0.5469461124498439,1402
792,1412.078333771946,0.5468416279163825,1405
793,1404.122562382751,0.5440100907329719,1397
794,1382.9751854155656,0.55344523587928,1376
795,1382.9751854155656,0.55344523587928,1376
796,1382.9751854155656,0.55344523587928,1376
797,1382.9751854155656,0.55344523587928,1376
798,1382.9751854155656,0.55344523587928,1376
799,1383.963329284254,0.5542042711745117,1377
800,1383.963329284254,0.5542042711745117,1377
801,1383.963329284254,0.5542042711745117,1377
802,1383.963329284254,0.5542042711745117,1377
803,1383.963329284254,0.5542042711745117,1377
804,1383.963329284254,0.5542042711745117,1377
805,1383.963329284254,0.5542042711745117,1377
806,1383.963329284254,0.5542042711745117,1377
807,1383.963329284254,0.5542042711745117,1377
808,1383.963329284254,0.5542042711745117,1377
809,1383.963329284254,0.5542042711745117,1377
810,1383.963329284254,0.5542042711745117,1377
811,1383.963329284254,0.5542042711745117,1377
812,1383.963329284254,0.5542042711745117,1377
813,1382.9751854155656,0.55344523587928,1376
814,1382.9751854155656,0.55344523587928,1376
815,1382.9751854155656,0.55344523587928,1376
816,1382.9751854155656,0.55344523587928,1376
817,1382.9751854155656,0.55344523587928,1376
818,1382.9751854155656,0.55344523587928,1376
819,1382.9751854155656,0.55344523587928,1376
820,1382.9751854155656,0.55344523587928,1376
821,1396.9839895839295,0.5528815887369084,1390
822,1396.9839895839295,0.5528815887369084,1390
823,1396.9839895839295,0.5528815887369084,1390
824,1381.9745493800958,0.5534859551795307,1375
825,1381.9745493800958,0.5534859551795307,1375
826,1381.9745493800958,0.5534859551795307,1375
827,1381.9745493800958,0.5534859551795307,1375
828,1381.9745493800958,0.5534859551795307,1375
829,1381.9745493800958,0.5534859551795307,1375
830,1381.9745493800958,0.5534859551795307,1375
831,1381.9745493800958,0.5534859551795307,1375
832,1381.9745493800958,0.5534859551795307,1375
833,1381.9745493800958,0.5534859551795307,1375
834,1381.9745493800958,0.5534859551795307,1375
835,1381.9745493800958,0.5534859551795307,1375
836,1381.9745493800958,0.5534859551795307,1375
837,1392.9814930594741,0.5530414174472407,1386
838,1392.9814930594741,0.5530414174472407,1386
839,1392.9814930594741,0.5530414174472407,1386
840,1392.9814930594741,0.5530414174472407,1386
841,1392.9814930594741,0.5530414174472407,1386
842,1392.9814930594741,0.5530414174472407,1386
843,1392.9814930594741,0.5530414174472407,1386
844,1392.9814930594741,0.5530414174472407,1386
845,1392.9814930594741,0.5530414174472407,1386
846,1392.9814930594741,0.5530414174472407,1386
847,1392.9814930594741,0.5530414174472407,1386
848,1392.9814930594741,0.5530414174472407,1386
849,1392.9814930594741,0.5530414174472407,1386
850,1417.996854009664,0.5520580019421234,1411
851,1417.996854009664,0.5520580019421234,1411
852,1417.996854009664,0.5520580019421234,1411
853,1417.996854009664,0.5520580019421234,1411
854,1417.996854009664,0.5520580019421234,1411
855,1417.996854009664,0.5520580019421234,1411
856,1417.996854009664,0.5520580019421234,1411
857,1417.996854009664,0.5520580019421234,1411
858,1417.996854009664,0.5520580019421234,1411
859,1417.996854009664,0.5520580019421234,1411
860,1417.996854009664,0.5520580019421234,1411
861,1417.996854009664,0.5520580019421234,1411
862,1417.996854009664,0.5520580019421234,1411
863,1417.996854009664,0.5520580019421234,1411
864,1417.996854009664,0.5520580019421234,1411
865,1417.996854009664,0.5520580019421234,1411
866,1430.00402726982,0.5515987663367491,1423
867,1430.00402726982,0.5515987663367491,1423
868,1430.00402726982,0.5515987663367491,1423
869,1430.00402726982,0.5515987663367491,1423
870,1430.00402726982,0.5515987663367491,1423
871,1430.00402726982,0.5515987663367491,1423
872,1430.00402726982,0.5515987663367491,1423
873,1430.00402726982,0.5515987663367491,1423
874,1430.00402726982,0.5515987663367491,1423
875,1430.00402726982,0.5515987663367491,1423
876,1430.00402726982,0.5515987663367491,1423
877,1430.00402726982,0.5515987663367491,1423
878,1430.00402726982,0.5515987663367491,1423
879,1430.00402726982,0.5515987663367491,1423
880,1430.00402726982,0.5515987663367491,1423
881,1430.00402726982,0.5515987663367491,1423
882,1430.00402726982,0.5515987663367491,1423
883,1430.00402726982,0.5515987663367491,1423
884,1430.00402726982,0.5515987663367491,1423
885,1430.00402726982,0.5515987663367491,1423
886,1430.00402726982,0.5515987663367491,1423
887,1430.00402726982,0.5515987663367491,1423
888,1430.00402726982,0.5515987663367491,1423
889,1430.00402726982,0.5515987663367491,1423
890,1430.00402726982,0.5515987663367491,1423
891,1430.00402726982,0.5515987663367491,1423
892,1426.0016502484516,0.5517509444013019,1419
893,1426.0016502484516,0.5517509444013019,1419
894,1426.0016502484516,0.5517509444013019,1419
895,1426.0016502484516,0.5517509444013019,1419
896,1426.0016502484516,0.5517509444013019,1419
897,1426.0016502484516,0.5517509444013019,1419
898,1436.0075667749047,0.551372165499052,1429
899,1436.0075667749047,0.551372165499052,1429
900,1436.0075667749047,0.551372165499052,1429
901,1436.0075667749047,0.551372165499052,1429
902,1436.0075667749047,0.551372165499052,1429
903,1436.0075667749047,0.551372165499052,1429
904,1436.0075667749047,0.551372165499052,1429
905,1436.0075667749047,0.551372165499052,1429
906,1436.0075667749047,0.551372165499052,1429
907,1436.0075667749047,0.551372165499052,1429
908,1436.0075667749047,0.551372165499052,1429
909,1450.01570626165,0.5508510715973142,1443
910,1450.01570626165,0.5508510715973142,1443
911,1450.01570626165,0.5508510715973142,1443
912,1450.01570626165,0.5508510715973142,1443
913,1444.0122381642932,0.5510731008775137,1437
914,1444.0122381642932,0.5510731008775137,1437
915,1444.0122381642932,0.5510731008775137,1437
916,1444.351641786683,0.5293443158333492,1437
917,1444.351641786683,0.5293443158333492,1437
918,1430.347006630554,0.5296410607840009,1423
919,1430.347006630554,0.5296410607840009,1423
920,1430.347006630554,0.5296410607840009,1423
921,1430.347006630554,0.5296410607840009,1423
922,1430.347006630554,0.5296410607840009,1423
923,1430.347006630554,0.5296410607840009,1423
924,1430.347006630554,0.5296410607840009,1423
925,1429.3466719613252,0.5296624864708551,1422
926,1429.3466719613252,0.5296624864708551,1422
927,1429.3466719613252,0.5296624864708551,1422
928,1429.3466719613252,0.5296624864708551,1422
929,1429.3466719613252,0.5296624864708551,1422
930,1429.3466719613252,0.5296624864708551,1422
931,1429.3466719613252,0.5296624864708551,1422
932,1429.3466719613252,0.5296624864708551,1422
933,1429.3466719613252,0.5296624864708551,1422
934,1429.3466719613252,0.5296624864708551,1422
935,1419.3432984890412,0.5298784578078607,1412
936,1419.3432984890412,0.5298784578078607,1412
937,1419.3432984890412,0.5298784578078607,1412
938,1419.3432984890412,0.5298784578078607,1412
939,1420.3436380432734,0.5298567193807008,1413
940,1421.3439771042129,0.5298350125343835,1414
941,1478.8208199667222,0.5633277870216307,1472
942,1461.0219869440875,0.5504489792517637,1454
943,1472.0281693299332,0.5500531799018414,1465
944,1472.0281693299332,0.5500531799018414,1465
945,1472.0281693299332,0.5500531799018414,1465
946,1472.0281693299332,0.5500531799018414,1465
947,1472.0281693299332,0.5500531799018414,1465
948,1467.025371192566,0.5502323180175529,1460
949,1467.025371192566,0.5502323180175529,1460
950,1515.482478048936,0.5849886012204941,1509
951,1515.482478048936,0.5849886012204941,1509
952,1515.482478048936,0.5849886012204941,1509
953,1499.658867534973,0.5736960605010838,1493
954,1505.6637614044937,0.5733827525932352,1499
955,1473.0287265702896,0.5500175051030959,1466
956,1473.0287265702896,0.5500175051030959,1466
957,1449.015130335445,0.5508879426731748,1442
958,1449.015130335445,0.5508879426731748,1442
959,1449.015130335445,0.5508879426731748,1442
960,1449.015130335445,0.5508879426731748,1442
961,1449.015130335445,0.5508879426731748,1442
962,1449.015130335445,0.5508879426731748,1442
963,1449.015130335445,0.5508879426731748,1442
964,1449.015130335445,0.5508879426731748,1442
965,1449.015130335445,0.5508879426731748,1442
966,1449.015130335445,0.5508879426731748,1442
967,1449.015130335445,0.5508879426731748,1442
968,1449.015130335445,0.5508879426731748,1442
969,1440.9265218054995,0.5565607038732734,1434
970,1440.9265218054995,0.5565607038732734,1434
971,1460.6869866150166,0.5718958633151909,1454
972,1465.6303314362654,0.5755229554247585,1459
973,1407.3036894351628,0.5324142487091671,1400
974,1407.3036894351628,0.5324142487091671,1400
975,1407.3036894351628,0.5324142487091671,1400
976,1407.3036894351628,0.5324142487091671,1400
977,1407.3036894351628,0.5324142487091671,1400
978,1407.3036894351628,0.5324142487091671,1400
979,1407.3036894351628,0.5324142487091671,1400
980,1407.3036894351628,0.5324142487091671,1400
981,1407.3036894351628,0.5324142487091671,1400
982,1407.3036894351628,0.5324142487091671,1400
983,1407.3036894351628,0.5324142487091671,1400
984,1407.3036894351628,0.5324142487091671,1400
985,1407.3036894351628,0.5324142487091671,1400
986,1407.3036894351628,0.5324142487091671,1400
987,1407.3036894351628,0.5324142487091671,1400
988,1407.3036894351628,0.5324142487091671,1400
989,1407.3036894351628,0.5324142487091671,1400
990,1423.120200093794,0.544161325621385,1416
991,1423.120200093794,0.544161325621385,1416
992,1423.120200093794,0.544161325621385,1416
993,1423.120200093794,0.544161325621385,1416
994,1407.3036894351628,0.5324142487091671,1400
995,1407.3036894351628,0.5324142487091671,1400
996,1407.3036894351628,0.5324142487091671,1400
997,1407.3036894351628,0.5324142487091671,1400
998,1407.3036894351628,0.5324142487091671,1400
999,1407.3036894351628,0.5324142487091671,1400
1000,1407.3036894351628,0.5324142487091671,1400
1001,1407.3036894351628,0.5324142487091671,1400
1002,1407.3036894351628,0.5324142487091671,1400
1003,1407.3036894351628,0.5324142487091671,1400
1004,1407.3036894351628,0.5324142487091671,1400
1005,1407.3036894351628,0.5324142487091671,1400
1006,1407.3036894351628,0.5324142487091671,1400
1007,1407.3036894351628,0.5324142487091671,1400
1008,1407.3036894351628,0.5324142487091671,1400
1009,1407.3036894351628,0.5324142487091671,1400
1010,1407.3036894351628,0.5324142487091671,1400
1011,1407.3036894351628,0.5324142487091671,1400
1012,1407.3036894351628,0.5324142487091671,1400
1013,1407.3036894351628,0.5324142487091671,1400
1014,1407.3036894351628,0.5324142487091671,1400
1015,1407.3036894351628,0.5324142487091671,1400
1016,1407.3036894351628,0.5324142487091671,1400
1017,1407.3036894351628,0.5324142487091671,1400
1018,1407.3036894351628,0.5324142487091671,1400
1019,1407.3036894351628,0.5324142487091671,1400
1020,1407.3036894351628,0.5324142487091671,1400
1021,1407.3036894351628,0.5324142487091671,1400
1022,1407.3036894351628,0.5324142487091671,1400
1023,1407.3036894351628,0.5324142487091671,1400
1024,1407.3036894351628,0.5324142487091671,1400
1025,1407.3036894351628,0.5324142487091671,1400
1026,1423.120200093794,0.544161325621385,1416
1027,1423.120200093794,0.544161325621385,1416
1028,1423.120200093794,0.544161325621385,1416
1029,1407.3036894351628,0.5324142487091671,1400
1030,1407.3036894351628,0.5324142487091671,1400
1031,1407.3036894351628,0.5324142487091671,1400
1032,1395.2991784421813,0.532703044674695,1388
1033,1395.2991784421813,0.532703044674695,1388
1034,1395.2991784421813,0.532703044674695,1388
1035,1395.2991784421813,0.532703044674695,1388
1036,1391.29765688142,0.5328004557349616,1384
1037,1391.29765688142,0.5328004557349616,1384
1038,1391.29765688142,0.5328004557349616,1384
1039,1391.29765688142,0.5328004557349616,1384
1040,1386.2957421499518,0.5329230377751784,1379
1041,1386.2957421499518,0.5329230377751784,1379
1042,1386.2957421499518,0.5329230377751784,1379
1043,1386.2957421499518,0.5329230377751784,1379
1044,1386.2957421499518,0.5329230377751784,1379
1045,1386.2957421499518,0.5329230377751784,1379
1046,1386.2957421499518,0.5329230377751784,1379
1047,1386.2957421499518,0.5329230377751784,1379
1048,1354.2831410652775,0.533729765347155,1347
1049,1354.2831410652775,0.533729765347155,1347
1050,1354.2831410652775,0.533729765347155,1347
1051,1346.2798938212381,0.5339376554905088,1339
1052,1349.2811162123387,0.5338593974175035,1342
1053,1349.2811162123387,0.5338593974175035,1342
1054,1349.2811162123387,0.5338593974175035,1342
1055,1349.2811162123387,0.5338593974175035,1342
1056,1349.2811162123387,0.5338593974175035,1342
1057,1341.2778439121364,0.5340688916686074,1334
1058,1355.2835441788773,0.5337039578183596,1348
1059,1355.2835441788773,0.5337039578183596,1348
1060,1355.2835441788773,0.5337039578183596,1348
1061,1355.2835441788773,0.5337039578183596,1348
1062,1355.2835441788773,0.5337039578183596,1348
1063,1355.2835441788773,0.5337039578183596,1348
1064,1355.2835441788773,0.5337039578183596,1348
1065,1355.2835441788773,0.5337039578183596,1348
1066,1355.2835441788773,0.5337039578183596,1348
1067,1355.2835441788773,0.5337039578183596,1348
1068,1355.2835441788773,0.5337039578183596,1348
1069,1355.2835441788773,0.5337039578183596,1348
1070,1355.2835441788773,0.5337039578183596,1348
1071,1345.279485102352,0.5339638218724723,1338
1072,1345.279485102352,0.5339638218724723,1338
1073,1345.279485102352,0.5339638218724723,1338
1074,1345.279485102352,0.5339638218724723,1338
1075,1345.279485102352,0.5339638218724723,1338
1076,1345.279485102352,0.5339638218724723,1338
1077,1345.279485102352,0.5339638218724723,1338
1078,1345.279485102352,0.5339638218724723,1338
1079,1345.279485102352,0.5339638218724723,1338
1080,1345.279485102352,0.5339638218724723,1338
1081,1345.279485102352,0.5339638218724723,1338
1082,1345.279485102352,0.5339638218724723,1338
1083,1345.279485102352,0.5339638218724723,1338
1084,1345.279485102352,0.5339638218724723,1338
1085,1345.279485102352,0.5339638218724723,1338
1086,1345.279485102352,0.5339638218724723,1338
1087,1345.279485102352,0.5339638218724723,1338
1088,1345.279485102352,0.5339638218724723,1338
1089,1345.279485102352,0.5339638218724723,1338
1090,1345.279485102352,0.5339638218724723,1338
1091,1345.279485102352,0.5339638218724723,1338
1092,1345.279485102352,0.5339638218724723,1338
1093,1345.279485102352,0.5339638218724723,1338
1094,1345.279485102352,0.5339638218724723,1338
1095,1345.279485102352,0.5339638218724723,1338
1096,1345.279485102352,0.5339638218724723,1338
1097,1345.279485102352,0.5339638218724723,1338
1098,1345.279485102352,0.5339638218724723,1338
1099,1345.279485102352,0.5339638218724723,1338
1100,1345.279485102352,0.5339638218724723,1338
1101,1345.279485102352,0.5339638218724723,1338
1102,1345.279485102352,0.5339638218724723,1338
1103,1345.279485102352,0.5339638218724723,1338
1104,1345.279485102352,0.5339638218724723,1338
1105,1345.279485102352,0.5339638218724723,1338
1106,1345.279485102352,0.5339638218724723,1338
1107,1345.279485102352,0.5339638218724723,1338
1108,1345.279485102352,0.5339638218724723,1338
1109,1361.0872879723677,0.546268375648675,1354
1110,1361.0872879723677,0.546268375648675,1354
1111,1361.0872879723677,0.546268375648675,1354
1112,1361.0872879723677,0.546268375648675,1354
1113,1361.0872879723677,0.546268375648675,1354
1114,1361.0872879723677,0.546268375648675,1354
1115,1354.0833741413244,0.5465189410163683,1347
1116,1354.0833741413244,0.5465189410163683,1347
1117,1354.0833741413244,0.5465189410163683,1347
1118,1348.9530041826772,0.5548652892011998,1342
1119,1348.9530041826772,0.5548652892011998,1342
1120,1348.9530041826772,0.5548652892011998,1342
1121,1345.950990465318,0.554994208366326,1339
1122,1345.950990465318,0.554994208366326,1339
1123,1345.950990465318,0.554994208366326,1339
1124,1345.950990465318,0.554994208366326,1339
1125,1345.950990465318,0.554994208366326,1339
1126,1343.9496427375916,0.5550804905511092,1337
1127,1343.9496427375916,0.5550804905511092,1337
1128,1343.9496427375916,0.5550804905511092,1337
1129,1343.9496427375916,0.5550804905511092,1337
1130,1371.6090084048913,0.5768880662681676,1365
1131,1371.6090084048913,0.5768880662681676,1365
1132,1371.6090084048913,0.5768880662681676,1365
1133,1371.6090084048913,0.5768880662681676,1365
1134,1369.7370250629222,0.5686923775337968,1363
1135,1366.7345185418471,0.5688528462325801,1360
1136,1366.7345185418471,0.5688528462325801,1360
1137,1366.7345185418471,0.5688528462325801,1360
1138,1366.7345185418471,0.5688528462325801,1360
1139,1366.7345185418471,0.5688528462325801,1360
1140,1366.7345185418471,0.5688528462325801,1360
1141,1366.7345185418471,0.5688528462325801,1360
1142,1366.7345185418471,0.5688528462325801,1360
1143,1366.7345185418471,0.5688528462325801,1360
1144,1348.9530041826772,0.5548652892011998,1342
1145,1348.9530041826772,0.5548652892011998,1342
1146,1348.9530041826772,0.5548652892011998,1342
1147,1348.9530041826772,0.5548652892011998,1342
1148,1346.9516627518854,0.5549511682531834,1340
1149,1346.9516627518854,0.5549511682531834,1340
1150,1346.9516627518854,0.5549511682531834,1340
1151,1349.9536733317789,0.5548224499501362,1343
1152,1349.9536733317789,0.5548224499501362,1343
1153,1349.9536733317789,0.5548224499501362,1343
1154,1349.9536733317789,0.5548224499501362,1343
1155,1349.9536733317789,0.5548224499501362,1343
1156,1349.9536733317789,0.5548224499501362,1343
1157,1349.9536733317789,0.5548224499501362,1343
1158,1349.9536733317789,0.5548224499501362,1343
1159,1349.9536733317789,0.5548224499501362,1343
1160,1349.9536733317789,0.5548224499501362,1343
1161,1349.9536733317789,0.5548224499501362,1343
1162,1349.9536733317789,0.5548224499501362,1343
1163,1347.9779985330613,0.5532651387284766,1341
1164,1347.9779985330613,0.5532651387284766,1341
1165,1347.9779985330613,0.5532651387284766,1341
1166,1347.9779985330613,0.5532651387284766,1341
1167,1347.9779985330613,0.5532651387284766,1341
1168,1332.9681354697743,0.5538965768390386,1326
1169,1334.943525421679,0.5554721240922629,1328
1170,1334.943525421679,0.5554721240922629,1328
1171,1334.943525421679,0.5554721240922629,1328
1172,1321.9345346238565,0.5560477193433767,1315
1173,1321.9345346238565,0.5560477193433767,1315
1174,1321.9345346238565,0.5560477193433767,1315
1175,1321.9345346238565,0.5560477193433767,1315
1176,1321.9345346238565,0.5560477193433767,1315
1177,1321.9345346238565,0.5560477193433767,1315
1178,1330.9407786912266,0.5556479711122494,1324
1179,1330.9407786912266,0.5556479711122494,1324
1180,1330.9407786912266,0.5556479711122494,1324
1181,1330.9407786912266,0.5556479711122494,1324
1182,1330.9407786912266,0.5556479711122494,1324
1183,1330.9407786912266,0.5556479711122494,1324
1184,1330.9407786912266,0.5556479711122494,1324
1185,1330.9407786912266,0.5556479711122494,1324
1186,1330.9407786912266,0.5556479711122494,1324
1187,1330.9407786912266,0.5556479711122494,1324
1188,1330.9407786912266,0.5556479711122494,1324
1189,1330.9407786912266,0.5556479711122494,1324
1190,1333.9428403626866,0.5555159819022568,1327
1191,1334.943525421679,0.5554721240922629,1328
1192,1334.943525421679,0.5554721240922629,1328
1193,1334.943525421679,0.5554721240922629,1328
1194,1334.943525421679,0.5554721240922629,1328
1195,1334.943525421679,0.5554721240922629,1328
1196,1334.943525421679,0.5554721240922629,1328
1197,1334.943525421679,0.5554721240922629,1328
1198,1334.943525421679,0.5554721240922629,1328
1199,1334.943525421679,0.5554721240922629,1328
1200,1334.943525421679,0.5554721240922629,1328
1201,1334.943525421679,0.5554721240922629,1328
1202,1334.943525421679,0.5554721240922629,1328
1203,1334.943525421679,0.5554721240922629,1328
1204,1334.943525421679,0.5554721240922629,1328
1205,1334.943525421679,0.5554721240922629,1328
1206,1334.943525421679,0.5554721240922629,1328
1207,1334.943525421679,0.5554721240922629,1328
1208,1380.8099044796454,0.5640266018152811,1374
1209,1403.5360785128228,0.5815570734428461,1397
1210,1408.5409278872426,0.5812466141329933,1402
1211,1385.8137312904498,0.5637816075256226,1379
1212,1385.8137312904498,0.5637816075256226,1379
1213,1385.8137312904498,0.5637816075256226,1379
1214,1385.8137312904498,0.5637816075256226,1379
1215,1409.8317012740604,0.5626311604314668,1403
1216,1409.8317012740604,0.5626311604314668,1403
1217,1409.8317012740604,0.5626311604314668,1403
1218,1409.8317012740604,0.5626311604314668,1403
1219,1409.8317012740604,0.5626311604314668,1403
1220,1409.8317012740604,0.5626311604314668,1403
1221,1409.8317012740604,0.5626311604314668,1403
1222,1409.8317012740604,0.5626311604314668,1403
1223,1413.8346336849702,0.5624434260582488,1407
1224,1413.8346336849702,0.5624434260582488,1407
1225,1413.8346336849702,0.5624434260582488,1407
1226,1413.8346336849702,0.5624434260582488,1407
1227,1413.8346336849702,0.5624434260582488,1407
1228,1413.8346336849702,0.5624434260582488,1407
1229,1412.957148900976,0.5545999423190654,1406
1230,1390.942924880369,0.555510571039123,1384
1231,1390.942924880369,0.555510571039123,1384
1232,1396.8345980293295,0.5624457087497118,1390
1233,1396.8345980293295,0.5624457087497118,1390
1234,1396.8345980293295,0.5624457087497118,1390
1235,1396.8345980293295,0.5624457087497118,1390
1236,1396.8345980293295,0.5624457087497118,1390
1237,1396.8345980293295,0.5624457087497118,1390
1238,1410.8448479487097,0.5617895039238308,1404
1239,1410.8448479487097,0.5617895039238308,1404
1240,1410.8448479487097,0.5617895039238308,1404
1241,1396.8345980293295,0.5624457087497118,1390
1242,1410.0772465462564,0.5469112326340363,1403
1243,1410.0772465462564,0.5469112326340363,1403
1244,1410.0772465462564,0.5469112326340363,1403
1245,1430.0879758401225,0.5462243380203272,1423
1246,1403.0734157355612,0.5471564829986445,1396
1247,1387.2961262390645,0.5328984482033006,1380
1248,1387.2961262390645,0.5328984482033006,1380
1249,1350.2815224256617,0.5338333914429152,1343
1250,1350.2815224256617,0.5338333914429152,1343
1251,1353.2827373345747,0.5337556123831858,1346
1252,1353.2827373345747,0.5337556123831858,1346
1253,1353.2827373345747,0.5337556123831858,1346
1254,1353.2827373345747,0.5337556123831858,1346
1255,1353.2827373345747,0.5337556123831858,1346
1256,1353.2827373345747,0.5337556123831858,1346
1257,1353.2827373345747,0.5337556123831858,1346
1258,1353.2827373345747,0.5337556123831858,1346
1259,1353.2827373345747,0.5337556123831858,1346
1260,1353.2827373345747,0.5337556123831858,1346
1261,1353.2827373345747,0.5337556123831858,1346
1262,1368.1036317445553,0.5452220394010662,1361
1263,1353.2827373345747,0.5337556123831858,1346
1264,1366.2879381005002,0.53342265681817,1359
1265,1366.2879381005002,0.53342265681817,1359
1266,1366.2879381005002,0.53342265681817,1359
1267,1366.2879381005002,0.53342265681817,1359
1268,1366.2879381005002,0.53342265681817,1359
1269,1366.2879381005002,0.53342265681817,1359
1270,1366.2879381005002,0.53342265681817,1359
1271,1366.2879381005002,0.53342265681817,1359
1272,1366.2879381005002,0.53342265681817,1359
1273,1366.2879381005002,0.53342265681817,1359
1274,1366.2879381005002,0.53342265681817,1359
1275,1366.2879381005002,0.53342265681817,1359
1276,1366.2879381005002,0.53342265681817,1359
1277,1366.2879381005002,0.53342265681817,1359
1278,1366.2879381005002,0.53342265681817,1359
1279,1366.2879381005002,0.53342265681817,1359
1280,1366.2879381005002,0.53342265681817,1359
1281,1366.2879381005002,0.53342265681817,1359
1282,1343.2786657730971,0.5340162757300143,1336
1283,1343.2786657730971,0.5340162757300143,1336
1284,1343.2786657730971,0.5340162757300143,1336
1285,1343.2786657730971,0.5340162757300143,1336
1286,1343.2786657730971,0.5340162757300143,1336
1287,1343.2786657730971,0.5340162757300143,1336
1288,1343.2786657730971,0.5340162757300143,1336
1289,1343.2786657730971,0.5340162757300143,1336
1290,1343.2786657730971,0.5340162757300143,1336
1291,1343.2786657730971,0.5340162757300143,1336
1292,1343.2786657730971,0.5340162757300143,1336
1293,1343.2786657730971,0.5340162757300143,1336
1294,1343.2786657730971,0.5340162757300143,1336
1295,1343.2786657730971,0.5340162757300143,1336
1296,1343.2786657730971,0.5340162757300143,1336
1297,1343.2786657730971,0.5340162757300143,1336
1298,1343.2786657730971,0.5340162757300143,1336
1299,1343.2786657730971,0.5340162757300143,1336
1300,1368.9661921054328,0.5540209919697234,1362
1301,1368.9661921054328,0.5540209919697234,1362
1302,1368.9661921054328,0.5540209919697234,1362
1303,1368.9661921054328,0.5540209919697234,1362
1304,1368.9661921054328,0.5540209919697234,1362
1305,1368.9661921054328,0.5540209919697234,1362
1306,1368.9661921054328,0.5540209919697234,1362
1307,1368.9661921054328,0.5540209919697234,1362
1308,1368.9661921054328,0.5540209919697234,1362
1309,1368.9661921054328,0.5540209919697234,1362
1310,1368.9661921054328,0.5540209919697234,1362
1311,1368.9661921054328,0.5540209919697234,1362
1312,1368.9661921054328,0.5540209919697234,1362
1313,1368.9661921054328,0.5540209919697234,1362
1314,1368.9661921054328,0.5540209919697234,1362
1315,1368.9661921054328,0.5540209919697234,1362
1316,1368.9661921054328,0.5540209919697234,1362
1317,1368.9661921054328,0.5540209919697234,1362
1318,1368.9661921054328,0.5540209919697234,1362
1319,1386.977719930273,0.5532829750145264,1380
1320,1386.977719930273,0.5532829750145264,1380
1321,1374.9700699294078,0.5537727317920772,1368
1322,1374.9700699294078,0.5537727317920772,1368
1323,1374.9700699294078,0.5537727317920772,1368
1324,1374.9700699294078,0.5537727317920772,1368
1325,1374.9700699294078,0.5537727317920772,1368
1326,1349.2811162123387,0.5338593974175035,1342
1327,1349.2811162123387,0.5338593974175035,1342
1328,1349.2811162123387,0.5338593974175035,1342
1329,1349.2811162123387,0.5338593974175035,1342
1330,1349.2811162123387,0.5338593974175035,1342
1331,1349.2811162123387,0.5338593974175035,1342
1332,1349.2811162123387,0.5338593974175035,1342
1333,1349.2811162123387,0.5338593974175035,1342
1334,1349.2811162123387,0.5338593974175035,1342
1335,1349.2811162123387,0.5338593974175035,1342
1336,1349.2811162123387,0.5338593974175035,1342
1337,1349.2811162123387,0.5338593974175035,1342
1338,1349.2811162123387,0.5338593974175035,1342
1339,1349.2811162123387,0.5338593974175035,1342
1340,1349.2811162123387,0.5338593974175035,1342
1341,1349.2811162123387,0.5338593974175035,1342
1342,1349.2811162123387,0.5338593974175035,1342
1343,1347.2803019115674,0.5339115293490775,1340
1344,1347.2803019115674,0.5339115293490775,1340
1345,1347.2803019115674,0.5339115293490775,1340
1346,1347.2803019115674,0.5339115293490775,1340
1347,1347.2803019115674,0.5339115293490775,1340
1348,1347.2803019115674,0.5339115293490775,1340
1349,1351.2819280161898,0.5338074253399656,1344
1350,1351.2819280161898,0.5338074253399656,1344
1351,1351.2819280161898,0.5338074253399656,1344
1352,1351.2819280161898,0.5338074253399656,1344
1353,1351.2819280161898,0.5338074253399656,1344
1354,1351.2819280161898,0.5338074253399656,1344
1355,1351.2819280161898,0.5338074253399656,1344
1356,1351.2819280161898,0.5338074253399656,1344
1357,1351.2819280161898,0.5338074253399656,1344
1358,1351.2819280161898,0.5338074253399656,1344
1359,1351.2819280161898,0.5338074253399656,1344
1360,1351.2819280161898,0.5338074253399656,1344
1361,1351.2819280161898,0.5338074253399656,1344
1362,1351.2819280161898,0.5338074253399656,1344
1363,1351.2819280161898,0.5338074253399656,1344
1364,1351.2819280161898,0.5338074253399656,1344
1365,1351.2819280161898,0.5338074253399656,1344
1366,1351.2819280161898,0.5338074253399656,1344
1367,1351.2819280161898,0.5338074253399656,1344
1368,1351.2819280161898,0.5338074253399656,1344
1369,1351.2819280161898,0.5338074253399656,1344
1370,1351.2819280161898,0.5338074253399656,1344
1371,1351.2819280161898,0.5338074253399656,1344
1372,1351.2819280161898,0.5338074253399656,1344
1373,1351.2819280161898,0.5338074253399656,1344
1374,1351.2819280161898,0.5338074253399656,1344
1375,1351.2819280161898,0.5338074253399656,1344
1376,1351.2819280161898,0.5338074253399656,1344
1377,1370.8149756885025,0.5637019405568133,1364
1378,1370.8149756885025,0.5637019405568133,1364
1379,1370.8149756885025,0.5637019405568133,1364
1380,1358.9596491194013,0.5544398771189937,1352
1381,1358.9596491194013,0.5544398771189937,1352
1382,1358.9596491194013,0.5544398771189937,1352
1383,1358.9596491194013,0.5544398771189937,1352
1384,1358.9596491194013,0.5544398771189937,1352
1385,1358.9596491194013,0.5544398771189937,1352
1386,1358.9596491194013,0.5544398771189937,1352
1387,1358.9596491194013,0.5544398771189937,1352
1388,1358.9596491194013,0.5544398771189937,1352
1389,1358.9596491194013,0.5544398771189937,1352
1390,1358.9596491194013,0.5544398771189937,1352
1391,1358.9596491194013,0.5544398771189937,1352
1392,1338.9462549012735,0.5552973814805727,1332
1393,1332.2741138914978,0.5343076894047527,1325
1394,1332.2741138914978,0.5343076894047527,1325
1395,1332.2741138914978,0.5343076894047527,1325
1396,1332.2741138914978,0.5343076894047527,1325
1397,1332.2741138914978,0.5343076894047527,1325
1398,1332.2741138914978,0.5343076894047527,1325
1399,1332.2741138914978,0.5343076894047527,1325
1400,1332.2741138914978,0.5343076894047527,1325
1401,1332.2741138914978,0.5343076894047527,1325
1402,1332.2741138914978,0.5343076894047527,1325
1403,1332.2741138914978,0.5343076894047527,1325
1404,1332.2741138914978,0.5343076894047527,1325
1405,1332.2741138914978,0.5343076894047527,1325
1406,1338.9462549012735,0.5552973814805727,1332
1407,1338.9462549012735,0.5552973814805727,1332
1408,1338.9462549012735,0.5552973814805727,1332
1409,1338.9462549012735,0.5552973814805727,1332
1410,1338.9462549012735,0.5552973814805727,1332
1411,1338.9462549012735,0.5552973814805727,1332
1412,1338.9462549012735,0.5552973814805727,1332
1413,1338.9462549012735,0.5552973814805727,1332
1414,1338.9462549012735,0.5552973814805727,1332
1415,1344.9503171280392,0.5550373157465257,1338
1416,1344.9503171280392,0.5550373157465257,1338
1417,1344.9503171280392,0.5550373157465257,1338
1418,1344.9503171280392,0.5550373157465257,1338
1419,1344.9503171280392,0.5550373157465257,1338
1420,1344.9503171280392,0.5550373157465257,1338
1421,1356.8040806219449,0.5643994480188883,1350
1422,1356.8040806219449,0.5643994480188883,1350
1423,1356.8040806219449,0.5643994480188883,1350
1424,1356.8040806219449,0.5643994480188883,1350
1425,1356.8040806219449,0.5643994480188883,1350
1426,1370.8149756885025,0.5637019405568133,1364
1427,1370.8149756885025,0.5637019405568133,1364
1428,1370.8149756885025,0.5637019405568133,1364
1429,1370.8149756885025,0.5637019405568133,1364
1430,1350.081118616903,0.5466633407872635,1343
1431,1350.081118616903,0.5466633407872635,1343
1432,1350.081118616903,0.5466633407872635,1343
1433,1350.081118616903,0.5466633407872635,1343
1434,1359.9603079669216,0.5543976973801764,1353
1435,1359.9603079669216,0.5543976973801764,1353
1436,1359.9603079669216,0.5543976973801764,1353
1437,1350.081118616903,0.5466633407872635,1343
1438,1356.0844966882287,0.5464470750173711,1349
1439,1356.0844966882287,0.5464470750173711,1349
1440,1356.0844966882287,0.5464470750173711,1349
1441,1356.0844966882287,0.5464470750173711,1349
1442,1356.0844966882287,0.5464470750173711,1349
1443,1356.0844966882287,0.5464470750173711,1349
1444,1356.0844966882287,0.5464470750173711,1349
1445,1356.0844966882287,0.5464470750173711,1349
1446,1356.0844966882287,0.5464470750173711,1349
1447,1356.0844966882287,0.5464470750173711,1349
1448,1356.0844966882287,0.5464470750173711,1349
1449,1356.0844966882287,0.5464470750173711,1349
1450,1356.0844966882287,0.5464470750173711,1349
1451,1356.0844966882287,0.5464470750173711,1349
1452,1356.0844966882287,0.5464470750173711,1349
1453,1356.0844966882287,0.5464470750173711,1349
1454,1356.0844966882287,0.5464470750173711,1349
1455,1337.3136673957824,0.5317754548154704,1330
1456,1337.3136673957824,0.5317754548154704,1330
1457,1330.310962834419,0.531948602149884,1323
1458,1330.310962834419,0.531948602149884,1323
1459,1330.310962834419,0.531948602149884,1323
1460,1330.310962834419,0.531948602149884,1323
1461,1330.310962834419,0.531948602149884,1323
1462,1330.310962834419,0.531948602149884,1323
1463,1330.310962834419,0.531948602149884,1323
1464,1330.310962834419,0.531948602149884,1323
1465,1330.310962834419,0.531948602149884,1323
1466,1330.310962834419,0.531948602149884,1323
1467,1330.310962834419,0.531948602149884,1323
1468,1330.310962834419,0.531948602149884,1323
1469,1330.310962834419,0.531948602149884,1323
1470,1330.310962834419,0.531948602149884,1323
1471,1330.310962834419,0.531948602149884,1323
1472,1330.310962834419,0.531948602149884,1323
1473,1330.310962834419,0.531948602149884,1323
1474,1339.2770195077308,0.5341216704397669,1332
1475,1339.2770195077308,0.5341216704397669,1332
1476,1339.2770195077308,0.5341216704397669,1332
1477,1339.2770195077308,0.5341216704397669,1332
1478,1339.2770195077308,0.5341216704397669,1332
1479,1339.2770195077308,0.5341216704397669,1332
1480,1339.2770195077308,0.5341216704397669,1332
1481,1339.2770195077308,0.5341216704397669,1332
1482,1339.2770195077308,0.5341216704397669,1332
1483,1339.2770195077308,0.5341216704397669,1332
1484,1339.2770195077308,0.5341216704397669,1332
1485,1339.2770195077308,0.5341216704397669,1332
1486,1339.2770195077308,0.5341216704397669,1332
1487,1339.2770195077308,0.5341216704397669,1332
1488,1339.2770195077308,0.5341216704397669,1332
1489,1339.2770195077308,0.5341216704397669,1332
1490,1339.2770195077308,0.5341216704397669,1332
1491,1339.2770195077308,0.5341216704397669,1332
1492,1339.2770195077308,0.5341216704397669,1332
1493,1339.2770195077308,0.5341216704397669,1332
1494,1339.2770195077308,0.5341216704397669,1332
1495,1339.2770195077308,0.5341216704397669,1332
1496,1339.2770195077308,0.5341216704397669,1332
1497,1339.2770195077308,0.5341216704397669,1332
1498,1339.2770195077308,0.5341216704397669,1332
1499,1339.2770195077308,0.5341216704397669,1332
1500,1339.2770195077308,0.5341216704397669,1332
1501,1339.2770195077308,0.5341216704397669,1332
1502,1339.2770195077308,0.5341216704397669,1332
1503,1339.2770195077308,0.5341216704397669,1332
1504,1339.2770195077308,0.5341216704397669,1332
1505,1339.2770195077308,0.5341216704397669,1332
1506,1352.2823329853522,0.5337814990171357,1345
1507,1352.2823329853522,0.5337814990171357,1345
1508,1352.2823329853522,0.5337814990171357,1345
1509,1352.2823329853522,0.5337814990171357,1345
1510,1352.2823329853522,0.5337814990171357,1345
1511,1352.2823329853522,0.5337814990171357,1345
1512,1352.2823329853522,0.5337814990171357,1345
1513,1352.2823329853522,0.5337814990171357,1345
1514,1352.2823329853522,0.5337814990171357,1345
1515,1352.2823329853522,0.5337814990171357,1345
1516,1352.2823329853522,0.5337814990171357,1345
1517,1352.2823329853522,0.5337814990171357,1345
1518,1352.2823329853522,0.5337814990171357,1345
1519,1352.2823329853522,0.5337814990171357,1345
1520,1352.2823329853522,0.5337814990171357,1345
1521,1352.2823329853522,0.5337814990171357,1345
1522,1362.087843659353,0.5462328002975083,1355
1523,1362.087843659353,0.5462328002975083,1355
1524,1362.087843659353,0.5462328002975083,1355
1525,1362.087843659353,0.5462328002975083,1355
1526,1362.087843659353,0.5462328002975083,1355
1527,1379.8978505199987,0.5583962535212103,1373
1528,1379.8978505199987,0.5583962535212103,1373
1529,1379.8978505199987,0.5583962535212103,1373
1530,1379.8978505199987,0.5583962535212103,1373
1531,1389.7534425728393,0.5676413205608603,1383
1532,1406.5773267770073,0.5789163395001707,1400
1533,1406.5773267770073,0.5789163395001707,1400
1534,1406.5773267770073,0.5789163395001707,1400
1535,1383.8248841662266,0.5630675949918901,1377
1536,1383.8248841662266,0.5630675949918901,1377
1537,1383.8248841662266,0.5630675949918901,1377
1538,1383.8248841662266,0.5630675949918901,1377
1539,1383.8248841662266,0.5630675949918901,1377
1540,1380.8606526597698,0.5607776786318978,1374
1541,1380.8606526597698,0.5607776786318978,1374
1542,1380.8606526597698,0.5607776786318978,1374
1543,1380.8606526597698,0.5607776786318978,1374
1544,1380.8606526597698,0.5607776786318978,1374
1545,1370.853320164637,0.561247108537973,1364
1546,1370.853320164637,0.561247108537973,1364
1547,1370.853320164637,0.561247108537973,1364
1548,1373.8172798379203,0.5635544277899983,1367
1549,1373.8172798379203,0.5635544277899983,1367
1550,1373.8172798379203,0.5635544277899983,1367
1551,1373.8172798379203,0.5635544277899983,1367
1552,1373.8172798379203,0.5635544277899983,1367
1553,1373.8172798379203,0.5635544277899983,1367
1554,1373.8172798379203,0.5635544277899983,1367
1555,1373.8172798379203,0.5635544277899983,1367
1556,1373.8172798379203,0.5635544277899983,1367
1557,1370.853320164637,0.561247108537973,1364
1558,1370.853320164637,0.561247108537973,1364
1559,1370.853320164637,0.561247108537973,1364
1560,1370.853320164637,0.561247108537973,1364
1561,1345.8344856293695,0.5624529046498364,1339
1562,1345.8344856293695,0.5624529046498364,1339
1563,1345.8344856293695,0.5624529046498364,1339
1564,1345.8344856293695,0.5624529046498364,1339
1565,1345.8344856293695,0.5624529046498364,1339
1566,1345.8344856293695,0.5624529046498364,1339
1567,1345.8344856293695,0.5624529046498364,1339
1568,1345.8344856293695,0.5624529046498364,1339
1569,1345.8344856293695,0.5624529046498364,1339
1570,1345.8344856293695,0.5624529046498364,1339
1571,1345.8344856293695,0.5624529046498364,1339
1572,1345.8344856293695,0.5624529046498364,1339
1573,1348.7977475343782,0.564804895366312,1342
1574,1348.7977475343782,0.564804895366312,1342
1575,1348.7977475343782,0.564804895366312,1342
1576,1348.7977475343782,0.564804895366312,1342
1577,1348.7977475343782,0.564804895366312,1342
1578,1348.7977475343782,0.564804895366312,1342
1579,1348.7977475343782,0.564804895366312,1342
1580,1345.8344856293695,0.5624529046498364,1339
1581,1345.8344856293695,0.5624529046498364,1339
1582,1345.8344856293695,0.5624529046498364,1339
1583,1345.8344856293695,0.5624529046498364,1339
1584,1345.8344856293695,0.5624529046498364,1339
1585,1345.8344856293695,0.5624529046498364,1339
1586,1345.8344856293695,0.5624529046498364,1339
1587,1345.8344856293695,0.5624529046498364,1339
1588,1345.8344856293695,0.5624529046498364,1339
1589,1348.7977475343782,0.564804895366312,1342
1590,1348.7977475343782,0.564804895366312,1342
1591,1348.7977475343782,0.564804895366312,1342
1592,1345.8344856293695,0.5624529046498364,1339
1593,1345.8344856293695,0.5624529046498364,1339
1594,1345.8344856293695,0.5624529046498364,1339
1595,1345.8344856293695,0.5624529046498364,1339
1596,1345.8344856293695,0.5624529046498364,1339
1597,1345.8344856293695,0.5624529046498364,1339
1598,1345.8344856293695,0.5624529046498364,1339
1599,1345.8344856293695,0.5624529046498364,1339
1600,1348.7977475343782,0.564804895366312,1342
1601,1348.7977475343782,0.564804895366312,1342
1602,1348.7977475343782,0.564804895366312,1342
1603,1348.7977475343782,0.564804895366312,1342
1604,1348.7977475343782,0.564804895366312,1342
1605,1348.7977475343782,0.564804895366312,1342
1606,1348.7977475343782,0.564804895366312,1342
1607,1348.7977475343782,0.564804895366312,1342
1608,1345.8344856293695,0.5624529046498364,1339
1609,1345.8344856293695,0.5624529046498364,1339
1610,1345.8344856293695,0.5624529046498364,1339
1611,1345.8344856293695,0.5624529046498364,1339
1612,1345.8344856293695,0.5624529046498364,1339
1613,1345.8344856293695,0.5624529046498364,1339
1614,1345.8344856293695,0.5624529046498364,1339
1615,1345.8344856293695,0.5624529046498364,1339
1616,1345.8344856293695,0.5624529046498364,1339
1617,1345.8344856293695,0.5624529046498364,1339
1618,1345.8344856293695,0.5624529046498364,1339
1619,1345.8344856293695,0.5624529046498364,1339
1620,1345.8344856293695,0.5624529046498364,1339
1621,1345.8344856293695,0.5624529046498364,1339
1622,1345.8344856293695,0.5624529046498364,1339
1623,1345.8344856293695,0.5624529046498364,1339
1624,1345.8344856293695,0.5624529046498364,1339
1625,1345.8344856293695,0.5624529046498364,1339
1626,1345.8344856293695,0.5624529046498364,1339
1627,1345.8344856293695,0.5624529046498364,1339
1628,1345.8344856293695,0.5624529046498364,1339
1629,1345.8344856293695,0.5624529046498364,1339
1630,1345.8344856293695,0.5624529046498364,1339
1631,1345.8344856293695,0.5624529046498364,1339
1632,1345.8344856293695,0.5624529046498364,1339
1633,1345.8344856293695,0.5624529046498364,1339
1634,1391.2754992281184,0.5982394860359588,1385
1635,1385.3478200617944,0.5936094710758971,1379
1636,1385.3478200617944,0.5936094710758971,1379
1637,1385.3478200617944,0.5936094710758971,1379
1638,1385.3478200617944,0.5936094710758971,1379
1639,1389.2995839533696,0.596697570206816,1383
1640,1389.2995839533696,0.596697570206816,1383
1641,1389.2995839533696,0.596697570206816,1383
1642,1389.2995839533696,0.596697570206816,1383
1643,1384.8129682632248,0.5638304568998179,1378
1644,1390.06619430945,0.5476188022119036,1383
1645,1390.06619430945,0.5476188022119036,1383
1646,1390.06619430945,0.5476188022119036,1383
1647,1390.06619430945,0.5476188022119036,1383
1648,1395.6310768693868,0.5754752324336255,1389
1649,1364.9889017237122,0.5525671111579866,1358
1650,1377.934295259604,0.5560630435592938,1371
1651,1377.934295259604,0.5560630435592938,1371
1652,1377.934295259604,0.5560630435592938,1371
1653,1377.934295259604,0.5560630435592938,1371
1654,1384.8887535457131,0.5589786462411614,1378
1655,1384.8887535457131,0.5589786462411614,1378
1656,1386.864998652023,0.5604994460932801,1380
1657,1386.864998652023,0.5604994460932801,1380
1658,1384.8887535457131,0.5589786462411614,1378
1659,1384.8887535457131,0.5589786462411614,1378
1660,1384.8887535457131,0.5589786462411614,1378
1661,1366.9901657458563,0.5524861878453039,1360
1662,1366.9901657458563,0.5524861878453039,1360
1663,1380.8226150783896,0.5632128630992584,1374
1664,1380.8226150783896,0.5632128630992584,1374
1665,1380.8226150783896,0.5632128630992584,1374
1666,1380.8226150783896,0.5632128630992584,1374
1667,1380.8226150783896,0.5632128630992584,1374
1668,1380.8226150783896,0.5632128630992584,1374
1669,1380.8226150783896,0.5632128630992584,1374
1670,1380.8226150783896,0.5632128630992584,1374
1671,1377.8584646957186,0.5609177531550189,1371
1672,1377.8584646957186,0.5609177531550189,1371
1673,1380.8226150783896,0.5632128630992584,1374
1674,1380.8226150783896,0.5632128630992584,1374
1675,1380.8226150783896,0.5632128630992584,1374
1676,1380.8226150783896,0.5632128630992584,1374
1677,1380.8226150783896,0.5632128630992584,1374
1678,1380.8226150783896,0.5632128630992584,1374
1679,1380.8226150783896,0.5632128630992584,1374
1680,1380.8226150783896,0.5632128630992584,1374
1681,1380.8226150783896,0.5632128630992584,1374
1682,1380.8226150783896,0.5632128630992584,1374
1683,1380.8226150783896,0.5632128630992584,1374
1684,1380.8226150783896,0.5632128630992584,1374
1685,1380.8226150783896,0.5632128630992584,1374
1686,1380.8226150783896,0.5632128630992584,1374
1687,1380.8226150783896,0.5632128630992584,1374
1688,1380.8226150783896,0.5632128630992584,1374
1689,1380.8226150783896,0.5632128630992584,1374
1690,1380.8226150783896,0.5632128630992584,1374
1691,1380.8226150783896,0.5632128630992584,1374
1692,1380.8226150783896,0.5632128630992584,1374
1693,1380.8226150783896,0.5632128630992584,1374
1694,1380.8226150783896,0.5632128630992584,1374
1695,1380.8226150783896,0.5632128630992584,1374
1696,1380.8226150783896,0.5632128630992584,1374
1697,1380.8226150783896,0.5632128630992584,1374
1698,1380.8226150783896,0.5632128630992584,1374
1699,1380.8226150783896,0.5632128630992584,1374
1700,1380.8226150783896,0.5632128630992584,1374
1701,1380.8226150783896,0.5632128630992584,1374
1702,1380.8226150783896,0.5632128630992584,1374
1703,1380.8226150783896,0.5632128630992584,1374
1704,1380.8226150783896,0.5632128630992584,1374
1705,1380.8226150783896,0.5632128630992584,1374
1706,1357.3212358016328,0.5312909217904781,1350
1707,1357.3212358016328,0.5312909217904781,1350
1708,1357.3212358016328,0.5312909217904781,1350
1709,1357.3212358016328,0.5312909217904781,1350
1710,1357.3212358016328,0.5312909217904781,1350
1711,1357.3212358016328,0.5312909217904781,1350
1712,1357.3212358016328,0.5312909217904781,1350
1713,1357.3212358016328,0.5312909217904781,1350
1714,1357.3212358016328,0.5312909217904781,1350
1715,1357.3212358016328,0.5312909217904781,1350
1716,1357.3212358016328,0.5312909217904781,1350
1717,1357.3212358016328,0.5312909217904781,1350
1718,1357.3212358016328,0.5312909217904781,1350
1719,1357.3212358016328,0.5312909217904781,1350
1720,1357.3212358016328,0.5312909217904781,1350
1721,1357.3212358016328,0.5312909217904781,1350
1722,1357.3212358016328,0.5312909217904781,1350
1723,1357.3212358016328,0.5312909217904781,1350
1724,1357.3212358016328,0.5312909217904781,1350
1725,1357.3212358016328,0.5312909217904781,1350
1726,1357.3212358016328,0.5312909217904781,1350
1727,1357.3212358016328,0.5312909217904781,1350
1728,1357.3212358016328,0.5312909217904781,1350
1729,1357.3212358016328,0.5312909217904781,1350
1730,1357.3212358016328,0.5312909217904781,1350
1731,1357.3212358016328,0.5312909217904781,1350
1732,1357.3212358016328,0.5312909217904781,1350
1733,1357.3212358016328,0.5312909217904781,1350
1734,1357.3212358016328,0.5312909217904781,1350
1735,1357.3212358016328,0.5312909217904781,1350
1736,1357.3212358016328,0.5312909217904781,1350
1737,1357.3212358016328,0.5312909217904781,1350
1738,1357.3212358016328,0.5312909217904781,1350
1739,1357.3212358016328,0.5312909217904781,1350
1740,1357.3212358016328,0.5312909217904781,1350
1741,1357.3212358016328,0.5312909217904781,1350
1742,1357.3212358016328,0.5312909217904781,1350
1743,1357.3212358016328,0.5312909217904781,1350
1744,1357.3212358016328,0.5312909217904781,1350
1745,1357.3212358016328,0.5312909217904781,1350
1746,1357.3212358016328,0.5312909217904781,1350
1747,1357.3212358016328,0.5312909217904781,1350
1748,1357.3212358016328,0.5312909217904781,1350
1749,1340.314817549351,0.5317018214244036,1333
1750,1340.314817549351,0.5317018214244036,1333
1751,1340.314817549351,0.5317018214244036,1333
1752,1340.314817549351,0.5317018214244036,1333
1753,1340.314817549351,0.5317018214244036,1333
1754,1340.314817549351,0.5317018214244036,1333
1755,1340.314817549351,0.5317018214244036,1333
1756,1340.314817549351,0.5317018214244036,1333
1757,1340.314817549351,0.5317018214244036,1333
1758,1340.314817549351,0.5317018214244036,1333
1759,1340.314817549351,0.5317018214244036,1333
1760,1340.314817549351,0.5317018214244036,1333
1761,1340.314817549351,0.5317018214244036,1333
1762,1340.314817549351,0.5317018214244036,1333
1763,1340.314817549351,0.5317018214244036,1333
1764,1340.314817549351,0.5317018214244036,1333
1765,1340.314817549351,0.5317018214244036,1333
1766,1340.314817549351,0.5317018214244036,1333
1767,1340.314817549351,0.5317018214244036,1333
1768,1340.314817549351,0.5317018214244036,1333
1769,1340.314817549351,0.5317018214244036,1333
1770,1340.314817549351,0.5317018214244036,1333
1771,1340.314817549351,0.5317018214244036,1333
1772,1340.314817549351,0.5317018214244036,1333
1773,1340.314817549351,0.5317018214244036,1333
1774,1340.314817549351,0.5317018214244036,1333
1775,1340.314817549351,0.5317018214244036,1333
1776,1340.314817549351,0.5317018214244036,1333
1777,1340.314817549351,0.5317018214244036,1333
1778,1340.314817549351,0.5317018214244036,1333
1779,1340.314817549351,0.5317018214244036,1333
1780,1340.314817549351,0.5317018214244036,1333
1781,1340.314817549351,0.5317018214244036,1333
1782,1340.314817549351,0.5317018214244036,1333
1783,1340.314817549351,0.5317018214244036,1333
1784,1340.314817549351,0.5317018214244036,1333
1785,1340.314817549351,0.5317018214244036,1333
1786,1340.314817549351,0.5317018214244036,1333
1787,1340.314817549351,0.5317018214244036,1333
1788,1340.314817549351,0.5317018214244036,1333
1789,1340.314817549351,0.5317018214244036,1333
1790,1340.314817549351,0.5317018214244036,1333
1791,1340.314817549351,0.5317018214244036,1333
1792,1340.314817549351,0.5317018214244036,1333
1793,1340.314817549351,0.5317018214244036,1333
1794,1340.314817549351,0.5317018214244036,1333
1795,1340.314817549351,0.5317018214244036,1333
1796,1340.314817549351,0.5317018214244036,1333
1797,1340.314817549351,0.5317018214244036,1333
1798,1340.314817549351,0.5317018214244036,1333
1799,1340.314817549351,0.5317018214244036,1333
1800,1340.314817549351,0.5317018214244036,1333
1801,1340.314817549351,0.5317018214244036,1333
1802,1340.314817549351,0.5317018214244036,1333
1803,1340.314817549351,0.5317018214244036,1333
1804,1340.314817549351,0.5317018214244036,1333
1805,1340.314817549351,0.5317018214244036,1333
1806,1340.314817549351,0.5317018214244036,1333
1807,1340.314817549351,0.5317018214244036,1333
1808,1340.314817549351,0.5317018214244036,1333
1809,1340.314817549351,0.5317018214244036,1333
1810,1340.314817549351,0.5317018214244036,1333
1811,1340.314817549351,0.5317018214244036,1333
1812,1340.314817549351,0.5317018214244036,1333
1813,1340.314817549351,0.5317018214244036,1333
1814,1340.314817549351,0.5317018214244036,1333
1815,1340.314817549351,0.5317018214244036,1333
1816,1340.314817549351,0.5317018214244036,1333
1817,1340.314817549351,0.5317018214244036,1333
1818,1340.314817549351,0.5317018214244036,1333
1819,1340.314817549351,0.5317018214244036,1333
1820,1340.314817549351,0.5317018214244036,1333
1821,1340.314817549351,0.5317018214244036,1333
1822,1340.314817549351,0.5317018214244036,1333
1823,1340.314817549351,0.5317018214244036,1333
1824,1340.314817549351,0.5317018214244036,1333
1825,1340.314817549351,0.5317018214244036,1333
1826,1340.314817549351,0.5317018214244036,1333
1827,1340.314817549351,0.5317018214244036,1333
1828,1340.314817549351,0.5317018214244036,1333
1829,1340.314817549351,0.5317018214244036,1333
1830,1340.314817549351,0.5317018214244036,1333
1831,1356.3208628619977,0.5313147975673632,1349
1832,1356.3208628619977,0.5313147975673632,1349
1833,1356.3208628619977,0.5313147975673632,1349
1834,1356.3208628619977,0.5313147975673632,1349
1835,1356.3208628619977,0.5313147975673632,1349
1836,1356.3208628619977,0.5313147975673632,1349
1837,1356.3208628619977,0.5313147975673632,1349
1838,1356.3208628619977,0.5313147975673632,1349
1839,1356.3208628619977,0.5313147975673632,1349
1840,1356.3208628619977,0.5313147975673632,1349
1841,1356.3208628619977,0.5313147975673632,1349
1842,1356.3208628619977,0.5313147975673632,1349
1843,1356.3208628619977,0.5313147975673632,1349
1844,1356.3208628619977,0.5313147975673632,1349
1845,1356.3208628619977,0.5313147975673632,1349
1846,1356.3208628619977,0.5313147975673632,1349
1847,1356.3208628619977,0.5313147975673632,1349
1848,1356.3208628619977,0.5313147975673632,1349
1849,1356.3208628619977,0.5313147975673632,1349
1850,1356.3208628619977,0.5313147975673632,1349
1851,1356.3208628619977,0.5313147975673632,1349
1852,1356.3208628619977,0.5313147975673632,1349
1853,1356.3208628619977,0.5313147975673632,1349
1854,1356.3208628619977,0.5313147975673632,1349
1855,1356.3208628619977,0.5313147975673632,1349
1856,1356.3208628619977,0.5313147975673632,1349
1857,1356.3208628619977,0.5313147975673632,1349
1858,1356.3208628619977,0.5313147975673632,1349
1859,1356.3208628619977,0.5313147975673632,1349
1860,1356.3208628619977,0.5313147975673632,1349
1861,1356.3208628619977,0.5313147975673632,1349
1862,1356.3208628619977,0.5313147975673632,1349
1863,1356.3208628619977,0.5313147975673632,1349
1864,1356.3208628619977,0.5313147975673632,1349
1865,1356.3208628619977,0.5313147975673632,1349
1866,1356.3208628619977,0.5313147975673632,1349
1867,1356.3208628619977,0.5313147975673632,1349
1868,1356.3208628619977,0.5313147975673632,1349
1869,1356.3208628619977,0.5313147975673632,1349
1870,1356.3208628619977,0.5313147975673632,1349
1871,1356.3208628619977,0.5313147975673632,1349
1872,1356.3208628619977,0.5313147975673632,1349
1873,1356.3208628619977,0.5313147975673632,1349
1874,1356.3208628619977,0.5313147975673632,1349
1875,1356.3208628619977,0.5313147975673632,1349
1876,1356.3208628619977,0.5313147975673632,1349
1877,1356.3208628619977,0.5313147975673632,1349
1878,1356.3208628619977,0.5313147975673632,1349
1879,1356.3208628619977,0.5313147975673632,1349
1880,1356.3208628619977,0.5313147975673632,1349
1881,1356.3208628619977,0.5313147975673632,1349
1882,1356.3208628619977,0.5313147975673632,1349
1883,1356.3208628619977,0.5313147975673632,1349
1884,1356.3208628619977,0.5313147975673632,1349
1885,1356.3208628619977,0.5313147975673632,1349
1886,1356.3208628619977,0.5313147975673632,1349
1887,1356.3208628619977,0.5313147975673632,1349
1888,1356.3208628619977,0.5313147975673632,1349
1889,1356.9838065270837,0.5528933081252412,1350
1890,1356.9838065270837,0.5528933081252412,1350
1891,1356.9838065270837,0.5528933081252412,1350
1892,1356.9838065270837,0.5528933081252412,1350
1893,1356.9838065270837,0.5528933081252412,1350
1894,1356.9838065270837,0.5528933081252412,1350
1895,1356.9838065270837,0.5528933081252412,1350
1896,1356.9838065270837,0.5528933081252412,1350
1897,1356.9838065270837,0.5528933081252412,1350
1898,1356.9838065270837,0.5528933081252412,1350
1899,1356.9838065270837,0.5528933081252412,1350
1900,1382.8241289585762,0.5631159437531228,1376
1901,1379.8599244530626,0.5608242987795989,1373
1902,1379.8599244530626,0.5608242987795989,1373
1903,1379.8599244530626,0.5608242987795989,1373
1904,1379.8599244530626,0.5608242987795989,1373
1905,1379.8599244530626,0.5608242987795989,1373
1906,1379.8599244530626,0.5608242987795989,1373
1907,1379.8599244530626,0.5608242987795989,1373
1908,1379.8599244530626,0.5608242987795989,1373
1909,1379.8599244530626,0.5608242987795989,1373
1910,1379.8599244530626,0.5608242987795989,1373
1911,1379.8599244530626,0.5608242987795989,1373
1912,1382.8241289585762,0.5631159437531228,1376
1913,1382.8241289585762,0.5631159437531228,1376
1914,1382.8241289585762,0.5631159437531228,1376
1915,1382.8241289585762,0.5631159437531228,1376
1916,1368.2274436706125,0.537295539653487,1361
1917,1368.2274436706125,0.537295539653487,1361
1918,1368.2274436706125,0.537295539653487,1361
1919,1368.2274436706125,0.537295539653487,1361
1920,1368.2274436706125,0.537295539653487,1361
1921,1368.2274436706125,0.537295539653487,1361
1922,1368.2274436706125,0.537295539653487,1361
1923,1368.2274436706125,0.537295539653487,1361
1924,1368.2274436706125,0.537295539653487,1361
1925,1368.2274436706125,0.537295539653487,1361
1926,1368.2274436706125,0.537295539653487,1361
1927,1368.2274436706125,0.537295539653487,1361
1928,1368.2274436706125,0.537295539653487,1361
1929,1368.2274436706125,0.537295539653487,1361
1930,1368.2274436706125,0.537295539653487,1361
1931,1368.2274436706125,0.537295539653487,1361
1932,1368.2274436706125,0.537295539653487,1361
1933,1378.0966200899832,0.5456709289383338,1371
1934,1378.0966200899832,0.5456709289383338,1371
1935,1378.0966200899832,0.5456709289383338,1371
1936,1378.0966200899832,0.5456709289383338,1371
1937,1383.9758204861341,0.5534045783524959,1377
1938,1398.7732743362833,0.5663716814159292,1392
1939,1390.8678740231187,0.5603153634367033,1384
1940,1390.8678740231187,0.5603153634367033,1384
1941,1390.8678740231187,0.5603153634367033,1384
1942,1390.8678740231187,0.5603153634367033,1384
1943,1398.7732743362833,0.5663716814159292,1392
1944,1398.7732743362833,0.5663716814159292,1392
1945,1398.7732743362833,0.5663716814159292,1392
1946,1398.7732743362833,0.5663716814159292,1392
1947,1398.7732743362833,0.5663716814159292,1392
1948,1398.7732743362833,0.5663716814159292,1392
1949,1398.7732743362833,0.5663716814159292,1392
1950,1398.7732743362833,0.5663716814159292,1392
1951,1398.7732743362833,0.5663716814159292,1392
1952,1398.7732743362833,0.5663716814159292,1392
1953,1398.7732743362833,0.5663716814159292,1392
1954,1390.8678740231187,0.5603153634367033,1384
1955,1390.8678740231187,0.5603153634367033,1384
1956,1398.7732743362833,0.5663716814159292,1392
1957,1398.7732743362833,0.5663716814159292,1392
1958,1398.7732743362833,0.5663716814159292,1392
1959,1398.7732743362833,0.5663716814159292,1392
1960,1398.7732743362833,0.5663716814159292,1392
1961,1398.7732743362833,0.5663716814159292,1392
1962,1390.8678740231187,0.5603153634367033,1384
1963,1390.8678740231187,0.5603153634367033,1384
1964,1390.8678740231187,0.5603153634367033,1384
1965,1390.8678740231187,0.5603153634367033,1384
1966,1390.8678740231187,0.5603153634367033,1384
1967,1390.8678740231187,0.5603153634367033,1384
1968,1390.8678740231187,0.5603153634367033,1384
1969,1390.8678740231187,0.5603153634367033,1384
1970,1407.8799023276365,0.5595453055290277,1401
1971,1390.830138525249,0.5627312083707419,1384
1972,1390.830138525249,0.5627312083707419,1384
1973,1390.830138525249,0.5627312083707419,1384
1974,1359.321979979098,0.5312432791870737,1352
1975,1359.321979979098,0.5312432791870737,1352
1976,1359.321979979098,0.5312432791870737,1352
1977,1359.321979979098,0.5312432791870737,1352
1978,1359.321979979098,0.5312432791870737,1352
1979,1367.3249341867256,0.5310541493773551,1360
1980,1367.3249341867256,0.5310541493773551,1360
1981,1367.3249341867256,0.5310541493773551,1360
1982,1367.3249341867256,0.5310541493773551,1360
1983,1367.3249341867256,0.5310541493773551,1360
1984,1367.3249341867256,0.5310541493773551,1360
1985,1377.328577075233,0.5308209298826532,1370
1986,1377.328577075233,0.5308209298826532,1370
1987,1377.328577075233,0.5308209298826532,1370
1988,1377.328577075233,0.5308209298826532,1370
1989,1359.321979979098,0.5312432791870737,1352
1990,1359.321979979098,0.5312432791870737,1352
1991,1359.321979979098,0.5312432791870737,1352
1992,1359.321979979098,0.5312432791870737,1352
1993,1359.321979979098,0.5312432791870737,1352
1994,1359.321979979098,0.5312432791870737,1352
1995,1359.321979979098,0.5312432791870737,1352
1996,1359.321979979098,0.5312432791870737,1352
1997,1359.321979979098,0.5312432791870737,1352
1998,1359.321979979098,0.5312432791870737,1352
1999,1359.321979979098,0.5312432791870737,1352
2000,1359.321979979098,0.5312432791870737,1352
2001,1359.321979979098,0.5312432791870737,1352
2002,1359.321979979098,0.5312432791870737,1352
2003,1359.321979979098,0.5312432791870737,1352
2004,1359.321979979098,0.5312432791870737,1352
2005,1359.321979979098,0.5312432791870737,1352
2006,1359.321979979098,0.5312432791870737,1352
2007,1359.321979979098,0.5312432791870737,1352
2008,1359.321979979098,0.5312432791870737,1352
2009,1359.321979979098,0.5312432791870737,1352
2010,1359.321979979098,0.5312432791870737,1352
2011,1359.321979979098,0.5312432791870737,1352
2012,1359.321979979098,0.5312432791870737,1352
2013,1359.321979979098,0.5312432791870737,1352
2014,1359.321979979098,0.5312432791870737,1352
2015,1359.321979979098,0.5312432791870737,1352
2016,1359.321979979098,0.5312432791870737,1352
2017,1359.321979979098,0.5312432791870737,1352
2018,1386.001983172261,0.5517296304570471,1379
2019,1386.001983172261,0.5517296304570471,1379
2020,1386.001983172261,0.5517296304570471,1379
2021,1386.001983172261,0.5517296304570471,1379
2022,1359.321979979098,0.5312432791870737,1352
2023,1359.321979979098,0.5312432791870737,1352
2024,1359.321979979098,0.5312432791870737,1352
2025,1359.321979979098,0.5312432791870737,1352
2026,1386.001983172261,0.5517296304570471,1379
2027,1386.001983172261,0.5517296304570471,1379
2028,1386.001983172261,0.5517296304570471,1379
2029,1387.7645403491665,0.566930835520703,1381
2030,1387.7645403491665,0.566930835520703,1381
2031,1388.0650707630207,0.5476907322009795,1381
2032,1366.3245668663249,0.5310776654081395,1359
2033,1366.3245668663249,0.5310776654081395,1359
2034,1366.3245668663249,0.5310776654081395,1359
2035,1366.3245668663249,0.5310776654081395,1359
2036,1366.3245668663249,0.5310776654081395,1359
2037,1366.3245668663249,0.5310776654081395,1359
2038,1366.3245668663249,0.5310776654081395,1359
2039,1366.3245668663249,0.5310776654081395,1359
2040,1366.3245668663249,0.5310776654081395,1359
2041,1366.3245668663249,0.5310776654081395,1359
2042,1366.3245668663249,0.5310776654081395,1359
2043,1366.3245668663249,0.5310776654081395,1359
2044,1366.3245668663249,0.5310776654081395,1359
2045,1366.3245668663249,0.5310776654081395,1359
2046,1366.3245668663249,0.5310776654081395,1359
2047,1366.3245668663249,0.5310776654081395,1359
2048,1366.3245668663249,0.5310776654081395,1359
2049,1366.3245668663249,0.5310776654081395,1359
2050,1366.3245668663249,0.5310776654081395,1359
2051,1366.3245668663249,0.5310776654081395,1359
2052,1366.3245668663249,0.5310776654081395,1359
2053,1366.3245668663249,0.5310776654081395,1359
2054,1366.3245668663249,0.5310776654081395,1359
2055,1366.3245668663249,0.5310776654081395,1359
2056,1366.3245668663249,0.5310776654081395,1359
2057,1388.0650707630207,0.5476907322009795,1381
2058,1378.0594018484599,0.5480536588694059,1371
2059,1378.0594018484599,0.5480536588694059,1371
2060,1378.0594018484599,0.5480536588694059,1371
2061,1378.0594018484599,0.5480536588694059,1371
2062,1378.0594018484599,0.5480536588694059,1371
2063,1375.0576843503843,0.5481636139318592,1368
2064,1375.0576843503843,0.5481636139318592,1368
2065,1375.0576843503843,0.5481636139318592,1368
2066,1375.0576843503843,0.5481636139318592,1368
2067,1375.0576843503843,0.5481636139318592,1368
2068,1375.0576843503843,0.5481636139318592,1368
2069,1375.0576843503843,0.5481636139318592,1368
2070,1375.0576843503843,0.5481636139318592,1368
2071,1375.0576843503843,0.5481636139318592,1368
2072,1375.0576843503843,0.5481636139318592,1368
2073,1375.0576843503843,0.5481636139318592,1368
2074,1375.0576843503843,0.5481636139318592,1368
2075,1375.0576843503843,0.5481636139318592,1368
2076,1375.0576843503843,0.5481636139318592,1368
2077,1375.0576843503843,0.5481636139318592,1368
2078,1375.0576843503843,0.5481636139318592,1368
2079,1375.0576843503843,0.5481636139318592,1368
2080,1375.0576843503843,0.5481636139318592,1368
2081,1375.0576843503843,0.5481636139318592,1368
2082,1375.0576843503843,0.5481636139318592,1368
2083,1375.0576843503843,0.5481636139318592,1368
2084,1382.0987810367465,0.5455325840751374,1375
2085,1382.0987810367465,0.5455325840751374,1375
2086,1382.0987810367465,0.5455325840751374,1375
2087,1398.1072957382457,0.5449874687422718,1391
2088,1408.966876900981,0.5539771510255433,1402
2089,1408.966876900981,0.5539771510255433,1402
2090,1408.966876900981,0.5539771510255433,1402
2091,1408.966876900981,0.5539771510255433,1402
2092,1408.966876900981,0.5539771510255433,1402
2093,1408.966876900981,0.5539771510255433,1402
2094,1408.966876900981,0.5539771510255433,1402
2095,1408.966876900981,0.5539771510255433,1402
2096,1408.966876900981,0.5539771510255433,1402
2097,1408.966876900981,0.5539771510255433,1402
2098,1399.119993911378,0.5441745255199761,1392
2099,1399.119993911378,0.5441745255199761,1392
2100,1399.119993911378,0.5441745255199761,1392
2101,1399.119993911378,0.5441745255199761,1392
2102,1387.235736977455,0.5367645981142776,1380
2103,1387.235736977455,0.5367645981142776,1380
2104,1387.235736977455,0.5367645981142776,1380
2105,1387.235736977455,0.5367645981142776,1380
2106,1387.235736977455,0.5367645981142776,1380
2107,1387.235736977455,0.5367645981142776,1380
2108,1387.235736977455,0.5367645981142776,1380
2109,1387.235736977455,0.5367645981142776,1380
2110,1387.235736977455,0.5367645981142776,1380
2111,1387.235736977455,0.5367645981142776,1380
2112,1387.235736977455,0.5367645981142776,1380
2113,1387.235736977455,0.5367645981142776,1380
2114,1387.235736977455,0.5367645981142776,1380
2115,1387.235736977455,0.5367645981142776,1380
2116,1387.235736977455,0.5367645981142776,1380
2117,1387.235736977455,0.5367645981142776,1380
2118,1387.235736977455,0.5367645981142776,1380
2119,1387.235736977455,0.5367645981142776,1380
2120,1387.235736977455,0.5367645981142776,1380
2121,1387.235736977455,0.5367645981142776,1380
2122,1387.235736977455,0.5367645981142776,1380
2123,1387.235736977455,0.5367645981142776,1380
2124,1387.235736977455,0.5367645981142776,1380
2125,1387.235736977455,0.5367645981142776,1380
2126,1387.235736977455,0.5367645981142776,1380
2127,1387.235736977455,0.5367645981142776,1380
2128,1399.119993911378,0.5441745255199761,1392
2129,1399.119993911378,0.5441745255199761,1392
2130,1399.119993911378,0.5441745255199761,1392
2131,1399.119993911378,0.5441745255199761,1392
2132,1399.119993911378,0.5441745255199761,1392
2133,1399.119993911378,0.5441745255199761,1392
2134,1399.119993911378,0.5441745255199761,1392
2135,1399.119993911378,0.5441745255199761,1392
2136,1399.119993911378,0.5441745255199761,1392
2137,1399.119993911378,0.5441745255199761,1392
2138,1399.119993911378,0.5441745255199761,1392
2139,1390.766936840224,0.5667774109971843,1384
2140,1390.766936840224,0.5667774109971843,1384
2141,1390.766936840224,0.5667774109971843,1384
2142,1390.766936840224,0.5667774109971843,1384
2143,1390.766936840224,0.5667774109971843,1384
2144,1390.766936840224,0.5667774109971843,1384
2145,1390.766936840224,0.5667774109971843,1384
2146,1390.766936840224,0.5667774109971843,1384
2147,1390.766936840224,0.5667774109971843,1384
2148,1390.766936840224,0.5667774109971843,1384
2149,1390.766936840224,0.5667774109971843,1384
2150,1390.766936840224,0.5667774109971843,1384
2151,1390.766936840224,0.5667774109971843,1384
2152,1390.766936840224,0.5667774109971843,1384
2153,1390.766936840224,0.5667774109971843,1384
2154,1390.766936840224,0.5667774109971843,1384
2155,1390.766936840224,0.5667774109971843,1384
2156,1390.766936840224,0.5667774109971843,1384
2157,1378.3289383597814,0.5307978002700808,1371
2158,1378.3289383597814,0.5307978002700808,1371
2159,1378.3289383597814,0.5307978002700808,1371
2160,1378.3289383597814,0.5307978002700808,1371
2161,1378.3289383597814,0.5307978002700808,1371
2162,1378.3289383597814,0.5307978002700808,1371
2163,1378.3289383597814,0.5307978002700808,1371
2164,1378.3289383597814,0.5307978002700808,1371
2165,1378.3289383597814,0.5307978002700808,1371
2166,1378.3289383597814,0.5307978002700808,1371
2167,1378.3289383597814,0.5307978002700808,1371
2168,1378.3289383597814,0.5307978002700808,1371
2169,1378.3289383597814,0.5307978002700808,1371
2170,1378.3289383597814,0.5307978002700808,1371
2171,1378.3289383597814,0.5307978002700808,1371
2172,1378.3289383597814,0.5307978002700808,1371
2173,1396.335350077112,0.5303873190069195,1389
2174,1396.335350077112,0.5303873190069195,1389
2175,1396.335350077112,0.5303873190069195,1389
2176,1396.335350077112,0.5303873190069195,1389
2177,1396.335350077112,0.5303873190069195,1389
2178,1396.335350077112,0.5303873190069195,1389
2179,1396.335350077112,0.5303873190069195,1389
2180,1404.0128694225702,0.5510326874154721,1397
2181,1404.0128694225702,0.5510326874154721,1397
2182,1392.0056447223383,0.5514952162395428,1385
2183,1392.0056447223383,0.5514952162395428,1385
2184,1392.0056447223383,0.5514952162395428,1385
2185,1392.0056447223383,0.5514952162395428,1385
2186,1392.0056447223383,0.5514952162395428,1385
2187,1392.0056447223383,0.5514952162395428,1385
2188,1319.9593969378298,0.5544560219059093,1313
2189,1319.9593969378298,0.5544560219059093,1313
2190,1319.9593969378298,0.5544560219059093,1313
2191,1319.9593969378298,0.5544560219059093,1313
2192,1365.989534220265,0.5525266184209345,1359
2193,1378.9726354623012,0.5536084851279687,1372
2194,1378.9726354623012,0.5536084851279687,1372
2195,1378.9726354623012,0.5536084851279687,1372
2196,1368.1036317445553,0.5452220394010662,1361
2197,1361.9869983859053,0.5526889637704674,1355
2198,1361.9869983859053,0.5526889637704674,1355
2199,1361.9869983859053,0.5526889637704674,1355
2200,1361.9869983859053,0.5526889637704674,1355
2201,1361.9869983859053,0.5526889637704674,1355
2202,1363.9882682539635,0.5526076661995204,1357
2203,1363.9882682539635,0.5526076661995204,1357
2204,1363.9882682539635,0.5526076661995204,1357
2205,1363.9882682539635,0.5526076661995204,1357
2206,1363.9882682539635,0.5526076661995204,1357
2207,1363.9882682539635,0.5526076661995204,1357
2208,1363.9882682539635,0.5526076661995204,1357
2209,1363.9882682539635,0.5526076661995204,1357
2210,1363.9882682539635,0.5526076661995204,1357
2211,1363.9882682539635,0.5526076661995204,1357
2212,1363.9882682539635,0.5526076661995204,1357
2213,1359.9857245980763,0.5527705122870503,1353
2214,1359.9857245980763,0.5527705122870503,1353
2215,1359.9857245980763,0.5527705122870503,1353
2216,1359.9857245980763,0.5527705122870503,1353
2217,1359.9857245980763,0.5527705122870503,1353
2218,1359.9857245980763,0.5527705122870503,1353
2219,1359.9857245980763,0.5527705122870503,1353
2220,1348.9786478835167,0.5532235669963752,1342
2221,1348.9786478835167,0.5532235669963752,1342
2222,1383.5553593318173,0.5803227060296201,1377
2223,1348.9786478835167,0.5532235669963752,1342
2224,1348.9786478835167,0.5532235669963752,1342
2225,1348.9786478835167,0.5532235669963752,1342
2226,1346.2175369891768,0.5379297702191598,1339
2227,1346.2175369891768,0.5379297702191598,1339
2228,1346.2175369891768,0.5379297702191598,1339
2229,1346.2175369891768,0.5379297702191598,1339
2230,1359.2234311996754,0.5375524199951771,1352
2231,1353.2827373345747,0.5337556123831858,1346
2232,1353.2827373345747,0.5337556123831858,1346
2233,1353.2827373345747,0.5337556123831858,1346
2234,1353.2827373345747,0.5337556123831858,1346
2235,1353.2827373345747,0.5337556123831858,1346
2236,1353.2827373345747,0.5337556123831858,1346
2237,1314.266494945542,0.5347954580318764,1307
2238,1314.266494945542,0.5347954580318764,1307
2239,1314.266494945542,0.5347954580318764,1307
2240,1314.266494945542,0.5347954580318764,1307
2241,1314.266494945542,0.5347954580318764,1307
2242,1314.266494945542,0.5347954580318764,1307
2243,1314.266494945542,0.5347954580318764,1307
2244,1314.266494945542,0.5347954580318764,1307
2245,1314.266494945542,0.5347954580318764,1307
2246,1314.266494945542,0.5347954580318764,1307
2247,1315.3050670267646,0.5323260546245419,1308
2248,1315.3050670267646,0.5323260546245419,1308
2249,1315.3050670267646,0.5323260546245419,1308
2250,1315.3050670267646,0.5323260546245419,1308
2251,1315.3050670267646,0.5323260546245419,1308
2252,1315.3050670267646,0.5323260546245419,1308
2253,1315.3050670267646,0.5323260546245419,1308
2254,1315.3050670267646,0.5323260546245419,1308
2255,1314.266494945542,0.5347954580318764,1307
2256,1314.266494945542,0.5347954580318764,1307
2257,1314.266494945542,0.5347954580318764,1307
2258,1314.266494945542,0.5347954580318764,1307
2259,1314.266494945542,0.5347954580318764,1307
2260,1314.266494945542,0.5347954580318764,1307
2261,1314.266494945542,0.5347954580318764,1307
2262,1314.266494945542,0.5347954580318764,1307
2263,1314.266494945542,0.5347954580318764,1307
2264,1314.266494945542,0.5347954580318764,1307
2265,1314.266494945542,0.5347954580318764,1307
2266,1314.266494945542,0.5347954580318764,1307
2267,1314.266494945542,0.5347954580318764,1307
2268,1314.266494945542,0.5347954580318764,1307
2269,1314.266494945542,0.5347954580318764,1307
2270,1328.0297152659289,0.5499542083272141,1321
2271,1328.0297152659289,0.5499542083272141,1321
2272,1328.0297152659289,0.5499542083272141,1321
2273,1328.0297152659289,0.5499542083272141,1321
2274,1331.9674696356915,0.5539392038609858,1325
2275,1331.9674696356915,0.5539392038609858,1325
2276,1331.9674696356915,0.5539392038609858,1325
2277,1331.9674696356915,0.5539392038609858,1325
2278,1331.9674696356915,0.5539392038609858,1325
2279,1331.9674696356915,0.5539392038609858,1325
2280,1331.9674696356915,0.5539392038609858,1325
2281,1333.0713746890478,0.5472871517895161,1326
2282,1333.0713746890478,0.5472871517895161,1326
2283,1333.0713746890478,0.5472871517895161,1326
2284,1333.0713746890478,0.5472871517895161,1326
2285,1333.0713746890478,0.5472871517895161,1326
2286,1333.0713746890478,0.5472871517895161,1326
2287,1333.0713746890478,0.5472871517895161,1326
2288,1350.081118616903,0.5466633407872635,1343
2289,1350.081118616903,0.5466633407872635,1343
2290,1350.081118616903,0.5466633407872635,1343
2291,1370.0922586456284,0.5459501507280142,1363
2292,1370.0922586456284,0.5459501507280142,1363
2293,1370.0922586456284,0.5459501507280142,1363
2294,1370.0922586456284,0.5459501507280142,1363
2295,1370.0922586456284,0.5459501507280142,1363
2296,1370.0922586456284,0.5459501507280142,1363
2297,1370.0922586456284,0.5459501507280142,1363
2298,1370.0922586456284,0.5459501507280142,1363
2299,1412.5829322800391,0.5785574724686815,1406
2300,1412.5829322800391,0.5785574724686815,1406
2301,1412.8833820402112,0.559322532636928,1406
2302,1414.8600953668763,0.5608133567940978,1408
2303,1414.8600953668763,0.5608133567940978,1408
2304,1417.86222215526,0.5606771987669681,1411
2305,1417.86222215526,0.5606771987669681,1411
2306,1417.86222215526,0.5606771987669681,1411
2307,1405.8536575642963,0.5612255080476118,1399
2308,1405.8536575642963,0.5612255080476118,1399
2309,1405.8536575642963,0.5612255080476118,1399
2310,1399.9364190937965,0.55592707466092,1393
2311,1399.9364190937965,0.55592707466092,1393
2312,1399.9364190937965,0.55592707466092,1393
2313,1399.9364190937965,0.55592707466092,1393
2314,1399.9364190937965,0.55592707466092,1393
2315,1399.9364190937965,0.55592707466092,1393
2316,1399.9364190937965,0.55592707466092,1393
2317,1399.9364190937965,0.55592707466092,1393
2318,1399.9364190937965,0.55592707466092,1393
2319,1399.9364190937965,0.55592707466092,1393
2320,1427.9544677218616,0.5547715927105284,1421
2321,1427.9544677218616,0.5547715927105284,1421
2322,1427.9544677218616,0.5547715927105284,1421
2323,1427.9544677218616,0.5547715927105284,1421
2324,1427.9544677218616,0.5547715927105284,1421
2325,1427.9544677218616,0.5547715927105284,1421
2326,1427.9544677218616,0.5547715927105284,1421
2327,1427.9544677218616,0.5547715927105284,1421
2328,1427.9544677218616,0.5547715927105284,1421
2329,1427.9544677218616,0.5547715927105284,1421
2330,1427.9544677218616,0.5547715927105284,1421
2331,1427.9544677218616,0.5547715927105284,1421
2332,1427.9544677218616,0.5547715927105284,1421
2333,1427.9544677218616,0.5547715927105284,1421
2334,1427.9544677218616,0.5547715927105284,1421
2335,1427.9544677218616,0.5547715927105284,1421
2336,1427.9544677218616,0.5547715927105284,1421
2337,1427.9544677218616,0.5547715927105284,1421
2338,1427.9544677218616,0.5547715927105284,1421
2339,1427.9544677218616,0.5547715927105284,1421
2340,1443.940470411394,0.5556677073371304,1437
2341,1448.762627612379,0.567053289860495,1442
2342,1394.7701152002446,0.5665739308422099,1388
2343,1394.7701152002446,0.5665739308422099,1388
2344,1407.7803129978981,0.56592106287464,1401
2345,1424.7933518967136,0.5650863062283251,1418
2346,1424.7933518967136,0.5650863062283251,1418
2347,1424.7933518967136,0.5650863062283251,1418
2348,1424.7933518967136,0.5650863062283251,1418
2349,1424.7933518967136,0.5650863062283251,1418
2350,1424.7933518967136,0.5650863062283251,1418
2351,1425.7817674260455,0.5658279496769806,1419
2352,1425.7817674260455,0.5658279496769806,1419
2353,1425.7817674260455,0.5658279496769806,1419
2354,1425.7817674260455,0.5658279496769806,1419
2355,1425.7817674260455,0.5658279496769806,1419
2356,1425.7817674260455,0.5658279496769806,1419
2357,1425.7817674260455,0.5658279496769806,1419
2358,1425.7817674260455,0.5658279496769806,1419
2359,1415.9223228649241,0.5568295220919242,1409
2360,1415.9223228649241,0.5568295220919242,1409
2361,1415.9223228649241,0.5568295220919242,1409
2362,1415.9223228649241,0.5568295220919242,1409
2363,1409.9920006746029,0.5523687148141558,1403
2364,1409.9920006746029,0.5523687148141558,1403
2365,1409.9920006746029,0.5523687148141558,1403
2366,1409.9920006746029,0.5523687148141558,1403
2367,1409.9920006746029,0.5523687148141558,1403
2368,1409.9920006746029,0.5523687148141558,1403
2369,1409.9920006746029,0.5523687148141558,1403
2370,1409.9920006746029,0.5523687148141558,1403
2371,1409.9920006746029,0.5523687148141558,1403
2372,1409.9920006746029,0.5523687148141558,1403
2373,1409.9920006746029,0.5523687148141558,1403
2374,1409.9920006746029,0.5523687148141558,1403
2375,1409.9920006746029,0.5523687148141558,1403
2376,1401.9377334181845,0.5558429309741065,1395
2377,1401.9377334181845,0.5558429309741065,1395
2378,1401.9377334181845,0.5558429309741065,1395
2379,1401.9377334181845,0.5558429309741065,1395
2380,1401.9377334181845,0.5558429309741065,1395
2381,1401.9377334181845,0.5558429309741065,1395
2382,1401.9377334181845,0.5558429309741065,1395
2383,1401.9377334181845,0.5558429309741065,1395
2384,1401.9377334181845,0.5558429309741065,1395
2385,1401.9377334181845,0.5558429309741065,1395
2386,1377.328577075233,0.5308209298826532,1370
2387,1377.328577075233,0.5308209298826532,1370
2388,1379.329299102999,0.5307747053137699,1372
2389,1379.329299102999,0.5307747053137699,1372
2390,1379.329299102999,0.5307747053137699,1372
2391,1379.329299102999,0.5307747053137699,1372
2392,1379.329299102999,0.5307747053137699,1372
2393,1379.329299102999,0.5307747053137699,1372
2394,1379.329299102999,0.5307747053137699,1372
2395,1379.329299102999,0.5307747053137699,1372
2396,1379.329299102999,0.5307747053137699,1372
2397,1379.329299102999,0.5307747053137699,1372
2398,1379.329299102999,0.5307747053137699,1372
2399,1379.329299102999,0.5307747053137699,1372
2400,1379.329299102999,0.5307747053137699,1372
2401,1379.329299102999,0.5307747053137699,1372
2402,1379.329299102999,0.5307747053137699,1372
2403,1379.329299102999,0.5307747053137699,1372
2404,1379.329299102999,0.5307747053137699,1372
2405,1382.3303780967944,0.5307056276059839,1375
2406,1382.3303780967944,0.5307056276059839,1375
2407,1382.3303780967944,0.5307056276059839,1375
2408,1382.3303780967944,0.5307056276059839,1375
2409,1382.3303780967944,0.5307056276059839,1375
2410,1380.3296593061002,0.5307516449359623,1373
2411,1380.3296593061002,0.5307516449359623,1373
2412,1380.3296593061002,0.5307516449359623,1373
2413,1380.3296593061002,0.5307516449359623,1373
2414,1380.3296593061002,0.5307516449359623,1373
2415,1380.3296593061002,0.5307516449359623,1373
2416,1380.3296593061002,0.5307516449359623,1373
2417,1361.3227218960972,0.5311957812998,1354
2418,1361.3227218960972,0.5311957812998,1354
2419,1361.3227218960972,0.5311957812998,1354
2420,1361.3227218960972,0.5311957812998,1354
2421,1361.3227218960972,0.5311957812998,1354
2422,1361.3227218960972,0.5311957812998,1354
2423,1361.3227218960972,0.5311957812998,1354
2424,1361.3227218960972,0.5311957812998,1354
2425,1361.3227218960972,0.5311957812998,1354
2426,1370.2895177806472,0.5333215249265515,1363
2427,1370.2895177806472,0.5333215249265515,1363
2428,1370.2895177806472,0.5333215249265515,1363
2429,1370.2895177806472,0.5333215249265515,1363
2430,1370.2895177806472,0.5333215249265515,1363
2431,1370.2895177806472,0.5333215249265515,1363
2432,1370.2895177806472,0.5333215249265515,1363
2433,1370.2895177806472,0.5333215249265515,1363
2434,1370.2895177806472,0.5333215249265515,1363
2435,1370.2895177806472,0.5333215249265515,1363
2436,1370.2895177806472,0.5333215249265515,1363
2437,1370.2895177806472,0.5333215249265515,1363
2438,1370.2895177806472,0.5333215249265515,1363
2439,1370.2895177806472,0.5333215249265515,1363
2440,1370.2895177806472,0.5333215249265515,1363
2441,1370.2895177806472,0.5333215249265515,1363
2442,1370.2895177806472,0.5333215249265515,1363
2443,1370.2895177806472,0.5333215249265515,1363
2444,1370.2895177806472,0.5333215249265515,1363
2445,1370.2895177806472,0.5333215249265515,1363
2446,1370.2895177806472,0.5333215249265515,1363
2447,1407.3036894351628,0.5324142487091671,1400
2448,1407.3036894351628,0.5324142487091671,1400
2449,1407.3036894351628,0.5324142487091671,1400
2450,1407.3036894351628,0.5324142487091671,1400
2451,1407.3036894351628,0.5324142487091671,1400
2452,1407.3036894351628,0.5324142487091671,1400
2453,1383.2945864336546,0.5329970272948383,1376
2454,1388.2361669401253,0.5367370716949271,1381
2455,1388.2361669401253,0.5367370716949271,1381
2456,1383.2945864336546,0.5329970272948383,1376
2457,1388.2361669401253,0.5367370716949271,1381
2458,1383.2945864336546,0.5329970272948383,1376
2459,1383.2945864336546,0.5329970272948383,1376
2460,1383.2945864336546,0.5329970272948383,1376
2461,1383.2945864336546,0.5329970272948383,1376
2462,1383.2945864336546,0.5329970272948383,1376
2463,1383.2945864336546,0.5329970272948383,1376
2464,1373.290696288337,0.5332460762908517,1366
2465,1373.290696288337,0.5332460762908517,1366
2466,1360.2855505396064,0.5335755096282712,1353
2467,1360.2855505396064,0.5335755096282712,1353
2468,1360.2855505396064,0.5335755096282712,1353
2469,1372.2903040452163,0.5332711878862744,1365
2470,1372.2903040452163,0.5332711878862744,1365
2471,1372.2903040452163,0.5332711878862744,1365
2472,1372.2903040452163,0.5332711878862744,1365
2473,1372.2903040452163,0.5332711878862744,1365
2474,1372.2903040452163,0.5332711878862744,1365
2475,1382.2942000409362,0.5330217643446817,1375
2476,1382.2942000409362,0.5330217643446817,1375
2477,1382.2942000409362,0.5330217643446817,1375
2478,1382.2942000409362,0.5330217643446817,1375
2479,1382.2942000409362,0.5330217643446817,1375
2480,1382.2942000409362,0.5330217643446817,1375
2481,1382.2942000409362,0.5330217643446817,1375
2482,1382.2942000409362,0.5330217643446817,1375
2483,1382.2942000409362,0.5330217643446817,1375
2484,1382.2942000409362,0.5330217643446817,1375
2485,1380.2934255167893,0.5330713497574056,1373
2486,1380.2934255167893,0.5330713497574056,1373
2487,1378.2926486656663,0.5331210841442765,1371
2488,1378.2926486656663,0.5331210841442765,1371
2489,1378.2926486656663,0.5331210841442765,1371
2490,1378.2926486656663,0.5331210841442765,1371
2491,1378.2926486656663,0.5331210841442765,1371
2492,1378.2926486656663,0.5331210841442765,1371
2493,1378.2926486656663,0.5331210841442765,1371
2494,1378.2926486656663,0.5331210841442765,1371
2495,1376.2918694770765,0.5331709681769224,1369
2496,1376.2918694770765,0.5331709681769224,1369
2497,1376.2918694770765,0.5331709681769224,1369
2498,1376.2918694770765,0.5331709681769224,1369
2499,1376.2918694770765,0.5331709681769224,1369
2500,1376.2918694770765,0.5331709681769224,1369
2501,1376.2918694770765,0.5331709681769224,1369
2502,1376.2918694770765,0.5331709681769224,1369
2503,1376.2918694770765,0.5331709681769224,1369
2504,1376.2918694770765,0.5331709681769224,1369
2505,1376.2918694770765,0.5331709681769224,1369
2506,1393.2984187919462,0.532751677852349,1386
2507,1393.2984187919462,0.532751677852349,1386
2508,1393.2984187919462,0.532751677852349,1386
2509,1393.2984187919462,0.532751677852349,1386
2510,1393.2984187919462,0.532751677852349,1386
2511,1400.3367517825081,0.530297581145451,1393
2512,1400.3367517825081,0.530297581145451,1393
2513,1397.3357012806055,0.5303648347883756,1390
2514,1397.3357012806055,0.5303648347883756,1390
2515,1397.3357012806055,0.5303648347883756,1390
2516,1397.3357012806055,0.5303648347883756,1390
2517,1400.3367517825081,0.530297581145451,1393
2518,1398.336051965238,0.5303423837875737,1391
2519,1385.331452262121,0.5306368590191421,1378
2520,1385.331452262121,0.5306368590191421,1378
2521,1385.331452262121,0.5306368590191421,1378
2522,1385.331452262121,0.5306368590191421,1378
2523,1385.331452262121,0.5306368590191421,1378
2524,1385.331452262121,0.5306368590191421,1378
2525,1385.331452262121,0.5306368590191421,1378
2526,1385.331452262121,0.5306368590191421,1378
2527,1385.331452262121,0.5306368590191421,1378
2528,1385.331452262121,0.5306368590191421,1378
2529,1385.331452262121,0.5306368590191421,1378
2530,1385.331452262121,0.5306368590191421,1378
2531,1385.331452262121,0.5306368590191421,1378
2532,1387.3321657058223,0.5305911840062588,1380
2533,1387.3321657058223,0.5305911840062588,1380
2534,1387.3321657058223,0.5305911840062588,1380
2535,1387.3321657058223,0.5305911840062588,1380
2536,1387.3321657058223,0.5305911840062588,1380
2537,1387.3321657058223,0.5305911840062588,1380
2538,1386.3318092498291,0.5306140044923755,1379
2539,1386.3318092498291,0.5306140044923755,1379
2540,1386.3318092498291,0.5306140044923755,1379
2541,1386.3318092498291,0.5306140044923755,1379
2542,1386.3318092498291,0.5306140044923755,1379
2543,1386.3318092498291,0.5306140044923755,1379
2544,1374.3274899614025,0.5308905274390227,1367
2545,1374.3274899614025,0.5308905274390227,1367
2546,1356.0844966882287,0.5464470750173711,1349
2547,1356.0844966882287,0.5464470750173711,1349
2548,1356.0844966882287,0.5464470750173711,1349
2549,1356.0844966882287,0.5464470750173711,1349
2550,1356.0844966882287,0.5464470750173711,1349
2551,1356.0844966882287,0.5464470750173711,1349
2552,1356.0844966882287,0.5464470750173711,1349
2553,1356.0844966882287,0.5464470750173711,1349
2554,1356.0844966882287,0.5464470750173711,1349
2555,1356.0844966882287,0.5464470750173711,1349
2556,1356.0844966882287,0.5464470750173711,1349
2557,1356.0844966882287,0.5464470750173711,1349
2558,1356.0844966882287,0.5464470750173711,1349
2559,1356.0844966882287,0.5464470750173711,1349
2560,1356.0844966882287,0.5464470750173711,1349
2561,1356.0844966882287,0.5464470750173711,1349
2562,1356.0844966882287,0.5464470750173711,1349
2563,1356.0844966882287,0.5464470750173711,1349
2564,1356.0844966882287,0.5464470750173711,1349
2565,1356.0844966882287,0.5464470750173711,1349
2566,1356.0844966882287,0.5464470750173711,1349
2567,1356.0844966882287,0.5464470750173711,1349
2568,1356.0844966882287,0.5464470750173711,1349
2569,1356.0844966882287,0.5464470750173711,1349
2570,1356.0844966882287,0.5464470750173711,1349
2571,1356.0844966882287,0.5464470750173711,1349
2572,1356.0844966882287,0.5464470750173711,1349
2573,1356.0844966882287,0.5464470750173711,1349
2574,1356.0844966882287,0.5464470750173711,1349
2575,1356.0844966882287,0.5464470750173711,1349
2576,1356.0844966882287,0.5464470750173711,1349
2577,1356.0844966882287,0.5464470750173711,1349
2578,1356.0844966882287,0.5464470750173711,1349
2579,1356.0844966882287,0.5464470750173711,1349
2580,1356.0844966882287,0.5464470750173711,1349
2581,1356.0844966882287,0.5464470750173711,1349
2582,1356.0844966882287,0.5464470750173711,1349
2583,1356.0844966882287,0.5464470750173711,1349
2584,1356.0844966882287,0.5464470750173711,1349
2585,1356.0844966882287,0.5464470750173711,1349
2586,1356.0844966882287,0.5464470750173711,1349
2587,1356.0844966882287,0.5464470750173711,1349
2588,1356.0844966882287,0.5464470750173711,1349
2589,1356.0844966882287,0.5464470750173711,1349
2590,1356.0844966882287,0.5464470750173711,1349
2591,1356.0844966882287,0.5464470750173711,1349
2592,1356.0844966882287,0.5464470750173711,1349
2593,1356.0844966882287,0.5464470750173711,1349
2594,1356.0844966882287,0.5464470750173711,1349
2595,1356.0844966882287,0.5464470750173711,1349
2596,1356.0844966882287,0.5464470750173711,1349
2597,1356.0844966882287,0.5464470750173711,1349
2598,1379.09716155423,0.5456362641337922,1372
2599,1379.09716155423,0.5456362641337922,1372
2600,1379.09716155423,0.5456362641337922,1372
2601,1379.09716155423,0.5456362641337922,1372
2602,1379.09716155423,0.5456362641337922,1372
2603,1379.09716155423,0.5456362641337922,1372
2604,1379.09716155423,0.5456362641337922,1372
2605,1379.09716155423,0.5456362641337922,1372
2606,1379.09716155423,0.5456362641337922,1372
2607,1379.09716155423,0.5456362641337922,1372
2608,1383.0993192336769,0.5454981284457803,1376
2609,1391.1035957225877,0.5452243455449693,1384
2610,1391.1035957225877,0.5452243455449693,1384
2611,1391.1035957225877,0.5452243455449693,1384
2612,1391.1035957225877,0.5452243455449693,1384
2613,1393.1046568316954,0.5451564128236039,1386
2614,1393.1046568316954,0.5451564128236039,1386
2615,1393.1046568316954,0.5451564128236039,1386
2616,1393.1046568316954,0.5451564128236039,1386
2617,1393.1046568316954,0.5451564128236039,1386
2618,1393.1046568316954,0.5451564128236039,1386
2619,1393.1046568316954,0.5451564128236039,1386
2620,1374.0944459996178,0.5458101152613344,1367
2621,1374.0944459996178,0.5458101152613344,1367
2622,1374.0944459996178,0.5458101152613344,1367
2623,1374.0944459996178,0.5458101152613344,1367
2624,1374.0944459996178,0.5458101152613344,1367
2625,1374.0944459996178,0.5458101152613344,1367
2626,1374.0944459996178,0.5458101152613344,1367
2627,1374.0944459996178,0.5458101152613344,1367
2628,1374.0944459996178,0.5458101152613344,1367
2629,1374.0944459996178,0.5458101152613344,1367
2630,1374.0944459996178,0.5458101152613344,1367
2631,1374.0944459996178,0.5458101152613344,1367
2632,1374.0944459996178,0.5458101152613344,1367
2633,1374.0944459996178,0.5458101152613344,1367
2634,1374.0944459996178,0.5458101152613344,1367
2635,1374.0944459996178,0.5458101152613344,1367
2636,1374.0944459996178,0.5458101152613344,1367
2637,1374.0944459996178,0.5458101152613344,1367
2638,1374.0944459996178,0.5458101152613344,1367
2639,1374.0944459996178,0.5458101152613344,1367
2640,1419.551468497835,0.5805717991142697,1413
2641,1414.0794177831913,0.5467722289890378,1407
2642,1414.0794177831913,0.5467722289890378,1407
2643,1414.0794177831913,0.5467722289890378,1407
2644,1414.0794177831913,0.5467722289890378,1407
2645,1414.0794177831913,0.5467722289890378,1407
2646,1414.0794177831913,0.5467722289890378,1407
2647,1412.078333771946,0.5468416279163825,1405
2648,1412.078333771946,0.5468416279163825,1405
2649,1412.078333771946,0.5468416279163825,1405
2650,1412.078333771946,0.5468416279163825,1405
2651,1412.078333771946,0.5468416279163825,1405
2652,1412.078333771946,0.5468416279163825,1405
2653,1404.2429599314098,0.5363021810877134,1397
2654,1404.2429599314098,0.5363021810877134,1397
2655,1404.2429599314098,0.5363021810877134,1397
2656,1404.2429599314098,0.5363021810877134,1397
2657,1404.2429599314098,0.5363021810877134,1397
2658,1404.2429599314098,0.5363021810877134,1397
2659,1404.2429599314098,0.5363021810877134,1397
2660,1404.2429599314098,0.5363021810877134,1397
2661,1404.2429599314098,0.5363021810877134,1397
2662,1404.2429599314098,0.5363021810877134,1397
2663,1404.2429599314098,0.5363021810877134,1397
2664,1404.2429599314098,0.5363021810877134,1397
2665,1404.2429599314098,0.5363021810877134,1397
2666,1380.3296593061002,0.5307516449359623,1373
2667,1409.967506654022,0.5539368339294609,1403
2668,1387.0025957375804,0.5516904137272534,1380
2669,1387.0025957375804,0.5516904137272534,1380
2670,1387.0025957375804,0.5516904137272534,1380
2671,1387.0025957375804,0.5516904137272534,1380
2672,1387.0025957375804,0.5516904137272534,1380
2673,1387.0025957375804,0.5516904137272534,1380
2674,1387.0025957375804,0.5516904137272534,1380
2675,1387.0025957375804,0.5516904137272534,1380
2676,1387.0025957375804,0.5516904137272534,1380
2677,1387.0025957375804,0.5516904137272534,1380
2678,1378.2926486656663,0.5331210841442765,1371
2679,1378.2926486656663,0.5331210841442765,1371
2680,1378.2926486656663,0.5331210841442765,1371
2681,1378.2926486656663,0.5331210841442765,1371
2682,1378.2926486656663,0.5331210841442765,1371
2683,1378.2926486656663,0.5331210841442765,1371
2684,1378.2926486656663,0.5331210841442765,1371
2685,1378.2926486656663,0.5331210841442765,1371
2686,1378.2926486656663,0.5331210841442765,1371
2687,1378.2926486656663,0.5331210841442765,1371
2688,1395.2991784421813,0.532703044674695,1388
2689,1395.2991784421813,0.532703044674695,1388
2690,1395.2991784421813,0.532703044674695,1388
2691,1395.2991784421813,0.532703044674695,1388
2692,1395.2991784421813,0.532703044674695,1388
2693,1395.2991784421813,0.532703044674695,1388
2694,1395.2991784421813,0.532703044674695,1388
2695,1395.2991784421813,0.532703044674695,1388
2696,1395.2991784421813,0.532703044674695,1388
2697,1395.2991784421813,0.532703044674695,1388
2698,1395.2991784421813,0.532703044674695,1388
2699,1371.2899112097668,0.5332963374028857,1364
2700,1371.2899112097668,0.5332963374028857,1364
2701,1371.2899112097668,0.5332963374028857,1364
2702,1371.2899112097668,0.5332963374028857,1364
2703,1404.8404815194008,0.5620690448526959,1398
2704,1420.653223410242,0.5740574001125492,1414
2705,1420.653223410242,0.5740574001125492,1414
2706,1404.122562382751,0.5440100907329719,1397
2707,1397.0701002324213,0.547368743122832,1390
2708,1397.0701002324213,0.547368743122832,1390
2709,1413.9209976779869,0.5569143612044312,1407
2710,1409.9183354380048,0.5570847991034157,1403
2711,1409.9183354380048,0.5570847991034157,1403
2712,1409.9183354380048,0.5570847991034157,1403
2713,1422.9269301689376,0.5565345602472777,1416
2714,1375.0949907609609,0.545775239375105,1368
2715,1375.0949907609609,0.545775239375105,1368
2716,1375.0949907609609,0.545775239375105,1368
2717,1375.0949907609609,0.545775239375105,1368
2718,1375.0949907609609,0.545775239375105,1368
2719,1375.0949907609609,0.545775239375105,1368
2720,1375.0949907609609,0.545775239375105,1368
2721,1375.0949907609609,0.545775239375105,1368
2722,1372.0933539881344,0.5458800263678313,1365
2723,1372.0933539881344,0.5458800263678313,1365
2724,1371.092806734209,0.5459150618304054,1364
2725,1371.092806734209,0.5459150618304054,1364
2726,1371.092806734209,0.5459150618304054,1364
2727,1366.0900579065299,0.5460910431158823,1359
2728,1372.2903040452163,0.5332711878862744,1365
2729,1372.2903040452163,0.5332711878862744,1365
2730,1372.2903040452163,0.5332711878862744,1365
2731,1372.2903040452163,0.5332711878862744,1365
2732,1372.2903040452163,0.5332711878862744,1365
2733,1372.2903040452163,0.5332711878862744,1365
2734,1372.2903040452163,0.5332711878862744,1365
2735,1376.6136734603597,0.5765894071472634,1370
2736,1376.6136734603597,0.5765894071472634,1370
2737,1376.6136734603597,0.5765894071472634,1370
2738,1376.6136734603597,0.5765894071472634,1370
2739,1376.6136734603597,0.5765894071472634,1370
2740,1376.6136734603597,0.5765894071472634,1370
2741,1394.3972834796255,0.5904427989996568,1388
2742,1376.6136734603597,0.5765894071472634,1370
2743,1376.6136734603597,0.5765894071472634,1370
2744,1376.6136734603597,0.5765894071472634,1370
2745,1390.6265460141879,0.5757652999879764,1384
2746,1390.6265460141879,0.5757652999879764,1384
2747,1390.6265460141879,0.5757652999879764,1384
2748,1390.6265460141879,0.5757652999879764,1384
2749,1394.8331160270036,0.5625405872596884,1388
2750,1394.8331160270036,0.5625405872596884,1388
2751,1394.8331160270036,0.5625405872596884,1388
2752,1383.963329284254,0.5542042711745117,1377
2753,1383.963329284254,0.5542042711745117,1377
2754,1383.963329284254,0.5542042711745117,1377
2755,1383.963329284254,0.5542042711745117,1377
2756,1383.963329284254,0.5542042711745117,1377
2757,1383.963329284254,0.5542042711745117,1377
2758,1383.963329284254,0.5542042711745117,1377
2759,1383.963329284254,0.5542042711745117,1377
2760,1383.963329284254,0.5542042711745117,1377
2761,1383.963329284254,0.5542042711745117,1377
2762,1383.963329284254,0.5542042711745117,1377
2763,1383.963329284254,0.5542042711745117,1377
2764,1383.963329284254,0.5542042711745117,1377
2765,1383.963329284254,0.5542042711745117,1377
2766,1383.963329284254,0.5542042711745117,1377
2767,1383.963329284254,0.5542042711745117,1377
2768,1383.963329284254,0.5542042711745117,1377
2769,1377.328577075233,0.5308209298826532,1370
2770,1377.328577075233,0.5308209298826532,1370
2771,1377.328577075233,0.5308209298826532,1370
2772,1377.328577075233,0.5308209298826532,1370
2773,1377.328577075233,0.5308209298826532,1370
2774,1377.328577075233,0.5308209298826532,1370
2775,1377.328577075233,0.5308209298826532,1370
2776,1377.328577075233,0.5308209298826532,1370
2777,1377.328577075233,0.5308209298826532,1370
2778,1377.328577075233,0.5308209298826532,1370
2779,1377.328577075233,0.5308209298826532,1370
2780,1373.327126499312,0.5309137964588979,1366
2781,1373.327126499312,0.5309137964588979,1366
2782,1373.327126499312,0.5309137964588979,1366
2783,1373.327126499312,0.5309137964588979,1366
2784,1373.327126499312,0.5309137964588979,1366
2785,1373.327126499312,0.5309137964588979,1366
2786,1373.327126499312,0.5309137964588979,1366
2787,1373.327126499312,0.5309137964588979,1366
2788,1373.327126499312,0.5309137964588979,1366
2789,1373.327126499312,0.5309137964588979,1366
2790,1373.327126499312,0.5309137964588979,1366
2791,1373.327126499312,0.5309137964588979,1366
2792,1373.327126499312,0.5309137964588979,1366
2793,1373.327126499312,0.5309137964588979,1366
2794,1384.3310947415084,0.5306597476627092,1377
2795,1384.3310947415084,0.5306597476627092,1377
2796,1384.3310947415084,0.5306597476627092,1377
2797,1384.3310947415084,0.5306597476627092,1377
2798,1384.3310947415084,0.5306597476627092,1377
2799,1384.3310947415084,0.5306597476627092,1377
2800,1384.3310947415084,0.5306597476627092,1377
2801,1384.3310947415084,0.5306597476627092,1377
2802,1384.3310947415084,0.5306597476627092,1377
2803,1384.3310947415084,0.5306597476627092,1377
2804,1384.3310947415084,0.5306597476627092,1377
2805,1384.3310947415084,0.5306597476627092,1377
2806,1384.3310947415084,0.5306597476627092,1377
2807,1384.3310947415084,0.5306597476627092,1377
2808,1384.3310947415084,0.5306597476627092,1377
2809,1384.3310947415084,0.5306597476627092,1377
2810,1384.3310947415084,0.5306597476627092,1377
2811,1384.3310947415084,0.5306597476627092,1377
2812,1384.3310947415084,0.5306597476627092,1377
2813,1384.3310947415084,0.5306597476627092,1377
2814,1384.3310947415084,0.5306597476627092,1377
2815,1384.3310947415084,0.5306597476627092,1377
2816,1384.3310947415084,0.5306597476627092,1377
2817,1384.3310947415084,0.5306597476627092,1377
2818,1384.3310947415084,0.5306597476627092,1377
2819,1384.3310947415084,0.5306597476627092,1377
2820,1384.3310947415084,0.5306597476627092,1377
2821,1384.3310947415084,0.5306597476627092,1377
2822,1384.3310947415084,0.5306597476627092,1377
2823,1384.3310947415084,0.5306597476627092,1377
2824,1384.3310947415084,0.5306597476627092,1377
2825,1384.3310947415084,0.5306597476627092,1377
2826,1384.3310947415084,0.5306597476627092,1377
2827,1384.3310947415084,0.5306597476627092,1377
2828,1384.3310947415084,0.5306597476627092,1377
2829,1384.3310947415084,0.5306597476627092,1377
2830,1384.3310947415084,0.5306597476627092,1377
2831,1384.3310947415084,0.5306597476627092,1377
2832,1384.3310947415084,0.5306597476627092,1377
2833,1384.3310947415084,0.5306597476627092,1377
2834,1384.3310947415084,0.5306597476627092,1377
2835,1384.3310947415084,0.5306597476627092,1377
2836,1384.3310947415084,0.5306597476627092,1377
2837,1384.3310947415084,0.5306597476627092,1377
2838,1384.3310947415084,0.5306597476627092,1377
2839,1384.3310947415084,0.5306597476627092,1377
2840,1384.3310947415084,0.5306597476627092,1377
2841,1384.3310947415084,0.5306597476627092,1377
2842,1384.3310947415084,0.5306597476627092,1377
2843,1384.3310947415084,0.5306597476627092,1377
2844,1384.3310947415084,0.5306597476627092,1377
2845,1384.3310947415084,0.5306597476627092,1377
2846,1384.3310947415084,0.5306597476627092,1377
2847,1384.3310947415084,0.5306597476627092,1377
2848,1384.3310947415084,0.5306597476627092,1377
2849,1384.3310947415084,0.5306597476627092,1377
2850,1384.3310947415084,0.5306597476627092,1377
2851,1384.3310947415084,0.5306597476627092,1377
2852,1384.3310947415084,0.5306597476627092,1377
2853,1414.3415932807072,0.5299876260750884,1407
2854,1414.3415932807072,0.5299876260750884,1407
2855,1414.3415932807072,0.5299876260750884,1407
2856,1414.3415932807072,0.5299876260750884,1407
2857,1414.3415932807072,0.5299876260750884,1407
2858,1414.3415932807072,0.5299876260750884,1407
2859,1414.3415932807072,0.5299876260750884,1407
2860,1414.3415932807072,0.5299876260750884,1407
2861,1414.3415932807072,0.5299876260750884,1407
2862,1414.3415932807072,0.5299876260750884,1407
2863,1400.3367517825081,0.530297581145451,1393
2864,1398.336051965238,0.5303423837875737,1391
2865,1398.336051965238,0.5303423837875737,1391
2866,1398.336051965238,0.5303423837875737,1391
2867,1398.336051965238,0.5303423837875737,1391
2868,1398.336051965238,0.5303423837875737,1391
2869,1398.336051965238,0.5303423837875737,1391
2870,1398.336051965238,0.5303423837875737,1391
2871,1398.336051965238,0.5303423837875737,1391
2872,1398.336051965238,0.5303423837875737,1391
2873,1398.336051965238,0.5303423837875737,1391
2874,1398.336051965238,0.5303423837875737,1391
2875,1398.336051965238,0.5303423837875737,1391
2876,1398.336051965238,0.5303423837875737,1391
2877,1398.336051965238,0.5303423837875737,1391
2878,1398.336051965238,0.5303423837875737,1391
2879,1398.336051965238,0.5303423837875737,1391
2880,1398.336051965238,0.5303423837875737,1391
2881,1398.336051965238,0.5303423837875737,1391
2882,1398.336051965238,0.5303423837875737,1391
2883,1398.336051965238,0.5303423837875737,1391
2884,1398.336051965238,0.5303423837875737,1391
2885,1398.336051965238,0.5303423837875737,1391
2886,1398.336051965238,0.5303423837875737,1391
2887,1398.336051965238,0.5303423837875737,1391
2888,1398.336051965238,0.5303423837875737,1391
2889,1398.336051965238,0.5303423837875737,1391
2890,1398.336051965238,0.5303423837875737,1391
2891,1397.3357012806055,0.5303648347883756,1390
2892,1397.3357012806055,0.5303648347883756,1390
2893,1397.3357012806055,0.5303648347883756,1390
2894,1397.3357012806055,0.5303648347883756,1390
2895,1397.3357012806055,0.5303648347883756,1390
2896,1397.3357012806055,0.5303648347883756,1390
2897,1397.3357012806055,0.5303648347883756,1390
2898,1397.3357012806055,0.5303648347883756,1390
2899,1397.3357012806055,0.5303648347883756,1390
2900,1397.3357012806055,0.5303648347883756,1390
2901,1397.3357012806055,0.5303648347883756,1390
2902,1397.3357012806055,0.5303648347883756,1390
2903,1397.3357012806055,0.5303648347883756,1390
2904,1397.3357012806055,0.5303648347883756,1390
2905,1397.3357012806055,0.5303648347883756,1390
2906,1397.3357012806055,0.5303648347883756,1390
2907,1397.3357012806055,0.5303648347883756,1390
2908,1397.3357012806055,0.5303648347883756,1390
2909,1397.3357012806055,0.5303648347883756,1390
2910,1408.3395305250797,0.5301196846940037,1401
2911,1408.3395305250797,0.5301196846940037,1401
2912,1408.3395305250797,0.5301196846940037,1401
2913,1408.3395305250797,0.5301196846940037,1401
2914,1403.3377976455429,0.5302306244850917,1396
2915,1403.3377976455429,0.5302306244850917,1396
2916,1403.3377976455429,0.5302306244850917,1396
2917,1403.3377976455429,0.5302306244850917,1396
2918,1432.993776084073,0.5522550522360415,1426
2919,1432.993776084073,0.5522550522360415,1426
2920,1432.993776084073,0.5522550522360415,1426
2921,1432.993776084073,0.5522550522360415,1426
2922,1422.119693008086,0.5441937894951416,1415
2923,1422.119693008086,0.5441937894951416,1415
2924,1437.1272220154215,0.5437117787822388,1430
2925,1437.1272220154215,0.5437117787822388,1430
2926,1448.0026647009656,0.5516859986577688,1441
2927,1455.0067469821215,0.5514246490319119,1448
2928,1455.0067469821215,0.5514246490319119,1448
2929,1451.0044193062,0.5515736679769545,1444
2930,1444.1306797390575,0.5434904136326812,1437
2931,1444.1306797390575,0.5434904136326812,1437
2932,1416.1166347994763,0.5443895774983122,1409
2933,1416.1166347994763,0.5443895774983122,1409
2934,1455.6216688516045,0.5760775383095771,1449
2935,1420.0826506718702,0.5465652578828329,1413
2936,1420.0826506718702,0.5465652578828329,1413
2937,1420.0826506718702,0.5465652578828329,1413
2938,1420.0826506718702,0.5465652578828329,1413
2939,1420.0826506718702,0.5465652578828329,1413
2940,1391.1035957225877,0.5452243455449693,1384
2941,1391.1035957225877,0.5452243455449693,1384
2942,1391.1035957225877,0.5452243455449693,1384
2943,1387.1014639175257,0.545360824742268,1380
2944,1387.1014639175257,0.545360824742268,1380
2945,1387.1014639175257,0.545360824742268,1380
2946,1387.1014639175257,0.545360824742268,1380
2947,1387.1014639175257,0.545360824742268,1380
2948,1387.1014639175257,0.545360824742268,1380
2949,1398.1072957382457,0.5449874687422718,1391
2950,1398.1072957382457,0.5449874687422718,1391
2951,1398.1072957382457,0.5449874687422718,1391
2952,1398.1072957382457,0.5449874687422718,1391
2953,1398.1072957382457,0.5449874687422718,1391
2954,1398.1072957382457,0.5449874687422718,1391
2955,1403.1099150123903,0.5448197815371127,1396
2956,1403.1099150123903,0.5448197815371127,1396
2957,1403.1099150123903,0.5448197815371127,1396
2958,1403.1099150123903,0.5448197815371127,1396
2959,1403.1099150123903,0.5448197815371127,1396
2960,1403.1099150123903,0.5448197815371127,1396
2961,1403.1099150123903,0.5448197815371127,1396
2962,1403.1099150123903,0.5448197815371127,1396
2963,1403.1099150123903,0.5448197815371127,1396
2964,1403.1099150123903,0.5448197815371127,1396
2965,1403.1099150123903,0.5448197815371127,1396
2966,1403.1099150123903,0.5448197815371127,1396
2967,1403.1099150123903,0.5448197815371127,1396
2968,1403.1099150123903,0.5448197815371127,1396
2969,1398.1072957382457,0.5449874687422718,1391
2970,1398.1072957382457,0.5449874687422718,1391
2971,1398.1072957382457,0.5449874687422718,1391
2972,1398.1072957382457,0.5449874687422718,1391
2973,1398.1072957382457,0.5449874687422718,1391
2974,1398.1072957382457,0.5449874687422718,1391
2975,1398.1072957382457,0.5449874687422718,1391
2976,1398.1072957382457,0.5449874687422718,1391
2977,1398.1072957382457,0.5449874687422718,1391
2978,1398.1072957382457,0.5449874687422718,1391
2979,1398.1072957382457,0.5449874687422718,1391
2980,1394.1051861941628,0.5451225227808667,1387
2981,1394.1051861941628,0.5451225227808667,1387
2982,1394.1051861941628,0.5451225227808667,1387
2983,1394.1051861941628,0.5451225227808667,1387
2984,1394.1051861941628,0.5451225227808667,1387
2985,1394.1051861941628,0.5451225227808667,1387
2986,1394.1051861941628,0.5451225227808667,1387
2987,1385.1003931927175,0.5454293730654601,1378
2988,1385.1003931927175,0.5454293730654601,1378
2989,1385.1003931927175,0.5454293730654601,1378
2990,1385.1003931927175,0.5454293730654601,1378
2991,1385.1003931927175,0.5454293730654601,1378
2992,1385.1003931927175,0.5454293730654601,1378
2993,1385.1003931927175,0.5454293730654601,1378
2994,1385.1003931927175,0.5454293730654601,1378
2995,1385.1003931927175,0.5454293730654601,1378
2996,1385.1003931927175,0.5454293730654601,1378
2997,1398.972887556126,0.5535923459586465,1392
2998,1392.9690901857039,0.5538354554606963,1386
2999,1392.9690901857039,0.5538354554606963,1386
3000,1392.9690901857039,0.5538354554606963,1386
3001,1392.9690901857039,0.5538354554606963,1386
3002,1392.9690901857039,0.5538354554606963,1386
3003,1392.9690901857039,0.5538354554606963,1386
3004,1392.9690901857039,0.5538354554606963,1386
3005,1392.9690901857039,0.5538354554606963,1386
3006,1392.9690901857039,0.5538354554606963,1386
3007,1392.9690901857039,0.5538354554606963,1386
3008,1392.9690901857039,0.5538354554606963,1386
3009,1392.9690901857039,0.5538354554606963,1386
3010,1392.9690901857039,0.5538354554606963,1386
3011,1392.9690901857039,0.5538354554606963,1386
3012,1392.9690901857039,0.5538354554606963,1386
3013,1409.9797613115527,0.5531522847917539,1403
3014,1411.956512455656,0.5546406878581307,1405
3015,1411.956512455656,0.5546406878581307,1405
3016,1409.9797613115527,0.5531522847917539,1403
3017,1409.9797613115527,0.5531522847917539,1403
3018,1409.9797613115527,0.5531522847917539,1403
3019,1409.9797613115527,0.5531522847917539,1403
3020,1409.9797613115527,0.5531522847917539,1403
3021,1409.9797613115527,0.5531522847917539,1403
3022,1409.9797613115527,0.5531522847917539,1403
3023,1409.9797613115527,0.5531522847917539,1403
3024,1409.9797613115527,0.5531522847917539,1403
3025,1409.9797613115527,0.5531522847917539,1403
3026,1409.9797613115527,0.5531522847917539,1403
3027,1409.9797613115527,0.5531522847917539,1403
3028,1411.956512455656,0.5546406878581307,1405
3029,1411.956512455656,0.5546406878581307,1405
3030,1407.9539571759606,0.5548042781075158,1401
3031,1407.9539571759606,0.5548042781075158,1401
3032,1407.9539571759606,0.5548042781075158,1401
3033,1407.9539571759606,0.5548042781075158,1401
3034,1407.9539571759606,0.5548042781075158,1401
3035,1407.9539571759606,0.5548042781075158,1401
3036,1403.8770997524903,0.5597247277535111,1397
3037,1418.8875236017564,0.559057387851699,1412
3038,1418.8875236017564,0.559057387851699,1412
3039,1412.8833820402112,0.559322532636928,1406
3040,1412.8833820402112,0.559322532636928,1406
3041,1412.8833820402112,0.559322532636928,1406
3042,1412.8833820402112,0.559322532636928,1406
3043,1412.8833820402112,0.559322532636928,1406
3044,1412.8833820402112,0.559322532636928,1406
3045,1412.8833820402112,0.559322532636928,1406
3046,1412.8833820402112,0.559322532636928,1406
3047,1442.9037273785104,0.5580200141798678,1436
3048,1442.9037273785104,0.5580200141798678,1436
3049,1434.0063903898993,0.5514474782394878,1427
3050,1434.0063903898993,0.5514474782394878,1427
3051,1442.9037273785104,0.5580200141798678,1436
3052,1442.9037273785104,0.5580200141798678,1436
3053,1442.9037273785104,0.5580200141798678,1436
3054,1401.0110754098362,0.5511475409836065,1394
3055,1406.0140609733783,0.5509564037529875,1399
3056,1406.0140609733783,0.5509564037529875,1399
3057,1406.0140609733783,0.5509564037529875,1399
3058,1398.1072957382457,0.5449874687422718,1391
3059,1398.1072957382457,0.5449874687422718,1391
3060,1407.9907783002272,0.5524469718164373,1401
3061,1406.0140609733783,0.5509564037529875,1399
3062,1406.0140609733783,0.5509564037529875,1399
3063,1406.0140609733783,0.5509564037529875,1399
3064,1406.0140609733783,0.5509564037529875,1399
3065,1424.0246271619826,0.5502799512175068,1417
3066,1424.0246271619826,0.5502799512175068,1417
3067,1416.1166347994763,0.5443895774983122,1409
3068,1416.1166347994763,0.5443895774983122,1409
3069,1413.1150955315768,0.5444881221781772,1406
3070,1413.1150955315768,0.5444881221781772,1406
3071,1403.1099150123903,0.5448197815371127,1396
3072,1402.1093927176514,0.5448532191004157,1395
3073,1411.9932194166608,0.5522906903546199,1405
3074,1411.9932194166608,0.5522906903546199,1405
3075,1396.9839895839295,0.5528815887369084,1390
3076,1391.9808665753621,0.5530815252649031,1385
3077,1401.987089220545,0.5526831484926371,1395
3078,1381.2331436281374,0.5369306255993939,1374
3079,1381.2331436281374,0.5369306255993939,1374
3080,1381.2331436281374,0.5369306255993939,1374
3081,1381.2331436281374,0.5369306255993939,1374
3082,1381.2331436281374,0.5369306255993939,1374
3083,1381.2331436281374,0.5369306255993939,1374
3084,1381.2331436281374,0.5369306255993939,1374
3085,1381.2331436281374,0.5369306255993939,1374
3086,1381.2331436281374,0.5369306255993939,1374
3087,1381.2331436281374,0.5369306255993939,1374
3088,1381.2331436281374,0.5369306255993939,1374
3089,1381.2331436281374,0.5369306255993939,1374
3090,1381.2331436281374,0.5369306255993939,1374
3091,1381.2331436281374,0.5369306255993939,1374
3092,1381.2331436281374,0.5369306255993939,1374
3093,1381.2331436281374,0.5369306255993939,1374
3094,1381.2331436281374,0.5369306255993939,1374
3095,1381.2331436281374,0.5369306255993939,1374
3096,1381.2331436281374,0.5369306255993939,1374
3097,1381.2331436281374,0.5369306255993939,1374
3098,1381.2331436281374,0.5369306255993939,1374
3099,1381.2331436281374,0.5369306255993939,1374
3100,1381.2331436281374,0.5369306255993939,1374
3101,1381.2331436281374,0.5369306255993939,1374
3102,1374.3274899614025,0.5308905274390227,1367
3103,1374.3274899614025,0.5308905274390227,1367
3104,1374.3274899614025,0.5308905274390227,1367
3105,1374.3274899614025,0.5308905274390227,1367
3106,1374.3274899614025,0.5308905274390227,1367
3107,1374.3274899614025,0.5308905274390227,1367
3108,1374.3274899614025,0.5308905274390227,1367
3109,1374.3274899614025,0.5308905274390227,1367
3110,1374.3274899614025,0.5308905274390227,1367
3111,1417.34261789639,0.5299220296805381,1410
3112,1417.34261789639,0.5299220296805381,1410
3113,1410.3402201241433,0.5300755362264202,1403
3114,1428.346336808352,0.5296839431272857,1421
3115,1428.346336808352,0.5296839431272857,1421
3116,1428.346336808352,0.5296839431272857,1421
3117,1425.345328436461,0.5297484995863654,1418
3118,1425.345328436461,0.5297484995863654,1418
3119,1425.345328436461,0.5297484995863654,1418
3120,1425.345328436461,0.5297484995863654,1418
3121,1425.345328436461,0.5297484995863654,1418
3122,1425.345328436461,0.5297484995863654,1418
3123,1425.345328436461,0.5297484995863654,1418
3124,1425.345328436461,0.5297484995863654,1418
3125,1425.345328436461,0.5297484995863654,1418
3126,1425.345328436461,0.5297484995863654,1418
3127,1425.345328436461,0.5297484995863654,1418
3128,1425.345328436461,0.5297484995863654,1418
3129,1425.345328436461,0.5297484995863654,1418
3130,1425.345328436461,0.5297484995863654,1418
3131,1425.345328436461,0.5297484995863654,1418
3132,1425.345328436461,0.5297484995863654,1418
3133,1425.345328436461,0.5297484995863654,1418
3134,1425.345328436461,0.5297484995863654,1418
3135,1425.345328436461,0.5297484995863654,1418
3136,1425.345328436461,0.5297484995863654,1418
3137,1425.345328436461,0.5297484995863654,1418
3138,1430.00402726982,0.5515987663367491,1423
3139,1430.00402726982,0.5515987663367491,1423
3140,1430.00402726982,0.5515987663367491,1423
3141,1430.00402726982,0.5515987663367491,1423
3142,1430.00402726982,0.5515987663367491,1423
3143,1430.00402726982,0.5515987663367491,1423
3144,1430.00402726982,0.5515987663367491,1423
3145,1438.9010662601736,0.5581903802705719,1432
3146,1441.8667978042085,0.560384263494968,1435
3147,1441.8667978042085,0.560384263494968,1435
3148,1441.8667978042085,0.560384263494968,1435
3149,1443.611105350624,0.5767538187820676,1437
3150,1434.5655648693516,0.5796693425511109,1428
3151,1398.9852322285265,0.5528020340251879,1392
3152,1398.9852322285265,0.5528020340251879,1392
3153,1398.9852322285265,0.5528020340251879,1392
3154,1398.9852322285265,0.5528020340251879,1392
3155,1398.9852322285265,0.5528020340251879,1392
3156,1398.9852322285265,0.5528020340251879,1392
3157,1398.9852322285265,0.5528020340251879,1392
3158,1398.9852322285265,0.5528020340251879,1392
3159,1398.9852322285265,0.5528020340251879,1392
3160,1398.9852322285265,0.5528020340251879,1392
3161,1398.9852322285265,0.5528020340251879,1392
3162,1398.9852322285265,0.5528020340251879,1392
3163,1398.9852322285265,0.5528020340251879,1392
3164,1398.9852322285265,0.5528020340251879,1392
3165,1398.9852322285265,0.5528020340251879,1392
3166,1405.9895522773172,0.5525254623996622,1399
3167,1405.9895522773172,0.5525254623996622,1399
3168,1405.9895522773172,0.5525254623996622,1399
3169,1405.9895522773172,0.5525254623996622,1399
3170,1405.9895522773172,0.5525254623996622,1399
3171,1405.9895522773172,0.5525254623996622,1399
3172,1405.9895522773172,0.5525254623996622,1399
3173,1405.9895522773172,0.5525254623996622,1399
3174,1405.9895522773172,0.5525254623996622,1399
3175,1405.9895522773172,0.5525254623996622,1399
3176,1405.9895522773172,0.5525254623996622,1399
3177,1411.9932194166608,0.5522906903546199,1405
3178,1411.9932194166608,0.5522906903546199,1405
3179,1420.8888959365177,0.5589695303125696,1414
3180,1420.8888959365177,0.5589695303125696,1414
3181,1420.8888959365177,0.5589695303125696,1414
3182,1420.8888959365177,0.5589695303125696,1414
3183,1420.8888959365177,0.5589695303125696,1414
3184,1420.8888959365177,0.5589695303125696,1414
3185,1420.8888959365177,0.5589695303125696,1414
3186,1420.8888959365177,0.5589695303125696,1414
3187,1420.8888959365177,0.5589695303125696,1414
3188,1420.8888959365177,0.5589695303125696,1414
3189,1420.8888959365177,0.5589695303125696,1414
3190,1420.8888959365177,0.5589695303125696,1414
3191,1403.8770997524903,0.5597247277535111,1397
3192,1403.8770997524903,0.5597247277535111,1397
3193,1403.8770997524903,0.5597247277535111,1397
3194,1403.8770997524903,0.5597247277535111,1397
3195,1403.8770997524903,0.5597247277535111,1397
3196,1403.8770997524903,0.5597247277535111,1397
3197,1403.8770997524903,0.5597247277535111,1397
3198,1403.8770997524903,0.5597247277535111,1397
3199,1394.982743199864,0.5529613828512121,1388
3200,1394.982743199864,0.5529613828512121,1388
3201,1394.982743199864,0.5529613828512121,1388
3202,1394.982743199864,0.5529613828512121,1388
3203,1394.982743199864,0.5529613828512121,1388
3204,1394.982743199864,0.5529613828512121,1388
3205,1394.982743199864,0.5529613828512121,1388
3206,1394.982743199864,0.5529613828512121,1388
3207,1394.982743199864,0.5529613828512121,1388
3208,1403.8770997524903,0.5597247277535111,1397
3209,1399.874280298724,0.5599052305554417,1393
3210,1403.8770997524903,0.5597247277535111,1397
3211,1403.8770997524903,0.5597247277535111,1397
3212,1403.8770997524903,0.5597247277535111,1397
3213,1406.879203257956,0.5595900603101043,1400
3214,1406.879203257956,0.5595900603101043,1400
3215,1406.879203257956,0.5595900603101043,1400
3216,1406.879203257956,0.5595900603101043,1400
3217,1397.9846113726119,0.55284178152292,1391
3218,1397.9846113726119,0.55284178152292,1391
3219,1397.9846113726119,0.55284178152292,1391
3220,1397.9846113726119,0.55284178152292,1391
3221,1397.9846113726119,0.55284178152292,1391
3222,1397.9846113726119,0.55284178152292,1391
3223,1384.9764545939884,0.5533639824591261,1378
3224,1384.9764545939884,0.5533639824591261,1378
3225,1385.97708774131,0.5533234480595398,1379
3226,1385.97708774131,0.5533234480595398,1379
3227,1371.9681354697743,0.5538965768390386,1365
3228,1367.3249341867256,0.5310541493773551,1360
3229,1367.3249341867256,0.5310541493773551,1360
3230,1367.3249341867256,0.5310541493773551,1360
3231,1378.3289383597814,0.5307978002700808,1371
3232,1377.328577075233,0.5308209298826532,1370
3233,1377.328577075233,0.5308209298826532,1370
3234,1377.328577075233,0.5308209298826532,1370
3235,1377.328577075233,0.5308209298826532,1370
3236,1377.328577075233,0.5308209298826532,1370
3237,1377.328577075233,0.5308209298826532,1370
3238,1377.328577075233,0.5308209298826532,1370
3239,1377.328577075233,0.5308209298826532,1370
3240,1377.328577075233,0.5308209298826532,1370
3241,1377.328577075233,0.5308209298826532,1370
3242,1377.328577075233,0.5308209298826532,1370
3243,1377.328577075233,0.5308209298826532,1370
3244,1377.328577075233,0.5308209298826532,1370
3245,1377.328577075233,0.5308209298826532,1370
3246,1377.328577075233,0.5308209298826532,1370
3247,1377.328577075233,0.5308209298826532,1370
3248,1384.3310947415084,0.5306597476627092,1377
3249,1384.3310947415084,0.5306597476627092,1377
3250,1384.3310947415084,0.5306597476627092,1377
3251,1384.3310947415084,0.5306597476627092,1377
3252,1384.3310947415084,0.5306597476627092,1377
3253,1384.3310947415084,0.5306597476627092,1377
3254,1384.3310947415084,0.5306597476627092,1377
3255,1358.3216081735682,0.5312670823579956,1351
3256,1358.3216081735682,0.5312670823579956,1351
3257,1358.3216081735682,0.5312670823579956,1351
3258,1358.3216081735682,0.5312670823579956,1351
3259,1358.3216081735682,0.5312670823579956,1351
3260,1358.3216081735682,0.5312670823579956,1351
3261,1358.3216081735682,0.5312670823579956,1351
3262,1358.3216081735682,0.5312670823579956,1351
3263,1358.3216081735682,0.5312670823579956,1351
3264,1358.3216081735682,0.5312670823579956,1351
3265,1371.3263979315186,0.5309604397235176,1364
3266,1371.3263979315186,0.5309604397235176,1364
3267,1371.3263979315186,0.5309604397235176,1364
3268,1371.3263979315186,0.5309604397235176,1364
3269,1371.3263979315186,0.5309604397235176,1364
3270,1371.3263979315186,0.5309604397235176,1364
3271,1371.3263979315186,0.5309604397235176,1364
3272,1371.3263979315186,0.5309604397235176,1364
3273,1371.3263979315186,0.5309604397235176,1364
3274,1371.3263979315186,0.5309604397235176,1364
3275,1371.3263979315186,0.5309604397235176,1364
3276,1371.3263979315186,0.5309604397235176,1364
3277,1371.3263979315186,0.5309604397235176,1364
3278,1372.326762489763,0.5309371005273396,1365
3279,1372.326762489763,0.5309371005273396,1365
3280,1360.3223512195123,0.531219512195122,1353
3281,1360.3223512195123,0.531219512195122,1353
3282,1360.3223512195123,0.531219512195122,1353
3283,1360.3223512195123,0.531219512195122,1353
3284,1360.3223512195123,0.531219512195122,1353
3285,1360.3223512195123,0.531219512195122,1353
3286,1360.3223512195123,0.531219512195122,1353
3287,1360.3223512195123,0.531219512195122,1353
3288,1330.310962834419,0.531948602149884,1323
3289,1330.310962834419,0.531948602149884,1323
3290,1330.310962834419,0.531948602149884,1323
3291,1330.310962834419,0.531948602149884,1323
3292,1330.310962834419,0.531948602149884,1323
3293,1330.310962834419,0.531948602149884,1323
3294,1330.310962834419,0.531948602149884,1323
3295,1330.310962834419,0.531948602149884,1323
3296,1330.310962834419,0.531948602149884,1323
3297,1330.310962834419,0.531948602149884,1323
3298,1330.310962834419,0.531948602149884,1323
3299,1330.310962834419,0.531948602149884,1323
3300,1330.310962834419,0.531948602149884,1323
3301,1330.310962834419,0.531948602149884,1323
3302,1330.310962834419,0.531948602149884,1323
3303,1330.310962834419,0.531948602149884,1323
3304,1330.310962834419,0.531948602149884,1323
3305,1330.310962834419,0.531948602149884,1323
3306,1330.310962834419,0.531948602149884,1323
3307,1330.310962834419,0.531948602149884,1323
3308,1330.310962834419,0.531948602149884,1323
3309,1330.310962834419,0.531948602149884,1323
3310,1330.310962834419,0.531948602149884,1323
3311,1330.310962834419,0.531948602149884,1323
3312,1330.310962834419,0.531948602149884,1323
3313,1330.310962834419,0.531948602149884,1323
3314,1330.310962834419,0.531948602149884,1323
3315,1330.310962834419,0.531948602149884,1323
3316,1330.310962834419,0.531948602149884,1323
3317,1330.310962834419,0.531948602149884,1323
3318,1330.310962834419,0.531948602149884,1323
3319,1330.310962834419,0.531948602149884,1323
3320,1330.310962834419,0.531948602149884,1323
3321,1330.310962834419,0.531948602149884,1323
3322,1330.310962834419,0.531948602149884,1323
3323,1330.310962834419,0.531948602149884,1323
3324,1330.310962834419,0.531948602149884,1323
3325,1330.310962834419,0.531948602149884,1323
3326,1330.310962834419,0.531948602149884,1323
3327,1330.310962834419,0.531948602149884,1323
3328,1330.310962834419,0.531948602149884,1323
3329,1330.310962834419,0.531948602149884,1323
3330,1330.310962834419,0.531948602149884,1323
3331,1330.310962834419,0.531948602149884,1323
3332,1330.310962834419,0.531948602149884,1323
3333,1330.310962834419,0.531948602149884,1323
3334,1330.310962834419,0.531948602149884,1323
3335,1330.310962834419,0.531948602149884,1323
3336,1330.310962834419,0.531948602149884,1323
3337,1330.310962834419,0.531948602149884,1323
3338,1330.310962834419,0.531948602149884,1323
3339,1330.310962834419,0.531948602149884,1323
3340,1330.310962834419,0.531948602149884,1323
3341,1330.310962834419,0.531948602149884,1323
3342,1330.310962834419,0.531948602149884,1323
3343,1330.310962834419,0.531948602149884,1323
3344,1330.310962834419,0.531948602149884,1323
3345,1330.310962834419,0.531948602149884,1323
3346,1330.310962834419,0.531948602149884,1323
3347,1330.310962834419,0.531948602149884,1323
3348,1330.310962834419,0.531948602149884,1323
3349,1330.310962834419,0.531948602149884,1323
3350,1330.310962834419,0.531948602149884,1323
3351,1330.310962834419,0.531948602149884,1323
3352,1330.310962834419,0.531948602149884,1323
3353,1330.310962834419,0.531948602149884,1323
3354,1330.310962834419,0.531948602149884,1323
3355,1330.310962834419,0.531948602149884,1323
3356,1341.3151997514237,0.531677352661739,1334
3357,1341.3151997514237,0.531677352661739,1334
3358,1341.3151997514237,0.531677352661739,1334
3359,1341.3151997514237,0.531677352661739,1334
3360,1341.3151997514237,0.531677352661739,1334
3361,1341.3151997514237,0.531677352661739,1334
3362,1341.3151997514237,0.531677352661739,1334
3363,1341.3151997514237,0.531677352661739,1334
3364,1341.3151997514237,0.531677352661739,1334
3365,1341.3151997514237,0.531677352661739,1334
3366,1341.3151997514237,0.531677352661739,1334
3367,1341.3151997514237,0.531677352661739,1334
3368,1341.3151997514237,0.531677352661739,1334
3369,1341.3151997514237,0.531677352661739,1334
3370,1341.3151997514237,0.531677352661739,1334
3371,1341.3151997514237,0.531677352661739,1334
3372,1341.3151997514237,0.531677352661739,1334
3373,1341.3151997514237,0.531677352661739,1334
3374,1341.3151997514237,0.531677352661739,1334
3375,1341.3151997514237,0.531677352661739,1334
3376,1341.3151997514237,0.531677352661739,1334
3377,1341.3151997514237,0.531677352661739,1334
3378,1341.3151997514237,0.531677352661739,1334
3379,1341.3151997514237,0.531677352661739,1334
3380,1341.3151997514237,0.531677352661739,1334
3381,1341.3151997514237,0.531677352661739,1334
3382,1341.3151997514237,0.531677352661739,1334
3383,1341.3151997514237,0.531677352661739,1334
3384,1341.3151997514237,0.531677352661739,1334
3385,1341.3151997514237,0.531677352661739,1334
3386,1341.3151997514237,0.531677352661739,1334
3387,1341.3151997514237,0.531677352661739,1334
3388,1341.3151997514237,0.531677352661739,1334
3389,1341.3151997514237,0.531677352661739,1334
3390,1341.3151997514237,0.531677352661739,1334
3391,1341.3151997514237,0.531677352661739,1334
3392,1341.3151997514237,0.531677352661739,1334
3393,1341.3151997514237,0.531677352661739,1334
3394,1341.3151997514237,0.531677352661739,1334
3395,1341.3151997514237,0.531677352661739,1334
3396,1322.3078356271121,0.5321488074832114,1315
3397,1322.3078356271121,0.5321488074832114,1315
3398,1322.3078356271121,0.5321488074832114,1315
3399,1322.3078356271121,0.5321488074832114,1315
3400,1322.3078356271121,0.5321488074832114,1315
3401,1322.3078356271121,0.5321488074832114,1315
3402,1322.3078356271121,0.5321488074832114,1315
3403,1322.3078356271121,0.5321488074832114,1315
3404,1322.3078356271121,0.5321488074832114,1315
3405,1322.3078356271121,0.5321488074832114,1315
3406,1322.3078356271121,0.5321488074832114,1315
3407,1322.3078356271121,0.5321488074832114,1315
3408,1322.3078356271121,0.5321488074832114,1315
3409,1322.3078356271121,0.5321488074832114,1315
3410,1322.3078356271121,0.5321488074832114,1315
3411,1322.3078356271121,0.5321488074832114,1315
3412,1322.3078356271121,0.5321488074832114,1315
3413,1322.3078356271121,0.5321488074832114,1315
3414,1322.3078356271121,0.5321488074832114,1315
3415,1322.3078356271121,0.5321488074832114,1315
3416,1322.3078356271121,0.5321488074832114,1315
3417,1326.309404109568,0.5320483924732333,1319
3418,1326.309404109568,0.5320483924732333,1319
3419,1326.309404109568,0.5320483924732333,1319
3420,1326.309404109568,0.5320483924732333,1319
3421,1326.309404109568,0.5320483924732333,1319
3422,1334.3125118923429,0.5318494307078866,1327
3423,1334.3125118923429,0.5318494307078866,1327
3424,1334.3125118923429,0.5318494307078866,1327
3425,1334.3125118923429,0.5318494307078866,1327
3426,1334.3125118923429,0.5318494307078866,1327
3427,1334.3125118923429,0.5318494307078866,1327
3428,1334.3125118923429,0.5318494307078866,1327
3429,1334.3125118923429,0.5318494307078866,1327
3430,1334.3125118923429,0.5318494307078866,1327
3431,1312.3038711260697,0.5324026167689044,1305
3432,1312.3038711260697,0.5324026167689044,1305
3433,1312.3038711260697,0.5324026167689044,1305
3434,1312.3038711260697,0.5324026167689044,1305
3435,1312.3038711260697,0.5324026167689044,1305
3436,1312.3038711260697,0.5324026167689044,1305
3437,1312.3038711260697,0.5324026167689044,1305
3438,1312.3038711260697,0.5324026167689044,1305
3439,1348.3178587511475,0.5315071222056641,1341
3440,1348.3178587511475,0.5315071222056641,1341
3441,1348.3178587511475,0.5315071222056641,1341
3442,1348.3178587511475,0.5315071222056641,1341
3443,1348.3178587511475,0.5315071222056641,1341
3444,1348.3178587511475,0.5315071222056641,1341
3445,1348.3178587511475,0.5315071222056641,1341
3446,1348.3178587511475,0.5315071222056641,1341
3447,1348.3178587511475,0.5315071222056641,1341
3448,1348.3178587511475,0.5315071222056641,1341
3449,1348.3178587511475,0.5315071222056641,1341
3450,1339.3144347569653,0.5317263279791796,1332
3451,1339.3144347569653,0.5317263279791796,1332
3452,1339.3144347569653,0.5317263279791796,1332
3453,1339.3144347569653,0.5317263279791796,1332
3454,1339.3144347569653,0.5317263279791796,1332
3455,1339.3144347569653,0.5317263279791796,1332
3456,1339.3144347569653,0.5317263279791796,1332
3457,1339.3144347569653,0.5317263279791796,1332
3458,1339.3144347569653,0.5317263279791796,1332
3459,1339.3144347569653,0.5317263279791796,1332
3460,1339.3144347569653,0.5317263279791796,1332
3461,1339.3144347569653,0.5317263279791796,1332
3462,1339.3144347569653,0.5317263279791796,1332
3463,1339.3144347569653,0.5317263279791796,1332
3464,1378.3289383597814,0.5307978002700808,1371
3465,1378.3289383597814,0.5307978002700808,1371
3466,1378.3289383597814,0.5307978002700808,1371
3467,1378.3289383597814,0.5307978002700808,1371
3468,1378.3289383597814,0.5307978002700808,1371
3469,1378.3289383597814,0.5307978002700808,1371
3470,1378.3289383597814,0.5307978002700808,1371
3471,1378.3289383597814,0.5307978002700808,1371
3472,1378.3289383597814,0.5307978002700808,1371
3473,1378.3289383597814,0.5307978002700808,1371
3474,1378.3289383597814,0.5307978002700808,1371
3475,1378.3289383597814,0.5307978002700808,1371
3476,1378.3289383597814,0.5307978002700808,1371
3477,1378.3289383597814,0.5307978002700808,1371
3478,1378.3289383597814,0.5307978002700808,1371
3479,1378.3289383597814,0.5307978002700808,1371
3480,1378.3289383597814,0.5307978002700808,1371
3481,1378.3289383597814,0.5307978002700808,1371
3482,1378.3289383597814,0.5307978002700808,1371
3483,1378.3289383597814,0.5307978002700808,1371
3484,1414.3415932807072,0.5299876260750884,1407
3485,1414.3415932807072,0.5299876260750884,1407
3486,1414.3415932807072,0.5299876260750884,1407
3487,1414.3415932807072,0.5299876260750884,1407
3488,1414.3415932807072,0.5299876260750884,1407
3489,1414.3415932807072,0.5299876260750884,1407
3490,1414.3415932807072,0.5299876260750884,1407
3491,1414.3415932807072,0.5299876260750884,1407
3492,1388.3325216312865,0.5305683974848674,1381
3493,1388.3325216312865,0.5305683974848674,1381
3494,1388.3325216312865,0.5305683974848674,1381
3495,1388.3325216312865,0.5305683974848674,1381
3496,1388.3325216312865,0.5305683974848674,1381
3497,1388.3325216312865,0.5305683974848674,1381
3498,1388.3325216312865,0.5305683974848674,1381
3499,1388.3325216312865,0.5305683974848674,1381
3500,1388.3325216312865,0.5305683974848674,1381
3501,1388.3325216312865,0.5305683974848674,1381
3502,1388.3325216312865,0.5305683974848674,1381
3503,1388.3325216312865,0.5305683974848674,1381
3504,1388.3325216312865,0.5305683974848674,1381
3505,1388.3325216312865,0.5305683974848674,1381
3506,1388.3325216312865,0.5305683974848674,1381
3507,1388.3325216312865,0.5305683974848674,1381
3508,1388.3325216312865,0.5305683974848674,1381
3509,1388.3325216312865,0.5305683974848674,1381
3510,1388.3325216312865,0.5305683974848674,1381
3511,1388.3325216312865,0.5305683974848674,1381
3512,1404.338145240997,0.5302083712549928,1397
3513,1404.338145240997,0.5302083712549928,1397
3514,1404.338145240997,0.5302083712549928,1397
3515,1404.338145240997,0.5302083712549928,1397
3516,1461.9872161066971,0.552675025179441,1455
3517,1457.9848411128378,0.5528270734418891,1451
3518,1457.9848411128378,0.5528270734418891,1451
3519,1457.9848411128378,0.5528270734418891,1451
3520,1457.9848411128378,0.5528270734418891,1451
3521,1457.9848411128378,0.5528270734418891,1451
3522,1457.9848411128378,0.5528270734418891,1451
3523,1457.9848411128378,0.5528270734418891,1451
3524,1457.9729982251836,0.5535852608717373,1451
3525,1457.9729982251836,0.5535852608717373,1451
3526,1457.9729982251836,0.5535852608717373,1451
3527,1457.9729982251836,0.5535852608717373,1451
3528,1457.9729982251836,0.5535852608717373,1451
3529,1457.9729982251836,0.5535852608717373,1451
3530,1457.9729982251836,0.5535852608717373,1451
3531,1457.9729982251836,0.5535852608717373,1451
3532,1457.9729982251836,0.5535852608717373,1451
3533,1457.9729982251836,0.5535852608717373,1451
3534,1458.8784176884558,0.5596403528517369,1452
3535,1447.9788433800293,0.5532110512145179,1441
3536,1447.9788433800293,0.5532110512145179,1441
3537,1447.9788433800293,0.5532110512145179,1441
3538,1447.9788433800293,0.5532110512145179,1441
3539,1447.9788433800293,0.5532110512145179,1441
3540,1447.9788433800293,0.5532110512145179,1441
3541,1453.9109660189652,0.5575565928959638,1447
3542,1453.9109660189652,0.5575565928959638,1447
3543,1453.9109660189652,0.5575565928959638,1447
3544,1453.9109660189652,0.5575565928959638,1447
3545,1453.9109660189652,0.5575565928959638,1447
3546,1453.9109660189652,0.5575565928959638,1447
3547,1453.9109660189652,0.5575565928959638,1447
3548,1453.9109660189652,0.5575565928959638,1447
3549,1453.9109660189652,0.5575565928959638,1447
3550,1453.9109660189652,0.5575565928959638,1447
3551,1447.9788433800293,0.5532110512145179,1441
3552,1447.9788433800293,0.5532110512145179,1441
3553,1417.3073882430033,0.5321774492315402,1410
3554,1417.3073882430033,0.5321774492315402,1410
3555,1417.3073882430033,0.5321774492315402,1410
3556,1417.3073882430033,0.5321774492315402,1410
3557,1417.3073882430033,0.5321774492315402,1410
3558,1417.3073882430033,0.5321774492315402,1410
3559,1417.3073882430033,0.5321774492315402,1410
3560,1417.3073882430033,0.5321774492315402,1410
3561,1417.3073882430033,0.5321774492315402,1410
3562,1417.3073882430033,0.5321774492315402,1410
3563,1417.3073882430033,0.5321774492315402,1410
3564,1417.3073882430033,0.5321774492315402,1410
3565,1417.3073882430033,0.5321774492315402,1410
3566,1417.3073882430033,0.5321774492315402,1410
3567,1417.3073882430033,0.5321774492315402,1410
3568,1417.3073882430033,0.5321774492315402,1410
3569,1417.3073882430033,0.5321774492315402,1410
3570,1417.3073882430033,0.5321774492315402,1410
3571,1417.3073882430033,0.5321774492315402,1410
3572,1417.3073882430033,0.5321774492315402,1410
3573,1417.3073882430033,0.5321774492315402,1410
3574,1429.1351236856951,0.5432059100067159,1422
3575,1429.1351236856951,0.5432059100067159,1422
3576,1429.1351236856951,0.5432059100067159,1422
3577,1429.1351236856951,0.5432059100067159,1422
3578,1405.3384923255549,0.530186150732721,1398
3579,1405.3384923255549,0.530186150732721,1398
3580,1406.338838900341,0.5301639628462845,1399
3581,1406.338838900341,0.5301639628462845,1399
3582,1406.338838900341,0.5301639628462845,1399
3583,1406.338838900341,0.5301639628462845,1399
3584,1406.338838900341,0.5301639628462845,1399
3585,1406.338838900341,0.5301639628462845,1399
3586,1406.338838900341,0.5301639628462845,1399
3587,1399.3364021321574,0.5303199659310235,1392
3588,1399.3364021321574,0.5303199659310235,1392
3589,1399.3364021321574,0.5303199659310235,1392
3590,1399.3364021321574,0.5303199659310235,1392
3591,1399.3364021321574,0.5303199659310235,1392
3592,1399.3364021321574,0.5303199659310235,1392
3593,1399.3364021321574,0.5303199659310235,1392
3594,1399.3364021321574,0.5303199659310235,1392
3595,1381.3300189702964,0.5307286190591318,1374
3596,1381.3300189702964,0.5307286190591318,1374
3597,1381.3300189702964,0.5307286190591318,1374
3598,1381.3300189702964,0.5307286190591318,1374
3599,1381.3300189702964,0.5307286190591318,1374
3600,1381.3300189702964,0.5307286190591318,1374
3601,1381.3300189702964,0.5307286190591318,1374
3602,1381.3300189702964,0.5307286190591318,1374
3603,1381.3300189702964,0.5307286190591318,1374
3604,1381.3300189702964,0.5307286190591318,1374
3605,1381.3300189702964,0.5307286190591318,1374
3606,1381.3300189702964,0.5307286190591318,1374
3607,1381.3300189702964,0.5307286190591318,1374
3608,1381.3300189702964,0.5307286190591318,1374
3609,1381.3300189702964,0.5307286190591318,1374
3610,1381.3300189702964,0.5307286190591318,1374
3611,1381.3300189702964,0.5307286190591318,1374
3612,1381.3300189702964,0.5307286190591318,1374
3613,1381.3300189702964,0.5307286190591318,1374
3614,1384.3310947415084,0.5306597476627092,1377
3615,1384.3310947415084,0.5306597476627092,1377
3616,1384.3310947415084,0.5306597476627092,1377
3617,1384.3310947415084,0.5306597476627092,1377
3618,1384.3310947415084,0.5306597476627092,1377
3619,1384.3310947415084,0.5306597476627092,1377
3620,1384.3310947415084,0.5306597476627092,1377
3621,1384.3310947415084,0.5306597476627092,1377
3622,1384.3310947415084,0.5306597476627092,1377
3623,1384.3310947415084,0.5306597476627092,1377
3624,1384.3310947415084,0.5306597476627092,1377
3625,1384.3310947415084,0.5306597476627092,1377
3626,1384.3310947415084,0.5306597476627092,1377
3627,1384.3310947415084,0.5306597476627092,1377
3628,1384.3310947415084,0.5306597476627092,1377
3629,1384.3310947415084,0.5306597476627092,1377
3630,1384.3310947415084,0.5306597476627092,1377
3631,1384.3310947415084,0.5306597476627092,1377
3632,1384.3310947415084,0.5306597476627092,1377
3633,1384.3310947415084,0.5306597476627092,1377
3634,1384.3310947415084,0.5306597476627092,1377
3635,1384.3310947415084,0.5306597476627092,1377
3636,1384.3310947415084,0.5306597476627092,1377
3637,1419.3432984890412,0.5298784578078607,1412
3638,1419.3432984890412,0.5298784578078607,1412
3639,1419.3432984890412,0.5298784578078607,1412
3640,1419.3432984890412,0.5298784578078607,1412
3641,1419.3432984890412,0.5298784578078607,1412
3642,1419.3432984890412,0.5298784578078607,1412
3643,1419.3432984890412,0.5298784578078607,1412
3644,1419.3432984890412,0.5298784578078607,1412
3645,1425.345328436461,0.5297484995863654,1418
3646,1424.3449913379914,0.5297700807944036,1417
3647,1423.3446537505033,0.5297916933096444,1416
3648,1423.3446537505033,0.5297916933096444,1416
3649,1423.3446537505033,0.5297916933096444,1416
3650,1423.3446537505033,0.5297916933096444,1416
3651,1399.3364021321574,0.5303199659310235,1392
3652,1399.3364021321574,0.5303199659310235,1392
3653,1399.3364021321574,0.5303199659310235,1392
3654,1391.3335862363115,0.5305002409531775,1384
3655,1391.3335862363115,0.5305002409531775,1384
3656,1391.3335862363115,0.5305002409531775,1384
3657,1391.3335862363115,0.5305002409531775,1384
3658,1391.3335862363115,0.5305002409531775,1384
3659,1391.3335862363115,0.5305002409531775,1384
3660,1391.3335862363115,0.5305002409531775,1384
3661,1391.3335862363115,0.5305002409531775,1384
3662,1391.3335862363115,0.5305002409531775,1384
3663,1392.3339400514487,0.530477589535939,1385
3664,1392.3339400514487,0.530477589535939,1385
3665,1392.3339400514487,0.530477589535939,1385
3666,1392.3339400514487,0.530477589535939,1385
3667,1383.3307366867984,0.5306826704994546,1376
3668,1383.3307366867984,0.5306826704994546,1376
3669,1383.3307366867984,0.5306826704994546,1376
3670,1383.3307366867984,0.5306826704994546,1376
3671,1394.3346461089325,0.5304323873922809,1387
3672,1394.3346461089325,0.5304323873922809,1387
3673,1389.3328770274038,0.5305456448525024,1382
3674,1389.3328770274038,0.5305456448525024,1382
3675,1389.3328770274038,0.5305456448525024,1382
3676,1389.3328770274038,0.5305456448525024,1382
3677,1389.3328770274038,0.5305456448525024,1382
3678,1389.3328770274038,0.5305456448525024,1382
3679,1389.3328770274038,0.5305456448525024,1382
3680,1389.3328770274038,0.5305456448525024,1382
3681,1389.3328770274038,0.5305456448525024,1382
3682,1389.3328770274038,0.5305456448525024,1382
3683,1389.3328770274038,0.5305456448525024,1382
3684,1389.3328770274038,0.5305456448525024,1382
3685,1389.3328770274038,0.5305456448525024,1382
3686,1389.3328770274038,0.5305456448525024,1382
3687,1389.3328770274038,0.5305456448525024,1382
3688,1389.3328770274038,0.5305456448525024,1382
3689,1389.3328770274038,0.5305456448525024,1382
3690,1389.3328770274038,0.5305456448525024,1382
3691,1389.3328770274038,0.5305456448525024,1382
3692,1389.3328770274038,0.5305456448525024,1382
3693,1389.3328770274038,0.5305456448525024,1382
3694,1389.3328770274038,0.5305456448525024,1382
3695,1389.3328770274038,0.5305456448525024,1382
3696,1362.323092010135,0.5311720864190174,1355
3697,1362.323092010135,0.5311720864190174,1355
3698,1362.323092010135,0.5311720864190174,1355
3699,1362.323092010135,0.5311720864190174,1355
3700,1362.323092010135,0.5311720864190174,1355
3701,1362.323092010135,0.5311720864190174,1355
3702,1362.323092010135,0.5311720864190174,1355
3703,1362.323092010135,0.5311720864190174,1355
3704,1362.323092010135,0.5311720864190174,1355
3705,1362.323092010135,0.5311720864190174,1355
3706,1362.323092010135,0.5311720864190174,1355
3707,1362.323092010135,0.5311720864190174,1355
3708,1362.323092010135,0.5311720864190174,1355
3709,1362.323092010135,0.5311720864190174,1355
3710,1362.323092010135,0.5311720864190174,1355
3711,1362.323092010135,0.5311720864190174,1355
3712,1375.3278528772673,0.5308672933887814,1368
3713,1375.3278528772673,0.5308672933887814,1368
3714,1378.3289383597814,0.5307978002700808,1371
3715,1379.329299102999,0.5307747053137699,1372
3716,1379.329299102999,0.5307747053137699,1372
3717,1379.329299102999,0.5307747053137699,1372
3718,1379.329299102999,0.5307747053137699,1372
3719,1379.329299102999,0.5307747053137699,1372
3720,1379.329299102999,0.5307747053137699,1372
3721,1379.329299102999,0.5307747053137699,1372
3722,1379.329299102999,0.5307747053137699,1372
3723,1379.329299102999,0.5307747053137699,1372
3724,1379.329299102999,0.5307747053137699,1372
3725,1379.329299102999,0.5307747053137699,1372
3726,1379.329299102999,0.5307747053137699,1372
3727,1379.329299102999,0.5307747053137699,1372
3728,1374.3274899614025,0.5308905274390227,1367
3729,1374.3274899614025,0.5308905274390227,1367
3730,1374.3274899614025,0.5308905274390227,1367
3731,1374.3274899614025,0.5308905274390227,1367
3732,1374.3274899614025,0.5308905274390227,1367
3733,1374.3274899614025,0.5308905274390227,1367
3734,1374.3274899614025,0.5308905274390227,1367
3735,1374.3274899614025,0.5308905274390227,1367
3736,1374.3274899614025,0.5308905274390227,1367
3737,1374.3274899614025,0.5308905274390227,1367
3738,1374.3274899614025,0.5308905274390227,1367
3739,1374.3274899614025,0.5308905274390227,1367
3740,1374.3274899614025,0.5308905274390227,1367
3741,1374.3274899614025,0.5308905274390227,1367
3742,1374.3274899614025,0.5308905274390227,1367
3743,1374.3274899614025,0.5308905274390227,1367
3744,1374.3274899614025,0.5308905274390227,1367
3745,1374.3274899614025,0.5308905274390227,1367
3746,1374.3274899614025,0.5308905274390227,1367
3747,1374.3274899614025,0.5308905274390227,1367
3748,1374.3274899614025,0.5308905274390227,1367
3749,1374.3274899614025,0.5308905274390227,1367
3750,1374.3274899614025,0.5308905274390227,1367
3751,1374.3274899614025,0.5308905274390227,1367
3752,1374.3274899614025,0.5308905274390227,1367
3753,1374.3274899614025,0.5308905274390227,1367
3754,1374.3274899614025,0.5308905274390227,1367
3755,1374.3274899614025,0.5308905274390227,1367
3756,1374.3274899614025,0.5308905274390227,1367
3757,1374.3274899614025,0.5308905274390227,1367
3758,1374.3274899614025,0.5308905274390227,1367
3759,1374.3274899614025,0.5308905274390227,1367
3760,1374.3274899614025,0.5308905274390227,1367
3761,1374.3274899614025,0.5308905274390227,1367
3762,1374.3274899614025,0.5308905274390227,1367
3763,1374.3274899614025,0.5308905274390227,1367
3764,1374.3274899614025,0.5308905274390227,1367
3765,1374.3274899614025,0.5308905274390227,1367
3766,1374.3274899614025,0.5308905274390227,1367
3767,1374.3274899614025,0.5308905274390227,1367
3768,1374.3274899614025,0.5308905274390227,1367
3769,1374.3274899614025,0.5308905274390227,1367
3770,1374.3274899614025,0.5308905274390227,1367
3771,1374.3274899614025,0.5308905274390227,1367
3772,1374.3274899614025,0.5308905274390227,1367
3773,1374.3274899614025,0.5308905274390227,1367
3774,1374.3274899614025,0.5308905274390227,1367
3775,1374.3274899614025,0.5308905274390227,1367
3776,1374.3274899614025,0.5308905274390227,1367
3777,1374.3274899614025,0.5308905274390227,1367
3778,1374.3274899614025,0.5308905274390227,1367
3779,1374.3274899614025,0.5308905274390227,1367
3780,1374.3274899614025,0.5308905274390227,1367
3781,1374.3274899614025,0.5308905274390227,1367
3782,1374.3274899614025,0.5308905274390227,1367
3783,1374.3274899614025,0.5308905274390227,1367
3784,1374.3274899614025,0.5308905274390227,1367
3785,1374.3274899614025,0.5308905274390227,1367
3786,1374.3274899614025,0.5308905274390227,1367
3787,1374.3274899614025,0.5308905274390227,1367
3788,1374.3274899614025,0.5308905274390227,1367
3789,1374.3274899614025,0.5308905274390227,1367
3790,1374.3274899614025,0.5308905274390227,1367
3791,1374.3274899614025,0.5308905274390227,1367
3792,1374.3274899614025,0.5308905274390227,1367
3793,1374.3274899614025,0.5308905274390227,1367
3794,1374.3274899614025,0.5308905274390227,1367
3795,1374.3274899614025,0.5308905274390227,1367
3796,1375.3278528772673,0.5308672933887814,1368
3797,1370.3260328233387,0.5309838141268403,1363
3798,1370.3260328233387,0.5309838141268403,1363
3799,1370.3260328233387,0.5309838141268403,1363
3800,1373.290696288337,0.5332460762908517,1366
3801,1373.290696288337,0.5332460762908517,1366
3802,1373.290696288337,0.5332460762908517,1366
3803,1373.290696288337,0.5332460762908517,1366
3804,1373.290696288337,0.5332460762908517,1366
3805,1373.290696288337,0.5332460762908517,1366
3806,1373.290696288337,0.5332460762908517,1366
3807,1373.290696288337,0.5332460762908517,1366
3808,1363.2867470405274,0.5334989090571468,1356
3809,1363.2867470405274,0.5334989090571468,1356
3810,1363.2867470405274,0.5334989090571468,1356
3811,1360.3223512195123,0.531219512195122,1353
3812,1360.3223512195123,0.531219512195122,1353
3813,1363.2867470405274,0.5334989090571468,1356
3814,1363.2867470405274,0.5334989090571468,1356
3815,1363.2867470405274,0.5334989090571468,1356
3816,1360.3223512195123,0.531219512195122,1353
3817,1360.3223512195123,0.531219512195122,1353
3818,1360.3223512195123,0.531219512195122,1353
3819,1360.3223512195123,0.531219512195122,1353
3820,1362.323092010135,0.5311720864190174,1355
3821,1370.3260328233387,0.5309838141268403,1363
3822,1368.325300952192,0.5310306688737507,1361
3823,1368.325300952192,0.5310306688737507,1361
3824,1368.325300952192,0.5310306688737507,1361
3825,1368.325300952192,0.5310306688737507,1361
3826,1368.325300952192,0.5310306688737507,1361
3827,1368.325300952192,0.5310306688737507,1361
3828,1368.325300952192,0.5310306688737507,1361
3829,1368.325300952192,0.5310306688737507,1361
3830,1368.325300952192,0.5310306688737507,1361
3831,1368.325300952192,0.5310306688737507,1361
3832,1368.325300952192,0.5310306688737507,1361
3833,1368.325300952192,0.5310306688737507,1361
3834,1368.325300952192,0.5310306688737507,1361
3835,1368.325300952192,0.5310306688737507,1361
3836,1368.325300952192,0.5310306688737507,1361
3837,1368.325300952192,0.5310306688737507,1361
3838,1368.325300952192,0.5310306688737507,1361
3839,1368.325300952192,0.5310306688737507,1361
3840,1368.325300952192,0.5310306688737507,1361
3841,1368.325300952192,0.5310306688737507,1361
3842,1377.328577075233,0.5308209298826532,1370
3843,1377.328577075233,0.5308209298826532,1370
3844,1377.328577075233,0.5308209298826532,1370
3845,1377.328577075233,0.5308209298826532,1370
3846,1377.328577075233,0.5308209298826532,1370
3847,1377.328577075233,0.5308209298826532,1370
3848,1377.328577075233,0.5308209298826532,1370
3849,1377.328577075233,0.5308209298826532,1370
3850,1377.328577075233,0.5308209298826532,1370
3851,1377.328577075233,0.5308209298826532,1370
3852,1377.328577075233,0.5308209298826532,1370
3853,1377.328577075233,0.5308209298826532,1370
3854,1375.3278528772673,0.5308672933887814,1368
3855,1375.3278528772673,0.5308672933887814,1368
3856,1375.3278528772673,0.5308672933887814,1368
3857,1375.3278528772673,0.5308672933887814,1368
3858,1375.3278528772673,0.5308672933887814,1368
3859,1375.3278528772673,0.5308672933887814,1368
3860,1375.3278528772673,0.5308672933887814,1368
3861,1375.3278528772673,0.5308672933887814,1368
3862,1375.3278528772673,0.5308672933887814,1368
3863,1375.3278528772673,0.5308672933887814,1368
3864,1375.3278528772673,0.5308672933887814,1368
3865,1375.3278528772673,0.5308672933887814,1368
3866,1375.3278528772673,0.5308672933887814,1368
3867,1375.3278528772673,0.5308672933887814,1368
3868,1375.3278528772673,0.5308672933887814,1368
3869,1375.3278528772673,0.5308672933887814,1368
3870,1375.3278528772673,0.5308672933887814,1368
3871,1375.3278528772673,0.5308672933887814,1368
3872,1375.3278528772673,0.5308672933887814,1368
3873,1375.3278528772673,0.5308672933887814,1368
3874,1375.3278528772673,0.5308672933887814,1368
3875,1375.3278528772673,0.5308672933887814,1368
3876,1375.3278528772673,0.5308672933887814,1368
3877,1375.3278528772673,0.5308672933887814,1368
3878,1375.3278528772673,0.5308672933887814,1368
3879,1375.3278528772673,0.5308672933887814,1368
3880,1375.3278528772673,0.5308672933887814,1368
3881,1375.3278528772673,0.5308672933887814,1368
3882,1375.3278528772673,0.5308672933887814,1368
3883,1375.3278528772673,0.5308672933887814,1368
3884,1375.3278528772673,0.5308672933887814,1368
3885,1375.3278528772673,0.5308672933887814,1368
3886,1375.3278528772673,0.5308672933887814,1368
3887,1375.3278528772673,0.5308672933887814,1368
3888,1375.3278528772673,0.5308672933887814,1368
3889,1375.3278528772673,0.5308672933887814,1368
3890,1375.3278528772673,0.5308672933887814,1368
3891,1375.3278528772673,0.5308672933887814,1368
3892,1375.3278528772673,0.5308672933887814,1368
3893,1375.3278528772673,0.5308672933887814,1368
3894,1375.3278528772673,0.5308672933887814,1368
3895,1375.3278528772673,0.5308672933887814,1368
3896,1375.3278528772673,0.5308672933887814,1368
3897,1375.3278528772673,0.5308672933887814,1368
3898,1375.3278528772673,0.5308672933887814,1368
3899,1375.3278528772673,0.5308672933887814,1368
3900,1375.3278528772673,0.5308672933887814,1368
3901,1375.3278528772673,0.5308672933887814,1368
3902,1375.3278528772673,0.5308672933887814,1368
3903,1375.3278528772673,0.5308672933887814,1368
3904,1375.3278528772673,0.5308672933887814,1368
3905,1375.3278528772673,0.5308672933887814,1368
3906,1375.3278528772673,0.5308672933887814,1368
3907,1375.3278528772673,0.5308672933887814,1368
3908,1375.3278528772673,0.5308672933887814,1368
3909,1375.3278528772673,0.5308672933887814,1368
3910,1375.3278528772673,0.5308672933887814,1368
3911,1375.3278528772673,0.5308672933887814,1368
3912,1378.3289383597814,0.5307978002700808,1371
3913,1378.3289383597814,0.5307978002700808,1371
3914,1378.3289383597814,0.5307978002700808,1371
3915,1378.3289383597814,0.5307978002700808,1371
3916,1378.3289383597814,0.5307978002700808,1371
3917,1378.3289383597814,0.5307978002700808,1371
3918,1378.3289383597814,0.5307978002700808,1371
3919,1378.3289383597814,0.5307978002700808,1371
3920,1378.3289383597814,0.5307978002700808,1371
3921,1378.3289383597814,0.5307978002700808,1371
3922,1378.3289383597814,0.5307978002700808,1371
3923,1378.3289383597814,0.5307978002700808,1371
3924,1378.3289383597814,0.5307978002700808,1371
3925,1378.3289383597814,0.5307978002700808,1371
3926,1378.3289383597814,0.5307978002700808,1371
3927,1378.3289383597814,0.5307978002700808,1371
3928,1378.3289383597814,0.5307978002700808,1371
3929,1378.3289383597814,0.5307978002700808,1371
3930,1378.3289383597814,0.5307978002700808,1371
3931,1378.3289383597814,0.5307978002700808,1371
3932,1378.3289383597814,0.5307978002700808,1371
3933,1378.3289383597814,0.5307978002700808,1371
3934,1378.3289383597814,0.5307978002700808,1371
3935,1378.3289383597814,0.5307978002700808,1371
3936,1378.3289383597814,0.5307978002700808,1371
3937,1378.3289383597814,0.5307978002700808,1371
3938,1378.3289383597814,0.5307978002700808,1371
3939,1378.3289383597814,0.5307978002700808,1371
3940,1378.3289383597814,0.5307978002700808,1371
3941,1378.3289383597814,0.5307978002700808,1371
3942,1378.3289383597814,0.5307978002700808,1371
3943,1378.3289383597814,0.5307978002700808,1371
3944,1378.3289383597814,0.5307978002700808,1371
3945,1378.3289383597814,0.5307978002700808,1371
3946,1378.3289383597814,0.5307978002700808,1371
3947,1378.3289383597814,0.5307978002700808,1371
3948,1378.3289383597814,0.5307978002700808,1371
3949,1378.3289383597814,0.5307978002700808,1371
3950,1378.3289383597814,0.5307978002700808,1371
3951,1378.3289383597814,0.5307978002700808,1371
3952,1378.3289383597814,0.5307978002700808,1371
3953,1378.3289383597814,0.5307978002700808,1371
3954,1378.3289383597814,0.5307978002700808,1371
3955,1378.3289383597814,0.5307978002700808,1371
3956,1378.3289383597814,0.5307978002700808,1371
3957,1378.3289383597814,0.5307978002700808,1371
3958,1378.3289383597814,0.5307978002700808,1371
3959,1378.3289383597814,0.5307978002700808,1371
3960,1378.3289383597814,0.5307978002700808,1371
3961,1378.3289383597814,0.5307978002700808,1371
3962,1378.3289383597814,0.5307978002700808,1371
3963,1378.3289383597814,0.5307978002700808,1371
3964,1378.3289383597814,0.5307978002700808,1371
3965,1378.3289383597814,0.5307978002700808,1371
3966,1378.3289383597814,0.5307978002700808,1371
3967,1378.3289383597814,0.5307978002700808,1371
3968,1378.3289383597814,0.5307978002700808,1371
3969,1378.3289383597814,0.5307978002700808,1371
3970,1378.3289383597814,0.5307978002700808,1371
3971,1378.3289383597814,0.5307978002700808,1371
3972,1378.3289383597814,0.5307978002700808,1371
3973,1378.3289383597814,0.5307978002700808,1371
3974,1378.3289383597814,0.5307978002700808,1371
3975,1378.3289383597814,0.5307978002700808,1371
3976,1378.3289383597814,0.5307978002700808,1371
3977,1378.3289383597814,0.5307978002700808,1371
3978,1378.3289383597814,0.5307978002700808,1371
3979,1378.3289383597814,0.5307978002700808,1371
3980,1378.3289383597814,0.5307978002700808,1371
3981,1378.3289383597814,0.5307978002700808,1371
3982,1378.3289383597814,0.5307978002700808,1371
3983,1378.3289383597814,0.5307978002700808,1371
3984,1378.3289383597814,0.5307978002700808,1371
3985,1378.3289383597814,0.5307978002700808,1371
3986,1386.3318092498291,0.5306140044923755,1379
3987,1386.3318092498291,0.5306140044923755,1379
3988,1386.3318092498291,0.5306140044923755,1379
3989,1386.3318092498291,0.5306140044923755,1379
3990,1386.3318092498291,0.5306140044923755,1379
3991,1386.3318092498291,0.5306140044923755,1379
3992,1386.3318092498291,0.5306140044923755,1379
3993,1386.3318092498291,0.5306140044923755,1379
3994,1386.3318092498291,0.5306140044923755,1379
3995,1386.3318092498291,0.5306140044923755,1379
3996,1386.3318092498291,0.5306140044923755,1379
3997,1386.3318092498291,0.5306140044923755,1379
3998,1386.3318092498291,0.5306140044923755,1379
3999,1386.3318092498291,0.5306140044923755,1379
4000,1386.3318092498291,0.5306140044923755,1379
4001,1386.3318092498291,0.5306140044923755,1379
4002,1386.3318092498291,0.5306140044923755,1379
4003,1386.3318092498291,0.5306140044923755,1379
4004,1386.3318092498291,0.5306140044923755,1379
4005,1386.3318092498291,0.5306140044923755,1379
4006,1386.3318092498291,0.5306140044923755,1379
4007,1386.3318092498291,0.5306140044923755,1379
4008,1386.3318092498291,0.5306140044923755,1379
4009,1386.3318092498291,0.5306140044923755,1379
4010,1386.3318092498291,0.5306140044923755,1379
4011,1386.3318092498291,0.5306140044923755,1379
4012,1386.3318092498291,0.5306140044923755,1379
4013,1386.3318092498291,0.5306140044923755,1379
4014,1386.3318092498291,0.5306140044923755,1379
4015,1386.3318092498291,0.5306140044923755,1379
4016,1386.3318092498291,0.5306140044923755,1379
4017,1386.3318092498291,0.5306140044923755,1379
4018,1386.3318092498291,0.5306140044923755,1379
4019,1386.3318092498291,0.5306140044923755,1379
4020,1386.3318092498291,0.5306140044923755,1379
4021,1386.3318092498291,0.5306140044923755,1379
4022,1386.3318092498291,0.5306140044923755,1379
4023,1386.3318092498291,0.5306140044923755,1379
4024,1386.3318092498291,0.5306140044923755,1379
4025,1386.3318092498291,0.5306140044923755,1379
4026,1386.3318092498291,0.5306140044923755,1379
4027,1386.3318092498291,0.5306140044923755,1379
4028,1386.3318092498291,0.5306140044923755,1379
4029,1386.3318092498291,0.5306140044923755,1379
4030,1386.3318092498291,0.5306140044923755,1379
4031,1386.3318092498291,0.5306140044923755,1379
4032,1386.3318092498291,0.5306140044923755,1379
4033,1386.3318092498291,0.5306140044923755,1379
4034,1386.3318092498291,0.5306140044923755,1379
4035,1386.3318092498291,0.5306140044923755,1379
4036,1386.3318092498291,0.5306140044923755,1379
4037,1386.3318092498291,0.5306140044923755,1379
4038,1386.3318092498291,0.5306140044923755,1379
4039,1386.3318092498291,0.5306140044923755,1379
4040,1386.3318092498291,0.5306140044923755,1379
4041,1386.3318092498291,0.5306140044923755,1379
4042,1386.3318092498291,0.5306140044923755,1379
4043,1386.3318092498291,0.5306140044923755,1379
4044,1386.3318092498291,0.5306140044923755,1379
4045,1386.3318092498291,0.5306140044923755,1379
4046,1386.3318092498291,0.5306140044923755,1379
4047,1386.3318092498291,0.5306140044923755,1379
4048,1386.3318092498291,0.5306140044923755,1379
4049,1386.3318092498291,0.5306140044923755,1379
4050,1386.3318092498291,0.5306140044923755,1379
4051,1386.3318092498291,0.5306140044923755,1379
4052,1386.3318092498291,0.5306140044923755,1379
4053,1386.3318092498291,0.5306140044923755,1379
4054,1386.3318092498291,0.5306140044923755,1379
4055,1386.3318092498291,0.5306140044923755,1379
4056,1386.3318092498291,0.5306140044923755,1379
4057,1386.3318092498291,0.5306140044923755,1379
4058,1386.3318092498291,0.5306140044923755,1379
4059,1386.3318092498291,0.5306140044923755,1379
4060,1386.3318092498291,0.5306140044923755,1379
4061,1386.3318092498291,0.5306140044923755,1379
4062,1386.3318092498291,0.5306140044923755,1379
4063,1386.3318092498291,0.5306140044923755,1379
4064,1386.3318092498291,0.5306140044923755,1379
4065,1386.3318092498291,0.5306140044923755,1379
4066,1386.3318092498291,0.5306140044923755,1379
4067,1386.3318092498291,0.5306140044923755,1379
4068,1386.3318092498291,0.5306140044923755,1379
4069,1386.3318092498291,0.5306140044923755,1379
4070,1386.3318092498291,0.5306140044923755,1379
4071,1386.3318092498291,0.5306140044923755,1379
4072,1386.3318092498291,0.5306140044923755,1379
4073,1394.3346461089325,0.5304323873922809,1387
4074,1394.3346461089325,0.5304323873922809,1387
4075,1394.3346461089325,0.5304323873922809,1387
4076,1394.3346461089325,0.5304323873922809,1387
4077,1394.3346461089325,0.5304323873922809,1387
4078,1394.3346461089325,0.5304323873922809,1387
4079,1394.3346461089325,0.5304323873922809,1387
4080,1394.3346461089325,0.5304323873922809,1387
4081,1394.3346461089325,0.5304323873922809,1387
4082,1394.3346461089325,0.5304323873922809,1387
4083,1394.3346461089325,0.5304323873922809,1387
4084,1394.3346461089325,0.5304323873922809,1387
4085,1394.3346461089325,0.5304323873922809,1387
4086,1394.3346461089325,0.5304323873922809,1387
4087,1394.3346461089325,0.5304323873922809,1387
4088,1394.3346461089325,0.5304323873922809,1387
4089,1394.3346461089325,0.5304323873922809,1387
4090,1394.3346461089325,0.5304323873922809,1387
4091,1394.3346461089325,0.5304323873922809,1387
4092,1394.3346461089325,0.5304323873922809,1387
4093,1394.3346461089325,0.5304323873922809,1387
4094,1394.3346461089325,0.5304323873922809,1387
4095,1394.3346461089325,0.5304323873922809,1387
4096,1394.3346461089325,0.5304323873922809,1387
4097,1394.3346461089325,0.5304323873922809,1387
4098,1394.3346461089325,0.5304323873922809,1387
4099,1394.3346461089325,0.5304323873922809,1387
4100,1394.3346461089325,0.5304323873922809,1387
4101,1394.3346461089325,0.5304323873922809,1387
4102,1394.3346461089325,0.5304323873922809,1387
4103,1394.3346461089325,0.5304323873922809,1387
4104,1394.3346461089325,0.5304323873922809,1387
4105,1394.3346461089325,0.5304323873922809,1387
4106,1394.3346461089325,0.5304323873922809,1387
4107,1394.3346461089325,0.5304323873922809,1387
4108,1394.3346461089325,0.5304323873922809,1387
4109,1394.3346461089325,0.5304323873922809,1387
4110,1394.3346461089325,0.5304323873922809,1387
4111,1394.3346461089325,0.5304323873922809,1387
4112,1394.3346461089325,0.5304323873922809,1387
4113,1394.3346461089325,0.5304323873922809,1387
4114,1394.3346461089325,0.5304323873922809,1387
4115,1394.3346461089325,0.5304323873922809,1387
4116,1394.3346461089325,0.5304323873922809,1387
4117,1394.3346461089325,0.5304323873922809,1387
4118,1394.3346461089325,0.5304323873922809,1387
4119,1394.3346461089325,0.5304323873922809,1387
4120,1394.3346461089325,0.5304323873922809,1387
4121,1394.3346461089325,0.5304323873922809,1387
4122,1394.3346461089325,0.5304323873922809,1387
4123,1394.3346461089325,0.5304323873922809,1387
4124,1394.3346461089325,0.5304323873922809,1387
4125,1394.3346461089325,0.5304323873922809,1387
4126,1403.3377976455429,0.5302306244850917,1396
4127,1403.3377976455429,0.5302306244850917,1396
4128,1403.3377976455429,0.5302306244850917,1396
4129,1403.3377976455429,0.5302306244850917,1396
4130,1403.3377976455429,0.5302306244850917,1396
4131,1403.3377976455429,0.5302306244850917,1396
4132,1403.3377976455429,0.5302306244850917,1396
4133,1403.3377976455429,0.5302306244850917,1396
4134,1403.3377976455429,0.5302306244850917,1396
4135,1403.3377976455429,0.5302306244850917,1396
4136,1403.3377976455429,0.5302306244850917,1396
4137,1403.3377976455429,0.5302306244850917,1396
4138,1403.3377976455429,0.5302306244850917,1396
4139,1403.3377976455429,0.5302306244850917,1396
4140,1403.3377976455429,0.5302306244850917,1396
4141,1403.3377976455429,0.5302306244850917,1396
4142,1403.3377976455429,0.5302306244850917,1396
4143,1403.3377976455429,0.5302306244850917,1396
4144,1403.3377976455429,0.5302306244850917,1396
4145,1403.3377976455429,0.5302306244850917,1396
4146,1403.3377976455429,0.5302306244850917,1396
4147,1403.3377976455429,0.5302306244850917,1396
4148,1403.3377976455429,0.5302306244850917,1396
4149,1403.3377976455429,0.5302306244850917,1396
4150,1403.3377976455429,0.5302306244850917,1396
4151,1403.3377976455429,0.5302306244850917,1396
4152,1403.3377976455429,0.5302306244850917,1396
4153,1403.3377976455429,0.5302306244850917,1396
4154,1403.3377976455429,0.5302306244850917,1396
4155,1403.3377976455429,0.5302306244850917,1396
4156,1403.3377976455429,0.5302306244850917,1396
4157,1403.3377976455429,0.5302306244850917,1396
4158,1403.3377976455429,0.5302306244850917,1396
4159,1403.3377976455429,0.5302306244850917,1396
4160,1403.3377976455429,0.5302306244850917,1396
4161,1403.3377976455429,0.5302306244850917,1396
4162,1403.3377976455429,0.5302306244850917,1396
4163,1403.3377976455429,0.5302306244850917,1396
4164,1430.347006630554,0.5296410607840009,1423
4165,1430.347006630554,0.5296410607840009,1423
4166,1430.347006630554,0.5296410607840009,1423
4167,1430.347006630554,0.5296410607840009,1423
4168,1430.347006630554,0.5296410607840009,1423
4169,1430.347006630554,0.5296410607840009,1423
4170,1430.347006630554,0.5296410607840009,1423
4171,1430.347006630554,0.5296410607840009,1423
4172,1430.347006630554,0.5296410607840009,1423
4173,1430.347006630554,0.5296410607840009,1423
4174,1430.347006630554,0.5296410607840009,1423
4175,1430.347006630554,0.5296410607840009,1423
4176,1430.347006630554,0.5296410607840009,1423
4177,1430.347006630554,0.5296410607840009,1423
4178,1430.347006630554,0.5296410607840009,1423
4179,1430.347006630554,0.5296410607840009,1423
4180,1430.347006630554,0.5296410607840009,1423
4181,1430.347006630554,0.5296410607840009,1423
4182,1430.347006630554,0.5296410607840009,1423
4183,1430.347006630554,0.5296410607840009,1423
4184,1430.347006630554,0.5296410607840009,1423
4185,1430.347006630554,0.5296410607840009,1423
4186,1430.347006630554,0.5296410607840009,1423
4187,1430.347006630554,0.5296410607840009,1423
4188,1430.347006630554,0.5296410607840009,1423
4189,1430.347006630554,0.5296410607840009,1423
4190,1430.347006630554,0.5296410607840009,1423
4191,1430.347006630554,0.5296410607840009,1423
4192,1430.347006630554,0.5296410607840009,1423
4193,1430.347006630554,0.5296410607840009,1423
4194,1430.347006630554,0.5296410607840009,1423
4195,1430.347006630554,0.5296410607840009,1423
4196,1430.347006630554,0.5296410607840009,1423
4197,1430.347006630554,0.5296410607840009,1423
4198,1430.347006630554,0.5296410607840009,1423
4199,1430.347006630554,0.5296410607840009,1423
4200,1430.347006630554,0.5296410607840009,1423
4201,1430.347006630554,0.5296410607840009,1423
4202,1430.347006630554,0.5296410607840009,1423
4203,1430.347006630554,0.5296410607840009,1423
4204,1430.347006630554,0.5296410607840009,1423
4205,1430.347006630554,0.5296410607840009,1423
4206,1430.347006630554,0.5296410607840009,1423
4207,1430.347006630554,0.5296410607840009,1423
4208,1430.347006630554,0.5296410607840009,1423
4209,1430.347006630554,0.5296410607840009,1423
4210,1430.347006630554,0.5296410607840009,1423
4211,1430.347006630554,0.5296410607840009,1423
4212,1430.347006630554,0.5296410607840009,1423
4213,1430.347006630554,0.5296410607840009,1423
4214,1430.347006630554,0.5296410607840009,1423
4215,1430.347006630554,0.5296410607840009,1423
4216,1430.347006630554,0.5296410607840009,1423
4217,1430.347006630554,0.5296410607840009,1423
4218,1430.347006630554,0.5296410607840009,1423
4219,1430.347006630554,0.5296410607840009,1423
4220,1430.347006630554,0.5296410607840009,1423
4221,1430.347006630554,0.5296410607840009,1423
4222,1430.347006630554,0.5296410607840009,1423
4223,1430.347006630554,0.5296410607840009,1423
4224,1430.347006630554,0.5296410607840009,1423
4225,1430.347006630554,0.5296410607840009,1423
4226,1430.347006630554,0.5296410607840009,1423
4227,1430.347006630554,0.5296410607840009,1423
4228,1430.347006630554,0.5296410607840009,1423
4229,1430.347006630554,0.5296410607840009,1423
4230,1430.347006630554,0.5296410607840009,1423
4231,1430.347006630554,0.5296410607840009,1423
4232,1430.347006630554,0.5296410607840009,1423
4233,1430.347006630554,0.5296410607840009,1423
4234,1430.347006630554,0.5296410607840009,1423
4235,1430.347006630554,0.5296410607840009,1423
4236,1430.347006630554,0.5296410607840009,1423
4237,1430.347006630554,0.5296410607840009,1423
4238,1430.347006630554,0.5296410607840009,1423
4239,1430.347006630554,0.5296410607840009,1423
4240,1430.347006630554,0.5296410607840009,1423
4241,1430.347006630554,0.5296410607840009,1423
4242,1430.347006630554,0.5296410607840009,1423
4243,1430.347006630554,0.5296410607840009,1423
4244,1430.347006630554,0.5296410607840009,1423
4245,1430.347006630554,0.5296410607840009,1423
4246,1430.347006630554,0.5296410607840009,1423
4247,1430.347006630554,0.5296410607840009,1423
4248,1430.347006630554,0.5296410607840009,1423
4249,1430.347006630554,0.5296410607840009,1423
4250,1430.347006630554,0.5296410607840009,1423
4251,1430.347006630554,0.5296410607840009,1423
4252,1430.347006630554,0.5296410607840009,1423
4253,1430.347006630554,0.5296410607840009,1423
4254,1430.347006630554,0.5296410607840009,1423
4255,1447.3526229961785,0.529281498324044,1440
4256,1447.3526229961785,0.529281498324044,1440
4257,1447.3526229961785,0.529281498324044,1440
4258,1447.3526229961785,0.529281498324044,1440
4259,1447.3526229961785,0.529281498324044,1440
4260,1447.3526229961785,0.529281498324044,1440
4261,1447.3526229961785,0.529281498324044,1440
4262,1447.3526229961785,0.529281498324044,1440
4263,1447.3526229961785,0.529281498324044,1440
4264,1447.3526229961785,0.529281498324044,1440
4265,1447.3526229961785,0.529281498324044,1440
4266,1447.3526229961785,0.529281498324044,1440
4267,1447.3526229961785,0.529281498324044,1440
4268,1447.3526229961785,0.529281498324044,1440
4269,1447.3526229961785,0.529281498324044,1440
4270,1447.3526229961785,0.529281498324044,1440
4271,1447.3526229961785,0.529281498324044,1440
4272,1447.3526229961785,0.529281498324044,1440
4273,1447.3526229961785,0.529281498324044,1440
4274,1447.3526229961785,0.529281498324044,1440
4275,1447.3526229961785,0.529281498324044,1440
4276,1447.3526229961785,0.529281498324044,1440
4277,1447.3526229961785,0.529281498324044,1440
4278,1447.3526229961785,0.529281498324044,1440
4279,1447.3526229961785,0.529281498324044,1440
4280,1447.3526229961785,0.529281498324044,1440
4281,1447.3526229961785,0.529281498324044,1440
4282,1447.3526229961785,0.529281498324044,1440
4283,1447.3526229961785,0.529281498324044,1440
4284,1447.3526229961785,0.529281498324044,1440
4285,1447.3526229961785,0.529281498324044,1440
4286,1447.3526229961785,0.529281498324044,1440
4287,1447.3526229961785,0.529281498324044,1440
4288,1447.3526229961785,0.529281498324044,1440
4289,1447.3526229961785,0.529281498324044,1440
4290,1447.3526229961785,0.529281498324044,1440
4291,1447.3526229961785,0.529281498324044,1440
4292,1447.3526229961785,0.529281498324044,1440
4293,1447.3526229961785,0.529281498324044,1440
4294,1447.3526229961785,0.529281498324044,1440
4295,1447.3526229961785,0.529281498324044,1440
4296,1447.3526229961785,0.529281498324044,1440
4297,1447.3526229961785,0.529281498324044,1440
4298,1447.3526229961785,0.529281498324044,1440
4299,1454.354896242994,0.5291359639568424,1447
4300,1454.354896242994,0.5291359639568424,1447
4301,1454.354896242994,0.5291359639568424,1447
4302,1454.354896242994,0.5291359639568424,1447
4303,1454.354896242994,0.5291359639568424,1447
4304,1454.354896242994,0.5291359639568424,1447
4305,1454.354896242994,0.5291359639568424,1447
4306,1454.354896242994,0.5291359639568424,1447
4307,1454.354896242994,0.5291359639568424,1447
4308,1454.354896242994,0.5291359639568424,1447
4309,1454.354896242994,0.5291359639568424,1447
4310,1454.354896242994,0.5291359639568424,1447
4311,1454.354896242994,0.5291359639568424,1447
4312,1454.354896242994,0.5291359639568424,1447
4313,1454.354896242994,0.5291359639568424,1447
4314,1454.354896242994,0.5291359639568424,1447
4315,1454.354896242994,0.5291359639568424,1447
4316,1454.354896242994,0.5291359639568424,1447
4317,1454.354896242994,0.5291359639568424,1447
4318,1454.354896242994,0.5291359639568424,1447
4319,1454.354896242994,0.5291359639568424,1447
4320,1454.354896242994,0.5291359639568424,1447
4321,1454.354896242994,0.5291359639568424,1447
4322,1454.354896242994,0.5291359639568424,1447
4323,1454.354896242994,0.5291359639568424,1447
4324,1454.354896242994,0.5291359639568424,1447
4325,1454.354896242994,0.5291359639568424,1447
4326,1454.354896242994,0.5291359639568424,1447
4327,1454.354896242994,0.5291359639568424,1447
4328,1454.354896242994,0.5291359639568424,1447
4329,1452.354249051015,0.5291773975022518,1445
4330,1452.354249051015,0.5291773975022518,1445
4331,1452.354249051015,0.5291773975022518,1445
4332,1452.354249051015,0.5291773975022518,1445
4333,1452.354249051015,0.5291773975022518,1445
4334,1452.354249051015,0.5291773975022518,1445
4335,1452.354249051015,0.5291773975022518,1445
4336,1452.354249051015,0.5291773975022518,1445
4337,1452.354249051015,0.5291773975022518,1445
4338,1452.354249051015,0.5291773975022518,1445
4339,1452.354249051015,0.5291773975022518,1445
4340,1452.354249051015,0.5291773975022518,1445
4341,1452.354249051015,0.5291773975022518,1445
4342,1452.354249051015,0.5291773975022518,1445
4343,1460.3568268464112,0.5290123657867372,1453
4344,1460.3568268464112,0.5290123657867372,1453
4345,1460.3568268464112,0.5290123657867372,1453
4346,1460.3568268464112,0.5290123657867372,1453
4347,1460.3568268464112,0.5290123657867372,1453
4348,1460.3568268464112,0.5290123657867372,1453
4349,1460.3568268464112,0.5290123657867372,1453
4350,1460.3568268464112,0.5290123657867372,1453
4351,1460.3568268464112,0.5290123657867372,1453
4352,1460.3568268464112,0.5290123657867372,1453
4353,1460.3568268464112,0.5290123657867372,1453
4354,1460.3568268464112,0.5290123657867372,1453
4355,1460.3568268464112,0.5290123657867372,1453
4356,1460.3568268464112,0.5290123657867372,1453
4357,1460.3568268464112,0.5290123657867372,1453
4358,1460.3568268464112,0.5290123657867372,1453
4359,1460.3568268464112,0.5290123657867372,1453
4360,1460.3568268464112,0.5290123657867372,1453
4361,1460.3568268464112,0.5290123657867372,1453
4362,1460.3568268464112,0.5290123657867372,1453
4363,1460.3568268464112,0.5290123657867372,1453
4364,1460.3568268464112,0.5290123657867372,1453
4365,1460.3568268464112,0.5290123657867372,1453
4366,1460.3568268464112,0.5290123657867372,1453
4367,1460.3568268464112,0.5290123657867372,1453
4368,1460.3568268464112,0.5290123657867372,1453
4369,1460.3568268464112,0.5290123657867372,1453
4370,1460.3568268464112,0.5290123657867372,1453
4371,1460.3568268464112,0.5290123657867372,1453
4372,1460.3568268464112,0.5290123657867372,1453
4373,1460.3568268464112,0.5290123657867372,1453
4374,1460.3568268464112,0.5290123657867372,1453
4375,1460.3568268464112,0.5290123657867372,1453
4376,1460.3568268464112,0.5290123657867372,1453
4377,1460.3568268464112,0.5290123657867372,1453
4378,1460.3568268464112,0.5290123657867372,1453
4379,1460.3568268464112,0.5290123657867372,1453
4380,1463.3577860238954,0.5289509587775075,1456
4381,1463.3577860238954,0.5289509587775075,1456
4382,1463.3577860238954,0.5289509587775075,1456
4383,1463.3577860238954,0.5289509587775075,1456
4384,1463.3577860238954,0.5289509587775075,1456
4385,1463.3577860238954,0.5289509587775075,1456
4386,1463.3577860238954,0.5289509587775075,1456
4387,1463.3577860238954,0.5289509587775075,1456
4388,1463.3577860238954,0.5289509587775075,1456
4389,1463.3577860238954,0.5289509587775075,1456
4390,1463.3577860238954,0.5289509587775075,1456
4391,1463.3577860238954,0.5289509587775075,1456
4392,1463.3577860238954,0.5289509587775075,1456
4393,1463.3577860238954,0.5289509587775075,1456
4394,1463.3577860238954,0.5289509587775075,1456
4395,1463.3577860238954,0.5289509587775075,1456
4396,1463.3577860238954,0.5289509587775075,1456
4397,1463.3577860238954,0.5289509587775075,1456
4398,1463.3577860238954,0.5289509587775075,1456
4399,1463.3577860238954,0.5289509587775075,1456
4400,1463.3577860238954,0.5289509587775075,1456
4401,1463.3577860238954,0.5289509587775075,1456
4402,1463.3577860238954,0.5289509587775075,1456
4403,1463.3577860238954,0.5289509587775075,1456
4404,1463.3577860238954,0.5289509587775075,1456
4405,1463.3577860238954,0.5289509587775075,1456
4406,1463.3577860238954,0.5289509587775075,1456
4407,1463.3577860238954,0.5289509587775075,1456
4408,1463.3577860238954,0.5289509587775075,1456
4409,1463.3577860238954,0.5289509587775075,1456
4410,1463.3577860238954,0.5289509587775075,1456
4411,1463.3577860238954,0.5289509587775075,1456
4412,1463.3577860238954,0.5289509587775075,1456
4413,1463.3577860238954,0.5289509587775075,1456
4414,1463.3577860238954,0.5289509587775075,1456
4415,1463.3577860238954,0.5289509587775075,1456
4416,1463.3577860238954,0.5289509587775075,1456
4417,1463.3577860238954,0.5289509587775075,1456
4418,1463.3577860238954,0.5289509587775075,1456
4419,1463.3577860238954,0.5289509587775075,1456
4420,1463.3577860238954,0.5289509587775075,1456
4421,1463.3577860238954,0.5289509587775075,1456
4422,1463.3577860238954,0.5289509587775075,1456
4423,1463.3577860238954,0.5289509587775075,1456
4424,1463.3577860238954,0.5289509587775075,1456
4425,1463.3577860238954,0.5289509587775075,1456
4426,1481.3634569597648,0.5285879027039125,1474
4427,1482.3637678477112,0.5285679995063257,1475
4428,1482.3637678477112,0.5285679995063257,1475
4429,1489.365932011075,0.5284294487147778,1482
4430,1489.365932011075,0.5284294487147778,1482
4431,1481.3634569597648,0.5285879027039125,1474
4432,1483.3640783034257,0.5285481239804242,1476
4433,1483.3640783034257,0.5285481239804242,1476
4434,1483.3640783034257,0.5285481239804242,1476
4435,1483.3640783034257,0.5285481239804242,1476
4436,1483.3640783034257,0.5285481239804242,1476
4437,1483.3640783034257,0.5285481239804242,1476
4438,1483.3640783034257,0.5285481239804242,1476
4439,1483.3640783034257,0.5285481239804242,1476
4440,1483.3640783034257,0.5285481239804242,1476
4441,1483.3640783034257,0.5285481239804242,1476
4442,1483.3640783034257,0.5285481239804242,1476
4443,1483.3640783034257,0.5285481239804242,1476
4444,1483.3640783034257,0.5285481239804242,1476
4445,1483.3640783034257,0.5285481239804242,1476
4446,1483.0342557030806,0.5496635273315921,1476
4447,1483.0342557030806,0.5496635273315921,1476
4448,1483.0342557030806,0.5496635273315921,1476
4449,1483.0342557030806,0.5496635273315921,1476
4450,1483.0342557030806,0.5496635273315921,1476
4451,1495.0407884803913,0.5492452957496041,1488
4452,1495.0407884803913,0.5492452957496041,1488
4453,1495.0407884803913,0.5492452957496041,1488
4454,1495.0407884803913,0.5492452957496041,1488
4455,1495.0407884803913,0.5492452957496041,1488
4456,1495.0407884803913,0.5492452957496041,1488
4457,1495.0407884803913,0.5492452957496041,1488
4458,1495.0407884803913,0.5492452957496041,1488
4459,1495.0407884803913,0.5492452957496041,1488
4460,1495.0407884803913,0.5492452957496041,1488
4461,1495.0407884803913,0.5492452957496041,1488
4462,1495.0407884803913,0.5492452957496041,1488
4463,1495.0407884803913,0.5492452957496041,1488
4464,1495.0407884803913,0.5492452957496041,1488
4465,1495.0407884803913,0.5492452957496041,1488
4466,1495.0407884803913,0.5492452957496041,1488
4467,1493.062663619385,0.5478448387077567,1486
4468,1493.062663619385,0.5478448387077567,1486
4469,1493.062663619385,0.5478448387077567,1486
4470,1493.062663619385,0.5478448387077567,1486
4471,1493.062663619385,0.5478448387077567,1486
4472,1493.062663619385,0.5478448387077567,1486
4473,1493.062663619385,0.5478448387077567,1486
4474,1493.062663619385,0.5478448387077567,1486
4475,1493.062663619385,0.5478448387077567,1486
4476,1493.062663619385,0.5478448387077567,1486
4477,1493.062663619385,0.5478448387077567,1486
4478,1493.062663619385,0.5478448387077567,1486
4479,1493.062663619385,0.5478448387077567,1486
4480,1493.062663619385,0.5478448387077567,1486
4481,1493.062663619385,0.5478448387077567,1486
4482,1493.062663619385,0.5478448387077567,1486
4483,1493.062663619385,0.5478448387077567,1486
4484,1493.062663619385,0.5478448387077567,1486
4485,1478.9269964709326,0.5565303155612861,1472
4486,1478.9269964709326,0.5565303155612861,1472
4487,1478.9269964709326,0.5565303155612861,1472
4488,1478.9269964709326,0.5565303155612861,1472
4489,1487.8271599631044,0.5629218973684845,1481
4490,1487.8271599631044,0.5629218973684845,1481
4491,1487.8271599631044,0.5629218973684845,1481
4492,1487.8271599631044,0.5629218973684845,1481
4493,1487.8271599631044,0.5629218973684845,1481
4494,1478.9269964709326,0.5565303155612861,1472
4495,1478.9269964709326,0.5565303155612861,1472
4496,1478.9269964709326,0.5565303155612861,1472
4497,1478.9269964709326,0.5565303155612861,1472
4498,1478.9269964709326,0.5565303155612861,1472
4499,1478.9269964709326,0.5565303155612861,1472
4500,1478.9269964709326,0.5565303155612861,1472
4501,1478.9269964709326,0.5565303155612861,1472
4502,1478.9269964709326,0.5565303155612861,1472
4503,1478.9269964709326,0.5565303155612861,1472
4504,1487.8271599631044,0.5629218973684845,1481
4505,1487.8271599631044,0.5629218973684845,1481
4506,1487.8271599631044,0.5629218973684845,1481
4507,1496.8334195286386,0.562521156937347,1490
4508,1496.8334195286386,0.562521156937347,1490
4509,1496.8334195286386,0.562521156937347,1490
4510,1496.8334195286386,0.562521156937347,1490
4511,1498.8347997736184,0.5624327929821724,1492
4512,1498.8347997736184,0.5624327929821724,1492
4513,1498.8347997736184,0.5624327929821724,1492
4514,1507.8409630881006,0.5620382145902362,1501
4515,1507.8409630881006,0.5620382145902362,1501
4516,1490.8292553461176,0.5627877499284458,1484
4517,1512.8443537375872,0.5618211435603636,1506
4518,1533.8697238379007,0.5601969373943202,1527
4519,1534.8589960333322,0.5608837366624643,1528
4520,1520.8497298870284,0.5614769598573403,1514
4521,1528.855046732232,0.5611365728404631,1522
4522,1512.669418873401,0.5730205586811237,1506
4523,1512.669418873401,0.5730205586811237,1506
4524,1512.669418873401,0.5730205586811237,1506
4525,1480.032605177395,0.5497691947890574,1473
4526,1480.032605177395,0.5497691947890574,1473
4527,1480.032605177395,0.5497691947890574,1473
4528,1480.032605177395,0.5497691947890574,1473
4529,1480.032605177395,0.5497691947890574,1473
4530,1480.032605177395,0.5497691947890574,1473
4531,1480.032605177395,0.5497691947890574,1473
4532,1480.032605177395,0.5497691947890574,1473
4533,1480.032605177395,0.5497691947890574,1473
4534,1480.032605177395,0.5497691947890574,1473
4535,1480.032605177395,0.5497691947890574,1473
4536,1470.0270524671923,0.5501246819979345,1463
4537,1470.0270524671923,0.5501246819979345,1463
4538,1470.0270524671923,0.5501246819979345,1463
4539,1461.0219869440875,0.5504489792517637,1454
4540,1461.0219869440875,0.5504489792517637,1454
4541,1461.0219869440875,0.5504489792517637,1454
4542,1461.0219869440875,0.5504489792517637,1454
4543,1461.0219869440875,0.5504489792517637,1454
4544,1453.0174290566808,0.5507407774211969,1446
4545,1453.0174290566808,0.5507407774211969,1446
4546,1453.0174290566808,0.5507407774211969,1446
4547,1453.0174290566808,0.5507407774211969,1446
4548,1453.0174290566808,0.5507407774211969,1446
4549,1453.0174290566808,0.5507407774211969,1446
4550,1445.0128182765877,0.55103596180617,1438
4551,1445.0128182765877,0.55103596180617,1438
4552,1445.0128182765877,0.55103596180617,1438
4553,1445.0128182765877,0.55103596180617,1438
4554,1445.0128182765877,0.55103596180617,1438
4555,1445.0128182765877,0.55103596180617,1438
4556,1445.0128182765877,0.55103596180617,1438
4557,1432.0052105599088,0.55152301152953,1425
4558,1432.0052105599088,0.55152301152953,1425
4559,1432.0052105599088,0.55152301152953,1425
4560,1429.0034343224916,0.5516367271132101,1422
4561,1429.0034343224916,0.5516367271132101,1422
4562,1429.0034343224916,0.5516367271132101,1422
4563,1429.0034343224916,0.5516367271132101,1422
4564,1429.0034343224916,0.5516367271132101,1422
4565,1429.0034343224916,0.5516367271132101,1422
4566,1429.0034343224916,0.5516367271132101,1422
4567,1424.0004564865012,0.5518273696222027,1417
4568,1424.0004564865012,0.5518273696222027,1417
4569,1424.0004564865012,0.5518273696222027,1417
4570,1438.0087397299515,0.5512970723462636,1431
4571,1438.0087397299515,0.5512970723462636,1431
4572,1438.0087397299515,0.5512970723462636,1431
4573,1438.0087397299515,0.5512970723462636,1431
4574,1438.0087397299515,0.5512970723462636,1431
4575,1437.0081536802372,0.5513345915341062,1430
4576,1435.3139118135468,0.5317598070712718,1428
4577,1435.3139118135468,0.5317598070712718,1428
4578,1435.3139118135468,0.5317598070712718,1428
4579,1435.3139118135468,0.5317598070712718,1428
4580,1435.3139118135468,0.5317598070712718,1428
4581,1435.3139118135468,0.5317598070712718,1428
4582,1435.3139118135468,0.5317598070712718,1428
4583,1435.3139118135468,0.5317598070712718,1428
4584,1435.3139118135468,0.5317598070712718,1428
4585,1435.3139118135468,0.5317598070712718,1428
4586,1419.3081215356365,0.5321305034803775,1412
4587,1419.3081215356365,0.5321305034803775,1412
4588,1419.3081215356365,0.5321305034803775,1412
4589,1419.3081215356365,0.5321305034803775,1412
4590,1402.3018195625177,0.5325339588657009,1395
4591,1402.3018195625177,0.5325339588657009,1395
4592,1402.3018195625177,0.5325339588657009,1395
4593,1402.3018195625177,0.5325339588657009,1395
4594,1402.3018195625177,0.5325339588657009,1395
4595,1399.3364021321574,0.5303199659310235,1392
4596,1399.3364021321574,0.5303199659310235,1392
4597,1399.3364021321574,0.5303199659310235,1392
4598,1399.3364021321574,0.5303199659310235,1392
4599,1399.3364021321574,0.5303199659310235,1392
4600,1399.3364021321574,0.5303199659310235,1392
4601,1399.3364021321574,0.5303199659310235,1392
4602,1399.3364021321574,0.5303199659310235,1392
4603,1399.3364021321574,0.5303199659310235,1392
4604,1399.3364021321574,0.5303199659310235,1392
4605,1399.3364021321574,0.5303199659310235,1392
4606,1399.3364021321574,0.5303199659310235,1392
4607,1399.3364021321574,0.5303199659310235,1392
4608,1399.3364021321574,0.5303199659310235,1392
4609,1399.3364021321574,0.5303199659310235,1392
4610,1399.3364021321574,0.5303199659310235,1392
4611,1399.3364021321574,0.5303199659310235,1392
4612,1399.3364021321574,0.5303199659310235,1392
4613,1399.3364021321574,0.5303199659310235,1392
4614,1399.3364021321574,0.5303199659310235,1392
4615,1399.3364021321574,0.5303199659310235,1392
4616,1395.334998353606,0.5304098365169128,1388
4617,1395.334998353606,0.5304098365169128,1388
4618,1395.334998353606,0.5304098365169128,1388
4619,1395.334998353606,0.5304098365169128,1388
4620,1395.334998353606,0.5304098365169128,1388
4621,1395.334998353606,0.5304098365169128,1388
4622,1395.334998353606,0.5304098365169128,1388
4623,1395.334998353606,0.5304098365169128,1388
4624,1395.334998353606,0.5304098365169128,1388
4625,1395.334998353606,0.5304098365169128,1388
4626,1395.334998353606,0.5304098365169128,1388
4627,1395.334998353606,0.5304098365169128,1388
4628,1386.3318092498291,0.5306140044923755,1379
4629,1386.3318092498291,0.5306140044923755,1379
4630,1386.3318092498291,0.5306140044923755,1379
4631,1386.3318092498291,0.5306140044923755,1379
4632,1386.3318092498291,0.5306140044923755,1379
4633,1386.3318092498291,0.5306140044923755,1379
4634,1386.3318092498291,0.5306140044923755,1379
4635,1386.3318092498291,0.5306140044923755,1379
4636,1386.3318092498291,0.5306140044923755,1379
4637,1386.3318092498291,0.5306140044923755,1379
4638,1386.3318092498291,0.5306140044923755,1379
4639,1386.3318092498291,0.5306140044923755,1379
4640,1386.3318092498291,0.5306140044923755,1379
4641,1386.3318092498291,0.5306140044923755,1379
4642,1386.3318092498291,0.5306140044923755,1379
4643,1386.3318092498291,0.5306140044923755,1379
4644,1386.3318092498291,0.5306140044923755,1379
4645,1386.3318092498291,0.5306140044923755,1379
4646,1386.3318092498291,0.5306140044923755,1379
4647,1386.3318092498291,0.5306140044923755,1379
4648,1386.3318092498291,0.5306140044923755,1379
4649,1386.3318092498291,0.5306140044923755,1379
4650,1386.3318092498291,0.5306140044923755,1379
4651,1386.3318092498291,0.5306140044923755,1379
4652,1386.3318092498291,0.5306140044923755,1379
4653,1386.3318092498291,0.5306140044923755,1379
4654,1386.3318092498291,0.5306140044923755,1379
4655,1386.3318092498291,0.5306140044923755,1379
4656,1386.3318092498291,0.5306140044923755,1379
4657,1386.3318092498291,0.5306140044923755,1379
4658,1386.3318092498291,0.5306140044923755,1379
4659,1386.3318092498291,0.5306140044923755,1379
4660,1386.3318092498291,0.5306140044923755,1379
4661,1386.3318092498291,0.5306140044923755,1379
4662,1386.3318092498291,0.5306140044923755,1379
4663,1386.3318092498291,0.5306140044923755,1379
4664,1386.3318092498291,0.5306140044923755,1379
4665,1386.3318092498291,0.5306140044923755,1379
4666,1386.3318092498291,0.5306140044923755,1379
4667,1386.3318092498291,0.5306140044923755,1379
4668,1386.3318092498291,0.5306140044923755,1379
4669,1386.3318092498291,0.5306140044923755,1379
4670,1386.3318092498291,0.5306140044923755,1379
4671,1386.3318092498291,0.5306140044923755,1379
4672,1386.3318092498291,0.5306140044923755,1379
4673,1386.3318092498291,0.5306140044923755,1379
4674,1381.3300189702964,0.5307286190591318,1374
4675,1381.3300189702964,0.5307286190591318,1374
4676,1381.3300189702964,0.5307286190591318,1374
4677,1381.3300189702964,0.5307286190591318,1374
4678,1381.3300189702964,0.5307286190591318,1374
4679,1381.3300189702964,0.5307286190591318,1374
4680,1381.3300189702964,0.5307286190591318,1374
4681,1381.3300189702964,0.5307286190591318,1374
4682,1381.3300189702964,0.5307286190591318,1374
4683,1381.3300189702964,0.5307286190591318,1374
4684,1381.3300189702964,0.5307286190591318,1374
4685,1381.3300189702964,0.5307286190591318,1374
4686,1381.3300189702964,0.5307286190591318,1374
4687,1381.3300189702964,0.5307286190591318,1374
4688,1381.3300189702964,0.5307286190591318,1374
4689,1381.3300189702964,0.5307286190591318,1374
4690,1381.3300189702964,0.5307286190591318,1374
4691,1381.3300189702964,0.5307286190591318,1374
4692,1381.3300189702964,0.5307286190591318,1374
4693,1381.3300189702964,0.5307286190591318,1374
4694,1381.3300189702964,0.5307286190591318,1374
4695,1381.3300189702964,0.5307286190591318,1374
4696,1381.3300189702964,0.5307286190591318,1374
4697,1381.3300189702964,0.5307286190591318,1374
4698,1376.3282152481356,0.5308440942294783,1369
4699,1376.3282152481356,0.5308440942294783,1369
4700,1376.3282152481356,0.5308440942294783,1369
4701,1376.3282152481356,0.5308440942294783,1369
4702,1376.3282152481356,0.5308440942294783,1369
4703,1376.3282152481356,0.5308440942294783,1369
4704,1376.3282152481356,0.5308440942294783,1369
4705,1376.3282152481356,0.5308440942294783,1369
4706,1376.3282152481356,0.5308440942294783,1369
4707,1376.3282152481356,0.5308440942294783,1369
4708,1376.3282152481356,0.5308440942294783,1369
4709,1376.3282152481356,0.5308440942294783,1369
4710,1376.3282152481356,0.5308440942294783,1369
4711,1376.3282152481356,0.5308440942294783,1369
4712,1376.3282152481356,0.5308440942294783,1369
4713,1376.3282152481356,0.5308440942294783,1369
4714,1376.3282152481356,0.5308440942294783,1369
4715,1376.3282152481356,0.5308440942294783,1369
4716,1376.3282152481356,0.5308440942294783,1369
4717,1376.3282152481356,0.5308440942294783,1369
4718,1376.3282152481356,0.5308440942294783,1369
4719,1376.3282152481356,0.5308440942294783,1369
4720,1376.3282152481356,0.5308440942294783,1369
4721,1376.3282152481356,0.5308440942294783,1369
4722,1376.3282152481356,0.5308440942294783,1369
4723,1376.3282152481356,0.5308440942294783,1369
4724,1376.3282152481356,0.5308440942294783,1369
4725,1376.3282152481356,0.5308440942294783,1369
4726,1364.323830555679,0.5311248043739476,1357
4727,1364.323830555679,0.5311248043739476,1357
4728,1364.323830555679,0.5311248043739476,1357
4729,1364.323830555679,0.5311248043739476,1357
4730,1364.323830555679,0.5311248043739476,1357
4731,1364.323830555679,0.5311248043739476,1357
4732,1364.323830555679,0.5311248043739476,1357
4733,1364.323830555679,0.5311248043739476,1357
4734,1364.323830555679,0.5311248043739476,1357
4735,1364.323830555679,0.5311248043739476,1357
4736,1364.323830555679,0.5311248043739476,1357
4737,1364.323830555679,0.5311248043739476,1357
4738,1364.323830555679,0.5311248043739476,1357
4739,1364.323830555679,0.5311248043739476,1357
4740,1364.323830555679,0.5311248043739476,1357
4741,1364.323830555679,0.5311248043739476,1357
4742,1364.323830555679,0.5311248043739476,1357
4743,1364.323830555679,0.5311248043739476,1357
4744,1364.323830555679,0.5311248043739476,1357
4745,1364.323830555679,0.5311248043739476,1357
4746,1364.323830555679,0.5311248043739476,1357
4747,1364.323830555679,0.5311248043739476,1357
4748,1364.323830555679,0.5311248043739476,1357
4749,1364.323830555679,0.5311248043739476,1357
4750,1364.323830555679,0.5311248043739476,1357
4751,1364.323830555679,0.5311248043739476,1357
4752,1364.323830555679,0.5311248043739476,1357
4753,1364.323830555679,0.5311248043739476,1357
4754,1364.323830555679,0.5311248043739476,1357
4755,1364.323830555679,0.5311248043739476,1357
4756,1364.323830555679,0.5311248043739476,1357
4757,1364.323830555679,0.5311248043739476,1357
4758,1364.323830555679,0.5311248043739476,1357
4759,1364.323830555679,0.5311248043739476,1357
4760,1364.323830555679,0.5311248043739476,1357
4761,1364.323830555679,0.5311248043739476,1357
4762,1364.323830555679,0.5311248043739476,1357
4763,1364.323830555679,0.5311248043739476,1357
4764,1364.323830555679,0.5311248043739476,1357
4765,1364.323830555679,0.5311248043739476,1357
4766,1364.323830555679,0.5311248043739476,1357
4767,1364.323830555679,0.5311248043739476,1357
4768,1364.323830555679,0.5311248043739476,1357
4769,1364.323830555679,0.5311248043739476,1357
4770,1364.323830555679,0.5311248043739476,1357
4771,1364.323830555679,0.5311248043739476,1357
4772,1364.323830555679,0.5311248043739476,1357
4773,1364.323830555679,0.5311248043739476,1357
4774,1364.323830555679,0.5311248043739476,1357
4775,1364.323830555679,0.5311248043739476,1357
4776,1364.323830555679,0.5311248043739476,1357
4777,1364.323830555679,0.5311248043739476,1357
4778,1364.323830555679,0.5311248043739476,1357
4779,1364.323830555679,0.5311248043739476,1357
4780,1364.323830555679,0.5311248043739476,1357
4781,1364.323830555679,0.5311248043739476,1357
4782,1364.323830555679,0.5311248043739476,1357
4783,1364.323830555679,0.5311248043739476,1357
4784,1364.323830555679,0.5311248043739476,1357
4785,1364.323830555679,0.5311248043739476,1357
4786,1364.323830555679,0.5311248043739476,1357
4787,1364.323830555679,0.5311248043739476,1357
4788,1364.323830555679,0.5311248043739476,1357
4789,1364.323830555679,0.5311248043739476,1357
4790,1364.323830555679,0.5311248043739476,1357
4791,1364.323830555679,0.5311248043739476,1357
4792,1364.323830555679,0.5311248043739476,1357
4793,1364.323830555679,0.5311248043739476,1357
4794,1364.323830555679,0.5311248043739476,1357
4795,1364.323830555679,0.5311248043739476,1357
4796,1364.323830555679,0.5311248043739476,1357
4797,1364.323830555679,0.5311248043739476,1357
4798,1364.323830555679,0.5311248043739476,1357
4799,1364.323830555679,0.5311248043739476,1357
4800,1364.323830555679,0.5311248043739476,1357
4801,1364.323830555679,0.5311248043739476,1357
4802,1364.323830555679,0.5311248043739476,1357
4803,1364.323830555679,0.5311248043739476,1357
4804,1363.323461562904,0.5311484274709314,1356
4805,1363.323461562904,0.5311484274709314,1356
4806,1363.323461562904,0.5311484274709314,1356
4807,1363.323461562904,0.5311484274709314,1356
4808,1363.323461562904,0.5311484274709314,1356
4809,1363.323461562904,0.5311484274709314,1356
4810,1363.323461562904,0.5311484274709314,1356
4811,1363.323461562904,0.5311484274709314,1356
4812,1363.323461562904,0.5311484274709314,1356
4813,1363.323461562904,0.5311484274709314,1356
4814,1363.323461562904,0.5311484274709314,1356
4815,1363.323461562904,0.5311484274709314,1356
4816,1363.323461562904,0.5311484274709314,1356
4817,1363.323461562904,0.5311484274709314,1356
4818,1363.323461562904,0.5311484274709314,1356
4819,1363.323461562904,0.5311484274709314,1356
4820,1363.323461562904,0.5311484274709314,1356
4821,1363.323461562904,0.5311484274709314,1356
4822,1363.323461562904,0.5311484274709314,1356
4823,1363.323461562904,0.5311484274709314,1356
4824,1363.323461562904,0.5311484274709314,1356
4825,1363.323461562904,0.5311484274709314,1356
4826,1363.323461562904,0.5311484274709314,1356
4827,1363.323461562904,0.5311484274709314,1356
4828,1363.323461562904,0.5311484274709314,1356
4829,1363.323461562904,0.5311484274709314,1356
4830,1363.323461562904,0.5311484274709314,1356
4831,1363.323461562904,0.5311484274709314,1356
4832,1363.323461562904,0.5311484274709314,1356
4833,1363.323461562904,0.5311484274709314,1356
4834,1363.323461562904,0.5311484274709314,1356
4835,1363.323461562904,0.5311484274709314,1356
4836,1363.323461562904,0.5311484274709314,1356
4837,1363.323461562904,0.5311484274709314,1356
4838,1363.323461562904,0.5311484274709314,1356
4839,1363.323461562904,0.5311484274709314,1356
4840,1363.323461562904,0.5311484274709314,1356
4841,1363.323461562904,0.5311484274709314,1356
4842,1363.323461562904,0.5311484274709314,1356
4843,1363.323461562904,0.5311484274709314,1356
4844,1363.323461562904,0.5311484274709314,1356
4845,1363.323461562904,0.5311484274709314,1356
4846,1363.323461562904,0.5311484274709314,1356
4847,1363.323461562904,0.5311484274709314,1356
4848,1363.323461562904,0.5311484274709314,1356
4849,1363.323461562904,0.5311484274709314,1356
4850,1363.323461562904,0.5311484274709314,1356
4851,1363.323461562904,0.5311484274709314,1356
4852,1363.323461562904,0.5311484274709314,1356
4853,1363.323461562904,0.5311484274709314,1356
4854,1363.323461562904,0.5311484274709314,1356
4855,1363.323461562904,0.5311484274709314,1356
4856,1363.323461562904,0.5311484274709314,1356
4857,1363.323461562904,0.5311484274709314,1356
4858,1363.323461562904,0.5311484274709314,1356
4859,1363.323461562904,0.5311484274709314,1356
4860,1363.323461562904,0.5311484274709314,1356
4861,1363.323461562904,0.5311484274709314,1356
4862,1363.323461562904,0.5311484274709314,1356
4863,1363.323461562904,0.5311484274709314,1356
4864,1363.323461562904,0.5311484274709314,1356
4865,1363.323461562904,0.5311484274709314,1356
4866,1363.323461562904,0.5311484274709314,1356
4867,1363.323461562904,0.5311484274709314,1356
4868,1363.323461562904,0.5311484274709314,1356
4869,1363.323461562904,0.5311484274709314,1356
4870,1363.323461562904,0.5311484274709314,1356
4871,1363.323461562904,0.5311484274709314,1356
4872,1363.323461562904,0.5311484274709314,1356
4873,1363.323461562904,0.5311484274709314,1356
4874,1363.323461562904,0.5311484274709314,1356
4875,1363.323461562904,0.5311484274709314,1356
4876,1363.323461562904,0.5311484274709314,1356
4877,1363.323461562904,0.5311484274709314,1356
4878,1363.323461562904,0.5311484274709314,1356
4879,1363.323461562904,0.5311484274709314,1356
4880,1363.323461562904,0.5311484274709314,1356
4881,1363.323461562904,0.5311484274709314,1356
4882,1363.323461562904,0.5311484274709314,1356
4883,1363.323461562904,0.5311484274709314,1356
4884,1363.323461562904,0.5311484274709314,1356
4885,1363.323461562904,0.5311484274709314,1356
4886,1363.323461562904,0.5311484274709314,1356
4887,1363.323461562904,0.5311484274709314,1356
4888,1363.323461562904,0.5311484274709314,1356
4889,1363.323461562904,0.5311484274709314,1356
4890,1391.9808665753621,0.5530815252649031,1385
4891,1391.9808665753621,0.5530815252649031,1385
4892,1391.9808665753621,0.5530815252649031,1385
4893,1391.9808665753621,0.5530815252649031,1385
4894,1391.9808665753621,0.5530815252649031,1385
4895,1391.9808665753621,0.5530815252649031,1385
4896,1391.9808665753621,0.5530815252649031,1385
4897,1391.9808665753621,0.5530815252649031,1385
4898,1391.9808665753621,0.5530815252649031,1385
4899,1392.9814930594741,0.5530414174472407,1386
4900,1392.9814930594741,0.5530414174472407,1386
4901,1392.9814930594741,0.5530414174472407,1386
4902,1387.2961262390645,0.5328984482033006,1380
4903,1387.2961262390645,0.5328984482033006,1380
4904,1387.2961262390645,0.5328984482033006,1380
4905,1387.2961262390645,0.5328984482033006,1380
4906,1387.2961262390645,0.5328984482033006,1380
4907,1387.2961262390645,0.5328984482033006,1380
4908,1387.2961262390645,0.5328984482033006,1380
4909,1387.2961262390645,0.5328984482033006,1380
4910,1387.2961262390645,0.5328984482033006,1380
4911,1387.2961262390645,0.5328984482033006,1380
4912,1387.2961262390645,0.5328984482033006,1380
4913,1387.2961262390645,0.5328984482033006,1380
4914,1387.2961262390645,0.5328984482033006,1380
4915,1387.2961262390645,0.5328984482033006,1380
4916,1387.2961262390645,0.5328984482033006,1380
4917,1387.2961262390645,0.5328984482033006,1380
4918,1387.2961262390645,0.5328984482033006,1380
4919,1387.2961262390645,0.5328984482033006,1380
4920,1387.2961262390645,0.5328984482033006,1380
4921,1387.2961262390645,0.5328984482033006,1380
4922,1387.2961262390645,0.5328984482033006,1380
4923,1387.2961262390645,0.5328984482033006,1380
4924,1387.2961262390645,0.5328984482033006,1380
4925,1387.2961262390645,0.5328984482033006,1380
4926,1387.2961262390645,0.5328984482033006,1380
4927,1387.2961262390645,0.5328984482033006,1380
4928,1387.2961262390645,0.5328984482033006,1380
4929,1387.2961262390645,0.5328984482033006,1380
4930,1387.2961262390645,0.5328984482033006,1380
4931,1387.2961262390645,0.5328984482033006,1380
4932,1387.2961262390645,0.5328984482033006,1380
4933,1387.2961262390645,0.5328984482033006,1380
4934,1387.2961262390645,0.5328984482033006,1380
4935,1404.3025691647408,0.5324859689666557,1397
4936,1404.3025691647408,0.5324859689666557,1397
4937,1404.3025691647408,0.5324859689666557,1397
4938,1404.3025691647408,0.5324859689666557,1397
4939,1404.3025691647408,0.5324859689666557,1397
4940,1404.3025691647408,0.5324859689666557,1397
4941,1404.3025691647408,0.5324859689666557,1397
4942,1404.3025691647408,0.5324859689666557,1397
4943,1404.3025691647408,0.5324859689666557,1397
4944,1404.3025691647408,0.5324859689666557,1397
4945,1404.3025691647408,0.5324859689666557,1397
4946,1404.3025691647408,0.5324859689666557,1397
4947,1404.3025691647408,0.5324859689666557,1397
4948,1404.3025691647408,0.5324859689666557,1397
4949,1404.3025691647408,0.5324859689666557,1397
4950,1404.3025691647408,0.5324859689666557,1397
4951,1404.3025691647408,0.5324859689666557,1397
4952,1404.3025691647408,0.5324859689666557,1397
4953,1411.3051754651274,0.532319112347802,1404
4954,1411.3051754651274,0.532319112347802,1404
4955,1411.3051754651274,0.532319112347802,1404
4956,1411.3051754651274,0.532319112347802,1404
4957,1411.3051754651274,0.532319112347802,1404
4958,1411.3051754651274,0.532319112347802,1404
4959,1411.3051754651274,0.532319112347802,1404
4960,1440.315694001368,0.5316457105398193,1433
4961,1438.3149826634922,0.5316912507367432,1431
4962,1438.3149826634922,0.5316912507367432,1431
4963,1441.3160489049842,0.531622989437632,1434
4964,1441.3160489049842,0.531622989437632,1434
4965,1441.3160489049842,0.531622989437632,1434
4966,1441.3160489049842,0.531622989437632,1434
4967,1441.3160489049842,0.531622989437632,1434
4968,1441.3160489049842,0.531622989437632,1434
4969,1443.3167571870488,0.531577644875232,1436
4970,1443.3167571870488,0.531577644875232,1436
4971,1445.3174634428215,0.5315324300370353,1438
4972,1445.3174634428215,0.5315324300370353,1438
4973,1445.3174634428215,0.5315324300370353,1438
4974,1445.3174634428215,0.5315324300370353,1438
4975,1445.3174634428215,0.5315324300370353,1438
4976,1445.3174634428215,0.5315324300370353,1438
4977,1445.3174634428215,0.5315324300370353,1438
4978,1445.3174634428215,0.5315324300370353,1438
4979,1445.3174634428215,0.5315324300370353,1438
4980,1465.324416438652,0.5310872958609566,1458
4981,1465.324416438652,0.5310872958609566,1458
4982,1465.324416438652,0.5310872958609566,1458
4983,1465.324416438652,0.5310872958609566,1458
4984,1465.324416438652,0.5310872958609566,1458
4985,1465.324416438652,0.5310872958609566,1458
4986,1465.324416438652,0.5310872958609566,1458
4987,1465.324416438652,0.5310872958609566,1458
4988,1465.324416438652,0.5310872958609566,1458
4989,1465.324416438652,0.5310872958609566,1458
4990,1465.324416438652,0.5310872958609566,1458
4991,1465.324416438652,0.5310872958609566,1458
4992,1465.324416438652,0.5310872958609566,1458
4993,1465.324416438652,0.5310872958609566,1458
4994,1465.324416438652,0.5310872958609566,1458
4995,1465.324416438652,0.5310872958609566,1458
4996,1461.1505487851794,0.5422183876325593,1454
4997,1461.1505487851794,0.5422183876325593,1454
4998,1461.1505487851794,0.5422183876325593,1454
4999,1461.1505487851794,0.5422183876325593,1454
5000,1461.1505487851794,0.5422183876325593,1454
5001,1461.1505487851794,0.5422183876325593,1454
5002,1461.1505487851794,0.5422183876325593,1454
5003,1461.1505487851794,0.5422183876325593,1454
5004,1461.1505487851794,0.5422183876325593,1454
5005,1461.1505487851794,0.5422183876325593,1454
5006,1461.1505487851794,0.5422183876325593,1454
5007,1461.1505487851794,0.5422183876325593,1454
5008,1464.1519588790966,0.5421281127338939,1457
5009,1464.1519588790966,0.5421281127338939,1457
5010,1464.1519588790966,0.5421281127338939,1457
5011,1464.1519588790966,0.5421281127338939,1457
5012,1464.1519588790966,0.5421281127338939,1457
5013,1464.1519588790966,0.5421281127338939,1457
5014,1464.1519588790966,0.5421281127338939,1457
5015,1464.1519588790966,0.5421281127338939,1457
5016,1464.1519588790966,0.5421281127338939,1457
5017,1464.1519588790966,0.5421281127338939,1457
5018,1464.1519588790966,0.5421281127338939,1457
5019,1454.354896242994,0.5291359639568424,1447
5020,1454.354896242994,0.5291359639568424,1447
5021,1454.354896242994,0.5291359639568424,1447
5022,1454.354896242994,0.5291359639568424,1447
5023,1454.354896242994,0.5291359639568424,1447
5024,1454.354896242994,0.5291359639568424,1447
5025,1454.354896242994,0.5291359639568424,1447
5026,1454.354896242994,0.5291359639568424,1447
5027,1454.354896242994,0.5291359639568424,1447
5028,1454.354896242994,0.5291359639568424,1447
5029,1454.354896242994,0.5291359639568424,1447
5030,1454.354896242994,0.5291359639568424,1447
5031,1454.354896242994,0.5291359639568424,1447
5032,1454.354896242994,0.5291359639568424,1447
5033,1454.354896242994,0.5291359639568424,1447
5034,1454.354896242994,0.5291359639568424,1447
5035,1454.354896242994,0.5291359639568424,1447
5036,1454.354896242994,0.5291359639568424,1447
5037,1454.354896242994,0.5291359639568424,1447
5038,1454.354896242994,0.5291359639568424,1447
5039,1483.3640783034257,0.5285481239804242,1476
5040,1483.3640783034257,0.5285481239804242,1476
5041,1483.3640783034257,0.5285481239804242,1476
5042,1483.3640783034257,0.5285481239804242,1476
5043,1485.035352175042,0.5495933306631297,1478
5044,1485.035352175042,0.5495933306631297,1478
5045,1485.035352175042,0.5495933306631297,1478
5046,1483.3305085551701,0.5306972755973028,1476
5047,1482.3301741135397,0.5307186867132069,1475
5048,1482.3301741135397,0.5307186867132069,1475
5049,1492.1534797035727,0.5420307488109722,1485
5050,1484.1497863970421,0.5422671960920492,1477
5051,1484.1497863970421,0.5422671960920492,1477
5052,1484.1497863970421,0.5422671960920492,1477
5053,1484.1497863970421,0.5422671960920492,1477
5054,1484.1497863970421,0.5422671960920492,1477
5055,1488.1516382207005,0.5421486414404296,1481
5056,1488.1516382207005,0.5421486414404296,1481
5057,1488.1516382207005,0.5421486414404296,1481
5058,1488.1516382207005,0.5421486414404296,1481
5059,1488.1516382207005,0.5421486414404296,1481
5060,1488.1516382207005,0.5421486414404296,1481
5061,1488.1516382207005,0.5421486414404296,1481
5062,1488.1516382207005,0.5421486414404296,1481
5063,1488.1516382207005,0.5421486414404296,1481
5064,1494.154396594195,0.5419720490271965,1487
5065,1494.154396594195,0.5419720490271965,1487
5066,1494.154396594195,0.5419720490271965,1487
5067,1502.0673555980957,0.5475444559477852,1495
5068,1495.0637113859113,0.547777760184936,1488
5069,1495.0637113859113,0.547777760184936,1488
5070,1487.1511762376238,0.5421782178217822,1480
5071,1487.1511762376238,0.5421782178217822,1480
5072,1487.1511762376238,0.5421782178217822,1480
5073,1487.1511762376238,0.5421782178217822,1480
5074,1487.1511762376238,0.5421782178217822,1480
5075,1487.1511762376238,0.5421782178217822,1480
5076,1487.1511762376238,0.5421782178217822,1480
5077,1515.1638718204604,0.5413654404314804,1508
5078,1515.1638718204604,0.5413654404314804,1508
5079,1515.1638718204604,0.5413654404314804,1508
5080,1515.1638718204604,0.5413654404314804,1508
5081,1515.1638718204604,0.5413654404314804,1508
5082,1515.1638718204604,0.5413654404314804,1508
5083,1515.1638718204604,0.5413654404314804,1508
5084,1515.1638718204604,0.5413654404314804,1508
5085,1515.1638718204604,0.5413654404314804,1508
5086,1515.1638718204604,0.5413654404314804,1508
5087,1515.1638718204604,0.5413654404314804,1508
5088,1515.1638718204604,0.5413654404314804,1508
5089,1515.1638718204604,0.5413654404314804,1508
5090,1515.1638718204604,0.5413654404314804,1508
5091,1515.1638718204604,0.5413654404314804,1508
5092,1515.1638718204604,0.5413654404314804,1508
5093,1515.1638718204604,0.5413654404314804,1508
5094,1515.1638718204604,0.5413654404314804,1508
5095,1515.1638718204604,0.5413654404314804,1508
5096,1508.1607439373756,0.5415656890284561,1501
5097,1508.1607439373756,0.5415656890284561,1501
5098,1508.1607439373756,0.5415656890284561,1501
5099,1508.1607439373756,0.5415656890284561,1501
5100,1508.1607439373756,0.5415656890284561,1501
5101,1508.1607439373756,0.5415656890284561,1501
5102,1508.1607439373756,0.5415656890284561,1501
5103,1506.159844696168,0.5416232588880892,1499
5104,1506.159844696168,0.5416232588880892,1499
5105,1506.159844696168,0.5416232588880892,1499
5106,1506.159844696168,0.5416232588880892,1499
5107,1506.159844696168,0.5416232588880892,1499
5108,1506.159844696168,0.5416232588880892,1499
5109,1500.1571319908862,0.5417969276001184,1493
5110,1500.1571319908862,0.5417969276001184,1493
5111,1500.1571319908862,0.5417969276001184,1493
5112,1500.1571319908862,0.5417969276001184,1493
5113,1500.1571319908862,0.5417969276001184,1493
5114,1500.1571319908862,0.5417969276001184,1493
5115,1500.1571319908862,0.5417969276001184,1493
5116,1500.1571319908862,0.5417969276001184,1493
5117,1500.1571319908862,0.5417969276001184,1493
5118,1500.1571319908862,0.5417969276001184,1493
5119,1500.1571319908862,0.5417969276001184,1493
5120,1500.1571319908862,0.5417969276001184,1493
5121,1491.1530202975716,0.5420601602066777,1484
5122,1491.1530202975716,0.5420601602066777,1484
5123,1491.1530202975716,0.5420601602066777,1484
5124,1491.1530202975716,0.5420601602066777,1484
5125,1466.1413228624424,0.5428090356951062,1459
5126,1466.1413228624424,0.5428090356951062,1459
5127,1466.1413228624424,0.5428090356951062,1459
5128,1466.1413228624424,0.5428090356951062,1459
5129,1466.1413228624424,0.5428090356951062,1459
5130,1466.1413228624424,0.5428090356951062,1459
5131,1466.1413228624424,0.5428090356951062,1459
5132,1466.1413228624424,0.5428090356951062,1459
5133,1466.1413228624424,0.5428090356951062,1459
5134,1466.1413228624424,0.5428090356951062,1459
5135,1466.1413228624424,0.5428090356951062,1459
5136,1466.1413228624424,0.5428090356951062,1459
5137,1466.1413228624424,0.5428090356951062,1459
5138,1466.1413228624424,0.5428090356951062,1459
5139,1460.1384533465978,0.542992743495663,1453
5140,1460.1384533465978,0.542992743495663,1453
5141,1460.1384533465978,0.542992743495663,1453
5142,1460.1384533465978,0.542992743495663,1453
5143,1460.1384533465978,0.542992743495663,1453
5144,1460.1384533465978,0.542992743495663,1453
5145,1468.04931447303,0.5486994575524929,1461
5146,1468.04931447303,0.5486994575524929,1461
5147,1468.04931447303,0.5486994575524929,1461
5148,1468.04931447303,0.5486994575524929,1461
5149,1468.04931447303,0.5486994575524929,1461
5150,1468.04931447303,0.5486994575524929,1461
5151,1468.04931447303,0.5486994575524929,1461
5152,1468.04931447303,0.5486994575524929,1461
5153,1462.0460395832176,0.5489091175916943,1455
5154,1462.0460395832176,0.5489091175916943,1455
5155,1462.0460395832176,0.5489091175916943,1455
5156,1462.0460395832176,0.5489091175916943,1455
5157,1462.0460395832176,0.5489091175916943,1455
5158,1462.0460395832176,0.5489091175916943,1455
5159,1462.0460395832176,0.5489091175916943,1455
5160,1462.0460395832176,0.5489091175916943,1455
5161,1462.0460395832176,0.5489091175916943,1455
5162,1462.0460395832176,0.5489091175916943,1455
5163,1462.0460395832176,0.5489091175916943,1455
5164,1462.0460395832176,0.5489091175916943,1455
5165,1470.0503998874221,0.548629968795001,1463
5166,1470.0503998874221,0.548629968795001,1463
5167,1462.1394125793422,0.5429313329486439,1455
5168,1462.1394125793422,0.5429313329486439,1455
5169,1462.1394125793422,0.5429313329486439,1455
5170,1462.1394125793422,0.5429313329486439,1455
5171,1462.1394125793422,0.5429313329486439,1455
5172,1442.1296953899353,0.5435534321424329,1435
5173,1439.2572737364824,0.5353858043225123,1432
5174,1439.2572737364824,0.5353858043225123,1432
5175,1439.2572737364824,0.5353858043225123,1432
5176,1439.2572737364824,0.5353858043225123,1432
5177,1439.2572737364824,0.5353858043225123,1432
5178,1439.2572737364824,0.5353858043225123,1432
5179,1439.2572737364824,0.5353858043225123,1432
5180,1439.2572737364824,0.5353858043225123,1432
5181,1439.2572737364824,0.5353858043225123,1432
5182,1439.2572737364824,0.5353858043225123,1432
5183,1439.2572737364824,0.5353858043225123,1432
5184,1439.2572737364824,0.5353858043225123,1432
5185,1439.2572737364824,0.5353858043225123,1432
5186,1439.2572737364824,0.5353858043225123,1432
5187,1439.2572737364824,0.5353858043225123,1432
5188,1440.2576721048545,0.5353603005854972,1433
5189,1440.2576721048545,0.5353603005854972,1433
5190,1440.2576721048545,0.5353603005854972,1433
5191,1440.2576721048545,0.5353603005854972,1433
5192,1440.2576721048545,0.5353603005854972,1433
5193,1440.2576721048545,0.5353603005854972,1433
5194,1440.2576721048545,0.5353603005854972,1433
5195,1440.2576721048545,0.5353603005854972,1433
5196,1440.2576721048545,0.5353603005854972,1433
5197,1440.2576721048545,0.5353603005854972,1433
5198,1440.2576721048545,0.5353603005854972,1433
5199,1440.2576721048545,0.5353603005854972,1433
5200,1440.2576721048545,0.5353603005854972,1433
5201,1440.2576721048545,0.5353603005854972,1433
5202,1440.2576721048545,0.5353603005854972,1433
5203,1440.2576721048545,0.5353603005854972,1433
5204,1440.2576721048545,0.5353603005854972,1433
5205,1440.2576721048545,0.5353603005854972,1433
5206,1440.2576721048545,0.5353603005854972,1433
5207,1440.2576721048545,0.5353603005854972,1433
5208,1444.0003133356174,0.5518365342114392,1437
5209,1444.0003133356174,0.5518365342114392,1437
5210,1433.3131953385707,0.5318056761478351,1426
5211,1433.3131953385707,0.5318056761478351,1426
5212,1433.3131953385707,0.5318056761478351,1426
5213,1433.3131953385707,0.5318056761478351,1426
5214,1433.3131953385707,0.5318056761478351,1426
5215,1433.3131953385707,0.5318056761478351,1426
5216,1433.3131953385707,0.5318056761478351,1426
5217,1438.3149826634922,0.5316912507367432,1431
5218,1438.3149826634922,0.5316912507367432,1431
5219,1438.3149826634922,0.5316912507367432,1431
5220,1441.3160489049842,0.531622989437632,1434
5221,1441.3160489049842,0.531622989437632,1434
5222,1441.3160489049842,0.531622989437632,1434
5223,1441.3160489049842,0.531622989437632,1434
5224,1441.3160489049842,0.531622989437632,1434
5225,1441.3160489049842,0.531622989437632,1434
5226,1441.3160489049842,0.531622989437632,1434
5227,1441.3160489049842,0.531622989437632,1434
5228,1441.3160489049842,0.531622989437632,1434
5229,1441.3160489049842,0.531622989437632,1434
5230,1441.3160489049842,0.531622989437632,1434
5231,1441.3160489049842,0.531622989437632,1434
5232,1441.3160489049842,0.531622989437632,1434
5233,1441.3160489049842,0.531622989437632,1434
5234,1441.3160489049842,0.531622989437632,1434
5235,1441.3160489049842,0.531622989437632,1434
5236,1441.3160489049842,0.531622989437632,1434
5237,1441.3160489049842,0.531622989437632,1434
5238,1441.3160489049842,0.531622989437632,1434
5239,1441.3160489049842,0.531622989437632,1434
5240,1441.3160489049842,0.531622989437632,1434
5241,1441.3160489049842,0.531622989437632,1434
5242,1441.3160489049842,0.531622989437632,1434
5243,1441.3160489049842,0.531622989437632,1434
5244,1441.3160489049842,0.531622989437632,1434
5245,1441.3160489049842,0.531622989437632,1434
5246,1441.3160489049842,0.531622989437632,1434
5247,1441.3160489049842,0.531622989437632,1434
5248,1441.3160489049842,0.531622989437632,1434
5249,1441.3160489049842,0.531622989437632,1434
5250,1441.3160489049842,0.531622989437632,1434
5251,1441.3160489049842,0.531622989437632,1434
5252,1441.3160489049842,0.531622989437632,1434
5253,1441.3160489049842,0.531622989437632,1434
5254,1441.3160489049842,0.531622989437632,1434
5255,1441.3160489049842,0.531622989437632,1434
5256,1452.319919505766,0.5313751916923232,1445
5257,1452.319919505766,0.5313751916923232,1445
5258,1451.3195701388831,0.5313975583301392,1444
5259,1451.3195701388831,0.5313975583301392,1444
5260,1451.3195701388831,0.5313975583301392,1444
5261,1449.3188699101383,0.5314423873150884,1442
5262,1449.3188699101383,0.5314423873150884,1442
5263,1449.3188699101383,0.5314423873150884,1442
5264,1449.3188699101383,0.5314423873150884,1442
5265,1449.3188699101383,0.5314423873150884,1442
5266,1449.3188699101383,0.5314423873150884,1442
5267,1449.3188699101383,0.5314423873150884,1442
5268,1449.3188699101383,0.5314423873150884,1442
5269,1449.3188699101383,0.5314423873150884,1442
5270,1447.3181676809763,0.5314873443677105,1440
5271,1447.3181676809763,0.5314873443677105,1440
5272,1447.3181676809763,0.5314873443677105,1440
5273,1447.3181676809763,0.5314873443677105,1440
5274,1447.3181676809763,0.5314873443677105,1440
5275,1447.3181676809763,0.5314873443677105,1440
5276,1447.3181676809763,0.5314873443677105,1440
5277,1447.3181676809763,0.5314873443677105,1440
5278,1447.3181676809763,0.5314873443677105,1440
5279,1447.3181676809763,0.5314873443677105,1440
5280,1447.3181676809763,0.5314873443677105,1440
5281,1447.3181676809763,0.5314873443677105,1440
5282,1441.92716820722,0.556519320920624,1435
5283,1452.8020382222012,0.5645302034442315,1446
5284,1452.8020382222012,0.5645302034442315,1446
5285,1447.0968522465682,0.545656066160798,1440
5286,1447.0968522465682,0.545656066160798,1440
5287,1447.0968522465682,0.545656066160798,1440
5288,1468.6329057814578,0.5753581445929722,1462
5289,1473.6371716231852,0.5750850433300109,1467
5290,1473.6371716231852,0.5750850433300109,1467
5291,1438.0326538222598,0.549766080521136,1431
5292,1411.3405641668235,0.5300535104466374,1404
5293,1411.3405641668235,0.5300535104466374,1404
5294,1411.3405641668235,0.5300535104466374,1404
5295,1411.3405641668235,0.5300535104466374,1404
5296,1411.3405641668235,0.5300535104466374,1404
5297,1411.3405641668235,0.5300535104466374,1404
5298,1411.3405641668235,0.5300535104466374,1404
5299,1411.3405641668235,0.5300535104466374,1404
5300,1411.3405641668235,0.5300535104466374,1404
5301,1411.3405641668235,0.5300535104466374,1404
5302,1411.3405641668235,0.5300535104466374,1404
5303,1411.3405641668235,0.5300535104466374,1404
5304,1411.3405641668235,0.5300535104466374,1404
5305,1411.3405641668235,0.5300535104466374,1404
5306,1411.3405641668235,0.5300535104466374,1404
5307,1413.3412507440053,0.5300095554414003,1406
5308,1413.3412507440053,0.5300095554414003,1406
5309,1413.3412507440053,0.5300095554414003,1406
5310,1413.3412507440053,0.5300095554414003,1406
5311,1413.3412507440053,0.5300095554414003,1406
5312,1413.3412507440053,0.5300095554414003,1406
5313,1413.3412507440053,0.5300095554414003,1406
5314,1413.3412507440053,0.5300095554414003,1406
5315,1413.3412507440053,0.5300095554414003,1406
5316,1413.3412507440053,0.5300095554414003,1406
5317,1413.3412507440053,0.5300095554414003,1406
5318,1413.3412507440053,0.5300095554414003,1406
5319,1413.3412507440053,0.5300095554414003,1406
5320,1413.3412507440053,0.5300095554414003,1406
5321,1413.3412507440053,0.5300095554414003,1406
5322,1413.3412507440053,0.5300095554414003,1406
5323,1408.3395305250797,0.5301196846940037,1401
5324,1408.3395305250797,0.5301196846940037,1401
5325,1408.3395305250797,0.5301196846940037,1401
5326,1408.3395305250797,0.5301196846940037,1401
5327,1408.3395305250797,0.5301196846940037,1401
5328,1408.3395305250797,0.5301196846940037,1401
5329,1408.3395305250797,0.5301196846940037,1401
5330,1412.3409077064102,0.5300315168751413,1405
5331,1412.3409077064102,0.5300315168751413,1405
5332,1412.3409077064102,0.5300315168751413,1405
5333,1412.3409077064102,0.5300315168751413,1405
5334,1412.3409077064102,0.5300315168751413,1405
5335,1412.3409077064102,0.5300315168751413,1405
5336,1412.3409077064102,0.5300315168751413,1405
5337,1412.3409077064102,0.5300315168751413,1405
5338,1412.3409077064102,0.5300315168751413,1405
5339,1412.3409077064102,0.5300315168751413,1405
5340,1412.3409077064102,0.5300315168751413,1405
5341,1412.3409077064102,0.5300315168751413,1405
5342,1412.3409077064102,0.5300315168751413,1405
5343,1412.3409077064102,0.5300315168751413,1405
5344,1412.3409077064102,0.5300315168751413,1405
5345,1412.3409077064102,0.5300315168751413,1405
5346,1412.3409077064102,0.5300315168751413,1405
5347,1412.3409077064102,0.5300315168751413,1405
5348,1412.3409077064102,0.5300315168751413,1405
5349,1412.3409077064102,0.5300315168751413,1405
5350,1412.3409077064102,0.5300315168751413,1405
5351,1412.3409077064102,0.5300315168751413,1405
5352,1412.3409077064102,0.5300315168751413,1405
5353,1412.3409077064102,0.5300315168751413,1405
5354,1412.3409077064102,0.5300315168751413,1405
5355,1412.3409077064102,0.5300315168751413,1405
5356,1412.3409077064102,0.5300315168751413,1405
5357,1384.3310947415084,0.5306597476627092,1377
5358,1384.3310947415084,0.5306597476627092,1377
5359,1384.3310947415084,0.5306597476627092,1377
5360,1383.3307366867984,0.5306826704994546,1376
5361,1383.3307366867984,0.5306826704994546,1376
5362,1383.3307366867984,0.5306826704994546,1376
5363,1383.3307366867984,0.5306826704994546,1376
5364,1391.2374529789436,0.5366547388640533,1384
5365,1391.2374529789436,0.5366547388640533,1384
5366,1383.3307366867984,0.5306826704994546,1376
5367,1410.0164334479298,0.5508045167778587,1403
5368,1410.0164334479298,0.5508045167778587,1403
5369,1410.0164334479298,0.5508045167778587,1403
5370,1410.0164334479298,0.5508045167778587,1403
5371,1410.0164334479298,0.5508045167778587,1403
5372,1404.0128694225702,0.5510326874154721,1397
5373,1404.0128694225702,0.5510326874154721,1397
5374,1404.0128694225702,0.5510326874154721,1397
5375,1404.0128694225702,0.5510326874154721,1397
5376,1404.0128694225702,0.5510326874154721,1397
5377,1404.0128694225702,0.5510326874154721,1397
5378,1404.0128694225702,0.5510326874154721,1397
5379,1400.0104756145295,0.5511859401709645,1393
5380,1400.0104756145295,0.5511859401709645,1393
5381,1374.50721011547,0.5834052422874529,1368
5382,1374.50721011547,0.5834052422874529,1368
5383,1370.2895177806472,0.5333215249265515,1363
5384,1370.2895177806472,0.5333215249265515,1363
5385,1370.2895177806472,0.5333215249265515,1363
5386,1370.2895177806472,0.5333215249265515,1363
5387,1370.2895177806472,0.5333215249265515,1363
5388,1370.2895177806472,0.5333215249265515,1363
5389,1370.2895177806472,0.5333215249265515,1363
5390,1370.2895177806472,0.5333215249265515,1363
5391,1370.2895177806472,0.5333215249265515,1363
5392,1370.2895177806472,0.5333215249265515,1363
5393,1370.2895177806472,0.5333215249265515,1363
5394,1370.2895177806472,0.5333215249265515,1363
5395,1370.2895177806472,0.5333215249265515,1363
5396,1370.2895177806472,0.5333215249265515,1363
5397,1370.2895177806472,0.5333215249265515,1363
5398,1370.2895177806472,0.5333215249265515,1363
5399,1370.2895177806472,0.5333215249265515,1363
5400,1370.2895177806472,0.5333215249265515,1363
5401,1370.2895177806472,0.5333215249265515,1363
5402,1370.2895177806472,0.5333215249265515,1363
5403,1370.2895177806472,0.5333215249265515,1363
5404,1370.2895177806472,0.5333215249265515,1363
5405,1370.2895177806472,0.5333215249265515,1363
5406,1370.2895177806472,0.5333215249265515,1363
5407,1370.2895177806472,0.5333215249265515,1363
5408,1370.2895177806472,0.5333215249265515,1363
5409,1370.2895177806472,0.5333215249265515,1363
5410,1370.2895177806472,0.5333215249265515,1363
5411,1370.2895177806472,0.5333215249265515,1363
5412,1370.2895177806472,0.5333215249265515,1363
5413,1370.2895177806472,0.5333215249265515,1363
5414,1370.2895177806472,0.5333215249265515,1363
5415,1370.2895177806472,0.5333215249265515,1363
5416,1370.2895177806472,0.5333215249265515,1363
5417,1387.1014639175257,0.545360824742268,1380
5418,1387.1014639175257,0.545360824742268,1380
5419,1399.1078211566498,0.5449538312003888,1392
5420,1399.1078211566498,0.5449538312003888,1392
5421,1399.1078211566498,0.5449538312003888,1392
5422,1399.1078211566498,0.5449538312003888,1392
5423,1399.1078211566498,0.5449538312003888,1392
5424,1399.1078211566498,0.5449538312003888,1392
5425,1399.1078211566498,0.5449538312003888,1392
5426,1399.1078211566498,0.5449538312003888,1392
5427,1399.1078211566498,0.5449538312003888,1392
5428,1399.1078211566498,0.5449538312003888,1392
5429,1399.1078211566498,0.5449538312003888,1392
5430,1399.1078211566498,0.5449538312003888,1392
5431,1399.1078211566498,0.5449538312003888,1392
5432,1399.1078211566498,0.5449538312003888,1392
5433,1399.1078211566498,0.5449538312003888,1392
5434,1402.3018195625177,0.5325339588657009,1395
5435,1402.3018195625177,0.5325339588657009,1395
5436,1402.3018195625177,0.5325339588657009,1395
5437,1402.3018195625177,0.5325339588657009,1395
5438,1402.3018195625177,0.5325339588657009,1395
5439,1402.3018195625177,0.5325339588657009,1395
5440,1402.3018195625177,0.5325339588657009,1395
5441,1402.3018195625177,0.5325339588657009,1395
5442,1402.3018195625177,0.5325339588657009,1395
5443,1402.3018195625177,0.5325339588657009,1395
5444,1396.2995574228269,0.5326787821493671,1389
5445,1413.3059152171807,0.5322717530614223,1406
5446,1413.3059152171807,0.5322717530614223,1406
5447,1413.3059152171807,0.5322717530614223,1406
5448,1413.3059152171807,0.5322717530614223,1406
5449,1413.3059152171807,0.5322717530614223,1406
5450,1413.3059152171807,0.5322717530614223,1406
5451,1413.3059152171807,0.5322717530614223,1406
5452,1413.3059152171807,0.5322717530614223,1406
5453,1413.3059152171807,0.5322717530614223,1406
5454,1413.3059152171807,0.5322717530614223,1406
5455,1413.3059152171807,0.5322717530614223,1406
5456,1413.3059152171807,0.5322717530614223,1406
5457,1413.3059152171807,0.5322717530614223,1406
5458,1413.3059152171807,0.5322717530614223,1406
5459,1413.3059152171807,0.5322717530614223,1406
5460,1413.3059152171807,0.5322717530614223,1406
5461,1413.3059152171807,0.5322717530614223,1406
5462,1433.3131953385707,0.5318056761478351,1426
5463,1433.3131953385707,0.5318056761478351,1426
5464,1433.3131953385707,0.5318056761478351,1426
5465,1433.3131953385707,0.5318056761478351,1426
5466,1433.3131953385707,0.5318056761478351,1426
5467,1433.3131953385707,0.5318056761478351,1426
5468,1433.3131953385707,0.5318056761478351,1426
5469,1433.3131953385707,0.5318056761478351,1426
5470,1433.3131953385707,0.5318056761478351,1426
5471,1433.3131953385707,0.5318056761478351,1426
5472,1433.3131953385707,0.5318056761478351,1426
5473,1433.3131953385707,0.5318056761478351,1426
5474,1433.3131953385707,0.5318056761478351,1426
5475,1433.3131953385707,0.5318056761478351,1426
5476,1433.3131953385707,0.5318056761478351,1426
5477,1433.3131953385707,0.5318056761478351,1426
5478,1433.3131953385707,0.5318056761478351,1426
5479,1433.3131953385707,0.5318056761478351,1426
5480,1433.3131953385707,0.5318056761478351,1426
5481,1433.3131953385707,0.5318056761478351,1426
5482,1433.3131953385707,0.5318056761478351,1426
5483,1433.3131953385707,0.5318056761478351,1426
5484,1433.3131953385707,0.5318056761478351,1426
5485,1433.3131953385707,0.5318056761478351,1426
5486,1433.3131953385707,0.5318056761478351,1426
5487,1466.324758944017,0.531065368500834,1459
5488,1466.324758944017,0.531065368500834,1459
5489,1466.324758944017,0.531065368500834,1459
5490,1466.324758944017,0.531065368500834,1459
5491,1466.324758944017,0.531065368500834,1459
5492,1466.324758944017,0.531065368500834,1459
5493,1462.3233860181638,0.5311532638819544,1455
5494,1462.3233860181638,0.5311532638819544,1455
5495,1462.3233860181638,0.5311532638819544,1455
5496,1462.3233860181638,0.5311532638819544,1455
5497,1462.3233860181638,0.5311532638819544,1455
5498,1462.3233860181638,0.5311532638819544,1455
5499,1462.3233860181638,0.5311532638819544,1455
5500,1462.3233860181638,0.5311532638819544,1455
5501,1462.3233860181638,0.5311532638819544,1455
5502,1462.3233860181638,0.5311532638819544,1455
5503,1462.3233860181638,0.5311532638819544,1455
5504,1462.3233860181638,0.5311532638819544,1455
5505,1420.308487380983,0.5321070818832928,1413
5506,1420.308487380983,0.5321070818832928,1413
5507,1420.308487380983,0.5321070818832928,1413
5508,1420.308487380983,0.5321070818832928,1413
5509,1420.308487380983,0.5321070818832928,1413
5510,1415.306652806653,0.5322245322245323,1408
5511,1415.306652806653,0.5322245322245323,1408
5512,1415.306652806653,0.5322245322245323,1408
5513,1412.3409077064102,0.5300315168751413,1405
5514,1412.3409077064102,0.5300315168751413,1405
5515,1412.3409077064102,0.5300315168751413,1405
5516,1412.3409077064102,0.5300315168751413,1405
5517,1412.3409077064102,0.5300315168751413,1405
5518,1412.3409077064102,0.5300315168751413,1405
5519,1412.3409077064102,0.5300315168751413,1405
5520,1412.3409077064102,0.5300315168751413,1405
5521,1412.3409077064102,0.5300315168751413,1405
5522,1412.3409077064102,0.5300315168751413,1405
5523,1412.3409077064102,0.5300315168751413,1405
5524,1412.3409077064102,0.5300315168751413,1405
5525,1412.3409077064102,0.5300315168751413,1405
5526,1412.3409077064102,0.5300315168751413,1405
5527,1412.3409077064102,0.5300315168751413,1405
5528,1412.3409077064102,0.5300315168751413,1405
5529,1415.306652806653,0.5322245322245323,1408
5530,1415.306652806653,0.5322245322245323,1408
5531,1415.306652806653,0.5322245322245323,1408
5532,1415.306652806653,0.5322245322245323,1408
5533,1436.31426927742,0.5317369220601814,1429
5534,1436.31426927742,0.5317369220601814,1429
5535,1436.31426927742,0.5317369220601814,1429
5536,1433.3480077462125,0.5295769688724343,1426
5537,1433.3480077462125,0.5295769688724343,1426
5538,1433.3480077462125,0.5295769688724343,1426
5539,1433.3480077462125,0.5295769688724343,1426
5540,1433.3480077462125,0.5295769688724343,1426
5541,1433.3480077462125,0.5295769688724343,1426
5542,1433.3480077462125,0.5295769688724343,1426
5543,1433.3480077462125,0.5295769688724343,1426
5544,1412.3409077064102,0.5300315168751413,1405
5545,1412.3409077064102,0.5300315168751413,1405
5546,1412.3409077064102,0.5300315168751413,1405
5547,1412.3409077064102,0.5300315168751413,1405
5548,1412.3409077064102,0.5300315168751413,1405
5549,1412.3409077064102,0.5300315168751413,1405
5550,1412.3409077064102,0.5300315168751413,1405
5551,1412.3409077064102,0.5300315168751413,1405
5552,1412.3409077064102,0.5300315168751413,1405
5553,1415.306652806653,0.5322245322245323,1408
5554,1415.306652806653,0.5322245322245323,1408
5555,1415.306652806653,0.5322245322245323,1408
5556,1415.306652806653,0.5322245322245323,1408
5557,1415.306652806653,0.5322245322245323,1408
5558,1415.306652806653,0.5322245322245323,1408
5559,1415.306652806653,0.5322245322245323,1408
5560,1415.306652806653,0.5322245322245323,1408
5561,1415.306652806653,0.5322245322245323,1408
5562,1415.306652806653,0.5322245322245323,1408
5563,1415.306652806653,0.5322245322245323,1408
5564,1415.306652806653,0.5322245322245323,1408
5565,1415.306652806653,0.5322245322245323,1408
5566,1415.306652806653,0.5322245322245323,1408
5567,1415.306652806653,0.5322245322245323,1408
5568,1415.306652806653,0.5322245322245323,1408
5569,1415.306652806653,0.5322245322245323,1408
5570,1415.306652806653,0.5322245322245323,1408
5571,1415.306652806653,0.5322245322245323,1408
5572,1415.306652806653,0.5322245322245323,1408
5573,1415.306652806653,0.5322245322245323,1408
5574,1415.306652806653,0.5322245322245323,1408
5575,1415.306652806653,0.5322245322245323,1408
5576,1415.306652806653,0.5322245322245323,1408
5577,1415.306652806653,0.5322245322245323,1408
5578,1415.306652806653,0.5322245322245323,1408
5579,1415.306652806653,0.5322245322245323,1408
5580,1415.306652806653,0.5322245322245323,1408
5581,1415.306652806653,0.5322245322245323,1408
5582,1415.306652806653,0.5322245322245323,1408
5583,1415.306652806653,0.5322245322245323,1408
5584,1415.306652806653,0.5322245322245323,1408
5585,1412.3409077064102,0.5300315168751413,1405
5586,1412.3409077064102,0.5300315168751413,1405
5587,1412.3409077064102,0.5300315168751413,1405
5588,1412.3409077064102,0.5300315168751413,1405
5589,1415.306652806653,0.5322245322245323,1408
5590,1415.306652806653,0.5322245322245323,1408
5591,1415.306652806653,0.5322245322245323,1408
5592,1415.306652806653,0.5322245322245323,1408
5593,1412.3055456120699,0.5322954153604381,1405
5594,1412.3055456120699,0.5322954153604381,1405
5595,1412.3055456120699,0.5322954153604381,1405
5596,1412.3055456120699,0.5322954153604381,1405
5597,1412.3055456120699,0.5322954153604381,1405
5598,1412.3055456120699,0.5322954153604381,1405
5599,1426.310671312576,0.5319672655201074,1419
5600,1426.310671312576,0.5319672655201074,1419
5601,1426.310671312576,0.5319672655201074,1419
5602,1426.310671312576,0.5319672655201074,1419
5603,1426.310671312576,0.5319672655201074,1419
5604,1426.310671312576,0.5319672655201074,1419
5605,1426.310671312576,0.5319672655201074,1419
5606,1426.310671312576,0.5319672655201074,1419
5607,1426.310671312576,0.5319672655201074,1419
5608,1426.310671312576,0.5319672655201074,1419
5609,1426.310671312576,0.5319672655201074,1419
5610,1426.310671312576,0.5319672655201074,1419
5611,1426.310671312576,0.5319672655201074,1419
5612,1426.310671312576,0.5319672655201074,1419
5613,1426.310671312576,0.5319672655201074,1419
5614,1426.310671312576,0.5319672655201074,1419
5615,1426.310671312576,0.5319672655201074,1419
5616,1426.310671312576,0.5319672655201074,1419
5617,1423.3095817270953,0.5320370213127282,1416
5618,1423.3095817270953,0.5320370213127282,1416
5619,1423.3095817270953,0.5320370213127282,1416
5620,1423.3095817270953,0.5320370213127282,1416
5621,1423.3095817270953,0.5320370213127282,1416
5622,1423.3095817270953,0.5320370213127282,1416
5623,1423.3095817270953,0.5320370213127282,1416
5624,1423.3095817270953,0.5320370213127282,1416
5625,1423.3095817270953,0.5320370213127282,1416
5626,1423.3095817270953,0.5320370213127282,1416
5627,1423.3095817270953,0.5320370213127282,1416
5628,1423.3095817270953,0.5320370213127282,1416
5629,1423.3095817270953,0.5320370213127282,1416
5630,1423.3095817270953,0.5320370213127282,1416
5631,1423.3095817270953,0.5320370213127282,1416
5632,1423.3095817270953,0.5320370213127282,1416
5633,1423.3095817270953,0.5320370213127282,1416
5634,1423.3095817270953,0.5320370213127282,1416
5635,1423.3095817270953,0.5320370213127282,1416
5636,1423.3095817270953,0.5320370213127282,1416
5637,1423.3095817270953,0.5320370213127282,1416
5638,1423.3095817270953,0.5320370213127282,1416
5639,1423.3095817270953,0.5320370213127282,1416
5640,1423.3095817270953,0.5320370213127282,1416
5641,1423.3095817270953,0.5320370213127282,1416
5642,1423.3095817270953,0.5320370213127282,1416
5643,1423.3095817270953,0.5320370213127282,1416
5644,1423.3095817270953,0.5320370213127282,1416
5645,1423.3095817270953,0.5320370213127282,1416
5646,1423.3095817270953,0.5320370213127282,1416
5647,1423.3095817270953,0.5320370213127282,1416
5648,1423.3095817270953,0.5320370213127282,1416
5649,1423.3095817270953,0.5320370213127282,1416
5650,1423.3095817270953,0.5320370213127282,1416
5651,1423.3095817270953,0.5320370213127282,1416
5652,1423.3095817270953,0.5320370213127282,1416
5653,1423.3095817270953,0.5320370213127282,1416
5654,1423.3095817270953,0.5320370213127282,1416
5655,1423.3095817270953,0.5320370213127282,1416
5656,1423.3095817270953,0.5320370213127282,1416
5657,1423.3095817270953,0.5320370213127282,1416
5658,1423.3095817270953,0.5320370213127282,1416
5659,1423.3095817270953,0.5320370213127282,1416
5660,1423.3095817270953,0.5320370213127282,1416
5661,1423.3095817270953,0.5320370213127282,1416
5662,1423.3095817270953,0.5320370213127282,1416
5663,1423.3095817270953,0.5320370213127282,1416
5664,1423.3095817270953,0.5320370213127282,1416
5665,1423.3095817270953,0.5320370213127282,1416
5666,1423.3095817270953,0.5320370213127282,1416
5667,1423.3095817270953,0.5320370213127282,1416
5668,1423.3095817270953,0.5320370213127282,1416
5669,1423.3095817270953,0.5320370213127282,1416
5670,1423.3095817270953,0.5320370213127282,1416
5671,1423.3095817270953,0.5320370213127282,1416
5672,1423.3095817270953,0.5320370213127282,1416
5673,1423.3095817270953,0.5320370213127282,1416
5674,1423.3095817270953,0.5320370213127282,1416
5675,1423.3095817270953,0.5320370213127282,1416
5676,1423.3095817270953,0.5320370213127282,1416
5677,1423.3095817270953,0.5320370213127282,1416
5678,1423.3095817270953,0.5320370213127282,1416
5679,1423.3095817270953,0.5320370213127282,1416
5680,1423.3095817270953,0.5320370213127282,1416
5681,1423.3095817270953,0.5320370213127282,1416
5682,1423.3095817270953,0.5320370213127282,1416
5683,1423.3095817270953,0.5320370213127282,1416
5684,1439.3153385879034,0.5316684642827512,1432
5685,1439.3153385879034,0.5316684642827512,1432
5686,1439.3153385879034,0.5316684642827512,1432
5687,1439.3153385879034,0.5316684642827512,1432
5688,1439.3153385879034,0.5316684642827512,1432
5689,1439.3153385879034,0.5316684642827512,1432
5690,1439.3153385879034,0.5316684642827512,1432
5691,1439.3153385879034,0.5316684642827512,1432
5692,1439.3153385879034,0.5316684642827512,1432
5693,1439.3153385879034,0.5316684642827512,1432
5694,1439.3153385879034,0.5316684642827512,1432
5695,1439.3153385879034,0.5316684642827512,1432
5696,1439.3153385879034,0.5316684642827512,1432
5697,1439.3153385879034,0.5316684642827512,1432
5698,1439.3153385879034,0.5316684642827512,1432
5699,1439.3153385879034,0.5316684642827512,1432
5700,1439.3153385879034,0.5316684642827512,1432
5701,1439.3153385879034,0.5316684642827512,1432
5702,1427.3110334551777,0.5319440809745308,1420
5703,1427.3110334551777,0.5319440809745308,1420
5704,1427.3110334551777,0.5319440809745308,1420
5705,1427.3110334551777,0.5319440809745308,1420
5706,1427.3110334551777,0.5319440809745308,1420
5707,1427.3110334551777,0.5319440809745308,1420
5708,1427.3110334551777,0.5319440809745308,1420
5709,1427.3110334551777,0.5319440809745308,1420
5710,1427.3110334551777,0.5319440809745308,1420
5711,1426.310671312576,0.5319672655201074,1419
5712,1426.310671312576,0.5319672655201074,1419
5713,1434.3135538343017,0.5317827250767122,1427
5714,1434.3135538343017,0.5317827250767122,1427
5715,1434.3135538343017,0.5317827250767122,1427
5716,1434.3135538343017,0.5317827250767122,1427
5717,1434.3135538343017,0.5317827250767122,1427
5718,1434.3135538343017,0.5317827250767122,1427
5719,1445.3174634428215,0.5315324300370353,1438
5720,1448.3185190461443,0.5314648497986992,1441
5721,1448.3185190461443,0.5314648497986992,1441
5722,1442.316403299847,0.5316003009060742,1435
5723,1446.3178158135609,0.5315098710908484,1439
5724,1446.3178158135609,0.5315098710908484,1439
5725,1446.3178158135609,0.5315098710908484,1439
5726,1446.3178158135609,0.5315098710908484,1439
5727,1446.3178158135609,0.5315098710908484,1439
5728,1446.3178158135609,0.5315098710908484,1439
5729,1446.3178158135609,0.5315098710908484,1439
5730,1446.3178158135609,0.5315098710908484,1439
5731,1446.3178158135609,0.5315098710908484,1439
5732,1446.3178158135609,0.5315098710908484,1439
5733,1446.3178158135609,0.5315098710908484,1439
5734,1446.3178158135609,0.5315098710908484,1439
5735,1446.3178158135609,0.5315098710908484,1439
5736,1446.3178158135609,0.5315098710908484,1439
5737,1446.3178158135609,0.5315098710908484,1439
5738,1446.3178158135609,0.5315098710908484,1439
5739,1446.3178158135609,0.5315098710908484,1439
5740,1446.3178158135609,0.5315098710908484,1439
5741,1446.3178158135609,0.5315098710908484,1439
5742,1446.3178158135609,0.5315098710908484,1439
5743,1446.3178158135609,0.5315098710908484,1439
5744,1446.3178158135609,0.5315098710908484,1439
5745,1446.3178158135609,0.5315098710908484,1439
5746,1446.3178158135609,0.5315098710908484,1439
5747,1446.3178158135609,0.5315098710908484,1439
5748,1446.3178158135609,0.5315098710908484,1439
5749,1446.3178158135609,0.5315098710908484,1439
5750,1446.3178158135609,0.5315098710908484,1439
5751,1446.3178158135609,0.5315098710908484,1439
5752,1446.3178158135609,0.5315098710908484,1439
5753,1446.3178158135609,0.5315098710908484,1439
5754,1446.3178158135609,0.5315098710908484,1439
5755,1445.3174634428215,0.5315324300370353,1438
5756,1445.3174634428215,0.5315324300370353,1438
5757,1445.3174634428215,0.5315324300370353,1438
5758,1445.3174634428215,0.5315324300370353,1438
5759,1445.3174634428215,0.5315324300370353,1438
5760,1445.3174634428215,0.5315324300370353,1438
5761,1445.3174634428215,0.5315324300370353,1438
5762,1445.3174634428215,0.5315324300370353,1438
5763,1445.3174634428215,0.5315324300370353,1438
5764,1445.3174634428215,0.5315324300370353,1438
5765,1445.3174634428215,0.5315324300370353,1438
5766,1445.3174634428215,0.5315324300370353,1438
5767,1445.3174634428215,0.5315324300370353,1438
5768,1445.3174634428215,0.5315324300370353,1438
5769,1445.3174634428215,0.5315324300370353,1438
5770,1445.3174634428215,0.5315324300370353,1438
5771,1445.3174634428215,0.5315324300370353,1438
5772,1437.3146262270325,0.5317140699723131,1430
5773,1437.3146262270325,0.5317140699723131,1430
5774,1437.3146262270325,0.5317140699723131,1430
5775,1437.3146262270325,0.5317140699723131,1430
5776,1437.3146262270325,0.5317140699723131,1430
5777,1437.3146262270325,0.5317140699723131,1430
5778,1437.3146262270325,0.5317140699723131,1430
5779,1437.3146262270325,0.5317140699723131,1430
5780,1437.3146262270325,0.5317140699723131,1430
5781,1437.3146262270325,0.5317140699723131,1430
5782,1437.3146262270325,0.5317140699723131,1430
5783,1437.3146262270325,0.5317140699723131,1430
5784,1437.3146262270325,0.5317140699723131,1430
5785,1437.3146262270325,0.5317140699723131,1430
5786,1437.3146262270325,0.5317140699723131,1430
5787,1437.3146262270325,0.5317140699723131,1430
5788,1418.307755156699,0.5321539592382225,1411
5789,1418.307755156699,0.5321539592382225,1411
5790,1418.307755156699,0.5321539592382225,1411
5791,1433.3131953385707,0.5318056761478351,1426
5792,1433.3131953385707,0.5318056761478351,1426
5793,1433.3131953385707,0.5318056761478351,1426
5794,1433.3131953385707,0.5318056761478351,1426
5795,1433.3131953385707,0.5318056761478351,1426
5796,1433.3131953385707,0.5318056761478351,1426
5797,1433.3131953385707,0.5318056761478351,1426
5798,1433.3131953385707,0.5318056761478351,1426
5799,1433.3131953385707,0.5318056761478351,1426
5800,1433.3131953385707,0.5318056761478351,1426
5801,1433.3131953385707,0.5318056761478351,1426
5802,1433.3131953385707,0.5318056761478351,1426
5803,1431.3124767931781,0.531851677773488,1424
5804,1424.3099454496798,0.5320137356158903,1417
5805,1424.3099454496798,0.5320137356158903,1417
5806,1424.3099454496798,0.5320137356158903,1417
5807,1424.3099454496798,0.5320137356158903,1417
5808,1424.3099454496798,0.5320137356158903,1417
5809,1424.3099454496798,0.5320137356158903,1417
5810,1424.3099454496798,0.5320137356158903,1417
5811,1424.3099454496798,0.5320137356158903,1417
5812,1424.3099454496798,0.5320137356158903,1417
5813,1424.3099454496798,0.5320137356158903,1417
5814,1424.3099454496798,0.5320137356158903,1417
5815,1424.3099454496798,0.5320137356158903,1417
5816,1424.3099454496798,0.5320137356158903,1417
5817,1424.3099454496798,0.5320137356158903,1417
5818,1424.3099454496798,0.5320137356158903,1417
5819,1424.3099454496798,0.5320137356158903,1417
5820,1424.3099454496798,0.5320137356158903,1417
5821,1422.3092174755539,0.5320603408736395,1415
5822,1422.3092174755539,0.5320603408736395,1415
5823,1422.3092174755539,0.5320603408736395,1415
5824,1412.3055456120699,0.5322954153604381,1405
5825,1412.3055456120699,0.5322954153604381,1405
5826,1412.3055456120699,0.5322954153604381,1405
5827,1412.3055456120699,0.5322954153604381,1405
5828,1410.3048047751615,0.5323428440997676,1403
5829,1410.3048047751615,0.5323428440997676,1403
5830,1410.3048047751615,0.5323428440997676,1403
5831,1410.3048047751615,0.5323428440997676,1403
5832,1410.3048047751615,0.5323428440997676,1403
5833,1410.3048047751615,0.5323428440997676,1403
5834,1410.3048047751615,0.5323428440997676,1403
5835,1410.3048047751615,0.5323428440997676,1403
5836,1410.3048047751615,0.5323428440997676,1403
5837,1410.3048047751615,0.5323428440997676,1403
5838,1410.3048047751615,0.5323428440997676,1403
5839,1410.3048047751615,0.5323428440997676,1403
5840,1410.3048047751615,0.5323428440997676,1403
5841,1410.3048047751615,0.5323428440997676,1403
5842,1410.3048047751615,0.5323428440997676,1403
5843,1410.3048047751615,0.5323428440997676,1403
5844,1410.3048047751615,0.5323428440997676,1403
5845,1410.3048047751615,0.5323428440997676,1403
5846,1410.3048047751615,0.5323428440997676,1403
5847,1410.3048047751615,0.5323428440997676,1403
5848,1410.3048047751615,0.5323428440997676,1403
5849,1410.3048047751615,0.5323428440997676,1403
5850,1410.3048047751615,0.5323428440997676,1403
5851,1410.3048047751615,0.5323428440997676,1403
5852,1410.3048047751615,0.5323428440997676,1403
5853,1410.3048047751615,0.5323428440997676,1403
5854,1410.3048047751615,0.5323428440997676,1403
5855,1410.3048047751615,0.5323428440997676,1403
5856,1410.3048047751615,0.5323428440997676,1403
5857,1410.3048047751615,0.5323428440997676,1403
5858,1410.3048047751615,0.5323428440997676,1403
5859,1410.3048047751615,0.5323428440997676,1403
5860,1410.3048047751615,0.5323428440997676,1403
5861,1410.3048047751615,0.5323428440997676,1403
5862,1410.3048047751615,0.5323428440997676,1403
5863,1410.3048047751615,0.5323428440997676,1403
5864,1410.3048047751615,0.5323428440997676,1403
5865,1410.3048047751615,0.5323428440997676,1403
5866,1410.3048047751615,0.5323428440997676,1403
5867,1410.3048047751615,0.5323428440997676,1403
5868,1410.3048047751615,0.5323428440997676,1403
5869,1410.3048047751615,0.5323428440997676,1403
5870,1410.3048047751615,0.5323428440997676,1403
5871,1410.3048047751615,0.5323428440997676,1403
5872,1410.3048047751615,0.5323428440997676,1403
5873,1410.3048047751615,0.5323428440997676,1403
5874,1410.3048047751615,0.5323428440997676,1403
5875,1410.3048047751615,0.5323428440997676,1403
5876,1410.3048047751615,0.5323428440997676,1403
5877,1410.3048047751615,0.5323428440997676,1403
5878,1410.3048047751615,0.5323428440997676,1403
5879,1410.3048047751615,0.5323428440997676,1403
5880,1410.3048047751615,0.5323428440997676,1403
5881,1410.3048047751615,0.5323428440997676,1403
5882,1410.3048047751615,0.5323428440997676,1403
5883,1410.3048047751615,0.5323428440997676,1403
5884,1410.3048047751615,0.5323428440997676,1403
5885,1410.3048047751615,0.5323428440997676,1403
5886,1410.3048047751615,0.5323428440997676,1403
5887,1410.3048047751615,0.5323428440997676,1403
5888,1410.3048047751615,0.5323428440997676,1403
5889,1410.3048047751615,0.5323428440997676,1403
5890,1410.3048047751615,0.5323428440997676,1403
5891,1410.3048047751615,0.5323428440997676,1403
5892,1410.3048047751615,0.5323428440997676,1403
5893,1410.3048047751615,0.5323428440997676,1403
5894,1410.3048047751615,0.5323428440997676,1403
5895,1410.3048047751615,0.5323428440997676,1403
5896,1417.3073882430033,0.5321774492315402,1410
5897,1417.3073882430033,0.5321774492315402,1410
5898,1417.3073882430033,0.5321774492315402,1410
5899,1417.3073882430033,0.5321774492315402,1410
5900,1417.3073882430033,0.5321774492315402,1410
5901,1417.3073882430033,0.5321774492315402,1410
5902,1417.3073882430033,0.5321774492315402,1410
5903,1417.3073882430033,0.5321774492315402,1410
5904,1417.3073882430033,0.5321774492315402,1410
5905,1417.3073882430033,0.5321774492315402,1410
5906,1417.3073882430033,0.5321774492315402,1410
5907,1404.3025691647408,0.5324859689666557,1397
5908,1416.3070207933793,0.5322009735352605,1409
5909,1415.306652806653,0.5322245322245323,1408
5910,1415.306652806653,0.5322245322245323,1408
5911,1415.306652806653,0.5322245322245323,1408
5912,1415.306652806653,0.5322245322245323,1408
5913,1415.306652806653,0.5322245322245323,1408
5914,1415.306652806653,0.5322245322245323,1408
5915,1415.306652806653,0.5322245322245323,1408
5916,1412.3409077064102,0.5300315168751413,1405
5917,1406.338838900341,0.5301639628462845,1399
5918,1406.338838900341,0.5301639628462845,1399
5919,1406.338838900341,0.5301639628462845,1399
5920,1406.338838900341,0.5301639628462845,1399
5921,1406.338838900341,0.5301639628462845,1399
5922,1406.338838900341,0.5301639628462845,1399
5923,1406.338838900341,0.5301639628462845,1399
5924,1406.338838900341,0.5301639628462845,1399
5925,1406.338838900341,0.5301639628462845,1399
5926,1406.338838900341,0.5301639628462845,1399
5927,1406.338838900341,0.5301639628462845,1399
5928,1406.338838900341,0.5301639628462845,1399
5929,1406.338838900341,0.5301639628462845,1399
5930,1406.338838900341,0.5301639628462845,1399
5931,1406.338838900341,0.5301639628462845,1399
5932,1406.338838900341,0.5301639628462845,1399
5933,1406.338838900341,0.5301639628462845,1399
5934,1406.338838900341,0.5301639628462845,1399
5935,1406.338838900341,0.5301639628462845,1399
5936,1406.338838900341,0.5301639628462845,1399
5937,1406.338838900341,0.5301639628462845,1399
5938,1406.338838900341,0.5301639628462845,1399
5939,1406.338838900341,0.5301639628462845,1399
5940,1406.338838900341,0.5301639628462845,1399
5941,1406.338838900341,0.5301639628462845,1399
5942,1406.338838900341,0.5301639628462845,1399
5943,1406.338838900341,0.5301639628462845,1399
5944,1406.338838900341,0.5301639628462845,1399
5945,1406.338838900341,0.5301639628462845,1399
5946,1406.338838900341,0.5301639628462845,1399
5947,1409.3044335409784,0.5323666106928119,1402
5948,1409.3044335409784,0.5323666106928119,1402
5949,1409.3044335409784,0.5323666106928119,1402
5950,1409.3044335409784,0.5323666106928119,1402
5951,1409.3044335409784,0.5323666106928119,1402
5952,1409.3044335409784,0.5323666106928119,1402
5953,1439.3153385879034,0.5316684642827512,1432
5954,1435.3139118135468,0.5317598070712718,1428
5955,1435.3139118135468,0.5317598070712718,1428
5956,1435.3139118135468,0.5317598070712718,1428
5957,1435.3139118135468,0.5317598070712718,1428
5958,1435.3139118135468,0.5317598070712718,1428
5959,1435.3139118135468,0.5317598070712718,1428
5960,1435.3139118135468,0.5317598070712718,1428
5961,1435.3139118135468,0.5317598070712718,1428
5962,1435.3139118135468,0.5317598070712718,1428
5963,1435.3139118135468,0.5317598070712718,1428
5964,1435.3139118135468,0.5317598070712718,1428
5965,1435.3139118135468,0.5317598070712718,1428
5966,1435.3139118135468,0.5317598070712718,1428
5967,1435.3139118135468,0.5317598070712718,1428
5968,1435.3139118135468,0.5317598070712718,1428
5969,1435.3139118135468,0.5317598070712718,1428
5970,1435.3139118135468,0.5317598070712718,1428
5971,1435.3139118135468,0.5317598070712718,1428
5972,1435.3139118135468,0.5317598070712718,1428
5973,1435.3139118135468,0.5317598070712718,1428
5974,1435.3139118135468,0.5317598070712718,1428
5975,1435.3139118135468,0.5317598070712718,1428
5976,1435.3139118135468,0.5317598070712718,1428
5977,1435.3139118135468,0.5317598070712718,1428
5978,1435.3139118135468,0.5317598070712718,1428
5979,1435.3139118135468,0.5317598070712718,1428
5980,1428.3113950734037,0.5319209299997629,1421
5981,1428.3113950734037,0.5319209299997629,1421
5982,1428.3113950734037,0.5319209299997629,1421
5983,1413.3059152171807,0.5322717530614223,1406
5984,1413.3059152171807,0.5322717530614223,1406
5985,1413.3059152171807,0.5322717530614223,1406
5986,1413.3059152171807,0.5322717530614223,1406
5987,1413.3059152171807,0.5322717530614223,1406
5988,1413.3059152171807,0.5322717530614223,1406
5989,1413.3059152171807,0.5322717530614223,1406
5990,1413.3059152171807,0.5322717530614223,1406
5991,1413.3059152171807,0.5322717530614223,1406
5992,1413.3059152171807,0.5322717530614223,1406
5993,1413.3059152171807,0.5322717530614223,1406
5994,1413.3059152171807,0.5322717530614223,1406
5995,1413.3059152171807,0.5322717530614223,1406
5996,1413.3059152171807,0.5322717530614223,1406
5997,1413.3059152171807,0.5322717530614223,1406
5998,1413.3059152171807,0.5322717530614223,1406
5999,1413.3059152171807,0.5322717530614223,1406
6000,1413.3059152171807,0.5322717530614223,1406
6001,1413.3059152171807,0.5322717530614223,1406
6002,1413.3059152171807,0.5322717530614223,1406
6003,1432.3128363252365,0.5318286603561788,1425
6004,1432.3128363252365,0.5318286603561788,1425
6005,1432.3128363252365,0.5318286603561788,1425
6006,1432.3128363252365,0.5318286603561788,1425
6007,1432.3128363252365,0.5318286603561788,1425
6008,1432.3128363252365,0.5318286603561788,1425
6009,1432.3128363252365,0.5318286603561788,1425
6010,1432.3128363252365,0.5318286603561788,1425
6011,1432.3128363252365,0.5318286603561788,1425
6012,1432.3128363252365,0.5318286603561788,1425
6013,1432.3128363252365,0.5318286603561788,1425
6014,1432.3128363252365,0.5318286603561788,1425
6015,1432.3128363252365,0.5318286603561788,1425
6016,1432.3128363252365,0.5318286603561788,1425
6017,1432.3128363252365,0.5318286603561788,1425
6018,1432.3128363252365,0.5318286603561788,1425
6019,1432.3128363252365,0.5318286603561788,1425
6020,1432.3128363252365,0.5318286603561788,1425
6021,1432.3128363252365,0.5318286603561788,1425
6022,1432.3128363252365,0.5318286603561788,1425
6023,1432.3128363252365,0.5318286603561788,1425
6024,1432.3128363252365,0.5318286603561788,1425
6025,1435.3139118135468,0.5317598070712718,1428
6026,1435.3139118135468,0.5317598070712718,1428
6027,1435.3139118135468,0.5317598070712718,1428
6028,1435.3139118135468,0.5317598070712718,1428
6029,1435.3139118135468,0.5317598070712718,1428
6030,1435.3139118135468,0.5317598070712718,1428
6031,1435.3139118135468,0.5317598070712718,1428
6032,1435.3139118135468,0.5317598070712718,1428
6033,1435.3139118135468,0.5317598070712718,1428
6034,1435.3139118135468,0.5317598070712718,1428
6035,1435.3139118135468,0.5317598070712718,1428
6036,1435.3139118135468,0.5317598070712718,1428
6037,1435.3139118135468,0.5317598070712718,1428
6038,1435.3139118135468,0.5317598070712718,1428
6039,1435.3139118135468,0.5317598070712718,1428
6040,1435.3139118135468,0.5317598070712718,1428
6041,1435.3139118135468,0.5317598070712718,1428
6042,1436.31426927742,0.5317369220601814,1429
6043,1436.31426927742,0.5317369220601814,1429
6044,1436.31426927742,0.5317369220601814,1429
6045,1436.31426927742,0.5317369220601814,1429
6046,1436.31426927742,0.5317369220601814,1429
6047,1436.31426927742,0.5317369220601814,1429
6048,1436.31426927742,0.5317369220601814,1429
6049,1436.31426927742,0.5317369220601814,1429
6050,1436.31426927742,0.5317369220601814,1429
6051,1436.31426927742,0.5317369220601814,1429
6052,1436.31426927742,0.5317369220601814,1429
6053,1436.31426927742,0.5317369220601814,1429
6054,1436.31426927742,0.5317369220601814,1429
6055,1436.31426927742,0.5317369220601814,1429
6056,1436.31426927742,0.5317369220601814,1429
6057,1436.31426927742,0.5317369220601814,1429
6058,1436.31426927742,0.5317369220601814,1429
6059,1436.31426927742,0.5317369220601814,1429
6060,1436.31426927742,0.5317369220601814,1429
6061,1436.31426927742,0.5317369220601814,1429
6062,1436.31426927742,0.5317369220601814,1429
6063,1436.31426927742,0.5317369220601814,1429
6064,1470.9219290753902,0.5568547326894837,1464
6065,1470.9219290753902,0.5568547326894837,1464
6066,1470.9219290753902,0.5568547326894837,1464
6067,1470.9219290753902,0.5568547326894837,1464
6068,1470.9219290753902,0.5568547326894837,1464
6069,1470.9219290753902,0.5568547326894837,1464
6070,1470.9219290753902,0.5568547326894837,1464
6071,1470.9219290753902,0.5568547326894837,1464
6072,1470.9219290753902,0.5568547326894837,1464
6073,1470.9219290753902,0.5568547326894837,1464
6074,1470.9219290753902,0.5568547326894837,1464
6075,1470.9219290753902,0.5568547326894837,1464
6076,1470.9219290753902,0.5568547326894837,1464
6077,1457.9135697610695,0.5573899000595671,1451
6078,1457.9135697610695,0.5573899000595671,1451
6079,1457.9135697610695,0.5573899000595671,1451
6080,1466.8122388325023,0.5638771554095807,1460
6081,1466.8122388325023,0.5638771554095807,1460
6082,1466.8122388325023,0.5638771554095807,1460
6083,1466.8122388325023,0.5638771554095807,1460
6084,1476.6999492385787,0.5710659898477157,1470
6085,1462.9523692895314,0.5549059353693063,1456
6086,1463.952986559411,0.5548664174512804,1457
6087,1463.952986559411,0.5548664174512804,1457
6088,1463.952986559411,0.5548664174512804,1457
6089,1464.9536029440935,0.5548269562039986,1458
6090,1464.9536029440935,0.5548269562039986,1458
6091,1464.9536029440935,0.5548269562039986,1458
6092,1464.9536029440935,0.5548269562039986,1458
6093,1457.0432889433955,0.5490852148914522,1450
6094,1454.2631896433215,0.5350070650882434,1447
6095,1454.2631896433215,0.5350070650882434,1447
6096,1454.2631896433215,0.5350070650882434,1447
6097,1439.1400208407242,0.5428923917590185,1432
6098,1439.1400208407242,0.5428923917590185,1432
6099,1439.1400208407242,0.5428923917590185,1432
6100,1445.9417384018095,0.5555865299737865,1439
6101,1427.2524481600303,0.5356947400748762,1420
6102,1427.2524481600303,0.5356947400748762,1420
6103,1427.2524481600303,0.5356947400748762,1420
6104,1422.2504125763974,0.5358250591294919,1415
6105,1397.2400078636872,0.5364911738996669,1390
6106,1382.233577476164,0.5369028504376442,1375
6107,1382.233577476164,0.5369028504376442,1375
6108,1384.2344432200728,0.5368474250913796,1377
6109,1371.2287690067024,0.5372106909921658,1364
6110,1371.2287690067024,0.5372106909921658,1364
6111,1371.2287690067024,0.5372106909921658,1364
6112,1375.2305267822396,0.5370981573470205,1368
6113,1383.234010672988,0.5368751169661946,1376
6114,1383.234010672988,0.5368751169661946,1376
6115,1370.2283278976192,0.537238931010291,1363
6116,1370.2283278976192,0.537238931010291,1363
6117,1370.2283278976192,0.537238931010291,1363
6118,1370.2283278976192,0.537238931010291,1363
6119,1370.2283278976192,0.537238931010291,1363
6120,1370.2283278976192,0.537238931010291,1363
6121,1370.2283278976192,0.537238931010291,1363
6122,1370.2283278976192,0.537238931010291,1363
6123,1370.2283278976192,0.537238931010291,1363
6124,1370.2283278976192,0.537238931010291,1363
6125,1370.2283278976192,0.537238931010291,1363
6126,1370.2283278976192,0.537238931010291,1363
6127,1370.2283278976192,0.537238931010291,1363
6128,1370.2283278976192,0.537238931010291,1363
6129,1370.2283278976192,0.537238931010291,1363
6130,1370.2283278976192,0.537238931010291,1363
6131,1365.2261122851105,0.5373807756011194,1358
6132,1365.2261122851105,0.5373807756011194,1358
6133,1365.2261122851105,0.5373807756011194,1358
6134,1365.2261122851105,0.5373807756011194,1358
6135,1365.2261122851105,0.5373807756011194,1358
6136,1365.2261122851105,0.5373807756011194,1358
6137,1365.2261122851105,0.5373807756011194,1358
6138,1365.2261122851105,0.5373807756011194,1358
6139,1365.2261122851105,0.5373807756011194,1358
6140,1365.2261122851105,0.5373807756011194,1358
6141,1365.2261122851105,0.5373807756011194,1358
6142,1365.2261122851105,0.5373807756011194,1358
6143,1365.2261122851105,0.5373807756011194,1358
6144,1365.2261122851105,0.5373807756011194,1358
6145,1365.2261122851105,0.5373807756011194,1358
6146,1365.2261122851105,0.5373807756011194,1358
6147,1365.2261122851105,0.5373807756011194,1358
6148,1365.2261122851105,0.5373807756011194,1358
6149,1365.2261122851105,0.5373807756011194,1358
6150,1364.887252264597,0.5590747589886619,1358
6151,1364.887252264597,0.5590747589886619,1358
6152,1364.887252264597,0.5590747589886619,1358
6153,1364.887252264597,0.5590747589886619,1358
6154,1359.0861740344703,0.5463396904948639,1352
6155,1377.0960778042681,0.5457056463336628,1370
6156,1377.0960778042681,0.5457056463336628,1370
6157,1377.0960778042681,0.5457056463336628,1370
6158,1385.1003931927175,0.5454293730654601,1378
6159,1385.1003931927175,0.5454293730654601,1378
6160,1385.1003931927175,0.5454293730654601,1378
6161,1385.1003931927175,0.5454293730654601,1378
6162,1394.982743199864,0.5529613828512121,1388
6163,1394.982743199864,0.5529613828512121,1388
6164,1382.9751854155656,0.55344523587928,1376
6165,1382.9751854155656,0.55344523587928,1376
6166,1383.963329284254,0.5542042711745117,1377
6167,1362.2247748087425,0.5374664014889607,1355
6168,1362.2247748087425,0.5374664014889607,1355
6169,1362.2247748087425,0.5374664014889607,1355
6170,1362.2247748087425,0.5374664014889607,1355
6171,1362.2247748087425,0.5374664014889607,1355
6172,1362.2247748087425,0.5374664014889607,1355
6173,1362.2247748087425,0.5374664014889607,1355
6174,1362.2247748087425,0.5374664014889607,1355
6175,1362.2247748087425,0.5374664014889607,1355
6176,1362.2247748087425,0.5374664014889607,1355
6177,1362.2247748087425,0.5374664014889607,1355
6178,1362.2247748087425,0.5374664014889607,1355
6179,1362.2247748087425,0.5374664014889607,1355
6180,1362.2247748087425,0.5374664014889607,1355
6181,1362.2247748087425,0.5374664014889607,1355
6182,1362.2247748087425,0.5374664014889607,1355
6183,1362.2247748087425,0.5374664014889607,1355
6184,1362.2247748087425,0.5374664014889607,1355
6185,1362.2247748087425,0.5374664014889607,1355
6186,1362.2247748087425,0.5374664014889607,1355
6187,1362.2247748087425,0.5374664014889607,1355
6188,1366.226556754986,0.5373523204234388,1359
6189,1366.226556754986,0.5373523204234388,1359
6190,1388.2361669401253,0.5367370716949271,1381
6191,1388.2361669401253,0.5367370716949271,1381
6192,1388.2361669401253,0.5367370716949271,1381
6193,1388.2361669401253,0.5367370716949271,1381
6194,1388.2361669401253,0.5367370716949271,1381
6195,1388.2361669401253,0.5367370716949271,1381
6196,1388.2361669401253,0.5367370716949271,1381
6197,1388.2361669401253,0.5367370716949271,1381
6198,1388.2361669401253,0.5367370716949271,1381
6199,1388.2361669401253,0.5367370716949271,1381
6200,1388.2361669401253,0.5367370716949271,1381
6201,1388.2361669401253,0.5367370716949271,1381
6202,1388.2361669401253,0.5367370716949271,1381
6203,1388.2361669401253,0.5367370716949271,1381
6204,1388.2361669401253,0.5367370716949271,1381
6205,1388.2361669401253,0.5367370716949271,1381
6206,1388.2361669401253,0.5367370716949271,1381
6207,1388.2361669401253,0.5367370716949271,1381
6208,1388.2361669401253,0.5367370716949271,1381
6209,1388.2361669401253,0.5367370716949271,1381
6210,1388.2361669401253,0.5367370716949271,1381
6211,1388.2361669401253,0.5367370716949271,1381
6212,1388.2361669401253,0.5367370716949271,1381
6213,1388.2361669401253,0.5367370716949271,1381
6214,1388.2361669401253,0.5367370716949271,1381
6215,1388.2361669401253,0.5367370716949271,1381
6216,1388.2361669401253,0.5367370716949271,1381
6217,1388.2361669401253,0.5367370716949271,1381
6218,1388.2361669401253,0.5367370716949271,1381
6219,1388.2361669401253,0.5367370716949271,1381
6220,1388.2361669401253,0.5367370716949271,1381
6221,1388.2361669401253,0.5367370716949271,1381
6222,1388.2361669401253,0.5367370716949271,1381
6223,1388.2361669401253,0.5367370716949271,1381
6224,1388.2361669401253,0.5367370716949271,1381
6225,1388.2361669401253,0.5367370716949271,1381
6226,1388.2361669401253,0.5367370716949271,1381
6227,1388.2361669401253,0.5367370716949271,1381
6228,1388.2361669401253,0.5367370716949271,1381
6229,1388.2361669401253,0.5367370716949271,1381
6230,1388.2361669401253,0.5367370716949271,1381
6231,1388.2361669401253,0.5367370716949271,1381
6232,1388.2361669401253,0.5367370716949271,1381
6233,1388.2361669401253,0.5367370716949271,1381
6234,1388.2361669401253,0.5367370716949271,1381
6235,1388.2361669401253,0.5367370716949271,1381
6236,1388.2361669401253,0.5367370716949271,1381
6237,1388.2361669401253,0.5367370716949271,1381
6238,1388.2361669401253,0.5367370716949271,1381
6239,1388.2361669401253,0.5367370716949271,1381
6240,1388.2361669401253,0.5367370716949271,1381
6241,1388.2361669401253,0.5367370716949271,1381
6242,1388.2361669401253,0.5367370716949271,1381
6243,1388.2361669401253,0.5367370716949271,1381
6244,1388.2361669401253,0.5367370716949271,1381
6245,1388.2361669401253,0.5367370716949271,1381
6246,1388.2361669401253,0.5367370716949271,1381
6247,1388.2361669401253,0.5367370716949271,1381
6248,1388.2361669401253,0.5367370716949271,1381
6249,1409.3398755772648,0.5300975942852273,1402
6250,1409.3398755772648,0.5300975942852273,1402
6251,1409.3398755772648,0.5300975942852273,1402
6252,1409.3398755772648,0.5300975942852273,1402
6253,1409.3398755772648,0.5300975942852273,1402
6254,1409.3398755772648,0.5300975942852273,1402
6255,1408.3395305250797,0.5301196846940037,1401
6256,1408.3395305250797,0.5301196846940037,1401
6257,1408.3395305250797,0.5301196846940037,1401
6258,1408.3395305250797,0.5301196846940037,1401
6259,1408.3395305250797,0.5301196846940037,1401
6260,1408.3395305250797,0.5301196846940037,1401
6261,1408.3395305250797,0.5301196846940037,1401
6262,1408.3395305250797,0.5301196846940037,1401
6263,1408.3395305250797,0.5301196846940037,1401
6264,1408.3395305250797,0.5301196846940037,1401
6265,1408.3395305250797,0.5301196846940037,1401
6266,1408.3395305250797,0.5301196846940037,1401
6267,1408.3395305250797,0.5301196846940037,1401
6268,1408.3395305250797,0.5301196846940037,1401
6269,1389.3328770274038,0.5305456448525024,1382
6270,1389.3328770274038,0.5305456448525024,1382
6271,1389.3328770274038,0.5305456448525024,1382
6272,1368.2274436706125,0.537295539653487,1361
6273,1368.2274436706125,0.537295539653487,1361
6274,1363.2252213135357,0.5374378160348405,1356
6275,1353.2207254141908,0.5377256456984109,1346
6276,1353.2207254141908,0.5377256456984109,1346
6277,1353.2207254141908,0.5377256456984109,1346
6278,1353.2207254141908,0.5377256456984109,1346
6279,1353.2207254141908,0.5377256456984109,1346
6280,1353.2207254141908,0.5377256456984109,1346
6281,1353.2207254141908,0.5377256456984109,1346
6282,1353.2207254141908,0.5377256456984109,1346
6283,1353.2207254141908,0.5377256456984109,1346
6284,1353.2207254141908,0.5377256456984109,1346
6285,1353.2207254141908,0.5377256456984109,1346
6286,1353.2207254141908,0.5377256456984109,1346
6287,1353.2207254141908,0.5377256456984109,1346
6288,1353.2207254141908,0.5377256456984109,1346
6289,1353.2207254141908,0.5377256456984109,1346
6290,1353.2207254141908,0.5377256456984109,1346
6291,1353.2207254141908,0.5377256456984109,1346
6292,1353.2207254141908,0.5377256456984109,1346
6293,1341.2152383670793,0.5380769291242397,1334
6294,1341.2152383670793,0.5380769291242397,1334
6295,1323.2068137762876,0.5386162755257543,1316
6296,1323.2068137762876,0.5386162755257543,1316
6297,1325.207761591605,0.5385555959279794,1318
6298,1325.207761591605,0.5385555959279794,1318
6299,1325.207761591605,0.5385555959279794,1318
6300,1325.207761591605,0.5385555959279794,1318
6301,1325.207761591605,0.5385555959279794,1318
6302,1325.207761591605,0.5385555959279794,1318
6303,1325.207761591605,0.5385555959279794,1318
6304,1325.207761591605,0.5385555959279794,1318
6305,1325.207761591605,0.5385555959279794,1318
6306,1325.207761591605,0.5385555959279794,1318
6307,1325.207761591605,0.5385555959279794,1318
6308,1325.207761591605,0.5385555959279794,1318
6309,1325.207761591605,0.5385555959279794,1318
6310,1325.207761591605,0.5385555959279794,1318
6311,1320.2690585233365,0.5346313365341497,1313
6312,1320.2690585233365,0.5346313365341497,1313
6313,1320.2690585233365,0.5346313365341497,1313
6314,1320.2690585233365,0.5346313365341497,1313
6315,1320.2690585233365,0.5346313365341497,1313
6316,1320.2690585233365,0.5346313365341497,1313
6317,1320.2690585233365,0.5346313365341497,1313
6318,1320.2690585233365,0.5346313365341497,1313
6319,1320.2690585233365,0.5346313365341497,1313
6320,1320.2690585233365,0.5346313365341497,1313
6321,1320.2690585233365,0.5346313365341497,1313
6322,1320.2690585233365,0.5346313365341497,1313
6323,1320.2690585233365,0.5346313365341497,1313
6324,1320.2690585233365,0.5346313365341497,1313
6325,1320.2690585233365,0.5346313365341497,1313
6326,1320.2690585233365,0.5346313365341497,1313
6327,1320.2690585233365,0.5346313365341497,1313
6328,1320.2690585233365,0.5346313365341497,1313
6329,1320.2690585233365,0.5346313365341497,1313
6330,1320.2690585233365,0.5346313365341497,1313
6331,1320.2690585233365,0.5346313365341497,1313
6332,1320.2690585233365,0.5346313365341497,1313
6333,1320.2690585233365,0.5346313365341497,1313
6334,1320.2690585233365,0.5346313365341497,1313
6335,1320.2690585233365,0.5346313365341497,1313
6336,1320.2690585233365,0.5346313365341497,1313
6337,1320.2690585233365,0.5346313365341497,1313
6338,1320.2690585233365,0.5346313365341497,1313
6339,1320.2690585233365,0.5346313365341497,1313
6340,1320.2690585233365,0.5346313365341497,1313
6341,1315.2669238924952,0.534767996639227,1308
6342,1315.2669238924952,0.534767996639227,1308
6343,1315.2669238924952,0.534767996639227,1308
6344,1315.2669238924952,0.534767996639227,1308
6345,1315.2669238924952,0.534767996639227,1308
6346,1315.2669238924952,0.534767996639227,1308
6347,1315.2669238924952,0.534767996639227,1308
6348,1315.2669238924952,0.534767996639227,1308
6349,1315.2669238924952,0.534767996639227,1308
6350,1315.2669238924952,0.534767996639227,1308
6351,1315.2669238924952,0.534767996639227,1308
6352,1315.2669238924952,0.534767996639227,1308
6353,1315.2669238924952,0.534767996639227,1308
6354,1315.2669238924952,0.534767996639227,1308
6355,1315.2669238924952,0.534767996639227,1308
6356,1315.2669238924952,0.534767996639227,1308
6357,1315.2669238924952,0.534767996639227,1308
6358,1315.2669238924952,0.534767996639227,1308
6359,1315.2669238924952,0.534767996639227,1308
6360,1315.2669238924952,0.534767996639227,1308
6361,1315.2669238924952,0.534767996639227,1308
6362,1315.2669238924952,0.534767996639227,1308
6363,1315.2669238924952,0.534767996639227,1308
6364,1315.2669238924952,0.534767996639227,1308
6365,1315.2669238924952,0.534767996639227,1308
6366,1315.2669238924952,0.534767996639227,1308
6367,1315.2669238924952,0.534767996639227,1308
6368,1315.2669238924952,0.534767996639227,1308
6369,1315.2669238924952,0.534767996639227,1308
6370,1315.2669238924952,0.534767996639227,1308
6371,1315.2669238924952,0.534767996639227,1308
6372,1315.2669238924952,0.534767996639227,1308
6373,1315.2669238924952,0.534767996639227,1308
6374,1315.2669238924952,0.534767996639227,1308
6375,1315.2669238924952,0.534767996639227,1308
6376,1315.2669238924952,0.534767996639227,1308
6377,1315.2669238924952,0.534767996639227,1308
6378,1315.2669238924952,0.534767996639227,1308
6379,1315.2669238924952,0.534767996639227,1308
6380,1315.2669238924952,0.534767996639227,1308
6381,1315.2669238924952,0.534767996639227,1308
6382,1315.2669238924952,0.534767996639227,1308
6383,1315.2669238924952,0.534767996639227,1308
6384,1315.2669238924952,0.534767996639227,1308
6385,1315.2669238924952,0.534767996639227,1308
6386,1315.2669238924952,0.534767996639227,1308
6387,1315.2669238924952,0.534767996639227,1308
6388,1315.2669238924952,0.534767996639227,1308
6389,1315.2669238924952,0.534767996639227,1308
6390,1315.2669238924952,0.534767996639227,1308
6391,1315.2669238924952,0.534767996639227,1308
6392,1315.2669238924952,0.534767996639227,1308
6393,1315.2669238924952,0.534767996639227,1308
6394,1315.2669238924952,0.534767996639227,1308
6395,1315.2669238924952,0.534767996639227,1308
6396,1315.2669238924952,0.534767996639227,1308
6397,1315.2669238924952,0.534767996639227,1308
6398,1315.2669238924952,0.534767996639227,1308
6399,1315.2669238924952,0.534767996639227,1308
6400,1315.2669238924952,0.534767996639227,1308
6401,1315.2669238924952,0.534767996639227,1308
6402,1315.2669238924952,0.534767996639227,1308
6403,1315.2669238924952,0.534767996639227,1308
6404,1315.2669238924952,0.534767996639227,1308
6405,1315.2669238924952,0.534767996639227,1308
6406,1315.2669238924952,0.534767996639227,1308
6407,1315.2669238924952,0.534767996639227,1308
6408,1315.2669238924952,0.534767996639227,1308
6409,1315.2669238924952,0.534767996639227,1308
6410,1315.2669238924952,0.534767996639227,1308
6411,1315.2669238924952,0.534767996639227,1308
6412,1315.2669238924952,0.534767996639227,1308
6413,1315.2669238924952,0.534767996639227,1308
6414,1315.2669238924952,0.534767996639227,1308
6415,1315.2669238924952,0.534767996639227,1308
6416,1315.2669238924952,0.534767996639227,1308
6417,1315.2669238924952,0.534767996639227,1308
6418,1315.2669238924952,0.534767996639227,1308
6419,1315.2669238924952,0.534767996639227,1308
6420,1315.2669238924952,0.534767996639227,1308
6421,1315.2669238924952,0.534767996639227,1308
6422,1318.268206685436,0.5346858716110066,1311
6423,1318.268206685436,0.5346858716110066,1311
6424,1318.268206685436,0.5346858716110066,1311
6425,1318.268206685436,0.5346858716110066,1311
6426,1323.2703312756184,0.5345498543137933,1316
6427,1323.2703312756184,0.5345498543137933,1316
6428,1323.2703312756184,0.5345498543137933,1316
6429,1323.2703312756184,0.5345498543137933,1316
6430,1323.2703312756184,0.5345498543137933,1316
6431,1323.2703312756184,0.5345498543137933,1316
6432,1323.2703312756184,0.5345498543137933,1316
6433,1323.2703312756184,0.5345498543137933,1316
6434,1323.2703312756184,0.5345498543137933,1316
6435,1323.2703312756184,0.5345498543137933,1316
6436,1323.2703312756184,0.5345498543137933,1316
6437,1323.2703312756184,0.5345498543137933,1316
6438,1323.2703312756184,0.5345498543137933,1316
6439,1323.2703312756184,0.5345498543137933,1316
6440,1323.2703312756184,0.5345498543137933,1316
6441,1323.2703312756184,0.5345498543137933,1316
6442,1323.2703312756184,0.5345498543137933,1316
6443,1323.2703312756184,0.5345498543137933,1316
6444,1323.2703312756184,0.5345498543137933,1316
6445,1323.2703312756184,0.5345498543137933,1316
6446,1323.2703312756184,0.5345498543137933,1316
6447,1323.2703312756184,0.5345498543137933,1316
6448,1323.2703312756184,0.5345498543137933,1316
6449,1323.2703312756184,0.5345498543137933,1316
6450,1323.2703312756184,0.5345498543137933,1316
6451,1323.2703312756184,0.5345498543137933,1316
6452,1323.2703312756184,0.5345498543137933,1316
6453,1323.2703312756184,0.5345498543137933,1316
6454,1323.2703312756184,0.5345498543137933,1316
6455,1323.2703312756184,0.5345498543137933,1316
6456,1323.2703312756184,0.5345498543137933,1316
6457,1323.2703312756184,0.5345498543137933,1316
6458,1323.2703312756184,0.5345498543137933,1316
6459,1323.2703312756184,0.5345498543137933,1316
6460,1323.2703312756184,0.5345498543137933,1316
6461,1323.2703312756184,0.5345498543137933,1316
6462,1323.2703312756184,0.5345498543137933,1316
6463,1323.2703312756184,0.5345498543137933,1316
6464,1323.2703312756184,0.5345498543137933,1316
6465,1323.2703312756184,0.5345498543137933,1316
6466,1323.2703312756184,0.5345498543137933,1316
6467,1323.2703312756184,0.5345498543137933,1316
6468,1323.2703312756184,0.5345498543137933,1316
6469,1323.2703312756184,0.5345498543137933,1316
6470,1327.2720190023754,0.5344418052256532,1320
6471,1327.2720190023754,0.5344418052256532,1320
6472,1327.2720190023754,0.5344418052256532,1320
6473,1327.2720190023754,0.5344418052256532,1320
6474,1327.2720190023754,0.5344418052256532,1320
6475,1327.2720190023754,0.5344418052256532,1320
6476,1327.2720190023754,0.5344418052256532,1320
6477,1327.2720190023754,0.5344418052256532,1320
6478,1327.2720190023754,0.5344418052256532,1320
6479,1327.2720190023754,0.5344418052256532,1320
6480,1327.2720190023754,0.5344418052256532,1320
6481,1327.2720190023754,0.5344418052256532,1320
6482,1327.2720190023754,0.5344418052256532,1320
6483,1327.2720190023754,0.5344418052256532,1320
6484,1327.2720190023754,0.5344418052256532,1320
6485,1327.2720190023754,0.5344418052256532,1320
6486,1327.2720190023754,0.5344418052256532,1320
6487,1327.2720190023754,0.5344418052256532,1320
6488,1327.2720190023754,0.5344418052256532,1320
6489,1327.2720190023754,0.5344418052256532,1320
6490,1327.2720190023754,0.5344418052256532,1320
6491,1327.2720190023754,0.5344418052256532,1320
6492,1327.2720190023754,0.5344418052256532,1320
6493,1327.2720190023754,0.5344418052256532,1320
6494,1327.2720190023754,0.5344418052256532,1320
6495,1327.2720190023754,0.5344418052256532,1320
6496,1327.2720190023754,0.5344418052256532,1320
6497,1327.2720190023754,0.5344418052256532,1320
6498,1327.2720190023754,0.5344418052256532,1320
6499,1327.2720190023754,0.5344418052256532,1320
6500,1327.2720190023754,0.5344418052256532,1320
6501,1327.2720190023754,0.5344418052256532,1320
6502,1327.2720190023754,0.5344418052256532,1320
6503,1327.2720190023754,0.5344418052256532,1320
6504,1327.2720190023754,0.5344418052256532,1320
6505,1327.2720190023754,0.5344418052256532,1320
6506,1327.2720190023754,0.5344418052256532,1320
6507,1327.2720190023754,0.5344418052256532,1320
6508,1327.2720190023754,0.5344418052256532,1320
6509,1327.2720190023754,0.5344418052256532,1320
6510,1327.2720190023754,0.5344418052256532,1320
6511,1327.2720190023754,0.5344418052256532,1320
6512,1327.2720190023754,0.5344418052256532,1320
6513,1327.2720190023754,0.5344418052256532,1320
6514,1327.2720190023754,0.5344418052256532,1320
6515,1327.2720190023754,0.5344418052256532,1320
6516,1327.2720190023754,0.5344418052256532,1320
6517,1327.2720190023754,0.5344418052256532,1320
6518,1327.2720190023754,0.5344418052256532,1320
6519,1327.2720190023754,0.5344418052256532,1320
6520,1327.2720190023754,0.5344418052256532,1320
6521,1327.2720190023754,0.5344418052256532,1320
6522,1327.2720190023754,0.5344418052256532,1320
6523,1327.2720190023754,0.5344418052256532,1320
6524,1327.2720190023754,0.5344418052256532,1320
6525,1327.2720190023754,0.5344418052256532,1320
6526,1327.2720190023754,0.5344418052256532,1320
6527,1327.2720190023754,0.5344418052256532,1320
6528,1327.2720190023754,0.5344418052256532,1320
6529,1327.2720190023754,0.5344418052256532,1320
6530,1327.2720190023754,0.5344418052256532,1320
6531,1327.2720190023754,0.5344418052256532,1320
6532,1327.2720190023754,0.5344418052256532,1320
6533,1327.2720190023754,0.5344418052256532,1320
6534,1327.2720190023754,0.5344418052256532,1320
6535,1327.2720190023754,0.5344418052256532,1320
6536,1327.2720190023754,0.5344418052256532,1320
6537,1327.2720190023754,0.5344418052256532,1320
6538,1327.2720190023754,0.5344418052256532,1320
6539,1327.2720190023754,0.5344418052256532,1320
6540,1327.2720190023754,0.5344418052256532,1320
6541,1327.2720190023754,0.5344418052256532,1320
6542,1327.2720190023754,0.5344418052256532,1320
6543,1327.2720190023754,0.5344418052256532,1320
6544,1327.2720190023754,0.5344418052256532,1320
6545,1327.2720190023754,0.5344418052256532,1320
6546,1327.2720190023754,0.5344418052256532,1320
6547,1327.2720190023754,0.5344418052256532,1320
6548,1327.2720190023754,0.5344418052256532,1320
6549,1327.2720190023754,0.5344418052256532,1320
6550,1327.2720190023754,0.5344418052256532,1320
6551,1327.2720190023754,0.5344418052256532,1320
6552,1327.2720190023754,0.5344418052256532,1320
6553,1327.2720190023754,0.5344418052256532,1320
6554,1327.2720190023754,0.5344418052256532,1320
6555,1327.2720190023754,0.5344418052256532,1320
6556,1327.2720190023754,0.5344418052256532,1320
6557,1327.2720190023754,0.5344418052256532,1320
6558,1327.2720190023754,0.5344418052256532,1320
6559,1327.2720190023754,0.5344418052256532,1320
6560,1327.2720190023754,0.5344418052256532,1320
6561,1327.2720190023754,0.5344418052256532,1320
6562,1327.2720190023754,0.5344418052256532,1320
6563,1327.2720190023754,0.5344418052256532,1320
6564,1327.2720190023754,0.5344418052256532,1320
6565,1327.2720190023754,0.5344418052256532,1320
6566,1327.2720190023754,0.5344418052256532,1320
6567,1327.2720190023754,0.5344418052256532,1320
6568,1327.2720190023754,0.5344418052256532,1320
6569,1327.2720190023754,0.5344418052256532,1320
6570,1327.2720190023754,0.5344418052256532,1320
6571,1327.2720190023754,0.5344418052256532,1320
6572,1327.2720190023754,0.5344418052256532,1320
6573,1327.2720190023754,0.5344418052256532,1320
6574,1327.2720190023754,0.5344418052256532,1320
6575,1327.2720190023754,0.5344418052256532,1320
6576,1327.2720190023754,0.5344418052256532,1320
6577,1330.2732778943653,0.5343612103479289,1323
6578,1330.2732778943653,0.5343612103479289,1323
6579,1330.2732778943653,0.5343612103479289,1323
6580,1330.2732778943653,0.5343612103479289,1323
6581,1330.2732778943653,0.5343612103479289,1323
6582,1330.2732778943653,0.5343612103479289,1323
6583,1330.2732778943653,0.5343612103479289,1323
6584,1330.2732778943653,0.5343612103479289,1323
6585,1356.2839466767862,0.5336781897063921,1349
6586,1356.2839466767862,0.5336781897063921,1349
6587,1356.2839466767862,0.5336781897063921,1349
6588,1356.2839466767862,0.5336781897063921,1349
6589,1356.2839466767862,0.5336781897063921,1349
6590,1356.2839466767862,0.5336781897063921,1349
6591,1356.2839466767862,0.5336781897063921,1349
6592,1356.2839466767862,0.5336781897063921,1349
6593,1356.2839466767862,0.5336781897063921,1349
6594,1356.2839466767862,0.5336781897063921,1349
6595,1356.2839466767862,0.5336781897063921,1349
6596,1356.2839466767862,0.5336781897063921,1349
6597,1356.2839466767862,0.5336781897063921,1349
6598,1356.2839466767862,0.5336781897063921,1349
6599,1356.2839466767862,0.5336781897063921,1349
6600,1356.2839466767862,0.5336781897063921,1349
6601,1356.2839466767862,0.5336781897063921,1349
6602,1356.2839466767862,0.5336781897063921,1349
6603,1356.2839466767862,0.5336781897063921,1349
6604,1356.2839466767862,0.5336781897063921,1349
6605,1356.2839466767862,0.5336781897063921,1349
6606,1356.2839466767862,0.5336781897063921,1349
6607,1356.2839466767862,0.5336781897063921,1349
6608,1356.2839466767862,0.5336781897063921,1349
6609,1362.286348813273,0.5335244037597267,1355
6610,1362.286348813273,0.5335244037597267,1355
6611,1362.286348813273,0.5335244037597267,1355
6612,1362.286348813273,0.5335244037597267,1355
6613,1362.286348813273,0.5335244037597267,1355
6614,1362.286348813273,0.5335244037597267,1355
6615,1362.286348813273,0.5335244037597267,1355
6616,1362.286348813273,0.5335244037597267,1355
6617,1362.286348813273,0.5335244037597267,1355
6618,1362.286348813273,0.5335244037597267,1355
6619,1362.286348813273,0.5335244037597267,1355
6620,1362.286348813273,0.5335244037597267,1355
6621,1362.286348813273,0.5335244037597267,1355
6622,1362.286348813273,0.5335244037597267,1355
6623,1362.286348813273,0.5335244037597267,1355
6624,1362.286348813273,0.5335244037597267,1355
6625,1362.286348813273,0.5335244037597267,1355
6626,1362.286348813273,0.5335244037597267,1355
6627,1362.286348813273,0.5335244037597267,1355
6628,1362.286348813273,0.5335244037597267,1355
6629,1362.286348813273,0.5335244037597267,1355
6630,1362.286348813273,0.5335244037597267,1355
6631,1362.286348813273,0.5335244037597267,1355
6632,1362.286348813273,0.5335244037597267,1355
6633,1362.286348813273,0.5335244037597267,1355
6634,1362.286348813273,0.5335244037597267,1355
6635,1362.286348813273,0.5335244037597267,1355
6636,1362.286348813273,0.5335244037597267,1355
6637,1362.286348813273,0.5335244037597267,1355
6638,1362.286348813273,0.5335244037597267,1355
6639,1362.286348813273,0.5335244037597267,1355
6640,1362.286348813273,0.5335244037597267,1355
6641,1362.286348813273,0.5335244037597267,1355
6642,1362.286348813273,0.5335244037597267,1355
6643,1362.286348813273,0.5335244037597267,1355
6644,1359.285150490425,0.5336011209715087,1352
6645,1359.285150490425,0.5336011209715087,1352
6646,1359.285150490425,0.5336011209715087,1352
6647,1359.285150490425,0.5336011209715087,1352
6648,1359.285150490425,0.5336011209715087,1352
6649,1359.285150490425,0.5336011209715087,1352
6650,1359.285150490425,0.5336011209715087,1352
6651,1359.285150490425,0.5336011209715087,1352
6652,1359.285150490425,0.5336011209715087,1352
6653,1359.285150490425,0.5336011209715087,1352
6654,1359.285150490425,0.5336011209715087,1352
6655,1359.285150490425,0.5336011209715087,1352
6656,1359.285150490425,0.5336011209715087,1352
6657,1359.285150490425,0.5336011209715087,1352
6658,1359.285150490425,0.5336011209715087,1352
6659,1359.285150490425,0.5336011209715087,1352
6660,1354.3201152744334,0.5313626584869711,1347
6661,1354.3201152744334,0.5313626584869711,1347
6662,1354.3201152744334,0.5313626584869711,1347
6663,1354.3201152744334,0.5313626584869711,1347
6664,1354.3201152744334,0.5313626584869711,1347
6665,1354.3201152744334,0.5313626584869711,1347
6666,1354.3201152744334,0.5313626584869711,1347
6667,1354.3201152744334,0.5313626584869711,1347
6668,1354.3201152744334,0.5313626584869711,1347
6669,1354.3201152744334,0.5313626584869711,1347
6670,1354.3201152744334,0.5313626584869711,1347
6671,1354.3201152744334,0.5313626584869711,1347
6672,1354.3201152744334,0.5313626584869711,1347
6673,1354.3201152744334,0.5313626584869711,1347
6674,1354.3201152744334,0.5313626584869711,1347
6675,1354.3201152744334,0.5313626584869711,1347
6676,1354.3201152744334,0.5313626584869711,1347
6677,1354.3201152744334,0.5313626584869711,1347
6678,1354.3201152744334,0.5313626584869711,1347
6679,1354.3201152744334,0.5313626584869711,1347
6680,1354.3201152744334,0.5313626584869711,1347
6681,1354.3201152744334,0.5313626584869711,1347
6682,1354.3201152744334,0.5313626584869711,1347
6683,1354.3201152744334,0.5313626584869711,1347
6684,1354.3201152744334,0.5313626584869711,1347
6685,1354.3201152744334,0.5313626584869711,1347
6686,1354.3201152744334,0.5313626584869711,1347
6687,1354.3201152744334,0.5313626584869711,1347
6688,1354.3201152744334,0.5313626584869711,1347
6689,1354.3201152744334,0.5313626584869711,1347
6690,1354.3201152744334,0.5313626584869711,1347
6691,1354.3201152744334,0.5313626584869711,1347
6692,1354.3201152744334,0.5313626584869711,1347
6693,1354.3201152744334,0.5313626584869711,1347
6694,1354.3201152744334,0.5313626584869711,1347
6695,1354.3201152744334,0.5313626584869711,1347
6696,1354.3201152744334,0.5313626584869711,1347
6697,1354.3201152744334,0.5313626584869711,1347
6698,1354.3201152744334,0.5313626584869711,1347
6699,1349.3182362794387,0.5314829526607732,1342
6700,1349.3182362794387,0.5314829526607732,1342
6701,1349.3182362794387,0.5314829526607732,1342
6702,1349.3182362794387,0.5314829526607732,1342
6703,1349.3182362794387,0.5314829526607732,1342
6704,1349.3182362794387,0.5314829526607732,1342
6705,1349.3182362794387,0.5314829526607732,1342
6706,1349.3182362794387,0.5314829526607732,1342
6707,1349.3182362794387,0.5314829526607732,1342
6708,1349.3182362794387,0.5314829526607732,1342
6709,1349.3182362794387,0.5314829526607732,1342
6710,1349.3182362794387,0.5314829526607732,1342
6711,1349.3182362794387,0.5314829526607732,1342
6712,1354.3201152744334,0.5313626584869711,1347
6713,1354.3201152744334,0.5313626584869711,1347
6714,1371.9933088871276,0.5522849624118096,1365
6715,1370.0922586456284,0.5459501507280142,1363
6716,1370.0922586456284,0.5459501507280142,1363
6717,1370.0922586456284,0.5459501507280142,1363
6718,1370.0922586456284,0.5459501507280142,1363
6719,1370.0922586456284,0.5459501507280142,1363
6720,1370.0922586456284,0.5459501507280142,1363
6721,1370.0922586456284,0.5459501507280142,1363
6722,1370.0922586456284,0.5459501507280142,1363
6723,1370.0922586456284,0.5459501507280142,1363
6724,1370.0922586456284,0.5459501507280142,1363
6725,1370.0922586456284,0.5459501507280142,1363
6726,1370.0922586456284,0.5459501507280142,1363
6727,1379.9732744056678,0.5535675796627609,1373
6728,1379.9732744056678,0.5535675796627609,1373
6729,1379.9732744056678,0.5535675796627609,1373
6730,1379.9732744056678,0.5535675796627609,1373
6731,1379.9732744056678,0.5535675796627609,1373
6732,1379.9732744056678,0.5535675796627609,1373
6733,1379.9732744056678,0.5535675796627609,1373
6734,1379.9732744056678,0.5535675796627609,1373
6735,1379.9732744056678,0.5535675796627609,1373
6736,1379.9732744056678,0.5535675796627609,1373
6737,1379.9732744056678,0.5535675796627609,1373
6738,1379.9732744056678,0.5535675796627609,1373
6739,1370.0922586456284,0.5459501507280142,1363
6740,1370.0922586456284,0.5459501507280142,1363
6741,1370.0922586456284,0.5459501507280142,1363
6742,1370.0922586456284,0.5459501507280142,1363
6743,1370.0922586456284,0.5459501507280142,1363
6744,1370.0922586456284,0.5459501507280142,1363
6745,1370.0922586456284,0.5459501507280142,1363
6746,1370.0922586456284,0.5459501507280142,1363
6747,1370.0922586456284,0.5459501507280142,1363
6748,1370.0922586456284,0.5459501507280142,1363
6749,1373.290696288337,0.5332460762908517,1366
6750,1381.0611115406718,0.5479442035421347,1374
6751,1381.0611115406718,0.5479442035421347,1374
6752,1381.0611115406718,0.5479442035421347,1374
6753,1381.0611115406718,0.5479442035421347,1374
6754,1381.0611115406718,0.5479442035421347,1374
6755,1381.0611115406718,0.5479442035421347,1374
6756,1381.0611115406718,0.5479442035421347,1374
6757,1381.0611115406718,0.5479442035421347,1374
6758,1381.0611115406718,0.5479442035421347,1374
6759,1381.0611115406718,0.5479442035421347,1374
6760,1381.0611115406718,0.5479442035421347,1374
6761,1381.0611115406718,0.5479442035421347,1374
6762,1381.0611115406718,0.5479442035421347,1374
6763,1381.0611115406718,0.5479442035421347,1374
6764,1381.0611115406718,0.5479442035421347,1374
6765,1381.0611115406718,0.5479442035421347,1374
6766,1381.0611115406718,0.5479442035421347,1374
6767,1381.0611115406718,0.5479442035421347,1374
6768,1381.0611115406718,0.5479442035421347,1374
6769,1381.0611115406718,0.5479442035421347,1374
6770,1381.0611115406718,0.5479442035421347,1374
6771,1381.0611115406718,0.5479442035421347,1374
6772,1381.0611115406718,0.5479442035421347,1374
6773,1381.0611115406718,0.5479442035421347,1374
6774,1381.0611115406718,0.5479442035421347,1374
6775,1381.0611115406718,0.5479442035421347,1374
6776,1381.0611115406718,0.5479442035421347,1374
6777,1381.0611115406718,0.5479442035421347,1374
6778,1381.0611115406718,0.5479442035421347,1374
6779,1381.0611115406718,0.5479442035421347,1374
6780,1381.0611115406718,0.5479442035421347,1374
6781,1381.0611115406718,0.5479442035421347,1374
6782,1381.0611115406718,0.5479442035421347,1374
6783,1381.0611115406718,0.5479442035421347,1374
6784,1356.0844966882287,0.5464470750173711,1349
6785,1356.0844966882287,0.5464470750173711,1349
6786,1356.0844966882287,0.5464470750173711,1349
6787,1356.0844966882287,0.5464470750173711,1349
6788,1356.0844966882287,0.5464470750173711,1349
6789,1356.0844966882287,0.5464470750173711,1349
6790,1356.0844966882287,0.5464470750173711,1349
6791,1356.0844966882287,0.5464470750173711,1349
6792,1356.0844966882287,0.5464470750173711,1349
6793,1356.0844966882287,0.5464470750173711,1349
6794,1356.0844966882287,0.5464470750173711,1349
6795,1356.0844966882287,0.5464470750173711,1349
6796,1356.0844966882287,0.5464470750173711,1349
6797,1356.0844966882287,0.5464470750173711,1349
6798,1356.0844966882287,0.5464470750173711,1349
6799,1356.0844966882287,0.5464470750173711,1349
6800,1356.0844966882287,0.5464470750173711,1349
6801,1356.0844966882287,0.5464470750173711,1349
6802,1356.0844966882287,0.5464470750173711,1349
6803,1356.0844966882287,0.5464470750173711,1349
6804,1356.0844966882287,0.5464470750173711,1349
6805,1356.0844966882287,0.5464470750173711,1349
6806,1356.0844966882287,0.5464470750173711,1349
6807,1356.0844966882287,0.5464470750173711,1349
6808,1356.0844966882287,0.5464470750173711,1349
6809,1356.0844966882287,0.5464470750173711,1349
6810,1356.0844966882287,0.5464470750173711,1349
6811,1356.0844966882287,0.5464470750173711,1349
6812,1356.0844966882287,0.5464470750173711,1349
6813,1356.0844966882287,0.5464470750173711,1349
6814,1356.0844966882287,0.5464470750173711,1349
6815,1356.0844966882287,0.5464470750173711,1349
6816,1356.0844966882287,0.5464470750173711,1349
6817,1356.0844966882287,0.5464470750173711,1349
6818,1356.0844966882287,0.5464470750173711,1349
6819,1356.0844966882287,0.5464470750173711,1349
6820,1356.0844966882287,0.5464470750173711,1349
6821,1356.0844966882287,0.5464470750173711,1349
6822,1356.0844966882287,0.5464470750173711,1349
6823,1365.0895056159545,0.5461264010272423,1358
6824,1365.0895056159545,0.5461264010272423,1358
6825,1365.0895056159545,0.5461264010272423,1358
6826,1365.0895056159545,0.5461264010272423,1358
6827,1365.0895056159545,0.5461264010272423,1358
6828,1365.0895056159545,0.5461264010272423,1358
6829,1365.0895056159545,0.5461264010272423,1358
6830,1365.0895056159545,0.5461264010272423,1358
6831,1365.0895056159545,0.5461264010272423,1358
6832,1365.0895056159545,0.5461264010272423,1358
6833,1365.0895056159545,0.5461264010272423,1358
6834,1365.0895056159545,0.5461264010272423,1358
6835,1365.0895056159545,0.5461264010272423,1358
6836,1365.0895056159545,0.5461264010272423,1358
6837,1365.0895056159545,0.5461264010272423,1358
6838,1365.0895056159545,0.5461264010272423,1358
6839,1365.0895056159545,0.5461264010272423,1358
6840,1365.0895056159545,0.5461264010272423,1358
6841,1365.0895056159545,0.5461264010272423,1358
6842,1365.0895056159545,0.5461264010272423,1358
6843,1365.0895056159545,0.5461264010272423,1358
6844,1365.0895056159545,0.5461264010272423,1358
6845,1365.0895056159545,0.5461264010272423,1358
6846,1374.9700699294078,0.5537727317920772,1368
6847,1372.8165129698316,0.5636035230581498,1366
6848,1372.8165129698316,0.5636035230581498,1366
6849,1372.8165129698316,0.5636035230581498,1366
6850,1372.8165129698316,0.5636035230581498,1366
6851,1365.989534220265,0.5525266184209345,1359
6852,1364.6024162473923,0.5773100993986993,1358
6853,1364.6024162473923,0.5773100993986993,1358
6854,1356.4886292799717,0.5845947964166665,1350
6855,1353.5255098915698,0.5822336817176835,1347
6856,1353.5255098915698,0.5822336817176835,1347
6857,1353.5255098915698,0.5822336817176835,1347
6858,1353.5255098915698,0.5822336817176835,1347
6859,1311.0583722897284,0.5481195717203392,1304
6860,1311.0583722897284,0.5481195717203392,1304
6861,1311.0583722897284,0.5481195717203392,1304
6862,1311.0583722897284,0.5481195717203392,1304
6863,1311.0583722897284,0.5481195717203392,1304
6864,1311.0583722897284,0.5481195717203392,1304
6865,1311.0583722897284,0.5481195717203392,1304
6866,1311.0583722897284,0.5481195717203392,1304
6867,1311.0583722897284,0.5481195717203392,1304
6868,1311.0583722897284,0.5481195717203392,1304
6869,1311.0583722897284,0.5481195717203392,1304
6870,1311.0583722897284,0.5481195717203392,1304
6871,1311.0583722897284,0.5481195717203392,1304
6872,1311.0583722897284,0.5481195717203392,1304
6873,1311.0583722897284,0.5481195717203392,1304
6874,1311.0583722897284,0.5481195717203392,1304
6875,1311.0583722897284,0.5481195717203392,1304
6876,1311.0583722897284,0.5481195717203392,1304
6877,1311.0583722897284,0.5481195717203392,1304
6878,1311.0583722897284,0.5481195717203392,1304
6879,1311.0583722897284,0.5481195717203392,1304
6880,1311.0583722897284,0.5481195717203392,1304
6881,1311.0583722897284,0.5481195717203392,1304
6882,1311.0583722897284,0.5481195717203392,1304
6883,1311.0583722897284,0.5481195717203392,1304
6884,1311.0583722897284,0.5481195717203392,1304
6885,1311.0583722897284,0.5481195717203392,1304
6886,1311.0583722897284,0.5481195717203392,1304
6887,1311.0583722897284,0.5481195717203392,1304
6888,1311.0583722897284,0.5481195717203392,1304
6889,1311.0583722897284,0.5481195717203392,1304
6890,1311.0583722897284,0.5481195717203392,1304
6891,1311.0583722897284,0.5481195717203392,1304
6892,1311.0583722897284,0.5481195717203392,1304
6893,1311.0583722897284,0.5481195717203392,1304
6894,1311.0583722897284,0.5481195717203392,1304
6895,1311.0583722897284,0.5481195717203392,1304
6896,1311.0583722897284,0.5481195717203392,1304
6897,1311.0583722897284,0.5481195717203392,1304
6898,1311.0583722897284,0.5481195717203392,1304
6899,1311.0583722897284,0.5481195717203392,1304
6900,1311.0583722897284,0.5481195717203392,1304
6901,1311.0583722897284,0.5481195717203392,1304
6902,1311.0583722897284,0.5481195717203392,1304
6903,1311.0583722897284,0.5481195717203392,1304
6904,1311.0583722897284,0.5481195717203392,1304
6905,1311.0583722897284,0.5481195717203392,1304
6906,1311.0583722897284,0.5481195717203392,1304
6907,1311.0583722897284,0.5481195717203392,1304
6908,1311.0583722897284,0.5481195717203392,1304
6909,1311.0583722897284,0.5481195717203392,1304
6910,1315.060770224149,0.5479660547919933,1308
6911,1315.060770224149,0.5479660547919933,1308
6912,1315.060770224149,0.5479660547919933,1308
6913,1315.060770224149,0.5479660547919933,1308
6914,1315.060770224149,0.5479660547919933,1308
6915,1315.060770224149,0.5479660547919933,1308
6916,1315.060770224149,0.5479660547919933,1308
6917,1315.060770224149,0.5479660547919933,1308
6918,1315.060770224149,0.5479660547919933,1308
6919,1315.060770224149,0.5479660547919933,1308
6920,1315.060770224149,0.5479660547919933,1308
6921,1315.060770224149,0.5479660547919933,1308
6922,1315.060770224149,0.5479660547919933,1308
6923,1315.060770224149,0.5479660547919933,1308
6924,1300.0516983126724,0.5485468429787209,1293
6925,1300.0516983126724,0.5485468429787209,1293
6926,1300.0516983126724,0.5485468429787209,1293
6927,1300.0516983126724,0.5485468429787209,1293
6928,1300.0516983126724,0.5485468429787209,1293
6929,1300.0516983126724,0.5485468429787209,1293
6930,1300.0516983126724,0.5485468429787209,1293
6931,1300.0516983126724,0.5485468429787209,1293
6932,1300.0516983126724,0.5485468429787209,1293
6933,1300.0516983126724,0.5485468429787209,1293
6934,1300.0516983126724,0.5485468429787209,1293
6935,1300.0516983126724,0.5485468429787209,1293
6936,1300.0516983126724,0.5485468429787209,1293
6937,1300.0516983126724,0.5485468429787209,1293
6938,1300.0516983126724,0.5485468429787209,1293
6939,1300.0516983126724,0.5485468429787209,1293
6940,1300.0516983126724,0.5485468429787209,1293
6941,1300.0516983126724,0.5485468429787209,1293
6942,1300.0516983126724,0.5485468429787209,1293
6943,1300.0516983126724,0.5485468429787209,1293
6944,1300.0516983126724,0.5485468429787209,1293
6945,1300.0516983126724,0.5485468429787209,1293
6946,1300.0516983126724,0.5485468429787209,1293
6947,1300.0516983126724,0.5485468429787209,1293
6948,1300.0516983126724,0.5485468429787209,1293
6949,1302.2612942894323,0.5351284065664415,1295
6950,1302.2612942894323,0.5351284065664415,1295
6951,1302.2612942894323,0.5351284065664415,1295
6952,1302.2612942894323,0.5351284065664415,1295
6953,1302.2612942894323,0.5351284065664415,1295
6954,1302.2612942894323,0.5351284065664415,1295
6955,1302.2612942894323,0.5351284065664415,1295
6956,1302.2612942894323,0.5351284065664415,1295
6957,1302.2612942894323,0.5351284065664415,1295
6958,1302.2612942894323,0.5351284065664415,1295
6959,1302.2612942894323,0.5351284065664415,1295
6960,1302.2612942894323,0.5351284065664415,1295
6961,1302.2612942894323,0.5351284065664415,1295
6962,1302.2612942894323,0.5351284065664415,1295
6963,1302.2612942894323,0.5351284065664415,1295
6964,1302.2612942894323,0.5351284065664415,1295
6965,1302.2612942894323,0.5351284065664415,1295
6966,1302.2612942894323,0.5351284065664415,1295
6967,1302.2612942894323,0.5351284065664415,1295
6968,1302.2612942894323,0.5351284065664415,1295
6969,1302.2612942894323,0.5351284065664415,1295
6970,1302.2612942894323,0.5351284065664415,1295
6971,1302.2612942894323,0.5351284065664415,1295
6972,1302.2612942894323,0.5351284065664415,1295
6973,1302.2612942894323,0.5351284065664415,1295
6974,1302.2612942894323,0.5351284065664415,1295
6975,1302.2612942894323,0.5351284065664415,1295
6976,1302.2612942894323,0.5351284065664415,1295
6977,1302.2612942894323,0.5351284065664415,1295
6978,1302.2612942894323,0.5351284065664415,1295
6979,1302.2612942894323,0.5351284065664415,1295
6980,1302.2612942894323,0.5351284065664415,1295
6981,1302.2612942894323,0.5351284065664415,1295
6982,1302.2612942894323,0.5351284065664415,1295
6983,1302.2612942894323,0.5351284065664415,1295
6984,1302.2612942894323,0.5351284065664415,1295
6985,1302.2612942894323,0.5351284065664415,1295
6986,1302.2612942894323,0.5351284065664415,1295
6987,1313.2660653212758,0.534822962786439,1306
6988,1313.2660653212758,0.534822962786439,1306
6989,1313.2660653212758,0.534822962786439,1306
6990,1313.2660653212758,0.534822962786439,1306
6991,1313.2660653212758,0.534822962786439,1306
6992,1313.2660653212758,0.534822962786439,1306
6993,1313.2660653212758,0.534822962786439,1306
6994,1313.2660653212758,0.534822962786439,1306
6995,1313.2660653212758,0.534822962786439,1306
6996,1313.2660653212758,0.534822962786439,1306
6997,1313.2660653212758,0.534822962786439,1306
6998,1313.2660653212758,0.534822962786439,1306
6999,1313.2660653212758,0.534822962786439,1306
7000,1318.268206685436,0.5346858716110066,1311
7001,1318.268206685436,0.5346858716110066,1311
7002,1318.268206685436,0.5346858716110066,1311
7003,1318.268206685436,0.5346858716110066,1311
7004,1318.268206685436,0.5346858716110066,1311
7005,1318.268206685436,0.5346858716110066,1311
7006,1318.268206685436,0.5346858716110066,1311
7007,1318.268206685436,0.5346858716110066,1311
7008,1318.268206685436,0.5346858716110066,1311
7009,1318.268206685436,0.5346858716110066,1311
7010,1318.268206685436,0.5346858716110066,1311
7011,1318.268206685436,0.5346858716110066,1311
7012,1318.268206685436,0.5346858716110066,1311
7013,1318.268206685436,0.5346858716110066,1311
7014,1318.268206685436,0.5346858716110066,1311
7015,1318.268206685436,0.5346858716110066,1311
7016,1318.268206685436,0.5346858716110066,1311
7017,1318.268206685436,0.5346858716110066,1311
7018,1318.268206685436,0.5346858716110066,1311
7019,1318.268206685436,0.5346858716110066,1311
7020,1318.268206685436,0.5346858716110066,1311
7021,1318.268206685436,0.5346858716110066,1311
7022,1318.268206685436,0.5346858716110066,1311
7023,1318.268206685436,0.5346858716110066,1311
7024,1318.268206685436,0.5346858716110066,1311
7025,1318.268206685436,0.5346858716110066,1311
7026,1318.268206685436,0.5346858716110066,1311
7027,1318.268206685436,0.5346858716110066,1311
7028,1318.268206685436,0.5346858716110066,1311
7029,1318.268206685436,0.5346858716110066,1311
7030,1318.268206685436,0.5346858716110066,1311
7031,1318.268206685436,0.5346858716110066,1311
7032,1322.2699076900437,0.5345769724683855,1315
7033,1322.2699076900437,0.5345769724683855,1315
7034,1322.2699076900437,0.5345769724683855,1315
7035,1322.2699076900437,0.5345769724683855,1315
7036,1322.2699076900437,0.5345769724683855,1315
7037,1322.2699076900437,0.5345769724683855,1315
7038,1322.2699076900437,0.5345769724683855,1315
7039,1322.2699076900437,0.5345769724683855,1315
7040,1322.2699076900437,0.5345769724683855,1315
7041,1322.2699076900437,0.5345769724683855,1315
7042,1322.2699076900437,0.5345769724683855,1315
7043,1322.2699076900437,0.5345769724683855,1315
7044,1322.2699076900437,0.5345769724683855,1315
7045,1322.2699076900437,0.5345769724683855,1315
7046,1322.2699076900437,0.5345769724683855,1315
7047,1322.2699076900437,0.5345769724683855,1315
7048,1322.2699076900437,0.5345769724683855,1315
7049,1322.2699076900437,0.5345769724683855,1315
7050,1322.2699076900437,0.5345769724683855,1315
7051,1322.2699076900437,0.5345769724683855,1315
7052,1322.2699076900437,0.5345769724683855,1315
7053,1322.2699076900437,0.5345769724683855,1315
7054,1322.2699076900437,0.5345769724683855,1315
7055,1322.2699076900437,0.5345769724683855,1315
7056,1322.2699076900437,0.5345769724683855,1315
7057,1322.2699076900437,0.5345769724683855,1315
7058,1322.2699076900437,0.5345769724683855,1315
7059,1321.2694834398044,0.5346041331751336,1314
7060,1321.2694834398044,0.5346041331751336,1314
7061,1321.2694834398044,0.5346041331751336,1314
7062,1321.2694834398044,0.5346041331751336,1314
7063,1321.2694834398044,0.5346041331751336,1314
7064,1321.2694834398044,0.5346041331751336,1314
7065,1321.2694834398044,0.5346041331751336,1314
7066,1321.2694834398044,0.5346041331751336,1314
7067,1321.2694834398044,0.5346041331751336,1314
7068,1321.2694834398044,0.5346041331751336,1314
7069,1321.2694834398044,0.5346041331751336,1314
7070,1321.2694834398044,0.5346041331751336,1314
7071,1335.072534503644,0.5472128998947515,1328
7072,1335.072534503644,0.5472128998947515,1328
7073,1335.072534503644,0.5472128998947515,1328
7074,1335.072534503644,0.5472128998947515,1328
7075,1335.072534503644,0.5472128998947515,1328
7076,1335.072534503644,0.5472128998947515,1328
7077,1335.072534503644,0.5472128998947515,1328
7078,1335.072534503644,0.5472128998947515,1328
7079,1335.072534503644,0.5472128998947515,1328
7080,1335.072534503644,0.5472128998947515,1328
7081,1335.072534503644,0.5472128998947515,1328
7082,1335.072534503644,0.5472128998947515,1328
7083,1335.072534503644,0.5472128998947515,1328
7084,1335.072534503644,0.5472128998947515,1328
7085,1335.072534503644,0.5472128998947515,1328
7086,1335.072534503644,0.5472128998947515,1328
7087,1335.072534503644,0.5472128998947515,1328
7088,1335.072534503644,0.5472128998947515,1328
7089,1335.072534503644,0.5472128998947515,1328
7090,1335.072534503644,0.5472128998947515,1328
7091,1335.072534503644,0.5472128998947515,1328
7092,1335.072534503644,0.5472128998947515,1328
7093,1335.2124564014352,0.5382550319183612,1328
7094,1335.2124564014352,0.5382550319183612,1328
7095,1335.2124564014352,0.5382550319183612,1328
7096,1335.2124564014352,0.5382550319183612,1328
7097,1335.2124564014352,0.5382550319183612,1328
7098,1335.2124564014352,0.5382550319183612,1328
7099,1335.2124564014352,0.5382550319183612,1328
7100,1335.2124564014352,0.5382550319183612,1328
7101,1335.2124564014352,0.5382550319183612,1328
7102,1335.2124564014352,0.5382550319183612,1328
7103,1335.2124564014352,0.5382550319183612,1328
7104,1335.2124564014352,0.5382550319183612,1328
7105,1335.2124564014352,0.5382550319183612,1328
7106,1335.2124564014352,0.5382550319183612,1328
7107,1335.2124564014352,0.5382550319183612,1328
7108,1335.2124564014352,0.5382550319183612,1328
7109,1335.2124564014352,0.5382550319183612,1328
7110,1335.2124564014352,0.5382550319183612,1328
7111,1335.2124564014352,0.5382550319183612,1328
7112,1335.2124564014352,0.5382550319183612,1328
7113,1335.2124564014352,0.5382550319183612,1328
7114,1353.2207254141908,0.5377256456984109,1346
7115,1353.2207254141908,0.5377256456984109,1346
7116,1353.2207254141908,0.5377256456984109,1346
7117,1353.2207254141908,0.5377256456984109,1346
7118,1372.229209448196,0.5371824937134462,1365
7119,1372.229209448196,0.5371824937134462,1365
7120,1372.229209448196,0.5371824937134462,1365
7121,1372.229209448196,0.5371824937134462,1365
7122,1372.229209448196,0.5371824937134462,1365
7123,1372.229209448196,0.5371824937134462,1365
7124,1372.229209448196,0.5371824937134462,1365
7125,1372.229209448196,0.5371824937134462,1365
7126,1372.229209448196,0.5371824937134462,1365
7127,1372.229209448196,0.5371824937134462,1365
7128,1372.229209448196,0.5371824937134462,1365
7129,1369.2278861194297,0.5372672138649305,1362
7130,1369.2278861194297,0.5372672138649305,1362
7131,1369.2278861194297,0.5372672138649305,1362
7132,1369.2278861194297,0.5372672138649305,1362
7133,1369.2278861194297,0.5372672138649305,1362
7134,1369.2278861194297,0.5372672138649305,1362
7135,1369.2278861194297,0.5372672138649305,1362
7136,1369.2278861194297,0.5372672138649305,1362
7137,1369.2278861194297,0.5372672138649305,1362
7138,1369.2278861194297,0.5372672138649305,1362
7139,1369.2278861194297,0.5372672138649305,1362
7140,1369.2278861194297,0.5372672138649305,1362
7141,1369.2278861194297,0.5372672138649305,1362
7142,1369.2278861194297,0.5372672138649305,1362
7143,1369.2278861194297,0.5372672138649305,1362
7144,1369.2278861194297,0.5372672138649305,1362
7145,1369.2278861194297,0.5372672138649305,1362
7146,1369.2278861194297,0.5372672138649305,1362
7147,1369.2278861194297,0.5372672138649305,1362
7148,1369.2278861194297,0.5372672138649305,1362
7149,1369.2278861194297,0.5372672138649305,1362
7150,1369.2278861194297,0.5372672138649305,1362
7151,1369.2278861194297,0.5372672138649305,1362
7152,1369.2278861194297,0.5372672138649305,1362
7153,1369.2278861194297,0.5372672138649305,1362
7154,1369.2278861194297,0.5372672138649305,1362
7155,1369.2278861194297,0.5372672138649305,1362
7156,1369.2278861194297,0.5372672138649305,1362
7157,1369.2278861194297,0.5372672138649305,1362
7158,1369.2278861194297,0.5372672138649305,1362
7159,1369.2278861194297,0.5372672138649305,1362
7160,1369.2278861194297,0.5372672138649305,1362
7161,1369.2278861194297,0.5372672138649305,1362
7162,1363.2252213135357,0.5374378160348405,1356
7163,1363.2252213135357,0.5374378160348405,1356
7164,1363.2252213135357,0.5374378160348405,1356
7165,1336.212921865601,0.5382252326759918,1329
7166,1336.212921865601,0.5382252326759918,1329
7167,1336.212921865601,0.5382252326759918,1329
7168,1336.212921865601,0.5382252326759918,1329
7169,1336.212921865601,0.5382252326759918,1329
7170,1336.212921865601,0.5382252326759918,1329
7171,1336.212921865601,0.5382252326759918,1329
7172,1336.212921865601,0.5382252326759918,1329
7173,1336.212921865601,0.5382252326759918,1329
7174,1336.212921865601,0.5382252326759918,1329
7175,1336.212921865601,0.5382252326759918,1329
7176,1336.212921865601,0.5382252326759918,1329
7177,1336.212921865601,0.5382252326759918,1329
7178,1336.212921865601,0.5382252326759918,1329
7179,1336.212921865601,0.5382252326759918,1329
7180,1336.212921865601,0.5382252326759918,1329
7181,1336.212921865601,0.5382252326759918,1329
7182,1336.212921865601,0.5382252326759918,1329
7183,1336.212921865601,0.5382252326759918,1329
7184,1336.212921865601,0.5382252326759918,1329
7185,1336.212921865601,0.5382252326759918,1329
7186,1323.2068137762876,0.5386162755257543,1316
7187,1323.2068137762876,0.5386162755257543,1316
7188,1323.2068137762876,0.5386162755257543,1316
7189,1323.2068137762876,0.5386162755257543,1316
7190,1323.2068137762876,0.5386162755257543,1316
7191,1323.2068137762876,0.5386162755257543,1316
7192,1323.2068137762876,0.5386162755257543,1316
7193,1323.2068137762876,0.5386162755257543,1316
7194,1323.2068137762876,0.5386162755257543,1316
7195,1323.2068137762876,0.5386162755257543,1316
7196,1323.2068137762876,0.5386162755257543,1316
7197,1323.2068137762876,0.5386162755257543,1316
7198,1323.2068137762876,0.5386162755257543,1316
7199,1323.2068137762876,0.5386162755257543,1316
7200,1323.2068137762876,0.5386162755257543,1316
7201,1323.2068137762876,0.5386162755257543,1316
7202,1323.2068137762876,0.5386162755257543,1316
7203,1323.2068137762876,0.5386162755257543,1316
7204,1323.2068137762876,0.5386162755257543,1316
7205,1323.2068137762876,0.5386162755257543,1316
7206,1323.2068137762876,0.5386162755257543,1316
7207,1323.2068137762876,0.5386162755257543,1316
7208,1323.2068137762876,0.5386162755257543,1316
7209,1323.2068137762876,0.5386162755257543,1316
7210,1323.2068137762876,0.5386162755257543,1316
7211,1323.2068137762876,0.5386162755257543,1316
7212,1323.2068137762876,0.5386162755257543,1316
7213,1323.2068137762876,0.5386162755257543,1316
7214,1323.2068137762876,0.5386162755257543,1316
7215,1323.2068137762876,0.5386162755257543,1316
7216,1323.2068137762876,0.5386162755257543,1316
7217,1323.2068137762876,0.5386162755257543,1316
7218,1323.2068137762876,0.5386162755257543,1316
7219,1323.2068137762876,0.5386162755257543,1316
7220,1323.2068137762876,0.5386162755257543,1316
7221,1323.2068137762876,0.5386162755257543,1316
7222,1323.2068137762876,0.5386162755257543,1316
7223,1323.2068137762876,0.5386162755257543,1316
7224,1323.2068137762876,0.5386162755257543,1316
7225,1323.2068137762876,0.5386162755257543,1316
7226,1323.2068137762876,0.5386162755257543,1316
7227,1323.2068137762876,0.5386162755257543,1316
7228,1323.2068137762876,0.5386162755257543,1316
7229,1323.2068137762876,0.5386162755257543,1316
7230,1323.2068137762876,0.5386162755257543,1316
7231,1323.2068137762876,0.5386162755257543,1316
7232,1323.2068137762876,0.5386162755257543,1316
7233,1323.2068137762876,0.5386162755257543,1316
7234,1323.2068137762876,0.5386162755257543,1316
7235,1323.2068137762876,0.5386162755257543,1316
7236,1323.2068137762876,0.5386162755257543,1316
7237,1323.2068137762876,0.5386162755257543,1316
7238,1323.2068137762876,0.5386162755257543,1316
7239,1323.2068137762876,0.5386162755257543,1316
7240,1323.2068137762876,0.5386162755257543,1316
7241,1323.2068137762876,0.5386162755257543,1316
7242,1323.2068137762876,0.5386162755257543,1316
7243,1323.2068137762876,0.5386162755257543,1316
7244,1323.2068137762876,0.5386162755257543,1316
7245,1323.2068137762876,0.5386162755257543,1316
7246,1323.2068137762876,0.5386162755257543,1316
7247,1323.2068137762876,0.5386162755257543,1316
7248,1323.2068137762876,0.5386162755257543,1316
7249,1323.2068137762876,0.5386162755257543,1316
7250,1323.2068137762876,0.5386162755257543,1316
7251,1323.2068137762876,0.5386162755257543,1316
7252,1323.2068137762876,0.5386162755257543,1316
7253,1323.2068137762876,0.5386162755257543,1316
7254,1323.2068137762876,0.5386162755257543,1316
7255,1323.2068137762876,0.5386162755257543,1316
7256,1323.2068137762876,0.5386162755257543,1316
7257,1323.2068137762876,0.5386162755257543,1316
7258,1323.2068137762876,0.5386162755257543,1316
7259,1323.2068137762876,0.5386162755257543,1316
7260,1323.2068137762876,0.5386162755257543,1316
7261,1323.2068137762876,0.5386162755257543,1316
7262,1323.2068137762876,0.5386162755257543,1316
7263,1323.2068137762876,0.5386162755257543,1316
7264,1323.2068137762876,0.5386162755257543,1316
7265,1323.2068137762876,0.5386162755257543,1316
7266,1323.2068137762876,0.5386162755257543,1316
7267,1323.2068137762876,0.5386162755257543,1316
7268,1323.2068137762876,0.5386162755257543,1316
7269,1323.2068137762876,0.5386162755257543,1316
7270,1323.2068137762876,0.5386162755257543,1316
7271,1323.2068137762876,0.5386162755257543,1316
7272,1323.2068137762876,0.5386162755257543,1316
7273,1323.2068137762876,0.5386162755257543,1316
7274,1323.2068137762876,0.5386162755257543,1316
7275,1323.2068137762876,0.5386162755257543,1316
7276,1323.2068137762876,0.5386162755257543,1316
7277,1323.2068137762876,0.5386162755257543,1316
7278,1323.2068137762876,0.5386162755257543,1316
7279,1323.2068137762876,0.5386162755257543,1316
7280,1323.2068137762876,0.5386162755257543,1316
7281,1323.2068137762876,0.5386162755257543,1316
7282,1323.2068137762876,0.5386162755257543,1316
7283,1323.2068137762876,0.5386162755257543,1316
7284,1323.2068137762876,0.5386162755257543,1316
7285,1323.2068137762876,0.5386162755257543,1316
7286,1323.2068137762876,0.5386162755257543,1316
7287,1323.2068137762876,0.5386162755257543,1316
7288,1323.2068137762876,0.5386162755257543,1316
7289,1323.2068137762876,0.5386162755257543,1316
7290,1323.2068137762876,0.5386162755257543,1316
7291,1323.2068137762876,0.5386162755257543,1316
7292,1323.2068137762876,0.5386162755257543,1316
7293,1323.2068137762876,0.5386162755257543,1316
7294,1323.2068137762876,0.5386162755257543,1316
7295,1323.2068137762876,0.5386162755257543,1316
7296,1323.2068137762876,0.5386162755257543,1316
7297,1323.2068137762876,0.5386162755257543,1316
7298,1323.2068137762876,0.5386162755257543,1316
7299,1323.2068137762876,0.5386162755257543,1316
7300,1323.2068137762876,0.5386162755257543,1316
7301,1323.2068137762876,0.5386162755257543,1316
7302,1323.2068137762876,0.5386162755257543,1316
7303,1323.2068137762876,0.5386162755257543,1316
7304,1323.2068137762876,0.5386162755257543,1316
7305,1323.2068137762876,0.5386162755257543,1316
7306,1323.2068137762876,0.5386162755257543,1316
7307,1323.2068137762876,0.5386162755257543,1316
7308,1323.2068137762876,0.5386162755257543,1316
7309,1323.2068137762876,0.5386162755257543,1316
7310,1323.2068137762876,0.5386162755257543,1316
7311,1323.2068137762876,0.5386162755257543,1316
7312,1323.2068137762876,0.5386162755257543,1316
7313,1323.2068137762876,0.5386162755257543,1316
7314,1323.2068137762876,0.5386162755257543,1316
7315,1323.2068137762876,0.5386162755257543,1316
7316,1323.2068137762876,0.5386162755257543,1316
7317,1323.2068137762876,0.5386162755257543,1316
7318,1323.2068137762876,0.5386162755257543,1316
7319,1323.2068137762876,0.5386162755257543,1316
7320,1323.2068137762876,0.5386162755257543,1316
7321,1323.2068137762876,0.5386162755257543,1316
7322,1323.2068137762876,0.5386162755257543,1316
7323,1323.2068137762876,0.5386162755257543,1316
7324,1323.2068137762876,0.5386162755257543,1316
7325,1323.2068137762876,0.5386162755257543,1316
7326,1323.2068137762876,0.5386162755257543,1316
7327,1323.2068137762876,0.5386162755257543,1316
7328,1323.2068137762876,0.5386162755257543,1316
7329,1323.2068137762876,0.5386162755257543,1316
7330,1323.2068137762876,0.5386162755257543,1316
7331,1323.2068137762876,0.5386162755257543,1316
7332,1323.2068137762876,0.5386162755257543,1316
7333,1323.2068137762876,0.5386162755257543,1316
7334,1323.2068137762876,0.5386162755257543,1316
7335,1323.2068137762876,0.5386162755257543,1316
7336,1323.2068137762876,0.5386162755257543,1316
7337,1323.2068137762876,0.5386162755257543,1316
7338,1323.2068137762876,0.5386162755257543,1316
7339,1323.2068137762876,0.5386162755257543,1316
7340,1323.2068137762876,0.5386162755257543,1316
7341,1323.2068137762876,0.5386162755257543,1316
7342,1323.2068137762876,0.5386162755257543,1316
7343,1323.2068137762876,0.5386162755257543,1316
7344,1323.2068137762876,0.5386162755257543,1316
7345,1323.2068137762876,0.5386162755257543,1316
7346,1323.2068137762876,0.5386162755257543,1316
7347,1323.2068137762876,0.5386162755257543,1316
7348,1323.2068137762876,0.5386162755257543,1316
7349,1323.2068137762876,0.5386162755257543,1316
7350,1323.2068137762876,0.5386162755257543,1316
7351,1323.2068137762876,0.5386162755257543,1316
7352,1323.2068137762876,0.5386162755257543,1316
7353,1323.2068137762876,0.5386162755257543,1316
7354,1323.2068137762876,0.5386162755257543,1316
7355,1323.2068137762876,0.5386162755257543,1316
7356,1323.2068137762876,0.5386162755257543,1316
7357,1323.2068137762876,0.5386162755257543,1316
7358,1323.2068137762876,0.5386162755257543,1316
7359,1323.2068137762876,0.5386162755257543,1316
7360,1323.2068137762876,0.5386162755257543,1316
7361,1323.2068137762876,0.5386162755257543,1316
7362,1323.2068137762876,0.5386162755257543,1316
7363,1323.2068137762876,0.5386162755257543,1316
7364,1323.2068137762876,0.5386162755257543,1316
7365,1323.2068137762876,0.5386162755257543,1316
7366,1323.2068137762876,0.5386162755257543,1316
7367,1323.2068137762876,0.5386162755257543,1316
7368,1323.2068137762876,0.5386162755257543,1316
7369,1323.2068137762876,0.5386162755257543,1316
7370,1323.2068137762876,0.5386162755257543,1316
7371,1323.2068137762876,0.5386162755257543,1316
7372,1323.2068137762876,0.5386162755257543,1316
7373,1323.2068137762876,0.5386162755257543,1316
7374,1323.2068137762876,0.5386162755257543,1316
7375,1323.2068137762876,0.5386162755257543,1316
7376,1323.2068137762876,0.5386162755257543,1316
7377,1323.2068137762876,0.5386162755257543,1316
7378,1323.2068137762876,0.5386162755257543,1316
7379,1323.2068137762876,0.5386162755257543,1316
7380,1323.2068137762876,0.5386162755257543,1316
7381,1323.2068137762876,0.5386162755257543,1316
7382,1323.2068137762876,0.5386162755257543,1316
7383,1323.2068137762876,0.5386162755257543,1316
7384,1323.2068137762876,0.5386162755257543,1316
7385,1323.2068137762876,0.5386162755257543,1316
7386,1323.2068137762876,0.5386162755257543,1316
7387,1323.2068137762876,0.5386162755257543,1316
7388,1323.2068137762876,0.5386162755257543,1316
7389,1323.2068137762876,0.5386162755257543,1316
7390,1323.2068137762876,0.5386162755257543,1316
7391,1323.2068137762876,0.5386162755257543,1316
7392,1323.2068137762876,0.5386162755257543,1316
7393,1323.2068137762876,0.5386162755257543,1316
7394,1323.2068137762876,0.5386162755257543,1316
7395,1323.2068137762876,0.5386162755257543,1316
7396,1323.2068137762876,0.5386162755257543,1316
7397,1323.2068137762876,0.5386162755257543,1316
7398,1323.2068137762876,0.5386162755257543,1316
7399,1323.2068137762876,0.5386162755257543,1316
7400,1323.2068137762876,0.5386162755257543,1316
7401,1323.2068137762876,0.5386162755257543,1316
7402,1323.2068137762876,0.5386162755257543,1316
7403,1323.2068137762876,0.5386162755257543,1316
7404,1323.2068137762876,0.5386162755257543,1316
7405,1323.2068137762876,0.5386162755257543,1316
7406,1323.2068137762876,0.5386162755257543,1316
7407,1323.2068137762876,0.5386162755257543,1316
7408,1323.2068137762876,0.5386162755257543,1316
7409,1323.2068137762876,0.5386162755257543,1316
7410,1323.2068137762876,0.5386162755257543,1316
7411,1323.2068137762876,0.5386162755257543,1316
7412,1323.2068137762876,0.5386162755257543,1316
7413,1323.2068137762876,0.5386162755257543,1316
7414,1323.2068137762876,0.5386162755257543,1316
7415,1323.2068137762876,0.5386162755257543,1316
7416,1323.2068137762876,0.5386162755257543,1316
7417,1323.2068137762876,0.5386162755257543,1316
7418,1323.2068137762876,0.5386162755257543,1316
7419,1323.2068137762876,0.5386162755257543,1316
7420,1323.2068137762876,0.5386162755257543,1316
7421,1323.2068137762876,0.5386162755257543,1316
7422,1323.2068137762876,0.5386162755257543,1316
7423,1323.2068137762876,0.5386162755257543,1316
7424,1323.2068137762876,0.5386162755257543,1316
7425,1323.2068137762876,0.5386162755257543,1316
7426,1323.2068137762876,0.5386162755257543,1316
7427,1323.2068137762876,0.5386162755257543,1316
7428,1323.2068137762876,0.5386162755257543,1316
7429,1323.2068137762876,0.5386162755257543,1316
7430,1323.2068137762876,0.5386162755257543,1316
7431,1323.2068137762876,0.5386162755257543,1316
7432,1323.2068137762876,0.5386162755257543,1316
7433,1323.2068137762876,0.5386162755257543,1316
7434,1323.2068137762876,0.5386162755257543,1316
7435,1323.2068137762876,0.5386162755257543,1316
7436,1323.2068137762876,0.5386162755257543,1316
7437,1323.2068137762876,0.5386162755257543,1316
7438,1323.2068137762876,0.5386162755257543,1316
7439,1323.2068137762876,0.5386162755257543,1316
7440,1323.2068137762876,0.5386162755257543,1316
7441,1323.2068137762876,0.5386162755257543,1316
7442,1323.2068137762876,0.5386162755257543,1316
7443,1323.2068137762876,0.5386162755257543,1316
7444,1323.2068137762876,0.5386162755257543,1316
7445,1323.2068137762876,0.5386162755257543,1316
7446,1323.2068137762876,0.5386162755257543,1316
7447,1323.2068137762876,0.5386162755257543,1316
7448,1323.2068137762876,0.5386162755257543,1316
7449,1323.2068137762876,0.5386162755257543,1316
7450,1323.2068137762876,0.5386162755257543,1316
7451,1323.2068137762876,0.5386162755257543,1316
7452,1323.2068137762876,0.5386162755257543,1316
7453,1323.2068137762876,0.5386162755257543,1316
7454,1323.2068137762876,0.5386162755257543,1316
7455,1323.2068137762876,0.5386162755257543,1316
7456,1323.2068137762876,0.5386162755257543,1316
7457,1323.2068137762876,0.5386162755257543,1316
7458,1323.2068137762876,0.5386162755257543,1316
7459,1323.2068137762876,0.5386162755257543,1316
7460,1323.2068137762876,0.5386162755257543,1316
7461,1323.2068137762876,0.5386162755257543,1316
7462,1323.2068137762876,0.5386162755257543,1316
7463,1323.2068137762876,0.5386162755257543,1316
7464,1323.2068137762876,0.5386162755257543,1316
7465,1323.2068137762876,0.5386162755257543,1316
7466,1323.2068137762876,0.5386162755257543,1316
7467,1323.2068137762876,0.5386162755257543,1316
7468,1323.2068137762876,0.5386162755257543,1316
7469,1323.2068137762876,0.5386162755257543,1316
7470,1323.2068137762876,0.5386162755257543,1316
7471,1323.2068137762876,0.5386162755257543,1316
7472,1323.2068137762876,0.5386162755257543,1316
7473,1323.2068137762876,0.5386162755257543,1316
7474,1323.2068137762876,0.5386162755257543,1316
7475,1323.2068137762876,0.5386162755257543,1316
7476,1323.2068137762876,0.5386162755257543,1316
7477,1323.2068137762876,0.5386162755257543,1316
7478,1323.2068137762876,0.5386162755257543,1316
7479,1323.2068137762876,0.5386162755257543,1316
7480,1323.2068137762876,0.5386162755257543,1316
7481,1323.2068137762876,0.5386162755257543,1316
7482,1323.2068137762876,0.5386162755257543,1316
7483,1323.2068137762876,0.5386162755257543,1316
7484,1323.2068137762876,0.5386162755257543,1316
7485,1323.2068137762876,0.5386162755257543,1316
7486,1323.2068137762876,0.5386162755257543,1316
7487,1323.2068137762876,0.5386162755257543,1316
7488,1323.2068137762876,0.5386162755257543,1316
7489,1323.2068137762876,0.5386162755257543,1316
7490,1323.2068137762876,0.5386162755257543,1316
7491,1323.2068137762876,0.5386162755257543,1316
7492,1323.2068137762876,0.5386162755257543,1316
7493,1323.2068137762876,0.5386162755257543,1316
7494,1323.2068137762876,0.5386162755257543,1316
7495,1323.2068137762876,0.5386162755257543,1316
7496,1323.2068137762876,0.5386162755257543,1316
7497,1323.2068137762876,0.5386162755257543,1316
7498,1323.2068137762876,0.5386162755257543,1316
7499,1323.2068137762876,0.5386162755257543,1316
7500,1323.2068137762876,0.5386162755257543,1316
7501,1323.2068137762876,0.5386162755257543,1316
7502,1323.2068137762876,0.5386162755257543,1316
7503,1323.2068137762876,0.5386162755257543,1316
7504,1323.2068137762876,0.5386162755257543,1316
7505,1323.2068137762876,0.5386162755257543,1316
7506,1323.2068137762876,0.5386162755257543,1316
7507,1323.2068137762876,0.5386162755257543,1316
7508,1323.2068137762876,0.5386162755257543,1316
7509,1323.2068137762876,0.5386162755257543,1316
7510,1323.2068137762876,0.5386162755257543,1316
7511,1323.2068137762876,0.5386162755257543,1316
7512,1323.2068137762876,0.5386162755257543,1316
7513,1323.2068137762876,0.5386162755257543,1316
7514,1323.2068137762876,0.5386162755257543,1316
7515,1323.2068137762876,0.5386162755257543,1316
7516,1323.2068137762876,0.5386162755257543,1316
7517,1323.2068137762876,0.5386162755257543,1316
7518,1323.2068137762876,0.5386162755257543,1316
7519,1323.2068137762876,0.5386162755257543,1316
7520,1323.2068137762876,0.5386162755257543,1316
7521,1323.2068137762876,0.5386162755257543,1316
7522,1323.2068137762876,0.5386162755257543,1316
7523,1323.2068137762876,0.5386162755257543,1316
7524,1323.2068137762876,0.5386162755257543,1316
7525,1323.2068137762876,0.5386162755257543,1316
7526,1323.2068137762876,0.5386162755257543,1316
7527,1323.2068137762876,0.5386162755257543,1316
7528,1323.2068137762876,0.5386162755257543,1316
7529,1323.2068137762876,0.5386162755257543,1316
7530,1323.2068137762876,0.5386162755257543,1316
7531,1323.2068137762876,0.5386162755257543,1316
7532,1323.2068137762876,0.5386162755257543,1316
7533,1323.2068137762876,0.5386162755257543,1316
7534,1323.2068137762876,0.5386162755257543,1316
7535,1323.2068137762876,0.5386162755257543,1316
7536,1323.2068137762876,0.5386162755257543,1316
7537,1323.2068137762876,0.5386162755257543,1316
7538,1323.2068137762876,0.5386162755257543,1316
7539,1323.2068137762876,0.5386162755257543,1316
7540,1323.2068137762876,0.5386162755257543,1316
7541,1323.2068137762876,0.5386162755257543,1316
7542,1323.2068137762876,0.5386162755257543,1316
7543,1323.2068137762876,0.5386162755257543,1316
7544,1323.2068137762876,0.5386162755257543,1316
7545,1323.2068137762876,0.5386162755257543,1316
7546,1323.2068137762876,0.5386162755257543,1316
7547,1323.2068137762876,0.5386162755257543,1316
7548,1323.2068137762876,0.5386162755257543,1316
7549,1323.2068137762876,0.5386162755257543,1316
7550,1323.2068137762876,0.5386162755257543,1316
7551,1323.2068137762876,0.5386162755257543,1316
7552,1323.2068137762876,0.5386162755257543,1316
7553,1323.2068137762876,0.5386162755257543,1316
7554,1323.2068137762876,0.5386162755257543,1316
7555,1323.2068137762876,0.5386162755257543,1316
7556,1323.2068137762876,0.5386162755257543,1316
7557,1323.2068137762876,0.5386162755257543,1316
7558,1323.2068137762876,0.5386162755257543,1316
7559,1323.2068137762876,0.5386162755257543,1316
7560,1323.2068137762876,0.5386162755257543,1316
7561,1323.2068137762876,0.5386162755257543,1316
7562,1323.2068137762876,0.5386162755257543,1316
7563,1323.2068137762876,0.5386162755257543,1316
7564,1323.2068137762876,0.5386162755257543,1316
7565,1323.2068137762876,0.5386162755257543,1316
7566,1323.2068137762876,0.5386162755257543,1316
7567,1323.2068137762876,0.5386162755257543,1316
7568,1323.2068137762876,0.5386162755257543,1316
7569,1323.2068137762876,0.5386162755257543,1316
7570,1323.2068137762876,0.5386162755257543,1316
7571,1323.2068137762876,0.5386162755257543,1316
7572,1323.2068137762876,0.5386162755257543,1316
7573,1323.2068137762876,0.5386162755257543,1316
7574,1323.2068137762876,0.5386162755257543,1316
7575,1323.2068137762876,0.5386162755257543,1316
7576,1323.2068137762876,0.5386162755257543,1316
7577,1323.2068137762876,0.5386162755257543,1316
7578,1323.2068137762876,0.5386162755257543,1316
7579,1323.2068137762876,0.5386162755257543,1316
7580,1323.2068137762876,0.5386162755257543,1316
7581,1323.2068137762876,0.5386162755257543,1316
7582,1323.2068137762876,0.5386162755257543,1316
7583,1323.2068137762876,0.5386162755257543,1316
7584,1323.2068137762876,0.5386162755257543,1316
7585,1323.2068137762876,0.5386162755257543,1316
7586,1323.2068137762876,0.5386162755257543,1316
7587,1323.2068137762876,0.5386162755257543,1316
7588,1323.2068137762876,0.5386162755257543,1316
7589,1323.2068137762876,0.5386162755257543,1316
7590,1323.2068137762876,0.5386162755257543,1316
7591,1323.2068137762876,0.5386162755257543,1316
7592,1323.2068137762876,0.5386162755257543,1316
7593,1323.2068137762876,0.5386162755257543,1316
7594,1323.2068137762876,0.5386162755257543,1316
7595,1323.2068137762876,0.5386162755257543,1316
7596,1323.2068137762876,0.5386162755257543,1316
7597,1339.2143139236514,0.5381361124422956,1332
7598,1339.2143139236514,0.5381361124422956,1332
7599,1339.2143139236514,0.5381361124422956,1332
7600,1339.2143139236514,0.5381361124422956,1332
7601,1337.2133866062377,0.5381954797543086,1330
7602,1337.2133866062377,0.5381954797543086,1330
7603,1337.2133866062377,0.5381954797543086,1330
7604,1337.2133866062377,0.5381954797543086,1330
7605,1337.2133866062377,0.5381954797543086,1330
7606,1337.2133866062377,0.5381954797543086,1330
7607,1337.2133866062377,0.5381954797543086,1330
7608,1337.2133866062377,0.5381954797543086,1330
7609,1337.2133866062377,0.5381954797543086,1330
7610,1337.2133866062377,0.5381954797543086,1330
7611,1337.2133866062377,0.5381954797543086,1330
7612,1337.2133866062377,0.5381954797543086,1330
7613,1337.2133866062377,0.5381954797543086,1330
7614,1337.2133866062377,0.5381954797543086,1330
7615,1337.2133866062377,0.5381954797543086,1330
7616,1337.2133866062377,0.5381954797543086,1330
7617,1337.2133866062377,0.5381954797543086,1330
7618,1335.2124564014352,0.5382550319183612,1328
7619,1335.2124564014352,0.5382550319183612,1328
7620,1335.2124564014352,0.5382550319183612,1328
7621,1335.2124564014352,0.5382550319183612,1328
7622,1335.2124564014352,0.5382550319183612,1328
7623,1335.2124564014352,0.5382550319183612,1328
7624,1346.2175369891768,0.5379297702191598,1339
7625,1346.2175369891768,0.5379297702191598,1339
7626,1346.2175369891768,0.5379297702191598,1339
7627,1346.2175369891768,0.5379297702191598,1339
7628,1346.2175369891768,0.5379297702191598,1339
7629,1346.2175369891768,0.5379297702191598,1339
7630,1346.2175369891768,0.5379297702191598,1339
7631,1346.2175369891768,0.5379297702191598,1339
7632,1344.2166196726146,0.5379884972717888,1337
7633,1344.2166196726146,0.5379884972717888,1337
7634,1344.2166196726146,0.5379884972717888,1337
7635,1344.2166196726146,0.5379884972717888,1337
7636,1344.2166196726146,0.5379884972717888,1337
7637,1344.2166196726146,0.5379884972717888,1337
7638,1344.2166196726146,0.5379884972717888,1337
7639,1344.2166196726146,0.5379884972717888,1337
7640,1344.2166196726146,0.5379884972717888,1337
7641,1344.2166196726146,0.5379884972717888,1337
7642,1344.2166196726146,0.5379884972717888,1337
7643,1344.2166196726146,0.5379884972717888,1337
7644,1344.2166196726146,0.5379884972717888,1337
7645,1331.210587275633,0.5383746942616395,1324
7646,1331.210587275633,0.5383746942616395,1324
7647,1331.210587275633,0.5383746942616395,1324
7648,1331.210587275633,0.5383746942616395,1324
7649,1331.210587275633,0.5383746942616395,1324
7650,1331.210587275633,0.5383746942616395,1324
7651,1348.2184514780174,0.5378712241986283,1341
7652,1348.2184514780174,0.5378712241986283,1341
7653,1348.2184514780174,0.5378712241986283,1341
7654,1348.2184514780174,0.5378712241986283,1341
7655,1348.2184514780174,0.5378712241986283,1341
7656,1348.2184514780174,0.5378712241986283,1341
7657,1348.2184514780174,0.5378712241986283,1341
7658,1348.2184514780174,0.5378712241986283,1341
7659,1348.2184514780174,0.5378712241986283,1341
7660,1348.2184514780174,0.5378712241986283,1341
7661,1348.2184514780174,0.5378712241986283,1341
7662,1348.2184514780174,0.5378712241986283,1341
7663,1348.2184514780174,0.5378712241986283,1341
7664,1348.2184514780174,0.5378712241986283,1341
7665,1348.2184514780174,0.5378712241986283,1341
7666,1348.2184514780174,0.5378712241986283,1341
7667,1348.2184514780174,0.5378712241986283,1341
7668,1348.2184514780174,0.5378712241986283,1341
7669,1348.2184514780174,0.5378712241986283,1341
7670,1348.2184514780174,0.5378712241986283,1341
7671,1348.2184514780174,0.5378712241986283,1341
7672,1348.2184514780174,0.5378712241986283,1341
7673,1348.2184514780174,0.5378712241986283,1341
7674,1348.2184514780174,0.5378712241986283,1341
7675,1348.2184514780174,0.5378712241986283,1341
7676,1348.2184514780174,0.5378712241986283,1341
7677,1348.2184514780174,0.5378712241986283,1341
7678,1348.2184514780174,0.5378712241986283,1341
7679,1348.2184514780174,0.5378712241986283,1341
7680,1348.2184514780174,0.5378712241986283,1341
7681,1348.2184514780174,0.5378712241986283,1341
7682,1348.2184514780174,0.5378712241986283,1341
7683,1348.2184514780174,0.5378712241986283,1341
7684,1348.2184514780174,0.5378712241986283,1341
7685,1348.2184514780174,0.5378712241986283,1341
7686,1348.2184514780174,0.5378712241986283,1341
7687,1348.2184514780174,0.5378712241986283,1341
7688,1348.2184514780174,0.5378712241986283,1341
7689,1348.2184514780174,0.5378712241986283,1341
7690,1342.278255159812,0.5340425633923183,1335
7691,1342.278255159812,0.5340425633923183,1335
7692,1342.278255159812,0.5340425633923183,1335
7693,1342.278255159812,0.5340425633923183,1335
7694,1342.278255159812,0.5340425633923183,1335
7695,1342.278255159812,0.5340425633923183,1335
7696,1342.278255159812,0.5340425633923183,1335
7697,1342.278255159812,0.5340425633923183,1335
7698,1342.278255159812,0.5340425633923183,1335
7699,1332.3117385661233,0.5318989394287349,1325
7700,1332.3117385661233,0.5318989394287349,1325
7701,1332.3117385661233,0.5318989394287349,1325
7702,1332.3117385661233,0.5318989394287349,1325
7703,1332.3117385661233,0.5318989394287349,1325
7704,1332.3117385661233,0.5318989394287349,1325
7705,1332.3117385661233,0.5318989394287349,1325
7706,1332.3117385661233,0.5318989394287349,1325
7707,1332.3117385661233,0.5318989394287349,1325
7708,1332.3117385661233,0.5318989394287349,1325
7709,1332.3117385661233,0.5318989394287349,1325
7710,1332.3117385661233,0.5318989394287349,1325
7711,1332.3117385661233,0.5318989394287349,1325
7712,1342.278255159812,0.5340425633923183,1335
7713,1342.278255159812,0.5340425633923183,1335
7714,1342.278255159812,0.5340425633923183,1335
7715,1342.278255159812,0.5340425633923183,1335
7716,1342.278255159812,0.5340425633923183,1335
7717,1342.278255159812,0.5340425633923183,1335
7718,1342.278255159812,0.5340425633923183,1335
7719,1342.278255159812,0.5340425633923183,1335
7720,1342.278255159812,0.5340425633923183,1335
7721,1342.278255159812,0.5340425633923183,1335
7722,1342.278255159812,0.5340425633923183,1335
7723,1342.278255159812,0.5340425633923183,1335
7724,1342.278255159812,0.5340425633923183,1335
7725,1342.278255159812,0.5340425633923183,1335
7726,1342.278255159812,0.5340425633923183,1335
7727,1342.278255159812,0.5340425633923183,1335
7728,1342.278255159812,0.5340425633923183,1335
7729,1342.278255159812,0.5340425633923183,1335
7730,1342.278255159812,0.5340425633923183,1335
7731,1342.278255159812,0.5340425633923183,1335
7732,1342.278255159812,0.5340425633923183,1335
7733,1342.278255159812,0.5340425633923183,1335
7734,1342.278255159812,0.5340425633923183,1335
7735,1342.278255159812,0.5340425633923183,1335
7736,1342.278255159812,0.5340425633923183,1335
7737,1342.278255159812,0.5340425633923183,1335
7738,1342.278255159812,0.5340425633923183,1335
7739,1342.278255159812,0.5340425633923183,1335
7740,1342.278255159812,0.5340425633923183,1335
7741,1342.278255159812,0.5340425633923183,1335
7742,1342.278255159812,0.5340425633923183,1335
7743,1342.278255159812,0.5340425633923183,1335
7744,1342.278255159812,0.5340425633923183,1335
7745,1342.278255159812,0.5340425633923183,1335
7746,1342.278255159812,0.5340425633923183,1335
7747,1342.278255159812,0.5340425633923183,1335
7748,1342.278255159812,0.5340425633923183,1335
7749,1342.278255159812,0.5340425633923183,1335
7750,1342.278255159812,0.5340425633923183,1335
7751,1342.278255159812,0.5340425633923183,1335
7752,1342.278255159812,0.5340425633923183,1335
7753,1342.278255159812,0.5340425633923183,1335
7754,1342.278255159812,0.5340425633923183,1335
7755,1342.278255159812,0.5340425633923183,1335
7756,1342.278255159812,0.5340425633923183,1335
7757,1342.278255159812,0.5340425633923183,1335
7758,1342.278255159812,0.5340425633923183,1335
7759,1342.278255159812,0.5340425633923183,1335
7760,1342.278255159812,0.5340425633923183,1335
7761,1342.278255159812,0.5340425633923183,1335
7762,1361.2859499800936,0.5335499372539342,1354
7763,1359.285150490425,0.5336011209715087,1352
7764,1359.285150490425,0.5336011209715087,1352
7765,1359.285150490425,0.5336011209715087,1352
7766,1359.285150490425,0.5336011209715087,1352
7767,1359.285150490425,0.5336011209715087,1352
7768,1359.285150490425,0.5336011209715087,1352
7769,1376.9336243450518,0.556105995835353,1370
7770,1376.9336243450518,0.556105995835353,1370
7771,1376.9336243450518,0.556105995835353,1370
7772,1376.9336243450518,0.556105995835353,1370
7773,1376.9336243450518,0.556105995835353,1370
7774,1376.9336243450518,0.556105995835353,1370
7775,1379.935634021479,0.5559773353726621,1373
7776,1376.0582577203506,0.5481269065076436,1369
7777,1376.0582577203506,0.5481269065076436,1369
7778,1376.0582577203506,0.5481269065076436,1369
7779,1369.8780843874738,0.5596616909427766,1363
7780,1369.8780843874738,0.5596616909427766,1363
7781,1369.8780843874738,0.5596616909427766,1363
7782,1369.8780843874738,0.5596616909427766,1363
7783,1369.8780843874738,0.5596616909427766,1363
7784,1355.8032933047066,0.5644498524515621,1349
7785,1355.8032933047066,0.5644498524515621,1349
7786,1355.8032933047066,0.5644498524515621,1349
7787,1361.7303150090543,0.5691219584472234,1355
7788,1361.7303150090543,0.5691219584472234,1355
7789,1361.7303150090543,0.5691219584472234,1355
7790,1361.7303150090543,0.5691219584472234,1355
7791,1361.7303150090543,0.5691219584472234,1355
7792,1361.7303150090543,0.5691219584472234,1355
7793,1361.7303150090543,0.5691219584472234,1355
7794,1361.7303150090543,0.5691219584472234,1355
7795,1369.607132241996,0.5770081791295846,1363
7796,1366.9141482770758,0.557352863183372,1360
7797,1352.2202720245991,0.5377546719206762,1345
7798,1352.2202720245991,0.5377546719206762,1345
7799,1352.2202720245991,0.5377546719206762,1345
7800,1352.2202720245991,0.5377546719206762,1345
7801,1358.0981871654078,0.5455706040071858,1351
7802,1358.0981871654078,0.5455706040071858,1351
7803,1358.0981871654078,0.5455706040071858,1351
7804,1358.0981871654078,0.5455706040071858,1351
7805,1358.0981871654078,0.5455706040071858,1351
7806,1358.0981871654078,0.5455706040071858,1351
7807,1358.0981871654078,0.5455706040071858,1351
7808,1358.0981871654078,0.5455706040071858,1351
7809,1358.0981871654078,0.5455706040071858,1351
7810,1358.0981871654078,0.5455706040071858,1351
7811,1358.0981871654078,0.5455706040071858,1351
7812,1358.0981871654078,0.5455706040071858,1351
7813,1354.095985809886,0.5457115358587605,1347
7814,1354.095985809886,0.5457115358587605,1347
7815,1354.095985809886,0.5457115358587605,1347
7816,1354.095985809886,0.5457115358587605,1347
7817,1354.095985809886,0.5457115358587605,1347
7818,1354.095985809886,0.5457115358587605,1347
7819,1354.095985809886,0.5457115358587605,1347
7820,1354.095985809886,0.5457115358587605,1347
7821,1354.095985809886,0.5457115358587605,1347
7822,1354.095985809886,0.5457115358587605,1347
7823,1354.095985809886,0.5457115358587605,1347
7824,1354.095985809886,0.5457115358587605,1347
7825,1354.095985809886,0.5457115358587605,1347
7826,1354.095985809886,0.5457115358587605,1347
7827,1354.095985809886,0.5457115358587605,1347
7828,1354.095985809886,0.5457115358587605,1347
7829,1354.095985809886,0.5457115358587605,1347
7830,1354.095985809886,0.5457115358587605,1347
7831,1354.095985809886,0.5457115358587605,1347
7832,1354.095985809886,0.5457115358587605,1347
7833,1354.095985809886,0.5457115358587605,1347
7834,1354.095985809886,0.5457115358587605,1347
7835,1368.9155301906972,0.5572643924009565,1362
7836,1368.9155301906972,0.5572643924009565,1362
7837,1368.9155301906972,0.5572643924009565,1362
7838,1368.9155301906972,0.5572643924009565,1362
7839,1368.9155301906972,0.5572643924009565,1362
7840,1368.9155301906972,0.5572643924009565,1362
7841,1368.9155301906972,0.5572643924009565,1362
7842,1368.9155301906972,0.5572643924009565,1362
7843,1373.8555317337114,0.5611055228097779,1367
7844,1373.8555317337114,0.5611055228097779,1367
7845,1373.8555317337114,0.5611055228097779,1367
7846,1373.8555317337114,0.5611055228097779,1367
7847,1373.8555317337114,0.5611055228097779,1367
7848,1373.8555317337114,0.5611055228097779,1367
7849,1373.8555317337114,0.5611055228097779,1367
7850,1371.1052489472643,0.5451185052967877,1364
7851,1371.1052489472643,0.5451185052967877,1364
7852,1371.1052489472643,0.5451185052967877,1364
7853,1371.1052489472643,0.5451185052967877,1364
7854,1356.3208628619977,0.5313147975673632,1349
7855,1356.3208628619977,0.5313147975673632,1349
7856,1356.3208628619977,0.5313147975673632,1349
7857,1356.3208628619977,0.5313147975673632,1349
7858,1356.3208628619977,0.5313147975673632,1349
7859,1356.3208628619977,0.5313147975673632,1349
7860,1356.3208628619977,0.5313147975673632,1349
7861,1356.3208628619977,0.5313147975673632,1349
7862,1352.3193654004442,0.5314106657846175,1345
7863,1352.3193654004442,0.5314106657846175,1345
7864,1352.3193654004442,0.5314106657846175,1345
7865,1352.3193654004442,0.5314106657846175,1345
7866,1352.3193654004442,0.5314106657846175,1345
7867,1352.3193654004442,0.5314106657846175,1345
7868,1352.3193654004442,0.5314106657846175,1345
7869,1352.3193654004442,0.5314106657846175,1345
7870,1352.3193654004442,0.5314106657846175,1345
7871,1352.3193654004442,0.5314106657846175,1345
7872,1352.3193654004442,0.5314106657846175,1345
7873,1352.3193654004442,0.5314106657846175,1345
7874,1352.3193654004442,0.5314106657846175,1345
7875,1352.3193654004442,0.5314106657846175,1345
7876,1352.3193654004442,0.5314106657846175,1345
7877,1352.3193654004442,0.5314106657846175,1345
7878,1352.3193654004442,0.5314106657846175,1345
7879,1352.3193654004442,0.5314106657846175,1345
7880,1352.3193654004442,0.5314106657846175,1345
7881,1352.3193654004442,0.5314106657846175,1345
7882,1352.3193654004442,0.5314106657846175,1345
7883,1352.3193654004442,0.5314106657846175,1345
7884,1352.3193654004442,0.5314106657846175,1345
7885,1352.3193654004442,0.5314106657846175,1345
7886,1352.3193654004442,0.5314106657846175,1345
7887,1352.3193654004442,0.5314106657846175,1345
7888,1352.3193654004442,0.5314106657846175,1345
7889,1352.3193654004442,0.5314106657846175,1345
7890,1352.3193654004442,0.5314106657846175,1345
7891,1352.3193654004442,0.5314106657846175,1345
7892,1352.3193654004442,0.5314106657846175,1345
7893,1352.3193654004442,0.5314106657846175,1345
7894,1352.3193654004442,0.5314106657846175,1345
7895,1352.3193654004442,0.5314106657846175,1345
7896,1352.3193654004442,0.5314106657846175,1345
7897,1352.3193654004442,0.5314106657846175,1345
7898,1352.3193654004442,0.5314106657846175,1345
7899,1352.3193654004442,0.5314106657846175,1345
7900,1352.3193654004442,0.5314106657846175,1345
7901,1352.3193654004442,0.5314106657846175,1345
7902,1352.3193654004442,0.5314106657846175,1345
7903,1352.3193654004442,0.5314106657846175,1345
7904,1352.3193654004442,0.5314106657846175,1345
7905,1352.3193654004442,0.5314106657846175,1345
7906,1352.3193654004442,0.5314106657846175,1345
7907,1352.3193654004442,0.5314106657846175,1345
7908,1347.3174806433317,0.5315313288520036,1340
7909,1347.3174806433317,0.5315313288520036,1340
7910,1347.3174806433317,0.5315313288520036,1340
7911,1347.3174806433317,0.5315313288520036,1340
7912,1347.3174806433317,0.5315313288520036,1340
7913,1347.3174806433317,0.5315313288520036,1340
7914,1347.3174806433317,0.5315313288520036,1340
7915,1347.3174806433317,0.5315313288520036,1340
7916,1347.3174806433317,0.5315313288520036,1340
7917,1347.3174806433317,0.5315313288520036,1340
7918,1347.3174806433317,0.5315313288520036,1340
7919,1347.3174806433317,0.5315313288520036,1340
7920,1347.3174806433317,0.5315313288520036,1340
7921,1347.3174806433317,0.5315313288520036,1340
7922,1347.3174806433317,0.5315313288520036,1340
7923,1347.3174806433317,0.5315313288520036,1340
7924,1347.3174806433317,0.5315313288520036,1340
7925,1347.3174806433317,0.5315313288520036,1340
7926,1347.3174806433317,0.5315313288520036,1340
7927,1347.3174806433317,0.5315313288520036,1340
7928,1347.3174806433317,0.5315313288520036,1340
7929,1347.3174806433317,0.5315313288520036,1340
7930,1347.3174806433317,0.5315313288520036,1340
7931,1347.3174806433317,0.5315313288520036,1340
7932,1347.3174806433317,0.5315313288520036,1340
7933,1341.3151997514237,0.531677352661739,1334
7934,1341.3151997514237,0.531677352661739,1334
7935,1341.3151997514237,0.531677352661739,1334
7936,1341.3151997514237,0.531677352661739,1334
7937,1327.3097947019949,0.532023386556028,1320
7938,1327.3097947019949,0.532023386556028,1320
7939,1327.3097947019949,0.532023386556028,1320
7940,1327.3097947019949,0.532023386556028,1320
7941,1327.3097947019949,0.532023386556028,1320
7942,1327.3097947019949,0.532023386556028,1320
7943,1327.3097947019949,0.532023386556028,1320
7944,1327.3097947019949,0.532023386556028,1320
7945,1327.3097947019949,0.532023386556028,1320
7946,1327.3097947019949,0.532023386556028,1320
7947,1327.3097947019949,0.532023386556028,1320
7948,1342.3155813645467,0.5316529216039214,1335
7949,1342.3155813645467,0.5316529216039214,1335
7950,1342.3155813645467,0.5316529216039214,1335
7951,1342.3155813645467,0.5316529216039214,1335
7952,1342.3155813645467,0.5316529216039214,1335
7953,1342.3155813645467,0.5316529216039214,1335
7954,1342.3155813645467,0.5316529216039214,1335
7955,1342.3155813645467,0.5316529216039214,1335
7956,1342.3155813645467,0.5316529216039214,1335
7957,1342.3155813645467,0.5316529216039214,1335
7958,1332.3117385661233,0.5318989394287349,1325
7959,1332.3117385661233,0.5318989394287349,1325
7960,1332.3117385661233,0.5318989394287349,1325
7961,1332.3117385661233,0.5318989394287349,1325
7962,1332.3117385661233,0.5318989394287349,1325
7963,1332.3117385661233,0.5318989394287349,1325
7964,1332.3117385661233,0.5318989394287349,1325
7965,1332.3117385661233,0.5318989394287349,1325
7966,1332.3117385661233,0.5318989394287349,1325
7967,1332.3117385661233,0.5318989394287349,1325
7968,1332.3117385661233,0.5318989394287349,1325
7969,1332.3117385661233,0.5318989394287349,1325
7970,1332.3117385661233,0.5318989394287349,1325
7971,1332.3117385661233,0.5318989394287349,1325
7972,1332.3117385661233,0.5318989394287349,1325
7973,1332.3117385661233,0.5318989394287349,1325
7974,1332.3117385661233,0.5318989394287349,1325
7975,1332.3117385661233,0.5318989394287349,1325
7976,1332.3117385661233,0.5318989394287349,1325
7977,1332.3117385661233,0.5318989394287349,1325
7978,1332.3117385661233,0.5318989394287349,1325
7979,1332.3117385661233,0.5318989394287349,1325
7980,1332.3117385661233,0.5318989394287349,1325
7981,1332.3117385661233,0.5318989394287349,1325
7982,1332.3117385661233,0.5318989394287349,1325
7983,1332.3117385661233,0.5318989394287349,1325
7984,1332.3117385661233,0.5318989394287349,1325
7985,1332.3117385661233,0.5318989394287349,1325
7986,1332.3117385661233,0.5318989394287349,1325
7987,1332.3117385661233,0.5318989394287349,1325
7988,1332.3117385661233,0.5318989394287349,1325
7989,1332.3117385661233,0.5318989394287349,1325
7990,1332.3117385661233,0.5318989394287349,1325
7991,1332.3117385661233,0.5318989394287349,1325
7992,1332.3117385661233,0.5318989394287349,1325
7993,1332.3117385661233,0.5318989394287349,1325
7994,1332.3117385661233,0.5318989394287349,1325
7995,1352.0822481229134,0.546591029262913,1345
7996,1352.0822481229134,0.546591029262913,1345
7997,1352.0822481229134,0.546591029262913,1345
7998,1352.0822481229134,0.546591029262913,1345
7999,1352.0822481229134,0.546591029262913,1345
8000,1352.0822481229134,0.546591029262913,1345
8001,1352.0822481229134,0.546591029262913,1345
8002,1352.0822481229134,0.546591029262913,1345
8003,1352.0822481229134,0.546591029262913,1345
8004,1352.0822481229134,0.546591029262913,1345
8005,1352.0822481229134,0.546591029262913,1345
8006,1352.0822481229134,0.546591029262913,1345
8007,1352.0822481229134,0.546591029262913,1345
8008,1352.0822481229134,0.546591029262913,1345
8009,1352.0822481229134,0.546591029262913,1345
8010,1352.0822481229134,0.546591029262913,1345
8011,1352.0822481229134,0.546591029262913,1345
8012,1352.0822481229134,0.546591029262913,1345
8013,1352.0822481229134,0.546591029262913,1345
8014,1352.0822481229134,0.546591029262913,1345
8015,1352.0822481229134,0.546591029262913,1345
8016,1352.0822481229134,0.546591029262913,1345
8017,1352.0822481229134,0.546591029262913,1345
8018,1352.0822481229134,0.546591029262913,1345
8019,1352.0822481229134,0.546591029262913,1345
8020,1352.0822481229134,0.546591029262913,1345
8021,1352.0822481229134,0.546591029262913,1345
8022,1352.0822481229134,0.546591029262913,1345
8023,1352.0822481229134,0.546591029262913,1345
8024,1352.0822481229134,0.546591029262913,1345
8025,1352.0822481229134,0.546591029262913,1345
8026,1352.0822481229134,0.546591029262913,1345
8027,1352.0822481229134,0.546591029262913,1345
8028,1352.0822481229134,0.546591029262913,1345
8029,1352.0822481229134,0.546591029262913,1345
8030,1352.0822481229134,0.546591029262913,1345
8031,1352.0822481229134,0.546591029262913,1345
8032,1352.0822481229134,0.546591029262913,1345
8033,1352.0822481229134,0.546591029262913,1345
8034,1352.0822481229134,0.546591029262913,1345
8035,1352.0822481229134,0.546591029262913,1345
8036,1352.0822481229134,0.546591029262913,1345
8037,1352.0822481229134,0.546591029262913,1345
8038,1352.0822481229134,0.546591029262913,1345
8039,1352.0822481229134,0.546591029262913,1345
8040,1352.0822481229134,0.546591029262913,1345
8041,1352.0822481229134,0.546591029262913,1345
8042,1352.0822481229134,0.546591029262913,1345
8043,1350.2193631521727,0.5378128583756203,1343
8044,1350.2193631521727,0.5378128583756203,1343
8045,1350.2193631521727,0.5378128583756203,1343
8046,1350.2193631521727,0.5378128583756203,1343
8047,1350.2193631521727,0.5378128583756203,1343
8048,1350.2193631521727,0.5378128583756203,1343
8049,1350.2193631521727,0.5378128583756203,1343
8050,1350.2193631521727,0.5378128583756203,1343
8051,1350.2193631521727,0.5378128583756203,1343
8052,1350.2193631521727,0.5378128583756203,1343
8053,1350.2193631521727,0.5378128583756203,1343
8054,1350.2193631521727,0.5378128583756203,1343
8055,1350.2193631521727,0.5378128583756203,1343
8056,1350.2193631521727,0.5378128583756203,1343
8057,1350.2193631521727,0.5378128583756203,1343
8058,1350.2193631521727,0.5378128583756203,1343
8059,1350.2193631521727,0.5378128583756203,1343
8060,1350.2193631521727,0.5378128583756203,1343
8061,1350.2193631521727,0.5378128583756203,1343
8062,1350.2815224256617,0.5338333914429152,1343
8063,1350.2815224256617,0.5338333914429152,1343
8064,1350.2815224256617,0.5338333914429152,1343
8065,1353.0954333463867,0.5457469048407989,1346
8066,1353.0954333463867,0.5457469048407989,1346
8067,1353.0954333463867,0.5457469048407989,1346
8068,1353.0954333463867,0.5457469048407989,1346
8069,1353.0954333463867,0.5457469048407989,1346
8070,1353.0954333463867,0.5457469048407989,1346
8071,1353.0954333463867,0.5457469048407989,1346
8072,1353.0954333463867,0.5457469048407989,1346
8073,1353.0954333463867,0.5457469048407989,1346
8074,1353.0954333463867,0.5457469048407989,1346
8075,1353.0954333463867,0.5457469048407989,1346
8076,1353.0954333463867,0.5457469048407989,1346
8077,1353.0954333463867,0.5457469048407989,1346
8078,1353.0954333463867,0.5457469048407989,1346
8079,1353.0954333463867,0.5457469048407989,1346
8080,1353.0954333463867,0.5457469048407989,1346
8081,1353.0954333463867,0.5457469048407989,1346
8082,1353.0954333463867,0.5457469048407989,1346
8083,1353.0954333463867,0.5457469048407989,1346
8084,1353.0954333463867,0.5457469048407989,1346
8085,1353.0954333463867,0.5457469048407989,1346
8086,1353.0954333463867,0.5457469048407989,1346
8087,1353.0954333463867,0.5457469048407989,1346
8088,1353.0954333463867,0.5457469048407989,1346
8089,1353.0954333463867,0.5457469048407989,1346
8090,1353.0954333463867,0.5457469048407989,1346
8091,1353.0954333463867,0.5457469048407989,1346
8092,1353.0954333463867,0.5457469048407989,1346
8093,1353.0954333463867,0.5457469048407989,1346
8094,1353.0954333463867,0.5457469048407989,1346
8095,1353.0954333463867,0.5457469048407989,1346
8096,1353.0954333463867,0.5457469048407989,1346
8097,1353.0954333463867,0.5457469048407989,1346
8098,1353.0954333463867,0.5457469048407989,1346
8099,1353.0954333463867,0.5457469048407989,1346
8100,1353.0954333463867,0.5457469048407989,1346
8101,1353.0954333463867,0.5457469048407989,1346
8102,1353.0954333463867,0.5457469048407989,1346
8103,1353.0954333463867,0.5457469048407989,1346
8104,1353.0954333463867,0.5457469048407989,1346
8105,1353.0954333463867,0.5457469048407989,1346
8106,1353.0954333463867,0.5457469048407989,1346
8107,1353.0954333463867,0.5457469048407989,1346
8108,1353.0954333463867,0.5457469048407989,1346
8109,1353.0954333463867,0.5457469048407989,1346
8110,1353.0954333463867,0.5457469048407989,1346
8111,1353.0954333463867,0.5457469048407989,1346
8112,1353.0954333463867,0.5457469048407989,1346
8113,1353.0954333463867,0.5457469048407989,1346
8114,1353.0954333463867,0.5457469048407989,1346
8115,1353.0954333463867,0.5457469048407989,1346
8116,1353.0954333463867,0.5457469048407989,1346
8117,1353.0954333463867,0.5457469048407989,1346
8118,1353.0954333463867,0.5457469048407989,1346
8119,1353.0954333463867,0.5457469048407989,1346
8120,1353.0954333463867,0.5457469048407989,1346
8121,1353.0954333463867,0.5457469048407989,1346
8122,1353.0954333463867,0.5457469048407989,1346
8123,1353.0954333463867,0.5457469048407989,1346
8124,1353.0954333463867,0.5457469048407989,1346
8125,1353.0954333463867,0.5457469048407989,1346
8126,1353.0954333463867,0.5457469048407989,1346
8127,1353.0954333463867,0.5457469048407989,1346
8128,1353.0954333463867,0.5457469048407989,1346
8129,1353.0954333463867,0.5457469048407989,1346
8130,1353.0954333463867,0.5457469048407989,1346
8131,1353.0954333463867,0.5457469048407989,1346
8132,1353.0954333463867,0.5457469048407989,1346
8133,1353.0954333463867,0.5457469048407989,1346
8134,1353.0954333463867,0.5457469048407989,1346
8135,1353.0954333463867,0.5457469048407989,1346
8136,1353.0954333463867,0.5457469048407989,1346
8137,1353.0954333463867,0.5457469048407989,1346
8138,1353.0954333463867,0.5457469048407989,1346
8139,1353.0954333463867,0.5457469048407989,1346
8140,1353.0954333463867,0.5457469048407989,1346
8141,1353.0954333463867,0.5457469048407989,1346
8142,1353.2207254141908,0.5377256456984109,1346
8143,1353.2207254141908,0.5377256456984109,1346
8144,1353.2207254141908,0.5377256456984109,1346
8145,1353.2207254141908,0.5377256456984109,1346
8146,1353.2207254141908,0.5377256456984109,1346
8147,1353.2207254141908,0.5377256456984109,1346
8148,1353.2207254141908,0.5377256456984109,1346
8149,1353.2207254141908,0.5377256456984109,1346
8150,1353.2207254141908,0.5377256456984109,1346
8151,1353.2207254141908,0.5377256456984109,1346
8152,1353.2207254141908,0.5377256456984109,1346
8153,1353.2207254141908,0.5377256456984109,1346
8154,1353.2207254141908,0.5377256456984109,1346
8155,1353.2207254141908,0.5377256456984109,1346
8156,1353.2207254141908,0.5377256456984109,1346
8157,1353.2207254141908,0.5377256456984109,1346
8158,1353.2207254141908,0.5377256456984109,1346
8159,1353.2207254141908,0.5377256456984109,1346
8160,1353.2207254141908,0.5377256456984109,1346
8161,1353.2207254141908,0.5377256456984109,1346
8162,1353.2207254141908,0.5377256456984109,1346
8163,1353.2207254141908,0.5377256456984109,1346
8164,1353.2207254141908,0.5377256456984109,1346
8165,1353.2207254141908,0.5377256456984109,1346
8166,1353.2207254141908,0.5377256456984109,1346
8167,1338.3140513728995,0.5317508724136006,1331
8168,1338.3140513728995,0.5317508724136006,1331
8169,1338.3140513728995,0.5317508724136006,1331
8170,1338.3140513728995,0.5317508724136006,1331
8171,1338.3140513728995,0.5317508724136006,1331
8172,1338.3140513728995,0.5317508724136006,1331
8173,1338.3140513728995,0.5317508724136006,1331
8174,1338.3140513728995,0.5317508724136006,1331
8175,1338.3140513728995,0.5317508724136006,1331
8176,1338.3140513728995,0.5317508724136006,1331
8177,1338.3140513728995,0.5317508724136006,1331
8178,1338.3140513728995,0.5317508724136006,1331
8179,1338.3140513728995,0.5317508724136006,1331
8180,1338.3140513728995,0.5317508724136006,1331
8181,1338.3140513728995,0.5317508724136006,1331
8182,1338.3140513728995,0.5317508724136006,1331
8183,1338.3140513728995,0.5317508724136006,1331
8184,1338.3140513728995,0.5317508724136006,1331
8185,1338.3140513728995,0.5317508724136006,1331
8186,1338.3140513728995,0.5317508724136006,1331
8187,1338.3140513728995,0.5317508724136006,1331
8188,1338.3140513728995,0.5317508724136006,1331
8189,1338.3140513728995,0.5317508724136006,1331
8190,1338.3140513728995,0.5317508724136006,1331
8191,1338.3140513728995,0.5317508724136006,1331
8192,1338.3140513728995,0.5317508724136006,1331
8193,1338.3140513728995,0.5317508724136006,1331
8194,1338.3140513728995,0.5317508724136006,1331
8195,1338.3140513728995,0.5317508724136006,1331
8196,1338.3140513728995,0.5317508724136006,1331
8197,1338.3140513728995,0.5317508724136006,1331
8198,1338.3140513728995,0.5317508724136006,1331
8199,1338.3140513728995,0.5317508724136006,1331
8200,1338.3140513728995,0.5317508724136006,1331
8201,1338.3140513728995,0.5317508724136006,1331
8202,1338.3140513728995,0.5317508724136006,1331
8203,1338.3140513728995,0.5317508724136006,1331
8204,1338.3140513728995,0.5317508724136006,1331
8205,1338.3140513728995,0.5317508724136006,1331
8206,1338.3140513728995,0.5317508724136006,1331
8207,1338.3140513728995,0.5317508724136006,1331
8208,1338.3140513728995,0.5317508724136006,1331
8209,1338.3140513728995,0.5317508724136006,1331
8210,1338.3140513728995,0.5317508724136006,1331
8211,1338.3140513728995,0.5317508724136006,1331
8212,1338.3140513728995,0.5317508724136006,1331
8213,1338.3140513728995,0.5317508724136006,1331
8214,1338.3140513728995,0.5317508724136006,1331
8215,1338.3140513728995,0.5317508724136006,1331
8216,1338.3140513728995,0.5317508724136006,1331
8217,1338.3140513728995,0.5317508724136006,1331
8218,1338.3140513728995,0.5317508724136006,1331
8219,1338.3140513728995,0.5317508724136006,1331
8220,1338.3140513728995,0.5317508724136006,1331
8221,1338.3140513728995,0.5317508724136006,1331
8222,1338.3140513728995,0.5317508724136006,1331
8223,1338.3140513728995,0.5317508724136006,1331
8224,1338.3140513728995,0.5317508724136006,1331
8225,1338.3140513728995,0.5317508724136006,1331
8226,1338.3140513728995,0.5317508724136006,1331
8227,1338.3140513728995,0.5317508724136006,1331
8228,1338.3140513728995,0.5317508724136006,1331
8229,1338.3140513728995,0.5317508724136006,1331
8230,1338.3140513728995,0.5317508724136006,1331
8231,1338.3140513728995,0.5317508724136006,1331
8232,1338.3140513728995,0.5317508724136006,1331
8233,1338.3140513728995,0.5317508724136006,1331
8234,1338.3140513728995,0.5317508724136006,1331
8235,1338.3140513728995,0.5317508724136006,1331
8236,1338.3140513728995,0.5317508724136006,1331
8237,1338.3140513728995,0.5317508724136006,1331
8238,1338.3140513728995,0.5317508724136006,1331
8239,1338.3140513728995,0.5317508724136006,1331
8240,1338.3140513728995,0.5317508724136006,1331
8241,1338.3140513728995,0.5317508724136006,1331
8242,1338.3140513728995,0.5317508724136006,1331
8243,1338.3140513728995,0.5317508724136006,1331
8244,1338.3140513728995,0.5317508724136006,1331
8245,1338.3140513728995,0.5317508724136006,1331
8246,1338.3140513728995,0.5317508724136006,1331
8247,1338.3140513728995,0.5317508724136006,1331
8248,1338.3140513728995,0.5317508724136006,1331
8249,1338.3140513728995,0.5317508724136006,1331
8250,1338.3140513728995,0.5317508724136006,1331
8251,1338.3140513728995,0.5317508724136006,1331
8252,1338.3140513728995,0.5317508724136006,1331
8253,1338.3140513728995,0.5317508724136006,1331
8254,1338.3140513728995,0.5317508724136006,1331
8255,1338.3140513728995,0.5317508724136006,1331
8256,1338.3140513728995,0.5317508724136006,1331
8257,1338.3140513728995,0.5317508724136006,1331
8258,1338.3140513728995,0.5317508724136006,1331
8259,1338.3140513728995,0.5317508724136006,1331
8260,1338.3140513728995,0.5317508724136006,1331
8261,1338.3140513728995,0.5317508724136006,1331
8262,1338.3140513728995,0.5317508724136006,1331
8263,1338.3140513728995,0.5317508724136006,1331
8264,1338.3140513728995,0.5317508724136006,1331
8265,1338.3140513728995,0.5317508724136006,1331
8266,1338.3140513728995,0.5317508724136006,1331
8267,1338.3140513728995,0.5317508724136006,1331
8268,1338.3140513728995,0.5317508724136006,1331
8269,1338.3140513728995,0.5317508724136006,1331
8270,1338.3140513728995,0.5317508724136006,1331
8271,1338.3140513728995,0.5317508724136006,1331
8272,1338.3140513728995,0.5317508724136006,1331
8273,1338.3140513728995,0.5317508724136006,1331
8274,1338.3140513728995,0.5317508724136006,1331
8275,1338.3140513728995,0.5317508724136006,1331
8276,1338.3140513728995,0.5317508724136006,1331
8277,1338.3140513728995,0.5317508724136006,1331
8278,1338.3140513728995,0.5317508724136006,1331
8279,1338.3140513728995,0.5317508724136006,1331
8280,1338.3140513728995,0.5317508724136006,1331
8281,1338.3140513728995,0.5317508724136006,1331
8282,1338.3140513728995,0.5317508724136006,1331
8283,1338.3140513728995,0.5317508724136006,1331
8284,1338.3140513728995,0.5317508724136006,1331
8285,1338.3140513728995,0.5317508724136006,1331
8286,1338.3140513728995,0.5317508724136006,1331
8287,1338.3140513728995,0.5317508724136006,1331
8288,1338.3140513728995,0.5317508724136006,1331
8289,1338.3140513728995,0.5317508724136006,1331
8290,1338.3140513728995,0.5317508724136006,1331
8291,1338.3140513728995,0.5317508724136006,1331
8292,1338.3140513728995,0.5317508724136006,1331
8293,1338.3140513728995,0.5317508724136006,1331
8294,1338.3140513728995,0.5317508724136006,1331
8295,1338.3140513728995,0.5317508724136006,1331
8296,1338.3140513728995,0.5317508724136006,1331
8297,1338.3140513728995,0.5317508724136006,1331
8298,1338.3140513728995,0.5317508724136006,1331
8299,1338.3140513728995,0.5317508724136006,1331
8300,1338.3140513728995,0.5317508724136006,1331
8301,1338.3140513728995,0.5317508724136006,1331
8302,1338.3140513728995,0.5317508724136006,1331
8303,1338.3140513728995,0.5317508724136006,1331
8304,1338.3140513728995,0.5317508724136006,1331
8305,1338.3140513728995,0.5317508724136006,1331
8306,1338.3140513728995,0.5317508724136006,1331
8307,1338.3140513728995,0.5317508724136006,1331
8308,1338.3140513728995,0.5317508724136006,1331
8309,1338.3140513728995,0.5317508724136006,1331
8310,1338.3140513728995,0.5317508724136006,1331
8311,1338.3140513728995,0.5317508724136006,1331
8312,1338.3140513728995,0.5317508724136006,1331
8313,1338.3140513728995,0.5317508724136006,1331
8314,1338.3140513728995,0.5317508724136006,1331
8315,1338.3140513728995,0.5317508724136006,1331
8316,1338.3140513728995,0.5317508724136006,1331
8317,1338.3140513728995,0.5317508724136006,1331
8318,1338.3140513728995,0.5317508724136006,1331
8319,1338.3140513728995,0.5317508724136006,1331
8320,1338.3140513728995,0.5317508724136006,1331
8321,1338.3140513728995,0.5317508724136006,1331
8322,1338.3140513728995,0.5317508724136006,1331
8323,1338.3140513728995,0.5317508724136006,1331
8324,1338.3140513728995,0.5317508724136006,1331
8325,1338.3140513728995,0.5317508724136006,1331
8326,1338.3140513728995,0.5317508724136006,1331
8327,1338.3140513728995,0.5317508724136006,1331
8328,1338.3140513728995,0.5317508724136006,1331
8329,1338.3140513728995,0.5317508724136006,1331
8330,1338.3140513728995,0.5317508724136006,1331
8331,1338.3140513728995,0.5317508724136006,1331
8332,1338.3140513728995,0.5317508724136006,1331
8333,1338.3140513728995,0.5317508724136006,1331
8334,1338.3140513728995,0.5317508724136006,1331
8335,1338.3140513728995,0.5317508724136006,1331
8336,1338.3140513728995,0.5317508724136006,1331
8337,1338.3140513728995,0.5317508724136006,1331
8338,1338.3140513728995,0.5317508724136006,1331
8339,1338.3140513728995,0.5317508724136006,1331
8340,1338.3140513728995,0.5317508724136006,1331
8341,1338.3140513728995,0.5317508724136006,1331
8342,1338.3140513728995,0.5317508724136006,1331
8343,1338.3140513728995,0.5317508724136006,1331
8344,1338.3140513728995,0.5317508724136006,1331
8345,1338.3140513728995,0.5317508724136006,1331
8346,1338.3140513728995,0.5317508724136006,1331
8347,1338.3140513728995,0.5317508724136006,1331
8348,1338.3140513728995,0.5317508724136006,1331
8349,1338.3140513728995,0.5317508724136006,1331
8350,1338.3140513728995,0.5317508724136006,1331
8351,1338.3140513728995,0.5317508724136006,1331
8352,1338.3140513728995,0.5317508724136006,1331
8353,1338.3140513728995,0.5317508724136006,1331
8354,1338.3140513728995,0.5317508724136006,1331
8355,1338.3140513728995,0.5317508724136006,1331
8356,1338.3140513728995,0.5317508724136006,1331
8357,1338.3140513728995,0.5317508724136006,1331
8358,1338.3140513728995,0.5317508724136006,1331
8359,1338.3140513728995,0.5317508724136006,1331
8360,1338.3140513728995,0.5317508724136006,1331
8361,1338.3140513728995,0.5317508724136006,1331
8362,1338.3140513728995,0.5317508724136006,1331
8363,1338.3140513728995,0.5317508724136006,1331
8364,1338.3140513728995,0.5317508724136006,1331
8365,1338.3140513728995,0.5317508724136006,1331
8366,1338.3140513728995,0.5317508724136006,1331
8367,1338.3140513728995,0.5317508724136006,1331
8368,1338.3140513728995,0.5317508724136006,1331
8369,1338.3140513728995,0.5317508724136006,1331
8370,1338.3140513728995,0.5317508724136006,1331
8371,1338.3140513728995,0.5317508724136006,1331
8372,1338.3140513728995,0.5317508724136006,1331
8373,1338.3140513728995,0.5317508724136006,1331
8374,1338.3140513728995,0.5317508724136006,1331
8375,1338.3140513728995,0.5317508724136006,1331
8376,1338.3140513728995,0.5317508724136006,1331
8377,1338.3140513728995,0.5317508724136006,1331
8378,1338.3140513728995,0.5317508724136006,1331
8379,1338.3140513728995,0.5317508724136006,1331
8380,1338.3140513728995,0.5317508724136006,1331
8381,1338.3140513728995,0.5317508724136006,1331
8382,1338.3140513728995,0.5317508724136006,1331
8383,1338.3140513728995,0.5317508724136006,1331
8384,1338.3140513728995,0.5317508724136006,1331
8385,1338.3140513728995,0.5317508724136006,1331
8386,1338.3140513728995,0.5317508724136006,1331
8387,1338.3140513728995,0.5317508724136006,1331
8388,1338.3140513728995,0.5317508724136006,1331
8389,1338.3140513728995,0.5317508724136006,1331
8390,1338.3140513728995,0.5317508724136006,1331
8391,1338.3140513728995,0.5317508724136006,1331
8392,1338.3140513728995,0.5317508724136006,1331
8393,1338.3140513728995,0.5317508724136006,1331
8394,1338.3140513728995,0.5317508724136006,1331
8395,1338.3140513728995,0.5317508724136006,1331
8396,1338.3140513728995,0.5317508724136006,1331
8397,1338.3140513728995,0.5317508724136006,1331
8398,1338.3140513728995,0.5317508724136006,1331
8399,1338.3140513728995,0.5317508724136006,1331
8400,1338.3140513728995,0.5317508724136006,1331
8401,1338.3140513728995,0.5317508724136006,1331
8402,1338.3140513728995,0.5317508724136006,1331
8403,1338.3140513728995,0.5317508724136006,1331
8404,1338.3140513728995,0.5317508724136006,1331
8405,1338.3140513728995,0.5317508724136006,1331
8406,1338.3140513728995,0.5317508724136006,1331
8407,1338.3140513728995,0.5317508724136006,1331
8408,1338.3140513728995,0.5317508724136006,1331
8409,1350.3186132295352,0.5314588201321834,1343
8410,1350.3186132295352,0.5314588201321834,1343
8411,1350.3186132295352,0.5314588201321834,1343
8412,1350.3186132295352,0.5314588201321834,1343
8413,1350.3186132295352,0.5314588201321834,1343
8414,1350.3186132295352,0.5314588201321834,1343
8415,1350.3186132295352,0.5314588201321834,1343
8416,1350.3186132295352,0.5314588201321834,1343
8417,1350.3186132295352,0.5314588201321834,1343
8418,1350.3186132295352,0.5314588201321834,1343
8419,1350.3186132295352,0.5314588201321834,1343
8420,1350.3186132295352,0.5314588201321834,1343
8421,1350.3186132295352,0.5314588201321834,1343
8422,1350.3186132295352,0.5314588201321834,1343
8423,1350.3186132295352,0.5314588201321834,1343
8424,1350.3186132295352,0.5314588201321834,1343
8425,1350.3186132295352,0.5314588201321834,1343
8426,1366.3245668663249,0.5310776654081395,1359
8427,1366.3245668663249,0.5310776654081395,1359
8428,1366.3245668663249,0.5310776654081395,1359
8429,1353.3197406238965,0.5313866437966429,1346
8430,1353.3197406238965,0.5313866437966429,1346
8431,1353.3197406238965,0.5313866437966429,1346
8432,1353.3197406238965,0.5313866437966429,1346
8433,1353.3197406238965,0.5313866437966429,1346
8434,1353.3197406238965,0.5313866437966429,1346
8435,1353.3197406238965,0.5313866437966429,1346
8436,1353.3197406238965,0.5313866437966429,1346
8437,1353.3197406238965,0.5313866437966429,1346
8438,1353.3197406238965,0.5313866437966429,1346
8439,1353.3197406238965,0.5313866437966429,1346
8440,1352.3193654004442,0.5314106657846175,1345
8441,1352.3193654004442,0.5314106657846175,1345
8442,1352.3193654004442,0.5314106657846175,1345
8443,1352.3193654004442,0.5314106657846175,1345
8444,1352.3193654004442,0.5314106657846175,1345
8445,1352.3193654004442,0.5314106657846175,1345
8446,1352.3193654004442,0.5314106657846175,1345
8447,1352.3193654004442,0.5314106657846175,1345
8448,1352.3193654004442,0.5314106657846175,1345
8449,1352.3193654004442,0.5314106657846175,1345
8450,1352.3193654004442,0.5314106657846175,1345
8451,1352.3193654004442,0.5314106657846175,1345
8452,1352.3193654004442,0.5314106657846175,1345
8453,1352.3193654004442,0.5314106657846175,1345
8454,1352.3193654004442,0.5314106657846175,1345
8455,1360.3223512195123,0.531219512195122,1353
8456,1360.3223512195123,0.531219512195122,1353
8457,1360.3223512195123,0.531219512195122,1353
8458,1360.3223512195123,0.531219512195122,1353
8459,1360.3223512195123,0.531219512195122,1353
8460,1360.3223512195123,0.531219512195122,1353
8461,1360.3223512195123,0.531219512195122,1353
8462,1360.3223512195123,0.531219512195122,1353
8463,1360.3223512195123,0.531219512195122,1353
8464,1360.3223512195123,0.531219512195122,1353
8465,1360.3223512195123,0.531219512195122,1353
8466,1360.3223512195123,0.531219512195122,1353
8467,1360.3223512195123,0.531219512195122,1353
8468,1360.3223512195123,0.531219512195122,1353
8469,1360.3223512195123,0.531219512195122,1353
8470,1360.3223512195123,0.531219512195122,1353
8471,1360.3223512195123,0.531219512195122,1353
8472,1360.3223512195123,0.531219512195122,1353
8473,1360.3223512195123,0.531219512195122,1353
8474,1360.3223512195123,0.531219512195122,1353
8475,1360.3223512195123,0.531219512195122,1353
8476,1360.3223512195123,0.531219512195122,1353
8477,1360.3223512195123,0.531219512195122,1353
8478,1360.3223512195123,0.531219512195122,1353
8479,1360.3223512195123,0.531219512195122,1353
8480,1360.3223512195123,0.531219512195122,1353
8481,1360.3223512195123,0.531219512195122,1353
8482,1360.3223512195123,0.531219512195122,1353
8483,1360.3223512195123,0.531219512195122,1353
8484,1360.3223512195123,0.531219512195122,1353
8485,1360.3223512195123,0.531219512195122,1353
8486,1360.3223512195123,0.531219512195122,1353
8487,1360.3223512195123,0.531219512195122,1353
8488,1360.3223512195123,0.531219512195122,1353
8489,1360.3223512195123,0.531219512195122,1353
8490,1360.3223512195123,0.531219512195122,1353
8491,1360.3223512195123,0.531219512195122,1353
8492,1360.3223512195123,0.531219512195122,1353
8493,1360.3223512195123,0.531219512195122,1353
8494,1360.3223512195123,0.531219512195122,1353
8495,1360.3223512195123,0.531219512195122,1353
8496,1360.3223512195123,0.531219512195122,1353
8497,1360.3223512195123,0.531219512195122,1353
8498,1360.3223512195123,0.531219512195122,1353
8499,1360.3223512195123,0.531219512195122,1353
8500,1360.3223512195123,0.531219512195122,1353
8501,1360.3223512195123,0.531219512195122,1353
8502,1360.3223512195123,0.531219512195122,1353
8503,1360.3223512195123,0.531219512195122,1353
8504,1360.3223512195123,0.531219512195122,1353
8505,1360.3223512195123,0.531219512195122,1353
8506,1346.3171019546571,0.5315555726852003,1339
8507,1346.3171019546571,0.5315555726852003,1339
8508,1346.3171019546571,0.5315555726852003,1339
8509,1346.3171019546571,0.5315555726852003,1339
8510,1346.3171019546571,0.5315555726852003,1339
8511,1346.3171019546571,0.5315555726852003,1339
8512,1346.3171019546571,0.5315555726852003,1339
8513,1346.3171019546571,0.5315555726852003,1339
8514,1346.3171019546571,0.5315555726852003,1339
8515,1346.3171019546571,0.5315555726852003,1339
8516,1346.3171019546571,0.5315555726852003,1339
8517,1346.3171019546571,0.5315555726852003,1339
8518,1346.3171019546571,0.5315555726852003,1339
8519,1346.3171019546571,0.5315555726852003,1339
8520,1346.3171019546571,0.5315555726852003,1339
8521,1346.3171019546571,0.5315555726852003,1339
8522,1346.3171019546571,0.5315555726852003,1339
8523,1346.3171019546571,0.5315555726852003,1339
8524,1346.3171019546571,0.5315555726852003,1339
8525,1346.3171019546571,0.5315555726852003,1339
8526,1346.3171019546571,0.5315555726852003,1339
8527,1346.3171019546571,0.5315555726852003,1339
8528,1346.3171019546571,0.5315555726852003,1339
8529,1346.3171019546571,0.5315555726852003,1339
8530,1346.3171019546571,0.5315555726852003,1339
8531,1346.3171019546571,0.5315555726852003,1339
8532,1346.3171019546571,0.5315555726852003,1339
8533,1346.3171019546571,0.5315555726852003,1339
8534,1346.3171019546571,0.5315555726852003,1339
8535,1346.3171019546571,0.5315555726852003,1339
8536,1346.3171019546571,0.5315555726852003,1339
8537,1346.3171019546571,0.5315555726852003,1339
8538,1346.3171019546571,0.5315555726852003,1339
8539,1346.3171019546571,0.5315555726852003,1339
8540,1346.3171019546571,0.5315555726852003,1339
8541,1346.3171019546571,0.5315555726852003,1339
8542,1346.3171019546571,0.5315555726852003,1339
8543,1346.3171019546571,0.5315555726852003,1339
8544,1346.3171019546571,0.5315555726852003,1339
8545,1346.3171019546571,0.5315555726852003,1339
8546,1346.3171019546571,0.5315555726852003,1339
8547,1346.3171019546571,0.5315555726852003,1339
8548,1346.3171019546571,0.5315555726852003,1339
8549,1346.3171019546571,0.5315555726852003,1339
8550,1346.3171019546571,0.5315555726852003,1339
8551,1346.3171019546571,0.5315555726852003,1339
8552,1346.3171019546571,0.5315555726852003,1339
8553,1346.3171019546571,0.5315555726852003,1339
8554,1346.3171019546571,0.5315555726852003,1339
8555,1346.3171019546571,0.5315555726852003,1339
8556,1346.3171019546571,0.5315555726852003,1339
8557,1346.3171019546571,0.5315555726852003,1339
8558,1344.3163428293751,0.5316041722551101,1337
8559,1347.3174806433317,0.5315313288520036,1340
8560,1347.3174806433317,0.5315313288520036,1340
8561,1347.3174806433317,0.5315313288520036,1340
8562,1347.3174806433317,0.5315313288520036,1340
8563,1347.3174806433317,0.5315313288520036,1340
8564,1347.3174806433317,0.5315313288520036,1340
8565,1347.3174806433317,0.5315313288520036,1340
8566,1347.3174806433317,0.5315313288520036,1340
8567,1347.3174806433317,0.5315313288520036,1340
8568,1347.3174806433317,0.5315313288520036,1340
8569,1347.3174806433317,0.5315313288520036,1340
8570,1347.3174806433317,0.5315313288520036,1340
8571,1347.3174806433317,0.5315313288520036,1340
8572,1347.3174806433317,0.5315313288520036,1340
8573,1347.3174806433317,0.5315313288520036,1340
8574,1347.3174806433317,0.5315313288520036,1340
8575,1347.3174806433317,0.5315313288520036,1340
8576,1347.3174806433317,0.5315313288520036,1340
8577,1347.3174806433317,0.5315313288520036,1340
8578,1347.3174806433317,0.5315313288520036,1340
8579,1347.3174806433317,0.5315313288520036,1340
8580,1347.3174806433317,0.5315313288520036,1340
8581,1347.3174806433317,0.5315313288520036,1340
8582,1347.3174806433317,0.5315313288520036,1340
8583,1347.3174806433317,0.5315313288520036,1340
8584,1347.3174806433317,0.5315313288520036,1340
8585,1347.3174806433317,0.5315313288520036,1340
8586,1347.3174806433317,0.5315313288520036,1340
8587,1347.3174806433317,0.5315313288520036,1340
8588,1347.3174806433317,0.5315313288520036,1340
8589,1347.3174806433317,0.5315313288520036,1340
8590,1347.3174806433317,0.5315313288520036,1340
8591,1347.3174806433317,0.5315313288520036,1340
8592,1347.3174806433317,0.5315313288520036,1340
8593,1347.3174806433317,0.5315313288520036,1340
8594,1347.3174806433317,0.5315313288520036,1340
8595,1347.3174806433317,0.5315313288520036,1340
8596,1347.3174806433317,0.5315313288520036,1340
8597,1347.3174806433317,0.5315313288520036,1340
8598,1347.3174806433317,0.5315313288520036,1340
8599,1347.3174806433317,0.5315313288520036,1340
8600,1347.3174806433317,0.5315313288520036,1340
8601,1347.3174806433317,0.5315313288520036,1340
8602,1347.3174806433317,0.5315313288520036,1340
8603,1347.3174806433317,0.5315313288520036,1340
8604,1347.3174806433317,0.5315313288520036,1340
8605,1347.3174806433317,0.5315313288520036,1340
8606,1347.3174806433317,0.5315313288520036,1340
8607,1347.3174806433317,0.5315313288520036,1340
8608,1347.3174806433317,0.5315313288520036,1340
8609,1347.3174806433317,0.5315313288520036,1340
8610,1347.3174806433317,0.5315313288520036,1340
8611,1347.3174806433317,0.5315313288520036,1340
8612,1347.3174806433317,0.5315313288520036,1340
8613,1347.3174806433317,0.5315313288520036,1340
8614,1347.3174806433317,0.5315313288520036,1340
8615,1347.3174806433317,0.5315313288520036,1340
8616,1347.3174806433317,0.5315313288520036,1340
8617,1347.3174806433317,0.5315313288520036,1340
8618,1347.3174806433317,0.5315313288520036,1340
8619,1347.3174806433317,0.5315313288520036,1340
8620,1347.3174806433317,0.5315313288520036,1340
8621,1347.3174806433317,0.5315313288520036,1340
8622,1347.3174806433317,0.5315313288520036,1340
8623,1347.3174806433317,0.5315313288520036,1340
8624,1347.3174806433317,0.5315313288520036,1340
8625,1347.3174806433317,0.5315313288520036,1340
8626,1347.3174806433317,0.5315313288520036,1340
8627,1347.3174806433317,0.5315313288520036,1340
8628,1347.3174806433317,0.5315313288520036,1340
8629,1347.3174806433317,0.5315313288520036,1340
8630,1347.3174806433317,0.5315313288520036,1340
8631,1347.3174806433317,0.5315313288520036,1340
8632,1347.3174806433317,0.5315313288520036,1340
8633,1347.3174806433317,0.5315313288520036,1340
8634,1347.3174806433317,0.5315313288520036,1340
8635,1347.3174806433317,0.5315313288520036,1340
8636,1347.3174806433317,0.5315313288520036,1340
8637,1347.3174806433317,0.5315313288520036,1340
8638,1347.3174806433317,0.5315313288520036,1340
8639,1347.3174806433317,0.5315313288520036,1340
8640,1347.3174806433317,0.5315313288520036,1340
8641,1347.3174806433317,0.5315313288520036,1340
8642,1347.3174806433317,0.5315313288520036,1340
8643,1347.3174806433317,0.5315313288520036,1340
8644,1347.3174806433317,0.5315313288520036,1340
8645,1347.3174806433317,0.5315313288520036,1340
8646,1347.3174806433317,0.5315313288520036,1340
8647,1347.3174806433317,0.5315313288520036,1340
8648,1347.3174806433317,0.5315313288520036,1340
8649,1347.3174806433317,0.5315313288520036,1340
8650,1347.3174806433317,0.5315313288520036,1340
8651,1347.3174806433317,0.5315313288520036,1340
8652,1347.3174806433317,0.5315313288520036,1340
8653,1347.3174806433317,0.5315313288520036,1340
8654,1347.3174806433317,0.5315313288520036,1340
8655,1347.3174806433317,0.5315313288520036,1340
8656,1347.3174806433317,0.5315313288520036,1340
8657,1347.3174806433317,0.5315313288520036,1340
8658,1347.3174806433317,0.5315313288520036,1340
8659,1347.3174806433317,0.5315313288520036,1340
8660,1360.0867314313955,0.5463040056725093,1353
8661,1359.285150490425,0.5336011209715087,1352
8662,1359.285150490425,0.5336011209715087,1352
8663,1359.285150490425,0.5336011209715087,1352
8664,1359.285150490425,0.5336011209715087,1352
8665,1359.285150490425,0.5336011209715087,1352
8666,1359.285150490425,0.5336011209715087,1352
8667,1362.2247748087425,0.5374664014889607,1355
8668,1347.3174806433317,0.5315313288520036,1340
8669,1347.3174806433317,0.5315313288520036,1340
8670,1347.3174806433317,0.5315313288520036,1340
8671,1347.3174806433317,0.5315313288520036,1340
8672,1347.3174806433317,0.5315313288520036,1340
8673,1347.3174806433317,0.5315313288520036,1340
8674,1347.3174806433317,0.5315313288520036,1340
8675,1347.3174806433317,0.5315313288520036,1340
8676,1347.3174806433317,0.5315313288520036,1340
8677,1347.3174806433317,0.5315313288520036,1340
8678,1347.3174806433317,0.5315313288520036,1340
8679,1347.3174806433317,0.5315313288520036,1340
8680,1347.3174806433317,0.5315313288520036,1340
8681,1347.3174806433317,0.5315313288520036,1340
8682,1347.3174806433317,0.5315313288520036,1340
8683,1347.3174806433317,0.5315313288520036,1340
8684,1347.3174806433317,0.5315313288520036,1340
8685,1347.3174806433317,0.5315313288520036,1340
8686,1347.3174806433317,0.5315313288520036,1340
8687,1347.3174806433317,0.5315313288520036,1340
8688,1347.3174806433317,0.5315313288520036,1340
8689,1347.3174806433317,0.5315313288520036,1340
8690,1347.3174806433317,0.5315313288520036,1340
8691,1347.3174806433317,0.5315313288520036,1340
8692,1347.3174806433317,0.5315313288520036,1340
8693,1347.3174806433317,0.5315313288520036,1340
8694,1347.3174806433317,0.5315313288520036,1340
8695,1347.3174806433317,0.5315313288520036,1340
8696,1347.3174806433317,0.5315313288520036,1340
8697,1347.3174806433317,0.5315313288520036,1340
8698,1347.3174806433317,0.5315313288520036,1340
8699,1347.3174806433317,0.5315313288520036,1340
8700,1347.3174806433317,0.5315313288520036,1340
8701,1347.3174806433317,0.5315313288520036,1340
8702,1347.3174806433317,0.5315313288520036,1340
8703,1347.3174806433317,0.5315313288520036,1340
8704,1347.3174806433317,0.5315313288520036,1340
8705,1347.3174806433317,0.5315313288520036,1340
8706,1347.3174806433317,0.5315313288520036,1340
8707,1347.3174806433317,0.5315313288520036,1340
8708,1347.3174806433317,0.5315313288520036,1340
8709,1347.3174806433317,0.5315313288520036,1340
8710,1347.3174806433317,0.5315313288520036,1340
8711,1347.3174806433317,0.5315313288520036,1340
8712,1347.3174806433317,0.5315313288520036,1340
8713,1347.3174806433317,0.5315313288520036,1340
8714,1347.3174806433317,0.5315313288520036,1340
8715,1347.3174806433317,0.5315313288520036,1340
8716,1347.3174806433317,0.5315313288520036,1340
8717,1347.3174806433317,0.5315313288520036,1340
8718,1347.3174806433317,0.5315313288520036,1340
8719,1347.3174806433317,0.5315313288520036,1340
8720,1347.3174806433317,0.5315313288520036,1340
8721,1347.3174806433317,0.5315313288520036,1340
8722,1347.3174806433317,0.5315313288520036,1340
8723,1347.3174806433317,0.5315313288520036,1340
8724,1347.3174806433317,0.5315313288520036,1340
8725,1347.3174806433317,0.5315313288520036,1340
8726,1347.3174806433317,0.5315313288520036,1340
8727,1347.3174806433317,0.5315313288520036,1340
8728,1347.3174806433317,0.5315313288520036,1340
8729,1347.3174806433317,0.5315313288520036,1340
8730,1347.3174806433317,0.5315313288520036,1340
8731,1347.3174806433317,0.5315313288520036,1340
8732,1347.3174806433317,0.5315313288520036,1340
8733,1347.3174806433317,0.5315313288520036,1340
8734,1347.3174806433317,0.5315313288520036,1340
8735,1347.3174806433317,0.5315313288520036,1340
8736,1347.3174806433317,0.5315313288520036,1340
8737,1347.3174806433317,0.5315313288520036,1340
8738,1347.3174806433317,0.5315313288520036,1340
8739,1347.3174806433317,0.5315313288520036,1340
8740,1347.3174806433317,0.5315313288520036,1340
8741,1347.3174806433317,0.5315313288520036,1340
8742,1347.3174806433317,0.5315313288520036,1340
8743,1347.3174806433317,0.5315313288520036,1340
8744,1347.3174806433317,0.5315313288520036,1340
8745,1347.3174806433317,0.5315313288520036,1340
8746,1347.3174806433317,0.5315313288520036,1340
8747,1347.3174806433317,0.5315313288520036,1340
8748,1347.3174806433317,0.5315313288520036,1340
8749,1347.3174806433317,0.5315313288520036,1340
8750,1347.3174806433317,0.5315313288520036,1340
8751,1347.3174806433317,0.5315313288520036,1340
8752,1347.3174806433317,0.5315313288520036,1340
8753,1347.3174806433317,0.5315313288520036,1340
8754,1347.3174806433317,0.5315313288520036,1340
8755,1347.3174806433317,0.5315313288520036,1340
8756,1347.3174806433317,0.5315313288520036,1340
8757,1347.3174806433317,0.5315313288520036,1340
8758,1347.3174806433317,0.5315313288520036,1340
8759,1347.3174806433317,0.5315313288520036,1340
8760,1347.3174806433317,0.5315313288520036,1340
8761,1347.3174806433317,0.5315313288520036,1340
8762,1347.3174806433317,0.5315313288520036,1340
8763,1347.3174806433317,0.5315313288520036,1340
8764,1347.3174806433317,0.5315313288520036,1340
8765,1347.3174806433317,0.5315313288520036,1340
8766,1347.3174806433317,0.5315313288520036,1340
8767,1347.3174806433317,0.5315313288520036,1340
8768,1347.3174806433317,0.5315313288520036,1340
8769,1347.3174806433317,0.5315313288520036,1340
8770,1347.3174806433317,0.5315313288520036,1340
8771,1347.3174806433317,0.5315313288520036,1340
8772,1347.3174806433317,0.5315313288520036,1340
8773,1347.3174806433317,0.5315313288520036,1340
8774,1347.3174806433317,0.5315313288520036,1340
8775,1347.3174806433317,0.5315313288520036,1340
8776,1347.3174806433317,0.5315313288520036,1340
8777,1347.3174806433317,0.5315313288520036,1340
8778,1347.3174806433317,0.5315313288520036,1340
8779,1347.3174806433317,0.5315313288520036,1340
8780,1347.3174806433317,0.5315313288520036,1340
8781,1347.3174806433317,0.5315313288520036,1340
8782,1347.3174806433317,0.5315313288520036,1340
8783,1347.3174806433317,0.5315313288520036,1340
8784,1347.3174806433317,0.5315313288520036,1340
8785,1347.3174806433317,0.5315313288520036,1340
8786,1347.3174806433317,0.5315313288520036,1340
8787,1347.3174806433317,0.5315313288520036,1340
8788,1347.3174806433317,0.5315313288520036,1340
8789,1347.3174806433317,0.5315313288520036,1340
8790,1347.3174806433317,0.5315313288520036,1340
8791,1347.3174806433317,0.5315313288520036,1340
8792,1347.3174806433317,0.5315313288520036,1340
8793,1347.3174806433317,0.5315313288520036,1340
8794,1347.3174806433317,0.5315313288520036,1340
8795,1347.3174806433317,0.5315313288520036,1340
8796,1347.3174806433317,0.5315313288520036,1340
8797,1347.3174806433317,0.5315313288520036,1340
8798,1347.3174806433317,0.5315313288520036,1340
8799,1347.3174806433317,0.5315313288520036,1340
8800,1347.3174806433317,0.5315313288520036,1340
8801,1347.3174806433317,0.5315313288520036,1340
8802,1347.3174806433317,0.5315313288520036,1340
8803,1347.3174806433317,0.5315313288520036,1340
8804,1347.3174806433317,0.5315313288520036,1340
8805,1347.3174806433317,0.5315313288520036,1340
8806,1347.3174806433317,0.5315313288520036,1340
8807,1347.3174806433317,0.5315313288520036,1340
8808,1347.3174806433317,0.5315313288520036,1340
8809,1347.3174806433317,0.5315313288520036,1340
8810,1347.3174806433317,0.5315313288520036,1340
8811,1347.3174806433317,0.5315313288520036,1340
8812,1347.3174806433317,0.5315313288520036,1340
8813,1347.3174806433317,0.5315313288520036,1340
8814,1347.3174806433317,0.5315313288520036,1340
8815,1347.3174806433317,0.5315313288520036,1340
8816,1347.3174806433317,0.5315313288520036,1340
8817,1347.3174806433317,0.5315313288520036,1340
8818,1347.3174806433317,0.5315313288520036,1340
8819,1347.3174806433317,0.5315313288520036,1340
8820,1347.3174806433317,0.5315313288520036,1340
8821,1347.3174806433317,0.5315313288520036,1340
8822,1347.3174806433317,0.5315313288520036,1340
8823,1347.3174806433317,0.5315313288520036,1340
8824,1347.3174806433317,0.5315313288520036,1340
8825,1347.3174806433317,0.5315313288520036,1340
8826,1347.3174806433317,0.5315313288520036,1340
8827,1347.3174806433317,0.5315313288520036,1340
8828,1347.3174806433317,0.5315313288520036,1340
8829,1347.3174806433317,0.5315313288520036,1340
8830,1347.3174806433317,0.5315313288520036,1340
8831,1347.3174806433317,0.5315313288520036,1340
8832,1347.3174806433317,0.5315313288520036,1340
8833,1347.3174806433317,0.5315313288520036,1340
8834,1347.3174806433317,0.5315313288520036,1340
8835,1347.3174806433317,0.5315313288520036,1340
8836,1347.3174806433317,0.5315313288520036,1340
8837,1347.3174806433317,0.5315313288520036,1340
8838,1347.3174806433317,0.5315313288520036,1340
8839,1347.3174806433317,0.5315313288520036,1340
8840,1347.3174806433317,0.5315313288520036,1340
8841,1347.3174806433317,0.5315313288520036,1340
8842,1347.3174806433317,0.5315313288520036,1340
8843,1347.3174806433317,0.5315313288520036,1340
8844,1347.3174806433317,0.5315313288520036,1340
8845,1347.3174806433317,0.5315313288520036,1340
8846,1347.3174806433317,0.5315313288520036,1340
8847,1347.3174806433317,0.5315313288520036,1340
8848,1347.3174806433317,0.5315313288520036,1340
8849,1347.3174806433317,0.5315313288520036,1340
8850,1347.3174806433317,0.5315313288520036,1340
8851,1347.3174806433317,0.5315313288520036,1340
8852,1347.3174806433317,0.5315313288520036,1340
8853,1347.3174806433317,0.5315313288520036,1340
8854,1347.3174806433317,0.5315313288520036,1340
8855,1347.3174806433317,0.5315313288520036,1340
8856,1347.3174806433317,0.5315313288520036,1340
8857,1347.3174806433317,0.5315313288520036,1340
8858,1347.3174806433317,0.5315313288520036,1340
8859,1347.3174806433317,0.5315313288520036,1340
8860,1347.3174806433317,0.5315313288520036,1340
8861,1347.3174806433317,0.5315313288520036,1340
8862,1347.3174806433317,0.5315313288520036,1340
8863,1347.3174806433317,0.5315313288520036,1340
8864,1347.3174806433317,0.5315313288520036,1340
8865,1347.3174806433317,0.5315313288520036,1340
8866,1347.3174806433317,0.5315313288520036,1340
8867,1347.3174806433317,0.5315313288520036,1340
8868,1347.3174806433317,0.5315313288520036,1340
8869,1347.3174806433317,0.5315313288520036,1340
8870,1347.3174806433317,0.5315313288520036,1340
8871,1347.3174806433317,0.5315313288520036,1340
8872,1347.3174806433317,0.5315313288520036,1340
8873,1347.3174806433317,0.5315313288520036,1340
8874,1347.3174806433317,0.5315313288520036,1340
8875,1347.3174806433317,0.5315313288520036,1340
8876,1347.3174806433317,0.5315313288520036,1340
8877,1347.3174806433317,0.5315313288520036,1340
8878,1347.3174806433317,0.5315313288520036,1340
8879,1347.3174806433317,0.5315313288520036,1340
8880,1347.3174806433317,0.5315313288520036,1340
8881,1347.3174806433317,0.5315313288520036,1340
8882,1347.3174806433317,0.5315313288520036,1340
8883,1347.3174806433317,0.5315313288520036,1340
8884,1347.3174806433317,0.5315313288520036,1340
8885,1347.3174806433317,0.5315313288520036,1340
8886,1347.3174806433317,0.5315313288520036,1340
8887,1347.3174806433317,0.5315313288520036,1340
8888,1347.3174806433317,0.5315313288520036,1340
8889,1347.3174806433317,0.5315313288520036,1340
8890,1347.3174806433317,0.5315313288520036,1340
8891,1347.3174806433317,0.5315313288520036,1340
8892,1347.3174806433317,0.5315313288520036,1340
8893,1347.3174806433317,0.5315313288520036,1340
8894,1347.3174806433317,0.5315313288520036,1340
8895,1347.3174806433317,0.5315313288520036,1340
8896,1347.3174806433317,0.5315313288520036,1340
8897,1347.3174806433317,0.5315313288520036,1340
8898,1347.3174806433317,0.5315313288520036,1340
8899,1347.3174806433317,0.5315313288520036,1340
8900,1347.3174806433317,0.5315313288520036,1340
8901,1347.3174806433317,0.5315313288520036,1340
8902,1347.3174806433317,0.5315313288520036,1340
8903,1347.3174806433317,0.5315313288520036,1340
8904,1347.3174806433317,0.5315313288520036,1340
8905,1347.3174806433317,0.5315313288520036,1340
8906,1347.3174806433317,0.5315313288520036,1340
8907,1347.3174806433317,0.5315313288520036,1340
8908,1347.3174806433317,0.5315313288520036,1340
8909,1347.3174806433317,0.5315313288520036,1340
8910,1347.3174806433317,0.5315313288520036,1340
8911,1347.3174806433317,0.5315313288520036,1340
8912,1347.3174806433317,0.5315313288520036,1340
8913,1347.3174806433317,0.5315313288520036,1340
8914,1347.3174806433317,0.5315313288520036,1340
8915,1347.3174806433317,0.5315313288520036,1340
8916,1347.3174806433317,0.5315313288520036,1340
8917,1347.3174806433317,0.5315313288520036,1340
8918,1347.3174806433317,0.5315313288520036,1340
8919,1347.3174806433317,0.5315313288520036,1340
8920,1347.3174806433317,0.5315313288520036,1340
8921,1347.3174806433317,0.5315313288520036,1340
8922,1359.285150490425,0.5336011209715087,1352
8923,1359.285150490425,0.5336011209715087,1352
8924,1359.285150490425,0.5336011209715087,1352
8925,1359.285150490425,0.5336011209715087,1352
8926,1359.285150490425,0.5336011209715087,1352
8927,1359.285150490425,0.5336011209715087,1352
8928,1359.285150490425,0.5336011209715087,1352
8929,1359.285150490425,0.5336011209715087,1352
8930,1359.285150490425,0.5336011209715087,1352
8931,1359.285150490425,0.5336011209715087,1352
8932,1359.285150490425,0.5336011209715087,1352
8933,1359.285150490425,0.5336011209715087,1352
8934,1359.285150490425,0.5336011209715087,1352
8935,1359.285150490425,0.5336011209715087,1352
8936,1360.0867314313955,0.5463040056725093,1353
8937,1360.0867314313955,0.5463040056725093,1353
8938,1360.0867314313955,0.5463040056725093,1353
8939,1360.0867314313955,0.5463040056725093,1353
8940,1360.0867314313955,0.5463040056725093,1353
8941,1360.0867314313955,0.5463040056725093,1353
8942,1360.0867314313955,0.5463040056725093,1353
8943,1362.8473724258845,0.5616278856668112,1356
8944,1362.8473724258845,0.5616278856668112,1356
8945,1362.8473724258845,0.5616278856668112,1356
8946,1362.8473724258845,0.5616278856668112,1356
8947,1362.8473724258845,0.5616278856668112,1356
8948,1362.8473724258845,0.5616278856668112,1356
8949,1362.8473724258845,0.5616278856668112,1356
8950,1362.8473724258845,0.5616278856668112,1356
8951,1362.8473724258845,0.5616278856668112,1356
8952,1362.8473724258845,0.5616278856668112,1356
8953,1360.0992827714363,0.5455004627761683,1353
8954,1360.0992827714363,0.5455004627761683,1353
8955,1360.0992827714363,0.5455004627761683,1353
8956,1366.1025494883024,0.5452913259729516,1359
8957,1366.1025494883024,0.5452913259729516,1359
8958,1366.1025494883024,0.5452913259729516,1359
8959,1366.1025494883024,0.5452913259729516,1359
8960,1366.1025494883024,0.5452913259729516,1359
8961,1366.1025494883024,0.5452913259729516,1359
8962,1366.1025494883024,0.5452913259729516,1359
8963,1366.1025494883024,0.5452913259729516,1359
8964,1366.1025494883024,0.5452913259729516,1359
8965,1366.1025494883024,0.5452913259729516,1359
8966,1366.1025494883024,0.5452913259729516,1359
8967,1366.1025494883024,0.5452913259729516,1359
8968,1366.1025494883024,0.5452913259729516,1359
8969,1366.1025494883024,0.5452913259729516,1359
8970,1366.1025494883024,0.5452913259729516,1359
8971,1366.1025494883024,0.5452913259729516,1359
8972,1394.757469111951,0.567383539567803,1388
8973,1394.757469111951,0.567383539567803,1388
8974,1394.757469111951,0.567383539567803,1388
8975,1394.757469111951,0.567383539567803,1388
8976,1380.7461169998917,0.568110307305271,1374
8977,1380.7461169998917,0.568110307305271,1374
8978,1380.7461169998917,0.568110307305271,1374
8979,1380.7461169998917,0.568110307305271,1374
8980,1380.7461169998917,0.568110307305271,1374
8981,1380.7461169998917,0.568110307305271,1374
8982,1380.7461169998917,0.568110307305271,1374
8983,1380.7461169998917,0.568110307305271,1374
8984,1380.7461169998917,0.568110307305271,1374
8985,1380.7461169998917,0.568110307305271,1374
8986,1365.9261760807656,0.5565828373389587,1359
8987,1365.9261760807656,0.5565828373389587,1359
8988,1365.9261760807656,0.5565828373389587,1359
8989,1365.9261760807656,0.5565828373389587,1359
8990,1365.9261760807656,0.5565828373389587,1359
8991,1365.9261760807656,0.5565828373389587,1359
8992,1365.9261760807656,0.5565828373389587,1359
8993,1378.8210965607389,0.5633100793380991,1372
8994,1359.285150490425,0.5336011209715087,1352
8995,1359.285150490425,0.5336011209715087,1352
8996,1359.285150490425,0.5336011209715087,1352
8997,1359.285150490425,0.5336011209715087,1352
8998,1359.285150490425,0.5336011209715087,1352
8999,1359.285150490425,0.5336011209715087,1352
9000,1359.285150490425,0.5336011209715087,1352
9001,1359.285150490425,0.5336011209715087,1352
9002,1359.285150490425,0.5336011209715087,1352
9003,1359.285150490425,0.5336011209715087,1352
9004,1359.285150490425,0.5336011209715087,1352
9005,1359.285150490425,0.5336011209715087,1352
9006,1359.285150490425,0.5336011209715087,1352
9007,1359.285150490425,0.5336011209715087,1352
9008,1359.285150490425,0.5336011209715087,1352
9009,1359.285150490425,0.5336011209715087,1352
9010,1359.285150490425,0.5336011209715087,1352
9011,1402.7638484168583,0.5669751333637455,1396
9012,1402.7638484168583,0.5669751333637455,1396
9013,1389.7534425728393,0.5676413205608603,1383
9014,1389.7534425728393,0.5676413205608603,1383
9015,1389.7534425728393,0.5676413205608603,1383
9016,1389.7534425728393,0.5676413205608603,1383
9017,1391.7550568625281,0.5675379729495436,1385
9018,1391.7550568625281,0.5675379729495436,1385
9019,1391.7550568625281,0.5675379729495436,1385
9020,1345.3167226837857,0.5315798537909245,1338
9021,1345.3167226837857,0.5315798537909245,1338
9022,1345.3167226837857,0.5315798537909245,1338
9023,1345.3167226837857,0.5315798537909245,1338
9024,1362.323092010135,0.5311720864190174,1355
9025,1362.323092010135,0.5311720864190174,1355
9026,1362.323092010135,0.5311720864190174,1355
9027,1362.323092010135,0.5311720864190174,1355
9028,1362.323092010135,0.5311720864190174,1355
9029,1362.323092010135,0.5311720864190174,1355
9030,1362.323092010135,0.5311720864190174,1355
9031,1362.323092010135,0.5311720864190174,1355
9032,1343.315962390079,0.5316285281639549,1336
9033,1343.315962390079,0.5316285281639549,1336
9034,1343.315962390079,0.5316285281639549,1336
9035,1343.315962390079,0.5316285281639549,1336
9036,1343.315962390079,0.5316285281639549,1336
9037,1343.315962390079,0.5316285281639549,1336
9038,1343.315962390079,0.5316285281639549,1336
9039,1343.315962390079,0.5316285281639549,1336
9040,1333.3121255292194,0.5318741658630315,1326
9041,1333.3121255292194,0.5318741658630315,1326
9042,1333.3121255292194,0.5318741658630315,1326
9043,1333.3121255292194,0.5318741658630315,1326
9044,1363.323461562904,0.5311484274709314,1356
9045,1363.323461562904,0.5311484274709314,1356
9046,1359.321979979098,0.5312432791870737,1352
9047,1359.321979979098,0.5312432791870737,1352
9048,1359.321979979098,0.5312432791870737,1352
9049,1359.321979979098,0.5312432791870737,1352
9050,1359.321979979098,0.5312432791870737,1352
9051,1359.321979979098,0.5312432791870737,1352
9052,1359.321979979098,0.5312432791870737,1352
9053,1359.321979979098,0.5312432791870737,1352
9054,1359.321979979098,0.5312432791870737,1352
9055,1359.321979979098,0.5312432791870737,1352
9056,1359.321979979098,0.5312432791870737,1352
9057,1359.321979979098,0.5312432791870737,1352
9058,1356.3208628619977,0.5313147975673632,1349
9059,1356.3208628619977,0.5313147975673632,1349
9060,1356.3208628619977,0.5313147975673632,1349
9061,1356.3208628619977,0.5313147975673632,1349
9062,1356.3208628619977,0.5313147975673632,1349
9063,1356.3208628619977,0.5313147975673632,1349
9064,1353.3197406238965,0.5313866437966429,1346
9065,1353.3197406238965,0.5313866437966429,1346
9066,1353.3197406238965,0.5313866437966429,1346
9067,1353.3197406238965,0.5313866437966429,1346
9068,1353.3197406238965,0.5313866437966429,1346
9069,1353.3197406238965,0.5313866437966429,1346
9070,1353.3197406238965,0.5313866437966429,1346
9071,1353.3197406238965,0.5313866437966429,1346
9072,1353.3197406238965,0.5313866437966429,1346
9073,1353.3197406238965,0.5313866437966429,1346
9074,1353.3197406238965,0.5313866437966429,1346
9075,1353.3197406238965,0.5313866437966429,1346
9076,1353.3197406238965,0.5313866437966429,1346
9077,1353.3197406238965,0.5313866437966429,1346
9078,1353.3197406238965,0.5313866437966429,1346
9079,1353.3197406238965,0.5313866437966429,1346
9080,1353.3197406238965,0.5313866437966429,1346
9081,1352.3193654004442,0.5314106657846175,1345
9082,1352.3193654004442,0.5314106657846175,1345
9083,1352.3193654004442,0.5314106657846175,1345
9084,1352.3193654004442,0.5314106657846175,1345
9085,1352.3193654004442,0.5314106657846175,1345
9086,1352.3193654004442,0.5314106657846175,1345
9087,1352.3193654004442,0.5314106657846175,1345
9088,1352.3193654004442,0.5314106657846175,1345
9089,1352.3193654004442,0.5314106657846175,1345
9090,1352.3193654004442,0.5314106657846175,1345
9091,1352.3193654004442,0.5314106657846175,1345
9092,1352.3193654004442,0.5314106657846175,1345
9093,1352.3193654004442,0.5314106657846175,1345
9094,1352.3193654004442,0.5314106657846175,1345
9095,1352.3193654004442,0.5314106657846175,1345
9096,1352.3193654004442,0.5314106657846175,1345
9097,1352.3193654004442,0.5314106657846175,1345
9098,1352.3193654004442,0.5314106657846175,1345
9099,1352.3193654004442,0.5314106657846175,1345
9100,1352.3193654004442,0.5314106657846175,1345
9101,1352.3193654004442,0.5314106657846175,1345
9102,1352.3193654004442,0.5314106657846175,1345
9103,1352.3193654004442,0.5314106657846175,1345
9104,1352.3193654004442,0.5314106657846175,1345
9105,1352.3193654004442,0.5314106657846175,1345
9106,1352.3193654004442,0.5314106657846175,1345
9107,1352.3193654004442,0.5314106657846175,1345
9108,1352.3193654004442,0.5314106657846175,1345
9109,1352.3193654004442,0.5314106657846175,1345
9110,1352.3193654004442,0.5314106657846175,1345
9111,1352.3193654004442,0.5314106657846175,1345
9112,1352.3193654004442,0.5314106657846175,1345
9113,1352.3193654004442,0.5314106657846175,1345
9114,1352.3193654004442,0.5314106657846175,1345
9115,1352.3193654004442,0.5314106657846175,1345
9116,1352.3193654004442,0.5314106657846175,1345
9117,1352.3193654004442,0.5314106657846175,1345
9118,1352.3193654004442,0.5314106657846175,1345
9119,1352.3193654004442,0.5314106657846175,1345
9120,1352.3193654004442,0.5314106657846175,1345
9121,1352.3193654004442,0.5314106657846175,1345
9122,1352.3193654004442,0.5314106657846175,1345
9123,1352.3193654004442,0.5314106657846175,1345
9124,1352.3193654004442,0.5314106657846175,1345
9125,1352.3193654004442,0.5314106657846175,1345
9126,1352.3193654004442,0.5314106657846175,1345
9127,1352.3193654004442,0.5314106657846175,1345
9128,1352.3193654004442,0.5314106657846175,1345
9129,1352.3193654004442,0.5314106657846175,1345
9130,1352.3193654004442,0.5314106657846175,1345
9131,1352.3193654004442,0.5314106657846175,1345
9132,1352.3193654004442,0.5314106657846175,1345
9133,1352.3193654004442,0.5314106657846175,1345
9134,1352.3193654004442,0.5314106657846175,1345
9135,1352.3193654004442,0.5314106657846175,1345
9136,1352.3193654004442,0.5314106657846175,1345
9137,1352.3193654004442,0.5314106657846175,1345
9138,1352.3193654004442,0.5314106657846175,1345
9139,1352.3193654004442,0.5314106657846175,1345
9140,1352.3193654004442,0.5314106657846175,1345
9141,1352.3193654004442,0.5314106657846175,1345
9142,1352.3193654004442,0.5314106657846175,1345
9143,1352.3193654004442,0.5314106657846175,1345
9144,1352.3193654004442,0.5314106657846175,1345
9145,1352.3193654004442,0.5314106657846175,1345
9146,1352.3193654004442,0.5314106657846175,1345
9147,1352.3193654004442,0.5314106657846175,1345
9148,1352.3193654004442,0.5314106657846175,1345
9149,1352.3193654004442,0.5314106657846175,1345
9150,1352.3193654004442,0.5314106657846175,1345
9151,1352.3193654004442,0.5314106657846175,1345
9152,1352.3193654004442,0.5314106657846175,1345
9153,1352.3193654004442,0.5314106657846175,1345
9154,1352.3193654004442,0.5314106657846175,1345
9155,1352.3193654004442,0.5314106657846175,1345
9156,1352.3193654004442,0.5314106657846175,1345
9157,1352.3193654004442,0.5314106657846175,1345
9158,1352.3193654004442,0.5314106657846175,1345
9159,1352.3193654004442,0.5314106657846175,1345
9160,1352.3193654004442,0.5314106657846175,1345
9161,1352.3193654004442,0.5314106657846175,1345
9162,1352.3193654004442,0.5314106657846175,1345
9163,1352.3193654004442,0.5314106657846175,1345
9164,1352.3193654004442,0.5314106657846175,1345
9165,1352.3193654004442,0.5314106657846175,1345
9166,1352.3193654004442,0.5314106657846175,1345
9167,1352.3193654004442,0.5314106657846175,1345
9168,1352.3193654004442,0.5314106657846175,1345
9169,1352.3193654004442,0.5314106657846175,1345
9170,1352.3193654004442,0.5314106657846175,1345
9171,1352.3193654004442,0.5314106657846175,1345
9172,1352.3193654004442,0.5314106657846175,1345
9173,1352.3193654004442,0.5314106657846175,1345
9174,1352.3193654004442,0.5314106657846175,1345
9175,1352.3193654004442,0.5314106657846175,1345
9176,1352.3193654004442,0.5314106657846175,1345
9177,1348.3178587511475,0.5315071222056641,1341
9178,1349.3182362794387,0.5314829526607732,1342
9179,1349.3182362794387,0.5314829526607732,1342
9180,1349.3182362794387,0.5314829526607732,1342
9181,1349.3182362794387,0.5314829526607732,1342
9182,1349.3182362794387,0.5314829526607732,1342
9183,1349.3182362794387,0.5314829526607732,1342
9184,1349.3182362794387,0.5314829526607732,1342
9185,1349.3182362794387,0.5314829526607732,1342
9186,1349.3182362794387,0.5314829526607732,1342
9187,1349.3182362794387,0.5314829526607732,1342
9188,1349.3182362794387,0.5314829526607732,1342
9189,1356.3208628619977,0.5313147975673632,1349
9190,1356.3208628619977,0.5313147975673632,1349
9191,1356.3208628619977,0.5313147975673632,1349
9192,1356.3208628619977,0.5313147975673632,1349
9193,1356.3208628619977,0.5313147975673632,1349
9194,1356.3208628619977,0.5313147975673632,1349
9195,1345.3167226837857,0.5315798537909245,1338
9196,1345.3167226837857,0.5315798537909245,1338
9197,1345.3167226837857,0.5315798537909245,1338
9198,1331.3113510016567,0.531923751494444,1324
9199,1331.3113510016567,0.531923751494444,1324
9200,1331.3113510016567,0.531923751494444,1324
9201,1331.3113510016567,0.531923751494444,1324
9202,1331.3113510016567,0.531923751494444,1324
9203,1331.3113510016567,0.531923751494444,1324
9204,1331.3113510016567,0.531923751494444,1324
9205,1331.3113510016567,0.531923751494444,1324
9206,1331.3113510016567,0.531923751494444,1324
9207,1331.3113510016567,0.531923751494444,1324
9208,1331.3113510016567,0.531923751494444,1324
9209,1331.3113510016567,0.531923751494444,1324
9210,1331.3113510016567,0.531923751494444,1324
9211,1331.3113510016567,0.531923751494444,1324
9212,1331.3113510016567,0.531923751494444,1324
9213,1331.3113510016567,0.531923751494444,1324
9214,1331.3113510016567,0.531923751494444,1324
9215,1331.3113510016567,0.531923751494444,1324
9216,1331.3113510016567,0.531923751494444,1324
9217,1331.3113510016567,0.531923751494444,1324
9218,1331.3113510016567,0.531923751494444,1324
9219,1331.3113510016567,0.531923751494444,1324
9220,1331.3113510016567,0.531923751494444,1324
9221,1331.3113510016567,0.531923751494444,1324
9222,1331.3113510016567,0.531923751494444,1324
9223,1331.3113510016567,0.531923751494444,1324
9224,1331.3113510016567,0.531923751494444,1324
9225,1331.3113510016567,0.531923751494444,1324
9226,1331.3113510016567,0.531923751494444,1324
9227,1331.3113510016567,0.531923751494444,1324
9228,1331.3113510016567,0.531923751494444,1324
9229,1331.3113510016567,0.531923751494444,1324
9230,1331.3113510016567,0.531923751494444,1324
9231,1331.3113510016567,0.531923751494444,1324
9232,1331.3113510016567,0.531923751494444,1324
9233,1331.3113510016567,0.531923751494444,1324
9234,1331.3113510016567,0.531923751494444,1324
9235,1331.3113510016567,0.531923751494444,1324
9236,1331.3113510016567,0.531923751494444,1324
9237,1331.3113510016567,0.531923751494444,1324
9238,1331.3113510016567,0.531923751494444,1324
9239,1331.3113510016567,0.531923751494444,1324
9240,1331.3113510016567,0.531923751494444,1324
9241,1331.3113510016567,0.531923751494444,1324
9242,1331.3113510016567,0.531923751494444,1324
9243,1331.3113510016567,0.531923751494444,1324
9244,1331.3113510016567,0.531923751494444,1324
9245,1331.3113510016567,0.531923751494444,1324
9246,1331.3113510016567,0.531923751494444,1324
9247,1331.3113510016567,0.531923751494444,1324
9248,1331.3113510016567,0.531923751494444,1324
9249,1331.3113510016567,0.531923751494444,1324
9250,1331.3113510016567,0.531923751494444,1324
9251,1331.3113510016567,0.531923751494444,1324
9252,1331.3113510016567,0.531923751494444,1324
9253,1331.3113510016567,0.531923751494444,1324
9254,1332.3117385661233,0.5318989394287349,1325
9255,1332.3117385661233,0.5318989394287349,1325
9256,1322.3078356271121,0.5321488074832114,1315
9257,1324.3086210937524,0.5320985215267352,1317
9258,1324.3086210937524,0.5320985215267352,1317
9259,1324.3086210937524,0.5320985215267352,1317
9260,1324.3086210937524,0.5320985215267352,1317
9261,1324.3086210937524,0.5320985215267352,1317
9262,1324.3086210937524,0.5320985215267352,1317
9263,1324.3086210937524,0.5320985215267352,1317
9264,1324.3086210937524,0.5320985215267352,1317
9265,1324.3086210937524,0.5320985215267352,1317
9266,1324.3086210937524,0.5320985215267352,1317
9267,1324.3086210937524,0.5320985215267352,1317
9268,1324.3086210937524,0.5320985215267352,1317
9269,1324.3086210937524,0.5320985215267352,1317
9270,1324.3086210937524,0.5320985215267352,1317
9271,1324.3086210937524,0.5320985215267352,1317
9272,1324.3086210937524,0.5320985215267352,1317
9273,1324.3086210937524,0.5320985215267352,1317
9274,1324.3086210937524,0.5320985215267352,1317
9275,1324.3086210937524,0.5320985215267352,1317
9276,1324.3086210937524,0.5320985215267352,1317
9277,1324.3086210937524,0.5320985215267352,1317
9278,1324.3086210937524,0.5320985215267352,1317
9279,1324.3086210937524,0.5320985215267352,1317
9280,1324.3086210937524,0.5320985215267352,1317
9281,1324.3086210937524,0.5320985215267352,1317
9282,1324.3086210937524,0.5320985215267352,1317
9283,1324.3086210937524,0.5320985215267352,1317
9284,1320.3070476981352,0.5321992510796986,1313
9285,1320.3070476981352,0.5321992510796986,1313
9286,1320.3070476981352,0.5321992510796986,1313
9287,1320.3070476981352,0.5321992510796986,1313
9288,1320.3070476981352,0.5321992510796986,1313
9289,1320.3070476981352,0.5321992510796986,1313
9290,1320.3070476981352,0.5321992510796986,1313
9291,1320.3070476981352,0.5321992510796986,1313
9292,1320.3070476981352,0.5321992510796986,1313
9293,1320.3070476981352,0.5321992510796986,1313
9294,1320.3070476981352,0.5321992510796986,1313
9295,1320.3070476981352,0.5321992510796986,1313
9296,1315.3050670267646,0.5323260546245419,1308
9297,1315.3050670267646,0.5323260546245419,1308
9298,1315.3050670267646,0.5323260546245419,1308
9299,1315.3050670267646,0.5323260546245419,1308
9300,1315.3050670267646,0.5323260546245419,1308
9301,1315.3050670267646,0.5323260546245419,1308
9302,1315.3050670267646,0.5323260546245419,1308
9303,1315.3050670267646,0.5323260546245419,1308
9304,1315.3050670267646,0.5323260546245419,1308
9305,1315.3050670267646,0.5323260546245419,1308
9306,1315.3050670267646,0.5323260546245419,1308
9307,1315.3050670267646,0.5323260546245419,1308
9308,1315.3050670267646,0.5323260546245419,1308
9309,1315.3050670267646,0.5323260546245419,1308
9310,1315.3050670267646,0.5323260546245419,1308
9311,1315.3050670267646,0.5323260546245419,1308
9312,1315.3050670267646,0.5323260546245419,1308
9313,1315.3050670267646,0.5323260546245419,1308
9314,1315.3050670267646,0.5323260546245419,1308
9315,1315.3050670267646,0.5323260546245419,1308
9316,1315.3050670267646,0.5323260546245419,1308
9317,1315.3050670267646,0.5323260546245419,1308
9318,1315.3050670267646,0.5323260546245419,1308
9319,1315.3050670267646,0.5323260546245419,1308
9320,1315.3050670267646,0.5323260546245419,1308
9321,1315.3050670267646,0.5323260546245419,1308
9322,1315.3050670267646,0.5323260546245419,1308
9323,1315.3050670267646,0.5323260546245419,1308
9324,1315.3050670267646,0.5323260546245419,1308
9325,1315.3050670267646,0.5323260546245419,1308
9326,1315.3050670267646,0.5323260546245419,1308
9327,1315.3050670267646,0.5323260546245419,1308
9328,1315.3050670267646,0.5323260546245419,1308
9329,1315.3050670267646,0.5323260546245419,1308
9330,1315.3050670267646,0.5323260546245419,1308
9331,1315.3050670267646,0.5323260546245419,1308
9332,1315.3050670267646,0.5323260546245419,1308
9333,1315.3050670267646,0.5323260546245419,1308
9334,1315.3050670267646,0.5323260546245419,1308
9335,1315.3050670267646,0.5323260546245419,1308
9336,1315.3050670267646,0.5323260546245419,1308
9337,1315.3050670267646,0.5323260546245419,1308
9338,1315.3050670267646,0.5323260546245419,1308
9339,1315.3050670267646,0.5323260546245419,1308
9340,1315.3050670267646,0.5323260546245419,1308
9341,1315.3050670267646,0.5323260546245419,1308
9342,1315.3050670267646,0.5323260546245419,1308
9343,1315.3050670267646,0.5323260546245419,1308
9344,1315.3050670267646,0.5323260546245419,1308
9345,1315.3050670267646,0.5323260546245419,1308
9346,1315.3050670267646,0.5323260546245419,1308
9347,1315.3050670267646,0.5323260546245419,1308
9348,1315.3050670267646,0.5323260546245419,1308
9349,1315.3050670267646,0.5323260546245419,1308
9350,1315.3050670267646,0.5323260546245419,1308
9351,1315.3050670267646,0.5323260546245419,1308
9352,1315.3050670267646,0.5323260546245419,1308
9353,1315.3050670267646,0.5323260546245419,1308
9354,1315.3050670267646,0.5323260546245419,1308
9355,1315.3050670267646,0.5323260546245419,1308
9356,1315.3050670267646,0.5323260546245419,1308
9357,1315.3050670267646,0.5323260546245419,1308
9358,1323.3082286675033,0.5321236448461445,1316
9359,1323.3082286675033,0.5321236448461445,1316
9360,1323.3082286675033,0.5321236448461445,1316
9361,1323.3082286675033,0.5321236448461445,1316
9362,1323.3082286675033,0.5321236448461445,1316
9363,1323.3082286675033,0.5321236448461445,1316
9364,1323.3082286675033,0.5321236448461445,1316
9365,1323.3082286675033,0.5321236448461445,1316
9366,1323.3082286675033,0.5321236448461445,1316
9367,1323.3082286675033,0.5321236448461445,1316
9368,1323.3082286675033,0.5321236448461445,1316
9369,1323.3082286675033,0.5321236448461445,1316
9370,1323.3082286675033,0.5321236448461445,1316
9371,1323.3082286675033,0.5321236448461445,1316
9372,1323.3082286675033,0.5321236448461445,1316
9373,1327.3097947019949,0.532023386556028,1320
9374,1327.3097947019949,0.532023386556028,1320
9375,1327.3097947019949,0.532023386556028,1320
9376,1327.3097947019949,0.532023386556028,1320
9377,1327.3097947019949,0.532023386556028,1320
9378,1327.3097947019949,0.532023386556028,1320
9379,1327.3097947019949,0.532023386556028,1320
9380,1327.3097947019949,0.532023386556028,1320
9381,1327.3097947019949,0.532023386556028,1320
9382,1327.3097947019949,0.532023386556028,1320
9383,1327.3097947019949,0.532023386556028,1320
9384,1327.3097947019949,0.532023386556028,1320
9385,1327.3097947019949,0.532023386556028,1320
9386,1327.3097947019949,0.532023386556028,1320
9387,1327.3097947019949,0.532023386556028,1320
9388,1327.3097947019949,0.532023386556028,1320
9389,1327.3097947019949,0.532023386556028,1320
9390,1327.3097947019949,0.532023386556028,1320
9391,1327.3097947019949,0.532023386556028,1320
9392,1327.3097947019949,0.532023386556028,1320
9393,1327.3097947019949,0.532023386556028,1320
9394,1327.3097947019949,0.532023386556028,1320
9395,1327.3097947019949,0.532023386556028,1320
9396,1327.3097947019949,0.532023386556028,1320
9397,1327.3097947019949,0.532023386556028,1320
9398,1327.3097947019949,0.532023386556028,1320
9399,1327.3097947019949,0.532023386556028,1320
9400,1327.3097947019949,0.532023386556028,1320
9401,1327.3097947019949,0.532023386556028,1320
9402,1327.3097947019949,0.532023386556028,1320
9403,1327.3097947019949,0.532023386556028,1320
9404,1327.3097947019949,0.532023386556028,1320
9405,1327.3097947019949,0.532023386556028,1320
9406,1327.3097947019949,0.532023386556028,1320
9407,1327.3097947019949,0.532023386556028,1320
9408,1327.3097947019949,0.532023386556028,1320
9409,1327.3097947019949,0.532023386556028,1320
9410,1327.3097947019949,0.532023386556028,1320
9411,1327.3097947019949,0.532023386556028,1320
9412,1327.3097947019949,0.532023386556028,1320
9413,1327.3097947019949,0.532023386556028,1320
9414,1327.3097947019949,0.532023386556028,1320
9415,1327.3097947019949,0.532023386556028,1320
9416,1327.3097947019949,0.532023386556028,1320
9417,1327.3097947019949,0.532023386556028,1320
9418,1327.3097947019949,0.532023386556028,1320
9419,1327.3097947019949,0.532023386556028,1320
9420,1327.3097947019949,0.532023386556028,1320
9421,1327.3097947019949,0.532023386556028,1320
9422,1327.3097947019949,0.532023386556028,1320
9423,1327.3097947019949,0.532023386556028,1320
9424,1327.3097947019949,0.532023386556028,1320
9425,1327.3097947019949,0.532023386556028,1320
9426,1327.3097947019949,0.532023386556028,1320
9427,1327.3097947019949,0.532023386556028,1320
9428,1327.3097947019949,0.532023386556028,1320
9429,1327.3097947019949,0.532023386556028,1320
9430,1327.3097947019949,0.532023386556028,1320
9431,1327.3097947019949,0.532023386556028,1320
9432,1327.3097947019949,0.532023386556028,1320
9433,1327.3097947019949,0.532023386556028,1320
9434,1327.3097947019949,0.532023386556028,1320
9435,1327.3097947019949,0.532023386556028,1320
9436,1327.3097947019949,0.532023386556028,1320
9437,1327.3097947019949,0.532023386556028,1320
9438,1327.3097947019949,0.532023386556028,1320
9439,1327.3097947019949,0.532023386556028,1320
9440,1327.3097947019949,0.532023386556028,1320
9441,1327.3097947019949,0.532023386556028,1320
9442,1327.3097947019949,0.532023386556028,1320
9443,1327.3097947019949,0.532023386556028,1320
9444,1327.3097947019949,0.532023386556028,1320
9445,1327.3097947019949,0.532023386556028,1320
9446,1327.3097947019949,0.532023386556028,1320
9447,1327.3097947019949,0.532023386556028,1320
9448,1327.3097947019949,0.532023386556028,1320
9449,1327.3097947019949,0.532023386556028,1320
9450,1327.3097947019949,0.532023386556028,1320
9451,1327.3097947019949,0.532023386556028,1320
9452,1327.3097947019949,0.532023386556028,1320
9453,1327.3097947019949,0.532023386556028,1320
9454,1327.3097947019949,0.532023386556028,1320
9455,1327.3097947019949,0.532023386556028,1320
9456,1326.309404109568,0.5320483924732333,1319
9457,1326.309404109568,0.5320483924732333,1319
9458,1326.309404109568,0.5320483924732333,1319
9459,1326.309404109568,0.5320483924732333,1319
9460,1326.309404109568,0.5320483924732333,1319
9461,1326.309404109568,0.5320483924732333,1319
9462,1326.309404109568,0.5320483924732333,1319
9463,1326.309404109568,0.5320483924732333,1319
9464,1326.309404109568,0.5320483924732333,1319
9465,1326.309404109568,0.5320483924732333,1319
9466,1326.309404109568,0.5320483924732333,1319
9467,1326.309404109568,0.5320483924732333,1319
9468,1326.309404109568,0.5320483924732333,1319
9469,1326.309404109568,0.5320483924732333,1319
9470,1326.309404109568,0.5320483924732333,1319
9471,1326.309404109568,0.5320483924732333,1319
9472,1326.309404109568,0.5320483924732333,1319
9473,1326.309404109568,0.5320483924732333,1319
9474,1326.309404109568,0.5320483924732333,1319
9475,1326.309404109568,0.5320483924732333,1319
9476,1326.309404109568,0.5320483924732333,1319
9477,1326.309404109568,0.5320483924732333,1319
9478,1326.309404109568,0.5320483924732333,1319
9479,1326.309404109568,0.5320483924732333,1319
9480,1326.309404109568,0.5320483924732333,1319
9481,1326.309404109568,0.5320483924732333,1319
9482,1326.309404109568,0.5320483924732333,1319
9483,1326.309404109568,0.5320483924732333,1319
9484,1326.309404109568,0.5320483924732333,1319
9485,1326.309404109568,0.5320483924732333,1319
9486,1326.309404109568,0.5320483924732333,1319
9487,1326.309404109568,0.5320483924732333,1319
9488,1326.309404109568,0.5320483924732333,1319
9489,1320.3070476981352,0.5321992510796986,1313
9490,1320.3070476981352,0.5321992510796986,1313
9491,1320.3070476981352,0.5321992510796986,1313
9492,1320.3070476981352,0.5321992510796986,1313
9493,1320.3070476981352,0.5321992510796986,1313
9494,1320.3070476981352,0.5321992510796986,1313
9495,1320.3070476981352,0.5321992510796986,1313
9496,1320.3070476981352,0.5321992510796986,1313
9497,1320.3070476981352,0.5321992510796986,1313
9498,1320.3070476981352,0.5321992510796986,1313
9499,1320.3070476981352,0.5321992510796986,1313
9500,1320.3070476981352,0.5321992510796986,1313
9501,1320.3070476981352,0.5321992510796986,1313
9502,1320.3070476981352,0.5321992510796986,1313
9503,1320.3070476981352,0.5321992510796986,1313
9504,1320.3070476981352,0.5321992510796986,1313
9505,1320.3070476981352,0.5321992510796986,1313
9506,1320.3070476981352,0.5321992510796986,1313
9507,1320.3070476981352,0.5321992510796986,1313
9508,1320.3070476981352,0.5321992510796986,1313
9509,1320.3070476981352,0.5321992510796986,1313
9510,1320.3070476981352,0.5321992510796986,1313
9511,1320.3070476981352,0.5321992510796986,1313
9512,1320.3070476981352,0.5321992510796986,1313
9513,1320.3070476981352,0.5321992510796986,1313
9514,1320.3070476981352,0.5321992510796986,1313
9515,1320.3070476981352,0.5321992510796986,1313
9516,1320.3070476981352,0.5321992510796986,1313
9517,1320.3070476981352,0.5321992510796986,1313
9518,1320.3070476981352,0.5321992510796986,1313
9519,1320.3070476981352,0.5321992510796986,1313
9520,1320.3070476981352,0.5321992510796986,1313
9521,1320.3070476981352,0.5321992510796986,1313
9522,1320.3070476981352,0.5321992510796986,1313
9523,1320.3070476981352,0.5321992510796986,1313
9524,1320.3070476981352,0.5321992510796986,1313
9525,1320.3070476981352,0.5321992510796986,1313
9526,1320.3070476981352,0.5321992510796986,1313
9527,1320.3070476981352,0.5321992510796986,1313
9528,1320.3070476981352,0.5321992510796986,1313
9529,1320.3070476981352,0.5321992510796986,1313
9530,1320.3070476981352,0.5321992510796986,1313
9531,1320.3070476981352,0.5321992510796986,1313
9532,1320.3070476981352,0.5321992510796986,1313
9533,1320.3070476981352,0.5321992510796986,1313
9534,1320.3070476981352,0.5321992510796986,1313
9535,1320.3070476981352,0.5321992510796986,1313
9536,1320.3070476981352,0.5321992510796986,1313
9537,1320.3070476981352,0.5321992510796986,1313
9538,1320.3070476981352,0.5321992510796986,1313
9539,1320.3070476981352,0.5321992510796986,1313
9540,1320.3070476981352,0.5321992510796986,1313
9541,1320.3070476981352,0.5321992510796986,1313
9542,1320.3070476981352,0.5321992510796986,1313
9543,1320.3070476981352,0.5321992510796986,1313
9544,1320.3070476981352,0.5321992510796986,1313
9545,1320.3070476981352,0.5321992510796986,1313
9546,1320.3070476981352,0.5321992510796986,1313
9547,1320.3070476981352,0.5321992510796986,1313
9548,1320.3070476981352,0.5321992510796986,1313
9549,1320.3070476981352,0.5321992510796986,1313
9550,1320.3070476981352,0.5321992510796986,1313
9551,1320.3070476981352,0.5321992510796986,1313
9552,1320.3070476981352,0.5321992510796986,1313
9553,1320.3070476981352,0.5321992510796986,1313
9554,1320.3070476981352,0.5321992510796986,1313
9555,1320.3070476981352,0.5321992510796986,1313
9556,1320.3070476981352,0.5321992510796986,1313
9557,1320.3070476981352,0.5321992510796986,1313
9558,1320.3070476981352,0.5321992510796986,1313
9559,1320.3070476981352,0.5321992510796986,1313
9560,1320.3070476981352,0.5321992510796986,1313
9561,1320.3070476981352,0.5321992510796986,1313
9562,1320.3070476981352,0.5321992510796986,1313
9563,1320.3070476981352,0.5321992510796986,1313
9564,1320.3070476981352,0.5321992510796986,1313
9565,1320.3070476981352,0.5321992510796986,1313
9566,1320.3070476981352,0.5321992510796986,1313
9567,1320.3070476981352,0.5321992510796986,1313
9568,1320.3070476981352,0.5321992510796986,1313
9569,1320.3070476981352,0.5321992510796986,1313
9570,1320.3070476981352,0.5321992510796986,1313
9571,1320.3070476981352,0.5321992510796986,1313
9572,1320.3070476981352,0.5321992510796986,1313
9573,1320.3070476981352,0.5321992510796986,1313
9574,1320.3070476981352,0.5321992510796986,1313
9575,1320.3070476981352,0.5321992510796986,1313
9576,1320.3070476981352,0.5321992510796986,1313
9577,1320.3070476981352,0.5321992510796986,1313
9578,1320.3070476981352,0.5321992510796986,1313
9579,1320.3070476981352,0.5321992510796986,1313
9580,1320.3070476981352,0.5321992510796986,1313
9581,1320.3070476981352,0.5321992510796986,1313
9582,1320.3070476981352,0.5321992510796986,1313
9583,1320.3070476981352,0.5321992510796986,1313
9584,1320.3070476981352,0.5321992510796986,1313
9585,1320.3070476981352,0.5321992510796986,1313
9586,1320.3070476981352,0.5321992510796986,1313
9587,1320.3070476981352,0.5321992510796986,1313
9588,1320.3070476981352,0.5321992510796986,1313
9589,1320.3070476981352,0.5321992510796986,1313
9590,1320.3070476981352,0.5321992510796986,1313
9591,1320.3070476981352,0.5321992510796986,1313
9592,1320.3070476981352,0.5321992510796986,1313
9593,1320.3070476981352,0.5321992510796986,1313
9594,1320.3070476981352,0.5321992510796986,1313
9595,1320.3070476981352,0.5321992510796986,1313
9596,1320.3070476981352,0.5321992510796986,1313
9597,1320.3070476981352,0.5321992510796986,1313
9598,1320.3070476981352,0.5321992510796986,1313
9599,1320.3070476981352,0.5321992510796986,1313
9600,1320.3070476981352,0.5321992510796986,1313
9601,1320.3070476981352,0.5321992510796986,1313
9602,1320.3070476981352,0.5321992510796986,1313
9603,1320.3070476981352,0.5321992510796986,1313
9604,1320.3070476981352,0.5321992510796986,1313
9605,1320.3070476981352,0.5321992510796986,1313
9606,1320.3070476981352,0.5321992510796986,1313
9607,1320.3070476981352,0.5321992510796986,1313
9608,1320.3070476981352,0.5321992510796986,1313
9609,1320.3070476981352,0.5321992510796986,1313
9610,1320.3070476981352,0.5321992510796986,1313
9611,1320.3070476981352,0.5321992510796986,1313
9612,1320.3070476981352,0.5321992510796986,1313
9613,1320.3070476981352,0.5321992510796986,1313
9614,1320.3070476981352,0.5321992510796986,1313
9615,1320.3070476981352,0.5321992510796986,1313
9616,1320.3070476981352,0.5321992510796986,1313
9617,1320.3070476981352,0.5321992510796986,1313
9618,1320.3070476981352,0.5321992510796986,1313
9619,1320.3070476981352,0.5321992510796986,1313
9620,1320.3070476981352,0.5321992510796986,1313
9621,1320.3070476981352,0.5321992510796986,1313
9622,1320.3070476981352,0.5321992510796986,1313
9623,1320.3070476981352,0.5321992510796986,1313
9624,1320.3070476981352,0.5321992510796986,1313
9625,1320.3070476981352,0.5321992510796986,1313
9626,1320.3070476981352,0.5321992510796986,1313
9627,1320.3070476981352,0.5321992510796986,1313
9628,1320.3070476981352,0.5321992510796986,1313
9629,1320.3070476981352,0.5321992510796986,1313
9630,1320.3070476981352,0.5321992510796986,1313
9631,1320.3070476981352,0.5321992510796986,1313
9632,1320.3070476981352,0.5321992510796986,1313
9633,1320.3070476981352,0.5321992510796986,1313
9634,1320.3070476981352,0.5321992510796986,1313
9635,1320.3070476981352,0.5321992510796986,1313
9636,1320.3070476981352,0.5321992510796986,1313
9637,1320.3070476981352,0.5321992510796986,1313
9638,1320.3070476981352,0.5321992510796986,1313
9639,1320.3070476981352,0.5321992510796986,1313
9640,1320.3070476981352,0.5321992510796986,1313
9641,1320.3070476981352,0.5321992510796986,1313
9642,1320.3070476981352,0.5321992510796986,1313
9643,1320.3070476981352,0.5321992510796986,1313
9644,1320.3070476981352,0.5321992510796986,1313
9645,1320.3070476981352,0.5321992510796986,1313
9646,1320.3070476981352,0.5321992510796986,1313
9647,1320.3070476981352,0.5321992510796986,1313
9648,1320.3070476981352,0.5321992510796986,1313
9649,1320.3070476981352,0.5321992510796986,1313
9650,1320.3070476981352,0.5321992510796986,1313
9651,1320.3070476981352,0.5321992510796986,1313
9652,1320.3070476981352,0.5321992510796986,1313
9653,1320.3070476981352,0.5321992510796986,1313
9654,1320.3070476981352,0.5321992510796986,1313
9655,1320.3070476981352,0.5321992510796986,1313
9656,1320.3070476981352,0.5321992510796986,1313
9657,1320.3070476981352,0.5321992510796986,1313
9658,1320.3070476981352,0.5321992510796986,1313
9659,1320.3070476981352,0.5321992510796986,1313
9660,1320.3070476981352,0.5321992510796986,1313
9661,1320.3070476981352,0.5321992510796986,1313
9662,1320.3070476981352,0.5321992510796986,1313
9663,1320.3070476981352,0.5321992510796986,1313
9664,1320.3070476981352,0.5321992510796986,1313
9665,1320.3070476981352,0.5321992510796986,1313
9666,1320.3070476981352,0.5321992510796986,1313
9667,1320.3070476981352,0.5321992510796986,1313
9668,1320.3070476981352,0.5321992510796986,1313
9669,1320.3070476981352,0.5321992510796986,1313
9670,1320.3070476981352,0.5321992510796986,1313
9671,1320.3070476981352,0.5321992510796986,1313
9672,1320.3070476981352,0.5321992510796986,1313
9673,1320.3070476981352,0.5321992510796986,1313
9674,1320.3070476981352,0.5321992510796986,1313
9675,1320.3070476981352,0.5321992510796986,1313
9676,1320.3070476981352,0.5321992510796986,1313
9677,1320.3070476981352,0.5321992510796986,1313
9678,1320.3070476981352,0.5321992510796986,1313
9679,1320.3070476981352,0.5321992510796986,1313
9680,1320.3070476981352,0.5321992510796986,1313
9681,1320.3070476981352,0.5321992510796986,1313
9682,1320.3070476981352,0.5321992510796986,1313
9683,1320.3070476981352,0.5321992510796986,1313
9684,1320.3070476981352,0.5321992510796986,1313
9685,1320.3070476981352,0.5321992510796986,1313
9686,1320.3070476981352,0.5321992510796986,1313
9687,1320.3070476981352,0.5321992510796986,1313
9688,1320.3070476981352,0.5321992510796986,1313
9689,1320.3070476981352,0.5321992510796986,1313
9690,1320.3070476981352,0.5321992510796986,1313
9691,1320.3070476981352,0.5321992510796986,1313
9692,1320.3070476981352,0.5321992510796986,1313
9693,1320.3070476981352,0.5321992510796986,1313
9694,1320.3070476981352,0.5321992510796986,1313
9695,1320.3070476981352,0.5321992510796986,1313
9696,1320.3070476981352,0.5321992510796986,1313
9697,1320.3070476981352,0.5321992510796986,1313
9698,1320.3070476981352,0.5321992510796986,1313
9699,1320.3070476981352,0.5321992510796986,1313
9700,1320.3070476981352,0.5321992510796986,1313
9701,1320.3070476981352,0.5321992510796986,1313
9702,1320.3070476981352,0.5321992510796986,1313
9703,1320.3070476981352,0.5321992510796986,1313
9704,1320.3070476981352,0.5321992510796986,1313
9705,1320.3070476981352,0.5321992510796986,1313
9706,1320.3070476981352,0.5321992510796986,1313
9707,1320.3070476981352,0.5321992510796986,1313
9708,1320.3070476981352,0.5321992510796986,1313
9709,1320.3070476981352,0.5321992510796986,1313
9710,1320.3070476981352,0.5321992510796986,1313
9711,1320.3070476981352,0.5321992510796986,1313
9712,1320.3070476981352,0.5321992510796986,1313
9713,1320.3070476981352,0.5321992510796986,1313
9714,1320.3070476981352,0.5321992510796986,1313
9715,1320.3070476981352,0.5321992510796986,1313
9716,1320.3070476981352,0.5321992510796986,1313
9717,1320.3070476981352,0.5321992510796986,1313
9718,1320.3070476981352,0.5321992510796986,1313
9719,1320.3070476981352,0.5321992510796986,1313
9720,1320.3070476981352,0.5321992510796986,1313
9721,1320.3070476981352,0.5321992510796986,1313
9722,1320.3070476981352,0.5321992510796986,1313
9723,1320.3070476981352,0.5321992510796986,1313
9724,1320.3070476981352,0.5321992510796986,1313
9725,1320.3070476981352,0.5321992510796986,1313
9726,1320.3070476981352,0.5321992510796986,1313
9727,1320.3070476981352,0.5321992510796986,1313
9728,1320.3070476981352,0.5321992510796986,1313
9729,1320.3070476981352,0.5321992510796986,1313
9730,1320.3070476981352,0.5321992510796986,1313
9731,1320.3070476981352,0.5321992510796986,1313
9732,1320.3070476981352,0.5321992510796986,1313
9733,1320.3070476981352,0.5321992510796986,1313
9734,1320.3070476981352,0.5321992510796986,1313
9735,1320.3070476981352,0.5321992510796986,1313
9736,1320.3070476981352,0.5321992510796986,1313
9737,1320.3070476981352,0.5321992510796986,1313
9738,1320.3070476981352,0.5321992510796986,1313
9739,1320.3070476981352,0.5321992510796986,1313
9740,1320.3070476981352,0.5321992510796986,1313
9741,1320.3070476981352,0.5321992510796986,1313
9742,1320.3070476981352,0.5321992510796986,1313
9743,1320.3070476981352,0.5321992510796986,1313
9744,1320.3070476981352,0.5321992510796986,1313
9745,1320.3070476981352,0.5321992510796986,1313
9746,1320.3070476981352,0.5321992510796986,1313
9747,1320.3070476981352,0.5321992510796986,1313
9748,1320.3070476981352,0.5321992510796986,1313
9749,1330.310962834419,0.531948602149884,1323
9750,1330.310962834419,0.531948602149884,1323
9751,1330.310962834419,0.531948602149884,1323
9752,1330.310962834419,0.531948602149884,1323
9753,1330.310962834419,0.531948602149884,1323
9754,1330.310962834419,0.531948602149884,1323
9755,1330.310962834419,0.531948602149884,1323
9756,1330.310962834419,0.531948602149884,1323
9757,1330.310962834419,0.531948602149884,1323
9758,1330.310962834419,0.531948602149884,1323
9759,1330.310962834419,0.531948602149884,1323
9760,1330.310962834419,0.531948602149884,1323
9761,1330.310962834419,0.531948602149884,1323
9762,1330.310962834419,0.531948602149884,1323
9763,1330.310962834419,0.531948602149884,1323
9764,1330.310962834419,0.531948602149884,1323
9765,1330.310962834419,0.531948602149884,1323
9766,1330.310962834419,0.531948602149884,1323
9767,1330.310962834419,0.531948602149884,1323
9768,1330.310962834419,0.531948602149884,1323
9769,1330.310962834419,0.531948602149884,1323
9770,1330.310962834419,0.531948602149884,1323
9771,1330.310962834419,0.531948602149884,1323
9772,1330.310962834419,0.531948602149884,1323
9773,1330.310962834419,0.531948602149884,1323
9774,1330.310962834419,0.531948602149884,1323
9775,1330.310962834419,0.531948602149884,1323
9776,1330.310962834419,0.531948602149884,1323
9777,1330.310962834419,0.531948602149884,1323
9778,1330.310962834419,0.531948602149884,1323
9779,1330.310962834419,0.531948602149884,1323
9780,1330.310962834419,0.531948602149884,1323
9781,1330.310962834419,0.531948602149884,1323
9782,1330.310962834419,0.531948602149884,1323
9783,1330.310962834419,0.531948602149884,1323
9784,1330.310962834419,0.531948602149884,1323
9785,1354.9057665951102,0.5578894625409566,1348
9786,1354.9057665951102,0.5578894625409566,1348
9787,1354.9057665951102,0.5578894625409566,1348
9788,1354.9057665951102,0.5578894625409566,1348
9789,1354.9057665951102,0.5578894625409566,1348
9790,1354.9057665951102,0.5578894625409566,1348
9791,1353.9179054412139,0.5571123277071736,1347
9792,1353.9179054412139,0.5571123277071736,1347
9793,1353.9179054412139,0.5571123277071736,1347
9794,1353.9179054412139,0.5571123277071736,1347
9795,1351.2819280161898,0.5338074253399656,1344
9796,1351.2819280161898,0.5338074253399656,1344
9797,1351.2819280161898,0.5338074253399656,1344
9798,1351.2819280161898,0.5338074253399656,1344
9799,1351.2819280161898,0.5338074253399656,1344
9800,1351.2819280161898,0.5338074253399656,1344
9801,1351.2819280161898,0.5338074253399656,1344
9802,1351.2819280161898,0.5338074253399656,1344
9803,1351.2819280161898,0.5338074253399656,1344
9804,1351.2819280161898,0.5338074253399656,1344
9805,1351.2819280161898,0.5338074253399656,1344
9806,1351.2819280161898,0.5338074253399656,1344
9807,1351.2819280161898,0.5338074253399656,1344
9808,1351.2819280161898,0.5338074253399656,1344
9809,1351.2819280161898,0.5338074253399656,1344
9810,1351.2819280161898,0.5338074253399656,1344
9811,1351.2819280161898,0.5338074253399656,1344
9812,1351.2819280161898,0.5338074253399656,1344
9813,1351.2819280161898,0.5338074253399656,1344
9814,1351.2819280161898,0.5338074253399656,1344
9815,1351.2819280161898,0.5338074253399656,1344
9816,1351.2819280161898,0.5338074253399656,1344
9817,1351.2819280161898,0.5338074253399656,1344
9818,1351.2819280161898,0.5338074253399656,1344
9819,1351.2819280161898,0.5338074253399656,1344
9820,1351.2819280161898,0.5338074253399656,1344
9821,1351.2819280161898,0.5338074253399656,1344
9822,1351.2819280161898,0.5338074253399656,1344
9823,1351.2819280161898,0.5338074253399656,1344
9824,1351.2819280161898,0.5338074253399656,1344
9825,1351.2819280161898,0.5338074253399656,1344
9826,1351.2819280161898,0.5338074253399656,1344
9827,1351.2819280161898,0.5338074253399656,1344
9828,1351.2819280161898,0.5338074253399656,1344
9829,1351.2819280161898,0.5338074253399656,1344
9830,1351.2819280161898,0.5338074253399656,1344
9831,1351.2819280161898,0.5338074253399656,1344
9832,1349.2811162123387,0.5338593974175035,1342
9833,1349.2811162123387,0.5338593974175035,1342
9834,1349.2811162123387,0.5338593974175035,1342
9835,1349.2811162123387,0.5338593974175035,1342
9836,1349.2811162123387,0.5338593974175035,1342
9837,1349.2811162123387,0.5338593974175035,1342
9838,1349.2811162123387,0.5338593974175035,1342
9839,1349.2811162123387,0.5338593974175035,1342
9840,1349.2811162123387,0.5338593974175035,1342
9841,1349.2811162123387,0.5338593974175035,1342
9842,1349.2811162123387,0.5338593974175035,1342
9843,1349.2811162123387,0.5338593974175035,1342
9844,1349.2811162123387,0.5338593974175035,1342
9845,1349.2811162123387,0.5338593974175035,1342
9846,1349.2811162123387,0.5338593974175035,1342
9847,1349.2811162123387,0.5338593974175035,1342
9848,1349.2811162123387,0.5338593974175035,1342
9849,1349.2811162123387,0.5338593974175035,1342
9850,1349.2811162123387,0.5338593974175035,1342
9851,1349.2811162123387,0.5338593974175035,1342
9852,1349.2811162123387,0.5338593974175035,1342
9853,1349.2811162123387,0.5338593974175035,1342
9854,1349.2811162123387,0.5338593974175035,1342
9855,1349.2811162123387,0.5338593974175035,1342
9856,1349.2811162123387,0.5338593974175035,1342
9857,1349.2811162123387,0.5338593974175035,1342
9858,1349.2811162123387,0.5338593974175035,1342
9859,1349.2811162123387,0.5338593974175035,1342
9860,1349.2811162123387,0.5338593974175035,1342
9861,1349.2811162123387,0.5338593974175035,1342
9862,1349.2811162123387,0.5338593974175035,1342
9863,1349.2811162123387,0.5338593974175035,1342
9864,1349.2811162123387,0.5338593974175035,1342
9865,1349.2811162123387,0.5338593974175035,1342
9866,1349.2811162123387,0.5338593974175035,1342
9867,1349.2811162123387,0.5338593974175035,1342
9868,1349.2811162123387,0.5338593974175035,1342
9869,1349.2811162123387,0.5338593974175035,1342
9870,1349.2811162123387,0.5338593974175035,1342
9871,1352.2823329853522,0.5337814990171357,1345
9872,1352.2823329853522,0.5337814990171357,1345
9873,1352.2823329853522,0.5337814990171357,1345
9874,1352.2823329853522,0.5337814990171357,1345
9875,1352.2823329853522,0.5337814990171357,1345
9876,1352.2823329853522,0.5337814990171357,1345
9877,1352.2823329853522,0.5337814990171357,1345
9878,1352.2823329853522,0.5337814990171357,1345
9879,1352.2823329853522,0.5337814990171357,1345
9880,1352.2823329853522,0.5337814990171357,1345
9881,1352.2823329853522,0.5337814990171357,1345
9882,1352.2823329853522,0.5337814990171357,1345
9883,1352.2823329853522,0.5337814990171357,1345
9884,1352.2823329853522,0.5337814990171357,1345
9885,1352.2823329853522,0.5337814990171357,1345
9886,1352.2823329853522,0.5337814990171357,1345
9887,1352.2823329853522,0.5337814990171357,1345
9888,1352.2823329853522,0.5337814990171357,1345
9889,1352.2823329853522,0.5337814990171357,1345
9890,1352.2823329853522,0.5337814990171357,1345
9891,1352.2823329853522,0.5337814990171357,1345
9892,1352.2823329853522,0.5337814990171357,1345
9893,1352.2823329853522,0.5337814990171357,1345
9894,1352.2823329853522,0.5337814990171357,1345
9895,1352.2823329853522,0.5337814990171357,1345
9896,1352.2823329853522,0.5337814990171357,1345
9897,1352.2823329853522,0.5337814990171357,1345
9898,1352.2823329853522,0.5337814990171357,1345
9899,1352.2823329853522,0.5337814990171357,1345
9900,1352.2823329853522,0.5337814990171357,1345
9901,1352.2823329853522,0.5337814990171357,1345
9902,1352.2823329853522,0.5337814990171357,1345
9903,1352.2823329853522,0.5337814990171357,1345
9904,1352.2823329853522,0.5337814990171357,1345
9905,1352.2823329853522,0.5337814990171357,1345
9906,1352.2823329853522,0.5337814990171357,1345
9907,1352.2823329853522,0.5337814990171357,1345
9908,1352.2823329853522,0.5337814990171357,1345
9909,1352.2823329853522,0.5337814990171357,1345
9910,1352.2823329853522,0.5337814990171357,1345
9911,1352.2823329853522,0.5337814990171357,1345
9912,1352.2823329853522,0.5337814990171357,1345
9913,1352.2823329853522,0.5337814990171357,1345
9914,1352.2823329853522,0.5337814990171357,1345
9915,1352.2823329853522,0.5337814990171357,1345
9916,1352.2823329853522,0.5337814990171357,1345
9917,1352.2823329853522,0.5337814990171357,1345
9918,1352.2823329853522,0.5337814990171357,1345
9919,1352.2823329853522,0.5337814990171357,1345
9920,1352.2823329853522,0.5337814990171357,1345
9921,1352.2823329853522,0.5337814990171357,1345
9922,1352.2823329853522,0.5337814990171357,1345
9923,1352.2823329853522,0.5337814990171357,1345
9924,1352.2823329853522,0.5337814990171357,1345
9925,1352.2823329853522,0.5337814990171357,1345
9926,1352.2823329853522,0.5337814990171357,1345
9927,1352.2823329853522,0.5337814990171357,1345
9928,1352.2823329853522,0.5337814990171357,1345
9929,1352.2823329853522,0.5337814990171357,1345
9930,1352.2823329853522,0.5337814990171357,1345
9931,1352.2823329853522,0.5337814990171357,1345
9932,1352.2823329853522,0.5337814990171357,1345
9933,1352.2823329853522,0.5337814990171357,1345
9934,1352.2823329853522,0.5337814990171357,1345
9935,1352.2823329853522,0.5337814990171357,1345
9936,1352.2823329853522,0.5337814990171357,1345
9937,1352.2823329853522,0.5337814990171357,1345
9938,1352.2823329853522,0.5337814990171357,1345
9939,1352.2823329853522,0.5337814990171357,1345
9940,1352.2823329853522,0.5337814990171357,1345
9941,1352.2823329853522,0.5337814990171357,1345
9942,1352.2823329853522,0.5337814990171357,1345
9943,1350.2815224256617,0.5338333914429152,1343
9944,1350.2815224256617,0.5338333914429152,1343
9945,1350.2815224256617,0.5338333914429152,1343
9946,1350.2815224256617,0.5338333914429152,1343
9947,1350.2815224256617,0.5338333914429152,1343
9948,1350.2815224256617,0.5338333914429152,1343
9949,1350.2815224256617,0.5338333914429152,1343
9950,1350.2815224256617,0.5338333914429152,1343
9951,1350.2815224256617,0.5338333914429152,1343
9952,1350.2815224256617,0.5338333914429152,1343
9953,1350.2815224256617,0.5338333914429152,1343
9954,1350.2815224256617,0.5338333914429152,1343
9955,1350.2815224256617,0.5338333914429152,1343
9956,1350.2815224256617,0.5338333914429152,1343
9957,1350.2815224256617,0.5338333914429152,1343
9958,1350.2815224256617,0.5338333914429152,1343
9959,1350.2815224256617,0.5338333914429152,1343
9960,1350.2815224256617,0.5338333914429152,1343
9961,1350.2815224256617,0.5338333914429152,1343
9962,1350.2815224256617,0.5338333914429152,1343
9963,1350.2815224256617,0.5338333914429152,1343
9964,1350.2815224256617,0.5338333914429152,1343
9965,1350.2815224256617,0.5338333914429152,1343
9966,1350.2815224256617,0.5338333914429152,1343
9967,1350.2815224256617,0.5338333914429152,1343
9968,1350.2815224256617,0.5338333914429152,1343
9969,1350.2815224256617,0.5338333914429152,1343
9970,1350.2815224256617,0.5338333914429152,1343
9971,1350.2815224256617,0.5338333914429152,1343
9972,1350.2815224256617,0.5338333914429152,1343
9973,1350.2815224256617,0.5338333914429152,1343
9974,1350.2815224256617,0.5338333914429152,1343
9975,1350.2815224256617,0.5338333914429152,1343
9976,1350.2815224256617,0.5338333914429152,1343
9977,1350.2815224256617,0.5338333914429152,1343
9978,1350.2815224256617,0.5338333914429152,1343
9979,1350.2815224256617,0.5338333914429152,1343
9980,1350.2815224256617,0.5338333914429152,1343
9981,1350.2815224256617,0.5338333914429152,1343
9982,1350.2815224256617,0.5338333914429152,1343
9983,1350.2815224256617,0.5338333914429152,1343
9984,1350.2815224256617,0.5338333914429152,1343
9985,1350.2815224256617,0.5338333914429152,1343
9986,1350.2815224256617,0.5338333914429152,1343
9987,1350.2815224256617,0.5338333914429152,1343
9988,1350.2815224256617,0.5338333914429152,1343
9989,1350.2815224256617,0.5338333914429152,1343
9990,1350.2815224256617,0.5338333914429152,1343
9991,1350.2815224256617,0.5338333914429152,1343
9992,1350.2815224256617,0.5338333914429152,1343
9993,1350.2815224256617,0.5338333914429152,1343
9994,1350.2815224256617,0.5338333914429152,1343
9995,1351.2819280161898,0.5338074253399656,1344
9996,1351.2819280161898,0.5338074253399656,1344
9997,1351.2819280161898,0.5338074253399656,1344
9998,1351.2819280161898,0.5338074253399656,1344
9999,1351.2819280161898,0.5338074253399656,1344
10000,1351.2819280161898,0.5338074253399656,1344
