Iteration,Objective,Fairness,Duration
0,1530.3762078035697,0.6492434140473463,1502
1,1530.3762078035697,0.6492434140473463,1502
2,1530.3762078035697,0.6492434140473463,1502
3,1530.3762078035697,0.6492434140473463,1502
4,1528.358495025407,0.6494623606253774,1500
5,1528.358495025407,0.6494623606253774,1500
6,1528.358495025407,0.6494623606253774,1500
7,1528.358495025407,0.6494623606253774,1500
8,1518.2691658237031,0.6505665534770922,1490
9,1518.2691658237031,0.6505665534770922,1490
10,1537.437806010249,0.6484820023455019,1509
11,1537.437806010249,0.6484820023455019,1509
12,1537.437806010249,0.6484820023455019,1509
13,1537.437806010249,0.6484820023455019,1509
14,1537.437806010249,0.6484820023455019,1509
15,1537.437806010249,0.6484820023455019,1509
16,1537.437806010249,0.6484820023455019,1509
17,1537.437806010249,0.6484820023455019,1509
18,1537.437806010249,0.6484820023455019,1509
19,1537.437806010249,0.6484820023455019,1509
20,1550.7011509838887,0.6575877505081748,1523
21,1550.7011509838887,0.6575877505081748,1523
22,1550.7011509838887,0.6575877505081748,1523
23,1540.6082083917252,0.6587366082605055,1513
24,1540.6082083917252,0.6587366082605055,1513
25,1540.6082083917252,0.6587366082605055,1513
26,1540.6082083917252,0.6587366082605055,1513
27,1540.6082083917252,0.6587366082605055,1513
28,1545.6548436518183,0.6581601526351266,1518
29,1545.6548436518183,0.6581601526351266,1518
30,1536.5706618058737,0.6592007193340718,1509
31,1536.5706618058737,0.6592007193340718,1509
32,1536.5706618058737,0.6592007193340718,1509
33,1536.5706618058737,0.6592007193340718,1509
34,1536.5706618058737,0.6592007193340718,1509
35,1536.5706618058737,0.6592007193340718,1509
36,1536.5706618058737,0.6592007193340718,1509
37,1536.5706618058737,0.6592007193340718,1509
38,1536.5706618058737,0.6592007193340718,1509
39,1536.5706618058737,0.6592007193340718,1509
40,1522.4375535249756,0.6608460627320697,1495
41,1503.6085627168436,0.6463712890377806,1475
42,1503.6085627168436,0.6463712890377806,1475
43,1503.6085627168436,0.6463712890377806,1475
44,1503.6085627168436,0.6463712890377806,1475
45,1492.3191281265472,0.6375880330463888,1463
46,1492.3191281265472,0.6375880330463888,1463
47,1514.4997082847142,0.6353558926487748,1485
48,1514.4997082847142,0.6353558926487748,1485
49,1524.579905626907,0.6343645781593699,1495
50,1524.579905626907,0.6343645781593699,1495
51,1524.579905626907,0.6343645781593699,1495
52,1524.579905626907,0.6343645781593699,1495
53,1524.579905626907,0.6343645781593699,1495
54,1524.579905626907,0.6343645781593699,1495
55,1524.579905626907,0.6343645781593699,1495
56,1524.579905626907,0.6343645781593699,1495
57,1524.579905626907,0.6343645781593699,1495
58,1524.579905626907,0.6343645781593699,1495
59,1524.579905626907,0.6343645781593699,1495
60,1525.5878620789726,0.6342662289372971,1496
61,1525.5878620789726,0.6342662289372971,1496
62,1525.5878620789726,0.6342662289372971,1496
63,1533.124,0.64,1504
64,1533.124,0.64,1504
65,1533.124,0.64,1504
66,1533.124,0.64,1504
67,1538.1651637426737,0.6394911774700416,1509
68,1538.1651637426737,0.6394911774700416,1509
69,1541.0747007083735,0.6529703249892035,1513
70,1541.0747007083735,0.6529703249892035,1513
71,1541.0747007083735,0.6529703249892035,1513
72,1541.0747007083735,0.6529703249892035,1513
73,1541.0747007083735,0.6529703249892035,1513
74,1530.9839822298559,0.6540916906074661,1503
75,1533.002229326944,0.6538661393455637,1505
76,1533.002229326944,0.6538661393455637,1505
77,1524.9289272881435,0.6547722214073719,1497
78,1510.7986079284478,0.6563830911193099,1483
79,1510.7986079284478,0.6563830911193099,1483
80,1510.7986079284478,0.6563830911193099,1483
81,1510.7986079284478,0.6563830911193099,1483
82,1512.8173862266985,0.6561509737120074,1485
83,1512.8173862266985,0.6561509737120074,1485
84,1512.8173862266985,0.6561509737120074,1485
85,1512.8173862266985,0.6561509737120074,1485
86,1512.8173862266985,0.6561509737120074,1485
87,1512.8173862266985,0.6561509737120074,1485
88,1512.8173862266985,0.6561509737120074,1485
89,1512.8173862266985,0.6561509737120074,1485
90,1512.8173862266985,0.6561509737120074,1485
91,1512.8173862266985,0.6561509737120074,1485
92,1512.8173862266985,0.6561509737120074,1485
93,1512.8173862266985,0.6561509737120074,1485
94,1512.8173862266985,0.6561509737120074,1485
95,1512.8173862266985,0.6561509737120074,1485
96,1512.8173862266985,0.6561509737120074,1485
97,1512.8173862266985,0.6561509737120074,1485
98,1512.8173862266985,0.6561509737120074,1485
99,1512.8173862266985,0.6561509737120074,1485
100,1512.8173862266985,0.6561509737120074,1485
101,1512.8173862266985,0.6561509737120074,1485
102,1512.8173862266985,0.6561509737120074,1485
103,1512.8173862266985,0.6561509737120074,1485
104,1512.8173862266985,0.6561509737120074,1485
105,1512.8173862266985,0.6561509737120074,1485
106,1512.8173862266985,0.6561509737120074,1485
107,1512.8173862266985,0.6561509737120074,1485
108,1512.8173862266985,0.6561509737120074,1485
109,1512.8173862266985,0.6561509737120074,1485
110,1482.5298990355402,0.6597045854692198,1455
111,1482.5298990355402,0.6597045854692198,1455
112,1475.4609815295316,0.6605564705867527,1448
113,1475.4609815295316,0.6605564705867527,1448
114,1475.4609815295316,0.6605564705867527,1448
115,1475.4609815295316,0.6605564705867527,1448
116,1479.5004500843438,0.660068602171275,1452
117,1479.5004500843438,0.660068602171275,1452
118,1479.5004500843438,0.660068602171275,1452
119,1479.5004500843438,0.660068602171275,1452
120,1479.5004500843438,0.660068602171275,1452
121,1479.5004500843438,0.660068602171275,1452
122,1468.2534306220539,0.6384001159202247,1439
123,1468.2534306220539,0.6384001159202247,1439
124,1468.2534306220539,0.6384001159202247,1439
125,1468.2534306220539,0.6384001159202247,1439
126,1468.2534306220539,0.6384001159202247,1439
127,1468.2534306220539,0.6384001159202247,1439
128,1468.2534306220539,0.6384001159202247,1439
129,1468.2534306220539,0.6384001159202247,1439
130,1468.2534306220539,0.6384001159202247,1439
131,1468.2534306220539,0.6384001159202247,1439
132,1468.2534306220539,0.6384001159202247,1439
133,1468.2534306220539,0.6384001159202247,1439
134,1473.8914978783566,0.6428739446433047,1445
135,1473.8914978783566,0.6428739446433047,1445
136,1473.8914978783566,0.6428739446433047,1445
137,1473.8914978783566,0.6428739446433047,1445
138,1473.8914978783566,0.6428739446433047,1445
139,1459.7990394654416,0.6316558780538735,1430
140,1459.7990394654416,0.6316558780538735,1430
141,1459.7990394654416,0.6316558780538735,1430
142,1459.7990394654416,0.6316558780538735,1430
143,1439.6335893084592,0.6337009974232489,1410
144,1439.6335893084592,0.6337009974232489,1410
145,1452.7416996496734,0.6323646520435932,1423
146,1423.4975570009142,0.6353824845375252,1394
147,1423.4975570009142,0.6353824845375252,1394
148,1423.4975570009142,0.6353824845375252,1394
149,1423.4975570009142,0.6353824845375252,1394
150,1423.4975570009142,0.6353824845375252,1394
151,1423.4975570009142,0.6353824845375252,1394
152,1427.5318784511,0.6349582391705794,1398
153,1427.5318784511,0.6349582391705794,1398
154,1427.5318784511,0.6349582391705794,1398
155,1427.5318784511,0.6349582391705794,1398
156,1427.5318784511,0.6349582391705794,1398
157,1427.5318784511,0.6349582391705794,1398
158,1427.5318784511,0.6349582391705794,1398
159,1427.5318784511,0.6349582391705794,1398
160,1446.6920671283963,0.6329781566329249,1417
161,1446.6920671283963,0.6329781566329249,1417
162,1446.6920671283963,0.6329781566329249,1417
163,1446.6920671283963,0.6329781566329249,1417
164,1446.6920671283963,0.6329781566329249,1417
165,1446.6920671283963,0.6329781566329249,1417
166,1446.6920671283963,0.6329781566329249,1417
167,1440.5719377417572,0.6344630687051023,1411
168,1440.5719377417572,0.6344630687051023,1411
169,1440.5719377417572,0.6344630687051023,1411
170,1440.5719377417572,0.6344630687051023,1411
171,1434.5210496259954,0.635092093621813,1405
172,1434.5210496259954,0.635092093621813,1405
173,1434.5210496259954,0.635092093621813,1405
174,1434.5210496259954,0.635092093621813,1405
175,1434.5210496259954,0.635092093621813,1405
176,1434.5210496259954,0.635092093621813,1405
177,1434.5210496259954,0.635092093621813,1405
178,1434.5210496259954,0.635092093621813,1405
179,1434.5210496259954,0.635092093621813,1405
180,1434.5210496259954,0.635092093621813,1405
181,1434.5210496259954,0.635092093621813,1405
182,1434.5210496259954,0.635092093621813,1405
183,1434.5210496259954,0.635092093621813,1405
184,1444.605605871083,0.6340468989977358,1415
185,1444.605605871083,0.6340468989977358,1415
186,1444.605605871083,0.6340468989977358,1415
187,1444.605605871083,0.6340468989977358,1415
188,1444.605605871083,0.6340468989977358,1415
189,1442.5887973816177,0.6342546677179502,1413
190,1431.4954302125007,0.6354087736402875,1402
191,1431.4954302125007,0.6354087736402875,1402
192,1430.557481513336,0.6346417612690242,1401
193,1430.557481513336,0.6346417612690242,1401
194,1430.557481513336,0.6346417612690242,1401
195,1430.557481513336,0.6346417612690242,1401
196,1430.557481513336,0.6346417612690242,1401
197,1430.557481513336,0.6346417612690242,1401
198,1430.557481513336,0.6346417612690242,1401
199,1430.557481513336,0.6346417612690242,1401
200,1441.650360762832,0.6334936864915703,1412
201,1441.650360762832,0.6334936864915703,1412
202,1441.650360762832,0.6334936864915703,1412
203,1438.6251844159062,0.633804889791024,1409
204,1438.6251844159062,0.633804889791024,1409
205,1438.6251844159062,0.633804889791024,1409
206,1438.6251844159062,0.633804889791024,1409
207,1426.5233178657313,0.6350640560478216,1397
208,1426.5233178657313,0.6350640560478216,1397
209,1426.5233178657313,0.6350640560478216,1397
210,1433.5829671524907,0.6343267348270611,1404
211,1433.5829671524907,0.6343267348270611,1404
212,1433.5829671524907,0.6343267348270611,1404
213,1440.6419814145916,0.6335972631076457,1411
214,1440.6419814145916,0.6335972631076457,1411
215,1440.6419814145916,0.6335972631076457,1411
216,1440.6419814145916,0.6335972631076457,1411
217,1440.6419814145916,0.6335972631076457,1411
218,1440.6419814145916,0.6335972631076457,1411
219,1440.6419814145916,0.6335972631076457,1411
220,1440.6419814145916,0.6335972631076457,1411
221,1440.6419814145916,0.6335972631076457,1411
222,1440.6419814145916,0.6335972631076457,1411
223,1440.6419814145916,0.6335972631076457,1411
224,1440.6419814145916,0.6335972631076457,1411
225,1450.7252054584244,0.632568535742592,1421
226,1450.7252054584244,0.632568535742592,1421
227,1450.7252054584244,0.632568535742592,1421
228,1459.7990394654416,0.6316558780538735,1430
229,1459.7990394654416,0.6316558780538735,1430
230,1453.749928098649,0.6322629406841915,1424
231,1453.749928098649,0.6322629406841915,1424
232,1453.749928098649,0.6322629406841915,1424
233,1453.749928098649,0.6322629406841915,1424
234,1453.749928098649,0.6322629406841915,1424
235,1453.749928098649,0.6322629406841915,1424
236,1451.4554094834364,0.6359034674482524,1422
237,1451.4554094834364,0.6359034674482524,1422
238,1458.5143969231056,0.6351743272792876,1429
239,1458.5143969231056,0.6351743272792876,1429
240,1458.5143969231056,0.6351743272792876,1429
241,1458.5143969231056,0.6351743272792876,1429
242,1458.5143969231056,0.6351743272792876,1429
243,1458.5143969231056,0.6351743272792876,1429
244,1452.4638744019358,0.6357988331033911,1423
245,1452.4638744019358,0.6357988331033911,1423
246,1446.4128924888983,0.6364290174425423,1417
247,1420.1865100865373,0.6392273166064621,1391
248,1420.1865100865373,0.6392273166064621,1391
249,1420.1865100865373,0.6392273166064621,1391
250,1420.1865100865373,0.6392273166064621,1391
251,1452.4638744019358,0.6357988331033911,1423
252,1452.4638744019358,0.6357988331033911,1423
253,1452.4638744019358,0.6357988331033911,1423
254,1452.4638744019358,0.6357988331033911,1423
255,1452.4638744019358,0.6357988331033911,1423
256,1452.4638744019358,0.6357988331033911,1423
257,1452.4638744019358,0.6357988331033911,1423
258,1452.4638744019358,0.6357988331033911,1423
259,1452.4638744019358,0.6357988331033911,1423
260,1452.4638744019358,0.6357988331033911,1423
261,1452.4638744019358,0.6357988331033911,1423
262,1456.4976067509338,0.6353818695805472,1427
263,1456.4976067509338,0.6353818695805472,1427
264,1456.4976067509338,0.6353818695805472,1427
265,1456.4976067509338,0.6353818695805472,1427
266,1439.3528247584447,0.6371715110204615,1410
267,1432.3059124387062,0.6501123307947321,1404
268,1432.3059124387062,0.6501123307947321,1404
269,1432.3059124387062,0.6501123307947321,1404
270,1432.3059124387062,0.6501123307947321,1404
271,1432.3059124387062,0.6501123307947321,1404
272,1432.3059124387062,0.6501123307947321,1404
273,1432.3059124387062,0.6501123307947321,1404
274,1432.3059124387062,0.6501123307947321,1404
275,1432.3059124387062,0.6501123307947321,1404
276,1432.3059124387062,0.6501123307947321,1404
277,1432.3059124387062,0.6501123307947321,1404
278,1464.7521668148768,0.7064009046368763,1441
279,1464.7521668148768,0.7064009046368763,1441
280,1464.7521668148768,0.7064009046368763,1441
281,1463.739323098395,0.706559665038381,1440
282,1463.739323098395,0.706559665038381,1440
283,1463.739323098395,0.706559665038381,1440
284,1474.336622683145,0.6744546021860947,1448
285,1474.336622683145,0.6744546021860947,1448
286,1498.2778757250985,0.6875417092076819,1473
287,1498.2778757250985,0.6875417092076819,1473
288,1498.2778757250985,0.6875417092076819,1473
289,1459.724621736148,0.657297629961087,1432
290,1459.724621736148,0.657297629961087,1432
291,1449.625917034123,0.6585177128044134,1422
292,1449.625917034123,0.6585177128044134,1422
293,1449.625917034123,0.6585177128044134,1422
294,1449.625917034123,0.6585177128044134,1422
295,1449.625917034123,0.6585177128044134,1422
296,1449.625917034123,0.6585177128044134,1422
297,1449.625917034123,0.6585177128044134,1422
298,1445.586017480771,0.6590109087667364,1418
299,1426.3931556210086,0.6613948625338858,1399
300,1433.3078547947218,0.6871711397438581,1408
301,1433.3078547947218,0.6871711397438581,1408
302,1433.3078547947218,0.6871711397438581,1408
303,1433.3078547947218,0.6871711397438581,1408
304,1433.608323779253,0.6710961213936595,1407
305,1433.608323779253,0.6710961213936595,1407
306,1433.608323779253,0.6710961213936595,1407
307,1433.608323779253,0.6710961213936595,1407
308,1433.608323779253,0.6710961213936595,1407
309,1420.4655458064694,0.6728609912673735,1394
310,1420.4655458064694,0.6728609912673735,1394
311,1420.4655458064694,0.6728609912673735,1394
312,1420.4655458064694,0.6728609912673735,1394
313,1420.4655458064694,0.6728609912673735,1394
314,1420.4655458064694,0.6728609912673735,1394
315,1420.4655458064694,0.6728609912673735,1394
316,1420.4655458064694,0.6728609912673735,1394
317,1420.4655458064694,0.6728609912673735,1394
318,1420.4655458064694,0.6728609912673735,1394
319,1420.4655458064694,0.6728609912673735,1394
320,1420.4655458064694,0.6728609912673735,1394
321,1420.4655458064694,0.6728609912673735,1394
322,1420.4655458064694,0.6728609912673735,1394
323,1420.4655458064694,0.6728609912673735,1394
324,1420.4655458064694,0.6728609912673735,1394
325,1420.4655458064694,0.6728609912673735,1394
326,1420.4655458064694,0.6728609912673735,1394
327,1420.4655458064694,0.6728609912673735,1394
328,1420.4655458064694,0.6728609912673735,1394
329,1420.4655458064694,0.6728609912673735,1394
330,1420.4655458064694,0.6728609912673735,1394
331,1420.4655458064694,0.6728609912673735,1394
332,1420.4655458064694,0.6728609912673735,1394
333,1420.4655458064694,0.6728609912673735,1394
334,1420.4655458064694,0.6728609912673735,1394
335,1420.4655458064694,0.6728609912673735,1394
336,1418.5900373483373,0.6713221588586237,1392
337,1418.5900373483373,0.6713221588586237,1392
338,1418.5900373483373,0.6713221588586237,1392
339,1418.5900373483373,0.6713221588586237,1392
340,1418.5900373483373,0.6713221588586237,1392
341,1418.5900373483373,0.6713221588586237,1392
342,1415.4098715267717,0.6735491776666049,1389
343,1415.4098715267717,0.6735491776666049,1389
344,1415.4098715267717,0.6735491776666049,1389
345,1415.4098715267717,0.6735491776666049,1389
346,1415.4098715267717,0.6735491776666049,1389
347,1415.4098715267717,0.6735491776666049,1389
348,1415.4098715267717,0.6735491776666049,1389
349,1415.4098715267717,0.6735491776666049,1389
350,1415.4098715267717,0.6735491776666049,1389
351,1418.222914306443,0.6758601445433491,1392
352,1418.222914306443,0.6758601445433491,1392
353,1418.222914306443,0.6758601445433491,1392
354,1418.222914306443,0.6758601445433491,1392
355,1418.222914306443,0.6758601445433491,1392
356,1418.222914306443,0.6758601445433491,1392
357,1418.222914306443,0.6758601445433491,1392
358,1418.222914306443,0.6758601445433491,1392
359,1418.222914306443,0.6758601445433491,1392
360,1418.222914306443,0.6758601445433491,1392
361,1419.1607089780452,0.6766290608399835,1393
362,1419.1607089780452,0.6766290608399835,1393
363,1419.1607089780452,0.6766290608399835,1393
364,1419.1607089780452,0.6766290608399835,1393
365,1419.1607089780452,0.6766290608399835,1393
366,1419.1607089780452,0.6766290608399835,1393
367,1419.1607089780452,0.6766290608399835,1393
368,1419.1607089780452,0.6766290608399835,1393
369,1419.1607089780452,0.6766290608399835,1393
370,1419.1607089780452,0.6766290608399835,1393
371,1419.1607089780452,0.6766290608399835,1393
372,1419.1607089780452,0.6766290608399835,1393
373,1419.1607089780452,0.6766290608399835,1393
374,1419.1607089780452,0.6766290608399835,1393
375,1419.1607089780452,0.6766290608399835,1393
376,1419.1607089780452,0.6766290608399835,1393
377,1419.1607089780452,0.6766290608399835,1393
378,1419.1607089780452,0.6766290608399835,1393
379,1419.1607089780452,0.6766290608399835,1393
380,1419.1607089780452,0.6766290608399835,1393
381,1427.2509410656921,0.6755137074698122,1401
382,1427.2509410656921,0.6755137074698122,1401
383,1427.2509410656921,0.6755137074698122,1401
384,1427.2509410656921,0.6755137074698122,1401
385,1441.406231391613,0.6735941731568235,1415
386,1441.406231391613,0.6735941731568235,1415
387,1440.3952479603404,0.6737299386855332,1414
388,1440.3952479603404,0.6737299386855332,1414
389,1440.3952479603404,0.6737299386855332,1414
390,1440.3952479603404,0.6737299386855332,1414
391,1440.3952479603404,0.6737299386855332,1414
392,1440.3952479603404,0.6737299386855332,1414
393,1440.3952479603404,0.6737299386855332,1414
394,1440.3952479603404,0.6737299386855332,1414
395,1440.3952479603404,0.6737299386855332,1414
396,1440.3952479603404,0.6737299386855332,1414
397,1439.3842479457335,0.6738659091998334,1413
398,1439.3842479457335,0.6738659091998334,1413
399,1434.3289978590979,0.6745488521743155,1408
400,1434.3289978590979,0.6745488521743155,1408
401,1434.3289978590979,0.6745488521743155,1408
402,1430.284495590933,0.6750989420156636,1404
403,1408.0348216124546,0.6781851469412278,1382
404,1408.0348216124546,0.6781851469412278,1382
405,1408.0348216124546,0.6781851469412278,1382
406,1408.0348216124546,0.6781851469412278,1382
407,1408.0348216124546,0.6781851469412278,1382
408,1408.0348216124546,0.6781851469412278,1382
409,1408.0348216124546,0.6781851469412278,1382
410,1408.0348216124546,0.6781851469412278,1382
411,1408.0348216124546,0.6781851469412278,1382
412,1411.0693657804081,0.6777581485734476,1385
413,1411.0693657804081,0.6777581485734476,1385
414,1423.2059626950931,0.6760696823845099,1397
415,1423.2059626950931,0.6760696823845099,1397
416,1423.2059626950931,0.6760696823845099,1397
417,1423.2059626950931,0.6760696823845099,1397
418,1423.2059626950931,0.6760696823845099,1397
419,1423.2059626950931,0.6760696823845099,1397
420,1423.2059626950931,0.6760696823845099,1397
421,1423.2059626950931,0.6760696823845099,1397
422,1423.2059626950931,0.6760696823845099,1397
423,1423.2059626950931,0.6760696823845099,1397
424,1423.2059626950931,0.6760696823845099,1397
425,1423.2059626950931,0.6760696823845099,1397
426,1423.2059626950931,0.6760696823845099,1397
427,1423.2059626950931,0.6760696823845099,1397
428,1423.2059626950931,0.6760696823845099,1397
429,1423.2059626950931,0.6760696823845099,1397
430,1423.2059626950931,0.6760696823845099,1397
431,1423.2059626950931,0.6760696823845099,1397
432,1423.2059626950931,0.6760696823845099,1397
433,1423.2059626950931,0.6760696823845099,1397
434,1423.2059626950931,0.6760696823845099,1397
435,1423.2059626950931,0.6760696823845099,1397
436,1423.2059626950931,0.6760696823845099,1397
437,1423.2059626950931,0.6760696823845099,1397
438,1434.3289978590979,0.6745488521743155,1408
439,1434.3289978590979,0.6745488521743155,1408
440,1434.3289978590979,0.6745488521743155,1408
441,1434.3289978590979,0.6745488521743155,1408
442,1418.1493522423884,0.676769440761578,1392
443,1418.1493522423884,0.676769440761578,1392
444,1418.1493522423884,0.676769440761578,1392
445,1418.1493522423884,0.676769440761578,1392
446,1418.1493522423884,0.676769440761578,1392
447,1418.1493522423884,0.676769440761578,1392
448,1418.1493522423884,0.676769440761578,1392
449,1430.284495590933,0.6750989420156636,1404
450,1430.284495590933,0.6750989420156636,1404
451,1430.284495590933,0.6750989420156636,1404
452,1430.284495590933,0.6750989420156636,1404
453,1430.284495590933,0.6750989420156636,1404
454,1439.6701784960658,0.6826924784169861,1414
455,1439.6701784960658,0.6826924784169861,1414
456,1439.6701784960658,0.6826924784169861,1414
457,1439.6701784960658,0.6826924784169861,1414
458,1439.6701784960658,0.6826924784169861,1414
459,1436.635387116985,0.6831225325465389,1411
460,1436.635387116985,0.6831225325465389,1411
461,1436.635387116985,0.6831225325465389,1411
462,1436.635387116985,0.6831225325465389,1411
463,1437.574148368083,0.6838795010125734,1412
464,1456.7926369884658,0.6811787764095693,1431
465,1456.7926369884658,0.6811787764095693,1431
466,1456.7926369884658,0.6811787764095693,1431
467,1456.7926369884658,0.6811787764095693,1431
468,1456.7926369884658,0.6811787764095693,1431
469,1456.7926369884658,0.6811787764095693,1431
470,1456.7926369884658,0.6811787764095693,1431
471,1455.8531128339932,0.6804312381459422,1430
472,1448.9843356228494,0.6664482617694751,1422
473,1448.9843356228494,0.6664482617694751,1422
474,1448.9843356228494,0.6664482617694751,1422
475,1448.9843356228494,0.6664482617694751,1422
476,1438.6588997458027,0.658110015503056,1411
477,1438.6588997458027,0.658110015503056,1411
478,1438.6588997458027,0.658110015503056,1411
479,1436.638878019145,0.6583575028535841,1409
480,1449.7679412043647,0.6567621606382605,1422
481,1441.3200221163318,0.6499379219242055,1413
482,1445.3576929844708,0.6494722746048125,1417
483,1445.3576929844708,0.6494722746048125,1417
484,1441.3200221163318,0.6499379219242055,1413
485,1441.3200221163318,0.6499379219242055,1413
486,1441.3200221163318,0.6499379219242055,1413
487,1441.3200221163318,0.6499379219242055,1413
488,1441.3200221163318,0.6499379219242055,1413
489,1441.3200221163318,0.6499379219242055,1413
490,1456.3412122035402,0.6620369319710733,1429
491,1456.3412122035402,0.6620369319710733,1429
492,1456.3412122035402,0.6620369319710733,1429
493,1456.3412122035402,0.6620369319710733,1429
494,1456.3412122035402,0.6620369319710733,1429
495,1456.3412122035402,0.6620369319710733,1429
496,1456.3412122035402,0.6620369319710733,1429
497,1456.3412122035402,0.6620369319710733,1429
498,1456.3412122035402,0.6620369319710733,1429
499,1456.3412122035402,0.6620369319710733,1429
500,1456.3412122035402,0.6620369319710733,1429
501,1456.3412122035402,0.6620369319710733,1429
502,1456.3412122035402,0.6620369319710733,1429
503,1456.3412122035402,0.6620369319710733,1429
504,1456.3412122035402,0.6620369319710733,1429
505,1458.3614289869404,0.6617870335359647,1431
506,1458.3614289869404,0.6617870335359647,1431
507,1458.3614289869404,0.6617870335359647,1431
508,1458.3614289869404,0.6617870335359647,1431
509,1453.310773209981,0.6624131865268096,1426
510,1453.310773209981,0.6624131865268096,1426
511,1453.310773209981,0.6624131865268096,1426
512,1453.310773209981,0.6624131865268096,1426
513,1443.2083126787415,0.6636796949475691,1416
514,1443.2083126787415,0.6636796949475691,1416
515,1478.916010259848,0.6920147063059572,1454
516,1435.700585925061,0.6575947351661182,1408
517,1435.700585925061,0.6575947351661182,1408
518,1426.6101183340345,0.6587129995793016,1399
519,1426.6101183340345,0.6587129995793016,1399
520,1426.6101183340345,0.6587129995793016,1399
521,1426.6101183340345,0.6587129995793016,1399
522,1426.6101183340345,0.6587129995793016,1399
523,1426.6101183340345,0.6587129995793016,1399
524,1426.6101183340345,0.6587129995793016,1399
525,1399.331081081081,0.6621621621621622,1372
526,1399.331081081081,0.6621621621621622,1372
527,1399.331081081081,0.6621621621621622,1372
528,1399.331081081081,0.6621621621621622,1372
529,1399.331081081081,0.6621621621621622,1372
530,1399.331081081081,0.6621621621621622,1372
531,1419.0135703272229,0.6784478327908172,1393
532,1419.0135703272229,0.6784478327908172,1393
533,1419.0135703272229,0.6784478327908172,1393
534,1419.0135703272229,0.6784478327908172,1393
535,1419.0135703272229,0.6784478327908172,1393
536,1419.0135703272229,0.6784478327908172,1393
537,1419.0135703272229,0.6784478327908172,1393
538,1399.331081081081,0.6621621621621622,1372
539,1425.579978118162,0.6838074398249453,1400
540,1425.579978118162,0.6838074398249453,1400
541,1425.579978118162,0.6838074398249453,1400
542,1425.579978118162,0.6838074398249453,1400
543,1425.579978118162,0.6838074398249453,1400
544,1438.7313535378514,0.6819362974307619,1413
545,1462.2197514165948,0.7006211196959861,1438
546,1462.2197514165948,0.7006211196959861,1438
547,1462.2197514165948,0.7006211196959861,1438
548,1462.2197514165948,0.7006211196959861,1438
549,1466.2696187173876,0.7000047130112775,1442
550,1426.770651610047,0.7061724152033734,1403
551,1426.770651610047,0.7061724152033734,1403
552,1422.7178235696472,0.7068254194110369,1399
553,1422.7178235696472,0.7068254194110369,1399
554,1440.4738845456502,0.7345626137744102,1419
555,1440.4738845456502,0.7345626137744102,1419
556,1439.45912180976,0.7347450950585903,1418
557,1439.45912180976,0.7347450950585903,1418
558,1439.45912180976,0.7347450950585903,1418
559,1439.45912180976,0.7347450950585903,1418
560,1413.147592832071,0.7138740070201367,1390
561,1413.147592832071,0.7138740070201367,1390
562,1419.2298989103858,0.7128566265712493,1396
563,1419.2298989103858,0.7128566265712493,1396
564,1419.2298989103858,0.7128566265712493,1396
565,1419.2298989103858,0.7128566265712493,1396
566,1419.2298989103858,0.7128566265712493,1396
567,1419.2298989103858,0.7128566265712493,1396
568,1419.2298989103858,0.7128566265712493,1396
569,1419.2298989103858,0.7128566265712493,1396
570,1419.2298989103858,0.7128566265712493,1396
571,1419.2298989103858,0.7128566265712493,1396
572,1419.2298989103858,0.7128566265712493,1396
573,1419.2298989103858,0.7128566265712493,1396
574,1419.2298989103858,0.7128566265712493,1396
575,1419.2298989103858,0.7128566265712493,1396
576,1419.2298989103858,0.7128566265712493,1396
577,1419.2298989103858,0.7128566265712493,1396
578,1419.2298989103858,0.7128566265712493,1396
579,1419.2298989103858,0.7128566265712493,1396
580,1419.2298989103858,0.7128566265712493,1396
581,1416.1888382501181,0.713364174905832,1393
582,1416.1888382501181,0.713364174905832,1393
583,1416.1888382501181,0.713364174905832,1393
584,1416.1888382501181,0.713364174905832,1393
585,1414.1613619043894,0.7137038083511801,1391
586,1414.1613619043894,0.7137038083511801,1391
587,1414.1613619043894,0.7137038083511801,1391
588,1414.1613619043894,0.7137038083511801,1391
589,1414.1613619043894,0.7137038083511801,1391
590,1414.1613619043894,0.7137038083511801,1391
591,1414.1613619043894,0.7137038083511801,1391
592,1414.1613619043894,0.7137038083511801,1391
593,1414.1613619043894,0.7137038083511801,1391
594,1429.1899554378244,0.7257113048476579,1407
595,1463.075102961195,0.7518528682176141,1443
596,1463.075102961195,0.7518528682176141,1443
597,1463.075102961195,0.7518528682176141,1443
598,1463.075102961195,0.7518528682176141,1443
599,1467.2100933939716,0.7007405019286569,1443
600,1467.2100933939716,0.7007405019286569,1443
601,1469.2349918652824,0.7004327334328508,1445
602,1458.097145912606,0.7021366389047472,1434
603,1458.097145912606,0.7021366389047472,1434
604,1458.097145912606,0.7021366389047472,1434
605,1458.097145912606,0.7021366389047472,1434
606,1458.097145912606,0.7021366389047472,1434
607,1458.097145912606,0.7021366389047472,1434
608,1458.097145912606,0.7021366389047472,1434
609,1458.097145912606,0.7021366389047472,1434
610,1448.9826981377219,0.7035513209181464,1425
611,1438.8537401609467,0.7051453626582613,1415
612,1438.8537401609467,0.7051453626582613,1415
613,1438.8537401609467,0.7051453626582613,1415
614,1438.8537401609467,0.7051453626582613,1415
615,1438.8537401609467,0.7051453626582613,1415
616,1438.8537401609467,0.7051453626582613,1415
617,1460.479147116055,0.7221366240289883,1438
618,1460.479147116055,0.7221366240289883,1438
619,1460.479147116055,0.7221366240289883,1438
620,1482.7784386632136,0.7184370993422303,1460
621,1482.7784386632136,0.7184370993422303,1460
622,1482.7784386632136,0.7184370993422303,1460
623,1484.662118262636,0.719874928768404,1462
624,1484.662118262636,0.719874928768404,1462
625,1484.662118262636,0.719874928768404,1462
626,1484.662118262636,0.719874928768404,1462
627,1484.662118262636,0.719874928768404,1462
628,1484.662118262636,0.719874928768404,1462
629,1483.7202450397394,0.7191564271972885,1461
630,1488.787134377047,0.71832961215022,1466
631,1488.787134377047,0.71832961215022,1466
632,1488.787134377047,0.71832961215022,1466
633,1488.787134377047,0.71832961215022,1466
634,1488.787134377047,0.71832961215022,1466
635,1488.787134377047,0.71832961215022,1466
636,1488.787134377047,0.71832961215022,1466
637,1488.787134377047,0.71832961215022,1466
638,1484.386004080429,0.7356488988822126,1463
639,1484.386004080429,0.7356488988822126,1463
640,1484.386004080429,0.7356488988822126,1463
641,1484.386004080429,0.7356488988822126,1463
642,1490.1436275357175,0.7633667795337759,1471
643,1483.0843253998453,0.7393779307806514,1462
644,1483.0843253998453,0.7393779307806514,1462
645,1458.9613096461933,0.7161766421978584,1436
646,1442.7431312710698,0.7188735318779983,1420
647,1441.8030169957224,0.7181332880627644,1419
648,1441.8030169957224,0.7181332880627644,1419
649,1441.8030169957224,0.7181332880627644,1419
650,1441.8030169957224,0.7181332880627644,1419
651,1441.8030169957224,0.7181332880627644,1419
652,1450.2666037338854,0.72476385990253,1428
653,1450.2666037338854,0.72476385990253,1428
654,1450.2666037338854,0.72476385990253,1428
655,1450.2666037338854,0.72476385990253,1428
656,1443.6096953540205,0.7205229251666211,1421
657,1443.6096953540205,0.7205229251666211,1421
658,1443.6096953540205,0.7205229251666211,1421
659,1443.6096953540205,0.7205229251666211,1421
660,1443.6096953540205,0.7205229251666211,1421
661,1443.6096953540205,0.7205229251666211,1421
662,1443.6096953540205,0.7205229251666211,1421
663,1443.6096953540205,0.7205229251666211,1421
664,1443.6096953540205,0.7205229251666211,1421
665,1443.6096953540205,0.7205229251666211,1421
666,1443.6096953540205,0.7205229251666211,1421
667,1443.6096953540205,0.7205229251666211,1421
668,1473.0040601845674,0.7156482053823553,1450
669,1478.2033623106156,0.7008237044423288,1454
670,1456.9394132410775,0.7040863629038617,1433
671,1456.9394132410775,0.7040863629038617,1433
672,1456.9394132410775,0.7040863629038617,1433
673,1456.9394132410775,0.7040863629038617,1433
674,1456.9394132410775,0.7040863629038617,1433
675,1454.6956662668051,0.7070993044894306,1431
676,1464.6048173363974,0.69586134318421,1440
677,1461.7843369855632,0.6936423116741249,1437
678,1461.7843369855632,0.6936423116741249,1437
679,1461.7843369855632,0.6936423116741249,1437
680,1461.7843369855632,0.6936423116741249,1437
681,1461.7843369855632,0.6936423116741249,1437
682,1461.7843369855632,0.6936423116741249,1437
683,1489.104038331585,0.6896905026998152,1464
684,1489.104038331585,0.6896905026998152,1464
685,1489.104038331585,0.6896905026998152,1464
686,1489.104038331585,0.6896905026998152,1464
687,1489.104038331585,0.6896905026998152,1464
688,1489.104038331585,0.6896905026998152,1464
689,1489.104038331585,0.6896905026998152,1464
690,1488.4153197371252,0.7105646509626049,1465
691,1494.0666464368285,0.7148745805089197,1471
692,1494.0666464368285,0.7148745805089197,1471
693,1494.0666464368285,0.7148745805089197,1471
694,1494.0666464368285,0.7148745805089197,1471
695,1494.0666464368285,0.7148745805089197,1471
696,1481.2531772167174,0.7125688848366206,1458
697,1481.2531772167174,0.7125688848366206,1458
698,1464.3168033848544,0.6994214661946291,1440
699,1464.3168033848544,0.6994214661946291,1440
700,1464.3168033848544,0.6994214661946291,1440
701,1464.3168033848544,0.6994214661946291,1440
702,1464.3168033848544,0.6994214661946291,1440
703,1464.3168033848544,0.6994214661946291,1440
704,1464.3168033848544,0.6994214661946291,1440
705,1464.3168033848544,0.6994214661946291,1440
706,1464.3168033848544,0.6994214661946291,1440
707,1464.3168033848544,0.6994214661946291,1440
708,1464.3168033848544,0.6994214661946291,1440
709,1464.3168033848544,0.6994214661946291,1440
710,1454.1856438975617,0.7134036601043057,1431
711,1454.1856438975617,0.7134036601043057,1431
712,1454.1856438975617,0.7134036601043057,1431
713,1454.1856438975617,0.7134036601043057,1431
714,1454.1856438975617,0.7134036601043057,1431
715,1454.1856438975617,0.7134036601043057,1431
716,1454.1856438975617,0.7134036601043057,1431
717,1454.1856438975617,0.7134036601043057,1431
718,1454.1856438975617,0.7134036601043057,1431
719,1454.1856438975617,0.7134036601043057,1431
720,1454.1856438975617,0.7134036601043057,1431
721,1454.1856438975617,0.7134036601043057,1431
722,1454.1856438975617,0.7134036601043057,1431
723,1454.1856438975617,0.7134036601043057,1431
724,1454.1856438975617,0.7134036601043057,1431
725,1454.1856438975617,0.7134036601043057,1431
726,1454.1856438975617,0.7134036601043057,1431
727,1454.1856438975617,0.7134036601043057,1431
728,1454.1856438975617,0.7134036601043057,1431
729,1467.358068067846,0.7236332748103085,1445
730,1467.358068067846,0.7236332748103085,1445
731,1467.358068067846,0.7236332748103085,1445
732,1467.358068067846,0.7236332748103085,1445
733,1467.358068067846,0.7236332748103085,1445
734,1467.358068067846,0.7236332748103085,1445
735,1456.5761925777679,0.7085761115232656,1433
736,1456.5761925777679,0.7085761115232656,1433
737,1456.5761925777679,0.7085761115232656,1433
738,1456.5761925777679,0.7085761115232656,1433
739,1456.5761925777679,0.7085761115232656,1433
740,1456.5761925777679,0.7085761115232656,1433
741,1456.5761925777679,0.7085761115232656,1433
742,1456.5761925777679,0.7085761115232656,1433
743,1436.916715235944,0.6920059921391354,1412
744,1436.916715235944,0.6920059921391354,1412
745,1436.916715235944,0.6920059921391354,1412
746,1471.7021627642596,0.7193799411092754,1449
747,1471.7021627642596,0.7193799411092754,1449
748,1471.7021627642596,0.7193799411092754,1449
749,1443.2413080198473,0.7250765386916282,1421
750,1443.2413080198473,0.7250765386916282,1421
751,1443.2413080198473,0.7250765386916282,1421
752,1444.18178595529,0.7258122873264512,1422
753,1444.18178595529,0.7258122873264512,1422
754,1444.18178595529,0.7258122873264512,1422
755,1447.9444297112648,0.7287462334825128,1426
756,1447.9444297112648,0.7287462334825128,1426
757,1447.9444297112648,0.7287462334825128,1426
758,1447.9444297112648,0.7287462334825128,1426
759,1447.9444297112648,0.7287462334825128,1426
760,1447.9444297112648,0.7287462334825128,1426
761,1447.9444297112648,0.7287462334825128,1426
762,1447.9444297112648,0.7287462334825128,1426
763,1438.54000782887,0.7213843284441271,1416
764,1438.54000782887,0.7213843284441271,1416
765,1438.54000782887,0.7213843284441271,1416
766,1455.473265556905,0.7345702650567979,1434
767,1447.35581122285,0.7360221109660083,1426
768,1447.35581122285,0.7360221109660083,1426
769,1482.2316919516586,0.7622782206222679,1463
770,1482.2316919516586,0.7622782206222679,1463
771,1482.2316919516586,0.7622782206222679,1463
772,1482.2316919516586,0.7622782206222679,1463
773,1482.2316919516586,0.7622782206222679,1463
774,1482.2316919516586,0.7622782206222679,1463
775,1469.9656122375868,0.7532062764204341,1450
776,1469.9656122375868,0.7532062764204341,1450
777,1467.2095361432357,0.750191147796838,1447
778,1452.9924169120047,0.752874945463478,1433
779,1450.1658072540747,0.7507316779471606,1430
780,1437.9255717090684,0.7413402755368553,1417
781,1437.9255717090684,0.7413402755368553,1417
782,1433.864707830414,0.7420926102544623,1413
783,1433.864707830414,0.7420926102544623,1413
784,1433.864707830414,0.7420926102544623,1413
785,1433.864707830414,0.7420926102544623,1413
786,1453.6416870788378,0.7572102956880362,1434
787,1453.6416870788378,0.7572102956880362,1434
788,1441.3945538408202,0.7479041552432603,1421
789,1441.3945538408202,0.7479041552432603,1421
790,1441.3945538408202,0.7479041552432603,1421
791,1455.5271017983987,0.7586266773992751,1436
792,1455.5271017983987,0.7586266773992751,1436
793,1455.5271017983987,0.7586266773992751,1436
794,1455.5271017983987,0.7586266773992751,1436
795,1455.5271017983987,0.7586266773992751,1436
796,1455.5271017983987,0.7586266773992751,1436
797,1455.5271017983987,0.7586266773992751,1436
798,1413.3694565588899,0.7358534417936975,1392
799,1413.3694565588899,0.7358534417936975,1392
800,1413.3694565588899,0.7358534417936975,1392
801,1415.2490121648593,0.7373422476531611,1394
802,1415.2490121648593,0.7373422476531611,1394
803,1415.2490121648593,0.7373422476531611,1394
804,1416.264185159062,0.7371546951908282,1395
805,1400.2974772105117,0.7243822347279147,1378
806,1400.2974772105117,0.7243822347279147,1378
807,1432.9500574619672,0.7286766691969452,1411
808,1432.9500574619672,0.7286766691969452,1411
809,1432.9500574619672,0.7286766691969452,1411
810,1432.9500574619672,0.7286766691969452,1411
811,1432.9500574619672,0.7286766691969452,1411
812,1432.9500574619672,0.7286766691969452,1411
813,1432.9500574619672,0.7286766691969452,1411
814,1432.9500574619672,0.7286766691969452,1411
815,1442.0795478311038,0.7270760465870985,1420
816,1456.195205626736,0.7380073470119165,1435
817,1436.4379596150316,0.7226457402344681,1414
818,1456.195205626736,0.7380073470119165,1435
819,1418.5900047323491,0.7084053803170673,1395
820,1418.5900047323491,0.7084053803170673,1395
821,1429.7360321009753,0.7066003448581535,1406
822,1429.7360321009753,0.7066003448581535,1406
823,1429.7360321009753,0.7066003448581535,1406
824,1429.7360321009753,0.7066003448581535,1406
825,1429.7360321009753,0.7066003448581535,1406
826,1429.7360321009753,0.7066003448581535,1406
827,1429.7360321009753,0.7066003448581535,1406
828,1434.801619835496,0.7057896188443025,1411
829,1434.801619835496,0.7057896188443025,1411
830,1434.801619835496,0.7057896188443025,1411
831,1430.1059069026794,0.7020283448370889,1406
832,1430.1059069026794,0.7020283448370889,1406
833,1430.1059069026794,0.7020283448370889,1406
834,1430.1059069026794,0.7020283448370889,1406
835,1430.1059069026794,0.7020283448370889,1406
836,1430.1059069026794,0.7020283448370889,1406
837,1430.1059069026794,0.7020283448370889,1406
838,1430.1059069026794,0.7020283448370889,1406
839,1430.1059069026794,0.7020283448370889,1406
840,1430.1059069026794,0.7020283448370889,1406
841,1430.1059069026794,0.7020283448370889,1406
842,1430.1059069026794,0.7020283448370889,1406
843,1430.1059069026794,0.7020283448370889,1406
844,1430.1059069026794,0.7020283448370889,1406
845,1430.1059069026794,0.7020283448370889,1406
846,1430.1059069026794,0.7020283448370889,1406
847,1430.1059069026794,0.7020283448370889,1406
848,1477.690546729424,0.6948016473495168,1453
849,1487.1011081559993,0.7020876618541497,1463
850,1487.1011081559993,0.7020876618541497,1463
851,1487.1011081559993,0.7020876618541497,1463
852,1487.1011081559993,0.7020876618541497,1463
853,1487.1011081559993,0.7020876618541497,1463
854,1487.1011081559993,0.7020876618541497,1463
855,1470.9007395909116,0.7045644055511548,1447
856,1438.1558141681826,0.676689565288224,1412
857,1438.1558141681826,0.676689565288224,1412
858,1438.1558141681826,0.676689565288224,1412
859,1438.1558141681826,0.676689565288224,1412
860,1438.1558141681826,0.676689565288224,1412
861,1438.1558141681826,0.676689565288224,1412
862,1438.1558141681826,0.676689565288224,1412
863,1438.1558141681826,0.676689565288224,1412
864,1471.9852176153843,0.7035201778073646,1448
865,1471.9852176153843,0.7035201778073646,1448
866,1471.9852176153843,0.7035201778073646,1448
867,1479.7996947597765,0.7058134145886715,1456
868,1479.7996947597765,0.7058134145886715,1456
869,1479.7996947597765,0.7058134145886715,1456
870,1479.7996947597765,0.7058134145886715,1456
871,1479.7996947597765,0.7058134145886715,1456
872,1479.7996947597765,0.7058134145886715,1456
873,1519.0033637793617,0.7280177530363189,1497
874,1510.8938617395395,0.7293713011181767,1489
875,1510.8938617395395,0.7293713011181767,1489
876,1510.8938617395395,0.7293713011181767,1489
877,1510.8938617395395,0.7293713011181767,1489
878,1510.8938617395395,0.7293713011181767,1489
879,1510.8938617395395,0.7293713011181767,1489
880,1510.8938617395395,0.7293713011181767,1489
881,1549.403483335473,0.7230718994379106,1527
882,1549.403483335473,0.7230718994379106,1527
883,1549.403483335473,0.7230718994379106,1527
884,1538.258668168795,0.7248619509419633,1516
885,1538.258668168795,0.7248619509419633,1516
886,1540.2851593185806,0.724534495443998,1518
887,1531.1653789204856,0.7260150936899193,1509
888,1531.1653789204856,0.7260150936899193,1509
889,1544.4560597689906,0.7347829447590785,1523
890,1536.8994863613284,0.7293017755089202,1515
891,1526.7633326921823,0.7309847627665967,1505
892,1518.2699380201418,0.7247226449920663,1496
893,1531.538241966563,0.7090452167297535,1508
894,1531.538241966563,0.7090452167297535,1508
895,1531.538241966563,0.7090452167297535,1508
896,1531.538241966563,0.7090452167297535,1508
897,1531.538241966563,0.7090452167297535,1508
898,1531.538241966563,0.7090452167297535,1508
899,1531.538241966563,0.7090452167297535,1508
900,1531.538241966563,0.7090452167297535,1508
901,1531.538241966563,0.7090452167297535,1508
902,1522.4257660337987,0.710435524922143,1499
903,1522.4257660337987,0.710435524922143,1499
904,1522.4257660337987,0.710435524922143,1499
905,1522.4257660337987,0.710435524922143,1499
906,1558.305418234885,0.7366450156380089,1537
907,1578.1740148334698,0.7506302245553793,1558
908,1578.1740148334698,0.7506302245553793,1558
909,1580.274500554887,0.7617490660706191,1561
910,1580.274500554887,0.7617490660706191,1561
911,1580.274500554887,0.7617490660706191,1561
912,1580.274500554887,0.7617490660706191,1561
913,1580.274500554887,0.7617490660706191,1561
914,1580.274500554887,0.7617490660706191,1561
915,1580.274500554887,0.7617490660706191,1561
916,1594.4802377980739,0.7592059604688017,1575
917,1594.4802377980739,0.7592059604688017,1575
918,1606.190446920674,0.7627880479521133,1587
919,1606.190446920674,0.7627880479521133,1587
920,1561.9430525451185,0.7534851354126263,1542
921,1524.6289602503114,0.7202847929504167,1502
922,1524.6289602503114,0.7202847929504167,1502
923,1524.6289602503114,0.7202847929504167,1502
924,1524.6289602503114,0.7202847929504167,1502
925,1524.6289602503114,0.7202847929504167,1502
926,1524.6289602503114,0.7202847929504167,1502
927,1524.6289602503114,0.7202847929504167,1502
928,1524.6289602503114,0.7202847929504167,1502
929,1524.6289602503114,0.7202847929504167,1502
930,1524.6289602503114,0.7202847929504167,1502
931,1545.9006267892037,0.7169267393176315,1523
932,1521.414705882353,0.7352941176470589,1500
933,1521.414705882353,0.7352941176470589,1500
934,1521.414705882353,0.7352941176470589,1500
935,1521.414705882353,0.7352941176470589,1500
936,1528.829701221965,0.7425253248211982,1508
937,1528.829701221965,0.7425253248211982,1508
938,1528.829701221965,0.7425253248211982,1508
939,1528.829701221965,0.7425253248211982,1508
940,1528.829701221965,0.7425253248211982,1508
941,1528.829701221965,0.7425253248211982,1508
942,1528.829701221965,0.7425253248211982,1508
943,1528.829701221965,0.7425253248211982,1508
944,1518.5829733040441,0.7332141742392565,1497
945,1518.5829733040441,0.7332141742392565,1497
946,1528.0244960563768,0.7401174776714862,1507
947,1528.0244960563768,0.7401174776714862,1507
948,1497.8354845360825,0.7177319587628866,1475
949,1482.7662782889572,0.7062264735604789,1459
950,1480.8837660992438,0.7047742138535997,1457
951,1480.8837660992438,0.7047742138535997,1457
952,1468.9274793837478,0.6795119977287042,1443
953,1468.9274793837478,0.6795119977287042,1443
954,1462.8603576904804,0.6803416849137156,1437
955,1462.8603576904804,0.6803416849137156,1437
956,1462.8603576904804,0.6803416849137156,1437
957,1462.8603576904804,0.6803416849137156,1437
958,1462.8603576904804,0.6803416849137156,1437
959,1462.8603576904804,0.6803416849137156,1437
960,1462.8603576904804,0.6803416849137156,1437
961,1472.9718981307035,0.6789629402879662,1447
962,1486.4437340183513,0.6978524843219863,1462
963,1491.1504828650384,0.7014773440662752,1467
964,1491.1504828650384,0.7014773440662752,1467
965,1515.4408797586018,0.6978877656538716,1491
966,1515.4408797586018,0.6978877656538716,1491
967,1515.4408797586018,0.6978877656538716,1491
968,1515.4408797586018,0.6978877656538716,1491
969,1515.4408797586018,0.6978877656538716,1491
970,1515.4408797586018,0.6978877656538716,1491
971,1515.4408797586018,0.6978877656538716,1491
972,1515.4408797586018,0.6978877656538716,1491
973,1515.4408797586018,0.6978877656538716,1491
974,1502.2848141347067,0.6998168833781621,1478
975,1502.2848141347067,0.6998168833781621,1478
976,1502.2848141347067,0.6998168833781621,1478
977,1502.2848141347067,0.6998168833781621,1478
978,1502.2848141347067,0.6998168833781621,1478
979,1502.2848141347067,0.6998168833781621,1478
980,1502.2848141347067,0.6998168833781621,1478
981,1508.8794868295477,0.7048271096471238,1485
982,1508.8794868295477,0.7048271096471238,1485
983,1508.8794868295477,0.7048271096471238,1485
984,1524.0629413322276,0.7025594396510809,1500
985,1524.0629413322276,0.7025594396510809,1500
986,1524.0629413322276,0.7025594396510809,1500
987,1524.0629413322276,0.7025594396510809,1500
988,1524.0629413322276,0.7025594396510809,1500
989,1526.8916518130927,0.7046767390223405,1503
990,1532.9645648831936,0.7037754649790667,1509
991,1532.9645648831936,0.7037754649790667,1509
992,1532.9645648831936,0.7037754649790667,1509
993,1532.9645648831936,0.7037754649790667,1509
994,1532.9645648831936,0.7037754649790667,1509
995,1532.9645648831936,0.7037754649790667,1509
996,1532.9645648831936,0.7037754649790667,1509
997,1532.9645648831936,0.7037754649790667,1509
998,1515.0541411596143,0.6903072786203431,1490
999,1515.0541411596143,0.6903072786203431,1490
1000,1515.0541411596143,0.6903072786203431,1490
1001,1501.8696512963982,0.6802268072138682,1476
1002,1501.8696512963982,0.6802268072138682,1476
1003,1501.8696512963982,0.6802268072138682,1476
1004,1501.8696512963982,0.6802268072138682,1476
1005,1501.8696512963982,0.6802268072138682,1476
1006,1512.2280087577064,0.6881581117712415,1487
1007,1512.2280087577064,0.6881581117712415,1487
1008,1512.2280087577064,0.6881581117712415,1487
1009,1519.7654552798228,0.6938757072951444,1495
1010,1516.7305159686155,0.6943075900047534,1492
1011,1516.7305159686155,0.6943075900047534,1492
1012,1507.6248018914175,0.6956143153100438,1483
1013,1507.6248018914175,0.6956143153100438,1483
1014,1507.6248018914175,0.6956143153100438,1483
1015,1510.450988915151,0.6977628069820645,1486
1016,1510.450988915151,0.6977628069820645,1486
1017,1510.450988915151,0.6977628069820645,1486
1018,1510.450988915151,0.6977628069820645,1486
1019,1510.450988915151,0.6977628069820645,1486
1020,1510.450988915151,0.6977628069820645,1486
1021,1517.990023750873,0.7034607694576884,1494
1022,1517.990023750873,0.7034607694576884,1494
1023,1517.990023750873,0.7034607694576884,1494
1024,1518.305547224238,0.711921542345639,1495
1025,1518.305547224238,0.711921542345639,1495
1026,1510.2034016381017,0.7131841577490519,1487
1027,1492.111542759654,0.714319619781781,1469
1028,1492.111542759654,0.714319619781781,1469
1029,1492.111542759654,0.714319619781781,1469
1030,1492.111542759654,0.714319619781781,1469
1031,1492.111542759654,0.714319619781781,1469
1032,1492.111542759654,0.714319619781781,1469
1033,1492.111542759654,0.714319619781781,1469
1034,1492.111542759654,0.714319619781781,1469
1035,1492.111542759654,0.714319619781781,1469
1036,1492.111542759654,0.714319619781781,1469
1037,1492.111542759654,0.714319619781781,1469
1038,1492.111542759654,0.714319619781781,1469
1039,1492.111542759654,0.714319619781781,1469
1040,1492.111542759654,0.714319619781781,1469
1041,1492.111542759654,0.714319619781781,1469
1042,1492.111542759654,0.714319619781781,1469
1043,1492.111542759654,0.714319619781781,1469
1044,1492.111542759654,0.714319619781781,1469
1045,1492.111542759654,0.714319619781781,1469
1046,1492.111542759654,0.714319619781781,1469
1047,1496.1636547444953,0.7136754666935069,1473
1048,1495.1506544095555,0.7138361630462857,1472
1049,1495.1506544095555,0.7138361630462857,1472
1050,1495.1506544095555,0.7138361630462857,1472
1051,1495.1506544095555,0.7138361630462857,1472
1052,1495.1506544095555,0.7138361630462857,1472
1053,1495.1506544095555,0.7138361630462857,1472
1054,1495.1506544095555,0.7138361630462857,1472
1055,1495.1506544095555,0.7138361630462857,1472
1056,1498.372060717348,0.7358212519487283,1477
1057,1480.1567563382648,0.7013997980436972,1456
1058,1480.1567563382648,0.7013997980436972,1456
1059,1480.1567563382648,0.7013997980436972,1456
1060,1473.0695398230089,0.7024778761061947,1449
1061,1473.0695398230089,0.7024778761061947,1449
1062,1473.0695398230089,0.7024778761061947,1449
1063,1473.0695398230089,0.7024778761061947,1449
1064,1473.0695398230089,0.7024778761061947,1449
1065,1473.0695398230089,0.7024778761061947,1449
1066,1473.0695398230089,0.7024778761061947,1449
1067,1473.0695398230089,0.7024778761061947,1449
1068,1473.0695398230089,0.7024778761061947,1449
1069,1473.0695398230089,0.7024778761061947,1449
1070,1473.0695398230089,0.7024778761061947,1449
1071,1473.0695398230089,0.7024778761061947,1449
1072,1473.0695398230089,0.7024778761061947,1449
1073,1473.0695398230089,0.7024778761061947,1449
1074,1489.267604062225,0.7000296160417182,1465
1075,1501.4131895070045,0.6982300431767045,1477
1076,1527.7654718387869,0.706236442042189,1504
1077,1527.7654718387869,0.706236442042189,1504
1078,1527.7654718387869,0.706236442042189,1504
1079,1536.8753658536586,0.7048780487804878,1513
1080,1527.444489069021,0.6978431511863904,1503
1081,1527.444489069021,0.6978431511863904,1503
1082,1531.4915455721627,0.6972614886012026,1507
1083,1528.3623426777856,0.7112194971843555,1505
1084,1526.337164717288,0.7115307204290712,1503
1085,1526.3164892640516,0.6870644095914515,1501
1086,1526.3164892640516,0.6870644095914515,1501
1087,1527.903846398222,0.7045260024941664,1504
1088,1527.903846398222,0.7045260024941664,1504
1089,1516.768763230979,0.7061957573426587,1493
1090,1516.768763230979,0.7061957573426587,1493
1091,1512.0888179985702,0.7146005191771294,1489
1092,1512.0888179985702,0.7146005191771294,1489
1093,1501.5811613174415,0.7085146932331081,1478
1094,1505.6315773595804,0.70789150358986,1482
1095,1505.6315773595804,0.70789150358986,1482
1096,1507.9372125203824,0.7041135658790805,1484
1097,1501.8629438229807,0.7050315967493109,1478
1098,1501.8629438229807,0.7050315967493109,1478
1099,1498.0952778614449,0.7021597297720048,1474
1100,1498.0952778614449,0.7021597297720048,1474
1101,1498.0952778614449,0.7021597297720048,1474
1102,1495.363331394578,0.7112072757159719,1472
1103,1495.363331394578,0.7112072757159719,1472
1104,1495.363331394578,0.7112072757159719,1472
1105,1495.363331394578,0.7112072757159719,1472
1106,1495.363331394578,0.7112072757159719,1472
1107,1492.3246913283024,0.7116849032348279,1469
1108,1492.3246913283024,0.7116849032348279,1469
1109,1492.3246913283024,0.7116849032348279,1469
1110,1492.3246913283024,0.7116849032348279,1469
1111,1476.1157988950426,0.7142670099500299,1453
1112,1476.1157988950426,0.7142670099500299,1453
1113,1476.1157988950426,0.7142670099500299,1453
1114,1467.646374324581,0.707708599201716,1444
1115,1467.646374324581,0.707708599201716,1444
1116,1452.7960131962288,0.7305808010354908,1431
1117,1452.7960131962288,0.7305808010354908,1431
1118,1452.7960131962288,0.7305808010354908,1431
1119,1433.9886392122655,0.7158388230869518,1411
1120,1418.7809011859806,0.718406660247459,1396
1121,1418.7809011859806,0.718406660247459,1396
1122,1418.7809011859806,0.718406660247459,1396
1123,1418.7809011859806,0.718406660247459,1396
1124,1418.7809011859806,0.718406660247459,1396
1125,1418.7809011859806,0.718406660247459,1396
1126,1418.7809011859806,0.718406660247459,1396
1127,1418.7809011859806,0.718406660247459,1396
1128,1418.7809011859806,0.718406660247459,1396
1129,1418.7809011859806,0.718406660247459,1396
1130,1418.7809011859806,0.718406660247459,1396
1131,1418.7809011859806,0.718406660247459,1396
1132,1418.7809011859806,0.718406660247459,1396
1133,1418.7809011859806,0.718406660247459,1396
1134,1418.7809011859806,0.718406660247459,1396
1135,1418.7809011859806,0.718406660247459,1396
1136,1418.7809011859806,0.718406660247459,1396
1137,1418.7809011859806,0.718406660247459,1396
1138,1418.7809011859806,0.718406660247459,1396
1139,1418.7809011859806,0.718406660247459,1396
1140,1418.7809011859806,0.718406660247459,1396
1141,1418.7809011859806,0.718406660247459,1396
1142,1418.7809011859806,0.718406660247459,1396
1143,1418.7809011859806,0.718406660247459,1396
1144,1418.7809011859806,0.718406660247459,1396
1145,1418.7809011859806,0.718406660247459,1396
1146,1418.7809011859806,0.718406660247459,1396
1147,1418.7809011859806,0.718406660247459,1396
1148,1418.7809011859806,0.718406660247459,1396
1149,1433.8159980482858,0.7303337694896678,1412
1150,1479.9843940233818,0.765335055335206,1461
1151,1479.9843940233818,0.765335055335206,1461
1152,1479.9843940233818,0.765335055335206,1461
1153,1450.7536956916924,0.7434648245773495,1430
1154,1462.9340546429075,0.741235418505469,1442
1155,1462.9340546429075,0.741235418505469,1442
1156,1462.9340546429075,0.741235418505469,1442
1157,1462.9340546429075,0.741235418505469,1442
1158,1462.9340546429075,0.741235418505469,1442
1159,1462.9340546429075,0.741235418505469,1442
1160,1464.818314767299,0.7426660720976651,1444
1161,1493.88711879763,0.7418155896461064,1473
1162,1493.88711879763,0.7418155896461064,1473
1163,1457.1528306523837,0.7138092626404982,1434
1164,1457.1528306523837,0.7138092626404982,1434
1165,1457.1528306523837,0.7138092626404982,1434
1166,1457.1528306523837,0.7138092626404982,1434
1167,1457.1528306523837,0.7138092626404982,1434
1168,1457.1528306523837,0.7138092626404982,1434
1169,1457.1528306523837,0.7138092626404982,1434
1170,1457.1528306523837,0.7138092626404982,1434
1171,1457.1528306523837,0.7138092626404982,1434
1172,1457.1528306523837,0.7138092626404982,1434
1173,1457.1528306523837,0.7138092626404982,1434
1174,1461.8564160658043,0.7174732253917876,1439
1175,1461.8564160658043,0.7174732253917876,1439
1176,1453.3911772190095,0.7108630751667568,1430
1177,1453.3911772190095,0.7108630751667568,1430
1178,1453.3911772190095,0.7108630751667568,1430
1179,1453.3911772190095,0.7108630751667568,1430
1180,1453.3911772190095,0.7108630751667568,1430
1181,1405.7483498151387,0.7188090257708442,1383
1182,1405.7483498151387,0.7188090257708442,1383
1183,1402.70577190679,0.7193353287170569,1380
1184,1402.70577190679,0.7193353287170569,1380
1185,1397.6343806307937,0.7202177919555791,1375
1186,1397.6343806307937,0.7202177919555791,1375
1187,1397.6343806307937,0.7202177919555791,1375
1188,1397.6343806307937,0.7202177919555791,1375
1189,1398.572663465991,0.7209806740915848,1376
1190,1412.7717404239495,0.7185198958720714,1390
1191,1412.7717404239495,0.7185198958720714,1390
1192,1420.2848631743782,0.724538156064547,1398
1193,1415.5886043360333,0.7207836299625057,1393
1194,1415.5886043360333,0.7207836299625057,1393
1195,1415.5886043360333,0.7207836299625057,1393
1196,1415.5886043360333,0.7207836299625057,1393
1197,1415.5886043360333,0.7207836299625057,1393
1198,1415.5886043360333,0.7207836299625057,1393
1199,1415.5886043360333,0.7207836299625057,1393
1200,1415.5886043360333,0.7207836299625057,1393
1201,1415.5886043360333,0.7207836299625057,1393
1202,1415.5886043360333,0.7207836299625057,1393
1203,1415.5886043360333,0.7207836299625057,1393
1204,1415.5886043360333,0.7207836299625057,1393
1205,1415.5886043360333,0.7207836299625057,1393
1206,1415.5886043360333,0.7207836299625057,1393
1207,1415.5886043360333,0.7207836299625057,1393
1208,1410.030862157051,0.7153169078238444,1387
1209,1410.030862157051,0.7153169078238444,1387
1210,1410.030862157051,0.7153169078238444,1387
1211,1410.030862157051,0.7153169078238444,1387
1212,1410.030862157051,0.7153169078238444,1387
1213,1410.030862157051,0.7153169078238444,1387
1214,1410.030862157051,0.7153169078238444,1387
1215,1410.030862157051,0.7153169078238444,1387
1216,1410.030862157051,0.7153169078238444,1387
1217,1410.030862157051,0.7153169078238444,1387
1218,1410.030862157051,0.7153169078238444,1387
1219,1410.030862157051,0.7153169078238444,1387
1220,1410.030862157051,0.7153169078238444,1387
1221,1410.030862157051,0.7153169078238444,1387
1222,1410.030862157051,0.7153169078238444,1387
1223,1410.030862157051,0.7153169078238444,1387
1224,1424.1179770545955,0.726601025283121,1402
1225,1424.1179770545955,0.726601025283121,1402
1226,1424.1179770545955,0.726601025283121,1402
1227,1424.1179770545955,0.726601025283121,1402
1228,1424.1179770545955,0.726601025283121,1402
1229,1424.1179770545955,0.726601025283121,1402
1230,1424.1179770545955,0.726601025283121,1402
1231,1445.751375442389,0.7434935050384557,1425
1232,1446.7665768426593,0.7433056014504409,1426
1233,1446.7665768426593,0.7433056014504409,1426
1234,1446.7665768426593,0.7433056014504409,1426
1235,1446.7665768426593,0.7433056014504409,1426
1236,1446.7665768426593,0.7433056014504409,1426
1237,1446.7665768426593,0.7433056014504409,1426
1238,1446.7665768426593,0.7433056014504409,1426
1239,1469.0956371390373,0.7392381070576356,1448
1240,1469.0956371390373,0.7392381070576356,1448
1241,1464.021742816377,0.7401515103043642,1443
1242,1464.021742816377,0.7401515103043642,1443
1243,1464.021742816377,0.7401515103043642,1443
1244,1464.021742816377,0.7401515103043642,1443
1245,1464.021742816377,0.7401515103043642,1443
1246,1475.331729930678,0.748680717791372,1455
1247,1465.9059728998868,0.7415825352300761,1445
1248,1465.9059728998868,0.7415825352300761,1445
1249,1465.9059728998868,0.7415825352300761,1445
1250,1465.9059728998868,0.7415825352300761,1445
1251,1465.9059728998868,0.7415825352300761,1445
1252,1465.9059728998868,0.7415825352300761,1445
1253,1465.9059728998868,0.7415825352300761,1445
1254,1465.9059728998868,0.7415825352300761,1445
1255,1461.1959679175902,0.7379979243808377,1440
1256,1461.1959679175902,0.7379979243808377,1440
1257,1451.781609849324,0.7307588399341892,1430
1258,1451.781609849324,0.7307588399341892,1430
1259,1451.781609849324,0.7307588399341892,1430
1260,1461.9290472242196,0.7165754360417836,1439
1261,1461.9290472242196,0.7165754360417836,1439
1262,1461.9290472242196,0.7165754360417836,1439
1263,1461.9290472242196,0.7165754360417836,1439
1264,1461.9290472242196,0.7165754360417836,1439
1265,1427.1624790744236,0.6889681202172615,1402
1266,1427.1624790744236,0.6889681202172615,1402
1267,1427.1624790744236,0.6889681202172615,1402
1268,1412.9916009022402,0.6910803349537687,1388
1269,1412.9916009022402,0.6910803349537687,1388
1270,1408.9421061146195,0.6916921370257169,1384
1271,1408.9421061146195,0.6916921370257169,1384
1272,1408.9421061146195,0.6916921370257169,1384
1273,1424.9670733596215,0.7037444578538745,1401
1274,1424.9670733596215,0.7037444578538745,1401
1275,1424.9670733596215,0.7037444578538745,1401
1276,1424.9670733596215,0.7037444578538745,1401
1277,1424.9670733596215,0.7037444578538745,1401
1278,1424.9670733596215,0.7037444578538745,1401
1279,1442.185833763336,0.7010403737535736,1418
1280,1442.185833763336,0.7010403737535736,1418
1281,1442.185833763336,0.7010403737535736,1418
1282,1442.185833763336,0.7010403737535736,1418
1283,1442.185833763336,0.7010403737535736,1418
1284,1442.185833763336,0.7010403737535736,1418
1285,1433.7332240254086,0.6942741158787566,1409
1286,1433.7332240254086,0.6942741158787566,1409
1287,1433.7332240254086,0.6942741158787566,1409
1288,1433.7332240254086,0.6942741158787566,1409
1289,1433.7332240254086,0.6942741158787566,1409
1290,1436.7702104825048,0.6938169285228084,1412
1291,1436.7702104825048,0.6938169285228084,1412
1292,1436.7702104825048,0.6938169285228084,1412
1293,1450.940639639701,0.691710264033363,1426
1294,1471.1780563296768,0.688775570708568,1446
1295,1471.1780563296768,0.688775570708568,1446
1296,1467.131130875736,0.6893556134025198,1442
1297,1460.0483443444396,0.6903789327016112,1435
1298,1469.4504094336835,0.6977699699173847,1445
1299,1480.5842619311875,0.6961154273029967,1456
1300,1459.8981682278586,0.6798743111513146,1434
1301,1461.7775892308405,0.6813647808301557,1436
1302,1481.5252050473187,0.6968454258675079,1457
1303,1481.5252050473187,0.6968454258675079,1457
1304,1481.5252050473187,0.6968454258675079,1457
1305,1481.5252050473187,0.6968454258675079,1457
1306,1481.5252050473187,0.6968454258675079,1457
1307,1481.5252050473187,0.6968454258675079,1457
1308,1481.5252050473187,0.6968454258675079,1457
1309,1481.5252050473187,0.6968454258675079,1457
1310,1481.5252050473187,0.6968454258675079,1457
1311,1481.5252050473187,0.6968454258675079,1457
1312,1481.5252050473187,0.6968454258675079,1457
1313,1481.5252050473187,0.6968454258675079,1457
1314,1481.5252050473187,0.6968454258675079,1457
1315,1480.5842619311875,0.6961154273029967,1456
1316,1480.5842619311875,0.6961154273029967,1456
1317,1480.5842619311875,0.6961154273029967,1456
1318,1480.5842619311875,0.6961154273029967,1456
1319,1480.5842619311875,0.6961154273029967,1456
1320,1480.5842619311875,0.6961154273029967,1456
1321,1480.5842619311875,0.6961154273029967,1456
1322,1480.5842619311875,0.6961154273029967,1456
1323,1480.5842619311875,0.6961154273029967,1456
1324,1480.5842619311875,0.6961154273029967,1456
1325,1480.5842619311875,0.6961154273029967,1456
1326,1480.5842619311875,0.6961154273029967,1456
1327,1480.5842619311875,0.6961154273029967,1456
1328,1483.6203976527383,0.6956687558375976,1459
1329,1454.4760142517814,0.6727315914489311,1428
1330,1454.4760142517814,0.6727315914489311,1428
1331,1432.4522020021543,0.6730259332242966,1406
1332,1432.4522020021543,0.6730259332242966,1406
1333,1434.4741853163512,0.6727541988090083,1408
1334,1434.4741853163512,0.6727541988090083,1408
1335,1434.4741853163512,0.6727541988090083,1408
1336,1434.4741853163512,0.6727541988090083,1408
1337,1434.4741853163512,0.6727541988090083,1408
1338,1434.4741853163512,0.6727541988090083,1408
1339,1434.4741853163512,0.6727541988090083,1408
1340,1434.4741853163512,0.6727541988090083,1408
1341,1446.604697986577,0.6711409395973155,1420
1342,1452.6690753445882,0.670345174974188,1426
1343,1452.6690753445882,0.670345174974188,1426
1344,1452.6690753445882,0.670345174974188,1426
1345,1451.6583859809696,0.6704773055504377,1425
1346,1445.593911908548,0.6712742656545351,1419
1347,1452.1674116137756,0.6765462099656915,1426
1348,1452.1674116137756,0.6765462099656915,1426
1349,1452.1674116137756,0.6765462099656915,1426
1350,1452.1674116137756,0.6765462099656915,1426
1351,1452.1674116137756,0.6765462099656915,1426
1352,1452.1674116137756,0.6765462099656915,1426
1353,1452.1674116137756,0.6765462099656915,1426
1354,1452.1674116137756,0.6765462099656915,1426
1355,1452.1674116137756,0.6765462099656915,1426
1356,1472.3857489255392,0.6738473556793659,1446
1357,1472.3857489255392,0.6738473556793659,1446
1358,1472.3857489255392,0.6738473556793659,1446
1359,1472.3857489255392,0.6738473556793659,1446
1360,1472.3857489255392,0.6738473556793659,1446
1361,1472.3857489255392,0.6738473556793659,1446
1362,1472.3857489255392,0.6738473556793659,1446
1363,1472.3857489255392,0.6738473556793659,1446
1364,1478.0270552687252,0.6782811462456697,1452
1365,1480.797590285774,0.693478488432953,1456
1366,1476.0940740073327,0.6898136711083735,1451
1367,1463.9559571664604,0.7162428038756454,1441
1368,1463.9559571664604,0.7162428038756454,1441
1369,1463.9559571664604,0.7162428038756454,1441
1370,1463.9559571664604,0.7162428038756454,1441
1371,1478.077520098779,0.7271011112635478,1456
1372,1478.077520098779,0.7271011112635478,1456
1373,1478.077520098779,0.7271011112635478,1456
1374,1478.077520098779,0.7271011112635478,1456
1375,1478.077520098779,0.7271011112635478,1456
1376,1463.880382198321,0.7295379209107418,1442
1377,1463.880382198321,0.7295379209107418,1442
1378,1463.880382198321,0.7295379209107418,1442
1379,1463.880382198321,0.7295379209107418,1442
1380,1463.880382198321,0.7295379209107418,1442
1381,1446.944957945193,0.7163787645835218,1424
1382,1469.2395152779482,0.7127377592342619,1446
1383,1469.2395152779482,0.7127377592342619,1446
1384,1446.6740095028335,0.6950060630057661,1422
1385,1446.6740095028335,0.6950060630057661,1422
1386,1446.6740095028335,0.6950060630057661,1422
1387,1446.6740095028335,0.6950060630057661,1422
1388,1446.6740095028335,0.6950060630057661,1422
1389,1446.6740095028335,0.6950060630057661,1422
1390,1446.6740095028335,0.6950060630057661,1422
1391,1446.6740095028335,0.6950060630057661,1422
1392,1446.6740095028335,0.6950060630057661,1422
1393,1443.8558695665636,0.6927581017730079,1419
1394,1443.8558695665636,0.6927581017730079,1419
1395,1443.8558695665636,0.6927581017730079,1419
1396,1441.0382791966279,0.6905033473840814,1416
1397,1441.0382791966279,0.6905033473840814,1416
1398,1475.4618848771236,0.7099890620874709,1452
1399,1473.3686063278133,0.7235030120171408,1451
1400,1473.3686063278133,0.7235030120171408,1451
1401,1473.3686063278133,0.7235030120171408,1451
1402,1473.3686063278133,0.7235030120171408,1451
1403,1473.3686063278133,0.7235030120171408,1451
1404,1473.3686063278133,0.7235030120171408,1451
1405,1473.3686063278133,0.7235030120171408,1451
1406,1504.5044907175113,0.7589061716006021,1485
1407,1451.7201448499554,0.719157665637139,1429
1408,1451.7201448499554,0.719157665637139,1429
1409,1459.2466947476191,0.7250099536759083,1437
1410,1459.2466947476191,0.7250099536759083,1437
1411,1459.2466947476191,0.7250099536759083,1437
1412,1465.8361620716942,0.7300845232176245,1444
1413,1465.8361620716942,0.7300845232176245,1444
1414,1465.8361620716942,0.7300845232176245,1444
1415,1465.8361620716942,0.7300845232176245,1444
1416,1465.8361620716942,0.7300845232176245,1444
1417,1465.8361620716942,0.7300845232176245,1444
1418,1465.8361620716942,0.7300845232176245,1444
1419,1465.8361620716942,0.7300845232176245,1444
1420,1465.8361620716942,0.7300845232176245,1444
1421,1492.1995296355146,0.7255929587699069,1470
1422,1492.1995296355146,0.7255929587699069,1470
1423,1492.1995296355146,0.7255929587699069,1470
1424,1492.1995296355146,0.7255929587699069,1470
1425,1478.005528090999,0.7279910001112624,1456
1426,1478.005528090999,0.7279910001112624,1456
1427,1478.005528090999,0.7279910001112624,1456
1428,1472.9353085169212,0.728858980013335,1451
1429,1472.9353085169212,0.728858980013335,1451
1430,1472.9353085169212,0.728858980013335,1451
1431,1472.9353085169212,0.728858980013335,1451
1432,1472.9353085169212,0.728858980013335,1451
1433,1472.9353085169212,0.728858980013335,1451
1434,1472.9353085169212,0.728858980013335,1451
1435,1472.9353085169212,0.728858980013335,1451
1436,1472.9353085169212,0.728858980013335,1451
1437,1485.1030065759405,0.726786074463035,1463
1438,1485.1030065759405,0.726786074463035,1463
1439,1485.1030065759405,0.726786074463035,1463
1440,1488.144489847781,0.726273302252399,1466
1441,1494.7424179135867,0.7312432890780398,1473
1442,1494.7424179135867,0.7312432890780398,1473
1443,1494.7424179135867,0.7312432890780398,1473
1444,1512.9916688230142,0.7281623136833845,1491
1445,1504.5040983013905,0.7218282039383132,1482
1446,1511.1050752780518,0.7267605033615346,1489
1447,1511.1050752780518,0.7267605033615346,1489
1448,1511.1050752780518,0.7267605033615346,1489
1449,1511.1050752780518,0.7267605033615346,1489
1450,1487.2022054234817,0.7255598835169129,1465
1451,1487.2022054234817,0.7255598835169129,1465
1452,1487.2022054234817,0.7255598835169129,1465
1453,1487.2022054234817,0.7255598835169129,1465
1454,1466.489050800599,0.7096532657527934,1443
1455,1466.489050800599,0.7096532657527934,1443
1456,1466.489050800599,0.7096532657527934,1443
1457,1466.489050800599,0.7096532657527934,1443
1458,1466.489050800599,0.7096532657527934,1443
1459,1466.489050800599,0.7096532657527934,1443
1460,1447.6862903021024,0.694854260789835,1423
1461,1447.6862903021024,0.694854260789835,1423
1462,1447.6862903021024,0.694854260789835,1423
1463,1457.808102682988,0.6933485453277141,1433
1464,1457.808102682988,0.6933485453277141,1433
1465,1457.808102682988,0.6933485453277141,1433
1466,1457.808102682988,0.6933485453277141,1433
1467,1435.5377074496043,0.6966908844301081,1411
1468,1435.5377074496043,0.6966908844301081,1411
1469,1435.5377074496043,0.6966908844301081,1411
1470,1435.5377074496043,0.6966908844301081,1411
1471,1435.5377074496043,0.6966908844301081,1411
1472,1435.5377074496043,0.6966908844301081,1411
1473,1435.5377074496043,0.6966908844301081,1411
1474,1435.5377074496043,0.6966908844301081,1411
1475,1435.5377074496043,0.6966908844301081,1411
1476,1435.5377074496043,0.6966908844301081,1411
1477,1435.5377074496043,0.6966908844301081,1411
1478,1435.5377074496043,0.6966908844301081,1411
1479,1435.5377074496043,0.6966908844301081,1411
1480,1435.5377074496043,0.6966908844301081,1411
1481,1435.5377074496043,0.6966908844301081,1411
1482,1435.5377074496043,0.6966908844301081,1411
1483,1435.5377074496043,0.6966908844301081,1411
1484,1435.5377074496043,0.6966908844301081,1411
1485,1435.5377074496043,0.6966908844301081,1411
1486,1435.5377074496043,0.6966908844301081,1411
1487,1435.5377074496043,0.6966908844301081,1411
1488,1435.5377074496043,0.6966908844301081,1411
1489,1435.5377074496043,0.6966908844301081,1411
1490,1435.5377074496043,0.6966908844301081,1411
1491,1435.5377074496043,0.6966908844301081,1411
1492,1483.1049090144595,0.689679740241538,1458
1493,1483.1049090144595,0.689679740241538,1458
1494,1483.1049090144595,0.689679740241538,1458
1495,1483.1049090144595,0.689679740241538,1458
1496,1477.1289950805874,0.7141038926997861,1454
1497,1477.1289950805874,0.7141038926997861,1454
1498,1477.1289950805874,0.7141038926997861,1454
1499,1477.1289950805874,0.7141038926997861,1454
1500,1477.1289950805874,0.7141038926997861,1454
1501,1471.4819166063003,0.7097414510964125,1448
1502,1471.4819166063003,0.7097414510964125,1448
1503,1471.4819166063003,0.7097414510964125,1448
1504,1471.4819166063003,0.7097414510964125,1448
1505,1471.4819166063003,0.7097414510964125,1448
1506,1471.4819166063003,0.7097414510964125,1448
1507,1471.4819166063003,0.7097414510964125,1448
1508,1471.4819166063003,0.7097414510964125,1448
1509,1471.4819166063003,0.7097414510964125,1448
1510,1495.0271809775518,0.7277233500920668,1473
1511,1495.0271809775518,0.7277233500920668,1473
1512,1495.0271809775518,0.7277233500920668,1473
1513,1495.0271809775518,0.7277233500920668,1473
1514,1495.0271809775518,0.7277233500920668,1473
1515,1495.0271809775518,0.7277233500920668,1473
1516,1495.0271809775518,0.7277233500920668,1473
1517,1495.0271809775518,0.7277233500920668,1473
1518,1495.0271809775518,0.7277233500920668,1473
1519,1493.1420116136612,0.7263039355542502,1471
1520,1491.2571159219426,0.7248811381712914,1469
1521,1492.27079540241,0.7247120469417816,1470
1522,1492.27079540241,0.7247120469417816,1470
1523,1492.27079540241,0.7247120469417816,1470
1524,1492.27079540241,0.7247120469417816,1470
1525,1478.077520098779,0.7271011112635478,1456
1526,1507.9936087790916,0.7281383340038118,1486
1527,1507.9936087790916,0.7281383340038118,1486
1528,1490.085375759858,0.7146430684813599,1467
1529,1490.085375759858,0.7146430684813599,1467
1530,1490.085375759858,0.7146430684813599,1467
1531,1490.085375759858,0.7146430684813599,1467
1532,1490.085375759858,0.7146430684813599,1467
1533,1488.2016767211671,0.7132054793428032,1465
1534,1488.2016767211671,0.7132054793428032,1465
1535,1488.2016767211671,0.7132054793428032,1465
1536,1488.2016767211671,0.7132054793428032,1465
1537,1488.2016767211671,0.7132054793428032,1465
1538,1488.2016767211671,0.7132054793428032,1465
1539,1488.2016767211671,0.7132054793428032,1465
1540,1488.2016767211671,0.7132054793428032,1465
1541,1488.2016767211671,0.7132054793428032,1465
1542,1488.2016767211671,0.7132054793428032,1465
1543,1488.2016767211671,0.7132054793428032,1465
1544,1483.493553301047,0.7095976106174657,1460
1545,1483.493553301047,0.7095976106174657,1460
1546,1483.493553301047,0.7095976106174657,1460
1547,1498.5652439678283,0.7210723860589813,1476
1548,1483.493553301047,0.7095976106174657,1460
1549,1483.493553301047,0.7095976106174657,1460
1550,1483.493553301047,0.7095976106174657,1460
1551,1476.9048459800647,0.7045136467235517,1453
1552,1476.9048459800647,0.7045136467235517,1453
1553,1476.9048459800647,0.7045136467235517,1453
1554,1476.9048459800647,0.7045136467235517,1453
1555,1476.9048459800647,0.7045136467235517,1453
1556,1476.9048459800647,0.7045136467235517,1453
1557,1476.9048459800647,0.7045136467235517,1453
1558,1476.9048459800647,0.7045136467235517,1453
1559,1476.9048459800647,0.7045136467235517,1453
1560,1476.9048459800647,0.7045136467235517,1453
1561,1476.9048459800647,0.7045136467235517,1453
1562,1476.9048459800647,0.7045136467235517,1453
1563,1476.9048459800647,0.7045136467235517,1453
1564,1476.9048459800647,0.7045136467235517,1453
1565,1476.9048459800647,0.7045136467235517,1453
1566,1476.9048459800647,0.7045136467235517,1453
1567,1476.9048459800647,0.7045136467235517,1453
1568,1476.9048459800647,0.7045136467235517,1453
1569,1476.9048459800647,0.7045136467235517,1453
1570,1476.9048459800647,0.7045136467235517,1453
1571,1476.9048459800647,0.7045136467235517,1453
1572,1476.9048459800647,0.7045136467235517,1453
1573,1476.9048459800647,0.7045136467235517,1453
1574,1476.9048459800647,0.7045136467235517,1453
1575,1476.9048459800647,0.7045136467235517,1453
1576,1476.9048459800647,0.7045136467235517,1453
1577,1476.9048459800647,0.7045136467235517,1453
1578,1476.9048459800647,0.7045136467235517,1453
1579,1476.9048459800647,0.7045136467235517,1453
1580,1476.9048459800647,0.7045136467235517,1453
1581,1476.9048459800647,0.7045136467235517,1453
1582,1476.9048459800647,0.7045136467235517,1453
1583,1476.9048459800647,0.7045136467235517,1453
1584,1476.9048459800647,0.7045136467235517,1453
1585,1476.9048459800647,0.7045136467235517,1453
1586,1476.9048459800647,0.7045136467235517,1453
1587,1482.5521200130806,0.7088736710373218,1459
1588,1482.5521200130806,0.7088736710373218,1459
1589,1482.5521200130806,0.7088736710373218,1459
1590,1482.5521200130806,0.7088736710373218,1459
1591,1482.5521200130806,0.7088736710373218,1459
1592,1482.5521200130806,0.7088736710373218,1459
1593,1482.5521200130806,0.7088736710373218,1459
1594,1482.5521200130806,0.7088736710373218,1459
1595,1482.5521200130806,0.7088736710373218,1459
1596,1482.5521200130806,0.7088736710373218,1459
1597,1482.5521200130806,0.7088736710373218,1459
1598,1482.5521200130806,0.7088736710373218,1459
1599,1482.5521200130806,0.7088736710373218,1459
1600,1482.5521200130806,0.7088736710373218,1459
1601,1482.5521200130806,0.7088736710373218,1459
1602,1482.5521200130806,0.7088736710373218,1459
1603,1482.5521200130806,0.7088736710373218,1459
1604,1482.5521200130806,0.7088736710373218,1459
1605,1482.5521200130806,0.7088736710373218,1459
1606,1482.5521200130806,0.7088736710373218,1459
1607,1482.5521200130806,0.7088736710373218,1459
1608,1482.5521200130806,0.7088736710373218,1459
1609,1482.5521200130806,0.7088736710373218,1459
1610,1482.5521200130806,0.7088736710373218,1459
1611,1482.5521200130806,0.7088736710373218,1459
1612,1482.5521200130806,0.7088736710373218,1459
1613,1482.5521200130806,0.7088736710373218,1459
1614,1482.5521200130806,0.7088736710373218,1459
1615,1482.5521200130806,0.7088736710373218,1459
1616,1482.5521200130806,0.7088736710373218,1459
1617,1482.5521200130806,0.7088736710373218,1459
1618,1482.5521200130806,0.7088736710373218,1459
1619,1482.5521200130806,0.7088736710373218,1459
1620,1482.5521200130806,0.7088736710373218,1459
1621,1482.5521200130806,0.7088736710373218,1459
1622,1482.5521200130806,0.7088736710373218,1459
1623,1482.5521200130806,0.7088736710373218,1459
1624,1482.5521200130806,0.7088736710373218,1459
1625,1482.5521200130806,0.7088736710373218,1459
1626,1492.9114101813927,0.716793446459918,1470
1627,1492.9114101813927,0.716793446459918,1470
1628,1492.9114101813927,0.716793446459918,1470
1629,1492.9114101813927,0.716793446459918,1470
1630,1492.9114101813927,0.716793446459918,1470
1631,1492.9114101813927,0.716793446459918,1470
1632,1492.9114101813927,0.716793446459918,1470
1633,1492.9114101813927,0.716793446459918,1470
1634,1492.9114101813927,0.716793446459918,1470
1635,1492.9114101813927,0.716793446459918,1470
1636,1492.9114101813927,0.716793446459918,1470
1637,1492.9114101813927,0.716793446459918,1470
1638,1492.9114101813927,0.716793446459918,1470
1639,1492.9114101813927,0.716793446459918,1470
1640,1492.9114101813927,0.716793446459918,1470
1641,1492.9114101813927,0.716793446459918,1470
1642,1495.7380314913667,0.7189365699460233,1473
1643,1495.7380314913667,0.7189365699460233,1473
1644,1516.4849179456273,0.7344262305855694,1495
1645,1516.4849179456273,0.7344262305855694,1495
1646,1516.4849179456273,0.7344262305855694,1495
1647,1516.4849179456273,0.7344262305855694,1495
1648,1516.4849179456273,0.7344262305855694,1495
1649,1516.4849179456273,0.7344262305855694,1495
1650,1516.4849179456273,0.7344262305855694,1495
1651,1516.4849179456273,0.7344262305855694,1495
1652,1516.4849179456273,0.7344262305855694,1495
1653,1510.823430921965,0.7302418921883204,1489
1654,1510.823430921965,0.7302418921883204,1489
1655,1510.823430921965,0.7302418921883204,1489
1656,1510.823430921965,0.7302418921883204,1489
1657,1510.823430921965,0.7302418921883204,1489
1658,1510.823430921965,0.7302418921883204,1489
1659,1510.823430921965,0.7302418921883204,1489
1660,1510.823430921965,0.7302418921883204,1489
1661,1510.823430921965,0.7302418921883204,1489
1662,1510.823430921965,0.7302418921883204,1489
1663,1510.823430921965,0.7302418921883204,1489
1664,1510.823430921965,0.7302418921883204,1489
1665,1510.823430921965,0.7302418921883204,1489
1666,1510.823430921965,0.7302418921883204,1489
1667,1510.823430921965,0.7302418921883204,1489
1668,1510.823430921965,0.7302418921883204,1489
1669,1510.823430921965,0.7302418921883204,1489
1670,1510.823430921965,0.7302418921883204,1489
1671,1510.823430921965,0.7302418921883204,1489
1672,1510.823430921965,0.7302418921883204,1489
1673,1510.823430921965,0.7302418921883204,1489
1674,1510.823430921965,0.7302418921883204,1489
1675,1510.823430921965,0.7302418921883204,1489
1676,1510.823430921965,0.7302418921883204,1489
1677,1510.823430921965,0.7302418921883204,1489
1678,1510.823430921965,0.7302418921883204,1489
1679,1510.823430921965,0.7302418921883204,1489
1680,1510.823430921965,0.7302418921883204,1489
1681,1510.823430921965,0.7302418921883204,1489
1682,1510.823430921965,0.7302418921883204,1489
1683,1510.823430921965,0.7302418921883204,1489
1684,1513.6538660143146,0.7323378737414744,1492
1685,1513.6538660143146,0.7323378737414744,1492
1686,1513.6538660143146,0.7323378737414744,1492
1687,1513.6538660143146,0.7323378737414744,1492
1688,1513.6538660143146,0.7323378737414744,1492
1689,1529.7047604063123,0.7440697106759913,1509
1690,1529.7047604063123,0.7440697106759913,1509
1691,1529.7047604063123,0.7440697106759913,1509
1692,1515.5411651933114,0.7337309617637661,1494
1693,1515.5411651933114,0.7337309617637661,1494
1694,1515.5411651933114,0.7337309617637661,1494
1695,1515.5411651933114,0.7337309617637661,1494
1696,1515.5411651933114,0.7337309617637661,1494
1697,1515.5411651933114,0.7337309617637661,1494
1698,1515.5411651933114,0.7337309617637661,1494
1699,1515.5411651933114,0.7337309617637661,1494
1700,1483.493553301047,0.7095976106174657,1460
1701,1483.493553301047,0.7095976106174657,1460
1702,1483.493553301047,0.7095976106174657,1460
1703,1483.493553301047,0.7095976106174657,1460
1704,1483.493553301047,0.7095976106174657,1460
1705,1483.493553301047,0.7095976106174657,1460
1706,1483.493553301047,0.7095976106174657,1460
1707,1483.493553301047,0.7095976106174657,1460
1708,1483.493553301047,0.7095976106174657,1460
1709,1483.493553301047,0.7095976106174657,1460
1710,1483.493553301047,0.7095976106174657,1460
1711,1483.493553301047,0.7095976106174657,1460
1712,1483.493553301047,0.7095976106174657,1460
1713,1483.493553301047,0.7095976106174657,1460
1714,1483.493553301047,0.7095976106174657,1460
1715,1483.493553301047,0.7095976106174657,1460
1716,1483.493553301047,0.7095976106174657,1460
1717,1483.493553301047,0.7095976106174657,1460
1718,1483.493553301047,0.7095976106174657,1460
1719,1483.493553301047,0.7095976106174657,1460
1720,1483.493553301047,0.7095976106174657,1460
1721,1483.493553301047,0.7095976106174657,1460
1722,1483.493553301047,0.7095976106174657,1460
1723,1483.493553301047,0.7095976106174657,1460
1724,1483.493553301047,0.7095976106174657,1460
1725,1483.493553301047,0.7095976106174657,1460
1726,1483.493553301047,0.7095976106174657,1460
1727,1483.493553301047,0.7095976106174657,1460
1728,1483.493553301047,0.7095976106174657,1460
1729,1483.493553301047,0.7095976106174657,1460
1730,1483.493553301047,0.7095976106174657,1460
1731,1483.493553301047,0.7095976106174657,1460
1732,1483.493553301047,0.7095976106174657,1460
1733,1483.493553301047,0.7095976106174657,1460
1734,1483.493553301047,0.7095976106174657,1460
1735,1483.493553301047,0.7095976106174657,1460
1736,1497.6718197031953,0.7073940704178577,1474
1737,1497.6718197031953,0.7073940704178577,1474
1738,1497.6718197031953,0.7073940704178577,1474
1739,1497.6718197031953,0.7073940704178577,1474
1740,1497.6718197031953,0.7073940704178577,1474
1741,1497.6718197031953,0.7073940704178577,1474
1742,1497.6718197031953,0.7073940704178577,1474
1743,1495.646570336741,0.7077061763072803,1472
1744,1490.9379290951385,0.7041047083419216,1467
1745,1490.9379290951385,0.7041047083419216,1467
1746,1490.9379290951385,0.7041047083419216,1467
1747,1490.9379290951385,0.7041047083419216,1467
1748,1534.3175633502929,0.7364948906020666,1513
1749,1534.3175633502929,0.7364948906020666,1513
1750,1525.1913130638156,0.7380554627464083,1504
1751,1530.2616412345956,0.7371861404870759,1509
1752,1541.4556412746856,0.710066238879042,1518
1753,1541.4556412746856,0.710066238879042,1518
1754,1536.7851557867687,0.718354069384813,1514
1755,1536.7851557867687,0.718354069384813,1514
1756,1536.7851557867687,0.718354069384813,1514
1757,1536.7851557867687,0.718354069384813,1514
1758,1538.6729735823815,0.7197407468185241,1516
1759,1538.6729735823815,0.7197407468185241,1516
1760,1525.2550833196467,0.7125453236137607,1502
1761,1525.2550833196467,0.7125453236137607,1502
1762,1488.787134377047,0.71832961215022,1466
1763,1483.136274425734,0.7140139131553278,1460
1764,1483.136274425734,0.7140139131553278,1460
1765,1483.136274425734,0.7140139131553278,1460
1766,1479.0836156119874,0.7146648255625796,1456
1767,1479.0836156119874,0.7146648255625796,1456
1768,1479.0836156119874,0.7146648255625796,1456
1769,1479.0836156119874,0.7146648255625796,1456
1770,1487.1514012653429,0.6891050523443404,1462
1771,1487.1514012653429,0.6891050523443404,1462
1772,1487.1514012653429,0.6891050523443404,1462
1773,1487.1514012653429,0.6891050523443404,1462
1774,1487.1514012653429,0.6891050523443404,1462
1775,1487.1514012653429,0.6891050523443404,1462
1776,1487.1514012653429,0.6891050523443404,1462
1777,1487.1514012653429,0.6891050523443404,1462
1778,1487.1514012653429,0.6891050523443404,1462
1779,1487.1514012653429,0.6891050523443404,1462
1780,1487.1514012653429,0.6891050523443404,1462
1781,1487.1514012653429,0.6891050523443404,1462
1782,1487.1514012653429,0.6891050523443404,1462
1783,1487.1514012653429,0.6891050523443404,1462
1784,1487.1514012653429,0.6891050523443404,1462
1785,1487.1514012653429,0.6891050523443404,1462
1786,1487.1514012653429,0.6891050523443404,1462
1787,1487.1514012653429,0.6891050523443404,1462
1788,1487.1514012653429,0.6891050523443404,1462
1789,1491.8570619561208,0.6927433627179138,1467
1790,1491.8570619561208,0.6927433627179138,1467
1791,1491.8570619561208,0.6927433627179138,1467
1792,1491.8570619561208,0.6927433627179138,1467
1793,1491.8570619561208,0.6927433627179138,1467
1794,1491.8570619561208,0.6927433627179138,1467
1795,1496.915720441454,0.692018288733573,1472
1796,1496.915720441454,0.692018288733573,1472
1797,1496.915720441454,0.692018288733573,1472
1798,1496.915720441454,0.692018288733573,1472
1799,1496.915720441454,0.692018288733573,1472
1800,1496.915720441454,0.692018288733573,1472
1801,1496.915720441454,0.692018288733573,1472
1802,1496.915720441454,0.692018288733573,1472
1803,1496.915720441454,0.692018288733573,1472
1804,1496.915720441454,0.692018288733573,1472
1805,1496.915720441454,0.692018288733573,1472
1806,1496.915720441454,0.692018288733573,1472
1807,1496.915720441454,0.692018288733573,1472
1808,1489.3858588536325,0.6862069362962622,1464
1809,1489.3858588536325,0.6862069362962622,1464
1810,1504.5549308421107,0.6841170476871372,1479
1811,1504.5549308421107,0.6841170476871372,1479
1812,1504.5549308421107,0.6841170476871372,1479
1813,1516.7998763912217,0.6934502300219805,1492
1814,1516.7998763912217,0.6934502300219805,1492
1815,1516.7998763912217,0.6934502300219805,1492
1816,1516.7998763912217,0.6934502300219805,1492
1817,1516.7998763912217,0.6934502300219805,1492
1818,1516.7998763912217,0.6934502300219805,1492
1819,1516.7998763912217,0.6934502300219805,1492
1820,1516.7998763912217,0.6934502300219805,1492
1821,1516.7998763912217,0.6934502300219805,1492
1822,1516.7998763912217,0.6934502300219805,1492
1823,1516.7998763912217,0.6934502300219805,1492
1824,1516.7998763912217,0.6934502300219805,1492
1825,1514.915437624839,0.6920217846126224,1490
1826,1493.2599039097056,0.6754029182978291,1467
1827,1493.2599039097056,0.6754029182978291,1467
1828,1488.5558352043163,0.6717449294892908,1462
1829,1488.5558352043163,0.6717449294892908,1462
1830,1488.5558352043163,0.6717449294892908,1462
1831,1488.5558352043163,0.6717449294892908,1462
1832,1488.5558352043163,0.6717449294892908,1462
1833,1494.5490813978863,0.6718284128815039,1468
1834,1502.6323454028843,0.6707991915589094,1476
1835,1502.6323454028843,0.6707991915589094,1476
1836,1502.6323454028843,0.6707991915589094,1476
1837,1502.6323454028843,0.6707991915589094,1476
1838,1502.6323454028843,0.6707991915589094,1476
1839,1502.6323454028843,0.6707991915589094,1476
1840,1502.6323454028843,0.6707991915589094,1476
1841,1502.6323454028843,0.6707991915589094,1476
1842,1502.6323454028843,0.6707991915589094,1476
1843,1502.6323454028843,0.6707991915589094,1476
1844,1502.6323454028843,0.6707991915589094,1476
1845,1512.9889640169224,0.678751989902072,1487
1846,1484.443629362702,0.6731318991013356,1458
1847,1484.443629362702,0.6731318991013356,1458
1848,1484.443629362702,0.6731318991013356,1458
1849,1484.443629362702,0.6731318991013356,1458
1850,1484.443629362702,0.6731318991013356,1458
1851,1484.443629362702,0.6731318991013356,1458
1852,1484.443629362702,0.6731318991013356,1458
1853,1484.443629362702,0.6731318991013356,1458
1854,1473.3258352411888,0.6745879451027342,1447
1855,1473.3258352411888,0.6745879451027342,1447
1856,1473.3258352411888,0.6745879451027342,1447
1857,1473.3258352411888,0.6745879451027342,1447
1858,1473.3258352411888,0.6745879451027342,1447
1859,1473.3258352411888,0.6745879451027342,1447
1860,1473.3258352411888,0.6745879451027342,1447
1861,1473.3258352411888,0.6745879451027342,1447
1862,1473.3258352411888,0.6745879451027342,1447
1863,1473.3258352411888,0.6745879451027342,1447
1864,1473.3258352411888,0.6745879451027342,1447
1865,1473.3258352411888,0.6745879451027342,1447
1866,1473.3258352411888,0.6745879451027342,1447
1867,1473.3258352411888,0.6745879451027342,1447
1868,1473.3258352411888,0.6745879451027342,1447
1869,1473.3258352411888,0.6745879451027342,1447
1870,1473.3258352411888,0.6745879451027342,1447
1871,1473.3258352411888,0.6745879451027342,1447
1872,1494.9626303906537,0.6914384376927862,1470
1873,1494.9626303906537,0.6914384376927862,1470
1874,1494.9626303906537,0.6914384376927862,1470
1875,1494.9626303906537,0.6914384376927862,1470
1876,1494.9626303906537,0.6914384376927862,1470
1877,1494.9626303906537,0.6914384376927862,1470
1878,1494.9626303906537,0.6914384376927862,1470
1879,1494.9626303906537,0.6914384376927862,1470
1880,1465.0253868085779,0.6783017699804966,1439
1881,1469.7252586241862,0.6820116362894184,1444
1882,1469.7252586241862,0.6820116362894184,1444
1883,1469.7252586241862,0.6820116362894184,1444
1884,1469.7252586241862,0.6820116362894184,1444
1885,1469.7252586241862,0.6820116362894184,1444
1886,1469.7252586241862,0.6820116362894184,1444
1887,1469.7252586241862,0.6820116362894184,1444
1888,1492.9805476993347,0.6788560234940082,1467
1889,1492.9805476993347,0.6788560234940082,1467
1890,1492.9805476993347,0.6788560234940082,1467
1891,1492.9805476993347,0.6788560234940082,1467
1892,1492.9805476993347,0.6788560234940082,1467
1893,1492.9805476993347,0.6788560234940082,1467
1894,1492.9805476993347,0.6788560234940082,1467
1895,1492.9805476993347,0.6788560234940082,1467
1896,1488.2762210485084,0.6752012231333948,1462
1897,1488.2762210485084,0.6752012231333948,1462
1898,1488.2762210485084,0.6752012231333948,1462
1899,1488.2762210485084,0.6752012231333948,1462
1900,1488.2762210485084,0.6752012231333948,1462
1901,1488.2762210485084,0.6752012231333948,1462
1902,1511.5187804708537,0.6722029608052688,1485
1903,1511.5187804708537,0.6722029608052688,1485
1904,1485.2439813418932,0.6755997361941499,1459
1905,1485.2439813418932,0.6755997361941499,1459
1906,1485.2439813418932,0.6755997361941499,1459
1907,1485.2439813418932,0.6755997361941499,1459
1908,1485.2439813418932,0.6755997361941499,1459
1909,1479.6011868708865,0.6711843402857036,1453
1910,1479.6011868708865,0.6711843402857036,1453
1911,1479.6011868708865,0.6711843402857036,1453
1912,1479.6011868708865,0.6711843402857036,1453
1913,1479.6011868708865,0.6711843402857036,1453
1914,1467.473631510841,0.6727610443653762,1441
1915,1467.473631510841,0.6727610443653762,1441
1916,1467.473631510841,0.6727610443653762,1441
1917,1467.473631510841,0.6727610443653762,1441
1918,1467.473631510841,0.6727610443653762,1441
1919,1467.473631510841,0.6727610443653762,1441
1920,1467.473631510841,0.6727610443653762,1441
1921,1467.473631510841,0.6727610443653762,1441
1922,1467.473631510841,0.6727610443653762,1441
1923,1467.473631510841,0.6727610443653762,1441
1924,1467.473631510841,0.6727610443653762,1441
1925,1467.473631510841,0.6727610443653762,1441
1926,1467.473631510841,0.6727610443653762,1441
1927,1467.473631510841,0.6727610443653762,1441
1928,1488.162982246517,0.6889619005374907,1463
1929,1488.162982246517,0.6889619005374907,1463
1930,1488.162982246517,0.6889619005374907,1463
1931,1488.162982246517,0.6889619005374907,1463
1932,1488.162982246517,0.6889619005374907,1463
1933,1488.162982246517,0.6889619005374907,1463
1934,1488.162982246517,0.6889619005374907,1463
1935,1486.1398034862161,0.6892484117896646,1461
1936,1486.1398034862161,0.6892484117896646,1461
1937,1486.1398034862161,0.6892484117896646,1461
1938,1486.1398034862161,0.6892484117896646,1461
1939,1486.1398034862161,0.6892484117896646,1461
1940,1486.1398034862161,0.6892484117896646,1461
1941,1486.1398034862161,0.6892484117896646,1461
1942,1486.1398034862161,0.6892484117896646,1461
1943,1486.1398034862161,0.6892484117896646,1461
1944,1486.1398034862161,0.6892484117896646,1461
1945,1486.1398034862161,0.6892484117896646,1461
1946,1461.8563260487558,0.6927524592242801,1437
1947,1441.189336081814,0.6762752029442024,1415
1948,1459.0364478185709,0.6905259849373194,1434
1949,1459.0364478185709,0.6905259849373194,1434
1950,1459.0364478185709,0.6905259849373194,1434
1951,1459.0364478185709,0.6905259849373194,1434
1952,1459.0364478185709,0.6905259849373194,1434
1953,1459.0364478185709,0.6905259849373194,1434
1954,1459.0364478185709,0.6905259849373194,1434
1955,1459.0364478185709,0.6905259849373194,1434
1956,1459.0364478185709,0.6905259849373194,1434
1957,1459.0364478185709,0.6905259849373194,1434
1958,1459.0364478185709,0.6905259849373194,1434
1959,1470.3191956168343,0.6993918959600217,1446
1960,1470.3191956168343,0.6993918959600217,1446
1961,1462.2197514165948,0.7006211196959861,1438
1962,1462.2197514165948,0.7006211196959861,1438
1963,1462.2197514165948,0.7006211196959861,1438
1964,1462.2197514165948,0.7006211196959861,1438
1965,1457.5190494598023,0.6969215147119613,1433
1966,1457.5190494598023,0.6969215147119613,1433
1967,1457.5190494598023,0.6969215147119613,1433
1968,1457.5190494598023,0.6969215147119613,1433
1969,1459.3991448118586,0.6984036488027366,1435
1970,1459.3991448118586,0.6984036488027366,1435
1971,1459.3991448118586,0.6984036488027366,1435
1972,1459.3991448118586,0.6984036488027366,1435
1973,1459.3991448118586,0.6984036488027366,1435
1974,1459.3991448118586,0.6984036488027366,1435
1975,1459.3991448118586,0.6984036488027366,1435
1976,1459.3991448118586,0.6984036488027366,1435
1977,1442.185833763336,0.7010403737535736,1418
1978,1443.1253311914948,0.701788242379546,1419
1979,1443.1253311914948,0.701788242379546,1419
1980,1443.1253311914948,0.701788242379546,1419
1981,1441.2464005527308,0.7002917113383077,1417
1982,1441.2464005527308,0.7002917113383077,1417
1983,1441.2464005527308,0.7002917113383077,1417
1984,1441.2464005527308,0.7002917113383077,1417
1985,1441.2464005527308,0.7002917113383077,1417
1986,1441.2464005527308,0.7002917113383077,1417
1987,1441.2464005527308,0.7002917113383077,1417
1988,1441.2464005527308,0.7002917113383077,1417
1989,1441.2464005527308,0.7002917113383077,1417
1990,1441.2464005527308,0.7002917113383077,1417
1991,1441.2464005527308,0.7002917113383077,1417
1992,1441.2464005527308,0.7002917113383077,1417
1993,1441.2464005527308,0.7002917113383077,1417
1994,1441.2464005527308,0.7002917113383077,1417
1995,1441.2464005527308,0.7002917113383077,1417
1996,1446.309505353014,0.6995116767241797,1422
1997,1446.309505353014,0.6995116767241797,1422
1998,1446.309505353014,0.6995116767241797,1422
1999,1446.309505353014,0.6995116767241797,1422
2000,1446.309505353014,0.6995116767241797,1422
2001,1446.309505353014,0.6995116767241797,1422
2002,1431.1187745387583,0.7018692887668948,1407
2003,1431.1187745387583,0.7018692887668948,1407
2004,1431.1187745387583,0.7018692887668948,1407
2005,1431.1187745387583,0.7018692887668948,1407
2006,1443.7569168788586,0.7187031288150965,1421
2007,1441.8192528546062,0.7055716581630863,1418
2008,1441.8192528546062,0.7055716581630863,1418
2009,1427.7325433395529,0.6942825297953915,1403
2010,1423.0401577106518,0.6904801271860095,1398
2011,1423.0401577106518,0.6904801271860095,1398
2012,1423.0401577106518,0.6904801271860095,1398
2013,1423.0401577106518,0.6904801271860095,1398
2014,1423.0401577106518,0.6904801271860095,1398
2015,1423.0401577106518,0.6904801271860095,1398
2016,1423.0401577106518,0.6904801271860095,1398
2017,1423.0401577106518,0.6904801271860095,1398
2018,1423.0401577106518,0.6904801271860095,1398
2019,1423.0401577106518,0.6904801271860095,1398
2020,1423.0401577106518,0.6904801271860095,1398
2021,1417.5018502318449,0.7094950527584066,1394
2022,1417.5018502318449,0.7094950527584066,1394
2023,1419.3793702543237,0.7110090203421046,1396
2024,1419.3793702543237,0.7110090203421046,1396
2025,1419.3793702543237,0.7110090203421046,1396
2026,1419.3793702543237,0.7110090203421046,1396
2027,1419.3793702543237,0.7110090203421046,1396
2028,1419.3793702543237,0.7110090203421046,1396
2029,1419.3793702543237,0.7110090203421046,1396
2030,1419.3793702543237,0.7110090203421046,1396
2031,1416.9028420150137,0.7168993570455676,1394
2032,1416.9028420150137,0.7168993570455676,1394
2033,1416.9028420150137,0.7168993570455676,1394
2034,1416.9028420150137,0.7168993570455676,1394
2035,1427.23579851226,0.7251446413812104,1405
2036,1427.23579851226,0.7251446413812104,1405
2037,1427.23579851226,0.7251446413812104,1405
2038,1427.23579851226,0.7251446413812104,1405
2039,1427.23579851226,0.7251446413812104,1405
2040,1427.23579851226,0.7251446413812104,1405
2041,1425.3564151365135,0.7236537065943948,1403
2042,1425.3564151365135,0.7236537065943948,1403
2043,1425.3564151365135,0.7236537065943948,1403
2044,1425.3564151365135,0.7236537065943948,1403
2045,1425.3564151365135,0.7236537065943948,1403
2046,1414.0862969534505,0.7146316816631592,1391
2047,1414.0862969534505,0.7146316816631592,1391
2048,1414.0862969534505,0.7146316816631592,1391
2049,1410.030862157051,0.7153169078238444,1387
2050,1410.030862157051,0.7153169078238444,1387
2051,1410.030862157051,0.7153169078238444,1387
2052,1410.030862157051,0.7153169078238444,1387
2053,1410.030862157051,0.7153169078238444,1387
2054,1410.030862157051,0.7153169078238444,1387
2055,1410.030862157051,0.7153169078238444,1387
2056,1399.890809059604,0.7170480956785665,1377
2057,1399.890809059604,0.7170480956785665,1377
2058,1399.890809059604,0.7170480956785665,1377
2059,1399.890809059604,0.7170480956785665,1377
2060,1417.127655705655,0.7141204486322009,1394
2061,1417.127655705655,0.7141204486322009,1394
2062,1417.127655705655,0.7141204486322009,1394
2063,1417.127655705655,0.7141204486322009,1394
2064,1417.127655705655,0.7141204486322009,1394
2065,1417.127655705655,0.7141204486322009,1394
2066,1417.127655705655,0.7141204486322009,1394
2067,1417.127655705655,0.7141204486322009,1394
2068,1412.0586210972965,0.7149737812447887,1389
2069,1412.0586210972965,0.7149737812447887,1389
2070,1408.0030197876847,0.7156610656652069,1385
2071,1408.0030197876847,0.7156610656652069,1385
2072,1408.0030197876847,0.7156610656652069,1385
2073,1408.0030197876847,0.7156610656652069,1385
2074,1408.0030197876847,0.7156610656652069,1385
2075,1408.0030197876847,0.7156610656652069,1385
2076,1417.127655705655,0.7141204486322009,1394
2077,1417.127655705655,0.7141204486322009,1394
2078,1417.127655705655,0.7141204486322009,1394
2079,1417.127655705655,0.7141204486322009,1394
2080,1417.127655705655,0.7141204486322009,1394
2081,1430.2786903557455,0.7246144579017855,1408
2082,1430.2786903557455,0.7246144579017855,1408
2083,1430.2786903557455,0.7246144579017855,1408
2084,1436.8818445160225,0.7171589058588062,1414
2085,1436.8818445160225,0.7171589058588062,1414
2086,1436.8818445160225,0.7171589058588062,1414
2087,1436.8818445160225,0.7171589058588062,1414
2088,1436.8818445160225,0.7171589058588062,1414
2089,1435.8680857660838,0.7173289769334519,1413
2090,1435.8680857660838,0.7173289769334519,1413
2091,1435.8680857660838,0.7173289769334519,1413
2092,1440.9366778934345,0.7164811138017979,1418
2093,1442.9639741784804,0.7161437060756433,1420
2094,1442.9639741784804,0.7161437060756433,1420
2095,1442.9639741784804,0.7161437060756433,1420
2096,1442.9639741784804,0.7161437060756433,1420
2097,1442.9639741784804,0.7161437060756433,1420
2098,1442.9639741784804,0.7161437060756433,1420
2099,1442.9639741784804,0.7161437060756433,1420
2100,1442.9639741784804,0.7161437060756433,1420
2101,1467.4292249168525,0.7351146487410085,1446
2102,1467.4292249168525,0.7351146487410085,1446
2103,1444.0900301721022,0.739307414436314,1423
2104,1444.0900301721022,0.739307414436314,1423
2105,1444.0900301721022,0.739307414436314,1423
2106,1444.0900301721022,0.739307414436314,1423
2107,1444.0900301721022,0.739307414436314,1423
2108,1444.0900301721022,0.739307414436314,1423
2109,1444.0900301721022,0.739307414436314,1423
2110,1441.0449641222237,0.7398644731492747,1420
2111,1441.0449641222237,0.7398644731492747,1420
2112,1441.0449641222237,0.7398644731492747,1420
2113,1441.0449641222237,0.7398644731492747,1420
2114,1413.7858012297654,0.7183460911030242,1391
2115,1413.7858012297654,0.7183460911030242,1391
2116,1411.9081855876943,0.7168333054673132,1389
2117,1411.9081855876943,0.7168333054673132,1389
2118,1411.9081855876943,0.7168333054673132,1389
2119,1411.9081855876943,0.7168333054673132,1389
2120,1420.3928999559278,0.7108417805200529,1397
2121,1420.3928999559278,0.7108417805200529,1397
2122,1420.3928999559278,0.7108417805200529,1397
2123,1420.3928999559278,0.7108417805200529,1397
2124,1427.4870441601083,0.7096780697143598,1404
2125,1437.821709942725,0.7179022256770721,1415
2126,1431.244128554481,0.712680734802459,1408
2127,1439.7016533541805,0.7193862378964099,1417
2128,1439.7016533541805,0.7193862378964099,1417
2129,1433.1230871582504,0.7141769201699569,1410
2130,1433.1230871582504,0.7141769201699569,1410
2131,1433.1230871582504,0.7141769201699569,1410
2132,1433.1230871582504,0.7141769201699569,1410
2133,1433.1230871582504,0.7141769201699569,1410
2134,1433.1230871582504,0.7141769201699569,1410
2135,1433.1230871582504,0.7141769201699569,1410
2136,1433.1230871582504,0.7141769201699569,1410
2137,1433.1230871582504,0.7141769201699569,1410
2138,1433.1230871582504,0.7141769201699569,1410
2139,1433.1230871582504,0.7141769201699569,1410
2140,1433.1230871582504,0.7141769201699569,1410
2141,1433.1230871582504,0.7141769201699569,1410
2142,1411.8329332408716,0.7177634951684585,1389
2143,1416.5277070479935,0.7215363776515005,1394
2144,1416.5277070479935,0.7215363776515005,1394
2145,1416.5277070479935,0.7215363776515005,1394
2146,1416.5277070479935,0.7215363776515005,1394
2147,1416.5277070479935,0.7215363776515005,1394
2148,1409.0169514226377,0.7154888575693739,1386
2149,1409.0169514226377,0.7154888575693739,1386
2150,1409.0169514226377,0.7154888575693739,1386
2151,1399.890809059604,0.7170480956785665,1377
2152,1399.890809059604,0.7170480956785665,1377
2153,1399.890809059604,0.7170480956785665,1377
2154,1399.890809059604,0.7170480956785665,1377
2155,1390.762941754731,0.7186286556893585,1368
2156,1390.762941754731,0.7186286556893585,1368
2157,1403.9470833730857,0.7163524922980766,1381
2158,1406.6539890344468,0.7076144742342796,1383
2159,1419.6033795216802,0.7082400553562395,1396
2160,1419.6033795216802,0.7082400553562395,1396
2161,1419.6033795216802,0.7082400553562395,1396
2162,1419.6033795216802,0.7082400553562395,1396
2163,1419.6033795216802,0.7082400553562395,1396
2164,1419.6033795216802,0.7082400553562395,1396
2165,1419.6033795216802,0.7082400553562395,1396
2166,1419.6033795216802,0.7082400553562395,1396
2167,1419.6033795216802,0.7082400553562395,1396
2168,1404.6270475105143,0.7079474967797975,1381
2169,1404.6270475105143,0.7079474967797975,1381
2170,1404.6270475105143,0.7079474967797975,1381
2171,1402.6000241725285,0.7082815306238747,1379
2172,1409.4312379691617,0.6980069472291501,1385
2173,1409.4312379691617,0.6980069472291501,1385
2174,1423.5078320090806,0.7094211123723042,1400
2175,1415.0600523402034,0.7025951503065101,1391
2176,1429.9580462724937,0.7038560411311054,1406
2177,1429.9580462724937,0.7038560411311054,1406
2178,1430.9710296535852,0.7036955543438155,1407
2179,1430.9710296535852,0.7036955543438155,1407
2180,1444.271510803803,0.7123422644770959,1421
2181,1439.2043435083551,0.7131725153478975,1416
2182,1426.5197926489968,0.7216342070581344,1404
2183,1426.5197926489968,0.7216342070581344,1404
2184,1444.3851972615819,0.7356588719211142,1423
2185,1444.3851972615819,0.7356588719211142,1423
2186,1444.3851972615819,0.7356588719211142,1423
2187,1427.4594066380596,0.7223806348818334,1405
2188,1410.2156530841235,0.7253936577982273,1388
2189,1410.2156530841235,0.7253936577982273,1388
2190,1410.2156530841235,0.7253936577982273,1388
2191,1410.2156530841235,0.7253936577982273,1388
2192,1410.2156530841235,0.7253936577982273,1388
2193,1410.2156530841235,0.7253936577982273,1388
2194,1410.2156530841235,0.7253936577982273,1388
2195,1410.2156530841235,0.7253936577982273,1388
2196,1410.2156530841235,0.7253936577982273,1388
2197,1410.2156530841235,0.7253936577982273,1388
2198,1410.2156530841235,0.7253936577982273,1388
2199,1410.2156530841235,0.7253936577982273,1388
2200,1385.8259343039822,0.7054890691720379,1362
2201,1388.6376019714673,0.7078170337272267,1365
2202,1388.6376019714673,0.7078170337272267,1365
2203,1388.6376019714673,0.7078170337272267,1365
2204,1388.6376019714673,0.7078170337272267,1365
2205,1388.6376019714673,0.7078170337272267,1365
2206,1388.6376019714673,0.7078170337272267,1365
2207,1388.6376019714673,0.7078170337272267,1365
2208,1388.6376019714673,0.7078170337272267,1365
2209,1388.6376019714673,0.7078170337272267,1365
2210,1388.6376019714673,0.7078170337272267,1365
2211,1378.3312799310413,0.6992425224840381,1354
2212,1400.6165279429251,0.6957165890862165,1376
2213,1400.6165279429251,0.6957165890862165,1376
2214,1389.4751158744432,0.697464575099591,1365
2215,1389.4751158744432,0.697464575099591,1365
2216,1389.4751158744432,0.697464575099591,1365
2217,1389.4751158744432,0.697464575099591,1365
2218,1389.4751158744432,0.697464575099591,1365
2219,1389.4751158744432,0.697464575099591,1365
2220,1389.4751158744432,0.697464575099591,1365
2221,1367.184961197585,0.701051159485972,1343
2222,1367.184961197585,0.701051159485972,1343
2223,1367.184961197585,0.701051159485972,1343
2224,1367.184961197585,0.701051159485972,1343
2225,1367.184961197585,0.701051159485972,1343
2226,1363.1311270229546,0.7017166004579167,1339
2227,1363.1311270229546,0.7017166004579167,1339
2228,1363.1311270229546,0.7017166004579167,1339
2229,1368.1983670777038,0.7008854502137962,1344
2230,1374.2783635360965,0.6998966188368775,1350
2231,1374.2783635360965,0.6998966188368775,1350
2232,1374.2783635360965,0.6998966188368775,1350
2233,1374.2783635360965,0.6998966188368775,1350
2234,1371.4695334575335,0.6975335790168916,1347
2235,1371.4695334575335,0.6975335790168916,1347
2236,1370.4563803764145,0.6976961634559397,1346
2237,1370.4563803764145,0.6976961634559397,1346
2238,1370.4563803764145,0.6976961634559397,1346
2239,1379.8212012377057,0.7055475743176042,1356
2240,1393.882006263349,0.7171569065098998,1371
2241,1393.882006263349,0.7171569065098998,1371
2242,1393.882006263349,0.7171569065098998,1371
2243,1393.882006263349,0.7171569065098998,1371
2244,1393.882006263349,0.7171569065098998,1371
2245,1395.7580424397925,0.7186892158245679,1373
2246,1395.7580424397925,0.7186892158245679,1373
2247,1395.7580424397925,0.7186892158245679,1373
2248,1376.0744202060944,0.7024175499864735,1352
2249,1376.0744202060944,0.7024175499864735,1352
2250,1376.0744202060944,0.7024175499864735,1352
2251,1376.0744202060944,0.7024175499864735,1352
2252,1376.0744202060944,0.7024175499864735,1352
2253,1376.0744202060944,0.7024175499864735,1352
2254,1376.0744202060944,0.7024175499864735,1352
2255,1376.0744202060944,0.7024175499864735,1352
2256,1376.0744202060944,0.7024175499864735,1352
2257,1376.0744202060944,0.7024175499864735,1352
2258,1376.0744202060944,0.7024175499864735,1352
2259,1376.0744202060944,0.7024175499864735,1352
2260,1376.0744202060944,0.7024175499864735,1352
2261,1376.0744202060944,0.7024175499864735,1352
2262,1376.0744202060944,0.7024175499864735,1352
2263,1345.6623061278026,0.7075116671470627,1322
2264,1345.6623061278026,0.7075116671470627,1322
2265,1344.6482308679956,0.7076856505810186,1321
2266,1344.6482308679956,0.7076856505810186,1321
2267,1349.325387555796,0.7116762972089506,1326
2268,1349.325387555796,0.7116762972089506,1326
2269,1388.6930025435174,0.7442150489058421,1368
2270,1384.6292570376006,0.745003003243503,1364
2271,1384.6292570376006,0.745003003243503,1364
2272,1384.6292570376006,0.745003003243503,1364
2273,1384.6292570376006,0.745003003243503,1364
2274,1384.6292570376006,0.745003003243503,1364
2275,1384.6292570376006,0.745003003243503,1364
2276,1396.819372294542,0.7426530000674648,1376
2277,1396.819372294542,0.7426530000674648,1376
2278,1393.062647407838,0.7396458911268458,1372
2279,1393.062647407838,0.7396458911268458,1372
2280,1393.062647407838,0.7396458911268458,1372
2281,1393.062647407838,0.7396458911268458,1372
2282,1393.062647407838,0.7396458911268458,1372
2283,1376.1738406835766,0.725910498348868,1354
2284,1376.1738406835766,0.725910498348868,1354
2285,1376.1738406835766,0.725910498348868,1354
2286,1376.1738406835766,0.725910498348868,1354
2287,1376.1738406835766,0.725910498348868,1354
2288,1376.1738406835766,0.725910498348868,1354
2289,1376.1738406835766,0.725910498348868,1354
2290,1376.1738406835766,0.725910498348868,1354
2291,1376.1738406835766,0.725910498348868,1354
2292,1376.1738406835766,0.725910498348868,1354
2293,1376.1738406835766,0.725910498348868,1354
2294,1376.1738406835766,0.725910498348868,1354
2295,1376.1738406835766,0.725910498348868,1354
2296,1376.1738406835766,0.725910498348868,1354
2297,1376.1738406835766,0.725910498348868,1354
2298,1376.1738406835766,0.725910498348868,1354
2299,1376.1738406835766,0.725910498348868,1354
2300,1376.1738406835766,0.725910498348868,1354
2301,1372.1139904405115,0.726650303578349,1350
2302,1372.1139904405115,0.726650303578349,1350
2303,1372.1139904405115,0.726650303578349,1350
2304,1372.1139904405115,0.726650303578349,1350
2305,1372.1139904405115,0.726650303578349,1350
2306,1372.1139904405115,0.726650303578349,1350
2307,1372.1139904405115,0.726650303578349,1350
2308,1372.1139904405115,0.726650303578349,1350
2309,1372.1139904405115,0.726650303578349,1350
2310,1372.1139904405115,0.726650303578349,1350
2311,1372.1139904405115,0.726650303578349,1350
2312,1372.1139904405115,0.726650303578349,1350
2313,1371.0989707756028,0.7268359607465661,1349
2314,1371.0989707756028,0.7268359607465661,1349
2315,1376.724495252316,0.731464830008454,1355
2316,1376.724495252316,0.731464830008454,1355
2317,1333.6683352872217,0.6950762016412662,1309
2318,1333.6683352872217,0.6950762016412662,1309
2319,1333.6683352872217,0.6950762016412662,1309
2320,1333.6683352872217,0.6950762016412662,1309
2321,1329.6147396798913,0.6957386936972637,1305
2322,1329.6147396798913,0.6957386936972637,1305
2323,1329.6147396798913,0.6957386936972637,1305
2324,1329.6147396798913,0.6957386936972637,1305
2325,1329.6147396798913,0.6957386936972637,1305
2326,1316.4381343644272,0.6979217013049782,1292
2327,1316.4381343644272,0.6979217013049782,1292
2328,1316.4381343644272,0.6979217013049782,1292
2329,1316.4381343644272,0.6979217013049782,1292
2330,1316.4381343644272,0.6979217013049782,1292
2331,1316.4381343644272,0.6979217013049782,1292
2332,1316.4381343644272,0.6979217013049782,1292
2333,1316.4381343644272,0.6979217013049782,1292
2334,1316.4381343644272,0.6979217013049782,1292
2335,1316.4381343644272,0.6979217013049782,1292
2336,1316.4381343644272,0.6979217013049782,1292
2337,1316.4381343644272,0.6979217013049782,1292
2338,1336.0580484072311,0.7149808602319997,1313
2339,1336.0580484072311,0.7149808602319997,1313
2340,1336.0580484072311,0.7149808602319997,1313
2341,1336.0580484072311,0.7149808602319997,1313
2342,1323.8804240939965,0.7171764636094387,1301
2343,1323.8804240939965,0.7171764636094387,1301
2344,1323.8804240939965,0.7171764636094387,1301
2345,1327.9400096168974,0.7164399305698705,1305
2346,1327.9400096168974,0.7164399305698705,1305
2347,1327.9400096168974,0.7164399305698705,1305
2348,1327.9400096168974,0.7164399305698705,1305
2349,1335.0433754561832,0.7151622316911848,1312
2350,1335.0433754561832,0.7151622316911848,1312
2351,1335.0433754561832,0.7151622316911848,1312
2352,1337.0726981125201,0.7147997761122353,1314
2353,1337.0726981125201,0.7147997761122353,1314
2354,1337.0726981125201,0.7147997761122353,1314
2355,1337.0726981125201,0.7147997761122353,1314
2356,1337.0726981125201,0.7147997761122353,1314
2357,1337.0726981125201,0.7147997761122353,1314
2358,1337.0726981125201,0.7147997761122353,1314
2359,1337.0726981125201,0.7147997761122353,1314
2360,1344.1745994250923,0.7135401801595512,1321
2361,1344.1745994250923,0.7135401801595512,1321
2362,1344.1745994250923,0.7135401801595512,1321
2363,1344.1745994250923,0.7135401801595512,1321
2364,1344.1745994250923,0.7135401801595512,1321
2365,1321.8504883429594,0.7175464976148418,1299
2366,1321.8504883429594,0.7175464976148418,1299
2367,1321.8504883429594,0.7175464976148418,1299
2368,1321.8504883429594,0.7175464976148418,1299
2369,1345.189064984767,0.7133613722525723,1322
2370,1345.189064984767,0.7133613722525723,1322
2371,1345.189064984767,0.7133613722525723,1322
2372,1345.189064984767,0.7133613722525723,1322
2373,1340.1165082618934,0.7142582415093531,1317
2374,1340.1165082618934,0.7142582415093531,1317
2375,1340.1165082618934,0.7142582415093531,1317
2376,1346.665468871394,0.7198335120964894,1324
2377,1346.665468871394,0.7198335120964894,1324
2378,1346.665468871394,0.7198335120964894,1324
2379,1346.665468871394,0.7198335120964894,1324
2380,1346.665468871394,0.7198335120964894,1324
2381,1346.665468871394,0.7198335120964894,1324
2382,1346.665468871394,0.7198335120964894,1324
2383,1355.798263337906,0.7181920477391098,1333
2384,1355.798263337906,0.7181920477391098,1333
2385,1355.798263337906,0.7181920477391098,1333
2386,1355.798263337906,0.7181920477391098,1333
2387,1355.798263337906,0.7181920477391098,1333
2388,1355.798263337906,0.7181920477391098,1333
2389,1355.798263337906,0.7181920477391098,1333
2390,1355.798263337906,0.7181920477391098,1333
2391,1355.798263337906,0.7181920477391098,1333
2392,1355.798263337906,0.7181920477391098,1333
2393,1355.798263337906,0.7181920477391098,1333
2394,1355.798263337906,0.7181920477391098,1333
2395,1403.6535451395036,0.757063718918372,1384
2396,1403.6535451395036,0.757063718918372,1384
2397,1403.6535451395036,0.757063718918372,1384
2398,1403.6535451395036,0.757063718918372,1384
2399,1403.6535451395036,0.757063718918372,1384
2400,1403.6535451395036,0.757063718918372,1384
2401,1403.6535451395036,0.757063718918372,1384
2402,1415.8493259067423,0.7546436847127049,1396
2403,1415.8493259067423,0.7546436847127049,1396
2404,1415.8493259067423,0.7546436847127049,1396
2405,1415.8493259067423,0.7546436847127049,1396
2406,1415.8493259067423,0.7546436847127049,1396
2407,1415.8493259067423,0.7546436847127049,1396
2408,1426.0099420058543,0.7526583188398734,1406
2409,1412.8413127034432,0.7423817960019371,1392
2410,1412.8413127034432,0.7423817960019371,1392
2411,1432.131928662237,0.7387895097374911,1411
2412,1432.131928662237,0.7387895097374911,1411
2413,1412.8413127034432,0.7423817960019371,1392
2414,1412.8413127034432,0.7423817960019371,1392
2415,1412.8413127034432,0.7423817960019371,1392
2416,1412.8413127034432,0.7423817960019371,1392
2417,1454.795981380361,0.7676640126036969,1436
2418,1441.5971723440134,0.757760539629005,1422
2419,1441.5971723440134,0.757760539629005,1422
2420,1441.5971723440134,0.757760539629005,1422
2421,1435.5004442324725,0.7589561899570757,1416
2422,1435.5004442324725,0.7589561899570757,1416
2423,1435.5004442324725,0.7589561899570757,1416
2424,1435.5004442324725,0.7589561899570757,1416
2425,1435.5004442324725,0.7589561899570757,1416
2426,1435.5004442324725,0.7589561899570757,1416
2427,1435.5004442324725,0.7589561899570757,1416
2428,1435.5004442324725,0.7589561899570757,1416
2429,1435.5004442324725,0.7589561899570757,1416
2430,1435.5004442324725,0.7589561899570757,1416
2431,1435.5004442324725,0.7589561899570757,1416
2432,1435.5004442324725,0.7589561899570757,1416
2433,1435.5004442324725,0.7589561899570757,1416
2434,1442.376339909138,0.7728511754123852,1424
2435,1442.376339909138,0.7728511754123852,1424
2436,1445.2065254653326,0.7749502414668397,1427
2437,1445.2065254653326,0.7749502414668397,1427
2438,1449.274025191945,0.7741158814345497,1431
2439,1449.274025191945,0.7741158814345497,1431
2440,1449.274025191945,0.7741158814345497,1431
2441,1449.274025191945,0.7741158814345497,1431
2442,1449.274025191945,0.7741158814345497,1431
2443,1449.274025191945,0.7741158814345497,1431
2444,1437.9569046682886,0.7656748495885216,1419
2445,1437.9569046682886,0.7656748495885216,1419
2446,1437.9569046682886,0.7656748495885216,1419
2447,1437.9569046682886,0.7656748495885216,1419
2448,1437.9569046682886,0.7656748495885216,1419
2449,1433.2451941988857,0.7621113201621043,1414
2450,1433.2451941988857,0.7621113201621043,1414
2451,1437.9569046682886,0.7656748495885216,1419
2452,1447.25174686882,0.7620303230059328,1428
2453,1447.25174686882,0.7620303230059328,1428
2454,1447.25174686882,0.7620303230059328,1428
2455,1447.25174686882,0.7620303230059328,1428
2456,1477.7285236833006,0.7561369136798433,1458
2457,1477.7285236833006,0.7561369136798433,1458
2458,1477.7285236833006,0.7561369136798433,1458
2459,1477.7285236833006,0.7561369136798433,1458
2460,1486.8677977170764,0.7544153557839741,1467
2461,1486.8677977170764,0.7544153557839741,1467
2462,1486.8677977170764,0.7544153557839741,1467
2463,1486.8677977170764,0.7544153557839741,1467
2464,1486.8677977170764,0.7544153557839741,1467
2465,1452.9425799942346,0.7287690977226866,1431
2466,1452.9425799942346,0.7287690977226866,1431
2467,1452.9425799942346,0.7287690977226866,1431
2468,1452.9425799942346,0.7287690977226866,1431
2469,1452.9425799942346,0.7287690977226866,1431
2470,1452.9425799942346,0.7287690977226866,1431
2471,1452.9425799942346,0.7287690977226866,1431
2472,1452.9425799942346,0.7287690977226866,1431
2473,1477.4341958019306,0.7474141433630325,1457
2474,1477.4341958019306,0.7474141433630325,1457
2475,1477.4341958019306,0.7474141433630325,1457
2476,1452.9425799942346,0.7287690977226866,1431
2477,1452.9425799942346,0.7287690977226866,1431
2478,1452.9425799942346,0.7287690977226866,1431
2479,1449.1791009168555,0.7258454769239104,1427
2480,1449.1791009168555,0.7258454769239104,1427
2481,1449.1791009168555,0.7258454769239104,1427
2482,1449.1791009168555,0.7258454769239104,1427
2483,1449.1791009168555,0.7258454769239104,1427
2484,1445.4167823597243,0.7229075110046446,1423
2485,1445.4167823597243,0.7229075110046446,1423
2486,1445.4167823597243,0.7229075110046446,1423
2487,1445.4167823597243,0.7229075110046446,1423
2488,1445.4167823597243,0.7229075110046446,1423
2489,1445.4167823597243,0.7229075110046446,1423
2490,1445.4167823597243,0.7229075110046446,1423
2491,1445.4167823597243,0.7229075110046446,1423
2492,1445.4167823597243,0.7229075110046446,1423
2493,1445.4167823597243,0.7229075110046446,1423
2494,1445.4167823597243,0.7229075110046446,1423
2495,1445.4167823597243,0.7229075110046446,1423
2496,1445.4167823597243,0.7229075110046446,1423
2497,1445.4167823597243,0.7229075110046446,1423
2498,1445.4167823597243,0.7229075110046446,1423
2499,1445.4167823597243,0.7229075110046446,1423
2500,1445.4167823597243,0.7229075110046446,1423
2501,1445.4167823597243,0.7229075110046446,1423
2502,1449.1791009168555,0.7258454769239104,1427
2503,1449.1791009168555,0.7258454769239104,1427
2504,1449.1791009168555,0.7258454769239104,1427
2505,1449.1791009168555,0.7258454769239104,1427
2506,1449.1791009168555,0.7258454769239104,1427
2507,1458.6700905298312,0.7197763840564736,1436
2508,1445.5781867722933,0.7085514614055227,1422
2509,1445.5781867722933,0.7085514614055227,1422
2510,1470.0377473019398,0.7275927403962938,1448
2511,1471.921204900491,0.7290333139617942,1450
2512,1469.0961251873755,0.7268711348902894,1447
2513,1469.0961251873755,0.7268711348902894,1447
2514,1469.0961251873755,0.7268711348902894,1447
2515,1469.0961251873755,0.7268711348902894,1447
2516,1469.0961251873755,0.7268711348902894,1447
2517,1469.0961251873755,0.7268711348902894,1447
2518,1469.0961251873755,0.7268711348902894,1447
2519,1469.0961251873755,0.7268711348902894,1447
2520,1469.0961251873755,0.7268711348902894,1447
2521,1469.0961251873755,0.7268711348902894,1447
2522,1469.0961251873755,0.7268711348902894,1447
2523,1457.9407431492518,0.7287918028522636,1436
2524,1457.9407431492518,0.7287918028522636,1436
2525,1457.9407431492518,0.7287918028522636,1436
2526,1457.9407431492518,0.7287918028522636,1436
2527,1473.9521541615043,0.7410116914523585,1453
2528,1470.1828320858397,0.7381602956014864,1449
2529,1470.1828320858397,0.7381602956014864,1449
2530,1452.2947132375239,0.7244164000306077,1430
2531,1452.2947132375239,0.7244164000306077,1430
2532,1452.2947132375239,0.7244164000306077,1430
2533,1452.2947132375239,0.7244164000306077,1430
2534,1452.2947132375239,0.7244164000306077,1430
2535,1464.8910700665945,0.7417667482497581,1444
2536,1464.8910700665945,0.7417667482497581,1444
2537,1460.8312494270785,0.742506187551563,1440
2538,1460.8312494270785,0.742506187551563,1440
2539,1460.8312494270785,0.742506187551563,1440
2540,1472.1413103448276,0.7510344827586207,1452
2541,1472.1413103448276,0.7510344827586207,1452
2542,1472.1413103448276,0.7510344827586207,1452
2543,1479.6876546224883,0.7566420936651636,1460
2544,1479.6876546224883,0.7566420936651636,1460
2545,1479.6876546224883,0.7566420936651636,1460
2546,1479.6876546224883,0.7566420936651636,1460
2547,1479.6876546224883,0.7566420936651636,1460
2548,1479.6876546224883,0.7566420936651636,1460
2549,1478.2330479679179,0.7499005195560209,1458
2550,1490.0009011458715,0.7651310117939256,1471
2551,1508.9085548837766,0.7786334377777918,1491
2552,1494.1355467272306,0.7634666659180409,1475
2553,1494.1355467272306,0.7634666659180409,1475
2554,1499.8046142793253,0.7675573018624812,1481
2555,1499.8046142793253,0.7675573018624812,1481
2556,1499.8046142793253,0.7675573018624812,1481
2557,1494.1355467272306,0.7634666659180409,1475
2558,1494.1355467272306,0.7634666659180409,1475
2559,1494.1355467272306,0.7634666659180409,1475
2560,1494.1355467272306,0.7634666659180409,1475
2561,1487.5253078214241,0.7586488526399982,1468
2562,1487.5253078214241,0.7586488526399982,1468
2563,1487.5253078214241,0.7586488526399982,1468
2564,1502.9695217955611,0.7531579506111113,1483
2565,1502.9695217955611,0.7531579506111113,1483
2566,1491.6435540944017,0.7448262781903384,1471
2567,1461.347441561501,0.7237646284116067,1439
2568,1461.347441561501,0.7237646284116067,1439
2569,1461.347441561501,0.7237646284116067,1439
2570,1461.347441561501,0.7237646284116067,1439
2571,1461.347441561501,0.7237646284116067,1439
2572,1461.347441561501,0.7237646284116067,1439
2573,1465.4029131179727,0.7230789478618939,1443
2574,1465.4029131179727,0.7230789478618939,1443
2575,1465.4029131179727,0.7230789478618939,1443
2576,1465.4029131179727,0.7230789478618939,1443
2577,1465.4029131179727,0.7230789478618939,1443
2578,1465.4029131179727,0.7230789478618939,1443
2579,1446.243581661891,0.6879656160458453,1421
2580,1446.243581661891,0.6879656160458453,1421
2581,1446.243581661891,0.6879656160458453,1421
2582,1446.243581661891,0.6879656160458453,1421
2583,1446.243581661891,0.6879656160458453,1421
2584,1446.243581661891,0.6879656160458453,1421
2585,1446.243581661891,0.6879656160458453,1421
2586,1446.243581661891,0.6879656160458453,1421
2587,1409.3934924283576,0.7108344570042318,1386
2588,1409.3934924283576,0.7108344570042318,1386
2589,1417.8418352294727,0.717653458226541,1395
2590,1417.8418352294727,0.717653458226541,1395
2591,1417.8418352294727,0.717653458226541,1395
2592,1417.8418352294727,0.717653458226541,1395
2593,1417.8418352294727,0.717653458226541,1395
2594,1417.8418352294727,0.717653458226541,1395
2595,1417.8418352294727,0.717653458226541,1395
2596,1418.8557916377044,0.7174809439097088,1396
2597,1418.8557916377044,0.7174809439097088,1396
2598,1418.8557916377044,0.7174809439097088,1396
2599,1419.7948945508558,0.7182336891117953,1397
2600,1419.7948945508558,0.7182336891117953,1397
2601,1435.243648486554,0.7003257294616319,1411
2602,1435.243648486554,0.7003257294616319,1411
2603,1435.243648486554,0.7003257294616319,1411
2604,1435.243648486554,0.7003257294616319,1411
2605,1435.243648486554,0.7003257294616319,1411
2606,1425.5598296708872,0.6964174329927414,1401
2607,1425.5598296708872,0.6964174329927414,1401
2608,1425.5598296708872,0.6964174329927414,1401
2609,1425.5598296708872,0.6964174329927414,1401
2610,1425.5598296708872,0.6964174329927414,1401
2611,1425.5598296708872,0.6964174329927414,1401
2612,1425.5598296708872,0.6964174329927414,1401
2613,1425.5598296708872,0.6964174329927414,1401
2614,1425.5598296708872,0.6964174329927414,1401
2615,1425.5598296708872,0.6964174329927414,1401
2616,1425.5598296708872,0.6964174329927414,1401
2617,1425.5598296708872,0.6964174329927414,1401
2618,1425.5598296708872,0.6964174329927414,1401
2619,1425.5598296708872,0.6964174329927414,1401
2620,1425.5598296708872,0.6964174329927414,1401
2621,1425.5598296708872,0.6964174329927414,1401
2622,1425.5598296708872,0.6964174329927414,1401
2623,1425.5598296708872,0.6964174329927414,1401
2624,1425.5598296708872,0.6964174329927414,1401
2625,1416.8180085434003,0.6932260995871405,1392
2626,1416.8180085434003,0.6932260995871405,1392
2627,1416.8180085434003,0.6932260995871405,1392
2628,1416.8180085434003,0.6932260995871405,1392
2629,1416.8180085434003,0.6932260995871405,1392
2630,1416.8180085434003,0.6932260995871405,1392
2631,1399.0049379911984,0.6785545365735665,1373
2632,1399.0049379911984,0.6785545365735665,1373
2633,1397.9385537260548,0.7164579267483941,1375
2634,1397.9385537260548,0.7164579267483941,1375
2635,1397.9385537260548,0.7164579267483941,1375
2636,1397.9385537260548,0.7164579267483941,1375
2637,1397.9385537260548,0.7164579267483941,1375
2638,1378.666867257635,0.7198162267288639,1356
2639,1378.666867257635,0.7198162267288639,1356
2640,1378.666867257635,0.7198162267288639,1356
2641,1378.666867257635,0.7198162267288639,1356
2642,1378.666867257635,0.7198162267288639,1356
2643,1378.666867257635,0.7198162267288639,1356
2644,1378.666867257635,0.7198162267288639,1356
2645,1378.666867257635,0.7198162267288639,1356
2646,1378.666867257635,0.7198162267288639,1356
2647,1356.1921020068555,0.7009628923750871,1332
2648,1356.1921020068555,0.7009628923750871,1332
2649,1356.1921020068555,0.7009628923750871,1332
2650,1356.1921020068555,0.7009628923750871,1332
2651,1356.1921020068555,0.7009628923750871,1332
2652,1356.1921020068555,0.7009628923750871,1332
2653,1356.1921020068555,0.7009628923750871,1332
2654,1356.1921020068555,0.7009628923750871,1332
2655,1356.1921020068555,0.7009628923750871,1332
2656,1354.3211381560948,0.6993678843498793,1330
2657,1354.3211381560948,0.6993678843498793,1330
2658,1354.3211381560948,0.6993678843498793,1330
2659,1354.3211381560948,0.6993678843498793,1330
2660,1354.3211381560948,0.6993678843498793,1330
2661,1354.3211381560948,0.6993678843498793,1330
2662,1354.3211381560948,0.6993678843498793,1330
2663,1354.3211381560948,0.6993678843498793,1330
2664,1354.3211381560948,0.6993678843498793,1330
2665,1354.3211381560948,0.6993678843498793,1330
2666,1354.3211381560948,0.6993678843498793,1330
2667,1354.3211381560948,0.6993678843498793,1330
2668,1354.3211381560948,0.6993678843498793,1330
2669,1354.3211381560948,0.6993678843498793,1330
2670,1354.3211381560948,0.6993678843498793,1330
2671,1354.3211381560948,0.6993678843498793,1330
2672,1354.3211381560948,0.6993678843498793,1330
2673,1355.3345618840506,0.6992019544616744,1331
2674,1355.3345618840506,0.6992019544616744,1331
2675,1358.374705881429,0.6987057369415438,1334
2676,1358.374705881429,0.6987057369415438,1334
2677,1358.374705881429,0.6987057369415438,1334
2678,1358.374705881429,0.6987057369415438,1334
2679,1358.374705881429,0.6987057369415438,1334
2680,1358.374705881429,0.6987057369415438,1334
2681,1358.374705881429,0.6987057369415438,1334
2682,1358.374705881429,0.6987057369415438,1334
2683,1358.374705881429,0.6987057369415438,1334
2684,1362.4279361969927,0.6980477602349487,1338
2685,1362.4279361969927,0.6980477602349487,1338
2686,1362.4279361969927,0.6980477602349487,1338
2687,1362.4279361969927,0.6980477602349487,1338
2688,1362.4279361969927,0.6980477602349487,1338
2689,1362.4279361969927,0.6980477602349487,1338
2690,1362.4279361969927,0.6980477602349487,1338
2691,1362.4279361969927,0.6980477602349487,1338
2692,1363.4411914061131,0.6978839133978596,1339
2693,1363.4411914061131,0.6978839133978596,1339
2694,1363.4411914061131,0.6978839133978596,1339
2695,1363.4411914061131,0.6978839133978596,1339
2696,1363.4411914061131,0.6978839133978596,1339
2697,1363.4411914061131,0.6978839133978596,1339
2698,1362.4279361969927,0.6980477602349487,1338
2699,1381.676263242315,0.6949782046685411,1357
2700,1381.676263242315,0.6949782046685411,1357
2701,1381.676263242315,0.6949782046685411,1357
2702,1381.676263242315,0.6949782046685411,1357
2703,1381.676263242315,0.6949782046685411,1357
2704,1381.676263242315,0.6949782046685411,1357
2705,1381.676263242315,0.6949782046685411,1357
2706,1391.8040360004009,0.693398813344861,1367
2707,1383.7019767313277,0.6946603617882846,1359
2708,1360.4013630281167,0.698376229565925,1336
2709,1360.4013630281167,0.698376229565925,1336
2710,1360.4013630281167,0.698376229565925,1336
2711,1360.4013630281167,0.698376229565925,1336
2712,1360.4013630281167,0.698376229565925,1336
2713,1360.4013630281167,0.698376229565925,1336
2714,1360.4013630281167,0.698376229565925,1336
2715,1360.4013630281167,0.698376229565925,1336
2716,1360.4013630281167,0.698376229565925,1336
2717,1366.0166762189285,0.7031313199143576,1342
2718,1366.0166762189285,0.7031313199143576,1342
2719,1366.0166762189285,0.7031313199143576,1342
2720,1366.0166762189285,0.7031313199143576,1342
2721,1366.0166762189285,0.7031313199143576,1342
2722,1366.0166762189285,0.7031313199143576,1342
2723,1366.0166762189285,0.7031313199143576,1342
2724,1366.0166762189285,0.7031313199143576,1342
2725,1366.0166762189285,0.7031313199143576,1342
2726,1366.0166762189285,0.7031313199143576,1342
2727,1366.0166762189285,0.7031313199143576,1342
2728,1366.0166762189285,0.7031313199143576,1342
2729,1366.0166762189285,0.7031313199143576,1342
2730,1366.0166762189285,0.7031313199143576,1342
2731,1366.0166762189285,0.7031313199143576,1342
2732,1366.0166762189285,0.7031313199143576,1342
2733,1366.0166762189285,0.7031313199143576,1342
2734,1366.0166762189285,0.7031313199143576,1342
2735,1366.0166762189285,0.7031313199143576,1342
2736,1366.0166762189285,0.7031313199143576,1342
2737,1366.0166762189285,0.7031313199143576,1342
2738,1366.0166762189285,0.7031313199143576,1342
2739,1366.0166762189285,0.7031313199143576,1342
2740,1375.137903490556,0.7016328369523349,1351
2741,1375.137903490556,0.7016328369523349,1351
2742,1375.137903490556,0.7016328369523349,1351
2743,1375.137903490556,0.7016328369523349,1351
2744,1399.511022383918,0.7217426157735709,1377
2745,1400.525418715468,0.7215646635912479,1378
2746,1400.525418715468,0.7215646635912479,1378
2747,1400.525418715468,0.7215646635912479,1378
2748,1400.525418715468,0.7215646635912479,1378
2749,1392.7680502289127,0.7062045707180135,1369
2750,1392.7680502289127,0.7062045707180135,1369
2751,1386.2075572768235,0.7007718507191146,1362
2752,1386.2075572768235,0.7007718507191146,1362
2753,1386.2075572768235,0.7007718507191146,1362
2754,1386.2075572768235,0.7007718507191146,1362
2755,1386.2075572768235,0.7007718507191146,1362
2756,1386.2075572768235,0.7007718507191146,1362
2757,1386.2075572768235,0.7007718507191146,1362
2758,1386.2075572768235,0.7007718507191146,1362
2759,1392.7680502289127,0.7062045707180135,1369
2760,1392.7680502289127,0.7062045707180135,1369
2761,1392.7680502289127,0.7062045707180135,1369
2762,1392.7680502289127,0.7062045707180135,1369
2763,1392.7680502289127,0.7062045707180135,1369
2764,1392.7680502289127,0.7062045707180135,1369
2765,1392.7680502289127,0.7062045707180135,1369
2766,1392.7680502289127,0.7062045707180135,1369
2767,1392.7680502289127,0.7062045707180135,1369
2768,1392.7680502289127,0.7062045707180135,1369
2769,1392.7680502289127,0.7062045707180135,1369
2770,1392.7680502289127,0.7062045707180135,1369
2771,1392.7680502289127,0.7062045707180135,1369
2772,1392.7680502289127,0.7062045707180135,1369
2773,1392.7680502289127,0.7062045707180135,1369
2774,1400.8753658536586,0.7048780487804878,1377
2775,1400.8753658536586,0.7048780487804878,1377
2776,1400.8753658536586,0.7048780487804878,1377
2777,1400.8753658536586,0.7048780487804878,1377
2778,1400.8753658536586,0.7048780487804878,1377
2779,1400.8753658536586,0.7048780487804878,1377
2780,1400.8753658536586,0.7048780487804878,1377
2781,1400.8753658536586,0.7048780487804878,1377
2782,1400.8753658536586,0.7048780487804878,1377
2783,1400.8753658536586,0.7048780487804878,1377
2784,1400.8753658536586,0.7048780487804878,1377
2785,1400.8753658536586,0.7048780487804878,1377
2786,1400.8753658536586,0.7048780487804878,1377
2787,1400.8753658536586,0.7048780487804878,1377
2788,1400.8753658536586,0.7048780487804878,1377
2789,1400.8753658536586,0.7048780487804878,1377
2790,1400.8753658536586,0.7048780487804878,1377
2791,1400.8753658536586,0.7048780487804878,1377
2792,1400.8753658536586,0.7048780487804878,1377
2793,1417.0861178648024,0.7022729559356925,1393
2794,1417.0861178648024,0.7022729559356925,1393
2795,1417.0861178648024,0.7022729559356925,1393
2796,1417.0861178648024,0.7022729559356925,1393
2797,1417.0861178648024,0.7022729559356925,1393
2798,1417.0861178648024,0.7022729559356925,1393
2799,1417.0861178648024,0.7022729559356925,1393
2800,1417.0861178648024,0.7022729559356925,1393
2801,1417.0861178648024,0.7022729559356925,1393
2802,1417.0861178648024,0.7022729559356925,1393
2803,1417.0861178648024,0.7022729559356925,1393
2804,1421.1380135752624,0.7016314762019464,1397
2805,1430.5270919772877,0.7091830410718444,1407
2806,1430.5270919772877,0.7091830410718444,1407
2807,1430.5270919772877,0.7091830410718444,1407
2808,1428.5004133021544,0.7095128145592774,1405
2809,1428.5004133021544,0.7095128145592774,1405
2810,1428.5004133021544,0.7095128145592774,1405
2811,1428.5004133021544,0.7095128145592774,1405
2812,1428.5004133021544,0.7095128145592774,1405
2813,1428.5004133021544,0.7095128145592774,1405
2814,1428.5004133021544,0.7095128145592774,1405
2815,1428.5004133021544,0.7095128145592774,1405
2816,1428.5004133021544,0.7095128145592774,1405
2817,1428.5004133021544,0.7095128145592774,1405
2818,1428.5004133021544,0.7095128145592774,1405
2819,1428.5004133021544,0.7095128145592774,1405
2820,1428.5004133021544,0.7095128145592774,1405
2821,1428.5004133021544,0.7095128145592774,1405
2822,1428.5004133021544,0.7095128145592774,1405
2823,1428.5004133021544,0.7095128145592774,1405
2824,1428.5004133021544,0.7095128145592774,1405
2825,1428.5004133021544,0.7095128145592774,1405
2826,1428.5004133021544,0.7095128145592774,1405
2827,1428.5004133021544,0.7095128145592774,1405
2828,1454.82475806595,0.7302254874419035,1433
2829,1454.82475806595,0.7302254874419035,1433
2830,1454.82475806595,0.7302254874419035,1433
2831,1448.7382756807733,0.7312944909669555,1427
2832,1448.7382756807733,0.7312944909669555,1427
2833,1448.7382756807733,0.7312944909669555,1427
2834,1443.0938315234412,0.7268994867312578,1421
2835,1428.8919597228987,0.7293948118306708,1407
2836,1428.8919597228987,0.7293948118306708,1407
2837,1428.8919597228987,0.7293948118306708,1407
2838,1428.8919597228987,0.7293948118306708,1407
2839,1428.8919597228987,0.7293948118306708,1407
2840,1428.8919597228987,0.7293948118306708,1407
2841,1412.6561410314735,0.7323097523921698,1391
2842,1411.6412177275656,0.7324942184478902,1390
2843,1411.6412177275656,0.7324942184478902,1390
2844,1411.6412177275656,0.7324942184478902,1390
2845,1411.6412177275656,0.7324942184478902,1390
2846,1411.6412177275656,0.7324942184478902,1390
2847,1411.6412177275656,0.7324942184478902,1390
2848,1411.6412177275656,0.7324942184478902,1390
2849,1417.2793360389537,0.7369674160821549,1396
2850,1410.701808957135,0.7317452539291103,1389
2851,1410.701808957135,0.7317452539291103,1389
2852,1410.701808957135,0.7317452539291103,1389
2853,1410.701808957135,0.7317452539291103,1389
2854,1410.701808957135,0.7317452539291103,1389
2855,1410.701808957135,0.7317452539291103,1389
2856,1410.701808957135,0.7317452539291103,1389
2857,1410.701808957135,0.7317452539291103,1389
2858,1423.860786257257,0.7421410845827342,1403
2859,1405.0670059062438,0.7272310765606452,1383
2860,1396.315289568773,0.7241620572463157,1374
2861,1396.315289568773,0.7241620572463157,1374
2862,1396.315289568773,0.7241620572463157,1374
2863,1396.315289568773,0.7241620572463157,1374
2864,1396.315289568773,0.7241620572463157,1374
2865,1396.315289568773,0.7241620572463157,1374
2866,1396.315289568773,0.7241620572463157,1374
2867,1403.3969067033483,0.7478750716520599,1383
2868,1403.3969067033483,0.7478750716520599,1383
2869,1403.3969067033483,0.7478750716520599,1383
2870,1419.6489153572236,0.7447600079453204,1399
2871,1410.2156530841235,0.7253936577982273,1388
2872,1410.2156530841235,0.7253936577982273,1388
2873,1408.1865705542332,0.7257531451887114,1386
2874,1408.1865705542332,0.7257531451887114,1386
2875,1408.1865705542332,0.7257531451887114,1386
2876,1415.700779493081,0.7317579790719287,1394
2877,1415.700779493081,0.7317579790719287,1394
2878,1390.3226829348798,0.7364316077270737,1369
2879,1390.3226829348798,0.7364316077270737,1369
2880,1390.3226829348798,0.7364316077270737,1369
2881,1390.3226829348798,0.7364316077270737,1369
2882,1390.3226829348798,0.7364316077270737,1369
2883,1402.5330417728046,0.746192314304021,1382
2884,1402.5330417728046,0.746192314304021,1382
2885,1402.5330417728046,0.746192314304021,1382
2886,1400.6040735808594,0.7576752338583509,1381
2887,1397.4535237791254,0.7471752314075966,1377
2888,1406.7785597477114,0.7555184209182771,1387
2889,1432.2067330739058,0.7749476752298414,1414
2890,1432.2067330739058,0.7749476752298414,1414
2891,1432.2067330739058,0.7749476752298414,1414
2892,1432.2067330739058,0.7749476752298414,1414
2893,1432.2067330739058,0.7749476752298414,1414
2894,1432.2067330739058,0.7749476752298414,1414
2895,1432.2067330739058,0.7749476752298414,1414
2896,1431.263767819763,0.7742426721908158,1413
2897,1414.9879679297806,0.7776518179260749,1397
2898,1414.9879679297806,0.7776518179260749,1397
2899,1414.9879679297806,0.7776518179260749,1397
2900,1414.9879679297806,0.7776518179260749,1397
2901,1414.9879679297806,0.7776518179260749,1397
2902,1414.9879679297806,0.7776518179260749,1397
2903,1414.9879679297806,0.7776518179260749,1397
2904,1414.9879679297806,0.7776518179260749,1397
2905,1426.1782239381032,0.7753000749307399,1408
2906,1426.1782239381032,0.7753000749307399,1408
2907,1426.1782239381032,0.7753000749307399,1408
2908,1426.1782239381032,0.7753000749307399,1408
2909,1426.1782239381032,0.7753000749307399,1408
2910,1426.1782239381032,0.7753000749307399,1408
2911,1426.1782239381032,0.7753000749307399,1408
2912,1426.1782239381032,0.7753000749307399,1408
2913,1423.4994441730976,0.7713294910618346,1405
2914,1423.4994441730976,0.7713294910618346,1405
2915,1423.4994441730976,0.7713294910618346,1405
2916,1423.4994441730976,0.7713294910618346,1405
2917,1423.4994441730976,0.7713294910618346,1405
2918,1423.4994441730976,0.7713294910618346,1405
2919,1423.4994441730976,0.7713294910618346,1405
2920,1434.8146971647031,0.7797936073584274,1417
2921,1422.6799112377548,0.7814596880376427,1405
2922,1422.6799112377548,0.7814596880376427,1405
2923,1437.8829498029809,0.7665890011992462,1419
2924,1437.0356827152289,0.7523401394903738,1417
2925,1425.7419292562108,0.7436102687736613,1405
2926,1425.7419292562108,0.7436102687736613,1405
2927,1425.7419292562108,0.7436102687736613,1405
2928,1431.2657866479994,0.7371348992830723,1410
2929,1431.2657866479994,0.7371348992830723,1410
2930,1431.2657866479994,0.7371348992830723,1410
2931,1431.2657866479994,0.7371348992830723,1410
2932,1431.2657866479994,0.7371348992830723,1410
2933,1431.2657866479994,0.7371348992830723,1410
2934,1431.2657866479994,0.7371348992830723,1410
2935,1431.2657866479994,0.7371348992830723,1410
2936,1431.2657866479994,0.7371348992830723,1410
2937,1431.2657866479994,0.7371348992830723,1410
2938,1449.150224537301,0.750924294965378,1429
2939,1449.150224537301,0.750924294965378,1429
2940,1416.6398515106953,0.7572329850346682,1397
2941,1419.3885382706778,0.7603394527728339,1400
2942,1419.3885382706778,0.7603394527728339,1400
2943,1414.7578149843448,0.7557748456817693,1395
2944,1414.7578149843448,0.7557748456817693,1395
2945,1414.7578149843448,0.7557748456817693,1395
2946,1422.8870965628485,0.7541768039202915,1403
2947,1422.8870965628485,0.7541768039202915,1403
2948,1422.8870965628485,0.7541768039202915,1403
2949,1389.9975280898877,0.7280898876404495,1368
2950,1389.9975280898877,0.7280898876404495,1368
2951,1389.9975280898877,0.7280898876404495,1368
2952,1389.9975280898877,0.7280898876404495,1368
2953,1389.9975280898877,0.7280898876404495,1368
2954,1389.9975280898877,0.7280898876404495,1368
2955,1389.9975280898877,0.7280898876404495,1368
2956,1385.4608279278978,0.7223630664042299,1363
2957,1385.4608279278978,0.7223630664042299,1363
2958,1415.360465578622,0.7483255181876143,1395
2959,1415.360465578622,0.7483255181876143,1395
2960,1415.360465578622,0.7483255181876143,1395
2961,1415.360465578622,0.7483255181876143,1395
2962,1415.360465578622,0.7483255181876143,1395
2963,1415.360465578622,0.7483255181876143,1395
2964,1415.360465578622,0.7483255181876143,1395
2965,1415.360465578622,0.7483255181876143,1395
2966,1415.360465578622,0.7483255181876143,1395
2967,1415.360465578622,0.7483255181876143,1395
2968,1416.8279045913507,0.7425475328634026,1396
2969,1416.8279045913507,0.7425475328634026,1396
2970,1416.8279045913507,0.7425475328634026,1396
2971,1413.9676918187315,0.7531805708438629,1394
2972,1413.9676918187315,0.7531805708438629,1394
2973,1413.9676918187315,0.7531805708438629,1394
2974,1413.9676918187315,0.7531805708438629,1394
2975,1413.9676918187315,0.7531805708438629,1394
2976,1413.9676918187315,0.7531805708438629,1394
2977,1413.9676918187315,0.7531805708438629,1394
2978,1420.1390356356212,0.7510626003013448,1400
2979,1420.1390356356212,0.7510626003013448,1400
2980,1420.1390356356212,0.7510626003013448,1400
2981,1404.1565773288062,0.7384848290629641,1383
2982,1406.1872799507476,0.7381053158127633,1385
2983,1406.1872799507476,0.7381053158127633,1385
2984,1406.1872799507476,0.7381053158127633,1385
2985,1406.1872799507476,0.7381053158127633,1385
2986,1409.9459602237414,0.7410882543418856,1389
2987,1409.9459602237414,0.7410882543418856,1389
2988,1416.113627297812,0.7390157317946611,1395
2989,1401.8976024991969,0.7416860012460206,1381
2990,1401.8976024991969,0.7416860012460206,1381
2991,1401.8976024991969,0.7416860012460206,1381
2992,1401.8976024991969,0.7416860012460206,1381
2993,1401.8976024991969,0.7416860012460206,1381
2994,1391.740565604791,0.7436271247862652,1371
2995,1391.740565604791,0.7436271247862652,1371
2996,1391.740565604791,0.7436271247862652,1371
2997,1391.740565604791,0.7436271247862652,1371
2998,1391.740565604791,0.7436271247862652,1371
2999,1362.666176413993,0.7198247662052776,1340
3000,1372.0298014309737,0.7153300193946388,1349
3001,1372.0298014309737,0.7153300193946388,1349
3002,1372.0298014309737,0.7153300193946388,1349
3003,1372.0298014309737,0.7153300193946388,1349
3004,1372.0298014309737,0.7153300193946388,1349
3005,1372.0298014309737,0.7153300193946388,1349
3006,1372.0298014309737,0.7153300193946388,1349
3007,1384.2155422463172,0.7253950278576367,1362
3008,1392.6596621504223,0.7322662280541139,1371
3009,1392.6596621504223,0.7322662280541139,1371
3010,1392.6596621504223,0.7322662280541139,1371
3011,1375.8721703134383,0.7420003669537905,1355
3012,1375.8721703134383,0.7420003669537905,1355
3013,1368.838177271873,0.742420552881669,1348
3014,1368.838177271873,0.742420552881669,1348
3015,1368.838177271873,0.742420552881669,1348
3016,1368.838177271873,0.742420552881669,1348
3017,1368.838177271873,0.742420552881669,1348
3018,1368.838177271873,0.742420552881669,1348
3019,1368.838177271873,0.742420552881669,1348
3020,1368.838177271873,0.742420552881669,1348
3021,1368.838177271873,0.742420552881669,1348
3022,1368.838177271873,0.742420552881669,1348
3023,1368.838177271873,0.742420552881669,1348
3024,1368.838177271873,0.742420552881669,1348
3025,1345.281086171626,0.7740286010923869,1327
3026,1345.281086171626,0.7740286010923869,1327
3027,1345.281086171626,0.7740286010923869,1327
3028,1345.281086171626,0.7740286010923869,1327
3029,1345.281086171626,0.7740286010923869,1327
3030,1345.281086171626,0.7740286010923869,1327
3031,1345.281086171626,0.7740286010923869,1327
3032,1345.281086171626,0.7740286010923869,1327
3033,1310.9661736115568,0.7531993373107941,1291
3034,1310.9661736115568,0.7531993373107941,1291
3035,1310.9661736115568,0.7531993373107941,1291
3036,1310.9661736115568,0.7531993373107941,1291
3037,1310.9661736115568,0.7531993373107941,1291
3038,1310.9661736115568,0.7531993373107941,1291
3039,1298.8065869015113,0.7428110395363263,1278
3040,1298.8065869015113,0.7428110395363263,1278
3041,1298.8065869015113,0.7428110395363263,1278
3042,1298.8065869015113,0.7428110395363263,1278
3043,1327.8564618193686,0.7545554781289417,1308
3044,1327.8564618193686,0.7545554781289417,1308
3045,1327.8564618193686,0.7545554781289417,1308
3046,1298.6421567429227,0.7448435507673337,1278
3047,1298.6421567429227,0.7448435507673337,1278
3048,1298.6421567429227,0.7448435507673337,1278
3049,1298.6421567429227,0.7448435507673337,1278
3050,1298.6421567429227,0.7448435507673337,1278
3051,1298.6421567429227,0.7448435507673337,1278
3052,1298.6421567429227,0.7448435507673337,1278
3053,1298.6421567429227,0.7448435507673337,1278
3054,1298.6421567429227,0.7448435507673337,1278
3055,1298.6421567429227,0.7448435507673337,1278
3056,1295.0963515424098,0.7515902157922136,1275
3057,1295.0963515424098,0.7515902157922136,1275
3058,1295.0963515424098,0.7515902157922136,1275
3059,1295.0963515424098,0.7515902157922136,1275
3060,1295.0963515424098,0.7515902157922136,1275
3061,1295.0963515424098,0.7515902157922136,1275
3062,1295.0963515424098,0.7515902157922136,1275
3063,1295.0963515424098,0.7515902157922136,1275
3064,1295.0963515424098,0.7515902157922136,1275
3065,1295.0963515424098,0.7515902157922136,1275
3066,1295.0963515424098,0.7515902157922136,1275
3067,1295.0963515424098,0.7515902157922136,1275
3068,1295.0963515424098,0.7515902157922136,1275
3069,1278.2810712903151,0.7369459667451785,1257
3070,1278.2810712903151,0.7369459667451785,1257
3071,1278.2810712903151,0.7369459667451785,1257
3072,1278.2810712903151,0.7369459667451785,1257
3073,1278.2810712903151,0.7369459667451785,1257
3074,1278.2810712903151,0.7369459667451785,1257
3075,1278.2810712903151,0.7369459667451785,1257
3076,1278.2810712903151,0.7369459667451785,1257
3077,1278.2810712903151,0.7369459667451785,1257
3078,1278.2810712903151,0.7369459667451785,1257
3079,1278.2810712903151,0.7369459667451785,1257
3080,1278.2810712903151,0.7369459667451785,1257
3081,1278.2810712903151,0.7369459667451785,1257
3082,1278.2810712903151,0.7369459667451785,1257
3083,1278.2810712903151,0.7369459667451785,1257
3084,1283.3647951649123,0.7359110610023196,1262
3085,1283.3647951649123,0.7359110610023196,1262
3086,1283.3647951649123,0.7359110610023196,1262
3087,1283.3647951649123,0.7359110610023196,1262
3088,1283.3647951649123,0.7359110610023196,1262
3089,1283.3647951649123,0.7359110610023196,1262
3090,1283.3647951649123,0.7359110610023196,1262
3091,1283.3647951649123,0.7359110610023196,1262
3092,1283.3647951649123,0.7359110610023196,1262
3093,1282.348104479975,0.7361173735478991,1261
3094,1268.1115745524194,0.7390411056561269,1247
3095,1268.1115745524194,0.7390411056561269,1247
3096,1268.1115745524194,0.7390411056561269,1247
3097,1268.1115745524194,0.7390411056561269,1247
3098,1268.1115745524194,0.7390411056561269,1247
3099,1268.1115745524194,0.7390411056561269,1247
3100,1268.1115745524194,0.7390411056561269,1247
3101,1268.1115745524194,0.7390411056561269,1247
3102,1273.7105953652533,0.7439975851019366,1253
3103,1273.7105953652533,0.7439975851019366,1253
3104,1273.7105953652533,0.7439975851019366,1253
3105,1273.7105953652533,0.7439975851019366,1253
3106,1268.6235780260658,0.7450732011611153,1248
3107,1268.6235780260658,0.7450732011611153,1248
3108,1268.6235780260658,0.7450732011611153,1248
3109,1268.6235780260658,0.7450732011611153,1248
3110,1268.6235780260658,0.7450732011611153,1248
3111,1268.6235780260658,0.7450732011611153,1248
3112,1268.6235780260658,0.7450732011611153,1248
3113,1268.6235780260658,0.7450732011611153,1248
3114,1268.6235780260658,0.7450732011611153,1248
3115,1268.6235780260658,0.7450732011611153,1248
3116,1268.6235780260658,0.7450732011611153,1248
3117,1268.6235780260658,0.7450732011611153,1248
3118,1268.6235780260658,0.7450732011611153,1248
3119,1268.6235780260658,0.7450732011611153,1248
3120,1272.693247937102,0.7442120156106083,1252
3121,1272.693247937102,0.7442120156106083,1252
3122,1272.693247937102,0.7442120156106083,1252
3123,1272.693247937102,0.7442120156106083,1252
3124,1288.9674914897498,0.7408221076668737,1268
3125,1288.9674914897498,0.7408221076668737,1268
3126,1288.9674914897498,0.7408221076668737,1268
3127,1288.9674914897498,0.7408221076668737,1268
3128,1288.9674914897498,0.7408221076668737,1268
3129,1288.9674914897498,0.7408221076668737,1268
3130,1285.9166050113195,0.7414511123446299,1265
3131,1285.9166050113195,0.7414511123446299,1265
3132,1285.9166050113195,0.7414511123446299,1265
3133,1285.9166050113195,0.7414511123446299,1265
3134,1285.9166050113195,0.7414511123446299,1265
3135,1285.9166050113195,0.7414511123446299,1265
3136,1285.9166050113195,0.7414511123446299,1265
3137,1285.9166050113195,0.7414511123446299,1265
3138,1285.9166050113195,0.7414511123446299,1265
3139,1285.9166050113195,0.7414511123446299,1265
3140,1285.9166050113195,0.7414511123446299,1265
3141,1284.1959151092117,0.7256376377106095,1262
3142,1284.1959151092117,0.7256376377106095,1262
3143,1284.1959151092117,0.7256376377106095,1262
3144,1284.1959151092117,0.7256376377106095,1262
3145,1284.1959151092117,0.7256376377106095,1262
3146,1284.1959151092117,0.7256376377106095,1262
3147,1284.1959151092117,0.7256376377106095,1262
3148,1284.1959151092117,0.7256376377106095,1262
3149,1284.1959151092117,0.7256376377106095,1262
3150,1294.4641807291293,0.7346825620626779,1273
3151,1294.4641807291293,0.7346825620626779,1273
3152,1294.4641807291293,0.7346825620626779,1273
3153,1294.4641807291293,0.7346825620626779,1273
3154,1289.7953773394574,0.7305886608225293,1268
3155,1289.7953773394574,0.7305886608225293,1268
3156,1289.7953773394574,0.7305886608225293,1268
3157,1289.7953773394574,0.7305886608225293,1268
3158,1289.7953773394574,0.7305886608225293,1268
3159,1289.7953773394574,0.7305886608225293,1268
3160,1289.7953773394574,0.7305886608225293,1268
3161,1289.7953773394574,0.7305886608225293,1268
3162,1289.7953773394574,0.7305886608225293,1268
3163,1289.7953773394574,0.7305886608225293,1268
3164,1289.7953773394574,0.7305886608225293,1268
3165,1289.7953773394574,0.7305886608225293,1268
3166,1289.7953773394574,0.7305886608225293,1268
3167,1284.7138290143891,0.7315966747294297,1263
3168,1284.7138290143891,0.7315966747294297,1263
3169,1284.7138290143891,0.7315966747294297,1263
3170,1284.7138290143891,0.7315966747294297,1263
3171,1284.7138290143891,0.7315966747294297,1263
3172,1284.7138290143891,0.7315966747294297,1263
3173,1284.7138290143891,0.7315966747294297,1263
3174,1284.7138290143891,0.7315966747294297,1263
3175,1286.5806458870397,0.7332429432998808,1265
3176,1282.7642170486902,0.7309738312893673,1261
3177,1282.7642170486902,0.7309738312893673,1261
3178,1282.7642170486902,0.7309738312893673,1261
3179,1282.7642170486902,0.7309738312893673,1261
3180,1282.7642170486902,0.7309738312893673,1261
3181,1282.7642170486902,0.7309738312893673,1261
3182,1284.6307583388523,0.7326235063182657,1263
3183,1284.6307583388523,0.7326235063182657,1263
3184,1284.6307583388523,0.7326235063182657,1263
3185,1284.6307583388523,0.7326235063182657,1263
3186,1284.6307583388523,0.7326235063182657,1263
3187,1284.6307583388523,0.7326235063182657,1263
3188,1284.6307583388523,0.7326235063182657,1263
3189,1284.6307583388523,0.7326235063182657,1263
3190,1282.5978156886138,0.7330307084225735,1261
3191,1282.5978156886138,0.7330307084225735,1261
3192,1282.5978156886138,0.7330307084225735,1261
3193,1282.5978156886138,0.7330307084225735,1261
3194,1282.5978156886138,0.7330307084225735,1261
3195,1282.5978156886138,0.7330307084225735,1261
3196,1282.5978156886138,0.7330307084225735,1261
3197,1282.5978156886138,0.7330307084225735,1261
3198,1282.5978156886138,0.7330307084225735,1261
3199,1282.5978156886138,0.7330307084225735,1261
3200,1282.5978156886138,0.7330307084225735,1261
3201,1301.9065159337724,0.7292148833897099,1280
3202,1301.9065159337724,0.7292148833897099,1280
3203,1301.9065159337724,0.7292148833897099,1280
3204,1285.3777486588092,0.7233900042174384,1263
3205,1285.3777486588092,0.7233900042174384,1263
3206,1285.3777486588092,0.7233900042174384,1263
3207,1285.3777486588092,0.7233900042174384,1263
3208,1272.9096605436396,0.704454134194814,1249
3209,1272.9096605436396,0.704454134194814,1249
3210,1272.9096605436396,0.704454134194814,1249
3211,1272.9096605436396,0.704454134194814,1249
3212,1272.9096605436396,0.704454134194814,1249
3213,1272.9096605436396,0.704454134194814,1249
3214,1272.9096605436396,0.704454134194814,1249
3215,1272.9096605436396,0.704454134194814,1249
3216,1272.9096605436396,0.704454134194814,1249
3217,1272.9096605436396,0.704454134194814,1249
3218,1272.9096605436396,0.704454134194814,1249
3219,1272.9096605436396,0.704454134194814,1249
3220,1272.9096605436396,0.704454134194814,1249
3221,1272.9096605436396,0.704454134194814,1249
3222,1272.9096605436396,0.704454134194814,1249
3223,1272.9096605436396,0.704454134194814,1249
3224,1287.1126355666759,0.7019451722289745,1263
3225,1287.1126355666759,0.7019451722289745,1263
3226,1287.1126355666759,0.7019451722289745,1263
3227,1287.1126355666759,0.7019451722289745,1263
3228,1286.0982942502142,0.7021224443731242,1262
3229,1286.0982942502142,0.7021224443731242,1262
3230,1286.0982942502142,0.7021224443731242,1262
3231,1286.0982942502142,0.7021224443731242,1262
3232,1286.0982942502142,0.7021224443731242,1262
3233,1286.0982942502142,0.7021224443731242,1262
3234,1286.0982942502142,0.7021224443731242,1262
3235,1286.0982942502142,0.7021224443731242,1262
3236,1286.0982942502142,0.7021224443731242,1262
3237,1268.8507870612589,0.7051818657446373,1245
3238,1268.8507870612589,0.7051818657446373,1245
3239,1274.9389491353395,0.7040920996867804,1251
3240,1274.9389491353395,0.7040920996867804,1251
3241,1270.2825596428372,0.6998447510156096,1246
3242,1270.2825596428372,0.6998447510156096,1246
3243,1270.2825596428372,0.6998447510156096,1246
3244,1270.2825596428372,0.6998447510156096,1246
3245,1270.2825596428372,0.6998447510156096,1246
3246,1270.2825596428372,0.6998447510156096,1246
3247,1270.2825596428372,0.6998447510156096,1246
3248,1270.2825596428372,0.6998447510156096,1246
3249,1270.2825596428372,0.6998447510156096,1246
3250,1270.2825596428372,0.6998447510156096,1246
3251,1270.2825596428372,0.6998447510156096,1246
3252,1270.2825596428372,0.6998447510156096,1246
3253,1270.2825596428372,0.6998447510156096,1246
3254,1270.2825596428372,0.6998447510156096,1246
3255,1270.2825596428372,0.6998447510156096,1246
3256,1270.2825596428372,0.6998447510156096,1246
3257,1270.2825596428372,0.6998447510156096,1246
3258,1270.2825596428372,0.6998447510156096,1246
3259,1270.2825596428372,0.6998447510156096,1246
3260,1270.2825596428372,0.6998447510156096,1246
3261,1270.2825596428372,0.6998447510156096,1246
3262,1270.2825596428372,0.6998447510156096,1246
3263,1270.2825596428372,0.6998447510156096,1246
3264,1270.2825596428372,0.6998447510156096,1246
3265,1270.2825596428372,0.6998447510156096,1246
3266,1270.2825596428372,0.6998447510156096,1246
3267,1265.2103833284345,0.7007369180663227,1241
3268,1265.2103833284345,0.7007369180663227,1241
3269,1265.2103833284345,0.7007369180663227,1241
3270,1265.2103833284345,0.7007369180663227,1241
3271,1265.2103833284345,0.7007369180663227,1241
3272,1258.6966675182948,0.6947259886490136,1234
3273,1258.6966675182948,0.6947259886490136,1234
3274,1258.6966675182948,0.6947259886490136,1234
3275,1258.6966675182948,0.6947259886490136,1234
3276,1258.6966675182948,0.6947259886490136,1234
3277,1258.6966675182948,0.6947259886490136,1234
3278,1258.6966675182948,0.6947259886490136,1234
3279,1258.6966675182948,0.6947259886490136,1234
3280,1258.6966675182948,0.6947259886490136,1234
3281,1258.6966675182948,0.6947259886490136,1234
3282,1258.6966675182948,0.6947259886490136,1234
3283,1258.6966675182948,0.6947259886490136,1234
3284,1258.6966675182948,0.6947259886490136,1234
3285,1258.6966675182948,0.6947259886490136,1234
3286,1258.6966675182948,0.6947259886490136,1234
3287,1258.6966675182948,0.6947259886490136,1234
3288,1258.6966675182948,0.6947259886490136,1234
3289,1258.6966675182948,0.6947259886490136,1234
3290,1258.6966675182948,0.6947259886490136,1234
3291,1258.6966675182948,0.6947259886490136,1234
3292,1258.6966675182948,0.6947259886490136,1234
3293,1258.6966675182948,0.6947259886490136,1234
3294,1258.6966675182948,0.6947259886490136,1234
3295,1258.6966675182948,0.6947259886490136,1234
3296,1257.6825135365655,0.6949009451598837,1233
3297,1257.6825135365655,0.6949009451598837,1233
3298,1257.6825135365655,0.6949009451598837,1233
3299,1257.6825135365655,0.6949009451598837,1233
3300,1257.6825135365655,0.6949009451598837,1233
3301,1257.6825135365655,0.6949009451598837,1233
3302,1257.6825135365655,0.6949009451598837,1233
3303,1257.6825135365655,0.6949009451598837,1233
3304,1257.6825135365655,0.6949009451598837,1233
3305,1257.6825135365655,0.6949009451598837,1233
3306,1253.0325761974805,0.6905738418111178,1228
3307,1253.0325761974805,0.6905738418111178,1228
3308,1253.0325761974805,0.6905738418111178,1228
3309,1260.1293339197077,0.6893778254671484,1235
3310,1260.1293339197077,0.6893778254671484,1235
3311,1260.1293339197077,0.6893778254671484,1235
3312,1260.1293339197077,0.6893778254671484,1235
3313,1260.1293339197077,0.6893778254671484,1235
3314,1260.1293339197077,0.6893778254671484,1235
3315,1260.1293339197077,0.6893778254671484,1235
3316,1260.1293339197077,0.6893778254671484,1235
3317,1260.1293339197077,0.6893778254671484,1235
3318,1260.1293339197077,0.6893778254671484,1235
3319,1260.1293339197077,0.6893778254671484,1235
3320,1260.1293339197077,0.6893778254671484,1235
3321,1260.1293339197077,0.6893778254671484,1235
3322,1260.1293339197077,0.6893778254671484,1235
3323,1260.1293339197077,0.6893778254671484,1235
3324,1260.1293339197077,0.6893778254671484,1235
3325,1260.1293339197077,0.6893778254671484,1235
3326,1260.1293339197077,0.6893778254671484,1235
3327,1260.1293339197077,0.6893778254671484,1235
3328,1260.1293339197077,0.6893778254671484,1235
3329,1260.1293339197077,0.6893778254671484,1235
3330,1260.1293339197077,0.6893778254671484,1235
3331,1260.1293339197077,0.6893778254671484,1235
3332,1260.1293339197077,0.6893778254671484,1235
3333,1260.1293339197077,0.6893778254671484,1235
3334,1260.1293339197077,0.6893778254671484,1235
3335,1261.9897954381422,0.6911026521861272,1237
3336,1261.9897954381422,0.6911026521861272,1237
3337,1261.9897954381422,0.6911026521861272,1237
3338,1261.9897954381422,0.6911026521861272,1237
3339,1261.9897954381422,0.6911026521861272,1237
3340,1261.9897954381422,0.6911026521861272,1237
3341,1261.9897954381422,0.6911026521861272,1237
3342,1261.9897954381422,0.6911026521861272,1237
3343,1275.167779198448,0.6889026057052158,1250
3344,1275.167779198448,0.6889026057052158,1250
3345,1275.167779198448,0.6889026057052158,1250
3346,1275.167779198448,0.6889026057052158,1250
3347,1275.167779198448,0.6889026057052158,1250
3348,1275.167779198448,0.6889026057052158,1250
3349,1275.167779198448,0.6889026057052158,1250
3350,1277.0298886043738,0.690607062986728,1252
3351,1277.0298886043738,0.690607062986728,1252
3352,1277.9610592985575,0.6914578578670277,1253
3353,1275.167779198448,0.6889026057052158,1250
3354,1275.167779198448,0.6889026057052158,1250
3355,1275.167779198448,0.6889026057052158,1250
3356,1275.167779198448,0.6889026057052158,1250
3357,1275.167779198448,0.6889026057052158,1250
3358,1275.167779198448,0.6889026057052158,1250
3359,1275.167779198448,0.6889026057052158,1250
3360,1275.167779198448,0.6889026057052158,1250
3361,1275.167779198448,0.6889026057052158,1250
3362,1277.0298886043738,0.690607062986728,1252
3363,1277.0298886043738,0.690607062986728,1252
3364,1277.0298886043738,0.690607062986728,1252
3365,1277.0298886043738,0.690607062986728,1252
3366,1277.0298886043738,0.690607062986728,1252
3367,1277.0298886043738,0.690607062986728,1252
3368,1277.0298886043738,0.690607062986728,1252
3369,1277.0298886043738,0.690607062986728,1252
3370,1277.0298886043738,0.690607062986728,1252
3371,1277.0298886043738,0.690607062986728,1252
3372,1277.0298886043738,0.690607062986728,1252
3373,1277.0298886043738,0.690607062986728,1252
3374,1277.0298886043738,0.690607062986728,1252
3375,1277.0298886043738,0.690607062986728,1252
3376,1277.0298886043738,0.690607062986728,1252
3377,1277.0298886043738,0.690607062986728,1252
3378,1277.0298886043738,0.690607062986728,1252
3379,1277.0298886043738,0.690607062986728,1252
3380,1277.0298886043738,0.690607062986728,1252
3381,1277.0298886043738,0.690607062986728,1252
3382,1277.0298886043738,0.690607062986728,1252
3383,1277.0298886043738,0.690607062986728,1252
3384,1277.0298886043738,0.690607062986728,1252
3385,1277.0298886043738,0.690607062986728,1252
3386,1277.0298886043738,0.690607062986728,1252
3387,1277.0298886043738,0.690607062986728,1252
3388,1277.0298886043738,0.690607062986728,1252
3389,1277.0298886043738,0.690607062986728,1252
3390,1277.0298886043738,0.690607062986728,1252
3391,1275.167779198448,0.6889026057052158,1250
3392,1275.167779198448,0.6889026057052158,1250
3393,1275.167779198448,0.6889026057052158,1250
3394,1275.167779198448,0.6889026057052158,1250
3395,1275.167779198448,0.6889026057052158,1250
3396,1280.2351947314387,0.6880692863851816,1255
3397,1280.2351947314387,0.6880692863851816,1255
3398,1280.2351947314387,0.6880692863851816,1255
3399,1280.2351947314387,0.6880692863851816,1255
3400,1280.2351947314387,0.6880692863851816,1255
3401,1280.2351947314387,0.6880692863851816,1255
3402,1280.2351947314387,0.6880692863851816,1255
3403,1280.2351947314387,0.6880692863851816,1255
3404,1284.8923076923077,0.6923076923076923,1260
3405,1284.8923076923077,0.6923076923076923,1260
3406,1284.8923076923077,0.6923076923076923,1260
3407,1284.8923076923077,0.6923076923076923,1260
3408,1284.8923076923077,0.6923076923076923,1260
3409,1284.8923076923077,0.6923076923076923,1260
3410,1284.8923076923077,0.6923076923076923,1260
3411,1284.8923076923077,0.6923076923076923,1260
3412,1284.8923076923077,0.6923076923076923,1260
3413,1284.8923076923077,0.6923076923076923,1260
3414,1284.8923076923077,0.6923076923076923,1260
3415,1284.8923076923077,0.6923076923076923,1260
3416,1284.8923076923077,0.6923076923076923,1260
3417,1284.8923076923077,0.6923076923076923,1260
3418,1284.8923076923077,0.6923076923076923,1260
3419,1284.8923076923077,0.6923076923076923,1260
3420,1284.8923076923077,0.6923076923076923,1260
3421,1284.8923076923077,0.6923076923076923,1260
3422,1284.8923076923077,0.6923076923076923,1260
3423,1284.8923076923077,0.6923076923076923,1260
3424,1284.8923076923077,0.6923076923076923,1260
3425,1284.8923076923077,0.6923076923076923,1260
3426,1284.8923076923077,0.6923076923076923,1260
3427,1284.8923076923077,0.6923076923076923,1260
3428,1284.8923076923077,0.6923076923076923,1260
3429,1284.8923076923077,0.6923076923076923,1260
3430,1284.8923076923077,0.6923076923076923,1260
3431,1284.8923076923077,0.6923076923076923,1260
3432,1284.8923076923077,0.6923076923076923,1260
3433,1284.8923076923077,0.6923076923076923,1260
3434,1284.8923076923077,0.6923076923076923,1260
3435,1284.8923076923077,0.6923076923076923,1260
3436,1284.8923076923077,0.6923076923076923,1260
3437,1284.8923076923077,0.6923076923076923,1260
3438,1284.8923076923077,0.6923076923076923,1260
3439,1284.8923076923077,0.6923076923076923,1260
3440,1284.8923076923077,0.6923076923076923,1260
3441,1284.8923076923077,0.6923076923076923,1260
3442,1284.8923076923077,0.6923076923076923,1260
3443,1284.8923076923077,0.6923076923076923,1260
3444,1287.9332358841853,0.6918017814068587,1263
3445,1287.9332358841853,0.6918017814068587,1263
3446,1287.9332358841853,0.6918017814068587,1263
3447,1287.9332358841853,0.6918017814068587,1263
3448,1287.9332358841853,0.6918017814068587,1263
3449,1287.9332358841853,0.6918017814068587,1263
3450,1287.9332358841853,0.6918017814068587,1263
3451,1287.9332358841853,0.6918017814068587,1263
3452,1293.5252050473187,0.6968454258675079,1269
3453,1293.5252050473187,0.6968454258675079,1269
3454,1293.5252050473187,0.6968454258675079,1269
3455,1293.5252050473187,0.6968454258675079,1269
3456,1278.3140448358688,0.6994555644515612,1254
3457,1278.3140448358688,0.6994555644515612,1254
3458,1278.3140448358688,0.6994555644515612,1254
3459,1278.3140448358688,0.6994555644515612,1254
3460,1278.3140448358688,0.6994555644515612,1254
3461,1278.3140448358688,0.6994555644515612,1254
3462,1277.2997780352487,0.699631915509904,1253
3463,1277.2997780352487,0.699631915509904,1253
3464,1277.2997780352487,0.699631915509904,1253
3465,1277.2997780352487,0.699631915509904,1253
3466,1277.2997780352487,0.699631915509904,1253
3467,1277.2997780352487,0.699631915509904,1253
3468,1277.2997780352487,0.699631915509904,1253
3469,1277.2997780352487,0.699631915509904,1253
3470,1277.2997780352487,0.699631915509904,1253
3471,1277.2997780352487,0.699631915509904,1253
3472,1277.2997780352487,0.699631915509904,1253
3473,1277.2997780352487,0.699631915509904,1253
3474,1277.2997780352487,0.699631915509904,1253
3475,1277.2997780352487,0.699631915509904,1253
3476,1277.2997780352487,0.699631915509904,1253
3477,1277.2997780352487,0.699631915509904,1253
3478,1277.2997780352487,0.699631915509904,1253
3479,1277.2997780352487,0.699631915509904,1253
3480,1277.2997780352487,0.699631915509904,1253
3481,1277.2997780352487,0.699631915509904,1253
3482,1277.2997780352487,0.699631915509904,1253
3483,1277.2997780352487,0.699631915509904,1253
3484,1277.2997780352487,0.699631915509904,1253
3485,1277.2997780352487,0.699631915509904,1253
3486,1277.2997780352487,0.699631915509904,1253
3487,1277.2997780352487,0.699631915509904,1253
3488,1277.2997780352487,0.699631915509904,1253
3489,1277.2997780352487,0.699631915509904,1253
3490,1277.2997780352487,0.699631915509904,1253
3491,1277.2997780352487,0.699631915509904,1253
3492,1277.2997780352487,0.699631915509904,1253
3493,1277.2997780352487,0.699631915509904,1253
3494,1277.2997780352487,0.699631915509904,1253
3495,1277.2997780352487,0.699631915509904,1253
3496,1277.2997780352487,0.699631915509904,1253
3497,1277.2997780352487,0.699631915509904,1253
3498,1277.2997780352487,0.699631915509904,1253
3499,1277.2997780352487,0.699631915509904,1253
3500,1277.2997780352487,0.699631915509904,1253
3501,1277.2997780352487,0.699631915509904,1253
3502,1277.2997780352487,0.699631915509904,1253
3503,1277.2997780352487,0.699631915509904,1253
3504,1277.2997780352487,0.699631915509904,1253
3505,1277.2997780352487,0.699631915509904,1253
3506,1277.2997780352487,0.699631915509904,1253
3507,1277.2997780352487,0.699631915509904,1253
3508,1277.2997780352487,0.699631915509904,1253
3509,1277.2997780352487,0.699631915509904,1253
3510,1277.2997780352487,0.699631915509904,1253
3511,1277.2997780352487,0.699631915509904,1253
3512,1277.2997780352487,0.699631915509904,1253
3513,1277.2997780352487,0.699631915509904,1253
3514,1277.2997780352487,0.699631915509904,1253
3515,1277.2997780352487,0.699631915509904,1253
3516,1277.2997780352487,0.699631915509904,1253
3517,1277.2997780352487,0.699631915509904,1253
3518,1277.2997780352487,0.699631915509904,1253
3519,1323.8498845193992,0.7299149008726923,1302
3520,1316.7388433445983,0.7312874741087976,1295
3521,1316.7388433445983,0.7312874741087976,1295
3522,1316.7388433445983,0.7312874741087976,1295
3523,1315.966020980311,0.7284793451135854,1294
3524,1315.966020980311,0.7284793451135854,1294
3525,1315.966020980311,0.7284793451135854,1294
3526,1315.966020980311,0.7284793451135854,1294
3527,1315.966020980311,0.7284793451135854,1294
3528,1315.966020980311,0.7284793451135854,1294
3529,1315.966020980311,0.7284793451135854,1294
3530,1315.966020980311,0.7284793451135854,1294
3531,1315.966020980311,0.7284793451135854,1294
3532,1315.966020980311,0.7284793451135854,1294
3533,1315.966020980311,0.7284793451135854,1294
3534,1315.966020980311,0.7284793451135854,1294
3535,1315.966020980311,0.7284793451135854,1294
3536,1315.966020980311,0.7284793451135854,1294
3537,1315.966020980311,0.7284793451135854,1294
3538,1315.966020980311,0.7284793451135854,1294
3539,1315.966020980311,0.7284793451135854,1294
3540,1315.966020980311,0.7284793451135854,1294
3541,1315.966020980311,0.7284793451135854,1294
3542,1315.966020980311,0.7284793451135854,1294
3543,1315.966020980311,0.7284793451135854,1294
3544,1315.966020980311,0.7284793451135854,1294
3545,1315.966020980311,0.7284793451135854,1294
3546,1315.966020980311,0.7284793451135854,1294
3547,1315.966020980311,0.7284793451135854,1294
3548,1315.966020980311,0.7284793451135854,1294
3549,1315.966020980311,0.7284793451135854,1294
3550,1315.966020980311,0.7284793451135854,1294
3551,1315.966020980311,0.7284793451135854,1294
3552,1315.966020980311,0.7284793451135854,1294
3553,1315.966020980311,0.7284793451135854,1294
3554,1315.966020980311,0.7284793451135854,1294
3555,1315.966020980311,0.7284793451135854,1294
3556,1315.966020980311,0.7284793451135854,1294
3557,1315.966020980311,0.7284793451135854,1294
3558,1344.39819282293,0.7231372951430151,1322
3559,1341.3527934438887,0.7236984741175697,1319
3560,1341.3527934438887,0.7236984741175697,1319
3561,1340.3376128881703,0.7238861200473389,1318
3562,1340.3376128881703,0.7238861200473389,1318
3563,1341.3527934438887,0.7236984741175697,1319
3564,1341.3527934438887,0.7236984741175697,1319
3565,1341.3527934438887,0.7236984741175697,1319
3566,1341.3527934438887,0.7236984741175697,1319
3567,1338.3071803278688,0.7242622950819673,1316
3568,1338.3071803278688,0.7242622950819673,1316
3569,1338.3071803278688,0.7242622950819673,1316
3570,1338.3071803278688,0.7242622950819673,1316
3571,1338.3071803278688,0.7242622950819673,1316
3572,1333.23067975544,0.7252079140242281,1311
3573,1333.23067975544,0.7252079140242281,1311
3574,1333.23067975544,0.7252079140242281,1311
3575,1333.23067975544,0.7252079140242281,1311
3576,1333.23067975544,0.7252079140242281,1311
3577,1333.23067975544,0.7252079140242281,1311
3578,1333.23067975544,0.7252079140242281,1311
3579,1333.23067975544,0.7252079140242281,1311
3580,1333.23067975544,0.7252079140242281,1311
3581,1333.23067975544,0.7252079140242281,1311
3582,1333.23067975544,0.7252079140242281,1311
3583,1333.23067975544,0.7252079140242281,1311
3584,1333.23067975544,0.7252079140242281,1311
3585,1333.23067975544,0.7252079140242281,1311
3586,1333.23067975544,0.7252079140242281,1311
3587,1333.23067975544,0.7252079140242281,1311
3588,1333.23067975544,0.7252079140242281,1311
3589,1333.23067975544,0.7252079140242281,1311
3590,1333.23067975544,0.7252079140242281,1311
3591,1333.23067975544,0.7252079140242281,1311
3592,1333.23067975544,0.7252079140242281,1311
3593,1333.23067975544,0.7252079140242281,1311
3594,1333.23067975544,0.7252079140242281,1311
3595,1333.23067975544,0.7252079140242281,1311
3596,1333.23067975544,0.7252079140242281,1311
3597,1333.23067975544,0.7252079140242281,1311
3598,1339.322408533149,0.7240740601588507,1317
3599,1339.322408533149,0.7240740601588507,1317
3600,1339.322408533149,0.7240740601588507,1317
3601,1339.322408533149,0.7240740601588507,1317
3602,1339.322408533149,0.7240740601588507,1317
3603,1337.3382128522069,0.686795885634032,1312
3604,1337.3382128522069,0.686795885634032,1312
3605,1337.3382128522069,0.686795885634032,1312
3606,1337.3382128522069,0.686795885634032,1312
3607,1337.3382128522069,0.686795885634032,1312
3608,1337.3382128522069,0.686795885634032,1312
3609,1337.3382128522069,0.686795885634032,1312
3610,1337.3382128522069,0.686795885634032,1312
3611,1337.3382128522069,0.686795885634032,1312
3612,1337.3382128522069,0.686795885634032,1312
3613,1337.3382128522069,0.686795885634032,1312
3614,1337.3382128522069,0.686795885634032,1312
3615,1337.3382128522069,0.686795885634032,1312
3616,1337.3382128522069,0.686795885634032,1312
3617,1337.3382128522069,0.686795885634032,1312
3618,1337.3382128522069,0.686795885634032,1312
3619,1337.3382128522069,0.686795885634032,1312
3620,1337.3382128522069,0.686795885634032,1312
3621,1337.3382128522069,0.686795885634032,1312
3622,1337.3382128522069,0.686795885634032,1312
3623,1337.3382128522069,0.686795885634032,1312
3624,1337.3382128522069,0.686795885634032,1312
3625,1337.3382128522069,0.686795885634032,1312
3626,1337.3382128522069,0.686795885634032,1312
3627,1337.3382128522069,0.686795885634032,1312
3628,1337.3382128522069,0.686795885634032,1312
3629,1337.3382128522069,0.686795885634032,1312
3630,1337.3382128522069,0.686795885634032,1312
3631,1337.3382128522069,0.686795885634032,1312
3632,1337.3382128522069,0.686795885634032,1312
3633,1337.3382128522069,0.686795885634032,1312
3634,1337.3382128522069,0.686795885634032,1312
3635,1337.3382128522069,0.686795885634032,1312
3636,1337.3382128522069,0.686795885634032,1312
3637,1337.3382128522069,0.686795885634032,1312
3638,1337.3382128522069,0.686795885634032,1312
3639,1337.3382128522069,0.686795885634032,1312
3640,1337.3382128522069,0.686795885634032,1312
3641,1337.3382128522069,0.686795885634032,1312
3642,1337.3382128522069,0.686795885634032,1312
3643,1337.3382128522069,0.686795885634032,1312
3644,1337.3382128522069,0.686795885634032,1312
3645,1337.3382128522069,0.686795885634032,1312
3646,1337.3382128522069,0.686795885634032,1312
3647,1337.3382128522069,0.686795885634032,1312
3648,1337.3382128522069,0.686795885634032,1312
3649,1337.3382128522069,0.686795885634032,1312
3650,1337.3382128522069,0.686795885634032,1312
3651,1337.3382128522069,0.686795885634032,1312
3652,1337.3382128522069,0.686795885634032,1312
3653,1337.3382128522069,0.686795885634032,1312
3654,1318.0920926760793,0.6898381622239882,1293
3655,1318.0920926760793,0.6898381622239882,1293
3656,1318.0920926760793,0.6898381622239882,1293
3657,1318.0920926760793,0.6898381622239882,1293
3658,1318.0920926760793,0.6898381622239882,1293
3659,1318.0920926760793,0.6898381622239882,1293
3660,1318.0920926760793,0.6898381622239882,1293
3661,1318.0920926760793,0.6898381622239882,1293
3662,1318.0920926760793,0.6898381622239882,1293
3663,1318.0920926760793,0.6898381622239882,1293
3664,1318.0920926760793,0.6898381622239882,1293
3665,1318.0920926760793,0.6898381622239882,1293
3666,1318.0920926760793,0.6898381622239882,1293
3667,1318.0920926760793,0.6898381622239882,1293
3668,1318.0920926760793,0.6898381622239882,1293
3669,1318.0920926760793,0.6898381622239882,1293
3670,1318.0920926760793,0.6898381622239882,1293
3671,1318.0920926760793,0.6898381622239882,1293
3672,1318.0920926760793,0.6898381622239882,1293
3673,1318.0920926760793,0.6898381622239882,1293
3674,1318.0920926760793,0.6898381622239882,1293
3675,1318.0920926760793,0.6898381622239882,1293
3676,1318.0920926760793,0.6898381622239882,1293
3677,1318.0920926760793,0.6898381622239882,1293
3678,1318.0920926760793,0.6898381622239882,1293
3679,1318.0920926760793,0.6898381622239882,1293
3680,1318.0920926760793,0.6898381622239882,1293
3681,1318.0920926760793,0.6898381622239882,1293
3682,1321.131462301089,0.689351516673808,1296
3683,1321.131462301089,0.689351516673808,1296
3684,1321.131462301089,0.689351516673808,1296
3685,1321.131462301089,0.689351516673808,1296
3686,1321.131462301089,0.689351516673808,1296
3687,1321.131462301089,0.689351516673808,1296
3688,1344.4904726021994,0.7096356909493279,1321
3689,1352.6034918299015,0.7082386671211179,1329
3690,1352.6034918299015,0.7082386671211179,1329
3691,1352.6034918299015,0.7082386671211179,1329
3692,1352.6034918299015,0.7082386671211179,1329
3693,1352.6034918299015,0.7082386671211179,1329
3694,1352.6034918299015,0.7082386671211179,1329
3695,1339.5117888407256,0.6970112627846028,1315
3696,1339.5117888407256,0.6970112627846028,1315
3697,1339.5117888407256,0.6970112627846028,1315
3698,1339.5117888407256,0.6970112627846028,1315
3699,1339.5117888407256,0.6970112627846028,1315
3700,1339.5117888407256,0.6970112627846028,1315
3701,1339.5117888407256,0.6970112627846028,1315
3702,1339.5117888407256,0.6970112627846028,1315
3703,1339.5117888407256,0.6970112627846028,1315
3704,1339.5117888407256,0.6970112627846028,1315
3705,1339.5117888407256,0.6970112627846028,1315
3706,1339.5117888407256,0.6970112627846028,1315
3707,1339.5117888407256,0.6970112627846028,1315
3708,1339.5117888407256,0.6970112627846028,1315
3709,1339.5117888407256,0.6970112627846028,1315
3710,1339.5117888407256,0.6970112627846028,1315
3711,1319.1052373695354,0.6896756814643349,1294
3712,1319.1052373695354,0.6896756814643349,1294
3713,1319.1052373695354,0.6896756814643349,1294
3714,1319.1052373695354,0.6896756814643349,1294
3715,1318.0920926760793,0.6898381622239882,1293
3716,1318.0920926760793,0.6898381622239882,1293
3717,1318.0920926760793,0.6898381622239882,1293
3718,1318.0920926760793,0.6898381622239882,1293
3719,1318.0920926760793,0.6898381622239882,1293
3720,1318.0920926760793,0.6898381622239882,1293
3721,1318.0920926760793,0.6898381622239882,1293
3722,1318.0920926760793,0.6898381622239882,1293
3723,1318.0920926760793,0.6898381622239882,1293
3724,1318.0920926760793,0.6898381622239882,1293
3725,1318.0920926760793,0.6898381622239882,1293
3726,1318.0920926760793,0.6898381622239882,1293
3727,1318.0920926760793,0.6898381622239882,1293
3728,1318.0920926760793,0.6898381622239882,1293
3729,1318.0920926760793,0.6898381622239882,1293
3730,1318.0920926760793,0.6898381622239882,1293
3731,1318.0920926760793,0.6898381622239882,1293
3732,1318.0920926760793,0.6898381622239882,1293
3733,1318.0920926760793,0.6898381622239882,1293
3734,1318.0920926760793,0.6898381622239882,1293
3735,1318.0920926760793,0.6898381622239882,1293
3736,1318.0920926760793,0.6898381622239882,1293
3737,1323.1576016240879,0.6890284100854412,1298
3738,1323.1576016240879,0.6890284100854412,1298
3739,1323.1576016240879,0.6890284100854412,1298
3740,1323.1576016240879,0.6890284100854412,1298
3741,1323.1576016240879,0.6890284100854412,1298
3742,1323.1576016240879,0.6890284100854412,1298
3743,1323.1576016240879,0.6890284100854412,1298
3744,1323.1576016240879,0.6890284100854412,1298
3745,1323.1576016240879,0.6890284100854412,1298
3746,1323.1576016240879,0.6890284100854412,1298
3747,1323.1576016240879,0.6890284100854412,1298
3748,1323.1576016240879,0.6890284100854412,1298
3749,1323.1576016240879,0.6890284100854412,1298
3750,1323.1576016240879,0.6890284100854412,1298
3751,1323.1576016240879,0.6890284100854412,1298
3752,1323.1576016240879,0.6890284100854412,1298
3753,1319.1052373695354,0.6896756814643349,1294
3754,1319.1052373695354,0.6896756814643349,1294
3755,1319.1052373695354,0.6896756814643349,1294
3756,1319.1052373695354,0.6896756814643349,1294
3757,1319.1052373695354,0.6896756814643349,1294
3758,1319.1052373695354,0.6896756814643349,1294
3759,1319.1052373695354,0.6896756814643349,1294
3760,1319.1052373695354,0.6896756814643349,1294
3761,1319.1052373695354,0.6896756814643349,1294
3762,1319.1052373695354,0.6896756814643349,1294
3763,1319.1052373695354,0.6896756814643349,1294
3764,1319.1052373695354,0.6896756814643349,1294
3765,1319.1052373695354,0.6896756814643349,1294
3766,1303.905780998117,0.6921411495906408,1279
3767,1303.905780998117,0.6921411495906408,1279
3768,1303.905780998117,0.6921411495906408,1279
3769,1303.905780998117,0.6921411495906408,1279
3770,1303.905780998117,0.6921411495906408,1279
3771,1303.905780998117,0.6921411495906408,1279
3772,1303.905780998117,0.6921411495906408,1279
3773,1303.905780998117,0.6921411495906408,1279
3774,1303.905780998117,0.6921411495906408,1279
3775,1303.905780998117,0.6921411495906408,1279
3776,1303.905780998117,0.6921411495906408,1279
3777,1303.905780998117,0.6921411495906408,1279
3778,1303.905780998117,0.6921411495906408,1279
3779,1303.905780998117,0.6921411495906408,1279
3780,1303.905780998117,0.6921411495906408,1279
3781,1303.905780998117,0.6921411495906408,1279
3782,1303.905780998117,0.6921411495906408,1279
3783,1303.905780998117,0.6921411495906408,1279
3784,1303.905780998117,0.6921411495906408,1279
3785,1303.905780998117,0.6921411495906408,1279
3786,1303.905780998117,0.6921411495906408,1279
3787,1303.905780998117,0.6921411495906408,1279
3788,1303.905780998117,0.6921411495906408,1279
3789,1303.905780998117,0.6921411495906408,1279
3790,1303.905780998117,0.6921411495906408,1279
3791,1303.905780998117,0.6921411495906408,1279
3792,1303.905780998117,0.6921411495906408,1279
3793,1303.905780998117,0.6921411495906408,1279
3794,1303.905780998117,0.6921411495906408,1279
3795,1303.905780998117,0.6921411495906408,1279
3796,1303.905780998117,0.6921411495906408,1279
3797,1303.905780998117,0.6921411495906408,1279
3798,1303.905780998117,0.6921411495906408,1279
3799,1303.905780998117,0.6921411495906408,1279
3800,1303.905780998117,0.6921411495906408,1279
3801,1303.905780998117,0.6921411495906408,1279
3802,1303.905780998117,0.6921411495906408,1279
3803,1303.905780998117,0.6921411495906408,1279
3804,1303.905780998117,0.6921411495906408,1279
3805,1303.905780998117,0.6921411495906408,1279
3806,1303.905780998117,0.6921411495906408,1279
3807,1303.905780998117,0.6921411495906408,1279
3808,1303.905780998117,0.6921411495906408,1279
3809,1303.905780998117,0.6921411495906408,1279
3810,1303.905780998117,0.6921411495906408,1279
3811,1303.905780998117,0.6921411495906408,1279
3812,1303.905780998117,0.6921411495906408,1279
3813,1303.905780998117,0.6921411495906408,1279
3814,1303.905780998117,0.6921411495906408,1279
3815,1303.905780998117,0.6921411495906408,1279
3816,1303.905780998117,0.6921411495906408,1279
3817,1303.905780998117,0.6921411495906408,1279
3818,1303.905780998117,0.6921411495906408,1279
3819,1303.905780998117,0.6921411495906408,1279
3820,1303.905780998117,0.6921411495906408,1279
3821,1303.905780998117,0.6921411495906408,1279
3822,1303.905780998117,0.6921411495906408,1279
3823,1303.905780998117,0.6921411495906408,1279
3824,1303.905780998117,0.6921411495906408,1279
3825,1303.905780998117,0.6921411495906408,1279
3826,1303.905780998117,0.6921411495906408,1279
3827,1303.905780998117,0.6921411495906408,1279
3828,1303.905780998117,0.6921411495906408,1279
3829,1303.905780998117,0.6921411495906408,1279
3830,1303.905780998117,0.6921411495906408,1279
3831,1303.905780998117,0.6921411495906408,1279
3832,1303.905780998117,0.6921411495906408,1279
3833,1303.905780998117,0.6921411495906408,1279
3834,1303.905780998117,0.6921411495906408,1279
3835,1303.905780998117,0.6921411495906408,1279
3836,1303.905780998117,0.6921411495906408,1279
3837,1303.905780998117,0.6921411495906408,1279
3838,1303.905780998117,0.6921411495906408,1279
3839,1303.905780998117,0.6921411495906408,1279
3840,1303.905780998117,0.6921411495906408,1279
3841,1303.905780998117,0.6921411495906408,1279
3842,1303.905780998117,0.6921411495906408,1279
3843,1303.905780998117,0.6921411495906408,1279
3844,1303.905780998117,0.6921411495906408,1279
3845,1303.905780998117,0.6921411495906408,1279
3846,1303.905780998117,0.6921411495906408,1279
3847,1303.905780998117,0.6921411495906408,1279
3848,1303.905780998117,0.6921411495906408,1279
3849,1303.905780998117,0.6921411495906408,1279
3850,1303.905780998117,0.6921411495906408,1279
3851,1303.905780998117,0.6921411495906408,1279
3852,1303.905780998117,0.6921411495906408,1279
3853,1303.905780998117,0.6921411495906408,1279
3854,1303.905780998117,0.6921411495906408,1279
3855,1303.905780998117,0.6921411495906408,1279
3856,1303.905780998117,0.6921411495906408,1279
3857,1303.905780998117,0.6921411495906408,1279
3858,1303.905780998117,0.6921411495906408,1279
3859,1303.905780998117,0.6921411495906408,1279
3860,1303.905780998117,0.6921411495906408,1279
3861,1303.905780998117,0.6921411495906408,1279
3862,1303.905780998117,0.6921411495906408,1279
3863,1303.905780998117,0.6921411495906408,1279
3864,1303.905780998117,0.6921411495906408,1279
3865,1303.905780998117,0.6921411495906408,1279
3866,1303.905780998117,0.6921411495906408,1279
3867,1303.905780998117,0.6921411495906408,1279
3868,1303.905780998117,0.6921411495906408,1279
3869,1303.905780998117,0.6921411495906408,1279
3870,1303.905780998117,0.6921411495906408,1279
3871,1303.905780998117,0.6921411495906408,1279
3872,1303.905780998117,0.6921411495906408,1279
3873,1303.905780998117,0.6921411495906408,1279
3874,1303.905780998117,0.6921411495906408,1279
3875,1303.905780998117,0.6921411495906408,1279
3876,1303.905780998117,0.6921411495906408,1279
3877,1303.905780998117,0.6921411495906408,1279
3878,1303.905780998117,0.6921411495906408,1279
3879,1303.905780998117,0.6921411495906408,1279
3880,1303.905780998117,0.6921411495906408,1279
3881,1303.905780998117,0.6921411495906408,1279
3882,1303.905780998117,0.6921411495906408,1279
3883,1303.905780998117,0.6921411495906408,1279
3884,1303.905780998117,0.6921411495906408,1279
3885,1303.905780998117,0.6921411495906408,1279
3886,1303.905780998117,0.6921411495906408,1279
3887,1303.905780998117,0.6921411495906408,1279
3888,1303.905780998117,0.6921411495906408,1279
3889,1303.905780998117,0.6921411495906408,1279
3890,1303.905780998117,0.6921411495906408,1279
3891,1303.905780998117,0.6921411495906408,1279
3892,1303.905780998117,0.6921411495906408,1279
3893,1303.905780998117,0.6921411495906408,1279
3894,1303.905780998117,0.6921411495906408,1279
3895,1303.905780998117,0.6921411495906408,1279
3896,1303.905780998117,0.6921411495906408,1279
3897,1303.905780998117,0.6921411495906408,1279
3898,1303.905780998117,0.6921411495906408,1279
3899,1303.905780998117,0.6921411495906408,1279
3900,1303.905780998117,0.6921411495906408,1279
3901,1303.905780998117,0.6921411495906408,1279
3902,1303.905780998117,0.6921411495906408,1279
3903,1303.905780998117,0.6921411495906408,1279
3904,1303.905780998117,0.6921411495906408,1279
3905,1303.905780998117,0.6921411495906408,1279
3906,1303.905780998117,0.6921411495906408,1279
3907,1303.905780998117,0.6921411495906408,1279
3908,1303.905780998117,0.6921411495906408,1279
3909,1303.905780998117,0.6921411495906408,1279
3910,1303.905780998117,0.6921411495906408,1279
3911,1303.905780998117,0.6921411495906408,1279
3912,1303.905780998117,0.6921411495906408,1279
3913,1303.905780998117,0.6921411495906408,1279
3914,1303.905780998117,0.6921411495906408,1279
3915,1303.905780998117,0.6921411495906408,1279
3916,1303.905780998117,0.6921411495906408,1279
3917,1303.905780998117,0.6921411495906408,1279
3918,1303.905780998117,0.6921411495906408,1279
3919,1303.905780998117,0.6921411495906408,1279
3920,1303.905780998117,0.6921411495906408,1279
3921,1303.905780998117,0.6921411495906408,1279
3922,1303.905780998117,0.6921411495906408,1279
3923,1303.905780998117,0.6921411495906408,1279
3924,1303.905780998117,0.6921411495906408,1279
3925,1303.905780998117,0.6921411495906408,1279
3926,1303.905780998117,0.6921411495906408,1279
3927,1303.905780998117,0.6921411495906408,1279
3928,1303.905780998117,0.6921411495906408,1279
3929,1303.905780998117,0.6921411495906408,1279
3930,1303.905780998117,0.6921411495906408,1279
3931,1303.905780998117,0.6921411495906408,1279
3932,1303.905780998117,0.6921411495906408,1279
3933,1303.905780998117,0.6921411495906408,1279
3934,1303.905780998117,0.6921411495906408,1279
3935,1303.905780998117,0.6921411495906408,1279
3936,1303.905780998117,0.6921411495906408,1279
3937,1303.905780998117,0.6921411495906408,1279
3938,1303.905780998117,0.6921411495906408,1279
3939,1303.905780998117,0.6921411495906408,1279
3940,1303.905780998117,0.6921411495906408,1279
3941,1303.905780998117,0.6921411495906408,1279
3942,1303.905780998117,0.6921411495906408,1279
3943,1303.905780998117,0.6921411495906408,1279
3944,1303.905780998117,0.6921411495906408,1279
3945,1303.905780998117,0.6921411495906408,1279
3946,1303.905780998117,0.6921411495906408,1279
3947,1303.905780998117,0.6921411495906408,1279
3948,1303.905780998117,0.6921411495906408,1279
3949,1303.905780998117,0.6921411495906408,1279
3950,1303.905780998117,0.6921411495906408,1279
3951,1303.905780998117,0.6921411495906408,1279
3952,1303.905780998117,0.6921411495906408,1279
3953,1303.905780998117,0.6921411495906408,1279
3954,1303.905780998117,0.6921411495906408,1279
3955,1303.905780998117,0.6921411495906408,1279
3956,1303.905780998117,0.6921411495906408,1279
3957,1303.905780998117,0.6921411495906408,1279
3958,1303.905780998117,0.6921411495906408,1279
3959,1303.905780998117,0.6921411495906408,1279
3960,1303.905780998117,0.6921411495906408,1279
3961,1303.905780998117,0.6921411495906408,1279
3962,1303.905780998117,0.6921411495906408,1279
3963,1303.905780998117,0.6921411495906408,1279
3964,1303.905780998117,0.6921411495906408,1279
3965,1303.905780998117,0.6921411495906408,1279
3966,1303.905780998117,0.6921411495906408,1279
3967,1303.905780998117,0.6921411495906408,1279
3968,1303.905780998117,0.6921411495906408,1279
3969,1303.905780998117,0.6921411495906408,1279
3970,1303.905780998117,0.6921411495906408,1279
3971,1303.905780998117,0.6921411495906408,1279
3972,1303.905780998117,0.6921411495906408,1279
3973,1303.905780998117,0.6921411495906408,1279
3974,1303.905780998117,0.6921411495906408,1279
3975,1303.905780998117,0.6921411495906408,1279
3976,1303.905780998117,0.6921411495906408,1279
3977,1303.905780998117,0.6921411495906408,1279
3978,1303.905780998117,0.6921411495906408,1279
3979,1303.905780998117,0.6921411495906408,1279
3980,1303.905780998117,0.6921411495906408,1279
3981,1303.905780998117,0.6921411495906408,1279
3982,1303.905780998117,0.6921411495906408,1279
3983,1303.905780998117,0.6921411495906408,1279
3984,1303.905780998117,0.6921411495906408,1279
3985,1303.905780998117,0.6921411495906408,1279
3986,1303.905780998117,0.6921411495906408,1279
3987,1303.905780998117,0.6921411495906408,1279
3988,1303.905780998117,0.6921411495906408,1279
3989,1303.905780998117,0.6921411495906408,1279
3990,1303.905780998117,0.6921411495906408,1279
3991,1303.905780998117,0.6921411495906408,1279
3992,1303.905780998117,0.6921411495906408,1279
3993,1303.905780998117,0.6921411495906408,1279
3994,1303.905780998117,0.6921411495906408,1279
3995,1303.905780998117,0.6921411495906408,1279
3996,1303.905780998117,0.6921411495906408,1279
3997,1303.905780998117,0.6921411495906408,1279
3998,1303.905780998117,0.6921411495906408,1279
3999,1303.905780998117,0.6921411495906408,1279
4000,1303.905780998117,0.6921411495906408,1279
4001,1303.905780998117,0.6921411495906408,1279
4002,1303.905780998117,0.6921411495906408,1279
4003,1303.905780998117,0.6921411495906408,1279
4004,1303.905780998117,0.6921411495906408,1279
4005,1303.905780998117,0.6921411495906408,1279
4006,1303.905780998117,0.6921411495906408,1279
4007,1303.905780998117,0.6921411495906408,1279
4008,1303.905780998117,0.6921411495906408,1279
4009,1303.905780998117,0.6921411495906408,1279
4010,1303.905780998117,0.6921411495906408,1279
4011,1303.905780998117,0.6921411495906408,1279
4012,1303.905780998117,0.6921411495906408,1279
4013,1303.905780998117,0.6921411495906408,1279
4014,1303.905780998117,0.6921411495906408,1279
4015,1303.905780998117,0.6921411495906408,1279
4016,1303.905780998117,0.6921411495906408,1279
4017,1303.905780998117,0.6921411495906408,1279
4018,1303.905780998117,0.6921411495906408,1279
4019,1303.905780998117,0.6921411495906408,1279
4020,1303.905780998117,0.6921411495906408,1279
4021,1303.905780998117,0.6921411495906408,1279
4022,1303.905780998117,0.6921411495906408,1279
4023,1303.905780998117,0.6921411495906408,1279
4024,1303.905780998117,0.6921411495906408,1279
4025,1303.905780998117,0.6921411495906408,1279
4026,1303.905780998117,0.6921411495906408,1279
4027,1303.905780998117,0.6921411495906408,1279
4028,1303.905780998117,0.6921411495906408,1279
4029,1303.905780998117,0.6921411495906408,1279
4030,1303.905780998117,0.6921411495906408,1279
4031,1303.905780998117,0.6921411495906408,1279
4032,1303.905780998117,0.6921411495906408,1279
4033,1303.905780998117,0.6921411495906408,1279
4034,1303.905780998117,0.6921411495906408,1279
4035,1303.905780998117,0.6921411495906408,1279
4036,1310.3553539701081,0.6989449447452636,1286
4037,1310.3553539701081,0.6989449447452636,1286
4038,1310.3553539701081,0.6989449447452636,1286
4039,1310.3553539701081,0.6989449447452636,1286
4040,1310.3553539701081,0.6989449447452636,1286
4041,1310.3553539701081,0.6989449447452636,1286
4042,1310.3553539701081,0.6989449447452636,1286
4043,1310.3553539701081,0.6989449447452636,1286
4044,1310.3553539701081,0.6989449447452636,1286
4045,1310.3553539701081,0.6989449447452636,1286
4046,1310.3553539701081,0.6989449447452636,1286
4047,1310.3553539701081,0.6989449447452636,1286
4048,1310.3553539701081,0.6989449447452636,1286
4049,1310.3553539701081,0.6989449447452636,1286
4050,1310.3553539701081,0.6989449447452636,1286
4051,1310.3553539701081,0.6989449447452636,1286
4052,1310.3553539701081,0.6989449447452636,1286
4053,1310.3553539701081,0.6989449447452636,1286
4054,1310.3553539701081,0.6989449447452636,1286
4055,1310.3553539701081,0.6989449447452636,1286
4056,1310.3553539701081,0.6989449447452636,1286
4057,1310.3553539701081,0.6989449447452636,1286
4058,1310.3553539701081,0.6989449447452636,1286
4059,1310.3553539701081,0.6989449447452636,1286
4060,1310.3553539701081,0.6989449447452636,1286
4061,1310.3553539701081,0.6989449447452636,1286
4062,1310.3553539701081,0.6989449447452636,1286
4063,1310.3553539701081,0.6989449447452636,1286
4064,1310.3553539701081,0.6989449447452636,1286
4065,1310.3553539701081,0.6989449447452636,1286
4066,1310.3553539701081,0.6989449447452636,1286
4067,1310.3553539701081,0.6989449447452636,1286
4068,1310.3553539701081,0.6989449447452636,1286
4069,1310.3553539701081,0.6989449447452636,1286
4070,1330.9045615675864,0.7168781017603668,1308
4071,1351.4936277969198,0.7343185686412885,1330
4072,1351.4936277969198,0.7343185686412885,1330
4073,1351.4936277969198,0.7343185686412885,1330
4074,1351.4936277969198,0.7343185686412885,1330
4075,1351.4936277969198,0.7343185686412885,1330
4076,1351.4936277969198,0.7343185686412885,1330
4077,1351.4936277969198,0.7343185686412885,1330
4078,1351.4936277969198,0.7343185686412885,1330
4079,1351.4936277969198,0.7343185686412885,1330
4080,1351.4936277969198,0.7343185686412885,1330
4081,1351.4936277969198,0.7343185686412885,1330
4082,1351.4936277969198,0.7343185686412885,1330
4083,1351.4936277969198,0.7343185686412885,1330
4084,1351.4936277969198,0.7343185686412885,1330
4085,1351.4936277969198,0.7343185686412885,1330
4086,1351.4936277969198,0.7343185686412885,1330
4087,1351.4936277969198,0.7343185686412885,1330
4088,1351.4936277969198,0.7343185686412885,1330
4089,1351.4936277969198,0.7343185686412885,1330
4090,1351.4936277969198,0.7343185686412885,1330
4091,1351.4936277969198,0.7343185686412885,1330
4092,1351.4936277969198,0.7343185686412885,1330
4093,1351.4936277969198,0.7343185686412885,1330
4094,1351.4936277969198,0.7343185686412885,1330
4095,1351.4936277969198,0.7343185686412885,1330
4096,1332.7746116809712,0.7184844044379317,1310
4097,1332.7746116809712,0.7184844044379317,1310
4098,1332.7746116809712,0.7184844044379317,1310
4099,1332.7746116809712,0.7184844044379317,1310
4100,1332.7746116809712,0.7184844044379317,1310
4101,1328.71470888369,0.7192248592868962,1306
4102,1328.71470888369,0.7192248592868962,1306
4103,1328.71470888369,0.7192248592868962,1306
4104,1328.71470888369,0.7192248592868962,1306
4105,1328.71470888369,0.7192248592868962,1306
4106,1328.71470888369,0.7192248592868962,1306
4107,1328.71470888369,0.7192248592868962,1306
4108,1328.71470888369,0.7192248592868962,1306
4109,1328.71470888369,0.7192248592868962,1306
4110,1328.71470888369,0.7192248592868962,1306
4111,1328.71470888369,0.7192248592868962,1306
4112,1328.71470888369,0.7192248592868962,1306
4113,1326.8449959063785,0.7176143892907484,1304
4114,1326.8449959063785,0.7176143892907484,1304
4115,1326.8449959063785,0.7176143892907484,1304
4116,1326.8449959063785,0.7176143892907484,1304
4117,1326.8449959063785,0.7176143892907484,1304
4118,1326.8449959063785,0.7176143892907484,1304
4119,1326.8449959063785,0.7176143892907484,1304
4120,1326.8449959063785,0.7176143892907484,1304
4121,1326.8449959063785,0.7176143892907484,1304
4122,1326.8449959063785,0.7176143892907484,1304
4123,1326.8449959063785,0.7176143892907484,1304
4124,1326.8449959063785,0.7176143892907484,1304
4125,1326.8449959063785,0.7176143892907484,1304
4126,1326.8449959063785,0.7176143892907484,1304
4127,1326.8449959063785,0.7176143892907484,1304
4128,1326.8449959063785,0.7176143892907484,1304
4129,1326.8449959063785,0.7176143892907484,1304
4130,1326.8449959063785,0.7176143892907484,1304
4131,1326.8449959063785,0.7176143892907484,1304
4132,1326.8449959063785,0.7176143892907484,1304
4133,1326.8449959063785,0.7176143892907484,1304
4134,1320.7549325383893,0.718727657127451,1298
4135,1320.7549325383893,0.718727657127451,1298
4136,1320.7549325383893,0.718727657127451,1298
4137,1320.7549325383893,0.718727657127451,1298
4138,1320.7549325383893,0.718727657127451,1298
4139,1320.7549325383893,0.718727657127451,1298
4140,1320.7549325383893,0.718727657127451,1298
4141,1320.7549325383893,0.718727657127451,1298
4142,1320.7549325383893,0.718727657127451,1298
4143,1320.7549325383893,0.718727657127451,1298
4144,1320.7549325383893,0.718727657127451,1298
4145,1320.7549325383893,0.718727657127451,1298
4146,1320.7549325383893,0.718727657127451,1298
4147,1320.7549325383893,0.718727657127451,1298
4148,1320.7549325383893,0.718727657127451,1298
4149,1320.7549325383893,0.718727657127451,1298
4150,1320.7549325383893,0.718727657127451,1298
4151,1320.7549325383893,0.718727657127451,1298
4152,1320.7549325383893,0.718727657127451,1298
4153,1320.7549325383893,0.718727657127451,1298
4154,1320.7549325383893,0.718727657127451,1298
4155,1320.7549325383893,0.718727657127451,1298
4156,1320.7549325383893,0.718727657127451,1298
4157,1320.7549325383893,0.718727657127451,1298
4158,1320.7549325383893,0.718727657127451,1298
4159,1320.7549325383893,0.718727657127451,1298
4160,1320.7549325383893,0.718727657127451,1298
4161,1320.7549325383893,0.718727657127451,1298
4162,1320.7549325383893,0.718727657127451,1298
4163,1324.4936831471662,0.7219569450288492,1302
4164,1324.4936831471662,0.7219569450288492,1302
4165,1324.4936831471662,0.7219569450288492,1302
4166,1324.4936831471662,0.7219569450288492,1302
4167,1324.4936831471662,0.7219569450288492,1302
4168,1324.4936831471662,0.7219569450288492,1302
4169,1324.4936831471662,0.7219569450288492,1302
4170,1324.4936831471662,0.7219569450288492,1302
4171,1324.4936831471662,0.7219569450288492,1302
4172,1324.4936831471662,0.7219569450288492,1302
4173,1324.4936831471662,0.7219569450288492,1302
4174,1324.4936831471662,0.7219569450288492,1302
4175,1324.4936831471662,0.7219569450288492,1302
4176,1324.4936831471662,0.7219569450288492,1302
4177,1324.4936831471662,0.7219569450288492,1302
4178,1319.820456704527,0.7179177168785299,1297
4179,1319.820456704527,0.7179177168785299,1297
4180,1318.8860651384248,0.7171067350009307,1296
4181,1318.8860651384248,0.7171067350009307,1296
4182,1318.8860651384248,0.7171067350009307,1296
4183,1318.8860651384248,0.7171067350009307,1296
4184,1318.8860651384248,0.7171067350009307,1296
4185,1318.8860651384248,0.7171067350009307,1296
4186,1318.8860651384248,0.7171067350009307,1296
4187,1318.8860651384248,0.7171067350009307,1296
4188,1318.8860651384248,0.7171067350009307,1296
4189,1318.8860651384248,0.7171067350009307,1296
4190,1318.8860651384248,0.7171067350009307,1296
4191,1318.8860651384248,0.7171067350009307,1296
4192,1318.8860651384248,0.7171067350009307,1296
4193,1318.8860651384248,0.7171067350009307,1296
4194,1318.8860651384248,0.7171067350009307,1296
4195,1318.8860651384248,0.7171067350009307,1296
4196,1318.8860651384248,0.7171067350009307,1296
4197,1318.8860651384248,0.7171067350009307,1296
4198,1318.8860651384248,0.7171067350009307,1296
4199,1318.8860651384248,0.7171067350009307,1296
4200,1318.8860651384248,0.7171067350009307,1296
4201,1318.8860651384248,0.7171067350009307,1296
4202,1318.8860651384248,0.7171067350009307,1296
4203,1318.8860651384248,0.7171067350009307,1296
4204,1318.8860651384248,0.7171067350009307,1296
4205,1318.8860651384248,0.7171067350009307,1296
4206,1318.8860651384248,0.7171067350009307,1296
4207,1318.8860651384248,0.7171067350009307,1296
4208,1321.6894928707334,0.7195365528957556,1299
4209,1321.6894928707334,0.7195365528957556,1299
4210,1321.6894928707334,0.7195365528957556,1299
4211,1321.6894928707334,0.7195365528957556,1299
4212,1321.6894928707334,0.7195365528957556,1299
4213,1321.6894928707334,0.7195365528957556,1299
4214,1321.6894928707334,0.7195365528957556,1299
4215,1321.6894928707334,0.7195365528957556,1299
4216,1321.6894928707334,0.7195365528957556,1299
4217,1321.6894928707334,0.7195365528957556,1299
4218,1321.6894928707334,0.7195365528957556,1299
4219,1321.6894928707334,0.7195365528957556,1299
4220,1321.6894928707334,0.7195365528957556,1299
4221,1321.6894928707334,0.7195365528957556,1299
4222,1321.6894928707334,0.7195365528957556,1299
4223,1321.6894928707334,0.7195365528957556,1299
4224,1321.6894928707334,0.7195365528957556,1299
4225,1321.6894928707334,0.7195365528957556,1299
4226,1321.6894928707334,0.7195365528957556,1299
4227,1321.6894928707334,0.7195365528957556,1299
4228,1321.6894928707334,0.7195365528957556,1299
4229,1321.6894928707334,0.7195365528957556,1299
4230,1321.6894928707334,0.7195365528957556,1299
4231,1321.6894928707334,0.7195365528957556,1299
4232,1321.6894928707334,0.7195365528957556,1299
4233,1321.6894928707334,0.7195365528957556,1299
4234,1321.6894928707334,0.7195365528957556,1299
4235,1321.6894928707334,0.7195365528957556,1299
4236,1321.6894928707334,0.7195365528957556,1299
4237,1321.6894928707334,0.7195365528957556,1299
4238,1321.6894928707334,0.7195365528957556,1299
4239,1321.6894928707334,0.7195365528957556,1299
4240,1321.6894928707334,0.7195365528957556,1299
4241,1321.6894928707334,0.7195365528957556,1299
4242,1321.6894928707334,0.7195365528957556,1299
4243,1321.6894928707334,0.7195365528957556,1299
4244,1321.6894928707334,0.7195365528957556,1299
4245,1321.6894928707334,0.7195365528957556,1299
4246,1344.1857227923863,0.7010417454587591,1320
4247,1344.1857227923863,0.7010417454587591,1320
4248,1344.1857227923863,0.7010417454587591,1320
4249,1344.1857227923863,0.7010417454587591,1320
4250,1344.1857227923863,0.7010417454587591,1320
4251,1344.1857227923863,0.7010417454587591,1320
4252,1344.1857227923863,0.7010417454587591,1320
4253,1344.1857227923863,0.7010417454587591,1320
4254,1344.1857227923863,0.7010417454587591,1320
4255,1344.1857227923863,0.7010417454587591,1320
4256,1344.1857227923863,0.7010417454587591,1320
4257,1344.1857227923863,0.7010417454587591,1320
4258,1344.1857227923863,0.7010417454587591,1320
4259,1344.1857227923863,0.7010417454587591,1320
4260,1344.1857227923863,0.7010417454587591,1320
4261,1344.1857227923863,0.7010417454587591,1320
4262,1344.1857227923863,0.7010417454587591,1320
4263,1344.1857227923863,0.7010417454587591,1320
4264,1344.1857227923863,0.7010417454587591,1320
4265,1344.1857227923863,0.7010417454587591,1320
4266,1344.1857227923863,0.7010417454587591,1320
4267,1344.1857227923863,0.7010417454587591,1320
4268,1344.1857227923863,0.7010417454587591,1320
4269,1344.1857227923863,0.7010417454587591,1320
4270,1344.1857227923863,0.7010417454587591,1320
4271,1344.1857227923863,0.7010417454587591,1320
4272,1344.1857227923863,0.7010417454587591,1320
4273,1344.1857227923863,0.7010417454587591,1320
4274,1344.1857227923863,0.7010417454587591,1320
4275,1344.1857227923863,0.7010417454587591,1320
4276,1344.1857227923863,0.7010417454587591,1320
4277,1344.1857227923863,0.7010417454587591,1320
4278,1344.1857227923863,0.7010417454587591,1320
4279,1344.1857227923863,0.7010417454587591,1320
4280,1344.1857227923863,0.7010417454587591,1320
4281,1344.1857227923863,0.7010417454587591,1320
4282,1344.1857227923863,0.7010417454587591,1320
4283,1344.1857227923863,0.7010417454587591,1320
4284,1344.1857227923863,0.7010417454587591,1320
4285,1344.1857227923863,0.7010417454587591,1320
4286,1344.1857227923863,0.7010417454587591,1320
4287,1344.1857227923863,0.7010417454587591,1320
4288,1344.1857227923863,0.7010417454587591,1320
4289,1344.1857227923863,0.7010417454587591,1320
4290,1344.1857227923863,0.7010417454587591,1320
4291,1344.1857227923863,0.7010417454587591,1320
4292,1344.1857227923863,0.7010417454587591,1320
4293,1344.1857227923863,0.7010417454587591,1320
4294,1344.1857227923863,0.7010417454587591,1320
4295,1344.1857227923863,0.7010417454587591,1320
4296,1344.1857227923863,0.7010417454587591,1320
4297,1344.1857227923863,0.7010417454587591,1320
4298,1344.1857227923863,0.7010417454587591,1320
4299,1344.1857227923863,0.7010417454587591,1320
4300,1344.1857227923863,0.7010417454587591,1320
4301,1344.1857227923863,0.7010417454587591,1320
4302,1344.1857227923863,0.7010417454587591,1320
4303,1344.1857227923863,0.7010417454587591,1320
4304,1344.1857227923863,0.7010417454587591,1320
4305,1344.1857227923863,0.7010417454587591,1320
4306,1344.1857227923863,0.7010417454587591,1320
4307,1344.1857227923863,0.7010417454587591,1320
4308,1344.1857227923863,0.7010417454587591,1320
4309,1344.1857227923863,0.7010417454587591,1320
4310,1344.1857227923863,0.7010417454587591,1320
4311,1344.1857227923863,0.7010417454587591,1320
4312,1344.1857227923863,0.7010417454587591,1320
4313,1344.1857227923863,0.7010417454587591,1320
4314,1344.1857227923863,0.7010417454587591,1320
4315,1344.1857227923863,0.7010417454587591,1320
4316,1339.0225640254532,0.7154194805259183,1316
4317,1339.0225640254532,0.7154194805259183,1316
4318,1339.0225640254532,0.7154194805259183,1316
4319,1339.0225640254532,0.7154194805259183,1316
4320,1339.0225640254532,0.7154194805259183,1316
4321,1339.0225640254532,0.7154194805259183,1316
4322,1339.0225640254532,0.7154194805259183,1316
4323,1339.0225640254532,0.7154194805259183,1316
4324,1339.0225640254532,0.7154194805259183,1316
4325,1339.0225640254532,0.7154194805259183,1316
4326,1339.0225640254532,0.7154194805259183,1316
4327,1339.0225640254532,0.7154194805259183,1316
4328,1339.0225640254532,0.7154194805259183,1316
4329,1339.0225640254532,0.7154194805259183,1316
4330,1339.0225640254532,0.7154194805259183,1316
4331,1339.0225640254532,0.7154194805259183,1316
4332,1339.0225640254532,0.7154194805259183,1316
4333,1339.0225640254532,0.7154194805259183,1316
4334,1339.0225640254532,0.7154194805259183,1316
4335,1339.0225640254532,0.7154194805259183,1316
4336,1339.0225640254532,0.7154194805259183,1316
4337,1339.0225640254532,0.7154194805259183,1316
4338,1339.0225640254532,0.7154194805259183,1316
4339,1339.0225640254532,0.7154194805259183,1316
4340,1321.2665660567372,0.7000424467646826,1297
4341,1321.2665660567372,0.7000424467646826,1297
4342,1321.2665660567372,0.7000424467646826,1297
4343,1321.2665660567372,0.7000424467646826,1297
4344,1321.2665660567372,0.7000424467646826,1297
4345,1321.2665660567372,0.7000424467646826,1297
4346,1321.2665660567372,0.7000424467646826,1297
4347,1321.2665660567372,0.7000424467646826,1297
4348,1321.2665660567372,0.7000424467646826,1297
4349,1321.2665660567372,0.7000424467646826,1297
4350,1321.2665660567372,0.7000424467646826,1297
4351,1321.2665660567372,0.7000424467646826,1297
4352,1321.2665660567372,0.7000424467646826,1297
4353,1321.2665660567372,0.7000424467646826,1297
4354,1321.2665660567372,0.7000424467646826,1297
4355,1321.2665660567372,0.7000424467646826,1297
4356,1321.2665660567372,0.7000424467646826,1297
4357,1321.2665660567372,0.7000424467646826,1297
4358,1321.2665660567372,0.7000424467646826,1297
4359,1321.2665660567372,0.7000424467646826,1297
4360,1321.2665660567372,0.7000424467646826,1297
4361,1321.2665660567372,0.7000424467646826,1297
4362,1321.2665660567372,0.7000424467646826,1297
4363,1321.2665660567372,0.7000424467646826,1297
4364,1321.2665660567372,0.7000424467646826,1297
4365,1321.2665660567372,0.7000424467646826,1297
4366,1321.2665660567372,0.7000424467646826,1297
4367,1321.2665660567372,0.7000424467646826,1297
4368,1321.2665660567372,0.7000424467646826,1297
4369,1321.2665660567372,0.7000424467646826,1297
4370,1321.2665660567372,0.7000424467646826,1297
4371,1321.2665660567372,0.7000424467646826,1297
4372,1321.2665660567372,0.7000424467646826,1297
4373,1321.2665660567372,0.7000424467646826,1297
4374,1321.2665660567372,0.7000424467646826,1297
4375,1321.2665660567372,0.7000424467646826,1297
4376,1321.2665660567372,0.7000424467646826,1297
4377,1321.2665660567372,0.7000424467646826,1297
4378,1321.2665660567372,0.7000424467646826,1297
4379,1321.2665660567372,0.7000424467646826,1297
4380,1321.2665660567372,0.7000424467646826,1297
4381,1321.2665660567372,0.7000424467646826,1297
4382,1321.2665660567372,0.7000424467646826,1297
4383,1321.2665660567372,0.7000424467646826,1297
4384,1321.2665660567372,0.7000424467646826,1297
4385,1321.2665660567372,0.7000424467646826,1297
4386,1321.2665660567372,0.7000424467646826,1297
4387,1321.2665660567372,0.7000424467646826,1297
4388,1321.2665660567372,0.7000424467646826,1297
4389,1321.2665660567372,0.7000424467646826,1297
4390,1354.7107972910574,0.6945513313837156,1330
4391,1354.7107972910574,0.6945513313837156,1330
4392,1354.7107972910574,0.6945513313837156,1330
4393,1354.7107972910574,0.6945513313837156,1330
4394,1354.7107972910574,0.6945513313837156,1330
4395,1354.7107972910574,0.6945513313837156,1330
4396,1348.6317650867816,0.6955282436738995,1324
4397,1348.6317650867816,0.6955282436738995,1324
4398,1348.6317650867816,0.6955282436738995,1324
4399,1348.6317650867816,0.6955282436738995,1324
4400,1348.6317650867816,0.6955282436738995,1324
4401,1348.6317650867816,0.6955282436738995,1324
4402,1348.6317650867816,0.6955282436738995,1324
4403,1348.6317650867816,0.6955282436738995,1324
4404,1348.6317650867816,0.6955282436738995,1324
4405,1348.6317650867816,0.6955282436738995,1324
4406,1348.6317650867816,0.6955282436738995,1324
4407,1348.6317650867816,0.6955282436738995,1324
4408,1348.6317650867816,0.6955282436738995,1324
4409,1348.6317650867816,0.6955282436738995,1324
4410,1348.6317650867816,0.6955282436738995,1324
4411,1348.6317650867816,0.6955282436738995,1324
4412,1348.6317650867816,0.6955282436738995,1324
4413,1348.6317650867816,0.6955282436738995,1324
4414,1348.6317650867816,0.6955282436738995,1324
4415,1384.123032747002,0.7141775927441026,1361
4416,1381.311251341357,0.7118510340994186,1358
4417,1381.311251341357,0.7118510340994186,1358
4418,1381.311251341357,0.7118510340994186,1358
4419,1381.311251341357,0.7118510340994186,1358
4420,1381.311251341357,0.7118510340994186,1358
4421,1381.311251341357,0.7118510340994186,1358
4422,1381.311251341357,0.7118510340994186,1358
4423,1381.311251341357,0.7118510340994186,1358
4424,1381.311251341357,0.7118510340994186,1358
4425,1381.311251341357,0.7118510340994186,1358
4426,1381.311251341357,0.7118510340994186,1358
4427,1381.311251341357,0.7118510340994186,1358
4428,1381.311251341357,0.7118510340994186,1358
4429,1381.311251341357,0.7118510340994186,1358
4430,1381.311251341357,0.7118510340994186,1358
4431,1381.311251341357,0.7118510340994186,1358
4432,1381.311251341357,0.7118510340994186,1358
4433,1381.311251341357,0.7118510340994186,1358
4434,1381.311251341357,0.7118510340994186,1358
4435,1381.311251341357,0.7118510340994186,1358
4436,1381.311251341357,0.7118510340994186,1358
4437,1381.311251341357,0.7118510340994186,1358
4438,1381.311251341357,0.7118510340994186,1358
4439,1381.311251341357,0.7118510340994186,1358
4440,1381.311251341357,0.7118510340994186,1358
4441,1381.311251341357,0.7118510340994186,1358
4442,1381.311251341357,0.7118510340994186,1358
4443,1381.311251341357,0.7118510340994186,1358
4444,1381.311251341357,0.7118510340994186,1358
4445,1384.3530747193752,0.7113340578569207,1361
4446,1384.3530747193752,0.7113340578569207,1361
4447,1384.3530747193752,0.7113340578569207,1361
4448,1384.3530747193752,0.7113340578569207,1361
4449,1384.3530747193752,0.7113340578569207,1361
4450,1384.3530747193752,0.7113340578569207,1361
4451,1384.3530747193752,0.7113340578569207,1361
4452,1384.3530747193752,0.7113340578569207,1361
4453,1384.3530747193752,0.7113340578569207,1361
4454,1384.3530747193752,0.7113340578569207,1361
4455,1384.3530747193752,0.7113340578569207,1361
4456,1384.3530747193752,0.7113340578569207,1361
4457,1384.3530747193752,0.7113340578569207,1361
4458,1384.3530747193752,0.7113340578569207,1361
4459,1384.3530747193752,0.7113340578569207,1361
4460,1384.3530747193752,0.7113340578569207,1361
4461,1384.3530747193752,0.7113340578569207,1361
4462,1384.3530747193752,0.7113340578569207,1361
4463,1384.3530747193752,0.7113340578569207,1361
4464,1384.3530747193752,0.7113340578569207,1361
4465,1384.3530747193752,0.7113340578569207,1361
4466,1384.3530747193752,0.7113340578569207,1361
4467,1384.3530747193752,0.7113340578569207,1361
4468,1384.3530747193752,0.7113340578569207,1361
4469,1384.3530747193752,0.7113340578569207,1361
4470,1384.3530747193752,0.7113340578569207,1361
4471,1384.3530747193752,0.7113340578569207,1361
4472,1384.3530747193752,0.7113340578569207,1361
4473,1384.3530747193752,0.7113340578569207,1361
4474,1386.3808501949918,0.7109907268851443,1363
4475,1386.3808501949918,0.7109907268851443,1363
4476,1386.3808501949918,0.7109907268851443,1363
4477,1386.3808501949918,0.7109907268851443,1363
4478,1386.3808501949918,0.7109907268851443,1363
4479,1386.3808501949918,0.7109907268851443,1363
4480,1386.3808501949918,0.7109907268851443,1363
4481,1386.3808501949918,0.7109907268851443,1363
4482,1386.3808501949918,0.7109907268851443,1363
4483,1386.3808501949918,0.7109907268851443,1363
4484,1386.3808501949918,0.7109907268851443,1363
4485,1396.5184597990044,0.709289742904766,1373
4486,1396.5184597990044,0.709289742904766,1373
4487,1396.5184597990044,0.709289742904766,1373
4488,1396.5184597990044,0.709289742904766,1373
4489,1396.5184597990044,0.709289742904766,1373
4490,1396.5184597990044,0.709289742904766,1373
4491,1396.5184597990044,0.709289742904766,1373
4492,1396.5184597990044,0.709289742904766,1373
4493,1396.5184597990044,0.709289742904766,1373
4494,1396.5184597990044,0.709289742904766,1373
4495,1396.5184597990044,0.709289742904766,1373
4496,1396.5184597990044,0.709289742904766,1373
4497,1396.5184597990044,0.709289742904766,1373
4498,1396.5184597990044,0.709289742904766,1373
4499,1396.5184597990044,0.709289742904766,1373
4500,1396.5184597990044,0.709289742904766,1373
4501,1396.5184597990044,0.709289742904766,1373
4502,1396.5184597990044,0.709289742904766,1373
4503,1396.5184597990044,0.709289742904766,1373
4504,1396.5184597990044,0.709289742904766,1373
4505,1396.5184597990044,0.709289742904766,1373
4506,1396.5184597990044,0.709289742904766,1373
4507,1396.5184597990044,0.709289742904766,1373
4508,1396.5184597990044,0.709289742904766,1373
4509,1396.5184597990044,0.709289742904766,1373
4510,1396.5184597990044,0.709289742904766,1373
4511,1396.5184597990044,0.709289742904766,1373
4512,1396.5184597990044,0.709289742904766,1373
4513,1396.5184597990044,0.709289742904766,1373
4514,1396.5184597990044,0.709289742904766,1373
4515,1396.5184597990044,0.709289742904766,1373
4516,1396.5184597990044,0.709289742904766,1373
4517,1396.5184597990044,0.709289742904766,1373
4518,1396.5184597990044,0.709289742904766,1373
4519,1396.5184597990044,0.709289742904766,1373
4520,1396.5184597990044,0.709289742904766,1373
4521,1396.5184597990044,0.709289742904766,1373
4522,1396.5184597990044,0.709289742904766,1373
4523,1396.5184597990044,0.709289742904766,1373
4524,1396.5184597990044,0.709289742904766,1373
4525,1399.3320198199606,0.7115943161933168,1376
4526,1399.3320198199606,0.7115943161933168,1376
4527,1399.3320198199606,0.7115943161933168,1376
4528,1399.3320198199606,0.7115943161933168,1376
4529,1399.3320198199606,0.7115943161933168,1376
4530,1399.3320198199606,0.7115943161933168,1376
4531,1399.3320198199606,0.7115943161933168,1376
4532,1399.3320198199606,0.7115943161933168,1376
4533,1399.3320198199606,0.7115943161933168,1376
4534,1399.3320198199606,0.7115943161933168,1376
4535,1399.3320198199606,0.7115943161933168,1376
4536,1399.3320198199606,0.7115943161933168,1376
4537,1399.3320198199606,0.7115943161933168,1376
4538,1399.3320198199606,0.7115943161933168,1376
4539,1399.3320198199606,0.7115943161933168,1376
4540,1399.3320198199606,0.7115943161933168,1376
4541,1399.3320198199606,0.7115943161933168,1376
4542,1399.3320198199606,0.7115943161933168,1376
4543,1399.3320198199606,0.7115943161933168,1376
4544,1399.3320198199606,0.7115943161933168,1376
4545,1399.3320198199606,0.7115943161933168,1376
4546,1399.3320198199606,0.7115943161933168,1376
4547,1399.3320198199606,0.7115943161933168,1376
4548,1399.3320198199606,0.7115943161933168,1376
4549,1399.3320198199606,0.7115943161933168,1376
4550,1399.3320198199606,0.7115943161933168,1376
4551,1399.3320198199606,0.7115943161933168,1376
4552,1399.3320198199606,0.7115943161933168,1376
4553,1399.3320198199606,0.7115943161933168,1376
4554,1399.3320198199606,0.7115943161933168,1376
4555,1399.3320198199606,0.7115943161933168,1376
4556,1399.3320198199606,0.7115943161933168,1376
4557,1399.3320198199606,0.7115943161933168,1376
4558,1399.3320198199606,0.7115943161933168,1376
4559,1399.3320198199606,0.7115943161933168,1376
4560,1399.3320198199606,0.7115943161933168,1376
4561,1399.3320198199606,0.7115943161933168,1376
4562,1399.3320198199606,0.7115943161933168,1376
4563,1399.3320198199606,0.7115943161933168,1376
4564,1379.0522993833881,0.7150519235675131,1356
4565,1379.0522993833881,0.7150519235675131,1356
4566,1379.0522993833881,0.7150519235675131,1356
4567,1379.0522993833881,0.7150519235675131,1356
4568,1379.0522993833881,0.7150519235675131,1356
4569,1379.0522993833881,0.7150519235675131,1356
4570,1379.0522993833881,0.7150519235675131,1356
4571,1379.0522993833881,0.7150519235675131,1356
4572,1379.0522993833881,0.7150519235675131,1356
4573,1379.0522993833881,0.7150519235675131,1356
4574,1379.0522993833881,0.7150519235675131,1356
4575,1379.0522993833881,0.7150519235675131,1356
4576,1379.0522993833881,0.7150519235675131,1356
4577,1379.0522993833881,0.7150519235675131,1356
4578,1379.0522993833881,0.7150519235675131,1356
4579,1379.0522993833881,0.7150519235675131,1356
4580,1379.0522993833881,0.7150519235675131,1356
4581,1379.0522993833881,0.7150519235675131,1356
4582,1379.0522993833881,0.7150519235675131,1356
4583,1379.0522993833881,0.7150519235675131,1356
4584,1379.0522993833881,0.7150519235675131,1356
4585,1379.0522993833881,0.7150519235675131,1356
4586,1379.0522993833881,0.7150519235675131,1356
4587,1379.0522993833881,0.7150519235675131,1356
4588,1379.0522993833881,0.7150519235675131,1356
4589,1379.0522993833881,0.7150519235675131,1356
4590,1379.0522993833881,0.7150519235675131,1356
4591,1379.0522993833881,0.7150519235675131,1356
4592,1379.0522993833881,0.7150519235675131,1356
4593,1379.0522993833881,0.7150519235675131,1356
4594,1379.0522993833881,0.7150519235675131,1356
4595,1379.0522993833881,0.7150519235675131,1356
4596,1379.0522993833881,0.7150519235675131,1356
4597,1379.0522993833881,0.7150519235675131,1356
4598,1379.0522993833881,0.7150519235675131,1356
4599,1379.0522993833881,0.7150519235675131,1356
4600,1379.0522993833881,0.7150519235675131,1356
4601,1379.0522993833881,0.7150519235675131,1356
4602,1379.0522993833881,0.7150519235675131,1356
4603,1379.0522993833881,0.7150519235675131,1356
4604,1379.0522993833881,0.7150519235675131,1356
4605,1379.0522993833881,0.7150519235675131,1356
4606,1379.0522993833881,0.7150519235675131,1356
4607,1379.0522993833881,0.7150519235675131,1356
4608,1379.0522993833881,0.7150519235675131,1356
4609,1357.749199419226,0.71879852386618,1335
4610,1357.749199419226,0.71879852386618,1335
4611,1357.749199419226,0.71879852386618,1335
4612,1357.749199419226,0.71879852386618,1335
4613,1357.749199419226,0.71879852386618,1335
4614,1357.749199419226,0.71879852386618,1335
4615,1357.749199419226,0.71879852386618,1335
4616,1357.749199419226,0.71879852386618,1335
4617,1357.749199419226,0.71879852386618,1335
4618,1357.749199419226,0.71879852386618,1335
4619,1357.749199419226,0.71879852386618,1335
4620,1357.749199419226,0.71879852386618,1335
4621,1357.749199419226,0.71879852386618,1335
4622,1357.749199419226,0.71879852386618,1335
4623,1357.749199419226,0.71879852386618,1335
4624,1357.749199419226,0.71879852386618,1335
4625,1357.749199419226,0.71879852386618,1335
4626,1357.749199419226,0.71879852386618,1335
4627,1357.749199419226,0.71879852386618,1335
4628,1357.749199419226,0.71879852386618,1335
4629,1357.749199419226,0.71879852386618,1335
4630,1357.749199419226,0.71879852386618,1335
4631,1357.749199419226,0.71879852386618,1335
4632,1357.749199419226,0.71879852386618,1335
4633,1357.749199419226,0.71879852386618,1335
4634,1357.749199419226,0.71879852386618,1335
4635,1357.749199419226,0.71879852386618,1335
4636,1357.749199419226,0.71879852386618,1335
4637,1357.749199419226,0.71879852386618,1335
4638,1357.749199419226,0.71879852386618,1335
4639,1357.749199419226,0.71879852386618,1335
4640,1357.749199419226,0.71879852386618,1335
4641,1370.9379899440426,0.7164648956237027,1348
4642,1370.9379899440426,0.7164648956237027,1348
4643,1390.2072014419293,0.7131371886040869,1367
4644,1390.2072014419293,0.7131371886040869,1367
4645,1383.1089293990422,0.7143519233740151,1360
4646,1380.297267322399,0.7120238897107668,1357
4647,1380.297267322399,0.7120238897107668,1357
4648,1380.297267322399,0.7120238897107668,1357
4649,1380.297267322399,0.7120238897107668,1357
4650,1393.9048952812873,0.6921520978827284,1369
4651,1393.9048952812873,0.6921520978827284,1369
4652,1393.9048952812873,0.6921520978827284,1369
4653,1393.9048952812873,0.6921520978827284,1369
4654,1378.714016486597,0.6945115391026321,1354
4655,1378.714016486597,0.6945115391026321,1354
4656,1378.714016486597,0.6945115391026321,1354
4657,1378.714016486597,0.6945115391026321,1354
4658,1381.7525491001602,0.694035239800245,1357
4659,1381.7525491001602,0.694035239800245,1357
4660,1381.7525491001602,0.694035239800245,1357
4661,1381.7525491001602,0.694035239800245,1357
4662,1381.7525491001602,0.694035239800245,1357
4663,1381.7525491001602,0.694035239800245,1357
4664,1381.7525491001602,0.694035239800245,1357
4665,1382.7653533340758,0.6938769674403484,1358
4666,1346.2915073429317,0.6997341490366906,1322
4667,1346.2915073429317,0.6997341490366906,1322
4668,1346.2915073429317,0.6997341490366906,1322
4669,1346.2915073429317,0.6997341490366906,1322
4670,1346.2915073429317,0.6997341490366906,1322
4671,1346.2915073429317,0.6997341490366906,1322
4672,1346.2915073429317,0.6997341490366906,1322
4673,1346.2915073429317,0.6997341490366906,1322
4674,1346.2915073429317,0.6997341490366906,1322
4675,1346.2915073429317,0.6997341490366906,1322
4676,1346.2915073429317,0.6997341490366906,1322
4677,1346.2915073429317,0.6997341490366906,1322
4678,1346.2915073429317,0.6997341490366906,1322
4679,1346.2915073429317,0.6997341490366906,1322
4680,1346.2915073429317,0.6997341490366906,1322
4681,1346.2915073429317,0.6997341490366906,1322
4682,1346.2915073429317,0.6997341490366906,1322
4683,1346.2915073429317,0.6997341490366906,1322
4684,1346.2915073429317,0.6997341490366906,1322
4685,1346.2915073429317,0.6997341490366906,1322
4686,1346.2915073429317,0.6997341490366906,1322
4687,1346.2915073429317,0.6997341490366906,1322
4688,1346.2915073429317,0.6997341490366906,1322
4689,1346.2915073429317,0.6997341490366906,1322
4690,1346.2915073429317,0.6997341490366906,1322
4691,1346.2915073429317,0.6997341490366906,1322
4692,1346.2915073429317,0.6997341490366906,1322
4693,1346.2915073429317,0.6997341490366906,1322
4694,1346.2915073429317,0.6997341490366906,1322
4695,1346.2915073429317,0.6997341490366906,1322
4696,1346.2915073429317,0.6997341490366906,1322
4697,1346.2915073429317,0.6997341490366906,1322
4698,1346.2915073429317,0.6997341490366906,1322
4699,1346.2915073429317,0.6997341490366906,1322
4700,1350.3454970944379,0.6990667849884064,1326
4701,1350.3454970944379,0.6990667849884064,1326
4702,1350.3454970944379,0.6990667849884064,1326
4703,1350.3454970944379,0.6990667849884064,1326
4704,1350.3454970944379,0.6990667849884064,1326
4705,1350.3454970944379,0.6990667849884064,1326
4706,1350.3454970944379,0.6990667849884064,1326
4707,1350.3454970944379,0.6990667849884064,1326
4708,1350.3454970944379,0.6990667849884064,1326
4709,1350.3454970944379,0.6990667849884064,1326
4710,1350.3454970944379,0.6990667849884064,1326
4711,1350.3454970944379,0.6990667849884064,1326
4712,1350.3454970944379,0.6990667849884064,1326
4713,1350.3454970944379,0.6990667849884064,1326
4714,1350.3454970944379,0.6990667849884064,1326
4715,1350.3454970944379,0.6990667849884064,1326
4716,1350.3454970944379,0.6990667849884064,1326
4717,1350.3454970944379,0.6990667849884064,1326
4718,1350.3454970944379,0.6990667849884064,1326
4719,1350.3454970944379,0.6990667849884064,1326
4720,1350.3454970944379,0.6990667849884064,1326
4721,1388.8417621119122,0.6929324831654847,1364
4722,1388.8417621119122,0.6929324831654847,1364
4723,1388.8417621119122,0.6929324831654847,1364
4724,1388.8417621119122,0.6929324831654847,1364
4725,1388.8417621119122,0.6929324831654847,1364
4726,1388.8417621119122,0.6929324831654847,1364
4727,1388.8417621119122,0.6929324831654847,1364
4728,1388.8417621119122,0.6929324831654847,1364
4729,1388.8417621119122,0.6929324831654847,1364
4730,1388.8417621119122,0.6929324831654847,1364
4731,1388.8417621119122,0.6929324831654847,1364
4732,1388.8417621119122,0.6929324831654847,1364
4733,1388.8417621119122,0.6929324831654847,1364
4734,1388.8417621119122,0.6929324831654847,1364
4735,1388.8417621119122,0.6929324831654847,1364
4736,1383.7781376559278,0.6937189412122646,1359
4737,1383.7781376559278,0.6937189412122646,1359
4738,1383.7781376559278,0.6937189412122646,1359
4739,1383.7781376559278,0.6937189412122646,1359
4740,1383.7781376559278,0.6937189412122646,1359
4741,1383.7781376559278,0.6937189412122646,1359
4742,1383.7781376559278,0.6937189412122646,1359
4743,1383.7781376559278,0.6937189412122646,1359
4744,1383.7781376559278,0.6937189412122646,1359
4745,1383.7781376559278,0.6937189412122646,1359
4746,1383.7781376559278,0.6937189412122646,1359
4747,1383.7781376559278,0.6937189412122646,1359
4748,1383.7781376559278,0.6937189412122646,1359
4749,1383.7781376559278,0.6937189412122646,1359
4750,1383.7781376559278,0.6937189412122646,1359
4751,1383.7781376559278,0.6937189412122646,1359
4752,1383.7781376559278,0.6937189412122646,1359
4753,1383.7781376559278,0.6937189412122646,1359
4754,1383.7781376559278,0.6937189412122646,1359
4755,1383.7781376559278,0.6937189412122646,1359
4756,1383.7781376559278,0.6937189412122646,1359
4757,1383.7781376559278,0.6937189412122646,1359
4758,1383.7781376559278,0.6937189412122646,1359
4759,1383.7781376559278,0.6937189412122646,1359
4760,1383.7781376559278,0.6937189412122646,1359
4761,1383.7781376559278,0.6937189412122646,1359
4762,1383.7781376559278,0.6937189412122646,1359
4763,1383.7781376559278,0.6937189412122646,1359
4764,1387.6239506338209,0.7079857770850331,1364
4765,1387.6239506338209,0.7079857770850331,1364
4766,1378.5001395440145,0.7095161984670639,1355
4767,1378.5001395440145,0.7095161984670639,1355
4768,1378.5001395440145,0.7095161984670639,1355
4769,1378.5001395440145,0.7095161984670639,1355
4770,1378.5001395440145,0.7095161984670639,1355
4771,1378.5001395440145,0.7095161984670639,1355
4772,1378.5001395440145,0.7095161984670639,1355
4773,1378.5001395440145,0.7095161984670639,1355
4774,1378.5001395440145,0.7095161984670639,1355
4775,1374.7530223984284,0.7063903288204155,1351
4776,1374.7530223984284,0.7063903288204155,1351
4777,1374.7530223984284,0.7063903288204155,1351
4778,1374.7530223984284,0.7063903288204155,1351
4779,1374.7530223984284,0.7063903288204155,1351
4780,1374.7530223984284,0.7063903288204155,1351
4781,1374.7530223984284,0.7063903288204155,1351
4782,1374.7530223984284,0.7063903288204155,1351
4783,1374.7530223984284,0.7063903288204155,1351
4784,1374.7530223984284,0.7063903288204155,1351
4785,1374.7530223984284,0.7063903288204155,1351
4786,1374.7530223984284,0.7063903288204155,1351
4787,1374.7530223984284,0.7063903288204155,1351
4788,1374.7530223984284,0.7063903288204155,1351
4789,1374.7530223984284,0.7063903288204155,1351
4790,1374.7530223984284,0.7063903288204155,1351
4791,1374.7530223984284,0.7063903288204155,1351
4792,1374.7530223984284,0.7063903288204155,1351
4793,1374.7530223984284,0.7063903288204155,1351
4794,1375.766700459918,0.7062212551308046,1352
4795,1375.766700459918,0.7062212551308046,1352
4796,1375.766700459918,0.7062212551308046,1352
4797,1375.766700459918,0.7062212551308046,1352
4798,1375.766700459918,0.7062212551308046,1352
4799,1375.766700459918,0.7062212551308046,1352
4800,1375.766700459918,0.7062212551308046,1352
4801,1375.766700459918,0.7062212551308046,1352
4802,1375.766700459918,0.7062212551308046,1352
4803,1375.766700459918,0.7062212551308046,1352
4804,1375.766700459918,0.7062212551308046,1352
4805,1375.766700459918,0.7062212551308046,1352
4806,1375.766700459918,0.7062212551308046,1352
4807,1375.766700459918,0.7062212551308046,1352
4808,1375.766700459918,0.7062212551308046,1352
4809,1375.766700459918,0.7062212551308046,1352
4810,1375.766700459918,0.7062212551308046,1352
4811,1375.766700459918,0.7062212551308046,1352
4812,1375.766700459918,0.7062212551308046,1352
4813,1375.766700459918,0.7062212551308046,1352
4814,1375.766700459918,0.7062212551308046,1352
4815,1375.766700459918,0.7062212551308046,1352
4816,1375.766700459918,0.7062212551308046,1352
4817,1375.766700459918,0.7062212551308046,1352
4818,1375.766700459918,0.7062212551308046,1352
4819,1375.766700459918,0.7062212551308046,1352
4820,1375.766700459918,0.7062212551308046,1352
4821,1375.766700459918,0.7062212551308046,1352
4822,1375.766700459918,0.7062212551308046,1352
4823,1375.766700459918,0.7062212551308046,1352
4824,1375.766700459918,0.7062212551308046,1352
4825,1375.766700459918,0.7062212551308046,1352
4826,1375.766700459918,0.7062212551308046,1352
4827,1375.766700459918,0.7062212551308046,1352
4828,1375.766700459918,0.7062212551308046,1352
4829,1375.766700459918,0.7062212551308046,1352
4830,1394.0093255901086,0.703222180591982,1370
4831,1394.0093255901086,0.703222180591982,1370
4832,1394.0093255901086,0.703222180591982,1370
4833,1394.0093255901086,0.703222180591982,1370
4834,1394.0093255901086,0.703222180591982,1370
4835,1394.0093255901086,0.703222180591982,1370
4836,1394.0093255901086,0.703222180591982,1370
4837,1394.0093255901086,0.703222180591982,1370
4838,1394.0093255901086,0.703222180591982,1370
4839,1394.0093255901086,0.703222180591982,1370
4840,1394.0093255901086,0.703222180591982,1370
4841,1407.1399947518146,0.7139679264299814,1384
4842,1407.1399947518146,0.7139679264299814,1384
4843,1407.1399947518146,0.7139679264299814,1384
4844,1407.1399947518146,0.7139679264299814,1384
4845,1407.1399947518146,0.7139679264299814,1384
4846,1407.1399947518146,0.7139679264299814,1384
4847,1407.1399947518146,0.7139679264299814,1384
4848,1407.1399947518146,0.7139679264299814,1384
4849,1407.1399947518146,0.7139679264299814,1384
4850,1407.1399947518146,0.7139679264299814,1384
4851,1407.1399947518146,0.7139679264299814,1384
4852,1407.1399947518146,0.7139679264299814,1384
4853,1419.3046473974925,0.7119326650495368,1396
4854,1419.3046473974925,0.7119326650495368,1396
4855,1419.3046473974925,0.7119326650495368,1396
4856,1419.3046473974925,0.7119326650495368,1396
4857,1419.3046473974925,0.7119326650495368,1396
4858,1414.236402118936,0.7127762408042526,1391
4859,1414.236402118936,0.7127762408042526,1391
4860,1414.236402118936,0.7127762408042526,1391
4861,1414.236402118936,0.7127762408042526,1391
4862,1414.236402118936,0.7127762408042526,1391
4863,1414.0862969534505,0.7146316816631592,1391
4864,1414.0862969534505,0.7146316816631592,1391
4865,1414.0862969534505,0.7146316816631592,1391
4866,1414.0862969534505,0.7146316816631592,1391
4867,1414.0862969534505,0.7146316816631592,1391
4868,1414.0862969534505,0.7146316816631592,1391
4869,1434.358560612935,0.7112662470588992,1411
4870,1434.358560612935,0.7112662470588992,1411
4871,1434.358560612935,0.7112662470588992,1411
4872,1434.358560612935,0.7112662470588992,1411
4873,1423.238073400405,0.7003946427638449,1399
4874,1423.238073400405,0.7003946427638449,1399
4875,1423.238073400405,0.7003946427638449,1399
4876,1431.7233349295966,0.6820354149617242,1406
4877,1431.7233349295966,0.6820354149617242,1406
4878,1431.7233349295966,0.6820354149617242,1406
4879,1431.7233349295966,0.6820354149617242,1406
4880,1422.618271959832,0.6833340919674651,1397
4881,1424.6417434503264,0.6830439622950991,1399
4882,1431.2106394981183,0.6883728121369812,1406
4883,1431.2106394981183,0.6883728121369812,1406
4884,1431.2106394981183,0.6883728121369812,1406
4885,1459.5397907243585,0.6843041937656571,1434
4886,1459.5397907243585,0.6843041937656571,1434
4887,1455.493606403644,0.6848750753566883,1430
4888,1455.493606403644,0.6848750753566883,1430
4889,1455.493606403644,0.6848750753566883,1430
4890,1455.493606403644,0.6848750753566883,1430
4891,1455.493606403644,0.6848750753566883,1430
4892,1455.493606403644,0.6848750753566883,1430
4893,1455.493606403644,0.6848750753566883,1430
4894,1455.493606403644,0.6848750753566883,1430
4895,1455.493606403644,0.6848750753566883,1430
4896,1455.493606403644,0.6848750753566883,1430
4897,1455.493606403644,0.6848750753566883,1430
4898,1455.493606403644,0.6848750753566883,1430
4899,1455.493606403644,0.6848750753566883,1430
4900,1455.493606403644,0.6848750753566883,1430
4901,1455.493606403644,0.6848750753566883,1430
4902,1455.493606403644,0.6848750753566883,1430
4903,1455.493606403644,0.6848750753566883,1430
4904,1467.0685148514851,0.7148514851485148,1444
4905,1467.0685148514851,0.7148514851485148,1444
4906,1467.0685148514851,0.7148514851485148,1444
4907,1467.0685148514851,0.7148514851485148,1444
4908,1467.0685148514851,0.7148514851485148,1444
4909,1467.0685148514851,0.7148514851485148,1444
4910,1467.0685148514851,0.7148514851485148,1444
4911,1467.0685148514851,0.7148514851485148,1444
4912,1470.1083987766774,0.7143584823649265,1447
4913,1470.1083987766774,0.7143584823649265,1447
4914,1429.9336924159409,0.716518017108272,1407
4915,1429.9336924159409,0.716518017108272,1407
4916,1429.9336924159409,0.716518017108272,1407
4917,1429.9336924159409,0.716518017108272,1407
4918,1423.8506606610558,0.7175443676012871,1401
4919,1423.8506606610558,0.7175443676012871,1401
4920,1423.8506606610558,0.7175443676012871,1401
4921,1423.8506606610558,0.7175443676012871,1401
4922,1415.7387960016154,0.7189271198811451,1393
4923,1415.7387960016154,0.7189271198811451,1393
4924,1424.8645505626998,0.7173726753683571,1402
4925,1421.8228189910978,0.7178885167973063,1399
4926,1421.8228189910978,0.7178885167973063,1399
4927,1421.8228189910978,0.7178885167973063,1399
4928,1421.8228189910978,0.7178885167973063,1399
4929,1421.8228189910978,0.7178885167973063,1399
4930,1410.7435557439492,0.7188682849944477,1388
4931,1405.6727241220747,0.7197438303822675,1383
4932,1405.6727241220747,0.7197438303822675,1383
4933,1405.6727241220747,0.7197438303822675,1383
4934,1405.6727241220747,0.7197438303822675,1383
4935,1405.6727241220747,0.7197438303822675,1383
4936,1405.6727241220747,0.7197438303822675,1383
4937,1405.6727241220747,0.7197438303822675,1383
4938,1405.6727241220747,0.7197438303822675,1383
4939,1405.6727241220747,0.7197438303822675,1383
4940,1403.6442425887735,0.7200958888903153,1381
4941,1403.6442425887735,0.7200958888903153,1381
4942,1403.6442425887735,0.7200958888903153,1381
4943,1386.398657355008,0.7231315530901357,1364
4944,1354.7097713496753,0.7069249524143958,1331
4945,1354.7097713496753,0.7069249524143958,1331
4946,1354.7097713496753,0.7069249524143958,1331
4947,1354.7097713496753,0.7069249524143958,1331
4948,1354.7097713496753,0.7069249524143958,1331
4949,1354.7097713496753,0.7069249524143958,1331
4950,1354.7097713496753,0.7069249524143958,1331
4951,1354.7097713496753,0.7069249524143958,1331
4952,1354.7097713496753,0.7069249524143958,1331
4953,1354.7097713496753,0.7069249524143958,1331
4954,1355.7236903618086,0.706752900348472,1332
4955,1355.7236903618086,0.706752900348472,1332
4956,1355.7236903618086,0.706752900348472,1332
4957,1355.7236903618086,0.706752900348472,1332
4958,1355.7236903618086,0.706752900348472,1332
4959,1356.7375874930908,0.7065811187504225,1333
4960,1350.6538755285233,0.7076158772741264,1327
4961,1350.6538755285233,0.7076158772741264,1327
4962,1350.6538755285233,0.7076158772741264,1327
4963,1350.6538755285233,0.7076158772741264,1327
4964,1350.6538755285233,0.7076158772741264,1327
4965,1350.6538755285233,0.7076158772741264,1327
4966,1350.6538755285233,0.7076158772741264,1327
4967,1350.6538755285233,0.7076158772741264,1327
4968,1350.6538755285233,0.7076158772741264,1327
4969,1350.6538755285233,0.7076158772741264,1327
4970,1350.6538755285233,0.7076158772741264,1327
4971,1350.6538755285233,0.7076158772741264,1327
4972,1350.6538755285233,0.7076158772741264,1327
4973,1358.1405598397596,0.7139609414121182,1335
4974,1358.1405598397596,0.7139609414121182,1335
4975,1333.8264676662398,0.6931215368820794,1309
4976,1311.530345284519,0.696781887706811,1287
4977,1311.530345284519,0.696781887706811,1287
4978,1311.530345284519,0.696781887706811,1287
4979,1311.530345284519,0.696781887706811,1287
4980,1311.530345284519,0.696781887706811,1287
4981,1311.530345284519,0.696781887706811,1287
4982,1311.530345284519,0.696781887706811,1287
4983,1311.530345284519,0.696781887706811,1287
4984,1311.530345284519,0.696781887706811,1287
4985,1311.530345284519,0.696781887706811,1287
4986,1321.9055940214794,0.6921434607975365,1297
4987,1321.9055940214794,0.6921434607975365,1297
4988,1321.9055940214794,0.6921434607975365,1297
4989,1321.9055940214794,0.6921434607975365,1297
4990,1321.9055940214794,0.6921434607975365,1297
4991,1321.9055940214794,0.6921434607975365,1297
4992,1321.9055940214794,0.6921434607975365,1297
4993,1321.9055940214794,0.6921434607975365,1297
4994,1321.9055940214794,0.6921434607975365,1297
4995,1321.9055940214794,0.6921434607975365,1297
4996,1321.9055940214794,0.6921434607975365,1297
4997,1321.9055940214794,0.6921434607975365,1297
4998,1321.9055940214794,0.6921434607975365,1297
4999,1321.9055940214794,0.6921434607975365,1297
5000,1321.9055940214794,0.6921434607975365,1297
5001,1321.9055940214794,0.6921434607975365,1297
5002,1321.9055940214794,0.6921434607975365,1297
5003,1321.9055940214794,0.6921434607975365,1297
5004,1321.9055940214794,0.6921434607975365,1297
5005,1321.9055940214794,0.6921434607975365,1297
5006,1321.9055940214794,0.6921434607975365,1297
5007,1321.9055940214794,0.6921434607975365,1297
5008,1321.9055940214794,0.6921434607975365,1297
5009,1321.9055940214794,0.6921434607975365,1297
5010,1321.9055940214794,0.6921434607975365,1297
5011,1334.0633551383423,0.6901933851873633,1309
5012,1334.0633551383423,0.6901933851873633,1309
5013,1334.0633551383423,0.6901933851873633,1309
5014,1334.0633551383423,0.6901933851873633,1309
5015,1334.0633551383423,0.6901933851873633,1309
5016,1334.0633551383423,0.6901933851873633,1309
5017,1334.0633551383423,0.6901933851873633,1309
5018,1334.0633551383423,0.6901933851873633,1309
5019,1334.0633551383423,0.6901933851873633,1309
5020,1334.0633551383423,0.6901933851873633,1309
5021,1334.0633551383423,0.6901933851873633,1309
5022,1334.0633551383423,0.6901933851873633,1309
5023,1334.0633551383423,0.6901933851873633,1309
5024,1334.0633551383423,0.6901933851873633,1309
5025,1334.0633551383423,0.6901933851873633,1309
5026,1334.0633551383423,0.6901933851873633,1309
5027,1334.0633551383423,0.6901933851873633,1309
5028,1335.0763638205956,0.6900325856539488,1310
5029,1335.0763638205956,0.6900325856539488,1310
5030,1335.0763638205956,0.6900325856539488,1310
5031,1335.0763638205956,0.6900325856539488,1310
5032,1335.0763638205956,0.6900325856539488,1310
5033,1335.0763638205956,0.6900325856539488,1310
5034,1335.0763638205956,0.6900325856539488,1310
5035,1360.3253287124219,0.7116770245683323,1337
5036,1360.3253287124219,0.7116770245683323,1337
5037,1360.3253287124219,0.7116770245683323,1337
5038,1360.3253287124219,0.7116770245683323,1337
5039,1366.8803045414409,0.7171779413913364,1344
5040,1366.8803045414409,0.7171779413913364,1344
5041,1366.8803045414409,0.7171779413913364,1344
5042,1366.8803045414409,0.7171779413913364,1344
5043,1353.774110202374,0.7061296637531017,1330
5044,1336.0105657897382,0.6908459111280825,1311
5045,1335.0763638205956,0.6900325856539488,1310
5046,1335.0763638205956,0.6900325856539488,1310
5047,1330.0111092856673,0.6908391930078202,1305
5048,1326.9717018527763,0.6913263058989342,1302
5049,1326.9717018527763,0.6913263058989342,1302
5050,1326.9717018527763,0.6913263058989342,1302
5051,1326.9717018527763,0.6913263058989342,1302
5052,1326.9717018527763,0.6913263058989342,1302
5053,1326.9717018527763,0.6913263058989342,1302
5054,1326.9717018527763,0.6913263058989342,1302
5055,1326.9717018527763,0.6913263058989342,1302
5056,1326.9717018527763,0.6913263058989342,1302
5057,1326.9717018527763,0.6913263058989342,1302
5058,1326.9717018527763,0.6913263058989342,1302
5059,1326.9717018527763,0.6913263058989342,1302
5060,1326.9717018527763,0.6913263058989342,1302
5061,1326.9717018527763,0.6913263058989342,1302
5062,1326.9717018527763,0.6913263058989342,1302
5063,1326.9717018527763,0.6913263058989342,1302
5064,1326.9717018527763,0.6913263058989342,1302
5065,1326.9717018527763,0.6913263058989342,1302
5066,1326.9717018527763,0.6913263058989342,1302
5067,1326.9717018527763,0.6913263058989342,1302
5068,1326.9717018527763,0.6913263058989342,1302
5069,1326.9717018527763,0.6913263058989342,1302
5070,1326.9717018527763,0.6913263058989342,1302
5071,1326.9717018527763,0.6913263058989342,1302
5072,1326.9717018527763,0.6913263058989342,1302
5073,1326.9717018527763,0.6913263058989342,1302
5074,1326.9717018527763,0.6913263058989342,1302
5075,1326.9717018527763,0.6913263058989342,1302
5076,1326.9717018527763,0.6913263058989342,1302
5077,1326.9717018527763,0.6913263058989342,1302
5078,1326.9717018527763,0.6913263058989342,1302
5079,1326.9717018527763,0.6913263058989342,1302
5080,1326.9717018527763,0.6913263058989342,1302
5081,1326.9717018527763,0.6913263058989342,1302
5082,1326.9717018527763,0.6913263058989342,1302
5083,1326.9717018527763,0.6913263058989342,1302
5084,1326.9717018527763,0.6913263058989342,1302
5085,1326.9717018527763,0.6913263058989342,1302
5086,1326.9717018527763,0.6913263058989342,1302
5087,1326.9717018527763,0.6913263058989342,1302
5088,1326.9717018527763,0.6913263058989342,1302
5089,1326.9717018527763,0.6913263058989342,1302
5090,1326.9717018527763,0.6913263058989342,1302
5091,1326.9717018527763,0.6913263058989342,1302
5092,1326.9717018527763,0.6913263058989342,1302
5093,1326.9717018527763,0.6913263058989342,1302
5094,1326.9717018527763,0.6913263058989342,1302
5095,1326.9717018527763,0.6913263058989342,1302
5096,1326.9717018527763,0.6913263058989342,1302
5097,1326.9717018527763,0.6913263058989342,1302
5098,1326.9717018527763,0.6913263058989342,1302
5099,1326.9717018527763,0.6913263058989342,1302
5100,1326.9717018527763,0.6913263058989342,1302
5101,1326.9717018527763,0.6913263058989342,1302
5102,1326.9717018527763,0.6913263058989342,1302
5103,1326.9717018527763,0.6913263058989342,1302
5104,1326.9717018527763,0.6913263058989342,1302
5105,1326.9717018527763,0.6913263058989342,1302
5106,1326.9717018527763,0.6913263058989342,1302
5107,1326.9717018527763,0.6913263058989342,1302
5108,1326.9717018527763,0.6913263058989342,1302
5109,1326.9717018527763,0.6913263058989342,1302
5110,1326.9717018527763,0.6913263058989342,1302
5111,1326.9717018527763,0.6913263058989342,1302
5112,1326.9717018527763,0.6913263058989342,1302
5113,1326.9717018527763,0.6913263058989342,1302
5114,1326.9717018527763,0.6913263058989342,1302
5115,1326.9717018527763,0.6913263058989342,1302
5116,1326.9717018527763,0.6913263058989342,1302
5117,1328.9979947984395,0.6910013003901171,1304
5118,1328.9979947984395,0.6910013003901171,1304
5119,1328.9979947984395,0.6910013003901171,1304
5120,1328.9979947984395,0.6910013003901171,1304
5121,1328.9979947984395,0.6910013003901171,1304
5122,1328.9979947984395,0.6910013003901171,1304
5123,1328.9979947984395,0.6910013003901171,1304
5124,1328.9979947984395,0.6910013003901171,1304
5125,1328.9979947984395,0.6910013003901171,1304
5126,1325.9585232959741,0.6914892052413593,1301
5127,1321.8258583720165,0.6931290683310685,1297
5128,1321.8258583720165,0.6931290683310685,1297
5129,1321.8258583720165,0.6931290683310685,1297
5130,1318.0920926760793,0.6898381622239882,1293
5131,1318.0920926760793,0.6898381622239882,1293
5132,1318.0920926760793,0.6898381622239882,1293
5133,1318.0920926760793,0.6898381622239882,1293
5134,1318.0920926760793,0.6898381622239882,1293
5135,1318.0920926760793,0.6898381622239882,1293
5136,1318.0920926760793,0.6898381622239882,1293
5137,1318.0920926760793,0.6898381622239882,1293
5138,1318.0920926760793,0.6898381622239882,1293
5139,1320.8923076923077,0.6923076923076923,1296
5140,1320.8923076923077,0.6923076923076923,1296
5141,1320.8923076923077,0.6923076923076923,1296
5142,1323.9321017674624,0.6918158001549758,1299
5143,1323.9321017674624,0.6918158001549758,1299
5144,1323.9321017674624,0.6918158001549758,1299
5145,1323.9321017674624,0.6918158001549758,1299
5146,1326.7333932915592,0.6942720235901216,1302
5147,1326.7333932915592,0.6942720235901216,1302
5148,1326.7333932915592,0.6942720235901216,1302
5149,1326.7333932915592,0.6942720235901216,1302
5150,1326.7333932915592,0.6942720235901216,1302
5151,1326.7333932915592,0.6942720235901216,1302
5152,1326.7333932915592,0.6942720235901216,1302
5153,1326.7333932915592,0.6942720235901216,1302
5154,1324.70660604576,0.6946031391129794,1300
5155,1324.70660604576,0.6946031391129794,1300
5156,1324.70660604576,0.6946031391129794,1300
5157,1324.70660604576,0.6946031391129794,1300
5158,1324.70660604576,0.6946031391129794,1300
5159,1321.6662615439923,0.6951018350557211,1297
5160,1321.6662615439923,0.6951018350557211,1297
5161,1321.6662615439923,0.6951018350557211,1297
5162,1321.6662615439923,0.6951018350557211,1297
5163,1306.4615479697436,0.6976322871477931,1282
5164,1306.4615479697436,0.6976322871477931,1282
5165,1297.1359708601371,0.6892957866484898,1272
5166,1297.1359708601371,0.6892957866484898,1272
5167,1297.1359708601371,0.6892957866484898,1272
5168,1292.0690217919341,0.6901233400255364,1267
5169,1292.0690217919341,0.6901233400255364,1267
5170,1292.0690217919341,0.6901233400255364,1267
5171,1284.9743475905746,0.691293602094259,1260
5172,1284.9743475905746,0.691293602094259,1260
5173,1284.9743475905746,0.691293602094259,1260
5174,1284.9743475905746,0.691293602094259,1260
5175,1284.9743475905746,0.691293602094259,1260
5176,1284.9743475905746,0.691293602094259,1260
5177,1284.9743475905746,0.691293602094259,1260
5178,1278.8923076923077,0.6923076923076923,1254
5179,1278.8923076923077,0.6923076923076923,1254
5180,1278.8923076923077,0.6923076923076923,1254
5181,1278.8923076923077,0.6923076923076923,1254
5182,1278.8923076923077,0.6923076923076923,1254
5183,1278.8923076923077,0.6923076923076923,1254
5184,1278.8923076923077,0.6923076923076923,1254
5185,1278.8923076923077,0.6923076923076923,1254
5186,1278.8923076923077,0.6923076923076923,1254
5187,1278.8923076923077,0.6923076923076923,1254
5188,1278.8923076923077,0.6923076923076923,1254
5189,1278.8923076923077,0.6923076923076923,1254
5190,1278.8923076923077,0.6923076923076923,1254
5191,1278.8923076923077,0.6923076923076923,1254
5192,1278.8923076923077,0.6923076923076923,1254
5193,1278.8923076923077,0.6923076923076923,1254
5194,1278.8923076923077,0.6923076923076923,1254
5195,1278.8923076923077,0.6923076923076923,1254
5196,1278.8923076923077,0.6923076923076923,1254
5197,1278.8923076923077,0.6923076923076923,1254
5198,1278.8923076923077,0.6923076923076923,1254
5199,1278.8923076923077,0.6923076923076923,1254
5200,1278.8923076923077,0.6923076923076923,1254
5201,1278.8923076923077,0.6923076923076923,1254
5202,1278.8923076923077,0.6923076923076923,1254
5203,1297.5340107963016,0.709097517969079,1274
5204,1297.5340107963016,0.709097517969079,1274
5205,1284.4814452009664,0.6973863386777949,1260
5206,1284.4814452009664,0.6973863386777949,1260
5207,1278.727307152256,0.6943472539894204,1254
5208,1278.727307152256,0.6943472539894204,1254
5209,1278.727307152256,0.6943472539894204,1254
5210,1278.727307152256,0.6943472539894204,1254
5211,1278.727307152256,0.6943472539894204,1254
5212,1278.727307152256,0.6943472539894204,1254
5213,1278.727307152256,0.6943472539894204,1254
5214,1278.727307152256,0.6943472539894204,1254
5215,1278.727307152256,0.6943472539894204,1254
5216,1278.727307152256,0.6943472539894204,1254
5217,1278.727307152256,0.6943472539894204,1254
5218,1278.727307152256,0.6943472539894204,1254
5219,1278.727307152256,0.6943472539894204,1254
5220,1278.727307152256,0.6943472539894204,1254
5221,1278.727307152256,0.6943472539894204,1254
5222,1278.727307152256,0.6943472539894204,1254
5223,1278.727307152256,0.6943472539894204,1254
5224,1278.727307152256,0.6943472539894204,1254
5225,1278.727307152256,0.6943472539894204,1254
5226,1278.727307152256,0.6943472539894204,1254
5227,1278.727307152256,0.6943472539894204,1254
5228,1278.727307152256,0.6943472539894204,1254
5229,1278.727307152256,0.6943472539894204,1254
5230,1278.727307152256,0.6943472539894204,1254
5231,1278.727307152256,0.6943472539894204,1254
5232,1278.727307152256,0.6943472539894204,1254
5233,1278.727307152256,0.6943472539894204,1254
5234,1278.727307152256,0.6943472539894204,1254
5235,1278.727307152256,0.6943472539894204,1254
5236,1278.727307152256,0.6943472539894204,1254
5237,1288.0447420140936,0.702784400320228,1264
5238,1288.0447420140936,0.702784400320228,1264
5239,1297.1731758174715,0.7011968378557304,1273
5240,1297.1731758174715,0.7011968378557304,1273
5241,1307.4363841286035,0.7103042752953828,1284
5242,1307.4363841286035,0.7103042752953828,1284
5243,1307.4363841286035,0.7103042752953828,1284
5244,1307.4363841286035,0.7103042752953828,1284
5245,1307.4363841286035,0.7103042752953828,1284
5246,1307.4363841286035,0.7103042752953828,1284
5247,1307.4363841286035,0.7103042752953828,1284
5248,1307.4363841286035,0.7103042752953828,1284
5249,1307.4363841286035,0.7103042752953828,1284
5250,1307.4363841286035,0.7103042752953828,1284
5251,1307.4363841286035,0.7103042752953828,1284
5252,1307.4363841286035,0.7103042752953828,1284
5253,1307.4363841286035,0.7103042752953828,1284
5254,1307.4363841286035,0.7103042752953828,1284
5255,1307.4363841286035,0.7103042752953828,1284
5256,1307.4363841286035,0.7103042752953828,1284
5257,1306.5029575497924,0.7094813652683255,1283
5258,1306.5029575497924,0.7094813652683255,1283
5259,1306.5029575497924,0.7094813652683255,1283
5260,1306.5029575497924,0.7094813652683255,1283
5261,1306.5029575497924,0.7094813652683255,1283
5262,1313.0386850710192,0.7152202092581068,1290
5263,1315.8409658864082,0.7176642041235077,1293
5264,1315.8409658864082,0.7176642041235077,1293
5265,1315.8409658864082,0.7176642041235077,1293
5266,1315.8409658864082,0.7176642041235077,1293
5267,1315.8409658864082,0.7176642041235077,1293
5268,1316.8560231041486,0.7174780827670132,1294
5269,1306.7043552398488,0.7193528400513121,1284
5270,1309.5062384901319,0.7218017491949085,1287
5271,1309.5062384901319,0.7218017491949085,1287
5272,1293.6391041427867,0.707798465478533,1270
5273,1293.6391041427867,0.707798465478533,1270
5274,1263.188173495729,0.7133723918945752,1240
5275,1263.188173495729,0.7133723918945752,1240
5276,1263.188173495729,0.7133723918945752,1240
5277,1263.188173495729,0.7133723918945752,1240
5278,1263.188173495729,0.7133723918945752,1240
5279,1263.188173495729,0.7133723918945752,1240
5280,1263.188173495729,0.7133723918945752,1240
5281,1263.188173495729,0.7133723918945752,1240
5282,1263.188173495729,0.7133723918945752,1240
5283,1263.188173495729,0.7133723918945752,1240
5284,1269.28017396251,0.7122351796970336,1246
5285,1269.28017396251,0.7122351796970336,1246
5286,1269.28017396251,0.7122351796970336,1246
5287,1269.28017396251,0.7122351796970336,1246
5288,1269.28017396251,0.7122351796970336,1246
5289,1269.28017396251,0.7122351796970336,1246
5290,1269.28017396251,0.7122351796970336,1246
5291,1269.28017396251,0.7122351796970336,1246
5292,1284.5061788548967,0.709441546911041,1261
5293,1284.5061788548967,0.709441546911041,1261
5294,1284.5061788548967,0.709441546911041,1261
5295,1284.5061788548967,0.709441546911041,1261
5296,1284.5061788548967,0.709441546911041,1261
5297,1284.5061788548967,0.709441546911041,1261
5298,1274.356137868658,0.7112961944541657,1251
5299,1274.356137868658,0.7112961944541657,1251
5300,1274.356137868658,0.7112961944541657,1251
5301,1266.2342895039146,0.7128023547105745,1243
5302,1266.2342895039146,0.7128023547105745,1243
5303,1266.2342895039146,0.7128023547105745,1243
5304,1266.2342895039146,0.7128023547105745,1243
5305,1266.2342895039146,0.7128023547105745,1243
5306,1266.2342895039146,0.7128023547105745,1243
5307,1266.2342895039146,0.7128023547105745,1243
5308,1280.215053079335,0.7254010744210777,1258
5309,1283.94676016589,0.7287174268740414,1262
5310,1283.94676016589,0.7287174268740414,1262
5311,1283.94676016589,0.7287174268740414,1262
5312,1283.94676016589,0.7287174268740414,1262
5313,1283.94676016589,0.7287174268740414,1262
5314,1283.94676016589,0.7287174268740414,1262
5315,1277.4172513739504,0.7229017135482023,1255
5316,1277.4172513739504,0.7229017135482023,1255
5317,1290.4808792125991,0.7344761531199117,1269
5318,1290.4808792125991,0.7344761531199117,1269
5319,1290.4808792125991,0.7344761531199117,1269
5320,1290.4808792125991,0.7344761531199117,1269
5321,1290.4808792125991,0.7344761531199117,1269
5322,1290.4808792125991,0.7344761531199117,1269
5323,1290.4808792125991,0.7344761531199117,1269
5324,1290.4808792125991,0.7344761531199117,1269
5325,1290.4808792125991,0.7344761531199117,1269
5326,1290.4808792125991,0.7344761531199117,1269
5327,1290.4808792125991,0.7344761531199117,1269
5328,1286.7465275981785,0.731192489515717,1265
5329,1286.7465275981785,0.731192489515717,1265
5330,1286.7465275981785,0.731192489515717,1265
5331,1286.7465275981785,0.731192489515717,1265
5332,1286.7465275981785,0.731192489515717,1265
5333,1286.7465275981785,0.731192489515717,1265
5334,1286.7465275981785,0.731192489515717,1265
5335,1275.5525125295726,0.7212297585961366,1253
5336,1275.5525125295726,0.7212297585961366,1253
5337,1275.5525125295726,0.7212297585961366,1253
5338,1275.5525125295726,0.7212297585961366,1253
5339,1275.5525125295726,0.7212297585961366,1253
5340,1275.5525125295726,0.7212297585961366,1253
5341,1275.5525125295726,0.7212297585961366,1253
5342,1275.5525125295726,0.7212297585961366,1253
5343,1275.5525125295726,0.7212297585961366,1253
5344,1275.5525125295726,0.7212297585961366,1253
5345,1275.5525125295726,0.7212297585961366,1253
5346,1275.5525125295726,0.7212297585961366,1253
5347,1275.5525125295726,0.7212297585961366,1253
5348,1275.5525125295726,0.7212297585961366,1253
5349,1275.5525125295726,0.7212297585961366,1253
5350,1275.5525125295726,0.7212297585961366,1253
5351,1275.5525125295726,0.7212297585961366,1253
5352,1275.5525125295726,0.7212297585961366,1253
5353,1275.5525125295726,0.7212297585961366,1253
5354,1275.5525125295726,0.7212297585961366,1253
5355,1275.5525125295726,0.7212297585961366,1253
5356,1275.5525125295726,0.7212297585961366,1253
5357,1275.5525125295726,0.7212297585961366,1253
5358,1275.5525125295726,0.7212297585961366,1253
5359,1292.8173466825965,0.717956159671242,1270
5360,1292.8173466825965,0.717956159671242,1270
5361,1279.7632676049275,0.7062636884434169,1256
5362,1279.7632676049275,0.7062636884434169,1256
5363,1279.7632676049275,0.7062636884434169,1256
5364,1279.7632676049275,0.7062636884434169,1256
5365,1279.7632676049275,0.7062636884434169,1256
5366,1279.7632676049275,0.7062636884434169,1256
5367,1279.7632676049275,0.7062636884434169,1256
5368,1279.7632676049275,0.7062636884434169,1256
5369,1279.7632676049275,0.7062636884434169,1256
5370,1304.020242141902,0.7278091206192597,1282
5371,1304.020242141902,0.7278091206192597,1282
5372,1329.409464009853,0.7229979726841408,1307
5373,1329.409464009853,0.7229979726841408,1307
5374,1333.1507599463566,0.7261957979436746,1311
5375,1326.604387564837,0.7205885344272299,1304
5376,1326.604387564837,0.7205885344272299,1304
5377,1326.604387564837,0.7205885344272299,1304
5378,1326.604387564837,0.7205885344272299,1304
5379,1326.604387564837,0.7205885344272299,1304
5380,1326.604387564837,0.7205885344272299,1304
5381,1326.604387564837,0.7205885344272299,1304
5382,1326.604387564837,0.7205885344272299,1304
5383,1326.604387564837,0.7205885344272299,1304
5384,1326.604387564837,0.7205885344272299,1304
5385,1348.1298533218653,0.7388151628941241,1327
5386,1348.1298533218653,0.7388151628941241,1327
5387,1348.1298533218653,0.7388151628941241,1327
5388,1348.1298533218653,0.7388151628941241,1327
5389,1346.256232042417,0.7372530031839671,1325
5390,1346.256232042417,0.7372530031839671,1325
5391,1346.256232042417,0.7372530031839671,1325
5392,1346.256232042417,0.7372530031839671,1325
5393,1346.256232042417,0.7372530031839671,1325
5394,1346.256232042417,0.7372530031839671,1325
5395,1346.256232042417,0.7372530031839671,1325
5396,1346.256232042417,0.7372530031839671,1325
5397,1346.256232042417,0.7372530031839671,1325
5398,1346.256232042417,0.7372530031839671,1325
5399,1346.256232042417,0.7372530031839671,1325
5400,1337.829318474646,0.7301691165062297,1316
5401,1337.829318474646,0.7301691165062297,1316
5402,1337.829318474646,0.7301691165062297,1316
5403,1337.829318474646,0.7301691165062297,1316
5404,1337.829318474646,0.7301691165062297,1316
5405,1337.829318474646,0.7301691165062297,1316
5406,1337.829318474646,0.7301691165062297,1316
5407,1337.829318474646,0.7301691165062297,1316
5408,1337.829318474646,0.7301691165062297,1316
5409,1366.8827612140726,0.7295085140411309,1345
5410,1366.8827612140726,0.7295085140411309,1345
5411,1366.8827612140726,0.7295085140411309,1345
5412,1366.8827612140726,0.7295085140411309,1345
5413,1366.8827612140726,0.7295085140411309,1345
5414,1363.1343087562257,0.7263991501084581,1341
5415,1363.1343087562257,0.7263991501084581,1341
5416,1368.757485642037,0.7310570377992972,1347
5417,1368.757485642037,0.7310570377992972,1347
5418,1369.7727946109528,0.7308678045617699,1348
5419,1387.029527036263,0.7276943506024331,1365
5420,1387.029527036263,0.7276943506024331,1365
5421,1375.8641616499992,0.7297384221260904,1354
5422,1375.8641616499992,0.7297384221260904,1354
5423,1375.8641616499992,0.7297384221260904,1354
5424,1377.7397394230081,0.7312763977378481,1356
5425,1377.7397394230081,0.7312763977378481,1356
5426,1377.7397394230081,0.7312763977378481,1356
5427,1377.7397394230081,0.7312763977378481,1356
5428,1377.7397394230081,0.7312763977378481,1356
5429,1377.7397394230081,0.7312763977378481,1356
5430,1377.7397394230081,0.7312763977378481,1356
5431,1377.7397394230081,0.7312763977378481,1356
5432,1377.7397394230081,0.7312763977378481,1356
5433,1383.368459835773,0.7358657622277758,1362
5434,1383.368459835773,0.7358657622277758,1362
5435,1383.368459835773,0.7358657622277758,1362
5436,1375.0889944558526,0.7393202168621448,1354
5437,1360.0889255613072,0.7269601290320484,1338
5438,1360.0889255613072,0.7269601290320484,1338
5439,1360.0889255613072,0.7269601290320484,1338
5440,1360.0889255613072,0.7269601290320484,1338
5441,1360.0889255613072,0.7269601290320484,1338
5442,1361.0257991494032,0.727740430786116,1339
5443,1361.0257991494032,0.727740430786116,1339
5444,1361.0257991494032,0.727740430786116,1339
5445,1361.0257991494032,0.727740430786116,1339
5446,1361.0257991494032,0.727740430786116,1339
5447,1361.0257991494032,0.727740430786116,1339
5448,1360.0889255613072,0.7269601290320484,1338
5449,1360.0889255613072,0.7269601290320484,1338
5450,1360.0889255613072,0.7269601290320484,1338
5451,1360.0889255613072,0.7269601290320484,1338
5452,1360.0889255613072,0.7269601290320484,1338
5453,1360.0889255613072,0.7269601290320484,1338
5454,1374.7786572147104,0.7431562767032087,1354
5455,1374.7786572147104,0.7431562767032087,1354
5456,1374.7786572147104,0.7431562767032087,1354
5457,1374.7786572147104,0.7431562767032087,1354
5458,1374.7786572147104,0.7431562767032087,1354
5459,1333.1025035374983,0.7515141713535433,1313
5460,1333.1025035374983,0.7515141713535433,1313
5461,1333.1025035374983,0.7515141713535433,1313
5462,1333.1025035374983,0.7515141713535433,1313
5463,1344.2880331593533,0.7492208509350644,1324
5464,1344.2880331593533,0.7492208509350644,1324
5465,1344.2880331593533,0.7492208509350644,1324
5466,1344.2880331593533,0.7492208509350644,1324
5467,1344.2880331593533,0.7492208509350644,1324
5468,1344.2880331593533,0.7492208509350644,1324
5469,1344.2880331593533,0.7492208509350644,1324
5470,1333.0465427219135,0.7398449601741233,1312
5471,1316.209003263358,0.725475855829938,1294
5472,1316.209003263358,0.725475855829938,1294
5473,1316.209003263358,0.725475855829938,1294
5474,1316.209003263358,0.725475855829938,1294
5475,1316.209003263358,0.725475855829938,1294
5476,1316.209003263358,0.725475855829938,1294
5477,1316.209003263358,0.725475855829938,1294
5478,1316.209003263358,0.725475855829938,1294
5479,1316.209003263358,0.725475855829938,1294
5480,1316.209003263358,0.725475855829938,1294
5481,1316.209003263358,0.725475855829938,1294
5482,1304.999901410389,0.715699611738086,1282
5483,1304.999901410389,0.715699611738086,1282
5484,1304.999901410389,0.715699611738086,1282
5485,1304.999901410389,0.715699611738086,1282
5486,1304.999901410389,0.715699611738086,1282
5487,1304.999901410389,0.715699611738086,1282
5488,1304.999901410389,0.715699611738086,1282
5489,1304.999901410389,0.715699611738086,1282
5490,1304.999901410389,0.715699611738086,1282
5491,1304.999901410389,0.715699611738086,1282
5492,1304.999901410389,0.715699611738086,1282
5493,1304.999901410389,0.715699611738086,1282
5494,1304.999901410389,0.715699611738086,1282
5495,1304.999901410389,0.715699611738086,1282
5496,1304.999901410389,0.715699611738086,1282
5497,1304.999901410389,0.715699611738086,1282
5498,1304.999901410389,0.715699611738086,1282
5499,1304.999901410389,0.715699611738086,1282
5500,1304.999901410389,0.715699611738086,1282
5501,1304.999901410389,0.715699611738086,1282
5502,1315.1493368936208,0.7138524487809551,1292
5503,1327.2986420960847,0.724367835647902,1305
5504,1327.2986420960847,0.724367835647902,1305
5505,1327.2986420960847,0.724367835647902,1305
5506,1368.7538551501975,0.7187409746576321,1346
5507,1368.7538551501975,0.7187409746576321,1346
5508,1368.7538551501975,0.7187409746576321,1346
5509,1368.7538551501975,0.7187409746576321,1346
5510,1355.5628505395414,0.7211019710810712,1333
5511,1369.6171377182723,0.7327918699842723,1348
5512,1364.93030455745,0.7289208336532749,1343
5513,1364.93030455745,0.7289208336532749,1343
5514,1364.93030455745,0.7289208336532749,1343
5515,1364.93030455745,0.7289208336532749,1343
5516,1363.9931882246203,0.7281435324521582,1342
5517,1363.9931882246203,0.7281435324521582,1342
5518,1363.9931882246203,0.7281435324521582,1342
5519,1363.9931882246203,0.7281435324521582,1342
5520,1363.9931882246203,0.7281435324521582,1342
5521,1363.9931882246203,0.7281435324521582,1342
5522,1363.9931882246203,0.7281435324521582,1342
5523,1363.9931882246203,0.7281435324521582,1342
5524,1374.1439611507292,0.7262798374446322,1352
5525,1374.1439611507292,0.7262798374446322,1352
5526,1374.1439611507292,0.7262798374446322,1352
5527,1374.1439611507292,0.7262798374446322,1352
5528,1374.1439611507292,0.7262798374446322,1352
5529,1374.1439611507292,0.7262798374446322,1352
5530,1374.1439611507292,0.7262798374446322,1352
5531,1374.1439611507292,0.7262798374446322,1352
5532,1374.1439611507292,0.7262798374446322,1352
5533,1374.1439611507292,0.7262798374446322,1352
5534,1374.1439611507292,0.7262798374446322,1352
5535,1374.1439611507292,0.7262798374446322,1352
5536,1374.1439611507292,0.7262798374446322,1352
5537,1374.1439611507292,0.7262798374446322,1352
5538,1374.1439611507292,0.7262798374446322,1352
5539,1374.1439611507292,0.7262798374446322,1352
5540,1374.1439611507292,0.7262798374446322,1352
5541,1374.1439611507292,0.7262798374446322,1352
5542,1374.1439611507292,0.7262798374446322,1352
5543,1351.6678825464319,0.7074427373741425,1328
5544,1351.6678825464319,0.7074427373741425,1328
5545,1351.6678825464319,0.7074427373741425,1328
5546,1351.6678825464319,0.7074427373741425,1328
5547,1351.6678825464319,0.7074427373741425,1328
5548,1351.6678825464319,0.7074427373741425,1328
5549,1351.6678825464319,0.7074427373741425,1328
5550,1351.6678825464319,0.7074427373741425,1328
5551,1352.6034918299015,0.7082386671211179,1329
5552,1352.6034918299015,0.7082386671211179,1329
5553,1352.6034918299015,0.7082386671211179,1329
5554,1352.6034918299015,0.7082386671211179,1329
5555,1352.6034918299015,0.7082386671211179,1329
5556,1352.6034918299015,0.7082386671211179,1329
5557,1352.6034918299015,0.7082386671211179,1329
5558,1358.2187544656538,0.7129943823775801,1335
5559,1358.2187544656538,0.7129943823775801,1335
5560,1358.2187544656538,0.7129943823775801,1335
5561,1358.2187544656538,0.7129943823775801,1335
5562,1358.2187544656538,0.7129943823775801,1335
5563,1358.2187544656538,0.7129943823775801,1335
5564,1358.2187544656538,0.7129943823775801,1335
5565,1358.2187544656538,0.7129943823775801,1335
5566,1358.2187544656538,0.7129943823775801,1335
5567,1358.2187544656538,0.7129943823775801,1335
5568,1358.2187544656538,0.7129943823775801,1335
5569,1358.2187544656538,0.7129943823775801,1335
5570,1358.2187544656538,0.7129943823775801,1335
5571,1358.2187544656538,0.7129943823775801,1335
5572,1358.2187544656538,0.7129943823775801,1335
5573,1358.2187544656538,0.7129943823775801,1335
5574,1358.2187544656538,0.7129943823775801,1335
5575,1358.2187544656538,0.7129943823775801,1335
5576,1358.2187544656538,0.7129943823775801,1335
5577,1358.2187544656538,0.7129943823775801,1335
5578,1358.2187544656538,0.7129943823775801,1335
5579,1358.2187544656538,0.7129943823775801,1335
5580,1358.2187544656538,0.7129943823775801,1335
5581,1358.2187544656538,0.7129943823775801,1335
5582,1358.2187544656538,0.7129943823775801,1335
5583,1358.2187544656538,0.7129943823775801,1335
5584,1358.2187544656538,0.7129943823775801,1335
5585,1358.2187544656538,0.7129943823775801,1335
5586,1358.2187544656538,0.7129943823775801,1335
5587,1358.2187544656538,0.7129943823775801,1335
5588,1358.2187544656538,0.7129943823775801,1335
5589,1370.3947849689175,0.7231794194200568,1348
5590,1370.3947849689175,0.7231794194200568,1348
5591,1370.3947849689175,0.7231794194200568,1348
5592,1370.3947849689175,0.7231794194200568,1348
5593,1370.3947849689175,0.7231794194200568,1348
5594,1370.3947849689175,0.7231794194200568,1348
5595,1370.3947849689175,0.7231794194200568,1348
5596,1370.3947849689175,0.7231794194200568,1348
5597,1370.3947849689175,0.7231794194200568,1348
5598,1370.3947849689175,0.7231794194200568,1348
5599,1370.3947849689175,0.7231794194200568,1348
5600,1370.3947849689175,0.7231794194200568,1348
5601,1370.3947849689175,0.7231794194200568,1348
5602,1370.3947849689175,0.7231794194200568,1348
5603,1370.3947849689175,0.7231794194200568,1348
5604,1370.3947849689175,0.7231794194200568,1348
5605,1370.3947849689175,0.7231794194200568,1348
5606,1370.3947849689175,0.7231794194200568,1348
5607,1370.3947849689175,0.7231794194200568,1348
5608,1370.3947849689175,0.7231794194200568,1348
5609,1362.3501366442695,0.7484531935195374,1342
5610,1362.3501366442695,0.7484531935195374,1342
5611,1362.3501366442695,0.7484531935195374,1342
5612,1362.3501366442695,0.7484531935195374,1342
5613,1362.3501366442695,0.7484531935195374,1342
5614,1362.3501366442695,0.7484531935195374,1342
5615,1353.2010365881981,0.7502962102818537,1333
5616,1353.2010365881981,0.7502962102818537,1333
5617,1353.2010365881981,0.7502962102818537,1333
5618,1353.2010365881981,0.7502962102818537,1333
5619,1363.4448294877798,0.74728270101632,1343
5620,1363.4448294877798,0.74728270101632,1343
5621,1363.4448294877798,0.74728270101632,1343
5622,1363.4448294877798,0.74728270101632,1343
5623,1363.4448294877798,0.74728270101632,1343
5624,1363.4448294877798,0.74728270101632,1343
5625,1363.4448294877798,0.74728270101632,1343
5626,1363.4448294877798,0.74728270101632,1343
5627,1363.4448294877798,0.74728270101632,1343
5628,1363.4448294877798,0.74728270101632,1343
5629,1363.4448294877798,0.74728270101632,1343
5630,1363.4448294877798,0.74728270101632,1343
5631,1363.4448294877798,0.74728270101632,1343
5632,1363.4448294877798,0.74728270101632,1343
5633,1363.4448294877798,0.74728270101632,1343
5634,1363.4448294877798,0.74728270101632,1343
5635,1363.4448294877798,0.74728270101632,1343
5636,1363.4448294877798,0.74728270101632,1343
5637,1363.4448294877798,0.74728270101632,1343
5638,1363.4448294877798,0.74728270101632,1343
5639,1363.4448294877798,0.74728270101632,1343
5640,1363.4448294877798,0.74728270101632,1343
5641,1363.4448294877798,0.74728270101632,1343
5642,1363.4448294877798,0.74728270101632,1343
5643,1367.7468073847895,0.7559109099531587,1348
5644,1367.7468073847895,0.7559109099531587,1348
5645,1367.7468073847895,0.7559109099531587,1348
5646,1367.7468073847895,0.7559109099531587,1348
5647,1367.7468073847895,0.7559109099531587,1348
5648,1367.7468073847895,0.7559109099531587,1348
5649,1367.7468073847895,0.7559109099531587,1348
5650,1367.7468073847895,0.7559109099531587,1348
5651,1367.7468073847895,0.7559109099531587,1348
5652,1367.7468073847895,0.7559109099531587,1348
5653,1367.7468073847895,0.7559109099531587,1348
5654,1367.7468073847895,0.7559109099531587,1348
5655,1367.7468073847895,0.7559109099531587,1348
5656,1367.7468073847895,0.7559109099531587,1348
5657,1365.1647132691503,0.7383842611971536,1344
5658,1365.1647132691503,0.7383842611971536,1344
5659,1365.1647132691503,0.7383842611971536,1344
5660,1365.1647132691503,0.7383842611971536,1344
5661,1365.1647132691503,0.7383842611971536,1344
5662,1365.1647132691503,0.7383842611971536,1344
5663,1365.1647132691503,0.7383842611971536,1344
5664,1365.1647132691503,0.7383842611971536,1344
5665,1352.2727243793233,0.7370491424063877,1331
5666,1352.2727243793233,0.7370491424063877,1331
5667,1351.3357723320053,0.7362698104820113,1330
5668,1351.3357723320053,0.7362698104820113,1330
5669,1351.3357723320053,0.7362698104820113,1330
5670,1351.3357723320053,0.7362698104820113,1330
5671,1340.1599739981477,0.7384428430389655,1319
5672,1340.1599739981477,0.7384428430389655,1319
5673,1340.1599739981477,0.7384428430389655,1319
5674,1340.1599739981477,0.7384428430389655,1319
5675,1340.1599739981477,0.7384428430389655,1319
5676,1340.1599739981477,0.7384428430389655,1319
5677,1340.1599739981477,0.7384428430389655,1319
5678,1340.1599739981477,0.7384428430389655,1319
5679,1340.1599739981477,0.7384428430389655,1319
5680,1340.1599739981477,0.7384428430389655,1319
5681,1340.1599739981477,0.7384428430389655,1319
5682,1340.1599739981477,0.7384428430389655,1319
5683,1340.1599739981477,0.7384428430389655,1319
5684,1340.1599739981477,0.7384428430389655,1319
5685,1340.1599739981477,0.7384428430389655,1319
5686,1340.1599739981477,0.7384428430389655,1319
5687,1340.1599739981477,0.7384428430389655,1319
5688,1359.461777350964,0.7347122700746104,1338
5689,1359.461777350964,0.7347122700746104,1338
5690,1359.461777350964,0.7347122700746104,1338
5691,1359.461777350964,0.7347122700746104,1338
5692,1359.461777350964,0.7347122700746104,1338
5693,1359.461777350964,0.7347122700746104,1338
5694,1345.2402506272413,0.737450548488984,1324
5695,1345.2402506272413,0.737450548488984,1324
5696,1345.2402506272413,0.737450548488984,1324
5697,1345.2402506272413,0.737450548488984,1324
5698,1345.2402506272413,0.737450548488984,1324
5699,1345.2402506272413,0.737450548488984,1324
5700,1345.2402506272413,0.737450548488984,1324
5701,1329.5701020453241,0.7580951539514953,1310
5702,1329.5701020453241,0.7580951539514953,1310
5703,1329.5701020453241,0.7580951539514953,1310
5704,1329.5701020453241,0.7580951539514953,1310
5705,1329.5701020453241,0.7580951539514953,1310
5706,1329.5701020453241,0.7580951539514953,1310
5707,1329.5701020453241,0.7580951539514953,1310
5708,1329.5701020453241,0.7580951539514953,1310
5709,1329.5701020453241,0.7580951539514953,1310
5710,1329.5701020453241,0.7580951539514953,1310
5711,1329.5701020453241,0.7580951539514953,1310
5712,1329.5701020453241,0.7580951539514953,1310
5713,1329.5701020453241,0.7580951539514953,1310
5714,1329.5701020453241,0.7580951539514953,1310
5715,1329.5701020453241,0.7580951539514953,1310
5716,1329.5701020453241,0.7580951539514953,1310
5717,1329.5701020453241,0.7580951539514953,1310
5718,1329.5701020453241,0.7580951539514953,1310
5719,1329.5701020453241,0.7580951539514953,1310
5720,1329.5701020453241,0.7580951539514953,1310
5721,1329.5701020453241,0.7580951539514953,1310
5722,1329.5701020453241,0.7580951539514953,1310
5723,1329.5701020453241,0.7580951539514953,1310
5724,1329.5701020453241,0.7580951539514953,1310
5725,1329.5701020453241,0.7580951539514953,1310
5726,1329.5701020453241,0.7580951539514953,1310
5727,1329.5701020453241,0.7580951539514953,1310
5728,1329.5701020453241,0.7580951539514953,1310
5729,1329.5701020453241,0.7580951539514953,1310
5730,1329.5701020453241,0.7580951539514953,1310
5731,1329.5701020453241,0.7580951539514953,1310
5732,1329.5701020453241,0.7580951539514953,1310
5733,1329.5701020453241,0.7580951539514953,1310
5734,1329.5701020453241,0.7580951539514953,1310
5735,1329.5701020453241,0.7580951539514953,1310
5736,1329.5701020453241,0.7580951539514953,1310
5737,1329.5701020453241,0.7580951539514953,1310
5738,1329.5701020453241,0.7580951539514953,1310
5739,1329.5701020453241,0.7580951539514953,1310
5740,1329.5701020453241,0.7580951539514953,1310
5741,1329.5701020453241,0.7580951539514953,1310
5742,1329.5701020453241,0.7580951539514953,1310
5743,1329.5701020453241,0.7580951539514953,1310
5744,1329.5701020453241,0.7580951539514953,1310
5745,1329.5701020453241,0.7580951539514953,1310
5746,1329.5701020453241,0.7580951539514953,1310
5747,1329.5701020453241,0.7580951539514953,1310
5748,1329.5701020453241,0.7580951539514953,1310
5749,1329.5701020453241,0.7580951539514953,1310
5750,1329.5701020453241,0.7580951539514953,1310
5751,1329.5701020453241,0.7580951539514953,1310
5752,1329.5701020453241,0.7580951539514953,1310
5753,1329.5701020453241,0.7580951539514953,1310
5754,1329.5701020453241,0.7580951539514953,1310
5755,1329.5701020453241,0.7580951539514953,1310
5756,1329.5701020453241,0.7580951539514953,1310
5757,1313.2875497814075,0.761587765371971,1294
5758,1324.5357228213218,0.7708810528884831,1306
5759,1324.5357228213218,0.7708810528884831,1306
5760,1324.5357228213218,0.7708810528884831,1306
5761,1324.5357228213218,0.7708810528884831,1306
5762,1324.5357228213218,0.7708810528884831,1306
5763,1324.5357228213218,0.7708810528884831,1306
5764,1324.5357228213218,0.7708810528884831,1306
5765,1324.5357228213218,0.7708810528884831,1306
5766,1324.5357228213218,0.7708810528884831,1306
5767,1324.5357228213218,0.7708810528884831,1306
5768,1324.5357228213218,0.7708810528884831,1306
5769,1324.5357228213218,0.7708810528884831,1306
5770,1324.5357228213218,0.7708810528884831,1306
5771,1323.5977949203082,0.7701137834325317,1305
5772,1323.5977949203082,0.7701137834325317,1305
5773,1323.5977949203082,0.7701137834325317,1305
5774,1323.5977949203082,0.7701137834325317,1305
5775,1323.5977949203082,0.7701137834325317,1305
5776,1323.5977949203082,0.7701137834325317,1305
5777,1323.5977949203082,0.7701137834325317,1305
5778,1323.5977949203082,0.7701137834325317,1305
5779,1320.0408741357728,0.7522759686554648,1300
5780,1333.1600859256903,0.7631633383721855,1314
5781,1333.1600859256903,0.7631633383721855,1314
5782,1331.925288242104,0.7537047188862287,1312
5783,1331.925288242104,0.7537047188862287,1312
5784,1331.925288242104,0.7537047188862287,1312
5785,1331.925288242104,0.7537047188862287,1312
5786,1331.925288242104,0.7537047188862287,1312
5787,1331.925288242104,0.7537047188862287,1312
5788,1331.925288242104,0.7537047188862287,1312
5789,1331.925288242104,0.7537047188862287,1312
5790,1331.925288242104,0.7537047188862287,1312
5791,1331.925288242104,0.7537047188862287,1312
5792,1331.925288242104,0.7537047188862287,1312
5793,1331.925288242104,0.7537047188862287,1312
5794,1331.925288242104,0.7537047188862287,1312
5795,1331.925288242104,0.7537047188862287,1312
5796,1331.925288242104,0.7537047188862287,1312
5797,1312.268324707822,0.737103526479332,1291
5798,1318.8159605025348,0.7426951730218205,1298
5799,1318.8159605025348,0.7426951730218205,1298
5800,1318.8159605025348,0.7426951730218205,1298
5801,1318.8159605025348,0.7426951730218205,1298
5802,1318.8159605025348,0.7426951730218205,1298
5803,1318.8159605025348,0.7426951730218205,1298
5804,1318.8159605025348,0.7426951730218205,1298
5805,1297.3194147066763,0.7241110666665479,1275
5806,1297.3194147066763,0.7241110666665479,1275
5807,1297.3194147066763,0.7241110666665479,1275
5808,1297.3194147066763,0.7241110666665479,1275
5809,1297.3194147066763,0.7241110666665479,1275
5810,1297.3194147066763,0.7241110666665479,1275
5811,1297.3194147066763,0.7241110666665479,1275
5812,1295.2879237055126,0.7245003250245668,1273
5813,1287.822878065062,0.7178877865876144,1265
5814,1287.822878065062,0.7178877865876144,1265
5815,1287.822878065062,0.7178877865876144,1265
5816,1287.822878065062,0.7178877865876144,1265
5817,1287.822878065062,0.7178877865876144,1265
5818,1287.822878065062,0.7178877865876144,1265
5819,1288.8382836764595,0.7176973587582259,1266
5820,1288.8382836764595,0.7176973587582259,1266
5821,1288.8382836764595,0.7176973587582259,1266
5822,1288.8382836764595,0.7176973587582259,1266
5823,1288.8382836764595,0.7176973587582259,1266
5824,1288.8382836764595,0.7176973587582259,1266
5825,1288.8382836764595,0.7176973587582259,1266
5826,1288.8382836764595,0.7176973587582259,1266
5827,1288.8382836764595,0.7176973587582259,1266
5828,1288.8382836764595,0.7176973587582259,1266
5829,1288.8382836764595,0.7176973587582259,1266
5830,1288.8382836764595,0.7176973587582259,1266
5831,1288.8382836764595,0.7176973587582259,1266
5832,1288.8382836764595,0.7176973587582259,1266
5833,1288.8382836764595,0.7176973587582259,1266
5834,1288.8382836764595,0.7176973587582259,1266
5835,1288.8382836764595,0.7176973587582259,1266
5836,1288.8382836764595,0.7176973587582259,1266
5837,1288.8382836764595,0.7176973587582259,1266
5838,1288.8382836764595,0.7176973587582259,1266
5839,1288.8382836764595,0.7176973587582259,1266
5840,1288.8382836764595,0.7176973587582259,1266
5841,1288.8382836764595,0.7176973587582259,1266
5842,1288.8382836764595,0.7176973587582259,1266
5843,1288.8382836764595,0.7176973587582259,1266
5844,1288.8382836764595,0.7176973587582259,1266
5845,1288.8382836764595,0.7176973587582259,1266
5846,1288.8382836764595,0.7176973587582259,1266
5847,1288.8382836764595,0.7176973587582259,1266
5848,1288.8382836764595,0.7176973587582259,1266
5849,1288.8382836764595,0.7176973587582259,1266
5850,1288.8382836764595,0.7176973587582259,1266
5851,1297.9758046699442,0.7159974700872168,1275
5852,1297.9758046699442,0.7159974700872168,1275
5853,1297.9758046699442,0.7159974700872168,1275
5854,1297.9758046699442,0.7159974700872168,1275
5855,1297.9758046699442,0.7159974700872168,1275
5856,1297.9758046699442,0.7159974700872168,1275
5857,1297.9758046699442,0.7159974700872168,1275
5858,1297.9758046699442,0.7159974700872168,1275
5859,1297.9758046699442,0.7159974700872168,1275
5860,1297.9758046699442,0.7159974700872168,1275
5861,1297.9758046699442,0.7159974700872168,1275
5862,1297.9758046699442,0.7159974700872168,1275
5863,1297.9758046699442,0.7159974700872168,1275
5864,1297.9758046699442,0.7159974700872168,1275
5865,1297.9758046699442,0.7159974700872168,1275
5866,1297.9758046699442,0.7159974700872168,1275
5867,1297.9758046699442,0.7159974700872168,1275
5868,1297.9758046699442,0.7159974700872168,1275
5869,1297.9758046699442,0.7159974700872168,1275
5870,1297.9758046699442,0.7159974700872168,1275
5871,1297.9758046699442,0.7159974700872168,1275
5872,1297.9758046699442,0.7159974700872168,1275
5873,1297.9758046699442,0.7159974700872168,1275
5874,1297.9758046699442,0.7159974700872168,1275
5875,1297.9758046699442,0.7159974700872168,1275
5876,1297.9758046699442,0.7159974700872168,1275
5877,1297.9758046699442,0.7159974700872168,1275
5878,1297.9758046699442,0.7159974700872168,1275
5879,1297.9758046699442,0.7159974700872168,1275
5880,1297.9758046699442,0.7159974700872168,1275
5881,1297.9758046699442,0.7159974700872168,1275
5882,1297.9758046699442,0.7159974700872168,1275
5883,1297.9758046699442,0.7159974700872168,1275
5884,1297.9758046699442,0.7159974700872168,1275
5885,1297.9758046699442,0.7159974700872168,1275
5886,1297.9758046699442,0.7159974700872168,1275
5887,1297.9758046699442,0.7159974700872168,1275
5888,1297.9758046699442,0.7159974700872168,1275
5889,1297.9758046699442,0.7159974700872168,1275
5890,1297.9758046699442,0.7159974700872168,1275
5891,1297.9758046699442,0.7159974700872168,1275
5892,1297.9758046699442,0.7159974700872168,1275
5893,1297.9758046699442,0.7159974700872168,1275
5894,1297.9758046699442,0.7159974700872168,1275
5895,1297.9758046699442,0.7159974700872168,1275
5896,1297.9758046699442,0.7159974700872168,1275
5897,1297.9758046699442,0.7159974700872168,1275
5898,1297.9758046699442,0.7159974700872168,1275
5899,1297.9758046699442,0.7159974700872168,1275
5900,1297.9758046699442,0.7159974700872168,1275
5901,1297.9758046699442,0.7159974700872168,1275
5902,1297.9758046699442,0.7159974700872168,1275
5903,1297.9758046699442,0.7159974700872168,1275
5904,1297.9758046699442,0.7159974700872168,1275
5905,1297.9758046699442,0.7159974700872168,1275
5906,1297.9758046699442,0.7159974700872168,1275
5907,1297.9758046699442,0.7159974700872168,1275
5908,1297.9758046699442,0.7159974700872168,1275
5909,1297.9758046699442,0.7159974700872168,1275
5910,1297.9758046699442,0.7159974700872168,1275
5911,1297.9758046699442,0.7159974700872168,1275
5912,1297.9758046699442,0.7159974700872168,1275
5913,1297.9758046699442,0.7159974700872168,1275
5914,1297.9758046699442,0.7159974700872168,1275
5915,1297.9758046699442,0.7159974700872168,1275
5916,1297.9758046699442,0.7159974700872168,1275
5917,1297.9758046699442,0.7159974700872168,1275
5918,1297.9758046699442,0.7159974700872168,1275
5919,1297.9758046699442,0.7159974700872168,1275
5920,1297.9758046699442,0.7159974700872168,1275
5921,1297.9758046699442,0.7159974700872168,1275
5922,1297.9758046699442,0.7159974700872168,1275
5923,1297.9758046699442,0.7159974700872168,1275
5924,1297.9758046699442,0.7159974700872168,1275
5925,1297.9758046699442,0.7159974700872168,1275
5926,1297.9758046699442,0.7159974700872168,1275
5927,1297.9758046699442,0.7159974700872168,1275
5928,1297.9758046699442,0.7159974700872168,1275
5929,1297.9758046699442,0.7159974700872168,1275
5930,1297.9758046699442,0.7159974700872168,1275
5931,1297.9758046699442,0.7159974700872168,1275
5932,1297.9758046699442,0.7159974700872168,1275
5933,1297.9758046699442,0.7159974700872168,1275
5934,1297.9758046699442,0.7159974700872168,1275
5935,1297.9758046699442,0.7159974700872168,1275
5936,1297.9758046699442,0.7159974700872168,1275
5937,1297.9758046699442,0.7159974700872168,1275
5938,1297.9758046699442,0.7159974700872168,1275
5939,1297.9758046699442,0.7159974700872168,1275
5940,1297.9758046699442,0.7159974700872168,1275
5941,1297.9758046699442,0.7159974700872168,1275
5942,1297.9758046699442,0.7159974700872168,1275
5943,1297.9758046699442,0.7159974700872168,1275
5944,1297.9758046699442,0.7159974700872168,1275
5945,1297.9758046699442,0.7159974700872168,1275
5946,1297.9758046699442,0.7159974700872168,1275
5947,1297.9758046699442,0.7159974700872168,1275
5948,1297.9758046699442,0.7159974700872168,1275
5949,1297.9758046699442,0.7159974700872168,1275
5950,1297.9758046699442,0.7159974700872168,1275
5951,1297.9758046699442,0.7159974700872168,1275
5952,1297.9758046699442,0.7159974700872168,1275
5953,1305.4443651634642,0.7225665616382675,1283
5954,1305.4443651634642,0.7225665616382675,1283
5955,1305.4443651634642,0.7225665616382675,1283
5956,1305.4443651634642,0.7225665616382675,1283
5957,1305.4443651634642,0.7225665616382675,1283
5958,1305.4443651634642,0.7225665616382675,1283
5959,1305.4443651634642,0.7225665616382675,1283
5960,1305.4443651634642,0.7225665616382675,1283
5961,1305.4443651634642,0.7225665616382675,1283
5962,1305.4443651634642,0.7225665616382675,1283
5963,1305.4443651634642,0.7225665616382675,1283
5964,1305.4443651634642,0.7225665616382675,1283
5965,1305.4443651634642,0.7225665616382675,1283
5966,1305.4443651634642,0.7225665616382675,1283
5967,1305.4443651634642,0.7225665616382675,1283
5968,1305.4443651634642,0.7225665616382675,1283
5969,1305.4443651634642,0.7225665616382675,1283
5970,1305.4443651634642,0.7225665616382675,1283
5971,1305.4443651634642,0.7225665616382675,1283
5972,1305.4443651634642,0.7225665616382675,1283
5973,1305.4443651634642,0.7225665616382675,1283
5974,1305.4443651634642,0.7225665616382675,1283
5975,1305.4443651634642,0.7225665616382675,1283
5976,1305.4443651634642,0.7225665616382675,1283
5977,1305.4443651634642,0.7225665616382675,1283
5978,1305.4443651634642,0.7225665616382675,1283
5979,1305.4443651634642,0.7225665616382675,1283
5980,1305.4443651634642,0.7225665616382675,1283
5981,1305.4443651634642,0.7225665616382675,1283
5982,1305.4443651634642,0.7225665616382675,1283
5983,1305.4443651634642,0.7225665616382675,1283
5984,1305.4443651634642,0.7225665616382675,1283
5985,1305.4443651634642,0.7225665616382675,1283
5986,1305.4443651634642,0.7225665616382675,1283
5987,1305.4443651634642,0.7225665616382675,1283
5988,1305.4443651634642,0.7225665616382675,1283
5989,1305.4443651634642,0.7225665616382675,1283
5990,1305.4443651634642,0.7225665616382675,1283
5991,1305.4443651634642,0.7225665616382675,1283
5992,1305.4443651634642,0.7225665616382675,1283
5993,1305.4443651634642,0.7225665616382675,1283
5994,1305.4443651634642,0.7225665616382675,1283
5995,1305.4443651634642,0.7225665616382675,1283
5996,1305.4443651634642,0.7225665616382675,1283
5997,1305.4443651634642,0.7225665616382675,1283
5998,1305.4443651634642,0.7225665616382675,1283
5999,1305.4443651634642,0.7225665616382675,1283
6000,1305.4443651634642,0.7225665616382675,1283
6001,1305.4443651634642,0.7225665616382675,1283
6002,1305.4443651634642,0.7225665616382675,1283
6003,1305.4443651634642,0.7225665616382675,1283
6004,1305.4443651634642,0.7225665616382675,1283
6005,1305.4443651634642,0.7225665616382675,1283
6006,1305.4443651634642,0.7225665616382675,1283
6007,1305.4443651634642,0.7225665616382675,1283
6008,1305.4443651634642,0.7225665616382675,1283
6009,1305.4443651634642,0.7225665616382675,1283
6010,1305.4443651634642,0.7225665616382675,1283
6011,1305.4443651634642,0.7225665616382675,1283
6012,1305.4443651634642,0.7225665616382675,1283
6013,1305.4443651634642,0.7225665616382675,1283
6014,1305.4443651634642,0.7225665616382675,1283
6015,1305.4443651634642,0.7225665616382675,1283
6016,1305.4443651634642,0.7225665616382675,1283
6017,1305.4443651634642,0.7225665616382675,1283
6018,1305.4443651634642,0.7225665616382675,1283
6019,1305.4443651634642,0.7225665616382675,1283
6020,1305.4443651634642,0.7225665616382675,1283
6021,1319.7517160078783,0.7434892953290712,1299
6022,1319.7517160078783,0.7434892953290712,1299
6023,1319.7517160078783,0.7434892953290712,1299
6024,1319.7517160078783,0.7434892953290712,1299
6025,1319.7517160078783,0.7434892953290712,1299
6026,1319.7517160078783,0.7434892953290712,1299
6027,1319.7517160078783,0.7434892953290712,1299
6028,1319.7517160078783,0.7434892953290712,1299
6029,1319.7517160078783,0.7434892953290712,1299
6030,1319.7517160078783,0.7434892953290712,1299
6031,1319.7517160078783,0.7434892953290712,1299
6032,1319.7517160078783,0.7434892953290712,1299
6033,1319.7517160078783,0.7434892953290712,1299
6034,1319.7517160078783,0.7434892953290712,1299
6035,1319.7517160078783,0.7434892953290712,1299
6036,1319.7517160078783,0.7434892953290712,1299
6037,1319.7517160078783,0.7434892953290712,1299
6038,1319.7517160078783,0.7434892953290712,1299
6039,1319.7517160078783,0.7434892953290712,1299
6040,1319.7517160078783,0.7434892953290712,1299
6041,1319.7517160078783,0.7434892953290712,1299
6042,1319.7517160078783,0.7434892953290712,1299
6043,1319.7517160078783,0.7434892953290712,1299
6044,1319.7517160078783,0.7434892953290712,1299
6045,1319.7517160078783,0.7434892953290712,1299
6046,1319.7517160078783,0.7434892953290712,1299
6047,1319.7517160078783,0.7434892953290712,1299
6048,1319.7517160078783,0.7434892953290712,1299
6049,1319.7517160078783,0.7434892953290712,1299
6050,1319.7517160078783,0.7434892953290712,1299
6051,1319.7517160078783,0.7434892953290712,1299
6052,1319.7517160078783,0.7434892953290712,1299
6053,1319.7517160078783,0.7434892953290712,1299
6054,1319.7517160078783,0.7434892953290712,1299
6055,1319.7517160078783,0.7434892953290712,1299
6056,1319.7517160078783,0.7434892953290712,1299
6057,1319.7517160078783,0.7434892953290712,1299
6058,1319.7517160078783,0.7434892953290712,1299
6059,1319.7517160078783,0.7434892953290712,1299
6060,1319.7517160078783,0.7434892953290712,1299
6061,1319.7517160078783,0.7434892953290712,1299
6062,1319.7517160078783,0.7434892953290712,1299
6063,1319.7517160078783,0.7434892953290712,1299
6064,1319.7517160078783,0.7434892953290712,1299
6065,1319.7517160078783,0.7434892953290712,1299
6066,1319.7517160078783,0.7434892953290712,1299
6067,1319.7517160078783,0.7434892953290712,1299
6068,1319.7517160078783,0.7434892953290712,1299
6069,1319.7517160078783,0.7434892953290712,1299
6070,1319.7517160078783,0.7434892953290712,1299
6071,1319.7517160078783,0.7434892953290712,1299
6072,1319.7517160078783,0.7434892953290712,1299
6073,1319.7517160078783,0.7434892953290712,1299
6074,1319.7517160078783,0.7434892953290712,1299
6075,1319.7517160078783,0.7434892953290712,1299
6076,1319.7517160078783,0.7434892953290712,1299
6077,1319.7517160078783,0.7434892953290712,1299
6078,1319.7517160078783,0.7434892953290712,1299
6079,1319.7517160078783,0.7434892953290712,1299
6080,1319.7517160078783,0.7434892953290712,1299
6081,1319.7517160078783,0.7434892953290712,1299
6082,1319.7517160078783,0.7434892953290712,1299
6083,1319.7517160078783,0.7434892953290712,1299
6084,1319.7517160078783,0.7434892953290712,1299
6085,1319.7517160078783,0.7434892953290712,1299
6086,1319.7517160078783,0.7434892953290712,1299
6087,1319.7517160078783,0.7434892953290712,1299
6088,1319.7517160078783,0.7434892953290712,1299
6089,1319.7517160078783,0.7434892953290712,1299
6090,1319.7517160078783,0.7434892953290712,1299
6091,1319.7517160078783,0.7434892953290712,1299
6092,1319.7517160078783,0.7434892953290712,1299
6093,1319.7517160078783,0.7434892953290712,1299
6094,1319.7517160078783,0.7434892953290712,1299
6095,1319.7517160078783,0.7434892953290712,1299
6096,1319.7517160078783,0.7434892953290712,1299
6097,1319.7517160078783,0.7434892953290712,1299
6098,1319.7517160078783,0.7434892953290712,1299
6099,1319.7517160078783,0.7434892953290712,1299
6100,1319.7517160078783,0.7434892953290712,1299
6101,1319.7517160078783,0.7434892953290712,1299
6102,1319.7517160078783,0.7434892953290712,1299
6103,1319.7517160078783,0.7434892953290712,1299
6104,1319.7517160078783,0.7434892953290712,1299
6105,1319.7517160078783,0.7434892953290712,1299
6106,1319.7517160078783,0.7434892953290712,1299
6107,1329.1948330768564,0.7503728915098099,1309
6108,1329.1948330768564,0.7503728915098099,1309
6109,1329.1948330768564,0.7503728915098099,1309
6110,1329.1948330768564,0.7503728915098099,1309
6111,1329.1948330768564,0.7503728915098099,1309
6112,1329.1948330768564,0.7503728915098099,1309
6113,1329.1948330768564,0.7503728915098099,1309
6114,1329.1948330768564,0.7503728915098099,1309
6115,1329.1948330768564,0.7503728915098099,1309
6116,1329.1948330768564,0.7503728915098099,1309
6117,1329.1948330768564,0.7503728915098099,1309
6118,1329.1948330768564,0.7503728915098099,1309
6119,1329.1948330768564,0.7503728915098099,1309
6120,1329.1948330768564,0.7503728915098099,1309
6121,1329.1948330768564,0.7503728915098099,1309
6122,1329.1948330768564,0.7503728915098099,1309
6123,1329.1948330768564,0.7503728915098099,1309
6124,1329.1948330768564,0.7503728915098099,1309
6125,1329.1948330768564,0.7503728915098099,1309
6126,1329.1948330768564,0.7503728915098099,1309
6127,1329.1948330768564,0.7503728915098099,1309
6128,1338.3466905662654,0.7484957902810213,1318
6129,1338.3466905662654,0.7484957902810213,1318
6130,1338.3466905662654,0.7484957902810213,1318
6131,1338.3466905662654,0.7484957902810213,1318
6132,1338.3466905662654,0.7484957902810213,1318
6133,1338.3466905662654,0.7484957902810213,1318
6134,1338.3466905662654,0.7484957902810213,1318
6135,1338.3466905662654,0.7484957902810213,1318
6136,1338.3466905662654,0.7484957902810213,1318
6137,1338.3466905662654,0.7484957902810213,1318
6138,1338.3466905662654,0.7484957902810213,1318
6139,1338.3466905662654,0.7484957902810213,1318
6140,1338.3466905662654,0.7484957902810213,1318
6141,1338.3466905662654,0.7484957902810213,1318
6142,1338.3466905662654,0.7484957902810213,1318
6143,1338.3466905662654,0.7484957902810213,1318
6144,1338.3466905662654,0.7484957902810213,1318
6145,1338.3466905662654,0.7484957902810213,1318
6146,1328.6346136696068,0.720214911376926,1306
6147,1328.6346136696068,0.720214911376926,1306
6148,1328.6346136696068,0.720214911376926,1306
6149,1338.3466905662654,0.7484957902810213,1318
6150,1338.3466905662654,0.7484957902810213,1318
6151,1338.3466905662654,0.7484957902810213,1318
6152,1338.3466905662654,0.7484957902810213,1318
6153,1338.3466905662654,0.7484957902810213,1318
6154,1366.5008278929988,0.7713123869839464,1348
6155,1366.5008278929988,0.7713123869839464,1348
6156,1366.5008278929988,0.7713123869839464,1348
6157,1366.5008278929988,0.7713123869839464,1348
6158,1366.5008278929988,0.7713123869839464,1348
6159,1366.5008278929988,0.7713123869839464,1348
6160,1366.5008278929988,0.7713123869839464,1348
6161,1366.5008278929988,0.7713123869839464,1348
6162,1366.5008278929988,0.7713123869839464,1348
6163,1366.5008278929988,0.7713123869839464,1348
6164,1366.5008278929988,0.7713123869839464,1348
6165,1366.5008278929988,0.7713123869839464,1348
6166,1366.5008278929988,0.7713123869839464,1348
6167,1366.5008278929988,0.7713123869839464,1348
6168,1366.5008278929988,0.7713123869839464,1348
6169,1366.5008278929988,0.7713123869839464,1348
6170,1366.5008278929988,0.7713123869839464,1348
6171,1366.5008278929988,0.7713123869839464,1348
6172,1366.5008278929988,0.7713123869839464,1348
6173,1366.5008278929988,0.7713123869839464,1348
6174,1366.5008278929988,0.7713123869839464,1348
6175,1366.5008278929988,0.7713123869839464,1348
6176,1366.5008278929988,0.7713123869839464,1348
6177,1366.5008278929988,0.7713123869839464,1348
6178,1366.5008278929988,0.7713123869839464,1348
6179,1343.9705386803234,0.7531453809601554,1324
6180,1343.9705386803234,0.7531453809601554,1324
6181,1343.9705386803234,0.7531453809601554,1324
6182,1343.9705386803234,0.7531453809601554,1324
6183,1343.9705386803234,0.7531453809601554,1324
6184,1343.9705386803234,0.7531453809601554,1324
6185,1343.9705386803234,0.7531453809601554,1324
6186,1343.9705386803234,0.7531453809601554,1324
6187,1343.9705386803234,0.7531453809601554,1324
6188,1343.9705386803234,0.7531453809601554,1324
6189,1343.9705386803234,0.7531453809601554,1324
6190,1343.9705386803234,0.7531453809601554,1324
6191,1343.9705386803234,0.7531453809601554,1324
6192,1343.9705386803234,0.7531453809601554,1324
6193,1343.9705386803234,0.7531453809601554,1324
6194,1343.9705386803234,0.7531453809601554,1324
6195,1343.9705386803234,0.7531453809601554,1324
6196,1343.9705386803234,0.7531453809601554,1324
6197,1343.9705386803234,0.7531453809601554,1324
6198,1343.9705386803234,0.7531453809601554,1324
6199,1356.172298212294,0.7506514436057593,1336
6200,1356.172298212294,0.7506514436057593,1336
6201,1356.172298212294,0.7506514436057593,1336
6202,1356.172298212294,0.7506514436057593,1336
6203,1356.172298212294,0.7506514436057593,1336
6204,1356.172298212294,0.7506514436057593,1336
6205,1356.172298212294,0.7506514436057593,1336
6206,1356.172298212294,0.7506514436057593,1336
6207,1356.172298212294,0.7506514436057593,1336
6208,1356.172298212294,0.7506514436057593,1336
6209,1356.172298212294,0.7506514436057593,1336
6210,1356.172298212294,0.7506514436057593,1336
6211,1356.172298212294,0.7506514436057593,1336
6212,1356.172298212294,0.7506514436057593,1336
6213,1356.172298212294,0.7506514436057593,1336
6214,1358.048486681893,0.752181870433954,1338
6215,1358.048486681893,0.752181870433954,1338
6216,1358.048486681893,0.752181870433954,1338
6217,1358.048486681893,0.752181870433954,1338
6218,1358.048486681893,0.752181870433954,1338
6219,1358.048486681893,0.752181870433954,1338
6220,1358.048486681893,0.752181870433954,1338
6221,1358.048486681893,0.752181870433954,1338
6222,1358.048486681893,0.752181870433954,1338
6223,1358.048486681893,0.752181870433954,1338
6224,1358.048486681893,0.752181870433954,1338
6225,1358.048486681893,0.752181870433954,1338
6226,1358.048486681893,0.752181870433954,1338
6227,1358.048486681893,0.752181870433954,1338
6228,1358.048486681893,0.752181870433954,1338
6229,1358.048486681893,0.752181870433954,1338
6230,1358.048486681893,0.752181870433954,1338
6231,1358.048486681893,0.752181870433954,1338
6232,1358.048486681893,0.752181870433954,1338
6233,1358.048486681893,0.752181870433954,1338
6234,1358.048486681893,0.752181870433954,1338
6235,1358.048486681893,0.752181870433954,1338
6236,1358.048486681893,0.752181870433954,1338
6237,1358.048486681893,0.752181870433954,1338
6238,1378.378161768166,0.7481067766604952,1358
6239,1378.378161768166,0.7481067766604952,1358
6240,1378.378161768166,0.7481067766604952,1358
6241,1378.378161768166,0.7481067766604952,1358
6242,1378.378161768166,0.7481067766604952,1358
6243,1378.378161768166,0.7481067766604952,1358
6244,1358.048486681893,0.752181870433954,1338
6245,1329.9696602249014,0.716073421200229,1307
6246,1329.9696602249014,0.716073421200229,1307
6247,1329.9696602249014,0.716073421200229,1307
6248,1329.9696602249014,0.716073421200229,1307
6249,1329.9696602249014,0.716073421200229,1307
6250,1332.7746116809712,0.7184844044379317,1310
6251,1322.6241379310345,0.7203444013469161,1300
6252,1322.6241379310345,0.7203444013469161,1300
6253,1303.4474580848712,0.7348892696554857,1282
6254,1303.4474580848712,0.7348892696554857,1282
6255,1291.7701709724172,0.7432611746301963,1271
6256,1291.7701709724172,0.7432611746301963,1271
6257,1291.7701709724172,0.7432611746301963,1271
6258,1291.7701709724172,0.7432611746301963,1271
6259,1291.7701709724172,0.7432611746301963,1271
6260,1291.7701709724172,0.7432611746301963,1271
6261,1291.7701709724172,0.7432611746301963,1271
6262,1291.7701709724172,0.7432611746301963,1271
6263,1291.7701709724172,0.7432611746301963,1271
6264,1291.7701709724172,0.7432611746301963,1271
6265,1291.7701709724172,0.7432611746301963,1271
6266,1291.7701709724172,0.7432611746301963,1271
6267,1291.7701709724172,0.7432611746301963,1271
6268,1291.7701709724172,0.7432611746301963,1271
6269,1294.9860888340531,0.7405922270203578,1274
6270,1294.9860888340531,0.7405922270203578,1274
6271,1294.9860888340531,0.7405922270203578,1274
6272,1294.9860888340531,0.7405922270203578,1274
6273,1294.9860888340531,0.7405922270203578,1274
6274,1294.9860888340531,0.7405922270203578,1274
6275,1294.9860888340531,0.7405922270203578,1274
6276,1294.9860888340531,0.7405922270203578,1274
6277,1294.9860888340531,0.7405922270203578,1274
6278,1294.9860888340531,0.7405922270203578,1274
6279,1294.9860888340531,0.7405922270203578,1274
6280,1294.9860888340531,0.7405922270203578,1274
6281,1294.9860888340531,0.7405922270203578,1274
6282,1294.9860888340531,0.7405922270203578,1274
6283,1294.9860888340531,0.7405922270203578,1274
6284,1294.9860888340531,0.7405922270203578,1274
6285,1294.9860888340531,0.7405922270203578,1274
6286,1294.9860888340531,0.7405922270203578,1274
6287,1294.9860888340531,0.7405922270203578,1274
6288,1294.9860888340531,0.7405922270203578,1274
6289,1305.7154108298548,0.7562990008670616,1286
6290,1305.7154108298548,0.7562990008670616,1286
6291,1305.7154108298548,0.7562990008670616,1286
6292,1305.7154108298548,0.7562990008670616,1286
6293,1305.7154108298548,0.7562990008670616,1286
6294,1305.7154108298548,0.7562990008670616,1286
6295,1305.7154108298548,0.7562990008670616,1286
6296,1305.7154108298548,0.7562990008670616,1286
6297,1305.7154108298548,0.7562990008670616,1286
6298,1305.7154108298548,0.7562990008670616,1286
6299,1305.7154108298548,0.7562990008670616,1286
6300,1305.7154108298548,0.7562990008670616,1286
6301,1305.7154108298548,0.7562990008670616,1286
6302,1305.7154108298548,0.7562990008670616,1286
6303,1305.7154108298548,0.7562990008670616,1286
6304,1305.7154108298548,0.7562990008670616,1286
6305,1305.7154108298548,0.7562990008670616,1286
6306,1305.7154108298548,0.7562990008670616,1286
6307,1285.1488875739644,0.7385798816568048,1264
6308,1285.1488875739644,0.7385798816568048,1264
6309,1285.1488875739644,0.7385798816568048,1264
6310,1285.1488875739644,0.7385798816568048,1264
6311,1285.1488875739644,0.7385798816568048,1264
6312,1285.1488875739644,0.7385798816568048,1264
6313,1285.1488875739644,0.7385798816568048,1264
6314,1282.264841757335,0.7371465790193451,1261
6315,1282.264841757335,0.7371465790193451,1261
6316,1282.264841757335,0.7371465790193451,1261
6317,1282.264841757335,0.7371465790193451,1261
6318,1282.264841757335,0.7371465790193451,1261
6319,1282.264841757335,0.7371465790193451,1261
6320,1282.264841757335,0.7371465790193451,1261
6321,1282.264841757335,0.7371465790193451,1261
6322,1282.264841757335,0.7371465790193451,1261
6323,1282.264841757335,0.7371465790193451,1261
6324,1282.264841757335,0.7371465790193451,1261
6325,1282.264841757335,0.7371465790193451,1261
6326,1282.264841757335,0.7371465790193451,1261
6327,1282.264841757335,0.7371465790193451,1261
6328,1282.264841757335,0.7371465790193451,1261
6329,1282.264841757335,0.7371465790193451,1261
6330,1282.264841757335,0.7371465790193451,1261
6331,1282.264841757335,0.7371465790193451,1261
6332,1282.264841757335,0.7371465790193451,1261
6333,1282.264841757335,0.7371465790193451,1261
6334,1282.264841757335,0.7371465790193451,1261
6335,1282.264841757335,0.7371465790193451,1261
6336,1282.264841757335,0.7371465790193451,1261
6337,1282.264841757335,0.7371465790193451,1261
6338,1282.264841757335,0.7371465790193451,1261
6339,1282.264841757335,0.7371465790193451,1261
6340,1282.264841757335,0.7371465790193451,1261
6341,1282.264841757335,0.7371465790193451,1261
6342,1282.264841757335,0.7371465790193451,1261
6343,1282.264841757335,0.7371465790193451,1261
6344,1282.264841757335,0.7371465790193451,1261
6345,1282.264841757335,0.7371465790193451,1261
6346,1282.264841757335,0.7371465790193451,1261
6347,1282.264841757335,0.7371465790193451,1261
6348,1282.264841757335,0.7371465790193451,1261
6349,1282.264841757335,0.7371465790193451,1261
6350,1282.264841757335,0.7371465790193451,1261
6351,1282.264841757335,0.7371465790193451,1261
6352,1282.264841757335,0.7371465790193451,1261
6353,1282.264841757335,0.7371465790193451,1261
6354,1282.264841757335,0.7371465790193451,1261
6355,1282.264841757335,0.7371465790193451,1261
6356,1282.264841757335,0.7371465790193451,1261
6357,1282.264841757335,0.7371465790193451,1261
6358,1282.264841757335,0.7371465790193451,1261
6359,1282.264841757335,0.7371465790193451,1261
6360,1282.264841757335,0.7371465790193451,1261
6361,1282.264841757335,0.7371465790193451,1261
6362,1282.264841757335,0.7371465790193451,1261
6363,1282.264841757335,0.7371465790193451,1261
6364,1282.264841757335,0.7371465790193451,1261
6365,1282.264841757335,0.7371465790193451,1261
6366,1282.264841757335,0.7371465790193451,1261
6367,1282.264841757335,0.7371465790193451,1261
6368,1282.264841757335,0.7371465790193451,1261
6369,1282.264841757335,0.7371465790193451,1261
6370,1282.264841757335,0.7371465790193451,1261
6371,1282.264841757335,0.7371465790193451,1261
6372,1282.264841757335,0.7371465790193451,1261
6373,1282.264841757335,0.7371465790193451,1261
6374,1282.264841757335,0.7371465790193451,1261
6375,1282.264841757335,0.7371465790193451,1261
6376,1282.264841757335,0.7371465790193451,1261
6377,1282.264841757335,0.7371465790193451,1261
6378,1282.264841757335,0.7371465790193451,1261
6379,1282.264841757335,0.7371465790193451,1261
6380,1282.264841757335,0.7371465790193451,1261
6381,1282.264841757335,0.7371465790193451,1261
6382,1282.264841757335,0.7371465790193451,1261
6383,1282.264841757335,0.7371465790193451,1261
6384,1282.264841757335,0.7371465790193451,1261
6385,1282.264841757335,0.7371465790193451,1261
6386,1282.264841757335,0.7371465790193451,1261
6387,1282.264841757335,0.7371465790193451,1261
6388,1282.264841757335,0.7371465790193451,1261
6389,1282.264841757335,0.7371465790193451,1261
6390,1282.264841757335,0.7371465790193451,1261
6391,1282.264841757335,0.7371465790193451,1261
6392,1282.264841757335,0.7371465790193451,1261
6393,1282.264841757335,0.7371465790193451,1261
6394,1282.264841757335,0.7371465790193451,1261
6395,1282.264841757335,0.7371465790193451,1261
6396,1282.264841757335,0.7371465790193451,1261
6397,1282.264841757335,0.7371465790193451,1261
6398,1282.264841757335,0.7371465790193451,1261
6399,1263.3639914126234,0.7359209961356805,1242
6400,1268.0273466658416,0.7400822414605475,1247
6401,1268.0273466658416,0.7400822414605475,1247
6402,1268.0273466658416,0.7400822414605475,1247
6403,1268.0273466658416,0.7400822414605475,1247
6404,1268.0273466658416,0.7400822414605475,1247
6405,1256.8395142028676,0.7300430877272253,1235
6406,1265.9881645221765,0.7282056301337891,1244
6407,1265.9881645221765,0.7282056301337891,1244
6408,1265.9881645221765,0.7282056301337891,1244
6409,1265.9881645221765,0.7282056301337891,1244
6410,1265.9881645221765,0.7282056301337891,1244
6411,1260.9058547483166,0.729223056263081,1239
6412,1260.9058547483166,0.729223056263081,1239
6413,1260.9058547483166,0.729223056263081,1239
6414,1260.9058547483166,0.729223056263081,1239
6415,1260.9058547483166,0.729223056263081,1239
6416,1260.9058547483166,0.729223056263081,1239
6417,1260.9058547483166,0.729223056263081,1239
6418,1268.0208983854939,0.7278010088319676,1246
6419,1268.0208983854939,0.7278010088319676,1246
6420,1268.0208983854939,0.7278010088319676,1246
6421,1268.0208983854939,0.7278010088319676,1246
6422,1268.0208983854939,0.7278010088319676,1246
6423,1268.0208983854939,0.7278010088319676,1246
6424,1268.0208983854939,0.7278010088319676,1246
6425,1268.0208983854939,0.7278010088319676,1246
6426,1268.0208983854939,0.7278010088319676,1246
6427,1268.0208983854939,0.7278010088319676,1246
6428,1268.0208983854939,0.7278010088319676,1246
6429,1268.0208983854939,0.7278010088319676,1246
6430,1268.0208983854939,0.7278010088319676,1246
6431,1268.0208983854939,0.7278010088319676,1246
6432,1269.0372248357414,0.7275991985693283,1247
6433,1269.0372248357414,0.7275991985693283,1247
6434,1269.0372248357414,0.7275991985693283,1247
6435,1277.1668728157067,0.7259966277415733,1255
6436,1277.1668728157067,0.7259966277415733,1255
6437,1277.1668728157067,0.7259966277415733,1255
6438,1277.1668728157067,0.7259966277415733,1255
6439,1277.1668728157067,0.7259966277415733,1255
6440,1277.1668728157067,0.7259966277415733,1255
6441,1277.1668728157067,0.7259966277415733,1255
6442,1277.1668728157067,0.7259966277415733,1255
6443,1277.1668728157067,0.7259966277415733,1255
6444,1277.1668728157067,0.7259966277415733,1255
6445,1277.1668728157067,0.7259966277415733,1255
6446,1279.0322762168362,0.7276603681478855,1257
6447,1279.0322762168362,0.7276603681478855,1257
6448,1279.0322762168362,0.7276603681478855,1257
6449,1279.0322762168362,0.7276603681478855,1257
6450,1279.0322762168362,0.7276603681478855,1257
6451,1279.0322762168362,0.7276603681478855,1257
6452,1279.0322762168362,0.7276603681478855,1257
6453,1279.0322762168362,0.7276603681478855,1257
6454,1279.0322762168362,0.7276603681478855,1257
6455,1279.0322762168362,0.7276603681478855,1257
6456,1279.0322762168362,0.7276603681478855,1257
6457,1279.0322762168362,0.7276603681478855,1257
6458,1279.0322762168362,0.7276603681478855,1257
6459,1279.0322762168362,0.7276603681478855,1257
6460,1279.0322762168362,0.7276603681478855,1257
6461,1279.0322762168362,0.7276603681478855,1257
6462,1279.0322762168362,0.7276603681478855,1257
6463,1279.0322762168362,0.7276603681478855,1257
6464,1279.0322762168362,0.7276603681478855,1257
6465,1279.0322762168362,0.7276603681478855,1257
6466,1279.0322762168362,0.7276603681478855,1257
6467,1279.0322762168362,0.7276603681478855,1257
6468,1279.0322762168362,0.7276603681478855,1257
6469,1279.0322762168362,0.7276603681478855,1257
6470,1279.0322762168362,0.7276603681478855,1257
6471,1279.0322762168362,0.7276603681478855,1257
6472,1279.0322762168362,0.7276603681478855,1257
6473,1279.0322762168362,0.7276603681478855,1257
6474,1277.1668728157067,0.7259966277415733,1255
6475,1277.1668728157067,0.7259966277415733,1255
6476,1281.8310894812073,0.730147225201393,1260
6477,1281.8310894812073,0.730147225201393,1260
6478,1281.8310894812073,0.730147225201393,1260
6479,1281.8310894812073,0.730147225201393,1260
6480,1281.8310894812073,0.730147225201393,1260
6481,1281.8310894812073,0.730147225201393,1260
6482,1281.8310894812073,0.730147225201393,1260
6483,1273.4371902165933,0.7226552507219621,1251
6484,1273.4371902165933,0.7226552507219621,1251
6485,1273.4371902165933,0.7226552507219621,1251
6486,1273.4371902165933,0.7226552507219621,1251
6487,1273.4371902165933,0.7226552507219621,1251
6488,1273.4371902165933,0.7226552507219621,1251
6489,1273.4371902165933,0.7226552507219621,1251
6490,1273.4371902165933,0.7226552507219621,1251
6491,1273.4371902165933,0.7226552507219621,1251
6492,1273.4371902165933,0.7226552507219621,1251
6493,1273.4371902165933,0.7226552507219621,1251
6494,1273.4371902165933,0.7226552507219621,1251
6495,1273.4371902165933,0.7226552507219621,1251
6496,1273.4371902165933,0.7226552507219621,1251
6497,1273.4371902165933,0.7226552507219621,1251
6498,1273.4371902165933,0.7226552507219621,1251
6499,1273.4371902165933,0.7226552507219621,1251
6500,1273.4371902165933,0.7226552507219621,1251
6501,1273.4371902165933,0.7226552507219621,1251
6502,1273.4371902165933,0.7226552507219621,1251
6503,1273.4371902165933,0.7226552507219621,1251
6504,1273.4371902165933,0.7226552507219621,1251
6505,1273.4371902165933,0.7226552507219621,1251
6506,1273.4371902165933,0.7226552507219621,1251
6507,1286.6419651678507,0.7201240399524033,1264
6508,1286.6419651678507,0.7201240399524033,1264
6509,1286.6419651678507,0.7201240399524033,1264
6510,1286.6419651678507,0.7201240399524033,1264
6511,1286.6419651678507,0.7201240399524033,1264
6512,1286.6419651678507,0.7201240399524033,1264
6513,1272.421255787444,0.7228522152355503,1250
6514,1272.421255787444,0.7228522152355503,1250
6515,1254.1298686679174,0.726454033771107,1232
6516,1254.1298686679174,0.726454033771107,1232
6517,1254.1298686679174,0.726454033771107,1232
6518,1254.1298686679174,0.726454033771107,1232
6519,1254.1298686679174,0.726454033771107,1232
6520,1254.1298686679174,0.726454033771107,1232
6521,1254.1298686679174,0.726454033771107,1232
6522,1254.1298686679174,0.726454033771107,1232
6523,1254.1298686679174,0.726454033771107,1232
6524,1261.5839908750354,0.7332015961058679,1240
6525,1261.5839908750354,0.7332015961058679,1240
6526,1261.5839908750354,0.7332015961058679,1240
6527,1261.5839908750354,0.7332015961058679,1240
6528,1261.5839908750354,0.7332015961058679,1240
6529,1261.5839908750354,0.7332015961058679,1240
6530,1262.5162019265142,0.7340395311926562,1241
6531,1262.5162019265142,0.7340395311926562,1241
6532,1262.5162019265142,0.7340395311926562,1241
6533,1262.5162019265142,0.7340395311926562,1241
6534,1262.5162019265142,0.7340395311926562,1241
6535,1262.5162019265142,0.7340395311926562,1241
6536,1262.5162019265142,0.7340395311926562,1241
6537,1262.5162019265142,0.7340395311926562,1241
6538,1262.5162019265142,0.7340395311926562,1241
6539,1262.5162019265142,0.7340395311926562,1241
6540,1262.5162019265142,0.7340395311926562,1241
6541,1262.5162019265142,0.7340395311926562,1241
6542,1262.5162019265142,0.7340395311926562,1241
6543,1262.5162019265142,0.7340395311926562,1241
6544,1262.5162019265142,0.7340395311926562,1241
6545,1262.5162019265142,0.7340395311926562,1241
6546,1262.5162019265142,0.7340395311926562,1241
6547,1253.278359229335,0.7369794903666874,1232
6548,1253.278359229335,0.7369794903666874,1232
6549,1253.278359229335,0.7369794903666874,1232
6550,1253.278359229335,0.7369794903666874,1232
6551,1253.278359229335,0.7369794903666874,1232
6552,1253.278359229335,0.7369794903666874,1232
6553,1253.278359229335,0.7369794903666874,1232
6554,1253.278359229335,0.7369794903666874,1232
6555,1253.278359229335,0.7369794903666874,1232
6556,1253.278359229335,0.7369794903666874,1232
6557,1253.278359229335,0.7369794903666874,1232
6558,1253.278359229335,0.7369794903666874,1232
6559,1253.278359229335,0.7369794903666874,1232
6560,1253.278359229335,0.7369794903666874,1232
6561,1253.278359229335,0.7369794903666874,1232
6562,1253.278359229335,0.7369794903666874,1232
6563,1253.278359229335,0.7369794903666874,1232
6564,1253.278359229335,0.7369794903666874,1232
6565,1253.278359229335,0.7369794903666874,1232
6566,1253.278359229335,0.7369794903666874,1232
6567,1253.278359229335,0.7369794903666874,1232
6568,1253.278359229335,0.7369794903666874,1232
6569,1251.414705882353,0.7352941176470589,1230
6570,1251.1586146303748,0.7384596461016711,1230
6571,1251.1586146303748,0.7384596461016711,1230
6572,1251.1586146303748,0.7384596461016711,1230
6573,1251.1586146303748,0.7384596461016711,1230
6574,1251.1586146303748,0.7384596461016711,1230
6575,1251.1586146303748,0.7384596461016711,1230
6576,1251.1586146303748,0.7384596461016711,1230
6577,1251.1586146303748,0.7384596461016711,1230
6578,1251.1586146303748,0.7384596461016711,1230
6579,1251.1586146303748,0.7384596461016711,1230
6580,1251.1586146303748,0.7384596461016711,1230
6581,1251.1586146303748,0.7384596461016711,1230
6582,1251.1586146303748,0.7384596461016711,1230
6583,1251.1586146303748,0.7384596461016711,1230
6584,1229.7892473167474,0.743025373093358,1209
6585,1229.7892473167474,0.743025373093358,1209
6586,1229.7892473167474,0.743025373093358,1209
6587,1229.7892473167474,0.743025373093358,1209
6588,1229.7892473167474,0.743025373093358,1209
6589,1229.7892473167474,0.743025373093358,1209
6590,1229.7892473167474,0.743025373093358,1209
6591,1229.7892473167474,0.743025373093358,1209
6592,1229.7892473167474,0.743025373093358,1209
6593,1229.7892473167474,0.743025373093358,1209
6594,1229.7892473167474,0.743025373093358,1209
6595,1229.7892473167474,0.743025373093358,1209
6596,1229.7892473167474,0.743025373093358,1209
6597,1229.7892473167474,0.743025373093358,1209
6598,1229.7892473167474,0.743025373093358,1209
6599,1229.7892473167474,0.743025373093358,1209
6600,1229.7892473167474,0.743025373093358,1209
6601,1229.7892473167474,0.743025373093358,1209
6602,1229.7892473167474,0.743025373093358,1209
6603,1229.7892473167474,0.743025373093358,1209
6604,1229.7892473167474,0.743025373093358,1209
6605,1229.7892473167474,0.743025373093358,1209
6606,1229.7892473167474,0.743025373093358,1209
6607,1229.7892473167474,0.743025373093358,1209
6608,1229.7892473167474,0.743025373093358,1209
6609,1229.7892473167474,0.743025373093358,1209
6610,1229.7892473167474,0.743025373093358,1209
6611,1229.7892473167474,0.743025373093358,1209
6612,1229.7892473167474,0.743025373093358,1209
6613,1229.7892473167474,0.743025373093358,1209
6614,1229.7892473167474,0.743025373093358,1209
6615,1229.7892473167474,0.743025373093358,1209
6616,1229.7892473167474,0.743025373093358,1209
6617,1229.7892473167474,0.743025373093358,1209
6618,1229.7892473167474,0.743025373093358,1209
6619,1229.7892473167474,0.743025373093358,1209
6620,1229.7892473167474,0.743025373093358,1209
6621,1229.7892473167474,0.743025373093358,1209
6622,1231.8249837206122,0.7425836375696874,1211
6623,1231.8249837206122,0.7425836375696874,1211
6624,1231.8249837206122,0.7425836375696874,1211
6625,1245.8036475269812,0.7552083123982555,1226
6626,1245.8036475269812,0.7552083123982555,1226
6627,1249.2009082907048,0.7502977961593982,1229
6628,1249.2009082907048,0.7502977961593982,1229
6629,1249.2009082907048,0.7502977961593982,1229
6630,1249.2009082907048,0.7502977961593982,1229
6631,1249.2009082907048,0.7502977961593982,1229
6632,1249.2009082907048,0.7502977961593982,1229
6633,1249.2009082907048,0.7502977961593982,1229
6634,1249.2009082907048,0.7502977961593982,1229
6635,1249.2009082907048,0.7502977961593982,1229
6636,1249.2009082907048,0.7502977961593982,1229
6637,1249.2009082907048,0.7502977961593982,1229
6638,1249.2009082907048,0.7502977961593982,1229
6639,1249.2009082907048,0.7502977961593982,1229
6640,1249.2009082907048,0.7502977961593982,1229
6641,1249.2009082907048,0.7502977961593982,1229
6642,1249.2009082907048,0.7502977961593982,1229
6643,1249.2009082907048,0.7502977961593982,1229
6644,1249.2009082907048,0.7502977961593982,1229
6645,1249.2009082907048,0.7502977961593982,1229
6646,1249.2009082907048,0.7502977961593982,1229
6647,1249.2009082907048,0.7502977961593982,1229
6648,1249.2009082907048,0.7502977961593982,1229
6649,1249.2009082907048,0.7502977961593982,1229
6650,1249.2009082907048,0.7502977961593982,1229
6651,1249.2009082907048,0.7502977961593982,1229
6652,1249.2009082907048,0.7502977961593982,1229
6653,1249.2009082907048,0.7502977961593982,1229
6654,1249.2009082907048,0.7502977961593982,1229
6655,1249.2009082907048,0.7502977961593982,1229
6656,1249.2009082907048,0.7502977961593982,1229
6657,1249.2009082907048,0.7502977961593982,1229
6658,1249.2009082907048,0.7502977961593982,1229
6659,1249.2009082907048,0.7502977961593982,1229
6660,1249.2009082907048,0.7502977961593982,1229
6661,1249.2009082907048,0.7502977961593982,1229
6662,1249.2009082907048,0.7502977961593982,1229
6663,1249.2009082907048,0.7502977961593982,1229
6664,1249.2009082907048,0.7502977961593982,1229
6665,1249.2009082907048,0.7502977961593982,1229
6666,1249.2009082907048,0.7502977961593982,1229
6667,1249.2009082907048,0.7502977961593982,1229
6668,1249.2009082907048,0.7502977961593982,1229
6669,1249.2009082907048,0.7502977961593982,1229
6670,1247.4318302480667,0.735082444399669,1226
6671,1247.4318302480667,0.735082444399669,1226
6672,1247.4318302480667,0.735082444399669,1226
6673,1247.4318302480667,0.735082444399669,1226
6674,1247.4318302480667,0.735082444399669,1226
6675,1247.4318302480667,0.735082444399669,1226
6676,1247.4318302480667,0.735082444399669,1226
6677,1247.4318302480667,0.735082444399669,1226
6678,1247.4318302480667,0.735082444399669,1226
6679,1247.4318302480667,0.735082444399669,1226
6680,1247.4318302480667,0.735082444399669,1226
6681,1247.4318302480667,0.735082444399669,1226
6682,1247.4318302480667,0.735082444399669,1226
6683,1247.4318302480667,0.735082444399669,1226
6684,1247.4318302480667,0.735082444399669,1226
6685,1247.4318302480667,0.735082444399669,1226
6686,1247.4318302480667,0.735082444399669,1226
6687,1247.4318302480667,0.735082444399669,1226
6688,1247.4318302480667,0.735082444399669,1226
6689,1247.4318302480667,0.735082444399669,1226
6690,1247.4318302480667,0.735082444399669,1226
6691,1247.4318302480667,0.735082444399669,1226
6692,1247.6980379701322,0.7194309274396529,1225
6693,1247.6980379701322,0.7194309274396529,1225
6694,1247.6980379701322,0.7194309274396529,1225
6695,1247.6980379701322,0.7194309274396529,1225
6696,1247.6980379701322,0.7194309274396529,1225
6697,1247.6980379701322,0.7194309274396529,1225
6698,1247.6980379701322,0.7194309274396529,1225
6699,1247.6980379701322,0.7194309274396529,1225
6700,1247.6980379701322,0.7194309274396529,1225
6701,1247.6980379701322,0.7194309274396529,1225
6702,1247.6980379701322,0.7194309274396529,1225
6703,1247.6980379701322,0.7194309274396529,1225
6704,1247.6980379701322,0.7194309274396529,1225
6705,1247.6980379701322,0.7194309274396529,1225
6706,1247.6980379701322,0.7194309274396529,1225
6707,1247.6980379701322,0.7194309274396529,1225
6708,1247.6980379701322,0.7194309274396529,1225
6709,1247.6980379701322,0.7194309274396529,1225
6710,1247.6980379701322,0.7194309274396529,1225
6711,1247.6980379701322,0.7194309274396529,1225
6712,1247.6980379701322,0.7194309274396529,1225
6713,1247.6980379701322,0.7194309274396529,1225
6714,1247.6980379701322,0.7194309274396529,1225
6715,1247.6980379701322,0.7194309274396529,1225
6716,1247.6980379701322,0.7194309274396529,1225
6717,1247.6980379701322,0.7194309274396529,1225
6718,1247.6980379701322,0.7194309274396529,1225
6719,1247.6980379701322,0.7194309274396529,1225
6720,1247.6980379701322,0.7194309274396529,1225
6721,1242.6038132064248,0.7329565734681737,1221
6722,1242.6038132064248,0.7329565734681737,1221
6723,1242.6038132064248,0.7329565734681737,1221
6724,1242.6038132064248,0.7329565734681737,1221
6725,1242.6038132064248,0.7329565734681737,1221
6726,1242.6038132064248,0.7329565734681737,1221
6727,1242.6038132064248,0.7329565734681737,1221
6728,1242.6038132064248,0.7329565734681737,1221
6729,1242.6038132064248,0.7329565734681737,1221
6730,1242.6038132064248,0.7329565734681737,1221
6731,1242.6038132064248,0.7329565734681737,1221
6732,1262.9388604108597,0.7288150752674942,1241
6733,1262.9388604108597,0.7288150752674942,1241
6734,1271.3307202059939,0.7363322595056371,1250
6735,1271.3307202059939,0.7363322595056371,1250
6736,1271.3307202059939,0.7363322595056371,1250
6737,1271.3307202059939,0.7363322595056371,1250
6738,1277.8632882444942,0.7421101576700342,1257
6739,1277.8632882444942,0.7421101576700342,1257
6740,1277.8632882444942,0.7421101576700342,1257
6741,1277.8632882444942,0.7421101576700342,1257
6742,1277.8632882444942,0.7421101576700342,1257
6743,1303.2836775651488,0.7369137507398175,1282
6744,1309.8280797478728,0.7425453677642405,1289
6745,1309.8280797478728,0.7425453677642405,1289
6746,1309.8280797478728,0.7425453677642405,1289
6747,1309.8280797478728,0.7425453677642405,1289
6748,1304.7439677210427,0.7435850714333394,1284
6749,1299.1353648585814,0.7387470351226025,1278
6750,1299.1353648585814,0.7387470351226025,1278
6751,1295.6453652927648,0.7324429506456749,1274
6752,1295.6453652927648,0.7324429506456749,1274
6753,1295.6453652927648,0.7324429506456749,1274
6754,1295.6453652927648,0.7324429506456749,1274
6755,1295.6453652927648,0.7324429506456749,1274
6756,1295.6453652927648,0.7324429506456749,1274
6757,1298.5297782268044,0.7338717153670643,1277
6758,1298.5297782268044,0.7338717153670643,1277
6759,1298.5297782268044,0.7338717153670643,1277
6760,1298.5297782268044,0.7338717153670643,1277
6761,1298.5297782268044,0.7338717153670643,1277
6762,1298.5297782268044,0.7338717153670643,1277
6763,1298.5297782268044,0.7338717153670643,1277
6764,1298.5297782268044,0.7338717153670643,1277
6765,1298.5297782268044,0.7338717153670643,1277
6766,1298.5297782268044,0.7338717153670643,1277
6767,1298.5297782268044,0.7338717153670643,1277
6768,1298.5297782268044,0.7338717153670643,1277
6769,1298.5297782268044,0.7338717153670643,1277
6770,1304.136453723043,0.7387335757349464,1283
6771,1304.136453723043,0.7387335757349464,1283
6772,1304.136453723043,0.7387335757349464,1283
6773,1304.136453723043,0.7387335757349464,1283
6774,1304.136453723043,0.7387335757349464,1283
6775,1304.136453723043,0.7387335757349464,1283
6776,1304.136453723043,0.7387335757349464,1283
6777,1304.136453723043,0.7387335757349464,1283
6778,1304.136453723043,0.7387335757349464,1283
6779,1304.136453723043,0.7387335757349464,1283
6780,1321.7375971031752,0.7313028788235457,1300
6781,1321.7375971031752,0.7313028788235457,1300
6782,1321.7375971031752,0.7313028788235457,1300
6783,1321.7375971031752,0.7313028788235457,1300
6784,1321.7375971031752,0.7313028788235457,1300
6785,1312.5935613994498,0.7330832954332529,1291
6786,1316.3336388382763,0.7362961824687726,1295
6787,1316.3336388382763,0.7362961824687726,1295
6788,1316.3336388382763,0.7362961824687726,1295
6789,1316.3336388382763,0.7362961824687726,1295
6790,1316.3336388382763,0.7362961824687726,1295
6791,1316.3336388382763,0.7362961824687726,1295
6792,1316.3336388382763,0.7362961824687726,1295
6793,1316.3336388382763,0.7362961824687726,1295
6794,1316.3336388382763,0.7362961824687726,1295
6795,1309.789468779124,0.7306616961789375,1288
6796,1309.789468779124,0.7306616961789375,1288
6797,1309.789468779124,0.7306616961789375,1288
6798,1309.789468779124,0.7306616961789375,1288
6799,1309.789468779124,0.7306616961789375,1288
6800,1306.051954508633,0.7274171259748717,1284
6801,1306.051954508633,0.7274171259748717,1284
6802,1306.051954508633,0.7274171259748717,1284
6803,1306.051954508633,0.7274171259748717,1284
6804,1306.051954508633,0.7274171259748717,1284
6805,1306.051954508633,0.7274171259748717,1284
6806,1306.051954508633,0.7274171259748717,1284
6807,1306.051954508633,0.7274171259748717,1284
6808,1306.051954508633,0.7274171259748717,1284
6809,1306.051954508633,0.7274171259748717,1284
6810,1306.051954508633,0.7274171259748717,1284
6811,1306.051954508633,0.7274171259748717,1284
6812,1306.051954508633,0.7274171259748717,1284
6813,1306.051954508633,0.7274171259748717,1284
6814,1306.051954508633,0.7274171259748717,1284
6815,1306.051954508633,0.7274171259748717,1284
6816,1296.908443477348,0.7291910571403196,1275
6817,1296.908443477348,0.7291910571403196,1275
6818,1307.0677726180902,0.72722159928195,1285
6819,1307.0677726180902,0.72722159928195,1285
6820,1307.0677726180902,0.72722159928195,1285
6821,1321.300418258018,0.7490677594806183,1301
6822,1326.9195890759129,0.7537751659343287,1307
6823,1326.9195890759129,0.7537751659343287,1307
6824,1299.7923999534771,0.7306254641102949,1278
6825,1299.7923999534771,0.7306254641102949,1278
6826,1299.7923999534771,0.7306254641102949,1278
6827,1299.7923999534771,0.7306254641102949,1278
6828,1272.347572062491,0.7361239547281705,1251
6829,1272.347572062491,0.7361239547281705,1251
6830,1272.347572062491,0.7361239547281705,1251
6831,1272.347572062491,0.7361239547281705,1251
6832,1272.347572062491,0.7361239547281705,1251
6833,1272.347572062491,0.7361239547281705,1251
6834,1272.347572062491,0.7361239547281705,1251
6835,1272.347572062491,0.7361239547281705,1251
6836,1278.5164689176627,0.7216752914998427,1256
6837,1278.5164689176627,0.7216752914998427,1256
6838,1278.5164689176627,0.7216752914998427,1256
6839,1278.5164689176627,0.7216752914998427,1256
6840,1278.5164689176627,0.7216752914998427,1256
6841,1278.5164689176627,0.7216752914998427,1256
6842,1278.5164689176627,0.7216752914998427,1256
6843,1278.5164689176627,0.7216752914998427,1256
6844,1278.5164689176627,0.7216752914998427,1256
6845,1278.5164689176627,0.7216752914998427,1256
6846,1278.5164689176627,0.7216752914998427,1256
6847,1278.5164689176627,0.7216752914998427,1256
6848,1278.5164689176627,0.7216752914998427,1256
6849,1278.5164689176627,0.7216752914998427,1256
6850,1278.5164689176627,0.7216752914998427,1256
6851,1278.5164689176627,0.7216752914998427,1256
6852,1278.5164689176627,0.7216752914998427,1256
6853,1278.5164689176627,0.7216752914998427,1256
6854,1278.5164689176627,0.7216752914998427,1256
6855,1278.5164689176627,0.7216752914998427,1256
6856,1278.5164689176627,0.7216752914998427,1256
6857,1278.5164689176627,0.7216752914998427,1256
6858,1278.5164689176627,0.7216752914998427,1256
6859,1278.5164689176627,0.7216752914998427,1256
6860,1278.5164689176627,0.7216752914998427,1256
6861,1278.5164689176627,0.7216752914998427,1256
6862,1278.5164689176627,0.7216752914998427,1256
6863,1278.5164689176627,0.7216752914998427,1256
6864,1278.5164689176627,0.7216752914998427,1256
6865,1278.5164689176627,0.7216752914998427,1256
6866,1278.5164689176627,0.7216752914998427,1256
6867,1278.5164689176627,0.7216752914998427,1256
6868,1278.5164689176627,0.7216752914998427,1256
6869,1278.5164689176627,0.7216752914998427,1256
6870,1278.5164689176627,0.7216752914998427,1256
6871,1278.5164689176627,0.7216752914998427,1256
6872,1278.5164689176627,0.7216752914998427,1256
6873,1278.5164689176627,0.7216752914998427,1256
6874,1278.5164689176627,0.7216752914998427,1256
6875,1278.5164689176627,0.7216752914998427,1256
6876,1278.5164689176627,0.7216752914998427,1256
6877,1278.5164689176627,0.7216752914998427,1256
6878,1278.5164689176627,0.7216752914998427,1256
6879,1278.5164689176627,0.7216752914998427,1256
6880,1278.5164689176627,0.7216752914998427,1256
6881,1278.5164689176627,0.7216752914998427,1256
6882,1278.5164689176627,0.7216752914998427,1256
6883,1278.5164689176627,0.7216752914998427,1256
6884,1278.5164689176627,0.7216752914998427,1256
6885,1278.5164689176627,0.7216752914998427,1256
6886,1278.5164689176627,0.7216752914998427,1256
6887,1278.5164689176627,0.7216752914998427,1256
6888,1278.5164689176627,0.7216752914998427,1256
6889,1278.5164689176627,0.7216752914998427,1256
6890,1278.5164689176627,0.7216752914998427,1256
6891,1278.5164689176627,0.7216752914998427,1256
6892,1278.5164689176627,0.7216752914998427,1256
6893,1278.5164689176627,0.7216752914998427,1256
6894,1278.5164689176627,0.7216752914998427,1256
6895,1278.5164689176627,0.7216752914998427,1256
6896,1278.5164689176627,0.7216752914998427,1256
6897,1282.247041889216,0.725005662679653,1260
6898,1282.247041889216,0.725005662679653,1260
6899,1282.247041889216,0.725005662679653,1260
6900,1282.247041889216,0.725005662679653,1260
6901,1282.247041889216,0.725005662679653,1260
6902,1282.247041889216,0.725005662679653,1260
6903,1292.5138065022134,0.7340691408873495,1271
6904,1292.5138065022134,0.7340691408873495,1271
6905,1292.5138065022134,0.7340691408873495,1271
6906,1292.5138065022134,0.7340691408873495,1271
6907,1292.5138065022134,0.7340691408873495,1271
6908,1292.5138065022134,0.7340691408873495,1271
6909,1292.5138065022134,0.7340691408873495,1271
6910,1292.5138065022134,0.7340691408873495,1271
6911,1292.5138065022134,0.7340691408873495,1271
6912,1292.5138065022134,0.7340691408873495,1271
6913,1292.5138065022134,0.7340691408873495,1271
6914,1292.5138065022134,0.7340691408873495,1271
6915,1292.5138065022134,0.7340691408873495,1271
6916,1292.5138065022134,0.7340691408873495,1271
6917,1292.5138065022134,0.7340691408873495,1271
6918,1292.5138065022134,0.7340691408873495,1271
6919,1292.5138065022134,0.7340691408873495,1271
6920,1292.5138065022134,0.7340691408873495,1271
6921,1292.5138065022134,0.7340691408873495,1271
6922,1292.5138065022134,0.7340691408873495,1271
6923,1292.5138065022134,0.7340691408873495,1271
6924,1292.5138065022134,0.7340691408873495,1271
6925,1292.5138065022134,0.7340691408873495,1271
6926,1292.5138065022134,0.7340691408873495,1271
6927,1292.5138065022134,0.7340691408873495,1271
6928,1292.5138065022134,0.7340691408873495,1271
6929,1292.5138065022134,0.7340691408873495,1271
6930,1292.5138065022134,0.7340691408873495,1271
6931,1292.5138065022134,0.7340691408873495,1271
6932,1292.5138065022134,0.7340691408873495,1271
6933,1292.5138065022134,0.7340691408873495,1271
6934,1292.5138065022134,0.7340691408873495,1271
6935,1292.5138065022134,0.7340691408873495,1271
6936,1292.5138065022134,0.7340691408873495,1271
6937,1292.5138065022134,0.7340691408873495,1271
6938,1292.5138065022134,0.7340691408873495,1271
6939,1292.5138065022134,0.7340691408873495,1271
6940,1292.5138065022134,0.7340691408873495,1271
6941,1292.5138065022134,0.7340691408873495,1271
6942,1292.5138065022134,0.7340691408873495,1271
6943,1292.5138065022134,0.7340691408873495,1271
6944,1292.5138065022134,0.7340691408873495,1271
6945,1292.5138065022134,0.7340691408873495,1271
6946,1292.5138065022134,0.7340691408873495,1271
6947,1292.5138065022134,0.7340691408873495,1271
6948,1292.5138065022134,0.7340691408873495,1271
6949,1292.5138065022134,0.7340691408873495,1271
6950,1292.5138065022134,0.7340691408873495,1271
6951,1292.5138065022134,0.7340691408873495,1271
6952,1292.5138065022134,0.7340691408873495,1271
6953,1292.5138065022134,0.7340691408873495,1271
6954,1292.5138065022134,0.7340691408873495,1271
6955,1292.5138065022134,0.7340691408873495,1271
6956,1292.5138065022134,0.7340691408873495,1271
6957,1292.5138065022134,0.7340691408873495,1271
6958,1292.5138065022134,0.7340691408873495,1271
6959,1292.5138065022134,0.7340691408873495,1271
6960,1292.5138065022134,0.7340691408873495,1271
6961,1292.5138065022134,0.7340691408873495,1271
6962,1292.5138065022134,0.7340691408873495,1271
6963,1292.5138065022134,0.7340691408873495,1271
6964,1292.5138065022134,0.7340691408873495,1271
6965,1292.5138065022134,0.7340691408873495,1271
6966,1292.5138065022134,0.7340691408873495,1271
6967,1292.5138065022134,0.7340691408873495,1271
6968,1292.5138065022134,0.7340691408873495,1271
6969,1292.5138065022134,0.7340691408873495,1271
6970,1292.5138065022134,0.7340691408873495,1271
6971,1292.5138065022134,0.7340691408873495,1271
6972,1292.5138065022134,0.7340691408873495,1271
6973,1292.5138065022134,0.7340691408873495,1271
6974,1292.5138065022134,0.7340691408873495,1271
6975,1292.5138065022134,0.7340691408873495,1271
6976,1292.5138065022134,0.7340691408873495,1271
6977,1292.5138065022134,0.7340691408873495,1271
6978,1292.5138065022134,0.7340691408873495,1271
6979,1292.5138065022134,0.7340691408873495,1271
6980,1292.5138065022134,0.7340691408873495,1271
6981,1292.5138065022134,0.7340691408873495,1271
6982,1292.5138065022134,0.7340691408873495,1271
6983,1292.5138065022134,0.7340691408873495,1271
6984,1292.5138065022134,0.7340691408873495,1271
6985,1292.5138065022134,0.7340691408873495,1271
6986,1292.5138065022134,0.7340691408873495,1271
6987,1292.5138065022134,0.7340691408873495,1271
6988,1292.5138065022134,0.7340691408873495,1271
6989,1292.5138065022134,0.7340691408873495,1271
6990,1292.5138065022134,0.7340691408873495,1271
6991,1292.5138065022134,0.7340691408873495,1271
6992,1292.5138065022134,0.7340691408873495,1271
6993,1292.5138065022134,0.7340691408873495,1271
6994,1292.5138065022134,0.7340691408873495,1271
6995,1292.5138065022134,0.7340691408873495,1271
6996,1292.5138065022134,0.7340691408873495,1271
6997,1292.5138065022134,0.7340691408873495,1271
6998,1292.5138065022134,0.7340691408873495,1271
6999,1315.8849905462278,0.7294809574013889,1294
7000,1300.6444637923855,0.732454094037262,1279
7001,1300.6444637923855,0.732454094037262,1279
7002,1300.6444637923855,0.732454094037262,1279
7003,1300.6444637923855,0.732454094037262,1279
7004,1300.6444637923855,0.732454094037262,1279
7005,1300.6444637923855,0.732454094037262,1279
7006,1300.6444637923855,0.732454094037262,1279
7007,1302.5130329578303,0.7340787026226155,1281
7008,1302.5130329578303,0.7340787026226155,1281
7009,1302.5130329578303,0.7340787026226155,1281
7010,1302.5130329578303,0.7340787026226155,1281
7011,1302.5130329578303,0.7340787026226155,1281
7012,1302.5130329578303,0.7340787026226155,1281
7013,1302.5130329578303,0.7340787026226155,1281
7014,1302.5130329578303,0.7340787026226155,1281
7015,1302.5130329578303,0.7340787026226155,1281
7016,1302.5130329578303,0.7340787026226155,1281
7017,1302.5130329578303,0.7340787026226155,1281
7018,1302.5130329578303,0.7340787026226155,1281
7019,1302.5130329578303,0.7340787026226155,1281
7020,1302.5130329578303,0.7340787026226155,1281
7021,1302.5130329578303,0.7340787026226155,1281
7022,1302.5130329578303,0.7340787026226155,1281
7023,1302.5130329578303,0.7340787026226155,1281
7024,1302.5130329578303,0.7340787026226155,1281
7025,1302.5130329578303,0.7340787026226155,1281
7026,1302.5130329578303,0.7340787026226155,1281
7027,1302.5130329578303,0.7340787026226155,1281
7028,1302.5130329578303,0.7340787026226155,1281
7029,1302.5130329578303,0.7340787026226155,1281
7030,1302.5130329578303,0.7340787026226155,1281
7031,1302.5130329578303,0.7340787026226155,1281
7032,1302.5130329578303,0.7340787026226155,1281
7033,1302.5130329578303,0.7340787026226155,1281
7034,1302.5130329578303,0.7340787026226155,1281
7035,1302.5130329578303,0.7340787026226155,1281
7036,1301.4967104378613,0.734280464303321,1280
7037,1301.4967104378613,0.734280464303321,1280
7038,1301.4967104378613,0.734280464303321,1280
7039,1301.4967104378613,0.734280464303321,1280
7040,1301.4967104378613,0.734280464303321,1280
7041,1301.4967104378613,0.734280464303321,1280
7042,1301.4967104378613,0.734280464303321,1280
7043,1301.4967104378613,0.734280464303321,1280
7044,1301.4967104378613,0.734280464303321,1280
7045,1301.4967104378613,0.734280464303321,1280
7046,1301.4967104378613,0.734280464303321,1280
7047,1301.4967104378613,0.734280464303321,1280
7048,1301.4967104378613,0.734280464303321,1280
7049,1301.4967104378613,0.734280464303321,1280
7050,1301.4967104378613,0.734280464303321,1280
7051,1301.4967104378613,0.734280464303321,1280
7052,1301.4967104378613,0.734280464303321,1280
7053,1301.4967104378613,0.734280464303321,1280
7054,1301.4967104378613,0.734280464303321,1280
7055,1301.4967104378613,0.734280464303321,1280
7056,1301.4967104378613,0.734280464303321,1280
7057,1301.4967104378613,0.734280464303321,1280
7058,1301.4967104378613,0.734280464303321,1280
7059,1301.4967104378613,0.734280464303321,1280
7060,1301.4967104378613,0.734280464303321,1280
7061,1301.4967104378613,0.734280464303321,1280
7062,1301.4967104378613,0.734280464303321,1280
7063,1301.4967104378613,0.734280464303321,1280
7064,1301.4967104378613,0.734280464303321,1280
7065,1301.4967104378613,0.734280464303321,1280
7066,1301.4967104378613,0.734280464303321,1280
7067,1301.4967104378613,0.734280464303321,1280
7068,1301.4967104378613,0.734280464303321,1280
7069,1301.4967104378613,0.734280464303321,1280
7070,1301.4967104378613,0.734280464303321,1280
7071,1301.4967104378613,0.734280464303321,1280
7072,1301.4967104378613,0.734280464303321,1280
7073,1301.4967104378613,0.734280464303321,1280
7074,1301.4967104378613,0.734280464303321,1280
7075,1301.4967104378613,0.734280464303321,1280
7076,1301.4967104378613,0.734280464303321,1280
7077,1301.4967104378613,0.734280464303321,1280
7078,1301.4967104378613,0.734280464303321,1280
7079,1301.4967104378613,0.734280464303321,1280
7080,1301.4967104378613,0.734280464303321,1280
7081,1301.4967104378613,0.734280464303321,1280
7082,1301.4967104378613,0.734280464303321,1280
7083,1301.4967104378613,0.734280464303321,1280
7084,1301.4967104378613,0.734280464303321,1280
7085,1301.4967104378613,0.734280464303321,1280
7086,1301.4967104378613,0.734280464303321,1280
7087,1301.4967104378613,0.734280464303321,1280
7088,1301.4967104378613,0.734280464303321,1280
7089,1301.4967104378613,0.734280464303321,1280
7090,1301.4967104378613,0.734280464303321,1280
7091,1301.4967104378613,0.734280464303321,1280
7092,1301.4967104378613,0.734280464303321,1280
7093,1301.4967104378613,0.734280464303321,1280
7094,1301.4967104378613,0.734280464303321,1280
7095,1301.4967104378613,0.734280464303321,1280
7096,1301.4967104378613,0.734280464303321,1280
7097,1301.4967104378613,0.734280464303321,1280
7098,1301.4967104378613,0.734280464303321,1280
7099,1301.4967104378613,0.734280464303321,1280
7100,1301.4967104378613,0.734280464303321,1280
7101,1301.4967104378613,0.734280464303321,1280
7102,1301.4967104378613,0.734280464303321,1280
7103,1301.4967104378613,0.734280464303321,1280
7104,1301.4967104378613,0.734280464303321,1280
7105,1301.4967104378613,0.734280464303321,1280
7106,1301.4967104378613,0.734280464303321,1280
7107,1301.4967104378613,0.734280464303321,1280
7108,1301.4967104378613,0.734280464303321,1280
7109,1301.4967104378613,0.734280464303321,1280
7110,1301.4967104378613,0.734280464303321,1280
7111,1301.4967104378613,0.734280464303321,1280
7112,1301.4967104378613,0.734280464303321,1280
7113,1301.4967104378613,0.734280464303321,1280
7114,1301.4967104378613,0.734280464303321,1280
7115,1301.4967104378613,0.734280464303321,1280
7116,1301.4967104378613,0.734280464303321,1280
7117,1301.4967104378613,0.734280464303321,1280
7118,1301.4967104378613,0.734280464303321,1280
7119,1301.4967104378613,0.734280464303321,1280
7120,1301.4967104378613,0.734280464303321,1280
7121,1301.4967104378613,0.734280464303321,1280
7122,1301.4967104378613,0.734280464303321,1280
7123,1301.4967104378613,0.734280464303321,1280
7124,1301.4967104378613,0.734280464303321,1280
7125,1301.4967104378613,0.734280464303321,1280
7126,1301.4967104378613,0.734280464303321,1280
7127,1301.4967104378613,0.734280464303321,1280
7128,1301.4967104378613,0.734280464303321,1280
7129,1301.4967104378613,0.734280464303321,1280
7130,1301.4967104378613,0.734280464303321,1280
7131,1301.4967104378613,0.734280464303321,1280
7132,1301.4967104378613,0.734280464303321,1280
7133,1301.4967104378613,0.734280464303321,1280
7134,1301.4967104378613,0.734280464303321,1280
7135,1301.4967104378613,0.734280464303321,1280
7136,1301.4967104378613,0.734280464303321,1280
7137,1301.4967104378613,0.734280464303321,1280
7138,1301.4967104378613,0.734280464303321,1280
7139,1301.4967104378613,0.734280464303321,1280
7140,1301.4967104378613,0.734280464303321,1280
7141,1301.4967104378613,0.734280464303321,1280
7142,1301.4967104378613,0.734280464303321,1280
7143,1301.4967104378613,0.734280464303321,1280
7144,1301.4967104378613,0.734280464303321,1280
7145,1301.4967104378613,0.734280464303321,1280
7146,1301.4967104378613,0.734280464303321,1280
7147,1301.4967104378613,0.734280464303321,1280
7148,1301.4967104378613,0.734280464303321,1280
7149,1301.4967104378613,0.734280464303321,1280
7150,1301.4967104378613,0.734280464303321,1280
7151,1301.4967104378613,0.734280464303321,1280
7152,1301.4967104378613,0.734280464303321,1280
7153,1311.6587722772276,0.7322772277227723,1290
7154,1311.6587722772276,0.7322772277227723,1290
7155,1311.6587722772276,0.7322772277227723,1290
7156,1311.6587722772276,0.7322772277227723,1290
7157,1311.6587722772276,0.7322772277227723,1290
7158,1311.6587722772276,0.7322772277227723,1290
7159,1311.6587722772276,0.7322772277227723,1290
7160,1311.6587722772276,0.7322772277227723,1290
7161,1311.6587722772276,0.7322772277227723,1290
7162,1311.6587722772276,0.7322772277227723,1290
7163,1311.6587722772276,0.7322772277227723,1290
7164,1311.6587722772276,0.7322772277227723,1290
7165,1311.6587722772276,0.7322772277227723,1290
7166,1311.6587722772276,0.7322772277227723,1290
7167,1311.6587722772276,0.7322772277227723,1290
7168,1311.6587722772276,0.7322772277227723,1290
7169,1311.6587722772276,0.7322772277227723,1290
7170,1311.6587722772276,0.7322772277227723,1290
7171,1311.6587722772276,0.7322772277227723,1290
7172,1306.051954508633,0.7274171259748717,1284
7173,1315.4413249086244,0.7473260209069916,1295
7174,1315.4413249086244,0.7473260209069916,1295
7175,1315.4413249086244,0.7473260209069916,1295
7176,1315.4413249086244,0.7473260209069916,1295
7177,1315.4413249086244,0.7473260209069916,1295
7178,1315.4413249086244,0.7473260209069916,1295
7179,1315.4413249086244,0.7473260209069916,1295
7180,1335.855661308668,0.7422044337618302,1315
7181,1335.855661308668,0.7422044337618302,1315
7182,1335.855661308668,0.7422044337618302,1315
7183,1335.275216225536,0.761740219709072,1316
7184,1335.275216225536,0.761740219709072,1316
7185,1335.275216225536,0.761740219709072,1316
7186,1335.275216225536,0.761740219709072,1316
7187,1335.275216225536,0.761740219709072,1316
7188,1335.275216225536,0.761740219709072,1316
7189,1361.5733478939158,0.7827769110764431,1344
7190,1361.5733478939158,0.7827769110764431,1344
7191,1361.5733478939158,0.7827769110764431,1344
7192,1341.200370836178,0.7873872578964389,1324
7193,1341.200370836178,0.7873872578964389,1324
7194,1341.200370836178,0.7873872578964389,1324
7195,1355.4625516414899,0.7841464568419061,1338
7196,1355.4625516414899,0.7841464568419061,1338
7197,1355.4625516414899,0.7841464568419061,1338
7198,1355.4625516414899,0.7841464568419061,1338
7199,1355.4625516414899,0.7841464568419061,1338
7200,1355.4625516414899,0.7841464568419061,1338
7201,1355.4625516414899,0.7841464568419061,1338
7202,1355.4625516414899,0.7841464568419061,1338
7203,1355.4625516414899,0.7841464568419061,1338
7204,1355.4625516414899,0.7841464568419061,1338
7205,1355.4625516414899,0.7841464568419061,1338
7206,1351.7013230950768,0.7811950173661716,1334
7207,1351.7013230950768,0.7811950173661716,1334
7208,1351.7013230950768,0.7811950173661716,1334
7209,1345.5902029833367,0.7825685663369992,1328
7210,1345.5902029833367,0.7825685663369992,1328
7211,1345.5902029833367,0.7825685663369992,1328
7212,1345.5902029833367,0.7825685663369992,1328
7213,1345.5902029833367,0.7825685663369992,1328
7214,1345.5902029833367,0.7825685663369992,1328
7215,1345.5902029833367,0.7825685663369992,1328
7216,1345.5902029833367,0.7825685663369992,1328
7217,1345.5902029833367,0.7825685663369992,1328
7218,1345.5902029833367,0.7825685663369992,1328
7219,1345.5902029833367,0.7825685663369992,1328
7220,1345.5902029833367,0.7825685663369992,1328
7221,1345.5902029833367,0.7825685663369992,1328
7222,1345.5902029833367,0.7825685663369992,1328
7223,1345.5902029833367,0.7825685663369992,1328
7224,1345.5902029833367,0.7825685663369992,1328
7225,1345.5902029833367,0.7825685663369992,1328
7226,1332.8623968367199,0.7544821157389375,1313
7227,1308.5288842150223,0.7338827661925552,1287
7228,1308.5288842150223,0.7338827661925552,1287
7229,1308.5288842150223,0.7338827661925552,1287
7230,1308.5288842150223,0.7338827661925552,1287
7231,1308.5288842150223,0.7338827661925552,1287
7232,1308.5288842150223,0.7338827661925552,1287
7233,1308.5288842150223,0.7338827661925552,1287
7234,1308.5288842150223,0.7338827661925552,1287
7235,1308.5288842150223,0.7338827661925552,1287
7236,1308.5288842150223,0.7338827661925552,1287
7237,1308.5288842150223,0.7338827661925552,1287
7238,1308.5288842150223,0.7338827661925552,1287
7239,1308.5288842150223,0.7338827661925552,1287
7240,1308.5288842150223,0.7338827661925552,1287
7241,1308.5288842150223,0.7338827661925552,1287
7242,1308.5288842150223,0.7338827661925552,1287
7243,1308.5288842150223,0.7338827661925552,1287
7244,1308.5288842150223,0.7338827661925552,1287
7245,1308.5288842150223,0.7338827661925552,1287
7246,1308.5288842150223,0.7338827661925552,1287
7247,1308.5288842150223,0.7338827661925552,1287
7248,1308.5288842150223,0.7338827661925552,1287
7249,1313.2034184966253,0.7379058282246557,1292
7250,1313.2034184966253,0.7379058282246557,1292
7251,1313.2034184966253,0.7379058282246557,1292
7252,1311.1705281988213,0.7383123832036927,1290
7253,1311.1705281988213,0.7383123832036927,1290
7254,1311.1705281988213,0.7383123832036927,1290
7255,1312.1056378133633,0.7391144893280177,1291
7256,1312.1056378133633,0.7391144893280177,1291
7257,1312.1056378133633,0.7391144893280177,1291
7258,1312.1056378133633,0.7391144893280177,1291
7259,1312.1056378133633,0.7391144893280177,1291
7260,1316.1714711556326,0.7383007273716622,1295
7261,1316.1714711556326,0.7383007273716622,1295
7262,1273.2424702692267,0.7003402933346502,1249
7263,1273.2424702692267,0.7003402933346502,1249
7264,1273.2424702692267,0.7003402933346502,1249
7265,1282.370873174264,0.6987531128026704,1258
7266,1282.370873174264,0.6987531128026704,1258
7267,1282.370873174264,0.6987531128026704,1258
7268,1282.370873174264,0.6987531128026704,1258
7269,1282.370873174264,0.6987531128026704,1258
7270,1282.370873174264,0.6987531128026704,1258
7271,1294.539095451514,0.6966737274225707,1270
7272,1294.539095451514,0.6966737274225707,1270
7273,1294.539095451514,0.6966737274225707,1270
7274,1294.539095451514,0.6966737274225707,1270
7275,1294.539095451514,0.6966737274225707,1270
7276,1294.539095451514,0.6966737274225707,1270
7277,1294.539095451514,0.6966737274225707,1270
7278,1294.539095451514,0.6966737274225707,1270
7279,1294.539095451514,0.6966737274225707,1270
7280,1294.539095451514,0.6966737274225707,1270
7281,1294.539095451514,0.6966737274225707,1270
7282,1294.539095451514,0.6966737274225707,1270
7283,1295.4714107883817,0.6975103734439834,1271
7284,1295.4714107883817,0.6975103734439834,1271
7285,1295.4714107883817,0.6975103734439834,1271
7286,1295.4714107883817,0.6975103734439834,1271
7287,1295.4714107883817,0.6975103734439834,1271
7288,1295.4714107883817,0.6975103734439834,1271
7289,1295.4714107883817,0.6975103734439834,1271
7290,1286.1517371821817,0.6891009000966402,1261
7291,1286.1517371821817,0.6891009000966402,1261
7292,1286.1517371821817,0.6891009000966402,1261
7293,1286.1517371821817,0.6891009000966402,1261
7294,1286.1517371821817,0.6891009000966402,1261
7295,1286.1517371821817,0.6891009000966402,1261
7296,1286.1517371821817,0.6891009000966402,1261
7297,1286.1517371821817,0.6891009000966402,1261
7298,1286.1517371821817,0.6891009000966402,1261
7299,1286.1517371821817,0.6891009000966402,1261
7300,1294.539095451514,0.6966737274225707,1270
7301,1294.539095451514,0.6966737274225707,1270
7302,1294.539095451514,0.6966737274225707,1270
7303,1294.539095451514,0.6966737274225707,1270
7304,1294.539095451514,0.6966737274225707,1270
7305,1294.539095451514,0.6966737274225707,1270
7306,1294.539095451514,0.6966737274225707,1270
7307,1294.539095451514,0.6966737274225707,1270
7308,1294.539095451514,0.6966737274225707,1270
7309,1294.539095451514,0.6966737274225707,1270
7310,1294.539095451514,0.6966737274225707,1270
7311,1294.539095451514,0.6966737274225707,1270
7312,1294.539095451514,0.6966737274225707,1270
7313,1293.803071806765,0.7057716711153896,1270
7314,1272.492810186672,0.7096067962092465,1249
7315,1272.492810186672,0.7096067962092465,1249
7316,1272.492810186672,0.7096067962092465,1249
7317,1270.6298300107894,0.7079131024624308,1247
7318,1270.6298300107894,0.7079131024624308,1247
7319,1270.6298300107894,0.7079131024624308,1247
7320,1270.6298300107894,0.7079131024624308,1247
7321,1270.6298300107894,0.7079131024624308,1247
7322,1270.6298300107894,0.7079131024624308,1247
7323,1270.6298300107894,0.7079131024624308,1247
7324,1270.6298300107894,0.7079131024624308,1247
7325,1270.6298300107894,0.7079131024624308,1247
7326,1270.6298300107894,0.7079131024624308,1247
7327,1270.6298300107894,0.7079131024624308,1247
7328,1270.6298300107894,0.7079131024624308,1247
7329,1270.6298300107894,0.7079131024624308,1247
7330,1270.6298300107894,0.7079131024624308,1247
7331,1270.6298300107894,0.7079131024624308,1247
7332,1270.6298300107894,0.7079131024624308,1247
7333,1270.6298300107894,0.7079131024624308,1247
7334,1270.6298300107894,0.7079131024624308,1247
7335,1270.6298300107894,0.7079131024624308,1247
7336,1270.6298300107894,0.7079131024624308,1247
7337,1270.6298300107894,0.7079131024624308,1247
7338,1280.7779704348525,0.7060819476532441,1257
7339,1280.7779704348525,0.7060819476532441,1257
7340,1280.7779704348525,0.7060819476532441,1257
7341,1280.7779704348525,0.7060819476532441,1257
7342,1280.7779704348525,0.7060819476532441,1257
7343,1280.7779704348525,0.7060819476532441,1257
7344,1280.7779704348525,0.7060819476532441,1257
7345,1280.7779704348525,0.7060819476532441,1257
7346,1280.7779704348525,0.7060819476532441,1257
7347,1264.017435008338,0.6907610011330287,1239
7348,1264.017435008338,0.6907610011330287,1239
7349,1264.017435008338,0.6907610011330287,1239
7350,1262.1567659733512,0.6890387395135834,1237
7351,1262.1567659733512,0.6890387395135834,1237
7352,1262.1567659733512,0.6890387395135834,1237
7353,1262.1567659733512,0.6890387395135834,1237
7354,1262.1567659733512,0.6890387395135834,1237
7355,1262.1567659733512,0.6890387395135834,1237
7356,1262.1567659733512,0.6890387395135834,1237
7357,1262.1567659733512,0.6890387395135834,1237
7358,1262.1567659733512,0.6890387395135834,1237
7359,1262.1567659733512,0.6890387395135834,1237
7360,1262.1567659733512,0.6890387395135834,1237
7361,1233.763966645937,0.6938941082084416,1209
7362,1233.763966645937,0.6938941082084416,1209
7363,1233.763966645937,0.6938941082084416,1209
7364,1233.763966645937,0.6938941082084416,1209
7365,1233.763966645937,0.6938941082084416,1209
7366,1233.763966645937,0.6938941082084416,1209
7367,1233.763966645937,0.6938941082084416,1209
7368,1233.763966645937,0.6938941082084416,1209
7369,1235.6216874070856,0.6956528132622306,1211
7370,1235.6216874070856,0.6956528132622306,1211
7371,1235.6216874070856,0.6956528132622306,1211
7372,1235.6216874070856,0.6956528132622306,1211
7373,1235.6216874070856,0.6956528132622306,1211
7374,1254.8923076923077,0.6923076923076923,1230
7375,1254.8923076923077,0.6923076923076923,1230
7376,1254.8923076923077,0.6923076923076923,1230
7377,1254.8923076923077,0.6923076923076923,1230
7378,1254.8923076923077,0.6923076923076923,1230
7379,1254.8923076923077,0.6923076923076923,1230
7380,1254.8923076923077,0.6923076923076923,1230
7381,1254.8923076923077,0.6923076923076923,1230
7382,1254.8923076923077,0.6923076923076923,1230
7383,1254.8923076923077,0.6923076923076923,1230
7384,1254.8923076923077,0.6923076923076923,1230
7385,1254.8923076923077,0.6923076923076923,1230
7386,1254.8923076923077,0.6923076923076923,1230
7387,1254.8923076923077,0.6923076923076923,1230
7388,1256.9202809381138,0.6919619167105842,1232
7389,1256.9202809381138,0.6919619167105842,1232
7390,1256.9202809381138,0.6919619167105842,1232
7391,1256.9202809381138,0.6919619167105842,1232
7392,1256.9202809381138,0.6919619167105842,1232
7393,1256.9202809381138,0.6919619167105842,1232
7394,1256.9202809381138,0.6919619167105842,1232
7395,1256.9202809381138,0.6919619167105842,1232
7396,1256.9202809381138,0.6919619167105842,1232
7397,1256.9202809381138,0.6919619167105842,1232
7398,1256.9202809381138,0.6919619167105842,1232
7399,1256.9202809381138,0.6919619167105842,1232
7400,1256.9202809381138,0.6919619167105842,1232
7401,1256.9202809381138,0.6919619167105842,1232
7402,1256.9202809381138,0.6919619167105842,1232
7403,1256.9202809381138,0.6919619167105842,1232
7404,1256.9202809381138,0.6919619167105842,1232
7405,1257.9342315634474,0.6917894738758056,1233
7406,1257.9342315634474,0.6917894738758056,1233
7407,1257.9342315634474,0.6917894738758056,1233
7408,1257.9342315634474,0.6917894738758056,1233
7409,1258.9481582681271,0.6916173267227801,1234
7410,1258.9481582681271,0.6916173267227801,1234
7411,1258.9481582681271,0.6916173267227801,1234
7412,1258.9481582681271,0.6916173267227801,1234
7413,1258.9481582681271,0.6916173267227801,1234
7414,1263.0036270392404,0.6909316806027154,1238
7415,1263.0036270392404,0.6909316806027154,1238
7416,1263.0036270392404,0.6909316806027154,1238
7417,1263.0036270392404,0.6909316806027154,1238
7418,1263.0036270392404,0.6909316806027154,1238
7419,1263.0036270392404,0.6909316806027154,1238
7420,1263.0036270392404,0.6909316806027154,1238
7421,1263.0036270392404,0.6909316806027154,1238
7422,1263.0036270392404,0.6909316806027154,1238
7423,1263.0036270392404,0.6909316806027154,1238
7424,1263.0036270392404,0.6909316806027154,1238
7425,1263.0036270392404,0.6909316806027154,1238
7426,1263.0036270392404,0.6909316806027154,1238
7427,1263.0036270392404,0.6909316806027154,1238
7428,1263.0036270392404,0.6909316806027154,1238
7429,1263.0036270392404,0.6909316806027154,1238
7430,1263.0036270392404,0.6909316806027154,1238
7431,1251.8501669567395,0.6928285913876461,1227
7432,1251.8501669567395,0.6928285913876461,1227
7433,1251.8501669567395,0.6928285913876461,1227
7434,1251.8501669567395,0.6928285913876461,1227
7435,1251.8501669567395,0.6928285913876461,1227
7436,1251.8501669567395,0.6928285913876461,1227
7437,1239.6794033188185,0.6949393903730728,1215
7438,1239.6794033188185,0.6949393903730728,1215
7439,1239.6794033188185,0.6949393903730728,1215
7440,1239.6794033188185,0.6949393903730728,1215
7441,1241.7081110499366,0.6945845358475063,1217
7442,1241.7081110499366,0.6945845358475063,1217
7443,1241.7081110499366,0.6945845358475063,1217
7444,1241.7081110499366,0.6945845358475063,1217
7445,1241.7081110499366,0.6945845358475063,1217
7446,1241.7081110499366,0.6945845358475063,1217
7447,1241.7081110499366,0.6945845358475063,1217
7448,1241.7081110499366,0.6945845358475063,1217
7449,1243.7367192850822,0.6942309111856336,1219
7450,1243.7367192850822,0.6942309111856336,1219
7451,1243.7367192850822,0.6942309111856336,1219
7452,1243.7367192850822,0.6942309111856336,1219
7453,1243.7367192850822,0.6942309111856336,1219
7454,1243.7367192850822,0.6942309111856336,1219
7455,1243.7367192850822,0.6942309111856336,1219
7456,1243.7367192850822,0.6942309111856336,1219
7457,1243.7367192850822,0.6942309111856336,1219
7458,1240.6937696519087,0.6947618089998929,1216
7459,1240.6937696519087,0.6947618089998929,1216
7460,1240.6937696519087,0.6947618089998929,1216
7461,1240.6937696519087,0.6947618089998929,1216
7462,1240.6937696519087,0.6947618089998929,1216
7463,1240.6937696519087,0.6947618089998929,1216
7464,1241.7081110499366,0.6945845358475063,1217
7465,1236.6361540952623,0.6954739914059053,1212
7466,1236.6361540952623,0.6954739914059053,1212
7467,1236.6361540952623,0.6954739914059053,1212
7468,1236.6361540952623,0.6954739914059053,1212
7469,1236.6361540952623,0.6954739914059053,1212
7470,1236.6361540952623,0.6954739914059053,1212
7471,1243.7367192850822,0.6942309111856336,1219
7472,1243.7367192850822,0.6942309111856336,1219
7473,1243.7367192850822,0.6942309111856336,1219
7474,1243.7367192850822,0.6942309111856336,1219
7475,1243.7367192850822,0.6942309111856336,1219
7476,1243.7367192850822,0.6942309111856336,1219
7477,1243.7367192850822,0.6942309111856336,1219
7478,1243.7367192850822,0.6942309111856336,1219
7479,1243.7367192850822,0.6942309111856336,1219
7480,1243.7367192850822,0.6942309111856336,1219
7481,1243.7367192850822,0.6942309111856336,1219
7482,1243.7367192850822,0.6942309111856336,1219
7483,1243.7367192850822,0.6942309111856336,1219
7484,1243.7367192850822,0.6942309111856336,1219
7485,1243.7367192850822,0.6942309111856336,1219
7486,1243.7367192850822,0.6942309111856336,1219
7487,1243.7367192850822,0.6942309111856336,1219
7488,1243.7367192850822,0.6942309111856336,1219
7489,1243.7367192850822,0.6942309111856336,1219
7490,1243.7367192850822,0.6942309111856336,1219
7491,1243.7367192850822,0.6942309111856336,1219
7492,1243.7367192850822,0.6942309111856336,1219
7493,1243.7367192850822,0.6942309111856336,1219
7494,1243.7367192850822,0.6942309111856336,1219
7495,1243.7367192850822,0.6942309111856336,1219
7496,1243.7367192850822,0.6942309111856336,1219
7497,1243.7367192850822,0.6942309111856336,1219
7498,1243.7367192850822,0.6942309111856336,1219
7499,1243.7367192850822,0.6942309111856336,1219
7500,1243.7367192850822,0.6942309111856336,1219
7501,1243.7367192850822,0.6942309111856336,1219
7502,1243.7367192850822,0.6942309111856336,1219
7503,1243.7367192850822,0.6942309111856336,1219
7504,1243.7367192850822,0.6942309111856336,1219
7505,1243.7367192850822,0.6942309111856336,1219
7506,1243.7367192850822,0.6942309111856336,1219
7507,1243.7367192850822,0.6942309111856336,1219
7508,1243.7367192850822,0.6942309111856336,1219
7509,1243.7367192850822,0.6942309111856336,1219
7510,1243.7367192850822,0.6942309111856336,1219
7511,1239.6794033188185,0.6949393903730728,1215
7512,1239.6794033188185,0.6949393903730728,1215
7513,1239.6794033188185,0.6949393903730728,1215
7514,1239.6794033188185,0.6949393903730728,1215
7515,1239.6794033188185,0.6949393903730728,1215
7516,1239.6794033188185,0.6949393903730728,1215
7517,1239.6794033188185,0.6949393903730728,1215
7518,1239.6794033188185,0.6949393903730728,1215
7519,1239.6794033188185,0.6949393903730728,1215
7520,1239.6794033188185,0.6949393903730728,1215
7521,1239.6794033188185,0.6949393903730728,1215
7522,1239.6794033188185,0.6949393903730728,1215
7523,1239.6794033188185,0.6949393903730728,1215
7524,1233.5926782382783,0.6960113938408119,1209
7525,1233.5926782382783,0.6960113938408119,1209
7526,1237.6505956020712,0.6952954808149409,1213
7527,1237.6505956020712,0.6952954808149409,1213
7528,1237.6505956020712,0.6952954808149409,1213
7529,1237.6505956020712,0.6952954808149409,1213
7530,1237.6505956020712,0.6952954808149409,1213
7531,1237.6505956020712,0.6952954808149409,1213
7532,1237.6505956020712,0.6952954808149409,1213
7533,1237.6505956020712,0.6952954808149409,1213
7534,1195.0216374703773,0.7030699941856947,1171
7535,1195.0216374703773,0.7030699941856947,1171
7536,1229.3799451458074,0.7357237930060905,1208
7537,1229.3799451458074,0.7357237930060905,1208
7538,1229.3799451458074,0.7357237930060905,1208
7539,1229.3799451458074,0.7357237930060905,1208
7540,1229.3799451458074,0.7357237930060905,1208
7541,1229.3799451458074,0.7357237930060905,1208
7542,1229.3799451458074,0.7357237930060905,1208
7543,1229.3799451458074,0.7357237930060905,1208
7544,1229.3799451458074,0.7357237930060905,1208
7545,1229.3799451458074,0.7357237930060905,1208
7546,1229.3799451458074,0.7357237930060905,1208
7547,1229.3799451458074,0.7357237930060905,1208
7548,1229.3799451458074,0.7357237930060905,1208
7549,1229.3799451458074,0.7357237930060905,1208
7550,1229.3799451458074,0.7357237930060905,1208
7551,1229.3799451458074,0.7357237930060905,1208
7552,1229.3799451458074,0.7357237930060905,1208
7553,1229.3799451458074,0.7357237930060905,1208
7554,1229.3799451458074,0.7357237930060905,1208
7555,1229.3799451458074,0.7357237930060905,1208
7556,1229.3799451458074,0.7357237930060905,1208
7557,1229.3799451458074,0.7357237930060905,1208
7558,1229.3799451458074,0.7357237930060905,1208
7559,1229.3799451458074,0.7357237930060905,1208
7560,1229.3799451458074,0.7357237930060905,1208
7561,1229.3799451458074,0.7357237930060905,1208
7562,1229.3799451458074,0.7357237930060905,1208
7563,1229.3799451458074,0.7357237930060905,1208
7564,1229.3799451458074,0.7357237930060905,1208
7565,1229.3799451458074,0.7357237930060905,1208
7566,1229.3799451458074,0.7357237930060905,1208
7567,1229.3799451458074,0.7357237930060905,1208
7568,1229.3799451458074,0.7357237930060905,1208
7569,1229.3799451458074,0.7357237930060905,1208
7570,1229.3799451458074,0.7357237930060905,1208
7571,1236.501097142823,0.7342262405089859,1215
7572,1236.501097142823,0.7342262405089859,1215
7573,1236.501097142823,0.7342262405089859,1215
7574,1236.501097142823,0.7342262405089859,1215
7575,1236.501097142823,0.7342262405089859,1215
7576,1236.501097142823,0.7342262405089859,1215
7577,1237.4319710711509,0.7350807036940558,1216
7578,1237.4319710711509,0.7350807036940558,1216
7579,1237.4319710711509,0.7350807036940558,1216
7580,1237.4319710711509,0.7350807036940558,1216
7581,1237.4319710711509,0.7350807036940558,1216
7582,1237.4319710711509,0.7350807036940558,1216
7583,1237.4319710711509,0.7350807036940558,1216
7584,1237.4319710711509,0.7350807036940558,1216
7585,1237.4319710711509,0.7350807036940558,1216
7586,1237.4319710711509,0.7350807036940558,1216
7587,1237.4319710711509,0.7350807036940558,1216
7588,1237.4319710711509,0.7350807036940558,1216
7589,1237.4319710711509,0.7350807036940558,1216
7590,1237.4319710711509,0.7350807036940558,1216
7591,1237.4319710711509,0.7350807036940558,1216
7592,1237.4319710711509,0.7350807036940558,1216
7593,1236.501097142823,0.7342262405089859,1215
7594,1236.501097142823,0.7342262405089859,1215
7595,1236.501097142823,0.7342262405089859,1215
7596,1236.501097142823,0.7342262405089859,1215
7597,1236.501097142823,0.7342262405089859,1215
7598,1236.501097142823,0.7342262405089859,1215
7599,1236.501097142823,0.7342262405089859,1215
7600,1236.501097142823,0.7342262405089859,1215
7601,1236.501097142823,0.7342262405089859,1215
7602,1237.4319710711509,0.7350807036940558,1216
7603,1237.4319710711509,0.7350807036940558,1216
7604,1247.6785422424832,0.7443937918110843,1227
7605,1247.6785422424832,0.7443937918110843,1227
7606,1247.6785422424832,0.7443937918110843,1227
7607,1247.6785422424832,0.7443937918110843,1227
7608,1247.6785422424832,0.7443937918110843,1227
7609,1247.6785422424832,0.7443937918110843,1227
7610,1218.8340030387633,0.7177502714615167,1196
7611,1218.8340030387633,0.7177502714615167,1196
7612,1218.8340030387633,0.7177502714615167,1196
7613,1218.8340030387633,0.7177502714615167,1196
7614,1211.4060327064497,0.7106794473862837,1188
7615,1211.4060327064497,0.7106794473862837,1188
7616,1211.4060327064497,0.7106794473862837,1188
7617,1211.4060327064497,0.7106794473862837,1188
7618,1211.4060327064497,0.7106794473862837,1188
7619,1211.4060327064497,0.7106794473862837,1188
7620,1211.4060327064497,0.7106794473862837,1188
7621,1211.4060327064497,0.7106794473862837,1188
7622,1211.4060327064497,0.7106794473862837,1188
7623,1211.4060327064497,0.7106794473862837,1188
7624,1211.4060327064497,0.7106794473862837,1188
7625,1211.4060327064497,0.7106794473862837,1188
7626,1225.3386696964574,0.7238730569041114,1203
7627,1225.3386696964574,0.7238730569041114,1203
7628,1225.3386696964574,0.7238730569041114,1203
7629,1225.3386696964574,0.7238730569041114,1203
7630,1225.3386696964574,0.7238730569041114,1203
7631,1225.3386696964574,0.7238730569041114,1203
7632,1225.3386696964574,0.7238730569041114,1203
7633,1225.3386696964574,0.7238730569041114,1203
7634,1225.3386696964574,0.7238730569041114,1203
7635,1225.3386696964574,0.7238730569041114,1203
7636,1209.5500121963757,0.7088997256319436,1186
7637,1209.5500121963757,0.7088997256319436,1186
7638,1209.5500121963757,0.7088997256319436,1186
7639,1209.5500121963757,0.7088997256319436,1186
7640,1209.5500121963757,0.7088997256319436,1186
7641,1209.5500121963757,0.7088997256319436,1186
7642,1209.5500121963757,0.7088997256319436,1186
7643,1209.5500121963757,0.7088997256319436,1186
7644,1209.5500121963757,0.7088997256319436,1186
7645,1209.5500121963757,0.7088997256319436,1186
7646,1209.5500121963757,0.7088997256319436,1186
7647,1209.5500121963757,0.7088997256319436,1186
7648,1209.5500121963757,0.7088997256319436,1186
7649,1209.5500121963757,0.7088997256319436,1186
7650,1209.5500121963757,0.7088997256319436,1186
7651,1209.5500121963757,0.7088997256319436,1186
7652,1209.5500121963757,0.7088997256319436,1186
7653,1209.5500121963757,0.7088997256319436,1186
7654,1209.5500121963757,0.7088997256319436,1186
7655,1209.5500121963757,0.7088997256319436,1186
7656,1209.5500121963757,0.7088997256319436,1186
7657,1203.984243990873,0.703532212720978,1180
7658,1203.984243990873,0.703532212720978,1180
7659,1203.984243990873,0.703532212720978,1180
7660,1203.984243990873,0.703532212720978,1180
7661,1203.984243990873,0.703532212720978,1180
7662,1203.984243990873,0.703532212720978,1180
7663,1203.984243990873,0.703532212720978,1180
7664,1203.984243990873,0.703532212720978,1180
7665,1203.984243990873,0.703532212720978,1180
7666,1203.984243990873,0.703532212720978,1180
7667,1203.984243990873,0.703532212720978,1180
7668,1203.984243990873,0.703532212720978,1180
7669,1203.984243990873,0.703532212720978,1180
7670,1203.984243990873,0.703532212720978,1180
7671,1203.984243990873,0.703532212720978,1180
7672,1203.984243990873,0.703532212720978,1180
7673,1203.984243990873,0.703532212720978,1180
7674,1203.984243990873,0.703532212720978,1180
7675,1203.984243990873,0.703532212720978,1180
7676,1203.984243990873,0.703532212720978,1180
7677,1203.984243990873,0.703532212720978,1180
7678,1203.984243990873,0.703532212720978,1180
7679,1203.984243990873,0.703532212720978,1180
7680,1203.984243990873,0.703532212720978,1180
7681,1203.984243990873,0.703532212720978,1180
7682,1203.984243990873,0.703532212720978,1180
7683,1203.984243990873,0.703532212720978,1180
7684,1203.984243990873,0.703532212720978,1180
7685,1203.984243990873,0.703532212720978,1180
7686,1203.984243990873,0.703532212720978,1180
7687,1203.984243990873,0.703532212720978,1180
7688,1203.984243990873,0.703532212720978,1180
7689,1203.984243990873,0.703532212720978,1180
7690,1203.984243990873,0.703532212720978,1180
7691,1203.984243990873,0.703532212720978,1180
7692,1203.984243990873,0.703532212720978,1180
7693,1203.984243990873,0.703532212720978,1180
7694,1203.984243990873,0.703532212720978,1180
7695,1222.258081234816,0.700147327134536,1198
7696,1222.258081234816,0.700147327134536,1198
7697,1222.258081234816,0.700147327134536,1198
7698,1222.258081234816,0.700147327134536,1198
7699,1222.258081234816,0.700147327134536,1198
7700,1222.258081234816,0.700147327134536,1198
7701,1222.258081234816,0.700147327134536,1198
7702,1222.258081234816,0.700147327134536,1198
7703,1222.258081234816,0.700147327134536,1198
7704,1222.258081234816,0.700147327134536,1198
7705,1222.258081234816,0.700147327134536,1198
7706,1222.258081234816,0.700147327134536,1198
7707,1222.258081234816,0.700147327134536,1198
7708,1222.258081234816,0.700147327134536,1198
7709,1222.258081234816,0.700147327134536,1198
7710,1222.258081234816,0.700147327134536,1198
7711,1228.347446805638,0.699042684726356,1204
7712,1228.347446805638,0.699042684726356,1204
7713,1228.347446805638,0.699042684726356,1204
7714,1228.347446805638,0.699042684726356,1204
7715,1228.347446805638,0.699042684726356,1204
7716,1228.347446805638,0.699042684726356,1204
7717,1228.347446805638,0.699042684726356,1204
7718,1228.347446805638,0.699042684726356,1204
7719,1228.347446805638,0.699042684726356,1204
7720,1228.347446805638,0.699042684726356,1204
7721,1228.347446805638,0.699042684726356,1204
7722,1228.347446805638,0.699042684726356,1204
7723,1228.347446805638,0.699042684726356,1204
7724,1228.347446805638,0.699042684726356,1204
7725,1228.347446805638,0.699042684726356,1204
7726,1228.347446805638,0.699042684726356,1204
7727,1209.0611872619038,0.7025811216081126,1185
7728,1209.0611872619038,0.7025811216081126,1185
7729,1209.0611872619038,0.7025811216081126,1185
7730,1209.0611872619038,0.7025811216081126,1185
7731,1209.0611872619038,0.7025811216081126,1185
7732,1209.0611872619038,0.7025811216081126,1185
7733,1209.0611872619038,0.7025811216081126,1185
7734,1209.0611872619038,0.7025811216081126,1185
7735,1209.0611872619038,0.7025811216081126,1185
7736,1209.0611872619038,0.7025811216081126,1185
7737,1209.0611872619038,0.7025811216081126,1185
7738,1209.0611872619038,0.7025811216081126,1185
7739,1209.0611872619038,0.7025811216081126,1185
7740,1209.0611872619038,0.7025811216081126,1185
7741,1209.0611872619038,0.7025811216081126,1185
7742,1209.0611872619038,0.7025811216081126,1185
7743,1209.0611872619038,0.7025811216081126,1185
7744,1209.0611872619038,0.7025811216081126,1185
7745,1209.0611872619038,0.7025811216081126,1185
7746,1209.0611872619038,0.7025811216081126,1185
7747,1209.0611872619038,0.7025811216081126,1185
7748,1209.0611872619038,0.7025811216081126,1185
7749,1209.0611872619038,0.7025811216081126,1185
7750,1219.213044103345,0.7007040283888113,1195
7751,1219.213044103345,0.7007040283888113,1195
7752,1219.213044103345,0.7007040283888113,1195
7753,1219.213044103345,0.7007040283888113,1195
7754,1219.213044103345,0.7007040283888113,1195
7755,1219.213044103345,0.7007040283888113,1195
7756,1192.8125353069784,0.705654693362443,1169
7757,1192.8125353069784,0.705654693362443,1169
7758,1192.8125353069784,0.705654693362443,1169
7759,1192.8125353069784,0.705654693362443,1169
7760,1192.8125353069784,0.705654693362443,1169
7761,1192.8125353069784,0.705654693362443,1169
7762,1192.8125353069784,0.705654693362443,1169
7763,1192.8125353069784,0.705654693362443,1169
7764,1192.8125353069784,0.705654693362443,1169
7765,1192.8125353069784,0.705654693362443,1169
7766,1192.8125353069784,0.705654693362443,1169
7767,1192.8125353069784,0.705654693362443,1169
7768,1192.8125353069784,0.705654693362443,1169
7769,1192.8125353069784,0.705654693362443,1169
7770,1192.8125353069784,0.705654693362443,1169
7771,1192.8125353069784,0.705654693362443,1169
7772,1192.8125353069784,0.705654693362443,1169
7773,1192.8125353069784,0.705654693362443,1169
7774,1192.8125353069784,0.705654693362443,1169
7775,1192.8125353069784,0.705654693362443,1169
7776,1192.8125353069784,0.705654693362443,1169
7777,1192.8125353069784,0.705654693362443,1169
7778,1192.8125353069784,0.705654693362443,1169
7779,1192.8125353069784,0.705654693362443,1169
7780,1192.8125353069784,0.705654693362443,1169
7781,1192.8125353069784,0.705654693362443,1169
7782,1192.8125353069784,0.705654693362443,1169
7783,1192.8125353069784,0.705654693362443,1169
7784,1192.8125353069784,0.705654693362443,1169
7785,1192.8125353069784,0.705654693362443,1169
7786,1192.8125353069784,0.705654693362443,1169
7787,1192.8125353069784,0.705654693362443,1169
7788,1192.8125353069784,0.705654693362443,1169
7789,1192.8125353069784,0.705654693362443,1169
7790,1192.8125353069784,0.705654693362443,1169
7791,1192.8125353069784,0.705654693362443,1169
7792,1192.8125353069784,0.705654693362443,1169
7793,1192.8125353069784,0.705654693362443,1169
7794,1192.8125353069784,0.705654693362443,1169
7795,1192.8125353069784,0.705654693362443,1169
7796,1192.8125353069784,0.705654693362443,1169
7797,1192.8125353069784,0.705654693362443,1169
7798,1192.8125353069784,0.705654693362443,1169
7799,1192.8125353069784,0.705654693362443,1169
7800,1192.8125353069784,0.705654693362443,1169
7801,1192.8125353069784,0.705654693362443,1169
7802,1196.8753658536586,0.7048780487804878,1173
7803,1196.8753658536586,0.7048780487804878,1173
7804,1196.8753658536586,0.7048780487804878,1173
7805,1196.8753658536586,0.7048780487804878,1173
7806,1196.8753658536586,0.7048780487804878,1173
7807,1196.8753658536586,0.7048780487804878,1173
7808,1196.8753658536586,0.7048780487804878,1173
7809,1196.8753658536586,0.7048780487804878,1173
7810,1196.8753658536586,0.7048780487804878,1173
7811,1196.8753658536586,0.7048780487804878,1173
7812,1196.8753658536586,0.7048780487804878,1173
7813,1196.8753658536586,0.7048780487804878,1173
7814,1196.8753658536586,0.7048780487804878,1173
7815,1196.8753658536586,0.7048780487804878,1173
7816,1196.8753658536586,0.7048780487804878,1173
7817,1196.8753658536586,0.7048780487804878,1173
7818,1196.8753658536586,0.7048780487804878,1173
7819,1196.8753658536586,0.7048780487804878,1173
7820,1196.8753658536586,0.7048780487804878,1173
7821,1196.8753658536586,0.7048780487804878,1173
7822,1196.8753658536586,0.7048780487804878,1173
7823,1196.8753658536586,0.7048780487804878,1173
7824,1196.8753658536586,0.7048780487804878,1173
7825,1196.8753658536586,0.7048780487804878,1173
7826,1196.8753658536586,0.7048780487804878,1173
7827,1196.8753658536586,0.7048780487804878,1173
7828,1196.8753658536586,0.7048780487804878,1173
7829,1196.8753658536586,0.7048780487804878,1173
7830,1196.8753658536586,0.7048780487804878,1173
7831,1196.8753658536586,0.7048780487804878,1173
7832,1196.8753658536586,0.7048780487804878,1173
7833,1196.8753658536586,0.7048780487804878,1173
7834,1196.8753658536586,0.7048780487804878,1173
7835,1196.8753658536586,0.7048780487804878,1173
7836,1196.8753658536586,0.7048780487804878,1173
7837,1196.8753658536586,0.7048780487804878,1173
7838,1196.8753658536586,0.7048780487804878,1173
7839,1196.8753658536586,0.7048780487804878,1173
7840,1196.8753658536586,0.7048780487804878,1173
7841,1196.8753658536586,0.7048780487804878,1173
7842,1196.8753658536586,0.7048780487804878,1173
7843,1196.8753658536586,0.7048780487804878,1173
7844,1196.8753658536586,0.7048780487804878,1173
7845,1196.8753658536586,0.7048780487804878,1173
7846,1196.8753658536586,0.7048780487804878,1173
7847,1196.8753658536586,0.7048780487804878,1173
7848,1196.8753658536586,0.7048780487804878,1173
7849,1196.8753658536586,0.7048780487804878,1173
7850,1196.8753658536586,0.7048780487804878,1173
7851,1196.8753658536586,0.7048780487804878,1173
7852,1196.8753658536586,0.7048780487804878,1173
7853,1196.8753658536586,0.7048780487804878,1173
7854,1196.8753658536586,0.7048780487804878,1173
7855,1196.8753658536586,0.7048780487804878,1173
7856,1196.8753658536586,0.7048780487804878,1173
7857,1196.8753658536586,0.7048780487804878,1173
7858,1196.8753658536586,0.7048780487804878,1173
7859,1196.8753658536586,0.7048780487804878,1173
7860,1196.8753658536586,0.7048780487804878,1173
7861,1196.8753658536586,0.7048780487804878,1173
7862,1196.8753658536586,0.7048780487804878,1173
7863,1196.8753658536586,0.7048780487804878,1173
7864,1196.8753658536586,0.7048780487804878,1173
7865,1196.8753658536586,0.7048780487804878,1173
7866,1196.8753658536586,0.7048780487804878,1173
7867,1196.8753658536586,0.7048780487804878,1173
7868,1196.8753658536586,0.7048780487804878,1173
7869,1196.8753658536586,0.7048780487804878,1173
7870,1196.8753658536586,0.7048780487804878,1173
7871,1196.8753658536586,0.7048780487804878,1173
7872,1196.8753658536586,0.7048780487804878,1173
7873,1196.8753658536586,0.7048780487804878,1173
7874,1196.8753658536586,0.7048780487804878,1173
7875,1196.8753658536586,0.7048780487804878,1173
7876,1196.8753658536586,0.7048780487804878,1173
7877,1196.8753658536586,0.7048780487804878,1173
7878,1196.8753658536586,0.7048780487804878,1173
7879,1196.8753658536586,0.7048780487804878,1173
7880,1196.8753658536586,0.7048780487804878,1173
7881,1196.8753658536586,0.7048780487804878,1173
7882,1196.8753658536586,0.7048780487804878,1173
7883,1196.8753658536586,0.7048780487804878,1173
7884,1196.8753658536586,0.7048780487804878,1173
7885,1196.8753658536586,0.7048780487804878,1173
7886,1196.8753658536586,0.7048780487804878,1173
7887,1196.8753658536586,0.7048780487804878,1173
7888,1196.8753658536586,0.7048780487804878,1173
7889,1203.984243990873,0.703532212720978,1180
7890,1203.984243990873,0.703532212720978,1180
7891,1203.984243990873,0.703532212720978,1180
7892,1203.984243990873,0.703532212720978,1180
7893,1203.984243990873,0.703532212720978,1180
7894,1203.984243990873,0.703532212720978,1180
7895,1203.984243990873,0.703532212720978,1180
7896,1203.984243990873,0.703532212720978,1180
7897,1203.984243990873,0.703532212720978,1180
7898,1203.984243990873,0.703532212720978,1180
7899,1203.984243990873,0.703532212720978,1180
7900,1203.984243990873,0.703532212720978,1180
7901,1203.984243990873,0.703532212720978,1180
7902,1203.984243990873,0.703532212720978,1180
7903,1203.984243990873,0.703532212720978,1180
7904,1203.984243990873,0.703532212720978,1180
7905,1203.984243990873,0.703532212720978,1180
7906,1203.984243990873,0.703532212720978,1180
7907,1203.984243990873,0.703532212720978,1180
7908,1203.984243990873,0.703532212720978,1180
7909,1203.984243990873,0.703532212720978,1180
7910,1203.984243990873,0.703532212720978,1180
7911,1203.984243990873,0.703532212720978,1180
7912,1203.984243990873,0.703532212720978,1180
7913,1203.984243990873,0.703532212720978,1180
7914,1203.984243990873,0.703532212720978,1180
7915,1203.984243990873,0.703532212720978,1180
7916,1204.160383821085,0.7013549589482698,1180
7917,1204.160383821085,0.7013549589482698,1180
7918,1204.160383821085,0.7013549589482698,1180
7919,1204.160383821085,0.7013549589482698,1180
7920,1204.160383821085,0.7013549589482698,1180
7921,1204.160383821085,0.7013549589482698,1180
7922,1204.160383821085,0.7013549589482698,1180
7923,1204.160383821085,0.7013549589482698,1180
7924,1204.160383821085,0.7013549589482698,1180
7925,1204.160383821085,0.7013549589482698,1180
7926,1204.160383821085,0.7013549589482698,1180
7927,1204.160383821085,0.7013549589482698,1180
7928,1204.160383821085,0.7013549589482698,1180
7929,1204.160383821085,0.7013549589482698,1180
7930,1204.160383821085,0.7013549589482698,1180
7931,1204.160383821085,0.7013549589482698,1180
7932,1204.160383821085,0.7013549589482698,1180
7933,1204.160383821085,0.7013549589482698,1180
7934,1204.160383821085,0.7013549589482698,1180
7935,1204.160383821085,0.7013549589482698,1180
7936,1204.160383821085,0.7013549589482698,1180
7937,1204.160383821085,0.7013549589482698,1180
7938,1204.160383821085,0.7013549589482698,1180
7939,1204.160383821085,0.7013549589482698,1180
7940,1204.160383821085,0.7013549589482698,1180
7941,1204.160383821085,0.7013549589482698,1180
7942,1204.160383821085,0.7013549589482698,1180
7943,1204.160383821085,0.7013549589482698,1180
7944,1204.160383821085,0.7013549589482698,1180
7945,1204.160383821085,0.7013549589482698,1180
7946,1204.160383821085,0.7013549589482698,1180
7947,1204.160383821085,0.7013549589482698,1180
7948,1204.160383821085,0.7013549589482698,1180
7949,1204.160383821085,0.7013549589482698,1180
7950,1204.160383821085,0.7013549589482698,1180
7951,1204.160383821085,0.7013549589482698,1180
7952,1204.160383821085,0.7013549589482698,1180
7953,1204.160383821085,0.7013549589482698,1180
7954,1204.160383821085,0.7013549589482698,1180
7955,1204.160383821085,0.7013549589482698,1180
7956,1204.160383821085,0.7013549589482698,1180
7957,1204.160383821085,0.7013549589482698,1180
7958,1204.160383821085,0.7013549589482698,1180
7959,1204.160383821085,0.7013549589482698,1180
7960,1204.160383821085,0.7013549589482698,1180
7961,1204.160383821085,0.7013549589482698,1180
7962,1204.160383821085,0.7013549589482698,1180
7963,1204.160383821085,0.7013549589482698,1180
7964,1204.160383821085,0.7013549589482698,1180
7965,1204.160383821085,0.7013549589482698,1180
7966,1204.160383821085,0.7013549589482698,1180
7967,1204.160383821085,0.7013549589482698,1180
7968,1204.160383821085,0.7013549589482698,1180
7969,1204.160383821085,0.7013549589482698,1180
7970,1204.160383821085,0.7013549589482698,1180
7971,1204.160383821085,0.7013549589482698,1180
7972,1204.160383821085,0.7013549589482698,1180
7973,1204.160383821085,0.7013549589482698,1180
7974,1204.160383821085,0.7013549589482698,1180
7975,1204.160383821085,0.7013549589482698,1180
7976,1204.160383821085,0.7013549589482698,1180
7977,1204.160383821085,0.7013549589482698,1180
7978,1204.160383821085,0.7013549589482698,1180
7979,1204.160383821085,0.7013549589482698,1180
7980,1204.160383821085,0.7013549589482698,1180
7981,1204.160383821085,0.7013549589482698,1180
7982,1204.160383821085,0.7013549589482698,1180
7983,1204.160383821085,0.7013549589482698,1180
7984,1204.160383821085,0.7013549589482698,1180
7985,1204.160383821085,0.7013549589482698,1180
7986,1204.160383821085,0.7013549589482698,1180
7987,1204.160383821085,0.7013549589482698,1180
7988,1204.160383821085,0.7013549589482698,1180
7989,1204.160383821085,0.7013549589482698,1180
7990,1204.160383821085,0.7013549589482698,1180
7991,1204.160383821085,0.7013549589482698,1180
7992,1204.160383821085,0.7013549589482698,1180
7993,1204.160383821085,0.7013549589482698,1180
7994,1204.160383821085,0.7013549589482698,1180
7995,1204.160383821085,0.7013549589482698,1180
7996,1204.160383821085,0.7013549589482698,1180
7997,1204.160383821085,0.7013549589482698,1180
7998,1204.160383821085,0.7013549589482698,1180
7999,1204.160383821085,0.7013549589482698,1180
8000,1204.160383821085,0.7013549589482698,1180
8001,1204.160383821085,0.7013549589482698,1180
8002,1204.160383821085,0.7013549589482698,1180
8003,1204.160383821085,0.7013549589482698,1180
8004,1204.160383821085,0.7013549589482698,1180
8005,1204.160383821085,0.7013549589482698,1180
8006,1204.160383821085,0.7013549589482698,1180
8007,1204.160383821085,0.7013549589482698,1180
8008,1204.160383821085,0.7013549589482698,1180
8009,1204.160383821085,0.7013549589482698,1180
8010,1204.160383821085,0.7013549589482698,1180
8011,1204.160383821085,0.7013549589482698,1180
8012,1204.160383821085,0.7013549589482698,1180
8013,1204.160383821085,0.7013549589482698,1180
8014,1204.160383821085,0.7013549589482698,1180
8015,1204.160383821085,0.7013549589482698,1180
8016,1204.160383821085,0.7013549589482698,1180
8017,1204.160383821085,0.7013549589482698,1180
8018,1204.160383821085,0.7013549589482698,1180
8019,1204.160383821085,0.7013549589482698,1180
8020,1204.160383821085,0.7013549589482698,1180
8021,1204.160383821085,0.7013549589482698,1180
8022,1204.160383821085,0.7013549589482698,1180
8023,1204.160383821085,0.7013549589482698,1180
8024,1204.160383821085,0.7013549589482698,1180
8025,1204.160383821085,0.7013549589482698,1180
8026,1204.160383821085,0.7013549589482698,1180
8027,1204.160383821085,0.7013549589482698,1180
8028,1204.160383821085,0.7013549589482698,1180
8029,1204.160383821085,0.7013549589482698,1180
8030,1204.160383821085,0.7013549589482698,1180
8031,1204.160383821085,0.7013549589482698,1180
8032,1204.160383821085,0.7013549589482698,1180
8033,1213.350112123392,0.7113706783264278,1190
8034,1213.350112123392,0.7113706783264278,1190
8035,1213.350112123392,0.7113706783264278,1190
8036,1213.350112123392,0.7113706783264278,1190
8037,1213.350112123392,0.7113706783264278,1190
8038,1213.350112123392,0.7113706783264278,1190
8039,1213.350112123392,0.7113706783264278,1190
8040,1213.350112123392,0.7113706783264278,1190
8041,1213.350112123392,0.7113706783264278,1190
8042,1213.350112123392,0.7113706783264278,1190
8043,1213.350112123392,0.7113706783264278,1190
8044,1213.350112123392,0.7113706783264278,1190
8045,1213.350112123392,0.7113706783264278,1190
8046,1213.350112123392,0.7113706783264278,1190
8047,1213.350112123392,0.7113706783264278,1190
8048,1213.350112123392,0.7113706783264278,1190
8049,1213.350112123392,0.7113706783264278,1190
8050,1213.350112123392,0.7113706783264278,1190
8051,1213.350112123392,0.7113706783264278,1190
8052,1213.350112123392,0.7113706783264278,1190
8053,1213.350112123392,0.7113706783264278,1190
8054,1213.350112123392,0.7113706783264278,1190
8055,1213.350112123392,0.7113706783264278,1190
8056,1213.350112123392,0.7113706783264278,1190
8057,1213.350112123392,0.7113706783264278,1190
8058,1213.350112123392,0.7113706783264278,1190
8059,1210.828959553548,0.7054516742453905,1187
8060,1210.828959553548,0.7054516742453905,1187
8061,1210.828959553548,0.7054516742453905,1187
8062,1210.828959553548,0.7054516742453905,1187
8063,1210.828959553548,0.7054516742453905,1187
8064,1210.828959553548,0.7054516742453905,1187
8065,1210.828959553548,0.7054516742453905,1187
8066,1210.828959553548,0.7054516742453905,1187
8067,1210.828959553548,0.7054516742453905,1187
8068,1210.828959553548,0.7054516742453905,1187
8069,1210.828959553548,0.7054516742453905,1187
8070,1210.828959553548,0.7054516742453905,1187
8071,1210.828959553548,0.7054516742453905,1187
8072,1210.828959553548,0.7054516742453905,1187
8073,1210.828959553548,0.7054516742453905,1187
8074,1210.828959553548,0.7054516742453905,1187
8075,1210.828959553548,0.7054516742453905,1187
8076,1210.828959553548,0.7054516742453905,1187
8077,1210.828959553548,0.7054516742453905,1187
8078,1210.828959553548,0.7054516742453905,1187
8079,1210.828959553548,0.7054516742453905,1187
8080,1210.828959553548,0.7054516742453905,1187
8081,1210.828959553548,0.7054516742453905,1187
8082,1210.828959553548,0.7054516742453905,1187
8083,1210.828959553548,0.7054516742453905,1187
8084,1210.828959553548,0.7054516742453905,1187
8085,1210.828959553548,0.7054516742453905,1187
8086,1210.828959553548,0.7054516742453905,1187
8087,1210.828959553548,0.7054516742453905,1187
8088,1210.828959553548,0.7054516742453905,1187
8089,1210.828959553548,0.7054516742453905,1187
8090,1210.828959553548,0.7054516742453905,1187
8091,1210.828959553548,0.7054516742453905,1187
8092,1210.828959553548,0.7054516742453905,1187
8093,1210.828959553548,0.7054516742453905,1187
8094,1210.828959553548,0.7054516742453905,1187
8095,1210.828959553548,0.7054516742453905,1187
8096,1210.828959553548,0.7054516742453905,1187
8097,1210.828959553548,0.7054516742453905,1187
8098,1210.828959553548,0.7054516742453905,1187
8099,1210.828959553548,0.7054516742453905,1187
8100,1210.828959553548,0.7054516742453905,1187
8101,1210.828959553548,0.7054516742453905,1187
8102,1210.828959553548,0.7054516742453905,1187
8103,1210.828959553548,0.7054516742453905,1187
8104,1210.828959553548,0.7054516742453905,1187
8105,1210.828959553548,0.7054516742453905,1187
8106,1210.828959553548,0.7054516742453905,1187
8107,1210.828959553548,0.7054516742453905,1187
8108,1210.828959553548,0.7054516742453905,1187
8109,1210.828959553548,0.7054516742453905,1187
8110,1210.828959553548,0.7054516742453905,1187
8111,1210.828959553548,0.7054516742453905,1187
8112,1210.828959553548,0.7054516742453905,1187
8113,1210.828959553548,0.7054516742453905,1187
8114,1210.828959553548,0.7054516742453905,1187
8115,1210.828959553548,0.7054516742453905,1187
8116,1210.828959553548,0.7054516742453905,1187
8117,1210.828959553548,0.7054516742453905,1187
8118,1210.828959553548,0.7054516742453905,1187
8119,1210.828959553548,0.7054516742453905,1187
8120,1210.828959553548,0.7054516742453905,1187
8121,1210.828959553548,0.7054516742453905,1187
8122,1210.828959553548,0.7054516742453905,1187
8123,1210.828959553548,0.7054516742453905,1187
8124,1210.828959553548,0.7054516742453905,1187
8125,1210.828959553548,0.7054516742453905,1187
8126,1210.828959553548,0.7054516742453905,1187
8127,1210.828959553548,0.7054516742453905,1187
8128,1210.828959553548,0.7054516742453905,1187
8129,1210.828959553548,0.7054516742453905,1187
8130,1210.828959553548,0.7054516742453905,1187
8131,1210.828959553548,0.7054516742453905,1187
8132,1210.828959553548,0.7054516742453905,1187
8133,1210.828959553548,0.7054516742453905,1187
8134,1210.828959553548,0.7054516742453905,1187
8135,1210.828959553548,0.7054516742453905,1187
8136,1210.828959553548,0.7054516742453905,1187
8137,1210.828959553548,0.7054516742453905,1187
8138,1210.828959553548,0.7054516742453905,1187
8139,1210.828959553548,0.7054516742453905,1187
8140,1210.828959553548,0.7054516742453905,1187
8141,1210.828959553548,0.7054516742453905,1187
8142,1210.828959553548,0.7054516742453905,1187
8143,1210.828959553548,0.7054516742453905,1187
8144,1210.828959553548,0.7054516742453905,1187
8145,1210.828959553548,0.7054516742453905,1187
8146,1210.828959553548,0.7054516742453905,1187
8147,1210.828959553548,0.7054516742453905,1187
8148,1210.828959553548,0.7054516742453905,1187
8149,1210.828959553548,0.7054516742453905,1187
8150,1210.828959553548,0.7054516742453905,1187
8151,1210.828959553548,0.7054516742453905,1187
8152,1210.828959553548,0.7054516742453905,1187
8153,1210.828959553548,0.7054516742453905,1187
8154,1210.828959553548,0.7054516742453905,1187
8155,1210.828959553548,0.7054516742453905,1187
8156,1210.828959553548,0.7054516742453905,1187
8157,1210.828959553548,0.7054516742453905,1187
8158,1210.828959553548,0.7054516742453905,1187
8159,1210.828959553548,0.7054516742453905,1187
8160,1210.828959553548,0.7054516742453905,1187
8161,1210.828959553548,0.7054516742453905,1187
8162,1210.828959553548,0.7054516742453905,1187
8163,1210.828959553548,0.7054516742453905,1187
8164,1210.828959553548,0.7054516742453905,1187
8165,1210.828959553548,0.7054516742453905,1187
8166,1210.828959553548,0.7054516742453905,1187
8167,1210.828959553548,0.7054516742453905,1187
8168,1210.828959553548,0.7054516742453905,1187
8169,1210.828959553548,0.7054516742453905,1187
8170,1210.828959553548,0.7054516742453905,1187
8171,1210.828959553548,0.7054516742453905,1187
8172,1210.828959553548,0.7054516742453905,1187
8173,1210.828959553548,0.7054516742453905,1187
8174,1210.828959553548,0.7054516742453905,1187
8175,1210.828959553548,0.7054516742453905,1187
8176,1210.828959553548,0.7054516742453905,1187
8177,1210.828959553548,0.7054516742453905,1187
8178,1210.828959553548,0.7054516742453905,1187
8179,1210.828959553548,0.7054516742453905,1187
8180,1210.828959553548,0.7054516742453905,1187
8181,1210.828959553548,0.7054516742453905,1187
8182,1210.828959553548,0.7054516742453905,1187
8183,1210.828959553548,0.7054516742453905,1187
8184,1210.828959553548,0.7054516742453905,1187
8185,1210.828959553548,0.7054516742453905,1187
8186,1210.828959553548,0.7054516742453905,1187
8187,1210.828959553548,0.7054516742453905,1187
8188,1210.828959553548,0.7054516742453905,1187
8189,1210.828959553548,0.7054516742453905,1187
8190,1210.828959553548,0.7054516742453905,1187
8191,1210.828959553548,0.7054516742453905,1187
8192,1210.828959553548,0.7054516742453905,1187
8193,1210.828959553548,0.7054516742453905,1187
8194,1210.828959553548,0.7054516742453905,1187
8195,1210.828959553548,0.7054516742453905,1187
8196,1210.828959553548,0.7054516742453905,1187
8197,1210.828959553548,0.7054516742453905,1187
8198,1210.828959553548,0.7054516742453905,1187
8199,1210.828959553548,0.7054516742453905,1187
8200,1210.828959553548,0.7054516742453905,1187
8201,1210.828959553548,0.7054516742453905,1187
8202,1210.828959553548,0.7054516742453905,1187
8203,1210.828959553548,0.7054516742453905,1187
8204,1210.828959553548,0.7054516742453905,1187
8205,1210.828959553548,0.7054516742453905,1187
8206,1210.828959553548,0.7054516742453905,1187
8207,1210.828959553548,0.7054516742453905,1187
8208,1210.828959553548,0.7054516742453905,1187
8209,1210.828959553548,0.7054516742453905,1187
8210,1210.828959553548,0.7054516742453905,1187
8211,1210.828959553548,0.7054516742453905,1187
8212,1210.828959553548,0.7054516742453905,1187
8213,1210.828959553548,0.7054516742453905,1187
8214,1210.828959553548,0.7054516742453905,1187
8215,1210.828959553548,0.7054516742453905,1187
8216,1210.828959553548,0.7054516742453905,1187
8217,1236.8465034667659,0.7299566938595077,1215
8218,1236.8465034667659,0.7299566938595077,1215
8219,1236.8465034667659,0.7299566938595077,1215
8220,1236.8465034667659,0.7299566938595077,1215
8221,1236.8465034667659,0.7299566938595077,1215
8222,1236.8465034667659,0.7299566938595077,1215
8223,1236.8465034667659,0.7299566938595077,1215
8224,1236.8465034667659,0.7299566938595077,1215
8225,1236.8465034667659,0.7299566938595077,1215
8226,1236.8465034667659,0.7299566938595077,1215
8227,1236.8465034667659,0.7299566938595077,1215
8228,1236.8465034667659,0.7299566938595077,1215
8229,1236.8465034667659,0.7299566938595077,1215
8230,1236.8465034667659,0.7299566938595077,1215
8231,1236.8465034667659,0.7299566938595077,1215
8232,1236.8465034667659,0.7299566938595077,1215
8233,1236.8465034667659,0.7299566938595077,1215
8234,1236.8465034667659,0.7299566938595077,1215
8235,1236.8465034667659,0.7299566938595077,1215
8236,1236.8465034667659,0.7299566938595077,1215
8237,1222.8989683925843,0.7169472386577951,1200
8238,1222.8989683925843,0.7169472386577951,1200
8239,1222.8989683925843,0.7169472386577951,1200
8240,1222.8989683925843,0.7169472386577951,1200
8241,1219.1833871659567,0.7134315554269868,1196
8242,1219.1833871659567,0.7134315554269868,1196
8243,1219.1833871659567,0.7134315554269868,1196
8244,1219.1833871659567,0.7134315554269868,1196
8245,1219.1833871659567,0.7134315554269868,1196
8246,1219.1833871659567,0.7134315554269868,1196
8247,1222.8989683925843,0.7169472386577951,1200
8248,1222.8989683925843,0.7169472386577951,1200
8249,1222.8989683925843,0.7169472386577951,1200
8250,1222.8989683925843,0.7169472386577951,1200
8251,1222.8989683925843,0.7169472386577951,1200
8252,1222.8989683925843,0.7169472386577951,1200
8253,1222.8989683925843,0.7169472386577951,1200
8254,1222.8989683925843,0.7169472386577951,1200
8255,1222.8989683925843,0.7169472386577951,1200
8256,1222.8989683925843,0.7169472386577951,1200
8257,1222.8989683925843,0.7169472386577951,1200
8258,1222.8989683925843,0.7169472386577951,1200
8259,1222.8989683925843,0.7169472386577951,1200
8260,1222.8989683925843,0.7169472386577951,1200
8261,1222.8989683925843,0.7169472386577951,1200
8262,1222.8989683925843,0.7169472386577951,1200
8263,1222.8989683925843,0.7169472386577951,1200
8264,1222.8989683925843,0.7169472386577951,1200
8265,1222.8989683925843,0.7169472386577951,1200
8266,1222.8989683925843,0.7169472386577951,1200
8267,1222.8989683925843,0.7169472386577951,1200
8268,1222.8989683925843,0.7169472386577951,1200
8269,1222.8989683925843,0.7169472386577951,1200
8270,1222.8989683925843,0.7169472386577951,1200
8271,1222.8989683925843,0.7169472386577951,1200
8272,1222.8989683925843,0.7169472386577951,1200
8273,1222.8989683925843,0.7169472386577951,1200
8274,1222.8989683925843,0.7169472386577951,1200
8275,1222.8989683925843,0.7169472386577951,1200
8276,1222.8989683925843,0.7169472386577951,1200
8277,1222.8989683925843,0.7169472386577951,1200
8278,1222.8989683925843,0.7169472386577951,1200
8279,1222.8989683925843,0.7169472386577951,1200
8280,1222.8989683925843,0.7169472386577951,1200
8281,1232.1948173010394,0.725651207650934,1210
8282,1232.1948173010394,0.725651207650934,1210
8283,1232.1948173010394,0.725651207650934,1210
8284,1232.1948173010394,0.725651207650934,1210
8285,1232.1948173010394,0.725651207650934,1210
8286,1232.1948173010394,0.725651207650934,1210
8287,1232.1948173010394,0.725651207650934,1210
8288,1232.1948173010394,0.725651207650934,1210
8289,1232.1948173010394,0.725651207650934,1210
8290,1232.1948173010394,0.725651207650934,1210
8291,1232.1948173010394,0.725651207650934,1210
8292,1232.1948173010394,0.725651207650934,1210
8293,1232.1948173010394,0.725651207650934,1210
8294,1232.1948173010394,0.725651207650934,1210
8295,1232.1948173010394,0.725651207650934,1210
8296,1232.1948173010394,0.725651207650934,1210
8297,1232.1948173010394,0.725651207650934,1210
8298,1218.2547344801123,0.712549635598117,1195
8299,1218.2547344801123,0.712549635598117,1195
8300,1218.2547344801123,0.712549635598117,1195
8301,1218.2547344801123,0.712549635598117,1195
8302,1218.2547344801123,0.712549635598117,1195
8303,1218.2547344801123,0.712549635598117,1195
8304,1218.2547344801123,0.712549635598117,1195
8305,1218.2547344801123,0.712549635598117,1195
8306,1218.2547344801123,0.712549635598117,1195
8307,1218.2547344801123,0.712549635598117,1195
8308,1218.2547344801123,0.712549635598117,1195
8309,1218.2547344801123,0.712549635598117,1195
8310,1218.2547344801123,0.712549635598117,1195
8311,1218.2547344801123,0.712549635598117,1195
8312,1218.2547344801123,0.712549635598117,1195
8313,1218.2547344801123,0.712549635598117,1195
8314,1218.2547344801123,0.712549635598117,1195
8315,1218.2547344801123,0.712549635598117,1195
8316,1218.2547344801123,0.712549635598117,1195
8317,1218.2547344801123,0.712549635598117,1195
8318,1218.2547344801123,0.712549635598117,1195
8319,1218.2547344801123,0.712549635598117,1195
8320,1218.2547344801123,0.712549635598117,1195
8321,1218.2547344801123,0.712549635598117,1195
8322,1218.2547344801123,0.712549635598117,1195
8323,1218.2547344801123,0.712549635598117,1195
8324,1218.2547344801123,0.712549635598117,1195
8325,1218.2547344801123,0.712549635598117,1195
8326,1218.2547344801123,0.712549635598117,1195
8327,1218.2547344801123,0.712549635598117,1195
8328,1218.2547344801123,0.712549635598117,1195
8329,1218.2547344801123,0.712549635598117,1195
8330,1218.2547344801123,0.712549635598117,1195
8331,1218.2547344801123,0.712549635598117,1195
8332,1218.2547344801123,0.712549635598117,1195
8333,1218.2547344801123,0.712549635598117,1195
8334,1218.2547344801123,0.712549635598117,1195
8335,1218.2547344801123,0.712549635598117,1195
8336,1218.2547344801123,0.712549635598117,1195
8337,1218.2547344801123,0.712549635598117,1195
8338,1218.2547344801123,0.712549635598117,1195
8339,1218.2547344801123,0.712549635598117,1195
8340,1218.2547344801123,0.712549635598117,1195
8341,1218.2547344801123,0.712549635598117,1195
8342,1218.2547344801123,0.712549635598117,1195
8343,1218.2547344801123,0.712549635598117,1195
8344,1218.2547344801123,0.712549635598117,1195
8345,1218.2547344801123,0.712549635598117,1195
8346,1218.2547344801123,0.712549635598117,1195
8347,1218.2547344801123,0.712549635598117,1195
8348,1218.2547344801123,0.712549635598117,1195
8349,1218.2547344801123,0.712549635598117,1195
8350,1218.2547344801123,0.712549635598117,1195
8351,1218.2547344801123,0.712549635598117,1195
8352,1218.2547344801123,0.712549635598117,1195
8353,1218.2547344801123,0.712549635598117,1195
8354,1218.2547344801123,0.712549635598117,1195
8355,1218.2547344801123,0.712549635598117,1195
8356,1218.2547344801123,0.712549635598117,1195
8357,1218.2547344801123,0.712549635598117,1195
8358,1218.2547344801123,0.712549635598117,1195
8359,1218.2547344801123,0.712549635598117,1195
8360,1218.2547344801123,0.712549635598117,1195
8361,1218.2547344801123,0.712549635598117,1195
8362,1218.2547344801123,0.712549635598117,1195
8363,1218.2547344801123,0.712549635598117,1195
8364,1218.2547344801123,0.712549635598117,1195
8365,1218.2547344801123,0.712549635598117,1195
8366,1218.2547344801123,0.712549635598117,1195
8367,1218.2547344801123,0.712549635598117,1195
8368,1218.2547344801123,0.712549635598117,1195
8369,1218.2547344801123,0.712549635598117,1195
8370,1218.2547344801123,0.712549635598117,1195
8371,1218.2547344801123,0.712549635598117,1195
8372,1218.2547344801123,0.712549635598117,1195
8373,1218.2547344801123,0.712549635598117,1195
8374,1218.2547344801123,0.712549635598117,1195
8375,1218.2547344801123,0.712549635598117,1195
8376,1218.2547344801123,0.712549635598117,1195
8377,1218.2547344801123,0.712549635598117,1195
8378,1218.2547344801123,0.712549635598117,1195
8379,1218.2547344801123,0.712549635598117,1195
8380,1218.2547344801123,0.712549635598117,1195
8381,1218.2547344801123,0.712549635598117,1195
8382,1218.2547344801123,0.712549635598117,1195
8383,1218.2547344801123,0.712549635598117,1195
8384,1218.2547344801123,0.712549635598117,1195
8385,1218.2547344801123,0.712549635598117,1195
8386,1218.2547344801123,0.712549635598117,1195
8387,1218.2547344801123,0.712549635598117,1195
8388,1218.2547344801123,0.712549635598117,1195
8389,1218.2547344801123,0.712549635598117,1195
8390,1218.2547344801123,0.712549635598117,1195
8391,1218.2547344801123,0.712549635598117,1195
8392,1218.2547344801123,0.712549635598117,1195
8393,1218.2547344801123,0.712549635598117,1195
8394,1218.2547344801123,0.712549635598117,1195
8395,1218.2547344801123,0.712549635598117,1195
8396,1218.2547344801123,0.712549635598117,1195
8397,1218.2547344801123,0.712549635598117,1195
8398,1218.2547344801123,0.712549635598117,1195
8399,1218.2547344801123,0.712549635598117,1195
8400,1218.2547344801123,0.712549635598117,1195
8401,1218.2547344801123,0.712549635598117,1195
8402,1218.2547344801123,0.712549635598117,1195
8403,1218.2547344801123,0.712549635598117,1195
8404,1218.2547344801123,0.712549635598117,1195
8405,1218.2547344801123,0.712549635598117,1195
8406,1218.2547344801123,0.712549635598117,1195
8407,1218.2547344801123,0.712549635598117,1195
8408,1218.2547344801123,0.712549635598117,1195
8409,1218.2547344801123,0.712549635598117,1195
8410,1218.2547344801123,0.712549635598117,1195
8411,1218.2547344801123,0.712549635598117,1195
8412,1218.2547344801123,0.712549635598117,1195
8413,1218.2547344801123,0.712549635598117,1195
8414,1218.2547344801123,0.712549635598117,1195
8415,1218.2547344801123,0.712549635598117,1195
8416,1218.2547344801123,0.712549635598117,1195
8417,1218.2547344801123,0.712549635598117,1195
8418,1218.2547344801123,0.712549635598117,1195
8419,1218.2547344801123,0.712549635598117,1195
8420,1218.2547344801123,0.712549635598117,1195
8421,1218.2547344801123,0.712549635598117,1195
8422,1218.2547344801123,0.712549635598117,1195
8423,1218.2547344801123,0.712549635598117,1195
8424,1218.2547344801123,0.712549635598117,1195
8425,1218.2547344801123,0.712549635598117,1195
8426,1218.2547344801123,0.712549635598117,1195
8427,1218.2547344801123,0.712549635598117,1195
8428,1218.2547344801123,0.712549635598117,1195
8429,1218.2547344801123,0.712549635598117,1195
8430,1218.2547344801123,0.712549635598117,1195
8431,1218.2547344801123,0.712549635598117,1195
8432,1218.2547344801123,0.712549635598117,1195
8433,1218.2547344801123,0.712549635598117,1195
8434,1218.2547344801123,0.712549635598117,1195
8435,1218.2547344801123,0.712549635598117,1195
8436,1218.2547344801123,0.712549635598117,1195
8437,1218.2547344801123,0.712549635598117,1195
8438,1218.2547344801123,0.712549635598117,1195
8439,1218.2547344801123,0.712549635598117,1195
8440,1218.2547344801123,0.712549635598117,1195
8441,1218.2547344801123,0.712549635598117,1195
8442,1218.2547344801123,0.712549635598117,1195
8443,1218.2547344801123,0.712549635598117,1195
8444,1218.2547344801123,0.712549635598117,1195
8445,1218.2547344801123,0.712549635598117,1195
8446,1218.2547344801123,0.712549635598117,1195
8447,1218.2547344801123,0.712549635598117,1195
8448,1218.2547344801123,0.712549635598117,1195
8449,1218.2547344801123,0.712549635598117,1195
8450,1218.2547344801123,0.712549635598117,1195
8451,1218.2547344801123,0.712549635598117,1195
8452,1218.2547344801123,0.712549635598117,1195
8453,1218.2547344801123,0.712549635598117,1195
8454,1218.2547344801123,0.712549635598117,1195
8455,1218.2547344801123,0.712549635598117,1195
8456,1218.2547344801123,0.712549635598117,1195
8457,1218.2547344801123,0.712549635598117,1195
8458,1218.2547344801123,0.712549635598117,1195
8459,1218.2547344801123,0.712549635598117,1195
8460,1218.2547344801123,0.712549635598117,1195
8461,1218.2547344801123,0.712549635598117,1195
8462,1218.2547344801123,0.712549635598117,1195
8463,1218.2547344801123,0.712549635598117,1195
8464,1218.2547344801123,0.712549635598117,1195
8465,1218.2547344801123,0.712549635598117,1195
8466,1218.2547344801123,0.712549635598117,1195
8467,1218.2547344801123,0.712549635598117,1195
8468,1218.2547344801123,0.712549635598117,1195
8469,1218.2547344801123,0.712549635598117,1195
8470,1218.2547344801123,0.712549635598117,1195
8471,1218.2547344801123,0.712549635598117,1195
8472,1218.2547344801123,0.712549635598117,1195
8473,1218.2547344801123,0.712549635598117,1195
8474,1218.2547344801123,0.712549635598117,1195
8475,1218.2547344801123,0.712549635598117,1195
8476,1218.2547344801123,0.712549635598117,1195
8477,1218.2547344801123,0.712549635598117,1195
8478,1218.2547344801123,0.712549635598117,1195
8479,1221.9699269186592,0.7160701246148437,1199
8480,1221.9699269186592,0.7160701246148437,1199
8481,1221.9699269186592,0.7160701246148437,1199
8482,1221.9699269186592,0.7160701246148437,1199
8483,1221.9699269186592,0.7160701246148437,1199
8484,1221.9699269186592,0.7160701246148437,1199
8485,1221.9699269186592,0.7160701246148437,1199
8486,1221.9699269186592,0.7160701246148437,1199
8487,1221.9699269186592,0.7160701246148437,1199
8488,1217.3261782436018,0.711666523564872,1194
8489,1217.3261782436018,0.711666523564872,1194
8490,1217.3261782436018,0.711666523564872,1194
8491,1217.3261782436018,0.711666523564872,1194
8492,1217.3261782436018,0.711666523564872,1194
8493,1217.3261782436018,0.711666523564872,1194
8494,1217.3261782436018,0.711666523564872,1194
8495,1217.3261782436018,0.711666523564872,1194
8496,1217.3261782436018,0.711666523564872,1194
8497,1217.3261782436018,0.711666523564872,1194
8498,1217.3261782436018,0.711666523564872,1194
8499,1217.3261782436018,0.711666523564872,1194
8500,1206.1909146920286,0.7009775687017462,1182
8501,1206.1909146920286,0.7009775687017462,1182
8502,1206.1909146920286,0.7009775687017462,1182
8503,1206.1909146920286,0.7009775687017462,1182
8504,1206.1909146920286,0.7009775687017462,1182
8505,1206.1909146920286,0.7009775687017462,1182
8506,1206.1909146920286,0.7009775687017462,1182
8507,1206.1909146920286,0.7009775687017462,1182
8508,1206.1909146920286,0.7009775687017462,1182
8509,1206.1909146920286,0.7009775687017462,1182
8510,1206.1909146920286,0.7009775687017462,1182
8511,1206.1909146920286,0.7009775687017462,1182
8512,1206.1909146920286,0.7009775687017462,1182
8513,1206.1909146920286,0.7009775687017462,1182
8514,1206.1909146920286,0.7009775687017462,1182
8515,1206.1909146920286,0.7009775687017462,1182
8516,1206.1909146920286,0.7009775687017462,1182
8517,1206.1909146920286,0.7009775687017462,1182
8518,1206.1909146920286,0.7009775687017462,1182
8519,1206.1909146920286,0.7009775687017462,1182
8520,1206.1909146920286,0.7009775687017462,1182
8521,1206.1909146920286,0.7009775687017462,1182
8522,1206.1909146920286,0.7009775687017462,1182
8523,1206.1909146920286,0.7009775687017462,1182
8524,1206.1909146920286,0.7009775687017462,1182
8525,1206.1909146920286,0.7009775687017462,1182
8526,1206.1909146920286,0.7009775687017462,1182
8527,1206.1909146920286,0.7009775687017462,1182
8528,1206.1909146920286,0.7009775687017462,1182
8529,1206.1909146920286,0.7009775687017462,1182
8530,1206.1909146920286,0.7009775687017462,1182
8531,1206.1909146920286,0.7009775687017462,1182
8532,1206.1909146920286,0.7009775687017462,1182
8533,1206.1909146920286,0.7009775687017462,1182
8534,1204.3363457053963,0.6991799047540618,1180
8535,1204.3363457053963,0.6991799047540618,1180
8536,1204.3363457053963,0.6991799047540618,1180
8537,1204.3363457053963,0.6991799047540618,1180
8538,1204.3363457053963,0.6991799047540618,1180
8539,1204.3363457053963,0.6991799047540618,1180
8540,1204.3363457053963,0.6991799047540618,1180
8541,1204.3363457053963,0.6991799047540618,1180
8542,1204.3363457053963,0.6991799047540618,1180
8543,1204.3363457053963,0.6991799047540618,1180
8544,1204.3363457053963,0.6991799047540618,1180
8545,1204.3363457053963,0.6991799047540618,1180
8546,1204.3363457053963,0.6991799047540618,1180
8547,1204.3363457053963,0.6991799047540618,1180
8548,1204.3363457053963,0.6991799047540618,1180
8549,1204.3363457053963,0.6991799047540618,1180
8550,1204.3363457053963,0.6991799047540618,1180
8551,1204.3363457053963,0.6991799047540618,1180
8552,1204.3363457053963,0.6991799047540618,1180
8553,1204.3363457053963,0.6991799047540618,1180
8554,1204.3363457053963,0.6991799047540618,1180
8555,1204.3363457053963,0.6991799047540618,1180
8556,1204.3363457053963,0.6991799047540618,1180
8557,1204.3363457053963,0.6991799047540618,1180
8558,1204.3363457053963,0.6991799047540618,1180
8559,1204.3363457053963,0.6991799047540618,1180
8560,1204.3363457053963,0.6991799047540618,1180
8561,1204.3363457053963,0.6991799047540618,1180
8562,1204.3363457053963,0.6991799047540618,1180
8563,1204.3363457053963,0.6991799047540618,1180
8564,1204.3363457053963,0.6991799047540618,1180
8565,1204.3363457053963,0.6991799047540618,1180
8566,1204.3363457053963,0.6991799047540618,1180
8567,1204.3363457053963,0.6991799047540618,1180
8568,1204.3363457053963,0.6991799047540618,1180
8569,1204.3363457053963,0.6991799047540618,1180
8570,1204.3363457053963,0.6991799047540618,1180
8571,1204.3363457053963,0.6991799047540618,1180
8572,1204.3363457053963,0.6991799047540618,1180
8573,1204.3363457053963,0.6991799047540618,1180
8574,1204.3363457053963,0.6991799047540618,1180
8575,1204.3363457053963,0.6991799047540618,1180
8576,1204.3363457053963,0.6991799047540618,1180
8577,1204.3363457053963,0.6991799047540618,1180
8578,1204.3363457053963,0.6991799047540618,1180
8579,1204.3363457053963,0.6991799047540618,1180
8580,1204.3363457053963,0.6991799047540618,1180
8581,1204.3363457053963,0.6991799047540618,1180
8582,1204.3363457053963,0.6991799047540618,1180
8583,1204.3363457053963,0.6991799047540618,1180
8584,1204.3363457053963,0.6991799047540618,1180
8585,1204.3363457053963,0.6991799047540618,1180
8586,1204.3363457053963,0.6991799047540618,1180
8587,1204.3363457053963,0.6991799047540618,1180
8588,1204.3363457053963,0.6991799047540618,1180
8589,1204.3363457053963,0.6991799047540618,1180
8590,1204.3363457053963,0.6991799047540618,1180
8591,1204.3363457053963,0.6991799047540618,1180
8592,1204.3363457053963,0.6991799047540618,1180
8593,1204.3363457053963,0.6991799047540618,1180
8594,1204.3363457053963,0.6991799047540618,1180
8595,1204.3363457053963,0.6991799047540618,1180
8596,1204.3363457053963,0.6991799047540618,1180
8597,1204.3363457053963,0.6991799047540618,1180
8598,1204.3363457053963,0.6991799047540618,1180
8599,1204.3363457053963,0.6991799047540618,1180
8600,1204.3363457053963,0.6991799047540618,1180
8601,1204.3363457053963,0.6991799047540618,1180
8602,1204.3363457053963,0.6991799047540618,1180
8603,1204.3363457053963,0.6991799047540618,1180
8604,1204.3363457053963,0.6991799047540618,1180
8605,1204.3363457053963,0.6991799047540618,1180
8606,1204.3363457053963,0.6991799047540618,1180
8607,1204.3363457053963,0.6991799047540618,1180
8608,1204.3363457053963,0.6991799047540618,1180
8609,1204.3363457053963,0.6991799047540618,1180
8610,1204.3363457053963,0.6991799047540618,1180
8611,1204.3363457053963,0.6991799047540618,1180
8612,1204.3363457053963,0.6991799047540618,1180
8613,1204.3363457053963,0.6991799047540618,1180
8614,1204.3363457053963,0.6991799047540618,1180
8615,1204.3363457053963,0.6991799047540618,1180
8616,1204.3363457053963,0.6991799047540618,1180
8617,1204.3363457053963,0.6991799047540618,1180
8618,1204.3363457053963,0.6991799047540618,1180
8619,1204.3363457053963,0.6991799047540618,1180
8620,1204.3363457053963,0.6991799047540618,1180
8621,1204.3363457053963,0.6991799047540618,1180
8622,1204.3363457053963,0.6991799047540618,1180
8623,1204.3363457053963,0.6991799047540618,1180
8624,1204.3363457053963,0.6991799047540618,1180
8625,1204.3363457053963,0.6991799047540618,1180
8626,1204.3363457053963,0.6991799047540618,1180
8627,1204.3363457053963,0.6991799047540618,1180
8628,1204.3363457053963,0.6991799047540618,1180
8629,1204.3363457053963,0.6991799047540618,1180
8630,1204.3363457053963,0.6991799047540618,1180
8631,1204.3363457053963,0.6991799047540618,1180
8632,1204.3363457053963,0.6991799047540618,1180
8633,1204.3363457053963,0.6991799047540618,1180
8634,1204.3363457053963,0.6991799047540618,1180
8635,1204.3363457053963,0.6991799047540618,1180
8636,1204.3363457053963,0.6991799047540618,1180
8637,1204.3363457053963,0.6991799047540618,1180
8638,1204.3363457053963,0.6991799047540618,1180
8639,1204.3363457053963,0.6991799047540618,1180
8640,1204.3363457053963,0.6991799047540618,1180
8641,1204.3363457053963,0.6991799047540618,1180
8642,1204.3363457053963,0.6991799047540618,1180
8643,1204.3363457053963,0.6991799047540618,1180
8644,1204.3363457053963,0.6991799047540618,1180
8645,1204.3363457053963,0.6991799047540618,1180
8646,1204.3363457053963,0.6991799047540618,1180
8647,1204.3363457053963,0.6991799047540618,1180
8648,1204.3363457053963,0.6991799047540618,1180
8649,1204.3363457053963,0.6991799047540618,1180
8650,1204.3363457053963,0.6991799047540618,1180
8651,1204.3363457053963,0.6991799047540618,1180
8652,1204.3363457053963,0.6991799047540618,1180
8653,1204.3363457053963,0.6991799047540618,1180
8654,1204.3363457053963,0.6991799047540618,1180
8655,1204.3363457053963,0.6991799047540618,1180
8656,1204.3363457053963,0.6991799047540618,1180
8657,1204.3363457053963,0.6991799047540618,1180
8658,1204.3363457053963,0.6991799047540618,1180
8659,1204.3363457053963,0.6991799047540618,1180
8660,1204.3363457053963,0.6991799047540618,1180
8661,1204.3363457053963,0.6991799047540618,1180
8662,1204.3363457053963,0.6991799047540618,1180
8663,1204.3363457053963,0.6991799047540618,1180
8664,1204.3363457053963,0.6991799047540618,1180
8665,1204.3363457053963,0.6991799047540618,1180
8666,1204.3363457053963,0.6991799047540618,1180
8667,1204.3363457053963,0.6991799047540618,1180
8668,1204.3363457053963,0.6991799047540618,1180
8669,1204.3363457053963,0.6991799047540618,1180
8670,1204.3363457053963,0.6991799047540618,1180
8671,1204.3363457053963,0.6991799047540618,1180
8672,1204.3363457053963,0.6991799047540618,1180
8673,1204.3363457053963,0.6991799047540618,1180
8674,1204.3363457053963,0.6991799047540618,1180
8675,1204.3363457053963,0.6991799047540618,1180
8676,1204.3363457053963,0.6991799047540618,1180
8677,1204.3363457053963,0.6991799047540618,1180
8678,1204.3363457053963,0.6991799047540618,1180
8679,1204.3363457053963,0.6991799047540618,1180
8680,1204.3363457053963,0.6991799047540618,1180
8681,1204.3363457053963,0.6991799047540618,1180
8682,1204.3363457053963,0.6991799047540618,1180
8683,1204.3363457053963,0.6991799047540618,1180
8684,1204.3363457053963,0.6991799047540618,1180
8685,1204.3363457053963,0.6991799047540618,1180
8686,1204.3363457053963,0.6991799047540618,1180
8687,1204.3363457053963,0.6991799047540618,1180
8688,1204.3363457053963,0.6991799047540618,1180
8689,1204.3363457053963,0.6991799047540618,1180
8690,1204.3363457053963,0.6991799047540618,1180
8691,1204.3363457053963,0.6991799047540618,1180
8692,1204.3363457053963,0.6991799047540618,1180
8693,1204.3363457053963,0.6991799047540618,1180
8694,1204.3363457053963,0.6991799047540618,1180
8695,1204.3363457053963,0.6991799047540618,1180
8696,1204.3363457053963,0.6991799047540618,1180
8697,1204.3363457053963,0.6991799047540618,1180
8698,1204.3363457053963,0.6991799047540618,1180
8699,1204.3363457053963,0.6991799047540618,1180
8700,1204.3363457053963,0.6991799047540618,1180
8701,1204.3363457053963,0.6991799047540618,1180
8702,1204.3363457053963,0.6991799047540618,1180
8703,1204.3363457053963,0.6991799047540618,1180
8704,1204.3363457053963,0.6991799047540618,1180
8705,1204.3363457053963,0.6991799047540618,1180
8706,1204.3363457053963,0.6991799047540618,1180
8707,1204.3363457053963,0.6991799047540618,1180
8708,1204.3363457053963,0.6991799047540618,1180
8709,1204.3363457053963,0.6991799047540618,1180
8710,1204.3363457053963,0.6991799047540618,1180
8711,1204.3363457053963,0.6991799047540618,1180
8712,1204.3363457053963,0.6991799047540618,1180
8713,1204.3363457053963,0.6991799047540618,1180
8714,1204.3363457053963,0.6991799047540618,1180
8715,1204.3363457053963,0.6991799047540618,1180
8716,1204.3363457053963,0.6991799047540618,1180
8717,1204.3363457053963,0.6991799047540618,1180
8718,1204.3363457053963,0.6991799047540618,1180
8719,1204.3363457053963,0.6991799047540618,1180
8720,1204.3363457053963,0.6991799047540618,1180
8721,1204.3363457053963,0.6991799047540618,1180
8722,1204.3363457053963,0.6991799047540618,1180
8723,1204.3363457053963,0.6991799047540618,1180
8724,1204.3363457053963,0.6991799047540618,1180
8725,1204.3363457053963,0.6991799047540618,1180
8726,1204.3363457053963,0.6991799047540618,1180
8727,1204.3363457053963,0.6991799047540618,1180
8728,1204.3363457053963,0.6991799047540618,1180
8729,1204.3363457053963,0.6991799047540618,1180
8730,1204.3363457053963,0.6991799047540618,1180
8731,1204.3363457053963,0.6991799047540618,1180
8732,1204.3363457053963,0.6991799047540618,1180
8733,1204.3363457053963,0.6991799047540618,1180
8734,1204.3363457053963,0.6991799047540618,1180
8735,1204.3363457053963,0.6991799047540618,1180
8736,1204.3363457053963,0.6991799047540618,1180
8737,1204.3363457053963,0.6991799047540618,1180
8738,1204.3363457053963,0.6991799047540618,1180
8739,1204.3363457053963,0.6991799047540618,1180
8740,1204.3363457053963,0.6991799047540618,1180
8741,1204.3363457053963,0.6991799047540618,1180
8742,1204.3363457053963,0.6991799047540618,1180
8743,1204.3363457053963,0.6991799047540618,1180
8744,1204.3363457053963,0.6991799047540618,1180
8745,1204.3363457053963,0.6991799047540618,1180
8746,1204.3363457053963,0.6991799047540618,1180
8747,1204.3363457053963,0.6991799047540618,1180
8748,1204.3363457053963,0.6991799047540618,1180
8749,1204.3363457053963,0.6991799047540618,1180
8750,1204.3363457053963,0.6991799047540618,1180
8751,1204.3363457053963,0.6991799047540618,1180
8752,1204.3363457053963,0.6991799047540618,1180
8753,1204.3363457053963,0.6991799047540618,1180
8754,1204.3363457053963,0.6991799047540618,1180
8755,1204.3363457053963,0.6991799047540618,1180
8756,1204.3363457053963,0.6991799047540618,1180
8757,1204.3363457053963,0.6991799047540618,1180
8758,1204.3363457053963,0.6991799047540618,1180
8759,1204.3363457053963,0.6991799047540618,1180
8760,1204.3363457053963,0.6991799047540618,1180
8761,1204.3363457053963,0.6991799047540618,1180
8762,1204.3363457053963,0.6991799047540618,1180
8763,1204.3363457053963,0.6991799047540618,1180
8764,1204.3363457053963,0.6991799047540618,1180
8765,1204.3363457053963,0.6991799047540618,1180
8766,1204.3363457053963,0.6991799047540618,1180
8767,1204.3363457053963,0.6991799047540618,1180
8768,1204.3363457053963,0.6991799047540618,1180
8769,1204.3363457053963,0.6991799047540618,1180
8770,1204.3363457053963,0.6991799047540618,1180
8771,1204.3363457053963,0.6991799047540618,1180
8772,1204.3363457053963,0.6991799047540618,1180
8773,1204.3363457053963,0.6991799047540618,1180
8774,1204.3363457053963,0.6991799047540618,1180
8775,1204.3363457053963,0.6991799047540618,1180
8776,1204.3363457053963,0.6991799047540618,1180
8777,1204.3363457053963,0.6991799047540618,1180
8778,1204.3363457053963,0.6991799047540618,1180
8779,1204.3363457053963,0.6991799047540618,1180
8780,1204.3363457053963,0.6991799047540618,1180
8781,1204.3363457053963,0.6991799047540618,1180
8782,1204.3363457053963,0.6991799047540618,1180
8783,1204.3363457053963,0.6991799047540618,1180
8784,1204.3363457053963,0.6991799047540618,1180
8785,1204.3363457053963,0.6991799047540618,1180
8786,1204.3363457053963,0.6991799047540618,1180
8787,1204.3363457053963,0.6991799047540618,1180
8788,1204.3363457053963,0.6991799047540618,1180
8789,1204.3363457053963,0.6991799047540618,1180
8790,1204.3363457053963,0.6991799047540618,1180
8791,1204.3363457053963,0.6991799047540618,1180
8792,1204.3363457053963,0.6991799047540618,1180
8793,1204.3363457053963,0.6991799047540618,1180
8794,1204.3363457053963,0.6991799047540618,1180
8795,1204.3363457053963,0.6991799047540618,1180
8796,1204.3363457053963,0.6991799047540618,1180
8797,1204.3363457053963,0.6991799047540618,1180
8798,1204.3363457053963,0.6991799047540618,1180
8799,1204.3363457053963,0.6991799047540618,1180
8800,1204.3363457053963,0.6991799047540618,1180
8801,1204.3363457053963,0.6991799047540618,1180
8802,1204.3363457053963,0.6991799047540618,1180
8803,1204.3363457053963,0.6991799047540618,1180
8804,1204.3363457053963,0.6991799047540618,1180
8805,1204.3363457053963,0.6991799047540618,1180
8806,1204.3363457053963,0.6991799047540618,1180
8807,1204.3363457053963,0.6991799047540618,1180
8808,1204.3363457053963,0.6991799047540618,1180
8809,1204.3363457053963,0.6991799047540618,1180
8810,1204.3363457053963,0.6991799047540618,1180
8811,1204.3363457053963,0.6991799047540618,1180
8812,1204.3363457053963,0.6991799047540618,1180
8813,1204.3363457053963,0.6991799047540618,1180
8814,1204.3363457053963,0.6991799047540618,1180
8815,1204.3363457053963,0.6991799047540618,1180
8816,1204.3363457053963,0.6991799047540618,1180
8817,1204.3363457053963,0.6991799047540618,1180
8818,1204.3363457053963,0.6991799047540618,1180
8819,1204.3363457053963,0.6991799047540618,1180
8820,1204.3363457053963,0.6991799047540618,1180
8821,1204.3363457053963,0.6991799047540618,1180
8822,1204.3363457053963,0.6991799047540618,1180
8823,1204.3363457053963,0.6991799047540618,1180
8824,1204.3363457053963,0.6991799047540618,1180
8825,1204.3363457053963,0.6991799047540618,1180
8826,1204.3363457053963,0.6991799047540618,1180
8827,1204.3363457053963,0.6991799047540618,1180
8828,1204.3363457053963,0.6991799047540618,1180
8829,1204.3363457053963,0.6991799047540618,1180
8830,1204.3363457053963,0.6991799047540618,1180
8831,1204.3363457053963,0.6991799047540618,1180
8832,1204.3363457053963,0.6991799047540618,1180
8833,1204.3363457053963,0.6991799047540618,1180
8834,1204.3363457053963,0.6991799047540618,1180
8835,1204.3363457053963,0.6991799047540618,1180
8836,1204.3363457053963,0.6991799047540618,1180
8837,1204.3363457053963,0.6991799047540618,1180
8838,1204.3363457053963,0.6991799047540618,1180
8839,1204.3363457053963,0.6991799047540618,1180
8840,1204.3363457053963,0.6991799047540618,1180
8841,1204.3363457053963,0.6991799047540618,1180
8842,1204.3363457053963,0.6991799047540618,1180
8843,1204.3363457053963,0.6991799047540618,1180
8844,1204.3363457053963,0.6991799047540618,1180
8845,1204.3363457053963,0.6991799047540618,1180
8846,1204.3363457053963,0.6991799047540618,1180
8847,1204.3363457053963,0.6991799047540618,1180
8848,1204.3363457053963,0.6991799047540618,1180
8849,1204.3363457053963,0.6991799047540618,1180
8850,1204.3363457053963,0.6991799047540618,1180
8851,1204.3363457053963,0.6991799047540618,1180
8852,1204.3363457053963,0.6991799047540618,1180
8853,1204.3363457053963,0.6991799047540618,1180
8854,1204.3363457053963,0.6991799047540618,1180
8855,1204.3363457053963,0.6991799047540618,1180
8856,1204.3363457053963,0.6991799047540618,1180
8857,1204.3363457053963,0.6991799047540618,1180
8858,1204.3363457053963,0.6991799047540618,1180
8859,1204.3363457053963,0.6991799047540618,1180
8860,1204.3363457053963,0.6991799047540618,1180
8861,1204.3363457053963,0.6991799047540618,1180
8862,1204.3363457053963,0.6991799047540618,1180
8863,1204.3363457053963,0.6991799047540618,1180
8864,1204.3363457053963,0.6991799047540618,1180
8865,1204.3363457053963,0.6991799047540618,1180
8866,1204.3363457053963,0.6991799047540618,1180
8867,1204.3363457053963,0.6991799047540618,1180
8868,1204.3363457053963,0.6991799047540618,1180
8869,1204.3363457053963,0.6991799047540618,1180
8870,1204.3363457053963,0.6991799047540618,1180
8871,1204.3363457053963,0.6991799047540618,1180
8872,1204.3363457053963,0.6991799047540618,1180
8873,1204.3363457053963,0.6991799047540618,1180
8874,1204.3363457053963,0.6991799047540618,1180
8875,1204.3363457053963,0.6991799047540618,1180
8876,1204.3363457053963,0.6991799047540618,1180
8877,1204.3363457053963,0.6991799047540618,1180
8878,1204.3363457053963,0.6991799047540618,1180
8879,1204.3363457053963,0.6991799047540618,1180
8880,1204.3363457053963,0.6991799047540618,1180
8881,1204.3363457053963,0.6991799047540618,1180
8882,1204.3363457053963,0.6991799047540618,1180
8883,1204.3363457053963,0.6991799047540618,1180
8884,1204.3363457053963,0.6991799047540618,1180
8885,1204.3363457053963,0.6991799047540618,1180
8886,1204.3363457053963,0.6991799047540618,1180
8887,1204.3363457053963,0.6991799047540618,1180
8888,1204.3363457053963,0.6991799047540618,1180
8889,1204.3363457053963,0.6991799047540618,1180
8890,1204.3363457053963,0.6991799047540618,1180
8891,1204.3363457053963,0.6991799047540618,1180
8892,1204.3363457053963,0.6991799047540618,1180
8893,1204.3363457053963,0.6991799047540618,1180
8894,1204.3363457053963,0.6991799047540618,1180
8895,1204.3363457053963,0.6991799047540618,1180
8896,1204.3363457053963,0.6991799047540618,1180
8897,1204.3363457053963,0.6991799047540618,1180
8898,1204.3363457053963,0.6991799047540618,1180
8899,1204.3363457053963,0.6991799047540618,1180
8900,1204.3363457053963,0.6991799047540618,1180
8901,1204.3363457053963,0.6991799047540618,1180
8902,1204.3363457053963,0.6991799047540618,1180
8903,1204.3363457053963,0.6991799047540618,1180
8904,1204.3363457053963,0.6991799047540618,1180
8905,1204.3363457053963,0.6991799047540618,1180
8906,1204.3363457053963,0.6991799047540618,1180
8907,1204.3363457053963,0.6991799047540618,1180
8908,1204.3363457053963,0.6991799047540618,1180
8909,1204.3363457053963,0.6991799047540618,1180
8910,1204.3363457053963,0.6991799047540618,1180
8911,1204.3363457053963,0.6991799047540618,1180
8912,1204.3363457053963,0.6991799047540618,1180
8913,1204.3363457053963,0.6991799047540618,1180
8914,1204.3363457053963,0.6991799047540618,1180
8915,1204.3363457053963,0.6991799047540618,1180
8916,1209.333462521413,0.7239374224794451,1187
8917,1209.333462521413,0.7239374224794451,1187
8918,1209.333462521413,0.7239374224794451,1187
8919,1209.333462521413,0.7239374224794451,1187
8920,1209.333462521413,0.7239374224794451,1187
8921,1209.333462521413,0.7239374224794451,1187
8922,1209.333462521413,0.7239374224794451,1187
8923,1209.333462521413,0.7239374224794451,1187
8924,1219.642477926691,0.7324786412028295,1198
8925,1219.642477926691,0.7324786412028295,1198
8926,1219.642477926691,0.7324786412028295,1198
8927,1219.642477926691,0.7324786412028295,1198
8928,1228.0145058061842,0.740240966549022,1207
8929,1228.0145058061842,0.740240966549022,1207
8930,1228.0145058061842,0.740240966549022,1207
8931,1236.3953444756237,0.7478943822543412,1216
8932,1236.3953444756237,0.7478943822543412,1216
8933,1236.3953444756237,0.7478943822543412,1216
8934,1236.3953444756237,0.7478943822543412,1216
8935,1236.3953444756237,0.7478943822543412,1216
8936,1236.3953444756237,0.7478943822543412,1216
8937,1236.3953444756237,0.7478943822543412,1216
8938,1236.3953444756237,0.7478943822543412,1216
8939,1244.539378238342,0.7461139896373057,1224
8940,1244.539378238342,0.7461139896373057,1224
8941,1244.539378238342,0.7461139896373057,1224
8942,1244.539378238342,0.7461139896373057,1224
8943,1244.539378238342,0.7461139896373057,1224
8944,1244.539378238342,0.7461139896373057,1224
8945,1244.539378238342,0.7461139896373057,1224
8946,1244.539378238342,0.7461139896373057,1224
8947,1244.539378238342,0.7461139896373057,1224
8948,1244.539378238342,0.7461139896373057,1224
8949,1244.539378238342,0.7461139896373057,1224
8950,1244.539378238342,0.7461139896373057,1224
8951,1244.539378238342,0.7461139896373057,1224
8952,1244.539378238342,0.7461139896373057,1224
8953,1244.539378238342,0.7461139896373057,1224
8954,1254.798373257061,0.7552735073292813,1235
8955,1254.798373257061,0.7552735073292813,1235
8956,1254.798373257061,0.7552735073292813,1235
8957,1254.798373257061,0.7552735073292813,1235
8958,1254.798373257061,0.7552735073292813,1235
8959,1254.798373257061,0.7552735073292813,1235
8960,1254.798373257061,0.7552735073292813,1235
8961,1254.798373257061,0.7552735073292813,1235
8962,1254.798373257061,0.7552735073292813,1235
8963,1254.798373257061,0.7552735073292813,1235
8964,1254.798373257061,0.7552735073292813,1235
8965,1254.798373257061,0.7552735073292813,1235
8966,1254.798373257061,0.7552735073292813,1235
8967,1254.798373257061,0.7552735073292813,1235
8968,1254.798373257061,0.7552735073292813,1235
8969,1254.798373257061,0.7552735073292813,1235
8970,1254.798373257061,0.7552735073292813,1235
8971,1254.798373257061,0.7552735073292813,1235
8972,1254.798373257061,0.7552735073292813,1235
8973,1254.798373257061,0.7552735073292813,1235
8974,1254.798373257061,0.7552735073292813,1235
8975,1254.798373257061,0.7552735073292813,1235
8976,1254.798373257061,0.7552735073292813,1235
8977,1254.798373257061,0.7552735073292813,1235
8978,1254.798373257061,0.7552735073292813,1235
8979,1254.798373257061,0.7552735073292813,1235
8980,1254.798373257061,0.7552735073292813,1235
8981,1254.798373257061,0.7552735073292813,1235
8982,1245.4714658679916,0.7469534503338486,1225
8983,1245.4714658679916,0.7469534503338486,1225
8984,1245.4714658679916,0.7469534503338486,1225
8985,1245.4714658679916,0.7469534503338486,1225
8986,1245.4714658679916,0.7469534503338486,1225
8987,1245.4714658679916,0.7469534503338486,1225
8988,1245.4714658679916,0.7469534503338486,1225
8989,1245.4714658679916,0.7469534503338486,1225
8990,1245.4714658679916,0.7469534503338486,1225
8991,1245.4714658679916,0.7469534503338486,1225
8992,1245.4714658679916,0.7469534503338486,1225
8993,1245.4714658679916,0.7469534503338486,1225
8994,1245.4714658679916,0.7469534503338486,1225
8995,1245.4714658679916,0.7469534503338486,1225
8996,1249.2009082907048,0.7502977961593982,1229
8997,1251.0662879302902,0.7519618302807152,1231
8998,1251.0662879302902,0.7519618302807152,1231
8999,1251.0662879302902,0.7519618302807152,1231
9000,1251.0662879302902,0.7519618302807152,1231
9001,1251.0662879302902,0.7519618302807152,1231
9002,1251.0662879302902,0.7519618302807152,1231
9003,1251.0662879302902,0.7519618302807152,1231
9004,1251.0662879302902,0.7519618302807152,1231
9005,1251.0662879302902,0.7519618302807152,1231
9006,1251.0662879302902,0.7519618302807152,1231
9007,1251.0662879302902,0.7519618302807152,1231
9008,1251.0662879302902,0.7519618302807152,1231
9009,1251.0662879302902,0.7519618302807152,1231
9010,1251.0662879302902,0.7519618302807152,1231
9011,1251.0662879302902,0.7519618302807152,1231
9012,1251.0662879302902,0.7519618302807152,1231
9013,1251.0662879302902,0.7519618302807152,1231
9014,1251.0662879302902,0.7519618302807152,1231
9015,1251.0662879302902,0.7519618302807152,1231
9016,1251.0662879302902,0.7519618302807152,1231
9017,1251.0662879302902,0.7519618302807152,1231
9018,1251.0662879302902,0.7519618302807152,1231
9019,1251.0662879302902,0.7519618302807152,1231
9020,1251.0662879302902,0.7519618302807152,1231
9021,1251.0662879302902,0.7519618302807152,1231
9022,1251.0662879302902,0.7519618302807152,1231
9023,1251.0662879302902,0.7519618302807152,1231
9024,1251.0662879302902,0.7519618302807152,1231
9025,1251.0662879302902,0.7519618302807152,1231
9026,1251.0662879302902,0.7519618302807152,1231
9027,1251.0662879302902,0.7519618302807152,1231
9028,1250.133543048133,0.7511304938426067,1230
9029,1250.133543048133,0.7511304938426067,1230
9030,1250.133543048133,0.7511304938426067,1230
9031,1250.133543048133,0.7511304938426067,1230
9032,1250.133543048133,0.7511304938426067,1230
9033,1250.133543048133,0.7511304938426067,1230
9034,1249.2009082907048,0.7502977961593982,1229
9035,1249.2009082907048,0.7502977961593982,1229
9036,1249.2009082907048,0.7502977961593982,1229
9037,1250.133543048133,0.7511304938426067,1230
9038,1250.133543048133,0.7511304938426067,1230
9039,1250.133543048133,0.7511304938426067,1230
9040,1250.133543048133,0.7511304938426067,1230
9041,1250.133543048133,0.7511304938426067,1230
9042,1250.133543048133,0.7511304938426067,1230
9043,1250.133543048133,0.7511304938426067,1230
9044,1250.133543048133,0.7511304938426067,1230
9045,1250.133543048133,0.7511304938426067,1230
9046,1250.133543048133,0.7511304938426067,1230
9047,1250.133543048133,0.7511304938426067,1230
9048,1250.133543048133,0.7511304938426067,1230
9049,1250.133543048133,0.7511304938426067,1230
9050,1250.133543048133,0.7511304938426067,1230
9051,1250.133543048133,0.7511304938426067,1230
9052,1250.133543048133,0.7511304938426067,1230
9053,1250.133543048133,0.7511304938426067,1230
9054,1250.133543048133,0.7511304938426067,1230
9055,1250.133543048133,0.7511304938426067,1230
9056,1250.133543048133,0.7511304938426067,1230
9057,1250.133543048133,0.7511304938426067,1230
9058,1250.133543048133,0.7511304938426067,1230
9059,1250.133543048133,0.7511304938426067,1230
9060,1250.133543048133,0.7511304938426067,1230
9061,1250.133543048133,0.7511304938426067,1230
9062,1250.133543048133,0.7511304938426067,1230
9063,1250.133543048133,0.7511304938426067,1230
9064,1250.133543048133,0.7511304938426067,1230
9065,1250.133543048133,0.7511304938426067,1230
9066,1250.133543048133,0.7511304938426067,1230
9067,1250.133543048133,0.7511304938426067,1230
9068,1250.133543048133,0.7511304938426067,1230
9069,1250.133543048133,0.7511304938426067,1230
9070,1250.133543048133,0.7511304938426067,1230
9071,1250.133543048133,0.7511304938426067,1230
9072,1250.133543048133,0.7511304938426067,1230
9073,1250.133543048133,0.7511304938426067,1230
9074,1250.133543048133,0.7511304938426067,1230
9075,1250.133543048133,0.7511304938426067,1230
9076,1250.133543048133,0.7511304938426067,1230
9077,1250.133543048133,0.7511304938426067,1230
9078,1250.133543048133,0.7511304938426067,1230
9079,1250.133543048133,0.7511304938426067,1230
9080,1250.133543048133,0.7511304938426067,1230
9081,1250.133543048133,0.7511304938426067,1230
9082,1250.133543048133,0.7511304938426067,1230
9083,1250.133543048133,0.7511304938426067,1230
9084,1250.133543048133,0.7511304938426067,1230
9085,1250.133543048133,0.7511304938426067,1230
9086,1250.133543048133,0.7511304938426067,1230
9087,1250.133543048133,0.7511304938426067,1230
9088,1250.133543048133,0.7511304938426067,1230
9089,1250.133543048133,0.7511304938426067,1230
9090,1250.133543048133,0.7511304938426067,1230
9091,1250.133543048133,0.7511304938426067,1230
9092,1250.133543048133,0.7511304938426067,1230
9093,1250.133543048133,0.7511304938426067,1230
9094,1250.133543048133,0.7511304938426067,1230
9095,1250.133543048133,0.7511304938426067,1230
9096,1250.133543048133,0.7511304938426067,1230
9097,1250.133543048133,0.7511304938426067,1230
9098,1250.133543048133,0.7511304938426067,1230
9099,1250.133543048133,0.7511304938426067,1230
9100,1250.133543048133,0.7511304938426067,1230
9101,1250.133543048133,0.7511304938426067,1230
9102,1250.133543048133,0.7511304938426067,1230
9103,1250.133543048133,0.7511304938426067,1230
9104,1250.133543048133,0.7511304938426067,1230
9105,1249.2009082907048,0.7502977961593982,1229
9106,1249.2009082907048,0.7502977961593982,1229
9107,1249.2009082907048,0.7502977961593982,1229
9108,1249.2009082907048,0.7502977961593982,1229
9109,1249.2009082907048,0.7502977961593982,1229
9110,1249.2009082907048,0.7502977961593982,1229
9111,1249.2009082907048,0.7502977961593982,1229
9112,1249.2009082907048,0.7502977961593982,1229
9113,1249.2009082907048,0.7502977961593982,1229
9114,1249.2009082907048,0.7502977961593982,1229
9115,1249.2009082907048,0.7502977961593982,1229
9116,1249.2009082907048,0.7502977961593982,1229
9117,1249.2009082907048,0.7502977961593982,1229
9118,1250.133543048133,0.7511304938426067,1230
9119,1250.133543048133,0.7511304938426067,1230
9120,1250.133543048133,0.7511304938426067,1230
9121,1250.133543048133,0.7511304938426067,1230
9122,1250.133543048133,0.7511304938426067,1230
9123,1250.133543048133,0.7511304938426067,1230
9124,1250.133543048133,0.7511304938426067,1230
9125,1250.133543048133,0.7511304938426067,1230
9126,1250.133543048133,0.7511304938426067,1230
9127,1250.133543048133,0.7511304938426067,1230
9128,1250.133543048133,0.7511304938426067,1230
9129,1250.133543048133,0.7511304938426067,1230
9130,1250.133543048133,0.7511304938426067,1230
9131,1250.133543048133,0.7511304938426067,1230
9132,1250.133543048133,0.7511304938426067,1230
9133,1250.133543048133,0.7511304938426067,1230
9134,1250.133543048133,0.7511304938426067,1230
9135,1250.133543048133,0.7511304938426067,1230
9136,1250.133543048133,0.7511304938426067,1230
9137,1250.133543048133,0.7511304938426067,1230
9138,1250.133543048133,0.7511304938426067,1230
9139,1250.133543048133,0.7511304938426067,1230
9140,1250.133543048133,0.7511304938426067,1230
9141,1250.133543048133,0.7511304938426067,1230
9142,1250.133543048133,0.7511304938426067,1230
9143,1250.133543048133,0.7511304938426067,1230
9144,1248.7909952857337,0.7306428271231912,1227
9145,1249.8077715669654,0.7304354565270041,1228
9146,1249.8077715669654,0.7304354565270041,1228
9147,1249.8077715669654,0.7304354565270041,1228
9148,1249.8077715669654,0.7304354565270041,1228
9149,1249.8077715669654,0.7304354565270041,1228
9150,1249.8077715669654,0.7304354565270041,1228
9151,1249.8077715669654,0.7304354565270041,1228
9152,1249.8077715669654,0.7304354565270041,1228
9153,1249.8077715669654,0.7304354565270041,1228
9154,1249.8077715669654,0.7304354565270041,1228
9155,1249.8077715669654,0.7304354565270041,1228
9156,1249.8077715669654,0.7304354565270041,1228
9157,1249.8077715669654,0.7304354565270041,1228
9158,1249.8077715669654,0.7304354565270041,1228
9159,1249.8077715669654,0.7304354565270041,1228
9160,1249.8077715669654,0.7304354565270041,1228
9161,1249.8077715669654,0.7304354565270041,1228
9162,1249.8077715669654,0.7304354565270041,1228
9163,1249.8077715669654,0.7304354565270041,1228
9164,1249.8077715669654,0.7304354565270041,1228
9165,1249.8077715669654,0.7304354565270041,1228
9166,1249.8077715669654,0.7304354565270041,1228
9167,1249.8077715669654,0.7304354565270041,1228
9168,1249.8077715669654,0.7304354565270041,1228
9169,1249.8077715669654,0.7304354565270041,1228
9170,1249.8077715669654,0.7304354565270041,1228
9171,1247.7741909509425,0.7308505444877303,1226
9172,1247.7741909509425,0.7308505444877303,1226
9173,1247.7741909509425,0.7308505444877303,1226
9174,1247.7741909509425,0.7308505444877303,1226
9175,1247.7741909509425,0.7308505444877303,1226
9176,1247.7741909509425,0.7308505444877303,1226
9177,1247.7741909509425,0.7308505444877303,1226
9178,1247.7741909509425,0.7308505444877303,1226
9179,1247.7741909509425,0.7308505444877303,1226
9180,1247.7741909509425,0.7308505444877303,1226
9181,1247.7741909509425,0.7308505444877303,1226
9182,1247.7741909509425,0.7308505444877303,1226
9183,1247.7741909509425,0.7308505444877303,1226
9184,1247.7741909509425,0.7308505444877303,1226
9185,1247.7741909509425,0.7308505444877303,1226
9186,1247.7741909509425,0.7308505444877303,1226
9187,1247.7741909509425,0.7308505444877303,1226
9188,1247.7741909509425,0.7308505444877303,1226
9189,1247.7741909509425,0.7308505444877303,1226
9190,1247.7741909509425,0.7308505444877303,1226
9191,1247.7741909509425,0.7308505444877303,1226
9192,1247.7741909509425,0.7308505444877303,1226
9193,1247.7741909509425,0.7308505444877303,1226
9194,1247.7741909509425,0.7308505444877303,1226
9195,1247.7741909509425,0.7308505444877303,1226
9196,1247.7741909509425,0.7308505444877303,1226
9197,1247.7741909509425,0.7308505444877303,1226
9198,1247.7741909509425,0.7308505444877303,1226
9199,1247.7741909509425,0.7308505444877303,1226
9200,1247.7741909509425,0.7308505444877303,1226
9201,1247.7741909509425,0.7308505444877303,1226
9202,1247.7741909509425,0.7308505444877303,1226
9203,1247.7741909509425,0.7308505444877303,1226
9204,1247.7741909509425,0.7308505444877303,1226
9205,1247.7741909509425,0.7308505444877303,1226
9206,1247.7741909509425,0.7308505444877303,1226
9207,1247.7741909509425,0.7308505444877303,1226
9208,1247.7741909509425,0.7308505444877303,1226
9209,1247.7741909509425,0.7308505444877303,1226
9210,1247.7741909509425,0.7308505444877303,1226
9211,1247.7741909509425,0.7308505444877303,1226
9212,1247.7741909509425,0.7308505444877303,1226
9213,1247.7741909509425,0.7308505444877303,1226
9214,1247.7741909509425,0.7308505444877303,1226
9215,1247.7741909509425,0.7308505444877303,1226
9216,1247.7741909509425,0.7308505444877303,1226
9217,1247.7741909509425,0.7308505444877303,1226
9218,1247.7741909509425,0.7308505444877303,1226
9219,1247.7741909509425,0.7308505444877303,1226
9220,1247.7741909509425,0.7308505444877303,1226
9221,1247.7741909509425,0.7308505444877303,1226
9222,1247.7741909509425,0.7308505444877303,1226
9223,1279.4969116030024,0.7589998565759908,1260
9224,1279.4969116030024,0.7589998565759908,1260
9225,1279.4969116030024,0.7589998565759908,1260
9226,1279.4969116030024,0.7589998565759908,1260
9227,1279.4969116030024,0.7589998565759908,1260
9228,1279.4969116030024,0.7589998565759908,1260
9229,1279.4969116030024,0.7589998565759908,1260
9230,1279.4969116030024,0.7589998565759908,1260
9231,1279.4969116030024,0.7589998565759908,1260
9232,1282.301879076934,0.7614106418178745,1263
9233,1282.301879076934,0.7614106418178745,1263
9234,1282.301879076934,0.7614106418178745,1263
9235,1282.301879076934,0.7614106418178745,1263
9236,1282.301879076934,0.7614106418178745,1263
9237,1282.301879076934,0.7614106418178745,1263
9238,1282.301879076934,0.7614106418178745,1263
9239,1282.301879076934,0.7614106418178745,1263
9240,1282.301879076934,0.7614106418178745,1263
9241,1282.301879076934,0.7614106418178745,1263
9242,1282.301879076934,0.7614106418178745,1263
9243,1282.301879076934,0.7614106418178745,1263
9244,1282.301879076934,0.7614106418178745,1263
9245,1282.301879076934,0.7614106418178745,1263
9246,1282.301879076934,0.7614106418178745,1263
9247,1282.301879076934,0.7614106418178745,1263
9248,1282.301879076934,0.7614106418178745,1263
9249,1282.301879076934,0.7614106418178745,1263
9250,1282.301879076934,0.7614106418178745,1263
9251,1282.301879076934,0.7614106418178745,1263
9252,1282.301879076934,0.7614106418178745,1263
9253,1282.301879076934,0.7614106418178745,1263
9254,1282.301879076934,0.7614106418178745,1263
9255,1282.301879076934,0.7614106418178745,1263
9256,1282.301879076934,0.7614106418178745,1263
9257,1282.301879076934,0.7614106418178745,1263
9258,1282.301879076934,0.7614106418178745,1263
9259,1282.301879076934,0.7614106418178745,1263
9260,1282.301879076934,0.7614106418178745,1263
9261,1282.301879076934,0.7614106418178745,1263
9262,1282.301879076934,0.7614106418178745,1263
9263,1282.301879076934,0.7614106418178745,1263
9264,1282.301879076934,0.7614106418178745,1263
9265,1282.301879076934,0.7614106418178745,1263
9266,1282.301879076934,0.7614106418178745,1263
9267,1281.366780966499,0.7606083934919777,1262
9268,1281.366780966499,0.7606083934919777,1262
9269,1281.366780966499,0.7606083934919777,1262
9270,1281.366780966499,0.7606083934919777,1262
9271,1281.366780966499,0.7606083934919777,1262
9272,1281.366780966499,0.7606083934919777,1262
9273,1281.366780966499,0.7606083934919777,1262
9274,1281.366780966499,0.7606083934919777,1262
9275,1278.5621399482063,0.7581935729517144,1259
9276,1278.5621399482063,0.7581935729517144,1259
9277,1278.5621399482063,0.7581935729517144,1259
9278,1278.5621399482063,0.7581935729517144,1259
9279,1278.5621399482063,0.7581935729517144,1259
9280,1278.5621399482063,0.7581935729517144,1259
9281,1278.5621399482063,0.7581935729517144,1259
9282,1278.5621399482063,0.7581935729517144,1259
9283,1278.5621399482063,0.7581935729517144,1259
9284,1278.5621399482063,0.7581935729517144,1259
9285,1278.5621399482063,0.7581935729517144,1259
9286,1281.366780966499,0.7606083934919777,1262
9287,1281.366780966499,0.7606083934919777,1262
9288,1281.366780966499,0.7606083934919777,1262
9289,1281.366780966499,0.7606083934919777,1262
9290,1281.366780966499,0.7606083934919777,1262
9291,1281.366780966499,0.7606083934919777,1262
9292,1281.366780966499,0.7606083934919777,1262
9293,1281.366780966499,0.7606083934919777,1262
9294,1281.366780966499,0.7606083934919777,1262
9295,1281.366780966499,0.7606083934919777,1262
9296,1281.366780966499,0.7606083934919777,1262
9297,1281.366780966499,0.7606083934919777,1262
9298,1281.366780966499,0.7606083934919777,1262
9299,1281.366780966499,0.7606083934919777,1262
9300,1281.366780966499,0.7606083934919777,1262
9301,1281.366780966499,0.7606083934919777,1262
9302,1281.366780966499,0.7606083934919777,1262
9303,1277.2934848761897,0.7615144020248487,1258
9304,1277.2934848761897,0.7615144020248487,1258
9305,1277.2934848761897,0.7615144020248487,1258
9306,1277.2934848761897,0.7615144020248487,1258
9307,1276.3586374390127,0.760709055141993,1257
9308,1276.3586374390127,0.760709055141993,1257
9309,1276.3586374390127,0.760709055141993,1257
9310,1276.3586374390127,0.760709055141993,1257
9311,1276.3586374390127,0.760709055141993,1257
9312,1276.3586374390127,0.760709055141993,1257
9313,1276.3586374390127,0.760709055141993,1257
9314,1276.3586374390127,0.760709055141993,1257
9315,1274.489272167852,0.7590942871711728,1255
9316,1274.489272167852,0.7590942871711728,1255
9317,1274.489272167852,0.7590942871711728,1255
9318,1274.489272167852,0.7590942871711728,1255
9319,1274.489272167852,0.7590942871711728,1255
9320,1274.489272167852,0.7590942871711728,1255
9321,1274.489272167852,0.7590942871711728,1255
9322,1274.489272167852,0.7590942871711728,1255
9323,1274.489272167852,0.7590942871711728,1255
9324,1274.489272167852,0.7590942871711728,1255
9325,1274.489272167852,0.7590942871711728,1255
9326,1274.489272167852,0.7590942871711728,1255
9327,1265.9138461538462,0.7538461538461538,1246
9328,1265.9138461538462,0.7538461538461538,1246
9329,1265.9138461538462,0.7538461538461538,1246
9330,1265.9138461538462,0.7538461538461538,1246
9331,1265.9138461538462,0.7538461538461538,1246
9332,1265.9138461538462,0.7538461538461538,1246
9333,1265.9138461538462,0.7538461538461538,1246
9334,1265.9138461538462,0.7538461538461538,1246
9335,1265.9138461538462,0.7538461538461538,1246
9336,1265.9138461538462,0.7538461538461538,1246
9337,1265.9138461538462,0.7538461538461538,1246
9338,1265.9138461538462,0.7538461538461538,1246
9339,1255.6492802572714,0.7447554974379307,1235
9340,1255.6492802572714,0.7447554974379307,1235
9341,1255.6492802572714,0.7447554974379307,1235
9342,1255.6492802572714,0.7447554974379307,1235
9343,1255.6492802572714,0.7447554974379307,1235
9344,1255.6492802572714,0.7447554974379307,1235
9345,1255.6492802572714,0.7447554974379307,1235
9346,1255.6492802572714,0.7447554974379307,1235
9347,1255.6492802572714,0.7447554974379307,1235
9348,1255.6492802572714,0.7447554974379307,1235
9349,1255.6492802572714,0.7447554974379307,1235
9350,1255.6492802572714,0.7447554974379307,1235
9351,1255.6492802572714,0.7447554974379307,1235
9352,1269.6496583911726,0.7571117627790774,1250
9353,1269.6496583911726,0.7571117627790774,1250
9354,1269.6496583911726,0.7571117627790774,1250
9355,1269.6496583911726,0.7571117627790774,1250
9356,1269.6496583911726,0.7571117627790774,1250
9357,1269.6496583911726,0.7571117627790774,1250
9358,1269.6496583911726,0.7571117627790774,1250
9359,1269.6496583911726,0.7571117627790774,1250
9360,1269.6496583911726,0.7571117627790774,1250
9361,1269.6496583911726,0.7571117627790774,1250
9362,1253.963555760766,0.7161488781116699,1231
9363,1253.963555760766,0.7161488781116699,1231
9364,1253.963555760766,0.7161488781116699,1231
9365,1253.963555760766,0.7161488781116699,1231
9366,1253.963555760766,0.7161488781116699,1231
9367,1253.963555760766,0.7161488781116699,1231
9368,1253.963555760766,0.7161488781116699,1231
9369,1253.963555760766,0.7161488781116699,1231
9370,1253.963555760766,0.7161488781116699,1231
9371,1253.963555760766,0.7161488781116699,1231
9372,1253.963555760766,0.7161488781116699,1231
9373,1253.963555760766,0.7161488781116699,1231
9374,1253.963555760766,0.7161488781116699,1231
9375,1253.963555760766,0.7161488781116699,1231
9376,1253.963555760766,0.7161488781116699,1231
9377,1253.963555760766,0.7161488781116699,1231
9378,1253.963555760766,0.7161488781116699,1231
9379,1253.963555760766,0.7161488781116699,1231
9380,1253.963555760766,0.7161488781116699,1231
9381,1253.963555760766,0.7161488781116699,1231
9382,1253.963555760766,0.7161488781116699,1231
9383,1253.963555760766,0.7161488781116699,1231
9384,1253.963555760766,0.7161488781116699,1231
9385,1253.963555760766,0.7161488781116699,1231
9386,1253.963555760766,0.7161488781116699,1231
9387,1253.963555760766,0.7161488781116699,1231
9388,1253.963555760766,0.7161488781116699,1231
9389,1253.963555760766,0.7161488781116699,1231
9390,1253.963555760766,0.7161488781116699,1231
9391,1253.963555760766,0.7161488781116699,1231
9392,1253.963555760766,0.7161488781116699,1231
9393,1253.963555760766,0.7161488781116699,1231
9394,1253.963555760766,0.7161488781116699,1231
9395,1253.963555760766,0.7161488781116699,1231
9396,1253.963555760766,0.7161488781116699,1231
9397,1253.963555760766,0.7161488781116699,1231
9398,1253.963555760766,0.7161488781116699,1231
9399,1253.963555760766,0.7161488781116699,1231
9400,1253.963555760766,0.7161488781116699,1231
9401,1253.963555760766,0.7161488781116699,1231
9402,1253.963555760766,0.7161488781116699,1231
9403,1253.963555760766,0.7161488781116699,1231
9404,1253.963555760766,0.7161488781116699,1231
9405,1253.963555760766,0.7161488781116699,1231
9406,1253.963555760766,0.7161488781116699,1231
9407,1253.963555760766,0.7161488781116699,1231
9408,1253.963555760766,0.7161488781116699,1231
9409,1253.963555760766,0.7161488781116699,1231
9410,1253.963555760766,0.7161488781116699,1231
9411,1253.963555760766,0.7161488781116699,1231
9412,1253.963555760766,0.7161488781116699,1231
9413,1253.963555760766,0.7161488781116699,1231
9414,1253.963555760766,0.7161488781116699,1231
9415,1253.963555760766,0.7161488781116699,1231
9416,1253.963555760766,0.7161488781116699,1231
9417,1253.963555760766,0.7161488781116699,1231
9418,1253.963555760766,0.7161488781116699,1231
9419,1253.963555760766,0.7161488781116699,1231
9420,1253.963555760766,0.7161488781116699,1231
9421,1253.963555760766,0.7161488781116699,1231
9422,1253.963555760766,0.7161488781116699,1231
9423,1253.963555760766,0.7161488781116699,1231
9424,1253.963555760766,0.7161488781116699,1231
9425,1253.963555760766,0.7161488781116699,1231
9426,1253.963555760766,0.7161488781116699,1231
9427,1253.963555760766,0.7161488781116699,1231
9428,1253.963555760766,0.7161488781116699,1231
9429,1253.963555760766,0.7161488781116699,1231
9430,1253.963555760766,0.7161488781116699,1231
9431,1253.963555760766,0.7161488781116699,1231
9432,1253.963555760766,0.7161488781116699,1231
9433,1253.963555760766,0.7161488781116699,1231
9434,1253.963555760766,0.7161488781116699,1231
9435,1253.963555760766,0.7161488781116699,1231
9436,1253.963555760766,0.7161488781116699,1231
9437,1253.963555760766,0.7161488781116699,1231
9438,1253.963555760766,0.7161488781116699,1231
9439,1253.963555760766,0.7161488781116699,1231
9440,1253.963555760766,0.7161488781116699,1231
9441,1253.963555760766,0.7161488781116699,1231
9442,1253.963555760766,0.7161488781116699,1231
9443,1253.963555760766,0.7161488781116699,1231
9444,1253.963555760766,0.7161488781116699,1231
9445,1253.963555760766,0.7161488781116699,1231
9446,1253.963555760766,0.7161488781116699,1231
9447,1253.963555760766,0.7161488781116699,1231
9448,1253.963555760766,0.7161488781116699,1231
9449,1253.963555760766,0.7161488781116699,1231
9450,1253.963555760766,0.7161488781116699,1231
9451,1253.963555760766,0.7161488781116699,1231
9452,1253.963555760766,0.7161488781116699,1231
9453,1253.963555760766,0.7161488781116699,1231
9454,1253.963555760766,0.7161488781116699,1231
9455,1253.963555760766,0.7161488781116699,1231
9456,1253.963555760766,0.7161488781116699,1231
9457,1253.963555760766,0.7161488781116699,1231
9458,1253.963555760766,0.7161488781116699,1231
9459,1253.963555760766,0.7161488781116699,1231
9460,1253.963555760766,0.7161488781116699,1231
9461,1253.963555760766,0.7161488781116699,1231
9462,1253.963555760766,0.7161488781116699,1231
9463,1253.963555760766,0.7161488781116699,1231
9464,1253.963555760766,0.7161488781116699,1231
9465,1253.963555760766,0.7161488781116699,1231
9466,1253.963555760766,0.7161488781116699,1231
9467,1253.963555760766,0.7161488781116699,1231
9468,1253.963555760766,0.7161488781116699,1231
9469,1253.963555760766,0.7161488781116699,1231
9470,1253.963555760766,0.7161488781116699,1231
9471,1253.963555760766,0.7161488781116699,1231
9472,1253.963555760766,0.7161488781116699,1231
9473,1253.963555760766,0.7161488781116699,1231
9474,1253.963555760766,0.7161488781116699,1231
9475,1253.963555760766,0.7161488781116699,1231
9476,1253.963555760766,0.7161488781116699,1231
9477,1253.963555760766,0.7161488781116699,1231
9478,1253.963555760766,0.7161488781116699,1231
9479,1253.963555760766,0.7161488781116699,1231
9480,1253.963555760766,0.7161488781116699,1231
9481,1253.963555760766,0.7161488781116699,1231
9482,1253.963555760766,0.7161488781116699,1231
9483,1253.963555760766,0.7161488781116699,1231
9484,1253.963555760766,0.7161488781116699,1231
9485,1253.963555760766,0.7161488781116699,1231
9486,1253.963555760766,0.7161488781116699,1231
9487,1253.963555760766,0.7161488781116699,1231
9488,1253.963555760766,0.7161488781116699,1231
9489,1253.963555760766,0.7161488781116699,1231
9490,1253.963555760766,0.7161488781116699,1231
9491,1253.963555760766,0.7161488781116699,1231
9492,1252.947821566154,0.7163433675382674,1230
9493,1252.947821566154,0.7163433675382674,1230
9494,1252.947821566154,0.7163433675382674,1230
9495,1252.947821566154,0.7163433675382674,1230
9496,1252.947821566154,0.7163433675382674,1230
9497,1252.947821566154,0.7163433675382674,1230
9498,1252.947821566154,0.7163433675382674,1230
9499,1252.947821566154,0.7163433675382674,1230
9500,1252.947821566154,0.7163433675382674,1230
9501,1252.947821566154,0.7163433675382674,1230
9502,1252.947821566154,0.7163433675382674,1230
9503,1252.947821566154,0.7163433675382674,1230
9504,1252.947821566154,0.7163433675382674,1230
9505,1252.947821566154,0.7163433675382674,1230
9506,1252.947821566154,0.7163433675382674,1230
9507,1252.947821566154,0.7163433675382674,1230
9508,1252.947821566154,0.7163433675382674,1230
9509,1252.947821566154,0.7163433675382674,1230
9510,1252.947821566154,0.7163433675382674,1230
9511,1252.947821566154,0.7163433675382674,1230
9512,1252.947821566154,0.7163433675382674,1230
9513,1252.947821566154,0.7163433675382674,1230
9514,1252.947821566154,0.7163433675382674,1230
9515,1252.947821566154,0.7163433675382674,1230
9516,1252.947821566154,0.7163433675382674,1230
9517,1252.947821566154,0.7163433675382674,1230
9518,1252.947821566154,0.7163433675382674,1230
9519,1252.947821566154,0.7163433675382674,1230
9520,1242.3726897769525,0.7110915973182625,1219
9521,1245.4191058218078,0.7105178513991637,1222
9522,1245.4191058218078,0.7105178513991637,1222
9523,1245.4191058218078,0.7105178513991637,1222
9524,1245.4191058218078,0.7105178513991637,1222
9525,1245.4191058218078,0.7105178513991637,1222
9526,1245.4191058218078,0.7105178513991637,1222
9527,1245.4191058218078,0.7105178513991637,1222
9528,1245.4191058218078,0.7105178513991637,1222
9529,1245.4191058218078,0.7105178513991637,1222
9530,1245.4191058218078,0.7105178513991637,1222
9531,1245.4191058218078,0.7105178513991637,1222
9532,1221.040983086997,0.7151918036217946,1198
9533,1221.040983086997,0.7151918036217946,1198
9534,1221.040983086997,0.7151918036217946,1198
9535,1221.040983086997,0.7151918036217946,1198
9536,1221.040983086997,0.7151918036217946,1198
9537,1221.040983086997,0.7151918036217946,1198
9538,1221.040983086997,0.7151918036217946,1198
9539,1221.040983086997,0.7151918036217946,1198
9540,1221.040983086997,0.7151918036217946,1198
9541,1221.040983086997,0.7151918036217946,1198
9542,1221.040983086997,0.7151918036217946,1198
9543,1221.040983086997,0.7151918036217946,1198
9544,1221.040983086997,0.7151918036217946,1198
9545,1221.040983086997,0.7151918036217946,1198
9546,1221.040983086997,0.7151918036217946,1198
9547,1221.040983086997,0.7151918036217946,1198
9548,1221.040983086997,0.7151918036217946,1198
9549,1221.040983086997,0.7151918036217946,1198
9550,1221.040983086997,0.7151918036217946,1198
9551,1221.040983086997,0.7151918036217946,1198
9552,1221.040983086997,0.7151918036217946,1198
9553,1221.040983086997,0.7151918036217946,1198
9554,1221.040983086997,0.7151918036217946,1198
9555,1221.040983086997,0.7151918036217946,1198
9556,1227.1369871839074,0.714005102794716,1204
9557,1227.1369871839074,0.714005102794716,1204
9558,1227.1369871839074,0.714005102794716,1204
9559,1227.1369871839074,0.714005102794716,1204
9560,1236.2791384009179,0.712247980211152,1213
9561,1236.2791384009179,0.712247980211152,1213
9562,1236.2791384009179,0.712247980211152,1213
9563,1236.2791384009179,0.712247980211152,1213
9564,1236.2791384009179,0.712247980211152,1213
9565,1236.2791384009179,0.712247980211152,1213
9566,1236.2791384009179,0.712247980211152,1213
9567,1236.2791384009179,0.712247980211152,1213
9568,1236.2791384009179,0.712247980211152,1213
9569,1236.2791384009179,0.712247980211152,1213
9570,1233.2319996260817,0.7128306597517727,1210
9571,1233.2319996260817,0.7128306597517727,1210
9572,1236.2791384009179,0.712247980211152,1213
9573,1236.2791384009179,0.712247980211152,1213
9574,1236.2791384009179,0.712247980211152,1213
9575,1236.2791384009179,0.712247980211152,1213
9576,1236.2791384009179,0.712247980211152,1213
9577,1236.2791384009179,0.712247980211152,1213
9578,1236.2791384009179,0.712247980211152,1213
9579,1236.2791384009179,0.712247980211152,1213
9580,1236.2791384009179,0.712247980211152,1213
9581,1236.2791384009179,0.712247980211152,1213
9582,1236.2791384009179,0.712247980211152,1213
9583,1236.2791384009179,0.712247980211152,1213
9584,1236.2791384009179,0.712247980211152,1213
9585,1236.2791384009179,0.712247980211152,1213
9586,1236.2791384009179,0.712247980211152,1213
9587,1236.2791384009179,0.712247980211152,1213
9588,1241.3571646929088,0.7112835019417941,1218
9589,1241.3571646929088,0.7112835019417941,1218
9590,1241.3571646929088,0.7112835019417941,1218
9591,1243.388188284383,0.7109000212066386,1220
9592,1243.388188284383,0.7109000212066386,1220
9593,1243.388188284383,0.7109000212066386,1220
9594,1231.2004381188844,0.7132207896305999,1208
9595,1231.2004381188844,0.7132207896305999,1208
9596,1231.2004381188844,0.7132207896305999,1208
9597,1231.2004381188844,0.7132207896305999,1208
9598,1231.2004381188844,0.7132207896305999,1208
9599,1231.2004381188844,0.7132207896305999,1208
9600,1231.2004381188844,0.7132207896305999,1208
9601,1231.2004381188844,0.7132207896305999,1208
9602,1231.2004381188844,0.7132207896305999,1208
9603,1231.2004381188844,0.7132207896305999,1208
9604,1231.2004381188844,0.7132207896305999,1208
9605,1231.2004381188844,0.7132207896305999,1208
9606,1231.2004381188844,0.7132207896305999,1208
9607,1231.2004381188844,0.7132207896305999,1208
9608,1231.2004381188844,0.7132207896305999,1208
9609,1231.2004381188844,0.7132207896305999,1208
9610,1231.2004381188844,0.7132207896305999,1208
9611,1224.089109984632,0.7145969099551048,1201
9612,1224.089109984632,0.7145969099551048,1201
9613,1224.089109984632,0.7145969099551048,1201
9614,1224.089109984632,0.7145969099551048,1201
9615,1224.089109984632,0.7145969099551048,1201
9616,1224.089109984632,0.7145969099551048,1201
9617,1224.089109984632,0.7145969099551048,1201
9618,1224.089109984632,0.7145969099551048,1201
9619,1224.089109984632,0.7145969099551048,1201
9620,1224.089109984632,0.7145969099551048,1201
9621,1224.089109984632,0.7145969099551048,1201
9622,1224.089109984632,0.7145969099551048,1201
9623,1224.089109984632,0.7145969099551048,1201
9624,1224.089109984632,0.7145969099551048,1201
9625,1224.089109984632,0.7145969099551048,1201
9626,1224.089109984632,0.7145969099551048,1201
9627,1225.1050967066917,0.7143992990520193,1202
9628,1225.1050967066917,0.7143992990520193,1202
9629,1225.1050967066917,0.7143992990520193,1202
9630,1225.1050967066917,0.7143992990520193,1202
9631,1225.1050967066917,0.7143992990520193,1202
9632,1225.1050967066917,0.7143992990520193,1202
9633,1219.0087588772406,0.7155901251268177,1196
9634,1219.0087588772406,0.7155901251268177,1196
9635,1219.0087588772406,0.7155901251268177,1196
9636,1219.0087588772406,0.7155901251268177,1196
9637,1219.0087588772406,0.7155901251268177,1196
9638,1219.0087588772406,0.7155901251268177,1196
9639,1219.0087588772406,0.7155901251268177,1196
9640,1219.0087588772406,0.7155901251268177,1196
9641,1219.0087588772406,0.7155901251268177,1196
9642,1219.0087588772406,0.7155901251268177,1196
9643,1219.0087588772406,0.7155901251268177,1196
9644,1219.0087588772406,0.7155901251268177,1196
9645,1219.0087588772406,0.7155901251268177,1196
9646,1219.0087588772406,0.7155901251268177,1196
9647,1219.0087588772406,0.7155901251268177,1196
9648,1219.0087588772406,0.7155901251268177,1196
9649,1219.0087588772406,0.7155901251268177,1196
9650,1219.0087588772406,0.7155901251268177,1196
9651,1219.0087588772406,0.7155901251268177,1196
9652,1219.0087588772406,0.7155901251268177,1196
9653,1219.0087588772406,0.7155901251268177,1196
9654,1219.0087588772406,0.7155901251268177,1196
9655,1219.0087588772406,0.7155901251268177,1196
9656,1219.0087588772406,0.7155901251268177,1196
9657,1219.0087588772406,0.7155901251268177,1196
9658,1219.0087588772406,0.7155901251268177,1196
9659,1219.0087588772406,0.7155901251268177,1196
9660,1219.0087588772406,0.7155901251268177,1196
9661,1219.0087588772406,0.7155901251268177,1196
9662,1219.0087588772406,0.7155901251268177,1196
9663,1219.0087588772406,0.7155901251268177,1196
9664,1219.0087588772406,0.7155901251268177,1196
9665,1215.9602118002265,0.7161902126053592,1193
9666,1215.9602118002265,0.7161902126053592,1193
9667,1215.9602118002265,0.7161902126053592,1193
9668,1215.9602118002265,0.7161902126053592,1193
9669,1215.9602118002265,0.7161902126053592,1193
9670,1215.9602118002265,0.7161902126053592,1193
9671,1215.9602118002265,0.7161902126053592,1193
9672,1215.9602118002265,0.7161902126053592,1193
9673,1215.9602118002265,0.7161902126053592,1193
9674,1215.9602118002265,0.7161902126053592,1193
9675,1215.9602118002265,0.7161902126053592,1193
9676,1215.9602118002265,0.7161902126053592,1193
9677,1215.9602118002265,0.7161902126053592,1193
9678,1215.9602118002265,0.7161902126053592,1193
9679,1215.9602118002265,0.7161902126053592,1193
9680,1215.9602118002265,0.7161902126053592,1193
9681,1215.9602118002265,0.7161902126053592,1193
9682,1215.9602118002265,0.7161902126053592,1193
9683,1215.9602118002265,0.7161902126053592,1193
9684,1215.9602118002265,0.7161902126053592,1193
9685,1215.9602118002265,0.7161902126053592,1193
9686,1215.9602118002265,0.7161902126053592,1193
9687,1202.7468759615167,0.7188272439861976,1180
9688,1202.7468759615167,0.7188272439861976,1180
9689,1202.7468759615167,0.7188272439861976,1180
9690,1202.7468759615167,0.7188272439861976,1180
9691,1202.7468759615167,0.7188272439861976,1180
9692,1202.7468759615167,0.7188272439861976,1180
9693,1202.7468759615167,0.7188272439861976,1180
9694,1202.7468759615167,0.7188272439861976,1180
9695,1202.7468759615167,0.7188272439861976,1180
9696,1202.7468759615167,0.7188272439861976,1180
9697,1202.7468759615167,0.7188272439861976,1180
9698,1202.7468759615167,0.7188272439861976,1180
9699,1202.7468759615167,0.7188272439861976,1180
9700,1202.7468759615167,0.7188272439861976,1180
9701,1202.7468759615167,0.7188272439861976,1180
9702,1202.7468759615167,0.7188272439861976,1180
9703,1202.7468759615167,0.7188272439861976,1180
9704,1202.7468759615167,0.7188272439861976,1180
9705,1202.7468759615167,0.7188272439861976,1180
9706,1202.7468759615167,0.7188272439861976,1180
9707,1202.7468759615167,0.7188272439861976,1180
9708,1202.7468759615167,0.7188272439861976,1180
9709,1202.7468759615167,0.7188272439861976,1180
9710,1202.7468759615167,0.7188272439861976,1180
9711,1202.7468759615167,0.7188272439861976,1180
9712,1202.7468759615167,0.7188272439861976,1180
9713,1202.7468759615167,0.7188272439861976,1180
9714,1202.7468759615167,0.7188272439861976,1180
9715,1200.7136211632753,0.7192383045330625,1178
9716,1200.7136211632753,0.7192383045330625,1178
9717,1200.7136211632753,0.7192383045330625,1178
9718,1200.7136211632753,0.7192383045330625,1178
9719,1200.7136211632753,0.7192383045330625,1178
9720,1200.7136211632753,0.7192383045330625,1178
9721,1200.7136211632753,0.7192383045330625,1178
9722,1200.7136211632753,0.7192383045330625,1178
9723,1200.7136211632753,0.7192383045330625,1178
9724,1200.7136211632753,0.7192383045330625,1178
9725,1200.7136211632753,0.7192383045330625,1178
9726,1200.7136211632753,0.7192383045330625,1178
9727,1200.7136211632753,0.7192383045330625,1178
9728,1200.7136211632753,0.7192383045330625,1178
9729,1195.629969742814,0.7202723146747353,1173
9730,1195.629969742814,0.7202723146747353,1173
9731,1195.629969742814,0.7202723146747353,1173
9732,1195.629969742814,0.7202723146747353,1173
9733,1195.629969742814,0.7202723146747353,1173
9734,1195.629969742814,0.7202723146747353,1173
9735,1195.629969742814,0.7202723146747353,1173
9736,1195.629969742814,0.7202723146747353,1173
9737,1195.629969742814,0.7202723146747353,1173
9738,1195.629969742814,0.7202723146747353,1173
9739,1195.629969742814,0.7202723146747353,1173
9740,1195.629969742814,0.7202723146747353,1173
9741,1195.629969742814,0.7202723146747353,1173
9742,1195.629969742814,0.7202723146747353,1173
9743,1195.629969742814,0.7202723146747353,1173
9744,1195.629969742814,0.7202723146747353,1173
9745,1195.629969742814,0.7202723146747353,1173
9746,1195.629969742814,0.7202723146747353,1173
9747,1195.629969742814,0.7202723146747353,1173
9748,1195.629969742814,0.7202723146747353,1173
9749,1195.629969742814,0.7202723146747353,1173
9750,1219.0087588772406,0.7155901251268177,1196
9751,1219.0087588772406,0.7155901251268177,1196
9752,1219.0087588772406,0.7155901251268177,1196
9753,1219.0087588772406,0.7155901251268177,1196
9754,1219.0087588772406,0.7155901251268177,1196
9755,1219.0087588772406,0.7155901251268177,1196
9756,1219.0087588772406,0.7155901251268177,1196
9757,1219.0087588772406,0.7155901251268177,1196
9758,1219.0087588772406,0.7155901251268177,1196
9759,1219.0087588772406,0.7155901251268177,1196
9760,1219.0087588772406,0.7155901251268177,1196
9761,1219.0087588772406,0.7155901251268177,1196
9762,1219.0087588772406,0.7155901251268177,1196
9763,1219.0087588772406,0.7155901251268177,1196
9764,1219.0087588772406,0.7155901251268177,1196
9765,1219.0087588772406,0.7155901251268177,1196
9766,1219.0087588772406,0.7155901251268177,1196
9767,1219.0087588772406,0.7155901251268177,1196
9768,1219.0087588772406,0.7155901251268177,1196
9769,1219.0087588772406,0.7155901251268177,1196
9770,1219.0087588772406,0.7155901251268177,1196
9771,1219.0087588772406,0.7155901251268177,1196
9772,1219.0087588772406,0.7155901251268177,1196
9773,1213.9277057836343,0.7165920175076106,1191
9774,1213.9277057836343,0.7165920175076106,1191
9775,1213.9277057836343,0.7165920175076106,1191
9776,1213.9277057836343,0.7165920175076106,1191
9777,1213.9277057836343,0.7165920175076106,1191
9778,1213.9277057836343,0.7165920175076106,1191
9779,1213.9277057836343,0.7165920175076106,1191
9780,1213.9277057836343,0.7165920175076106,1191
9781,1213.9277057836343,0.7165920175076106,1191
9782,1213.9277057836343,0.7165920175076106,1191
9783,1213.9277057836343,0.7165920175076106,1191
9784,1213.9277057836343,0.7165920175076106,1191
9785,1213.9277057836343,0.7165920175076106,1191
9786,1213.9277057836343,0.7165920175076106,1191
9787,1213.9277057836343,0.7165920175076106,1191
9788,1213.9277057836343,0.7165920175076106,1191
9789,1213.9277057836343,0.7165920175076106,1191
9790,1213.9277057836343,0.7165920175076106,1191
9791,1213.9277057836343,0.7165920175076106,1191
9792,1213.9277057836343,0.7165920175076106,1191
9793,1213.9277057836343,0.7165920175076106,1191
9794,1186.4775211333667,0.7221567227025125,1164
9795,1186.4775211333667,0.7221567227025125,1164
9796,1186.4775211333667,0.7221567227025125,1164
9797,1186.4775211333667,0.7221567227025125,1164
9798,1186.4775211333667,0.7221567227025125,1164
9799,1186.4775211333667,0.7221567227025125,1164
9800,1186.4775211333667,0.7221567227025125,1164
9801,1186.4775211333667,0.7221567227025125,1164
9802,1186.4775211333667,0.7221567227025125,1164
9803,1186.4775211333667,0.7221567227025125,1164
9804,1186.4775211333667,0.7221567227025125,1164
9805,1186.4775211333667,0.7221567227025125,1164
9806,1186.4775211333667,0.7221567227025125,1164
9807,1186.4775211333667,0.7221567227025125,1164
9808,1186.4775211333667,0.7221567227025125,1164
9809,1186.4775211333667,0.7221567227025125,1164
9810,1186.4775211333667,0.7221567227025125,1164
9811,1186.4775211333667,0.7221567227025125,1164
9812,1186.4775211333667,0.7221567227025125,1164
9813,1186.4775211333667,0.7221567227025125,1164
9814,1186.4775211333667,0.7221567227025125,1164
9815,1186.4775211333667,0.7221567227025125,1164
9816,1186.4775211333667,0.7221567227025125,1164
9817,1186.4775211333667,0.7221567227025125,1164
9818,1186.4775211333667,0.7221567227025125,1164
9819,1186.4775211333667,0.7221567227025125,1164
9820,1186.4775211333667,0.7221567227025125,1164
9821,1186.4775211333667,0.7221567227025125,1164
9822,1186.4775211333667,0.7221567227025125,1164
9823,1186.4775211333667,0.7221567227025125,1164
9824,1186.4775211333667,0.7221567227025125,1164
9825,1186.4775211333667,0.7221567227025125,1164
9826,1186.4775211333667,0.7221567227025125,1164
9827,1186.4775211333667,0.7221567227025125,1164
9828,1186.4775211333667,0.7221567227025125,1164
9829,1186.4775211333667,0.7221567227025125,1164
9830,1186.4775211333667,0.7221567227025125,1164
9831,1186.4775211333667,0.7221567227025125,1164
9832,1195.629969742814,0.7202723146747353,1173
9833,1195.629969742814,0.7202723146747353,1173
9834,1195.629969742814,0.7202723146747353,1173
9835,1195.629969742814,0.7202723146747353,1173
9836,1195.629969742814,0.7202723146747353,1173
9837,1195.629969742814,0.7202723146747353,1173
9838,1195.629969742814,0.7202723146747353,1173
9839,1195.629969742814,0.7202723146747353,1173
9840,1195.629969742814,0.7202723146747353,1173
9841,1195.629969742814,0.7202723146747353,1173
9842,1195.629969742814,0.7202723146747353,1173
9843,1195.629969742814,0.7202723146747353,1173
9844,1195.629969742814,0.7202723146747353,1173
9845,1195.629969742814,0.7202723146747353,1173
9846,1195.629969742814,0.7202723146747353,1173
9847,1195.629969742814,0.7202723146747353,1173
9848,1195.629969742814,0.7202723146747353,1173
9849,1195.629969742814,0.7202723146747353,1173
9850,1195.629969742814,0.7202723146747353,1173
9851,1195.629969742814,0.7202723146747353,1173
9852,1195.629969742814,0.7202723146747353,1173
9853,1195.629969742814,0.7202723146747353,1173
9854,1195.629969742814,0.7202723146747353,1173
9855,1195.629969742814,0.7202723146747353,1173
9856,1195.629969742814,0.7202723146747353,1173
9857,1195.629969742814,0.7202723146747353,1173
9858,1195.629969742814,0.7202723146747353,1173
9859,1195.629969742814,0.7202723146747353,1173
9860,1195.629969742814,0.7202723146747353,1173
9861,1195.629969742814,0.7202723146747353,1173
9862,1195.629969742814,0.7202723146747353,1173
9863,1195.629969742814,0.7202723146747353,1173
9864,1195.629969742814,0.7202723146747353,1173
9865,1215.9602118002265,0.7161902126053592,1193
9866,1215.9602118002265,0.7161902126053592,1193
9867,1215.9602118002265,0.7161902126053592,1193
9868,1205.7965394622722,0.718213356461405,1183
9869,1205.7965394622722,0.718213356461405,1183
9870,1205.7965394622722,0.718213356461405,1183
9871,1205.7965394622722,0.718213356461405,1183
9872,1205.7965394622722,0.718213356461405,1183
9873,1205.7965394622722,0.718213356461405,1183
9874,1205.7965394622722,0.718213356461405,1183
9875,1205.7965394622722,0.718213356461405,1183
9876,1205.7965394622722,0.718213356461405,1183
9877,1205.7965394622722,0.718213356461405,1183
9878,1205.7965394622722,0.718213356461405,1183
9879,1205.7965394622722,0.718213356461405,1183
9880,1205.7965394622722,0.718213356461405,1183
9881,1205.7965394622722,0.718213356461405,1183
9882,1205.7965394622722,0.718213356461405,1183
9883,1205.7965394622722,0.718213356461405,1183
9884,1205.7965394622722,0.718213356461405,1183
9885,1205.7965394622722,0.718213356461405,1183
9886,1205.7965394622722,0.718213356461405,1183
9887,1205.7965394622722,0.718213356461405,1183
9888,1205.7965394622722,0.718213356461405,1183
9889,1205.7965394622722,0.718213356461405,1183
9890,1205.7965394622722,0.718213356461405,1183
9891,1205.7965394622722,0.718213356461405,1183
9892,1205.7965394622722,0.718213356461405,1183
9893,1205.7965394622722,0.718213356461405,1183
9894,1205.7965394622722,0.718213356461405,1183
9895,1205.7965394622722,0.718213356461405,1183
9896,1205.7965394622722,0.718213356461405,1183
9897,1205.7965394622722,0.718213356461405,1183
9898,1205.7965394622722,0.718213356461405,1183
9899,1205.7965394622722,0.718213356461405,1183
9900,1205.7965394622722,0.718213356461405,1183
9901,1205.7965394622722,0.718213356461405,1183
9902,1205.7965394622722,0.718213356461405,1183
9903,1188.511609082396,0.7217353636292212,1166
9904,1188.511609082396,0.7217353636292212,1166
9905,1188.511609082396,0.7217353636292212,1166
9906,1188.511609082396,0.7217353636292212,1166
9907,1188.511609082396,0.7217353636292212,1166
9908,1188.511609082396,0.7217353636292212,1166
9909,1188.511609082396,0.7217353636292212,1166
9910,1188.511609082396,0.7217353636292212,1166
9911,1188.511609082396,0.7217353636292212,1166
9912,1188.511609082396,0.7217353636292212,1166
9913,1188.511609082396,0.7217353636292212,1166
9914,1188.511609082396,0.7217353636292212,1166
9915,1188.511609082396,0.7217353636292212,1166
9916,1188.511609082396,0.7217353636292212,1166
9917,1188.511609082396,0.7217353636292212,1166
9918,1188.511609082396,0.7217353636292212,1166
9919,1188.511609082396,0.7217353636292212,1166
9920,1188.511609082396,0.7217353636292212,1166
9921,1188.511609082396,0.7217353636292212,1166
9922,1188.511609082396,0.7217353636292212,1166
9923,1188.511609082396,0.7217353636292212,1166
9924,1188.511609082396,0.7217353636292212,1166
9925,1188.511609082396,0.7217353636292212,1166
9926,1188.511609082396,0.7217353636292212,1166
9927,1188.511609082396,0.7217353636292212,1166
9928,1188.511609082396,0.7217353636292212,1166
9929,1188.511609082396,0.7217353636292212,1166
9930,1188.511609082396,0.7217353636292212,1166
9931,1188.511609082396,0.7217353636292212,1166
9932,1188.511609082396,0.7217353636292212,1166
9933,1188.511609082396,0.7217353636292212,1166
9934,1188.511609082396,0.7217353636292212,1166
9935,1188.511609082396,0.7217353636292212,1166
9936,1188.511609082396,0.7217353636292212,1166
9937,1195.629969742814,0.7202723146747353,1173
9938,1195.629969742814,0.7202723146747353,1173
9939,1195.629969742814,0.7202723146747353,1173
9940,1195.629969742814,0.7202723146747353,1173
9941,1195.629969742814,0.7202723146747353,1173
9942,1195.629969742814,0.7202723146747353,1173
9943,1195.629969742814,0.7202723146747353,1173
9944,1195.629969742814,0.7202723146747353,1173
9945,1195.629969742814,0.7202723146747353,1173
9946,1195.629969742814,0.7202723146747353,1173
9947,1195.629969742814,0.7202723146747353,1173
9948,1195.629969742814,0.7202723146747353,1173
9949,1195.629969742814,0.7202723146747353,1173
9950,1195.629969742814,0.7202723146747353,1173
9951,1195.629969742814,0.7202723146747353,1173
9952,1198.6802490669875,0.7196508149939742,1176
9953,1198.6802490669875,0.7196508149939742,1176
9954,1198.6802490669875,0.7196508149939742,1176
9955,1198.6802490669875,0.7196508149939742,1176
9956,1198.6802490669875,0.7196508149939742,1176
9957,1198.6802490669875,0.7196508149939742,1176
9958,1198.6802490669875,0.7196508149939742,1176
9959,1198.6802490669875,0.7196508149939742,1176
9960,1198.6802490669875,0.7196508149939742,1176
9961,1198.6802490669875,0.7196508149939742,1176
9962,1198.6802490669875,0.7196508149939742,1176
9963,1198.6802490669875,0.7196508149939742,1176
9964,1198.6802490669875,0.7196508149939742,1176
9965,1198.6802490669875,0.7196508149939742,1176
9966,1198.6802490669875,0.7196508149939742,1176
9967,1198.6802490669875,0.7196508149939742,1176
9968,1198.6802490669875,0.7196508149939742,1176
9969,1198.6802490669875,0.7196508149939742,1176
9970,1198.6802490669875,0.7196508149939742,1176
9971,1198.6802490669875,0.7196508149939742,1176
9972,1198.6802490669875,0.7196508149939742,1176
9973,1198.6802490669875,0.7196508149939742,1176
9974,1198.6802490669875,0.7196508149939742,1176
9975,1198.6802490669875,0.7196508149939742,1176
9976,1198.6802490669875,0.7196508149939742,1176
9977,1198.6802490669875,0.7196508149939742,1176
9978,1198.6802490669875,0.7196508149939742,1176
9979,1198.6802490669875,0.7196508149939742,1176
9980,1198.6802490669875,0.7196508149939742,1176
9981,1198.6802490669875,0.7196508149939742,1176
9982,1198.6802490669875,0.7196508149939742,1176
9983,1197.6635188543387,0.7198576161392012,1175
9984,1197.6635188543387,0.7198576161392012,1175
9985,1197.6635188543387,0.7198576161392012,1175
9986,1197.6635188543387,0.7198576161392012,1175
9987,1197.6635188543387,0.7198576161392012,1175
9988,1197.6635188543387,0.7198576161392012,1175
9989,1197.6635188543387,0.7198576161392012,1175
9990,1197.6635188543387,0.7198576161392012,1175
9991,1197.6635188543387,0.7198576161392012,1175
9992,1197.6635188543387,0.7198576161392012,1175
9993,1197.6635188543387,0.7198576161392012,1175
9994,1197.6635188543387,0.7198576161392012,1175
9995,1197.6635188543387,0.7198576161392012,1175
9996,1197.6635188543387,0.7198576161392012,1175
9997,1197.6635188543387,0.7198576161392012,1175
9998,1197.6635188543387,0.7198576161392012,1175
9999,1197.6635188543387,0.7198576161392012,1175
10000,1197.6635188543387,0.7198576161392012,1175
