Iteration,Objective,Fairness,Duration
0,1583.1667890575702,0.5134850228276604,1578
1,1583.1667890575702,0.5134850228276604,1578
2,1583.1667890575702,0.5134850228276604,1578
3,1583.1667890575702,0.5134850228276604,1578
4,1595.085014360885,0.5211850884289118,1590
5,1595.085014360885,0.5211850884289118,1590
6,1583.1667890575702,0.5134850228276604,1578
7,1579.166420329568,0.513519742978547,1574
8,1601.168425168859,0.5133309633842872,1596
9,1601.168425168859,0.5133309633842872,1596
10,1601.168425168859,0.5133309633842872,1596
11,1601.168425168859,0.5133309633842872,1596
12,1601.168425168859,0.5133309633842872,1596
13,1600.1683352549742,0.5133394298517666,1595
14,1600.1683352549742,0.5133394298517666,1595
15,1584.166880943898,0.5134763706310844,1579
16,1573.1658636642785,0.5135721596724667,1568
17,1584.166880943898,0.5134763706310844,1579
18,1584.166880943898,0.5134763706310844,1579
19,1584.166880943898,0.5134763706310844,1579
20,1584.166880943898,0.5134763706310844,1579
21,1584.166880943898,0.5134763706310844,1579
22,1584.166880943898,0.5134763706310844,1579
23,1573.1658636642785,0.5135721596724667,1568
24,1573.1658636642785,0.5135721596724667,1568
25,1573.1658636642785,0.5135721596724667,1568
26,1573.1658636642785,0.5135721596724667,1568
27,1573.1658636642785,0.5135721596724667,1568
28,1573.1658636642785,0.5135721596724667,1568
29,1583.1667890575702,0.5134850228276604,1578
30,1583.1667890575702,0.5134850228276604,1578
31,1583.1667890575702,0.5134850228276604,1578
32,1581.1666049305634,0.5135023605872483,1576
33,1577.1662352527512,0.5135371701740867,1572
34,1577.1662352527512,0.5135371701740867,1572
35,1577.1662352527512,0.5135371701740867,1572
36,1557.1643579044892,0.5137139449633638,1552
37,1557.1643579044892,0.5137139449633638,1552
38,1557.1643579044892,0.5137139449633638,1552
39,1561.16473728564,0.5136782216911518,1556
40,1561.16473728564,0.5136782216911518,1556
41,1580.033445124214,0.5260409487557389,1575
42,1570.0316341350751,0.5262114750400154,1565
43,1570.0316341350751,0.5262114750400154,1565
44,1570.0316341350751,0.5262114750400154,1565
45,1570.0316341350751,0.5262114750400154,1565
46,1578.0330848126603,0.5260748763973467,1573
47,1578.0330848126603,0.5260748763973467,1573
48,1578.0330848126603,0.5260748763973467,1573
49,1520.022211645558,0.5270987151075337,1515
50,1520.022211645558,0.5270987151075337,1515
51,1520.022211645558,0.5270987151075337,1515
52,1520.022211645558,0.5270987151075337,1515
53,1520.022211645558,0.5270987151075337,1515
54,1520.022211645558,0.5270987151075337,1515
55,1520.022211645558,0.5270987151075337,1515
56,1515.91693662752,0.5370116169943526,1511
57,1515.91693662752,0.5370116169943526,1511
58,1515.91693662752,0.5370116169943526,1511
59,1515.91693662752,0.5370116169943526,1511
60,1515.91693662752,0.5370116169943526,1511
61,1515.91693662752,0.5370116169943526,1511
62,1487.9092566494064,0.5377347787752994,1483
63,1487.9092566494064,0.5377347787752994,1483
64,1487.9092566494064,0.5377347787752994,1483
65,1487.9092566494064,0.5377347787752994,1483
66,1487.9092566494064,0.5377347787752994,1483
67,1487.9092566494064,0.5377347787752994,1483
68,1487.9092566494064,0.5377347787752994,1483
69,1487.9092566494064,0.5377347787752994,1483
70,1487.9092566494064,0.5377347787752994,1483
71,1487.9092566494064,0.5377347787752994,1483
72,1487.9092566494064,0.5377347787752994,1483
73,1476.1562253577251,0.5144797214948018,1471
74,1476.1562253577251,0.5144797214948018,1471
75,1476.1562253577251,0.5144797214948018,1471
76,1476.1562253577251,0.5144797214948018,1471
77,1476.1562253577251,0.5144797214948018,1471
78,1476.1562253577251,0.5144797214948018,1471
79,1476.1562253577251,0.5144797214948018,1471
80,1476.1562253577251,0.5144797214948018,1471
81,1476.1562253577251,0.5144797214948018,1471
82,1476.1562253577251,0.5144797214948018,1471
83,1476.1562253577251,0.5144797214948018,1471
84,1476.1562253577251,0.5144797214948018,1471
85,1476.1562253577251,0.5144797214948018,1471
86,1476.1562253577251,0.5144797214948018,1471
87,1476.1562253577251,0.5144797214948018,1471
88,1476.1562253577251,0.5144797214948018,1471
89,1476.1562253577251,0.5144797214948018,1471
90,1476.1562253577251,0.5144797214948018,1471
91,1476.1562253577251,0.5144797214948018,1471
92,1476.1562253577251,0.5144797214948018,1471
93,1476.1562253577251,0.5144797214948018,1471
94,1476.1562253577251,0.5144797214948018,1471
95,1476.1562253577251,0.5144797214948018,1471
96,1476.1562253577251,0.5144797214948018,1471
97,1476.1562253577251,0.5144797214948018,1471
98,1476.1562253577251,0.5144797214948018,1471
99,1476.1562253577251,0.5144797214948018,1471
100,1476.1562253577251,0.5144797214948018,1471
101,1476.1562253577251,0.5144797214948018,1471
102,1476.1562253577251,0.5144797214948018,1471
103,1476.1562253577251,0.5144797214948018,1471
104,1476.1562253577251,0.5144797214948018,1471
105,1476.1562253577251,0.5144797214948018,1471
106,1476.1562253577251,0.5144797214948018,1471
107,1476.1562253577251,0.5144797214948018,1471
108,1476.1562253577251,0.5144797214948018,1471
109,1476.1562253577251,0.5144797214948018,1471
110,1476.1562253577251,0.5144797214948018,1471
111,1476.1040068736309,0.5193967162306118,1471
112,1476.1040068736309,0.5193967162306118,1471
113,1476.1040068736309,0.5193967162306118,1471
114,1476.1040068736309,0.5193967162306118,1471
115,1476.1040068736309,0.5193967162306118,1471
116,1476.1040068736309,0.5193967162306118,1471
117,1470.0653952623977,0.5230324611678144,1465
118,1470.0653952623977,0.5230324611678144,1465
119,1470.0653952623977,0.5230324611678144,1465
120,1470.0653952623977,0.5230324611678144,1465
121,1470.0653952623977,0.5230324611678144,1465
122,1470.0653952623977,0.5230324611678144,1465
123,1470.0653952623977,0.5230324611678144,1465
124,1470.0653952623977,0.5230324611678144,1465
125,1470.0653952623977,0.5230324611678144,1465
126,1470.0653952623977,0.5230324611678144,1465
127,1470.0653952623977,0.5230324611678144,1465
128,1470.0653952623977,0.5230324611678144,1465
129,1470.0653952623977,0.5230324611678144,1465
130,1470.0653952623977,0.5230324611678144,1465
131,1474.118710750507,0.5180121703853955,1469
132,1474.118710750507,0.5180121703853955,1469
133,1454.9857399603734,0.530532960416816,1450
134,1450.0078961088263,0.5284466940841506,1445
135,1450.0078961088263,0.5284466940841506,1445
136,1450.0078961088263,0.5284466940841506,1445
137,1450.0078961088263,0.5284466940841506,1445
138,1450.0078961088263,0.5284466940841506,1445
139,1450.0078961088263,0.5284466940841506,1445
140,1450.0078961088263,0.5284466940841506,1445
141,1450.0078961088263,0.5284466940841506,1445
142,1450.0078961088263,0.5284466940841506,1445
143,1450.0078961088263,0.5284466940841506,1445
144,1450.0078961088263,0.5284466940841506,1445
145,1450.0078961088263,0.5284466940841506,1445
146,1450.0078961088263,0.5284466940841506,1445
147,1450.0078961088263,0.5284466940841506,1445
148,1450.0078961088263,0.5284466940841506,1445
149,1450.0078961088263,0.5284466940841506,1445
150,1450.0078961088263,0.5284466940841506,1445
151,1450.0078961088263,0.5284466940841506,1445
152,1450.0078961088263,0.5284466940841506,1445
153,1450.0078961088263,0.5284466940841506,1445
154,1450.0078961088263,0.5284466940841506,1445
155,1450.0078961088263,0.5284466940841506,1445
156,1450.0078961088263,0.5284466940841506,1445
157,1450.0078961088263,0.5284466940841506,1445
158,1450.0078961088263,0.5284466940841506,1445
159,1450.0078961088263,0.5284466940841506,1445
160,1450.0078961088263,0.5284466940841506,1445
161,1450.0078961088263,0.5284466940841506,1445
162,1450.0078961088263,0.5284466940841506,1445
163,1442.0990400163137,0.5198644052435343,1437
164,1442.0990400163137,0.5198644052435343,1437
165,1442.0990400163137,0.5198644052435343,1437
166,1442.0990400163137,0.5198644052435343,1437
167,1442.0990400163137,0.5198644052435343,1437
168,1442.0990400163137,0.5198644052435343,1437
169,1442.0990400163137,0.5198644052435343,1437
170,1442.0990400163137,0.5198644052435343,1437
171,1442.0990400163137,0.5198644052435343,1437
172,1442.0990400163137,0.5198644052435343,1437
173,1442.0990400163137,0.5198644052435343,1437
174,1442.0990400163137,0.5198644052435343,1437
175,1442.0990400163137,0.5198644052435343,1437
176,1442.0990400163137,0.5198644052435343,1437
177,1442.0990400163137,0.5198644052435343,1437
178,1442.0990400163137,0.5198644052435343,1437
179,1442.0990400163137,0.5198644052435343,1437
180,1477.7498232006592,0.5527473445707063,1473
181,1477.7498232006592,0.5527473445707063,1473
182,1477.7498232006592,0.5527473445707063,1473
183,1444.1146521283067,0.5183943382008717,1439
184,1444.1146521283067,0.5183943382008717,1439
185,1444.1146521283067,0.5183943382008717,1439
186,1444.1146521283067,0.5183943382008717,1439
187,1444.1146521283067,0.5183943382008717,1439
188,1444.1146521283067,0.5183943382008717,1439
189,1443.099189515326,0.5198503281237116,1438
190,1443.099189515326,0.5198503281237116,1438
191,1443.099189515326,0.5198503281237116,1438
192,1443.099189515326,0.5198503281237116,1438
193,1443.099189515326,0.5198503281237116,1438
194,1443.099189515326,0.5198503281237116,1438
195,1443.099189515326,0.5198503281237116,1438
196,1443.099189515326,0.5198503281237116,1438
197,1443.099189515326,0.5198503281237116,1438
198,1443.099189515326,0.5198503281237116,1438
199,1443.099189515326,0.5198503281237116,1438
200,1443.099189515326,0.5198503281237116,1438
201,1443.099189515326,0.5198503281237116,1438
202,1443.099189515326,0.5198503281237116,1438
203,1443.099189515326,0.5198503281237116,1438
204,1443.099189515326,0.5198503281237116,1438
205,1443.099189515326,0.5198503281237116,1438
206,1443.099189515326,0.5198503281237116,1438
207,1443.099189515326,0.5198503281237116,1438
208,1443.099189515326,0.5198503281237116,1438
209,1443.099189515326,0.5198503281237116,1438
210,1443.099189515326,0.5198503281237116,1438
211,1462.9875698402354,0.5303606553450622,1458
212,1462.9875698402354,0.5303606553450622,1458
213,1462.9875698402354,0.5303606553450622,1458
214,1462.9875698402354,0.5303606553450622,1458
215,1462.9875698402354,0.5303606553450622,1458
216,1462.9875698402354,0.5303606553450622,1458
217,1462.9875698402354,0.5303606553450622,1458
218,1462.9875698402354,0.5303606553450622,1458
219,1482.7833188283576,0.5495933306631297,1478
220,1482.7833188283576,0.5495933306631297,1478
221,1480.790439294299,0.5489228536441562,1476
222,1475.8514115023388,0.5431815911168725,1471
223,1475.8514115023388,0.5431815911168725,1471
224,1475.8514115023388,0.5431815911168725,1471
225,1453.985509765324,0.5305546360335274,1449
226,1453.985509765324,0.5305546360335274,1449
227,1453.985509765324,0.5305546360335274,1449
228,1453.985509765324,0.5305546360335274,1449
229,1453.985509765324,0.5305546360335274,1449
230,1453.985509765324,0.5305546360335274,1449
231,1453.985509765324,0.5305546360335274,1449
232,1453.985509765324,0.5305546360335274,1449
233,1453.985509765324,0.5305546360335274,1449
234,1453.985509765324,0.5305546360335274,1449
235,1453.985509765324,0.5305546360335274,1449
236,1453.985509765324,0.5305546360335274,1449
237,1452.7316093156487,0.5544623996564334,1448
238,1452.7316093156487,0.5544623996564334,1448
239,1452.7316093156487,0.5544623996564334,1448
240,1452.7316093156487,0.5544623996564334,1448
241,1452.7316093156487,0.5544623996564334,1448
242,1452.7316093156487,0.5544623996564334,1448
243,1451.755418815925,0.5522204504778698,1447
244,1451.755418815925,0.5522204504778698,1447
245,1451.755418815925,0.5522204504778698,1447
246,1451.755418815925,0.5522204504778698,1447
247,1451.755418815925,0.5522204504778698,1447
248,1451.755418815925,0.5522204504778698,1447
249,1451.755418815925,0.5522204504778698,1447
250,1451.755418815925,0.5522204504778698,1447
251,1451.755418815925,0.5522204504778698,1447
252,1406.1484287192475,0.5152138682441212,1401
253,1406.1484287192475,0.5152138682441212,1401
254,1406.1484287192475,0.5152138682441212,1401
255,1406.1484287192475,0.5152138682441212,1401
256,1406.1484287192475,0.5152138682441212,1401
257,1406.1484287192475,0.5152138682441212,1401
258,1406.1484287192475,0.5152138682441212,1401
259,1406.1484287192475,0.5152138682441212,1401
260,1406.1484287192475,0.5152138682441212,1401
261,1406.1484287192475,0.5152138682441212,1401
262,1406.1484287192475,0.5152138682441212,1401
263,1406.1484287192475,0.5152138682441212,1401
264,1406.1484287192475,0.5152138682441212,1401
265,1406.1484287192475,0.5152138682441212,1401
266,1406.1484287192475,0.5152138682441212,1401
267,1406.1484287192475,0.5152138682441212,1401
268,1411.094298056292,0.5203109174866345,1406
269,1411.094298056292,0.5203109174866345,1406
270,1411.094298056292,0.5203109174866345,1406
271,1411.094298056292,0.5203109174866345,1406
272,1411.094298056292,0.5203109174866345,1406
273,1411.094298056292,0.5203109174866345,1406
274,1411.094298056292,0.5203109174866345,1406
275,1411.094298056292,0.5203109174866345,1406
276,1411.094298056292,0.5203109174866345,1406
277,1411.094298056292,0.5203109174866345,1406
278,1411.094298056292,0.5203109174866345,1406
279,1411.094298056292,0.5203109174866345,1406
280,1411.094298056292,0.5203109174866345,1406
281,1411.094298056292,0.5203109174866345,1406
282,1411.094298056292,0.5203109174866345,1406
283,1411.094298056292,0.5203109174866345,1406
284,1411.094298056292,0.5203109174866345,1406
285,1411.094298056292,0.5203109174866345,1406
286,1411.094298056292,0.5203109174866345,1406
287,1411.094298056292,0.5203109174866345,1406
288,1411.094298056292,0.5203109174866345,1406
289,1411.094298056292,0.5203109174866345,1406
290,1411.094298056292,0.5203109174866345,1406
291,1411.094298056292,0.5203109174866345,1406
292,1411.094298056292,0.5203109174866345,1406
293,1411.094298056292,0.5203109174866345,1406
294,1411.094298056292,0.5203109174866345,1406
295,1411.094298056292,0.5203109174866345,1406
296,1411.094298056292,0.5203109174866345,1406
297,1411.094298056292,0.5203109174866345,1406
298,1411.094298056292,0.5203109174866345,1406
299,1411.094298056292,0.5203109174866345,1406
300,1411.094298056292,0.5203109174866345,1406
301,1411.094298056292,0.5203109174866345,1406
302,1411.094298056292,0.5203109174866345,1406
303,1411.094298056292,0.5203109174866345,1406
304,1411.094298056292,0.5203109174866345,1406
305,1411.094298056292,0.5203109174866345,1406
306,1411.094298056292,0.5203109174866345,1406
307,1411.094298056292,0.5203109174866345,1406
308,1411.094298056292,0.5203109174866345,1406
309,1411.094298056292,0.5203109174866345,1406
310,1411.094298056292,0.5203109174866345,1406
311,1411.094298056292,0.5203109174866345,1406
312,1411.094298056292,0.5203109174866345,1406
313,1411.094298056292,0.5203109174866345,1406
314,1411.094298056292,0.5203109174866345,1406
315,1406.1484287192475,0.5152138682441212,1401
316,1406.1484287192475,0.5152138682441212,1401
317,1406.1484287192475,0.5152138682441212,1401
318,1406.1484287192475,0.5152138682441212,1401
319,1406.1484287192475,0.5152138682441212,1401
320,1406.1484287192475,0.5152138682441212,1401
321,1406.1484287192475,0.5152138682441212,1401
322,1406.1484287192475,0.5152138682441212,1401
323,1406.1484287192475,0.5152138682441212,1401
324,1406.1484287192475,0.5152138682441212,1401
325,1406.1484287192475,0.5152138682441212,1401
326,1406.1484287192475,0.5152138682441212,1401
327,1406.1484287192475,0.5152138682441212,1401
328,1406.1484287192475,0.5152138682441212,1401
329,1406.1484287192475,0.5152138682441212,1401
330,1406.1484287192475,0.5152138682441212,1401
331,1406.1484287192475,0.5152138682441212,1401
332,1406.1484287192475,0.5152138682441212,1401
333,1406.1484287192475,0.5152138682441212,1401
334,1406.1484287192475,0.5152138682441212,1401
335,1406.1484287192475,0.5152138682441212,1401
336,1406.1484287192475,0.5152138682441212,1401
337,1406.1484287192475,0.5152138682441212,1401
338,1406.1484287192475,0.5152138682441212,1401
339,1406.1484287192475,0.5152138682441212,1401
340,1406.1484287192475,0.5152138682441212,1401
341,1406.1484287192475,0.5152138682441212,1401
342,1406.1484287192475,0.5152138682441212,1401
343,1406.1484287192475,0.5152138682441212,1401
344,1406.1484287192475,0.5152138682441212,1401
345,1406.1484287192475,0.5152138682441212,1401
346,1406.1484287192475,0.5152138682441212,1401
347,1406.1484287192475,0.5152138682441212,1401
348,1406.1484287192475,0.5152138682441212,1401
349,1406.1484287192475,0.5152138682441212,1401
350,1424.9786890891253,0.5311968842631474,1420
351,1424.9786890891253,0.5311968842631474,1420
352,1424.9786890891253,0.5311968842631474,1420
353,1424.9786890891253,0.5311968842631474,1420
354,1424.9786890891253,0.5311968842631474,1420
355,1424.9786890891253,0.5311968842631474,1420
356,1406.1484287192475,0.5152138682441212,1401
357,1406.1484287192475,0.5152138682441212,1401
358,1406.1484287192475,0.5152138682441212,1401
359,1406.1484287192475,0.5152138682441212,1401
360,1406.1484287192475,0.5152138682441212,1401
361,1406.1484287192475,0.5152138682441212,1401
362,1406.1484287192475,0.5152138682441212,1401
363,1406.1484287192475,0.5152138682441212,1401
364,1406.1484287192475,0.5152138682441212,1401
365,1406.1484287192475,0.5152138682441212,1401
366,1406.1484287192475,0.5152138682441212,1401
367,1406.1484287192475,0.5152138682441212,1401
368,1406.1484287192475,0.5152138682441212,1401
369,1406.1484287192475,0.5152138682441212,1401
370,1406.1484287192475,0.5152138682441212,1401
371,1406.1484287192475,0.5152138682441212,1401
372,1406.1484287192475,0.5152138682441212,1401
373,1406.1484287192475,0.5152138682441212,1401
374,1406.1484287192475,0.5152138682441212,1401
375,1406.1484287192475,0.5152138682441212,1401
376,1406.1484287192475,0.5152138682441212,1401
377,1406.1484287192475,0.5152138682441212,1401
378,1406.1484287192475,0.5152138682441212,1401
379,1406.1484287192475,0.5152138682441212,1401
380,1406.1484287192475,0.5152138682441212,1401
381,1406.1484287192475,0.5152138682441212,1401
382,1406.1484287192475,0.5152138682441212,1401
383,1406.1484287192475,0.5152138682441212,1401
384,1406.1484287192475,0.5152138682441212,1401
385,1406.1484287192475,0.5152138682441212,1401
386,1406.1484287192475,0.5152138682441212,1401
387,1406.1484287192475,0.5152138682441212,1401
388,1406.1484287192475,0.5152138682441212,1401
389,1406.1484287192475,0.5152138682441212,1401
390,1406.1484287192475,0.5152138682441212,1401
391,1406.1484287192475,0.5152138682441212,1401
392,1406.1484287192475,0.5152138682441212,1401
393,1406.1484287192475,0.5152138682441212,1401
394,1406.1484287192475,0.5152138682441212,1401
395,1406.1484287192475,0.5152138682441212,1401
396,1406.1484287192475,0.5152138682441212,1401
397,1406.1484287192475,0.5152138682441212,1401
398,1406.1484287192475,0.5152138682441212,1401
399,1406.1484287192475,0.5152138682441212,1401
400,1406.1484287192475,0.5152138682441212,1401
401,1406.1484287192475,0.5152138682441212,1401
402,1406.1484287192475,0.5152138682441212,1401
403,1406.1484287192475,0.5152138682441212,1401
404,1406.1484287192475,0.5152138682441212,1401
405,1406.1484287192475,0.5152138682441212,1401
406,1413.0552667263655,0.5239861839580402,1408
407,1413.0552667263655,0.5239861839580402,1408
408,1413.0552667263655,0.5239861839580402,1408
409,1413.0552667263655,0.5239861839580402,1408
410,1413.0552667263655,0.5239861839580402,1408
411,1413.0552667263655,0.5239861839580402,1408
412,1413.0552667263655,0.5239861839580402,1408
413,1413.0552667263655,0.5239861839580402,1408
414,1413.0552667263655,0.5239861839580402,1408
415,1413.0552667263655,0.5239861839580402,1408
416,1413.0552667263655,0.5239861839580402,1408
417,1413.0552667263655,0.5239861839580402,1408
418,1413.0552667263655,0.5239861839580402,1408
419,1413.0552667263655,0.5239861839580402,1408
420,1413.0552667263655,0.5239861839580402,1408
421,1413.0552667263655,0.5239861839580402,1408
422,1413.0552667263655,0.5239861839580402,1408
423,1413.0552667263655,0.5239861839580402,1408
424,1413.0552667263655,0.5239861839580402,1408
425,1413.0552667263655,0.5239861839580402,1408
426,1413.0552667263655,0.5239861839580402,1408
427,1413.0552667263655,0.5239861839580402,1408
428,1413.0552667263655,0.5239861839580402,1408
429,1413.0552667263655,0.5239861839580402,1408
430,1413.0552667263655,0.5239861839580402,1408
431,1413.0552667263655,0.5239861839580402,1408
432,1413.0552667263655,0.5239861839580402,1408
433,1413.0552667263655,0.5239861839580402,1408
434,1413.0552667263655,0.5239861839580402,1408
435,1413.0552667263655,0.5239861839580402,1408
436,1413.0552667263655,0.5239861839580402,1408
437,1413.0552667263655,0.5239861839580402,1408
438,1413.0552667263655,0.5239861839580402,1408
439,1413.0552667263655,0.5239861839580402,1408
440,1413.0552667263655,0.5239861839580402,1408
441,1413.0552667263655,0.5239861839580402,1408
442,1413.0552667263655,0.5239861839580402,1408
443,1413.0552667263655,0.5239861839580402,1408
444,1413.0552667263655,0.5239861839580402,1408
445,1413.0552667263655,0.5239861839580402,1408
446,1413.0552667263655,0.5239861839580402,1408
447,1413.0552667263655,0.5239861839580402,1408
448,1413.0552667263655,0.5239861839580402,1408
449,1406.1092572308692,0.5189023323098756,1401
450,1406.1092572308692,0.5189023323098756,1401
451,1406.1092572308692,0.5189023323098756,1401
452,1406.1092572308692,0.5189023323098756,1401
453,1406.1092572308692,0.5189023323098756,1401
454,1409.093984795371,0.5203404147484901,1404
455,1409.093984795371,0.5203404147484901,1404
456,1409.093984795371,0.5203404147484901,1404
457,1409.093984795371,0.5203404147484901,1404
458,1409.093984795371,0.5203404147484901,1404
459,1409.093984795371,0.5203404147484901,1404
460,1409.093984795371,0.5203404147484901,1404
461,1409.093984795371,0.5203404147484901,1404
462,1409.093984795371,0.5203404147484901,1404
463,1409.093984795371,0.5203404147484901,1404
464,1409.093984795371,0.5203404147484901,1404
465,1409.093984795371,0.5203404147484901,1404
466,1409.093984795371,0.5203404147484901,1404
467,1409.093984795371,0.5203404147484901,1404
468,1409.093984795371,0.5203404147484901,1404
469,1409.093984795371,0.5203404147484901,1404
470,1409.093984795371,0.5203404147484901,1404
471,1409.093984795371,0.5203404147484901,1404
472,1409.093984795371,0.5203404147484901,1404
473,1409.093984795371,0.5203404147484901,1404
474,1409.093984795371,0.5203404147484901,1404
475,1409.093984795371,0.5203404147484901,1404
476,1409.093984795371,0.5203404147484901,1404
477,1409.093984795371,0.5203404147484901,1404
478,1409.093984795371,0.5203404147484901,1404
479,1409.093984795371,0.5203404147484901,1404
480,1409.093984795371,0.5203404147484901,1404
481,1404.1481943269318,0.5152359390836219,1399
482,1404.1481943269318,0.5152359390836219,1399
483,1404.1481943269318,0.5152359390836219,1399
484,1404.1481943269318,0.5152359390836219,1399
485,1404.1481943269318,0.5152359390836219,1399
486,1404.1481943269318,0.5152359390836219,1399
487,1404.1481943269318,0.5152359390836219,1399
488,1404.1481943269318,0.5152359390836219,1399
489,1404.1481943269318,0.5152359390836219,1399
490,1404.1481943269318,0.5152359390836219,1399
491,1404.1481943269318,0.5152359390836219,1399
492,1404.1481943269318,0.5152359390836219,1399
493,1404.1481943269318,0.5152359390836219,1399
494,1404.1481943269318,0.5152359390836219,1399
495,1404.1481943269318,0.5152359390836219,1399
496,1404.1481943269318,0.5152359390836219,1399
497,1404.1481943269318,0.5152359390836219,1399
498,1404.1481943269318,0.5152359390836219,1399
499,1404.1481943269318,0.5152359390836219,1399
500,1404.1481943269318,0.5152359390836219,1399
501,1404.1481943269318,0.5152359390836219,1399
502,1404.1481943269318,0.5152359390836219,1399
503,1404.1481943269318,0.5152359390836219,1399
504,1404.1481943269318,0.5152359390836219,1399
505,1404.1481943269318,0.5152359390836219,1399
506,1404.1481943269318,0.5152359390836219,1399
507,1404.1481943269318,0.5152359390836219,1399
508,1404.1481943269318,0.5152359390836219,1399
509,1404.1481943269318,0.5152359390836219,1399
510,1404.1481943269318,0.5152359390836219,1399
511,1404.1481943269318,0.5152359390836219,1399
512,1404.1481943269318,0.5152359390836219,1399
513,1404.1481943269318,0.5152359390836219,1399
514,1404.1481943269318,0.5152359390836219,1399
515,1404.1481943269318,0.5152359390836219,1399
516,1404.1481943269318,0.5152359390836219,1399
517,1404.1481943269318,0.5152359390836219,1399
518,1404.1481943269318,0.5152359390836219,1399
519,1404.1481943269318,0.5152359390836219,1399
520,1404.1481943269318,0.5152359390836219,1399
521,1404.1481943269318,0.5152359390836219,1399
522,1404.1481943269318,0.5152359390836219,1399
523,1404.1481943269318,0.5152359390836219,1399
524,1404.1481943269318,0.5152359390836219,1399
525,1404.1481943269318,0.5152359390836219,1399
526,1404.1481943269318,0.5152359390836219,1399
527,1404.1481943269318,0.5152359390836219,1399
528,1404.1481943269318,0.5152359390836219,1399
529,1404.1481943269318,0.5152359390836219,1399
530,1409.0545243814902,0.5240560846054457,1404
531,1409.0545243814902,0.5240560846054457,1404
532,1409.0545243814902,0.5240560846054457,1404
533,1409.0545243814902,0.5240560846054457,1404
534,1409.0545243814902,0.5240560846054457,1404
535,1409.0545243814902,0.5240560846054457,1404
536,1409.0545243814902,0.5240560846054457,1404
537,1409.0545243814902,0.5240560846054457,1404
538,1409.0545243814902,0.5240560846054457,1404
539,1409.0545243814902,0.5240560846054457,1404
540,1409.0545243814902,0.5240560846054457,1404
541,1409.0545243814902,0.5240560846054457,1404
542,1409.0545243814902,0.5240560846054457,1404
543,1409.0545243814902,0.5240560846054457,1404
544,1409.0545243814902,0.5240560846054457,1404
545,1409.0545243814902,0.5240560846054457,1404
546,1409.0545243814902,0.5240560846054457,1404
547,1409.0545243814902,0.5240560846054457,1404
548,1409.0545243814902,0.5240560846054457,1404
549,1409.0545243814902,0.5240560846054457,1404
550,1409.0545243814902,0.5240560846054457,1404
551,1409.0545243814902,0.5240560846054457,1404
552,1409.0545243814902,0.5240560846054457,1404
553,1409.0545243814902,0.5240560846054457,1404
554,1409.0545243814902,0.5240560846054457,1404
555,1409.0545243814902,0.5240560846054457,1404
556,1409.0545243814902,0.5240560846054457,1404
557,1409.0545243814902,0.5240560846054457,1404
558,1409.0545243814902,0.5240560846054457,1404
559,1409.0545243814902,0.5240560846054457,1404
560,1409.0545243814902,0.5240560846054457,1404
561,1409.0545243814902,0.5240560846054457,1404
562,1409.0545243814902,0.5240560846054457,1404
563,1409.0545243814902,0.5240560846054457,1404
564,1409.0545243814902,0.5240560846054457,1404
565,1409.0545243814902,0.5240560846054457,1404
566,1409.0545243814902,0.5240560846054457,1404
567,1409.0545243814902,0.5240560846054457,1404
568,1409.0545243814902,0.5240560846054457,1404
569,1409.0545243814902,0.5240560846054457,1404
570,1409.0545243814902,0.5240560846054457,1404
571,1409.0545243814902,0.5240560846054457,1404
572,1409.0545243814902,0.5240560846054457,1404
573,1409.0545243814902,0.5240560846054457,1404
574,1409.0545243814902,0.5240560846054457,1404
575,1409.0545243814902,0.5240560846054457,1404
576,1409.0545243814902,0.5240560846054457,1404
577,1412.9757822156118,0.5314706011664952,1408
578,1412.9757822156118,0.5314706011664952,1408
579,1412.9757822156118,0.5314706011664952,1408
580,1412.9757822156118,0.5314706011664952,1408
581,1412.9757822156118,0.5314706011664952,1408
582,1412.9757822156118,0.5314706011664952,1408
583,1412.9757822156118,0.5314706011664952,1408
584,1412.9757822156118,0.5314706011664952,1408
585,1412.9757822156118,0.5314706011664952,1408
586,1415.976513700886,0.5314017230804052,1411
587,1415.976513700886,0.5314017230804052,1411
588,1415.976513700886,0.5314017230804052,1411
589,1415.976513700886,0.5314017230804052,1411
590,1415.976513700886,0.5314017230804052,1411
591,1415.976513700886,0.5314017230804052,1411
592,1415.976513700886,0.5314017230804052,1411
593,1415.976513700886,0.5314017230804052,1411
594,1415.976513700886,0.5314017230804052,1411
595,1415.976513700886,0.5314017230804052,1411
596,1415.976513700886,0.5314017230804052,1411
597,1415.976513700886,0.5314017230804052,1411
598,1415.976513700886,0.5314017230804052,1411
599,1415.976513700886,0.5314017230804052,1411
600,1415.976513700886,0.5314017230804052,1411
601,1415.976513700886,0.5314017230804052,1411
602,1415.976513700886,0.5314017230804052,1411
603,1415.976513700886,0.5314017230804052,1411
604,1407.9986027464156,0.5293217752904346,1403
605,1407.9986027464156,0.5293217752904346,1403
606,1407.9986027464156,0.5293217752904346,1403
607,1407.9986027464156,0.5293217752904346,1403
608,1407.9986027464156,0.5293217752904346,1403
609,1407.9986027464156,0.5293217752904346,1403
610,1407.9986027464156,0.5293217752904346,1403
611,1407.9986027464156,0.5293217752904346,1403
612,1407.9986027464156,0.5293217752904346,1403
613,1407.9986027464156,0.5293217752904346,1403
614,1405.9740628857976,0.531632496629222,1401
615,1405.9740628857976,0.531632496629222,1401
616,1405.9740628857976,0.531632496629222,1401
617,1405.9740628857976,0.531632496629222,1401
618,1405.9740628857976,0.531632496629222,1401
619,1405.9740628857976,0.531632496629222,1401
620,1405.9740628857976,0.531632496629222,1401
621,1405.9740628857976,0.531632496629222,1401
622,1405.9740628857976,0.531632496629222,1401
623,1405.9740628857976,0.531632496629222,1401
624,1405.9740628857976,0.531632496629222,1401
625,1405.9740628857976,0.531632496629222,1401
626,1405.9740628857976,0.531632496629222,1401
627,1405.9740628857976,0.531632496629222,1401
628,1405.9740628857976,0.531632496629222,1401
629,1405.9740628857976,0.531632496629222,1401
630,1405.9740628857976,0.531632496629222,1401
631,1405.9740628857976,0.531632496629222,1401
632,1405.9740628857976,0.531632496629222,1401
633,1405.9740628857976,0.531632496629222,1401
634,1405.9740628857976,0.531632496629222,1401
635,1405.9740628857976,0.531632496629222,1401
636,1405.9740628857976,0.531632496629222,1401
637,1405.9740628857976,0.531632496629222,1401
638,1405.9740628857976,0.531632496629222,1401
639,1405.9740628857976,0.531632496629222,1401
640,1405.9740628857976,0.531632496629222,1401
641,1405.9740628857976,0.531632496629222,1401
642,1405.9740628857976,0.531632496629222,1401
643,1405.9740628857976,0.531632496629222,1401
644,1405.9740628857976,0.531632496629222,1401
645,1405.9740628857976,0.531632496629222,1401
646,1405.9740628857976,0.531632496629222,1401
647,1405.9740628857976,0.531632496629222,1401
648,1405.9740628857976,0.531632496629222,1401
649,1405.9740628857976,0.531632496629222,1401
650,1399.0526494623423,0.5242326306645588,1394
651,1399.0526494623423,0.5242326306645588,1394
652,1399.0526494623423,0.5242326306645588,1394
653,1399.0526494623423,0.5242326306645588,1394
654,1399.0526494623423,0.5242326306645588,1394
655,1399.0526494623423,0.5242326306645588,1394
656,1399.0526494623423,0.5242326306645588,1394
657,1399.0526494623423,0.5242326306645588,1394
658,1399.0526494623423,0.5242326306645588,1394
659,1399.0526494623423,0.5242326306645588,1394
660,1399.0526494623423,0.5242326306645588,1394
661,1399.0526494623423,0.5242326306645588,1394
662,1399.0526494623423,0.5242326306645588,1394
663,1399.0526494623423,0.5242326306645588,1394
664,1399.0526494623423,0.5242326306645588,1394
665,1399.0526494623423,0.5242326306645588,1394
666,1399.0526494623423,0.5242326306645588,1394
667,1399.0526494623423,0.5242326306645588,1394
668,1399.0526494623423,0.5242326306645588,1394
669,1399.0526494623423,0.5242326306645588,1394
670,1399.0526494623423,0.5242326306645588,1394
671,1399.0526494623423,0.5242326306645588,1394
672,1399.0526494623423,0.5242326306645588,1394
673,1399.0526494623423,0.5242326306645588,1394
674,1399.0526494623423,0.5242326306645588,1394
675,1399.0526494623423,0.5242326306645588,1394
676,1399.0526494623423,0.5242326306645588,1394
677,1399.0526494623423,0.5242326306645588,1394
678,1399.0526494623423,0.5242326306645588,1394
679,1399.0526494623423,0.5242326306645588,1394
680,1399.0526494623423,0.5242326306645588,1394
681,1399.0526494623423,0.5242326306645588,1394
682,1399.0526494623423,0.5242326306645588,1394
683,1399.0526494623423,0.5242326306645588,1394
684,1399.0526494623423,0.5242326306645588,1394
685,1399.0526494623423,0.5242326306645588,1394
686,1399.0526494623423,0.5242326306645588,1394
687,1399.0526494623423,0.5242326306645588,1394
688,1399.0526494623423,0.5242326306645588,1394
689,1394.1470120922181,0.5153472606197562,1389
690,1394.1470120922181,0.5153472606197562,1389
691,1394.1470120922181,0.5153472606197562,1389
692,1394.1470120922181,0.5153472606197562,1389
693,1394.1470120922181,0.5153472606197562,1389
694,1394.1470120922181,0.5153472606197562,1389
695,1394.1470120922181,0.5153472606197562,1389
696,1394.1470120922181,0.5153472606197562,1389
697,1394.1470120922181,0.5153472606197562,1389
698,1394.1470120922181,0.5153472606197562,1389
699,1394.1470120922181,0.5153472606197562,1389
700,1394.1470120922181,0.5153472606197562,1389
701,1394.1470120922181,0.5153472606197562,1389
702,1394.1470120922181,0.5153472606197562,1389
703,1394.1470120922181,0.5153472606197562,1389
704,1394.1470120922181,0.5153472606197562,1389
705,1394.1470120922181,0.5153472606197562,1389
706,1394.1470120922181,0.5153472606197562,1389
707,1394.1470120922181,0.5153472606197562,1389
708,1394.1470120922181,0.5153472606197562,1389
709,1394.1470120922181,0.5153472606197562,1389
710,1394.1470120922181,0.5153472606197562,1389
711,1394.1470120922181,0.5153472606197562,1389
712,1394.1470120922181,0.5153472606197562,1389
713,1394.1470120922181,0.5153472606197562,1389
714,1394.1470120922181,0.5153472606197562,1389
715,1394.1470120922181,0.5153472606197562,1389
716,1394.1470120922181,0.5153472606197562,1389
717,1394.1470120922181,0.5153472606197562,1389
718,1394.1470120922181,0.5153472606197562,1389
719,1394.1470120922181,0.5153472606197562,1389
720,1394.1470120922181,0.5153472606197562,1389
721,1394.1470120922181,0.5153472606197562,1389
722,1394.1470120922181,0.5153472606197562,1389
723,1394.1470120922181,0.5153472606197562,1389
724,1394.1470120922181,0.5153472606197562,1389
725,1394.1470120922181,0.5153472606197562,1389
726,1394.1470120922181,0.5153472606197562,1389
727,1394.1470120922181,0.5153472606197562,1389
728,1394.1470120922181,0.5153472606197562,1389
729,1399.092404748385,0.5204891950673366,1394
730,1399.092404748385,0.5204891950673366,1394
731,1399.092404748385,0.5204891950673366,1394
732,1399.092404748385,0.5204891950673366,1394
733,1399.092404748385,0.5204891950673366,1394
734,1399.092404748385,0.5204891950673366,1394
735,1399.092404748385,0.5204891950673366,1394
736,1399.092404748385,0.5204891950673366,1394
737,1399.092404748385,0.5204891950673366,1394
738,1399.092404748385,0.5204891950673366,1394
739,1399.092404748385,0.5204891950673366,1394
740,1399.092404748385,0.5204891950673366,1394
741,1399.092404748385,0.5204891950673366,1394
742,1399.092404748385,0.5204891950673366,1394
743,1399.092404748385,0.5204891950673366,1394
744,1399.092404748385,0.5204891950673366,1394
745,1399.092404748385,0.5204891950673366,1394
746,1399.092404748385,0.5204891950673366,1394
747,1399.092404748385,0.5204891950673366,1394
748,1399.092404748385,0.5204891950673366,1394
749,1399.092404748385,0.5204891950673366,1394
750,1399.092404748385,0.5204891950673366,1394
751,1399.092404748385,0.5204891950673366,1394
752,1399.092404748385,0.5204891950673366,1394
753,1399.092404748385,0.5204891950673366,1394
754,1399.092404748385,0.5204891950673366,1394
755,1399.092404748385,0.5204891950673366,1394
756,1399.092404748385,0.5204891950673366,1394
757,1399.092404748385,0.5204891950673366,1394
758,1399.092404748385,0.5204891950673366,1394
759,1423.9784487804877,0.531219512195122,1419
760,1423.9784487804877,0.531219512195122,1419
761,1423.9784487804877,0.531219512195122,1419
762,1423.9784487804877,0.531219512195122,1419
763,1423.9784487804877,0.531219512195122,1419
764,1423.9784487804877,0.531219512195122,1419
765,1423.9784487804877,0.531219512195122,1419
766,1423.9784487804877,0.531219512195122,1419
767,1423.9784487804877,0.531219512195122,1419
768,1423.9784487804877,0.531219512195122,1419
769,1423.9784487804877,0.531219512195122,1419
770,1423.9784487804877,0.531219512195122,1419
771,1423.9784487804877,0.531219512195122,1419
772,1423.9784487804877,0.531219512195122,1419
773,1423.9784487804877,0.531219512195122,1419
774,1426.0026546592267,0.5289402392442009,1421
775,1426.0026546592267,0.5289402392442009,1421
776,1426.0026546592267,0.5289402392442009,1421
777,1426.0026546592267,0.5289402392442009,1421
778,1426.0026546592267,0.5289402392442009,1421
779,1426.0026546592267,0.5289402392442009,1421
780,1426.0026546592267,0.5289402392442009,1421
781,1426.0026546592267,0.5289402392442009,1421
782,1426.0026546592267,0.5289402392442009,1421
783,1426.0026546592267,0.5289402392442009,1421
784,1426.0026546592267,0.5289402392442009,1421
785,1426.0026546592267,0.5289402392442009,1421
786,1426.0026546592267,0.5289402392442009,1421
787,1426.0026546592267,0.5289402392442009,1421
788,1426.0026546592267,0.5289402392442009,1421
789,1426.0026546592267,0.5289402392442009,1421
790,1426.0026546592267,0.5289402392442009,1421
791,1426.0026546592267,0.5289402392442009,1421
792,1426.0026546592267,0.5289402392442009,1421
793,1426.0026546592267,0.5289402392442009,1421
794,1426.0026546592267,0.5289402392442009,1421
795,1426.0026546592267,0.5289402392442009,1421
796,1426.0026546592267,0.5289402392442009,1421
797,1426.0026546592267,0.5289402392442009,1421
798,1426.0026546592267,0.5289402392442009,1421
799,1426.0026546592267,0.5289402392442009,1421
800,1426.0026546592267,0.5289402392442009,1421
801,1426.0026546592267,0.5289402392442009,1421
802,1426.0026546592267,0.5289402392442009,1421
803,1426.0026546592267,0.5289402392442009,1421
804,1426.0026546592267,0.5289402392442009,1421
805,1426.0026546592267,0.5289402392442009,1421
806,1426.0026546592267,0.5289402392442009,1421
807,1426.0026546592267,0.5289402392442009,1421
808,1426.0026546592267,0.5289402392442009,1421
809,1426.0026546592267,0.5289402392442009,1421
810,1426.0026546592267,0.5289402392442009,1421
811,1439.8953696578724,0.5390424050967578,1435
812,1439.8953696578724,0.5390424050967578,1435
813,1439.8953696578724,0.5390424050967578,1435
814,1439.8953696578724,0.5390424050967578,1435
815,1439.8953696578724,0.5390424050967578,1435
816,1439.8953696578724,0.5390424050967578,1435
817,1439.8953696578724,0.5390424050967578,1435
818,1439.8953696578724,0.5390424050967578,1435
819,1439.8953696578724,0.5390424050967578,1435
820,1439.8953696578724,0.5390424050967578,1435
821,1439.8953696578724,0.5390424050967578,1435
822,1439.8953696578724,0.5390424050967578,1435
823,1439.8953696578724,0.5390424050967578,1435
824,1439.8953696578724,0.5390424050967578,1435
825,1439.8953696578724,0.5390424050967578,1435
826,1416.055820661662,0.5239340243256089,1411
827,1416.055820661662,0.5239340243256089,1411
828,1416.055820661662,0.5239340243256089,1411
829,1416.055820661662,0.5239340243256089,1411
830,1416.055820661662,0.5239340243256089,1411
831,1416.055820661662,0.5239340243256089,1411
832,1416.055820661662,0.5239340243256089,1411
833,1416.055820661662,0.5239340243256089,1411
834,1416.055820661662,0.5239340243256089,1411
835,1416.055820661662,0.5239340243256089,1411
836,1416.055820661662,0.5239340243256089,1411
837,1416.055820661662,0.5239340243256089,1411
838,1416.055820661662,0.5239340243256089,1411
839,1416.055820661662,0.5239340243256089,1411
840,1416.055820661662,0.5239340243256089,1411
841,1416.055820661662,0.5239340243256089,1411
842,1416.055820661662,0.5239340243256089,1411
843,1416.055820661662,0.5239340243256089,1411
844,1416.055820661662,0.5239340243256089,1411
845,1413.1102732963468,0.518806657594473,1408
846,1413.1102732963468,0.518806657594473,1408
847,1413.1102732963468,0.518806657594473,1408
848,1413.1102732963468,0.518806657594473,1408
849,1413.1102732963468,0.518806657594473,1408
850,1413.1102732963468,0.518806657594473,1408
851,1413.1102732963468,0.518806657594473,1408
852,1413.1102732963468,0.518806657594473,1408
853,1404.0931976494676,0.5204145339484425,1399
854,1404.0931976494676,0.5204145339484425,1399
855,1404.0931976494676,0.5204145339484425,1399
856,1404.0931976494676,0.5204145339484425,1399
857,1404.0931976494676,0.5204145339484425,1399
858,1404.0931976494676,0.5204145339484425,1399
859,1404.0931976494676,0.5204145339484425,1399
860,1404.0931976494676,0.5204145339484425,1399
861,1404.0931976494676,0.5204145339484425,1399
862,1404.0931976494676,0.5204145339484425,1399
863,1404.0931976494676,0.5204145339484425,1399
864,1404.0931976494676,0.5204145339484425,1399
865,1404.0931976494676,0.5204145339484425,1399
866,1404.0931976494676,0.5204145339484425,1399
867,1404.0931976494676,0.5204145339484425,1399
868,1404.0931976494676,0.5204145339484425,1399
869,1404.0931976494676,0.5204145339484425,1399
870,1404.0931976494676,0.5204145339484425,1399
871,1404.0931976494676,0.5204145339484425,1399
872,1404.0931976494676,0.5204145339484425,1399
873,1404.0931976494676,0.5204145339484425,1399
874,1404.0931976494676,0.5204145339484425,1399
875,1404.0931976494676,0.5204145339484425,1399
876,1404.0931976494676,0.5204145339484425,1399
877,1404.0931976494676,0.5204145339484425,1399
878,1404.0931976494676,0.5204145339484425,1399
879,1404.0931976494676,0.5204145339484425,1399
880,1404.0931976494676,0.5204145339484425,1399
881,1404.0931976494676,0.5204145339484425,1399
882,1404.0931976494676,0.5204145339484425,1399
883,1404.0931976494676,0.5204145339484425,1399
884,1404.0931976494676,0.5204145339484425,1399
885,1404.0931976494676,0.5204145339484425,1399
886,1404.0931976494676,0.5204145339484425,1399
887,1404.0931976494676,0.5204145339484425,1399
888,1404.0931976494676,0.5204145339484425,1399
889,1404.0931976494676,0.5204145339484425,1399
890,1404.0931976494676,0.5204145339484425,1399
891,1404.0931976494676,0.5204145339484425,1399
892,1404.0931976494676,0.5204145339484425,1399
893,1404.0931976494676,0.5204145339484425,1399
894,1404.0931976494676,0.5204145339484425,1399
895,1404.0931976494676,0.5204145339484425,1399
896,1404.0931976494676,0.5204145339484425,1399
897,1404.0931976494676,0.5204145339484425,1399
898,1404.0931976494676,0.5204145339484425,1399
899,1404.0931976494676,0.5204145339484425,1399
900,1404.0931976494676,0.5204145339484425,1399
901,1404.0931976494676,0.5204145339484425,1399
902,1404.0931976494676,0.5204145339484425,1399
903,1404.0931976494676,0.5204145339484425,1399
904,1404.0931976494676,0.5204145339484425,1399
905,1404.0931976494676,0.5204145339484425,1399
906,1404.0931976494676,0.5204145339484425,1399
907,1404.0931976494676,0.5204145339484425,1399
908,1404.0931976494676,0.5204145339484425,1399
909,1404.0931976494676,0.5204145339484425,1399
910,1404.0931976494676,0.5204145339484425,1399
911,1404.0931976494676,0.5204145339484425,1399
912,1404.0931976494676,0.5204145339484425,1399
913,1437.0982893306289,0.5199350912778905,1432
914,1437.0982893306289,0.5199350912778905,1432
915,1437.0982893306289,0.5199350912778905,1432
916,1437.0982893306289,0.5199350912778905,1432
917,1441.0988903051964,0.5198785023355627,1436
918,1441.0988903051964,0.5198785023355627,1436
919,1441.0988903051964,0.5198785023355627,1436
920,1441.0988903051964,0.5198785023355627,1436
921,1441.0988903051964,0.5198785023355627,1436
922,1441.0988903051964,0.5198785023355627,1436
923,1458.1014068511067,0.5196415394438048,1453
924,1438.0984398946937,0.5199209138706579,1433
925,1430.0972293539262,0.5200349007602465,1425
926,1430.0972293539262,0.5200349007602465,1425
927,1430.0972293539262,0.5200349007602465,1425
928,1408.093827823596,0.5203551955182618,1403
929,1408.093827823596,0.5203551955182618,1403
930,1408.093827823596,0.5203551955182618,1403
931,1408.093827823596,0.5203551955182618,1403
932,1408.093827823596,0.5203551955182618,1403
933,1408.093827823596,0.5203551955182618,1403
934,1408.093827823596,0.5203551955182618,1403
935,1408.093827823596,0.5203551955182618,1403
936,1408.093827823596,0.5203551955182618,1403
937,1408.093827823596,0.5203551955182618,1403
938,1408.093827823596,0.5203551955182618,1403
939,1408.093827823596,0.5203551955182618,1403
940,1408.093827823596,0.5203551955182618,1403
941,1408.093827823596,0.5203551955182618,1403
942,1408.093827823596,0.5203551955182618,1403
943,1408.093827823596,0.5203551955182618,1403
944,1420.095696564345,0.5201792312292777,1415
945,1420.095696564345,0.5201792312292777,1415
946,1420.095696564345,0.5201792312292777,1415
947,1420.095696564345,0.5201792312292777,1415
948,1420.095696564345,0.5201792312292777,1415
949,1420.095696564345,0.5201792312292777,1415
950,1420.095696564345,0.5201792312292777,1415
951,1420.095696564345,0.5201792312292777,1415
952,1420.095696564345,0.5201792312292777,1415
953,1420.095696564345,0.5201792312292777,1415
954,1420.095696564345,0.5201792312292777,1415
955,1420.095696564345,0.5201792312292777,1415
956,1420.095696564345,0.5201792312292777,1415
957,1420.095696564345,0.5201792312292777,1415
958,1420.095696564345,0.5201792312292777,1415
959,1420.095696564345,0.5201792312292777,1415
960,1420.095696564345,0.5201792312292777,1415
961,1420.095696564345,0.5201792312292777,1415
962,1420.095696564345,0.5201792312292777,1415
963,1420.095696564345,0.5201792312292777,1415
964,1420.095696564345,0.5201792312292777,1415
965,1420.095696564345,0.5201792312292777,1415
966,1420.095696564345,0.5201792312292777,1415
967,1420.095696564345,0.5201792312292777,1415
968,1420.095696564345,0.5201792312292777,1415
969,1426.0966188757352,0.5200923845823763,1421
970,1439.0985902448397,0.5199067566064259,1434
971,1431.097381428282,0.5200205811410463,1426
972,1425.0964657086495,0.5201068070951607,1420
973,1425.0964657086495,0.5201068070951607,1420
974,1425.0964657086495,0.5201068070951607,1420
975,1425.0964657086495,0.5201068070951607,1420
976,1404.0931976494676,0.5204145339484425,1399
977,1402.0928811831814,0.520444333033769,1397
978,1403.0930395316784,0.5204294226291538,1398
979,1403.0930395316784,0.5204294226291538,1398
980,1379.089174311724,0.5207933793103449,1374
981,1379.089174311724,0.5207933793103449,1374
982,1379.089174311724,0.5207933793103449,1374
983,1379.089174311724,0.5207933793103449,1374
984,1379.089174311724,0.5207933793103449,1374
985,1379.105239379903,0.5192806610260867,1374
986,1379.105239379903,0.5192806610260867,1374
987,1379.105239379903,0.5192806610260867,1374
988,1374.1445950389125,0.5155748550929963,1369
989,1374.1445950389125,0.5155748550929963,1369
990,1374.1445950389125,0.5155748550929963,1369
991,1374.1445950389125,0.5155748550929963,1369
992,1374.1445950389125,0.5155748550929963,1369
993,1374.1445950389125,0.5155748550929963,1369
994,1378.0486212082335,0.5246119389610556,1373
995,1378.0486212082335,0.5246119389610556,1373
996,1378.0486212082335,0.5246119389610556,1373
997,1378.0486212082335,0.5246119389610556,1373
998,1378.0486212082335,0.5246119389610556,1373
999,1378.0486212082335,0.5246119389610556,1373
1000,1378.0486212082335,0.5246119389610556,1373
1001,1378.0486212082335,0.5246119389610556,1373
1002,1378.0486212082335,0.5246119389610556,1373
1003,1378.0486212082335,0.5246119389610556,1373
1004,1378.0486212082335,0.5246119389610556,1373
1005,1378.0486212082335,0.5246119389610556,1373
1006,1378.0486212082335,0.5246119389610556,1373
1007,1378.0486212082335,0.5246119389610556,1373
1008,1378.0486212082335,0.5246119389610556,1373
1009,1378.0486212082335,0.5246119389610556,1373
1010,1378.0486212082335,0.5246119389610556,1373
1011,1378.0486212082335,0.5246119389610556,1373
1012,1378.0486212082335,0.5246119389610556,1373
1013,1378.0486212082335,0.5246119389610556,1373
1014,1378.0486212082335,0.5246119389610556,1373
1015,1378.0486212082335,0.5246119389610556,1373
1016,1378.0486212082335,0.5246119389610556,1373
1017,1378.0486212082335,0.5246119389610556,1373
1018,1383.0495917052738,0.5245205550589631,1378
1019,1383.0495917052738,0.5245205550589631,1378
1020,1383.0495917052738,0.5245205550589631,1378
1021,1383.0495917052738,0.5245205550589631,1378
1022,1383.0495917052738,0.5245205550589631,1378
1023,1383.0495917052738,0.5245205550589631,1378
1024,1383.0495917052738,0.5245205550589631,1378
1025,1383.0495917052738,0.5245205550589631,1378
1026,1383.0495917052738,0.5245205550589631,1378
1027,1383.0495917052738,0.5245205550589631,1378
1028,1383.0495917052738,0.5245205550589631,1378
1029,1383.0495917052738,0.5245205550589631,1378
1030,1383.0495917052738,0.5245205550589631,1378
1031,1383.0495917052738,0.5245205550589631,1378
1032,1383.0495917052738,0.5245205550589631,1378
1033,1383.0495917052738,0.5245205550589631,1378
1034,1383.0495917052738,0.5245205550589631,1378
1035,1383.0495917052738,0.5245205550589631,1378
1036,1383.0495917052738,0.5245205550589631,1378
1037,1383.0495917052738,0.5245205550589631,1378
1038,1383.0495917052738,0.5245205550589631,1378
1039,1383.0495917052738,0.5245205550589631,1378
1040,1383.0495917052738,0.5245205550589631,1378
1041,1383.0495917052738,0.5245205550589631,1378
1042,1383.0495917052738,0.5245205550589631,1378
1043,1383.0495917052738,0.5245205550589631,1378
1044,1383.0495917052738,0.5245205550589631,1378
1045,1383.0495917052738,0.5245205550589631,1378
1046,1383.0495917052738,0.5245205550589631,1378
1047,1375.0480354321508,0.524667096784293,1370
1048,1375.0480354321508,0.524667096784293,1370
1049,1375.0480354321508,0.524667096784293,1370
1050,1370.0470532858149,0.5247595776068783,1365
1051,1370.0470532858149,0.5247595776068783,1365
1052,1370.0470532858149,0.5247595776068783,1365
1053,1370.0470532858149,0.5247595776068783,1365
1054,1370.0470532858149,0.5247595776068783,1365
1055,1370.0470532858149,0.5247595776068783,1365
1056,1370.0470532858149,0.5247595776068783,1365
1057,1366.0462622536866,0.5248340627413691,1361
1058,1366.0462622536866,0.5248340627413691,1361
1059,1366.0462622536866,0.5248340627413691,1361
1060,1366.0462622536866,0.5248340627413691,1361
1061,1366.0462622536866,0.5248340627413691,1361
1062,1366.0462622536866,0.5248340627413691,1361
1063,1373.0476434548261,0.524704006136889,1368
1064,1373.0476434548261,0.524704006136889,1368
1065,1373.0476434548261,0.524704006136889,1368
1066,1373.0476434548261,0.524704006136889,1368
1067,1373.0476434548261,0.524704006136889,1368
1068,1373.0476434548261,0.524704006136889,1368
1069,1373.0476434548261,0.524704006136889,1368
1070,1373.0476434548261,0.524704006136889,1368
1071,1373.0476434548261,0.524704006136889,1368
1072,1373.0476434548261,0.524704006136889,1368
1073,1373.0476434548261,0.524704006136889,1368
1074,1373.0476434548261,0.524704006136889,1368
1075,1373.0476434548261,0.524704006136889,1368
1076,1373.0476434548261,0.524704006136889,1368
1077,1410.7467840601232,0.5530335159959402,1406
1078,1373.0476434548261,0.524704006136889,1368
1079,1373.0476434548261,0.524704006136889,1368
1080,1373.0476434548261,0.524704006136889,1368
1081,1373.0476434548261,0.524704006136889,1368
1082,1373.0476434548261,0.524704006136889,1368
1083,1373.0476434548261,0.524704006136889,1368
1084,1373.0476434548261,0.524704006136889,1368
1085,1373.0476434548261,0.524704006136889,1368
1086,1373.0476434548261,0.524704006136889,1368
1087,1373.0476434548261,0.524704006136889,1368
1088,1373.0476434548261,0.524704006136889,1368
1089,1373.0476434548261,0.524704006136889,1368
1090,1373.0476434548261,0.524704006136889,1368
1091,1373.0476434548261,0.524704006136889,1368
1092,1373.0476434548261,0.524704006136889,1368
1093,1373.0476434548261,0.524704006136889,1368
1094,1373.0476434548261,0.524704006136889,1368
1095,1373.0476434548261,0.524704006136889,1368
1096,1373.0476434548261,0.524704006136889,1368
1097,1373.0476434548261,0.524704006136889,1368
1098,1373.0476434548261,0.524704006136889,1368
1099,1373.0476434548261,0.524704006136889,1368
1100,1373.0476434548261,0.524704006136889,1368
1101,1373.0476434548261,0.524704006136889,1368
1102,1373.0476434548261,0.524704006136889,1368
1103,1373.0476434548261,0.524704006136889,1368
1104,1373.0476434548261,0.524704006136889,1368
1105,1373.0476434548261,0.524704006136889,1368
1106,1373.0476434548261,0.524704006136889,1368
1107,1373.0476434548261,0.524704006136889,1368
1108,1392.051320569885,0.524357761781068,1387
1109,1406.0539647788828,0.524108777882984,1401
1110,1393.0515112507987,0.5243398068927677,1388
1111,1393.0515112507987,0.5243398068927677,1388
1112,1393.0515112507987,0.5243398068927677,1388
1113,1392.051320569885,0.524357761781068,1387
1114,1392.051320569885,0.524357761781068,1387
1115,1392.051320569885,0.524357761781068,1387
1116,1392.051320569885,0.524357761781068,1387
1117,1392.051320569885,0.524357761781068,1387
1118,1392.051320569885,0.524357761781068,1387
1119,1392.051320569885,0.524357761781068,1387
1120,1392.051320569885,0.524357761781068,1387
1121,1411.0548960936646,0.52402108345907,1406
1122,1431.892961190014,0.5392691911474568,1427
1123,1411.0548960936646,0.52402108345907,1406
1124,1420.0565555074718,0.5238648298049254,1415
1125,1415.0949218614253,0.5202521787735227,1410
1126,1415.0949218614253,0.5202521787735227,1410
1127,1415.0949218614253,0.5202521787735227,1410
1128,1415.0949218614253,0.5202521787735227,1410
1129,1415.0949218614253,0.5202521787735227,1410
1130,1415.0949218614253,0.5202521787735227,1410
1131,1420.0565555074718,0.5238648298049254,1415
1132,1415.0949218614253,0.5202521787735227,1410
1133,1415.0949218614253,0.5202521787735227,1410
1134,1415.0949218614253,0.5202521787735227,1410
1135,1415.0949218614253,0.5202521787735227,1410
1136,1398.8991116990487,0.5386900471705436,1394
1137,1398.8991116990487,0.5386900471705436,1394
1138,1380.0490102732826,0.524575303834016,1375
1139,1380.0490102732826,0.524575303834016,1375
1140,1380.0490102732826,0.524575303834016,1375
1141,1398.8991116990487,0.5386900471705436,1394
1142,1380.0490102732826,0.524575303834016,1375
1143,1383.0495917052738,0.5245205550589631,1378
1144,1384.049784941017,0.5245023596029358,1379
1145,1384.049784941017,0.5245023596029358,1379
1146,1384.049784941017,0.5245023596029358,1379
1147,1384.049784941017,0.5245023596029358,1379
1148,1384.049784941017,0.5245023596029358,1379
1149,1384.049784941017,0.5245023596029358,1379
1150,1383.0495917052738,0.5245205550589631,1378
1151,1383.0495917052738,0.5245205550589631,1378
1152,1383.0495917052738,0.5245205550589631,1378
1153,1383.0495917052738,0.5245205550589631,1378
1154,1376.0482309821791,0.5246486834106221,1371
1155,1376.0482309821791,0.5246486834106221,1371
1156,1376.0482309821791,0.5246486834106221,1371
1157,1376.0482309821791,0.5246486834106221,1371
1158,1376.0482309821791,0.5246486834106221,1371
1159,1376.0482309821791,0.5246486834106221,1371
1160,1376.0482309821791,0.5246486834106221,1371
1161,1376.0482309821791,0.5246486834106221,1371
1162,1376.0482309821791,0.5246486834106221,1371
1163,1376.0482309821791,0.5246486834106221,1371
1164,1376.0482309821791,0.5246486834106221,1371
1165,1376.0482309821791,0.5246486834106221,1371
1166,1376.0482309821791,0.5246486834106221,1371
1167,1376.0482309821791,0.5246486834106221,1371
1168,1376.0482309821791,0.5246486834106221,1371
1169,1376.0482309821791,0.5246486834106221,1371
1170,1376.0482309821791,0.5246486834106221,1371
1171,1376.0482309821791,0.5246486834106221,1371
1172,1376.0482309821791,0.5246486834106221,1371
1173,1376.0482309821791,0.5246486834106221,1371
1174,1376.0482309821791,0.5246486834106221,1371
1175,1376.0482309821791,0.5246486834106221,1371
1176,1376.0482309821791,0.5246486834106221,1371
1177,1376.0482309821791,0.5246486834106221,1371
1178,1376.0482309821791,0.5246486834106221,1371
1179,1376.0482309821791,0.5246486834106221,1371
1180,1376.0482309821791,0.5246486834106221,1371
1181,1376.0482309821791,0.5246486834106221,1371
1182,1376.0482309821791,0.5246486834106221,1371
1183,1389.0507468364826,0.5244117856419298,1384
1184,1389.0507468364826,0.5244117856419298,1384
1185,1389.0507468364826,0.5244117856419298,1384
1186,1389.0507468364826,0.5244117856419298,1384
1187,1389.0507468364826,0.5244117856419298,1384
1188,1389.0507468364826,0.5244117856419298,1384
1189,1382.1056937296432,0.5192378785646569,1377
1190,1382.1056937296432,0.5192378785646569,1377
1191,1389.0507468364826,0.5244117856419298,1384
1192,1389.0507468364826,0.5244117856419298,1384
1193,1382.1056937296432,0.5192378785646569,1377
1194,1382.1056937296432,0.5192378785646569,1377
1195,1389.0507468364826,0.5244117856419298,1384
1196,1389.0507468364826,0.5244117856419298,1384
1197,1382.1056937296432,0.5192378785646569,1377
1198,1382.1056937296432,0.5192378785646569,1377
1199,1389.0507468364826,0.5244117856419298,1384
1200,1389.0507468364826,0.5244117856419298,1384
1201,1382.1056937296432,0.5192378785646569,1377
1202,1382.1056937296432,0.5192378785646569,1377
1203,1382.1056937296432,0.5192378785646569,1377
1204,1389.0507468364826,0.5244117856419298,1384
1205,1389.0507468364826,0.5244117856419298,1384
1206,1382.1056937296432,0.5192378785646569,1377
1207,1382.1056937296432,0.5192378785646569,1377
1208,1382.1056937296432,0.5192378785646569,1377
1209,1382.1056937296432,0.5192378785646569,1377
1210,1389.0507468364826,0.5244117856419298,1384
1211,1389.0507468364826,0.5244117856419298,1384
1212,1382.1056937296432,0.5192378785646569,1377
1213,1382.1056937296432,0.5192378785646569,1377
1214,1382.1056937296432,0.5192378785646569,1377
1215,1382.1056937296432,0.5192378785646569,1377
1216,1382.1056937296432,0.5192378785646569,1377
1217,1382.1056937296432,0.5192378785646569,1377
1218,1382.1056937296432,0.5192378785646569,1377
1219,1382.1056937296432,0.5192378785646569,1377
1220,1389.0507468364826,0.5244117856419298,1384
1221,1389.0507468364826,0.5244117856419298,1384
1222,1382.1056937296432,0.5192378785646569,1377
1223,1389.0507468364826,0.5244117856419298,1384
1224,1382.1056937296432,0.5192378785646569,1377
1225,1382.1056937296432,0.5192378785646569,1377
1226,1382.1056937296432,0.5192378785646569,1377
1227,1382.1056937296432,0.5192378785646569,1377
1228,1382.1056937296432,0.5192378785646569,1377
1229,1389.0507468364826,0.5244117856419298,1384
1230,1382.1056937296432,0.5192378785646569,1377
1231,1382.1056937296432,0.5192378785646569,1377
1232,1382.1056937296432,0.5192378785646569,1377
1233,1389.0507468364826,0.5244117856419298,1384
1234,1389.0507468364826,0.5244117856419298,1384
1235,1389.0507468364826,0.5244117856419298,1384
1236,1389.0507468364826,0.5244117856419298,1384
1237,1389.0507468364826,0.5244117856419298,1384
1238,1389.0507468364826,0.5244117856419298,1384
1239,1389.0507468364826,0.5244117856419298,1384
1240,1363.045665851129,0.5248902211743062,1358
1241,1363.045665851129,0.5248902211743062,1358
1242,1363.045665851129,0.5248902211743062,1358
1243,1363.045665851129,0.5248902211743062,1358
1244,1363.045665851129,0.5248902211743062,1358
1245,1373.0476434548261,0.524704006136889,1368
1246,1373.0476434548261,0.524704006136889,1368
1247,1373.0476434548261,0.524704006136889,1368
1248,1373.0476434548261,0.524704006136889,1368
1249,1373.0476434548261,0.524704006136889,1368
1250,1373.0476434548261,0.524704006136889,1368
1251,1373.0476434548261,0.524704006136889,1368
1252,1373.0476434548261,0.524704006136889,1368
1253,1373.0476434548261,0.524704006136889,1368
1254,1373.0476434548261,0.524704006136889,1368
1255,1373.0476434548261,0.524704006136889,1368
1256,1373.0476434548261,0.524704006136889,1368
1257,1373.0476434548261,0.524704006136889,1368
1258,1373.0476434548261,0.524704006136889,1368
1259,1373.0476434548261,0.524704006136889,1368
1260,1373.0476434548261,0.524704006136889,1368
1261,1373.0476434548261,0.524704006136889,1368
1262,1373.0476434548261,0.524704006136889,1368
1263,1373.0476434548261,0.524704006136889,1368
1264,1373.0476434548261,0.524704006136889,1368
1265,1373.0476434548261,0.524704006136889,1368
1266,1373.0476434548261,0.524704006136889,1368
1267,1373.0476434548261,0.524704006136889,1368
1268,1373.0476434548261,0.524704006136889,1368
1269,1373.0476434548261,0.524704006136889,1368
1270,1373.0476434548261,0.524704006136889,1368
1271,1373.0476434548261,0.524704006136889,1368
1272,1373.0476434548261,0.524704006136889,1368
1273,1373.0476434548261,0.524704006136889,1368
1274,1373.0476434548261,0.524704006136889,1368
1275,1373.0476434548261,0.524704006136889,1368
1276,1373.0476434548261,0.524704006136889,1368
1277,1373.0476434548261,0.524704006136889,1368
1278,1373.0476434548261,0.524704006136889,1368
1279,1373.0476434548261,0.524704006136889,1368
1280,1373.0476434548261,0.524704006136889,1368
1281,1373.0476434548261,0.524704006136889,1368
1282,1373.0476434548261,0.524704006136889,1368
1283,1373.0476434548261,0.524704006136889,1368
1284,1373.0476434548261,0.524704006136889,1368
1285,1373.0476434548261,0.524704006136889,1368
1286,1373.0476434548261,0.524704006136889,1368
1287,1373.0476434548261,0.524704006136889,1368
1288,1373.0476434548261,0.524704006136889,1368
1289,1373.0476434548261,0.524704006136889,1368
1290,1373.0476434548261,0.524704006136889,1368
1291,1373.0476434548261,0.524704006136889,1368
1292,1373.0476434548261,0.524704006136889,1368
1293,1373.0476434548261,0.524704006136889,1368
1294,1373.0476434548261,0.524704006136889,1368
1295,1373.0476434548261,0.524704006136889,1368
1296,1373.0476434548261,0.524704006136889,1368
1297,1373.0476434548261,0.524704006136889,1368
1298,1373.0476434548261,0.524704006136889,1368
1299,1373.0476434548261,0.524704006136889,1368
1300,1373.0476434548261,0.524704006136889,1368
1301,1373.0476434548261,0.524704006136889,1368
1302,1373.0476434548261,0.524704006136889,1368
1303,1373.0476434548261,0.524704006136889,1368
1304,1373.0476434548261,0.524704006136889,1368
1305,1373.0476434548261,0.524704006136889,1368
1306,1373.0476434548261,0.524704006136889,1368
1307,1373.0476434548261,0.524704006136889,1368
1308,1373.0476434548261,0.524704006136889,1368
1309,1373.0476434548261,0.524704006136889,1368
1310,1373.0476434548261,0.524704006136889,1368
1311,1373.0476434548261,0.524704006136889,1368
1312,1373.0476434548261,0.524704006136889,1368
1313,1373.0476434548261,0.524704006136889,1368
1314,1386.8954157023804,0.5390380694557023,1382
1315,1386.8954157023804,0.5390380694557023,1382
1316,1386.8954157023804,0.5390380694557023,1382
1317,1386.8954157023804,0.5390380694557023,1382
1318,1386.8954157023804,0.5390380694557023,1382
1319,1382.992794707575,0.5298686716031084,1378
1320,1382.992794707575,0.5298686716031084,1378
1321,1382.992794707575,0.5298686716031084,1378
1322,1382.992794707575,0.5298686716031084,1378
1323,1382.992794707575,0.5298686716031084,1378
1324,1382.992794707575,0.5298686716031084,1378
1325,1382.992794707575,0.5298686716031084,1378
1326,1375.1046304285749,0.5193380010758091,1370
1327,1375.1046304285749,0.5193380010758091,1370
1328,1375.1046304285749,0.5193380010758091,1370
1329,1375.1046304285749,0.5193380010758091,1370
1330,1375.1046304285749,0.5193380010758091,1370
1331,1375.1046304285749,0.5193380010758091,1370
1332,1375.1046304285749,0.5193380010758091,1370
1333,1375.1046304285749,0.5193380010758091,1370
1334,1375.1046304285749,0.5193380010758091,1370
1335,1375.1046304285749,0.5193380010758091,1370
1336,1375.1046304285749,0.5193380010758091,1370
1337,1375.1046304285749,0.5193380010758091,1370
1338,1375.1046304285749,0.5193380010758091,1370
1339,1375.1046304285749,0.5193380010758091,1370
1340,1375.1046304285749,0.5193380010758091,1370
1341,1375.1046304285749,0.5193380010758091,1370
1342,1375.1046304285749,0.5193380010758091,1370
1343,1375.1046304285749,0.5193380010758091,1370
1344,1375.1046304285749,0.5193380010758091,1370
1345,1375.1046304285749,0.5193380010758091,1370
1346,1381.8938560360434,0.5391849306927202,1377
1347,1381.8938560360434,0.5391849306927202,1377
1348,1381.8938560360434,0.5391849306927202,1377
1349,1381.8938560360434,0.5391849306927202,1377
1350,1381.8938560360434,0.5391849306927202,1377
1351,1381.8938560360434,0.5391849306927202,1377
1352,1381.8938560360434,0.5391849306927202,1377
1353,1381.8938560360434,0.5391849306927202,1377
1354,1381.8938560360434,0.5391849306927202,1377
1355,1381.8938560360434,0.5391849306927202,1377
1356,1381.8938560360434,0.5391849306927202,1377
1357,1381.8938560360434,0.5391849306927202,1377
1358,1381.8938560360434,0.5391849306927202,1377
1359,1381.8938560360434,0.5391849306927202,1377
1360,1381.8938560360434,0.5391849306927202,1377
1361,1381.8938560360434,0.5391849306927202,1377
1362,1381.8938560360434,0.5391849306927202,1377
1363,1381.8938560360434,0.5391849306927202,1377
1364,1381.8938560360434,0.5391849306927202,1377
1365,1381.8938560360434,0.5391849306927202,1377
1366,1381.8938560360434,0.5391849306927202,1377
1367,1381.8938560360434,0.5391849306927202,1377
1368,1381.8938560360434,0.5391849306927202,1377
1369,1381.8938560360434,0.5391849306927202,1377
1370,1370.1441030021967,0.5156211862338296,1365
1371,1370.1441030021967,0.5156211862338296,1365
1372,1370.1441030021967,0.5156211862338296,1365
1373,1370.1441030021967,0.5156211862338296,1365
1374,1370.1441030021967,0.5156211862338296,1365
1375,1370.1441030021967,0.5156211862338296,1365
1376,1370.1441030021967,0.5156211862338296,1365
1377,1382.1455704100258,0.5154830122386262,1377
1378,1382.1455704100258,0.5154830122386262,1377
1379,1382.1455704100258,0.5154830122386262,1377
1380,1382.1455704100258,0.5154830122386262,1377
1381,1382.1455704100258,0.5154830122386262,1377
1382,1382.1455704100258,0.5154830122386262,1377
1383,1382.1455704100258,0.5154830122386262,1377
1384,1382.1455704100258,0.5154830122386262,1377
1385,1382.1455704100258,0.5154830122386262,1377
1386,1382.1455704100258,0.5154830122386262,1377
1387,1382.1455704100258,0.5154830122386262,1377
1388,1382.1455704100258,0.5154830122386262,1377
1389,1382.1455704100258,0.5154830122386262,1377
1390,1382.1455704100258,0.5154830122386262,1377
1391,1382.1455704100258,0.5154830122386262,1377
1392,1382.1455704100258,0.5154830122386262,1377
1393,1382.1455704100258,0.5154830122386262,1377
1394,1382.1455704100258,0.5154830122386262,1377
1395,1382.1455704100258,0.5154830122386262,1377
1396,1382.1455704100258,0.5154830122386262,1377
1397,1382.1455704100258,0.5154830122386262,1377
1398,1382.1455704100258,0.5154830122386262,1377
1399,1382.1455704100258,0.5154830122386262,1377
1400,1382.1455704100258,0.5154830122386262,1377
1401,1382.1455704100258,0.5154830122386262,1377
1402,1382.1455704100258,0.5154830122386262,1377
1403,1382.1455704100258,0.5154830122386262,1377
1404,1382.1455704100258,0.5154830122386262,1377
1405,1382.1455704100258,0.5154830122386262,1377
1406,1382.1455704100258,0.5154830122386262,1377
1407,1382.1455704100258,0.5154830122386262,1377
1408,1402.147959253719,0.5152580740377766,1397
1409,1402.147959253719,0.5152580740377766,1397
1410,1402.147959253719,0.5152580740377766,1397
1411,1402.147959253719,0.5152580740377766,1397
1412,1402.147959253719,0.5152580740377766,1397
1413,1402.147959253719,0.5152580740377766,1397
1414,1402.147959253719,0.5152580740377766,1397
1415,1402.147959253719,0.5152580740377766,1397
1416,1402.147959253719,0.5152580740377766,1397
1417,1402.147959253719,0.5152580740377766,1397
1418,1402.147959253719,0.5152580740377766,1397
1419,1402.147959253719,0.5152580740377766,1397
1420,1402.147959253719,0.5152580740377766,1397
1421,1402.147959253719,0.5152580740377766,1397
1422,1399.1476053607132,0.5152913972963082,1394
1423,1409.9990582226214,0.5292788867588112,1405
1424,1412.9757822156118,0.5314706011664952,1408
1425,1409.9990582226214,0.5292788867588112,1405
1426,1409.9990582226214,0.5292788867588112,1405
1427,1412.9997389462173,0.5292147884917652,1408
1428,1412.9997389462173,0.5292147884917652,1408
1429,1412.9997389462173,0.5292147884917652,1408
1430,1412.9997389462173,0.5292147884917652,1408
1431,1412.9997389462173,0.5292147884917652,1408
1432,1417.0006419587428,0.5291297590637712,1412
1433,1409.9990582226214,0.5292788867588112,1405
1434,1409.9990582226214,0.5292788867588112,1405
1435,1409.9990582226214,0.5292788867588112,1405
1436,1409.9990582226214,0.5292788867588112,1405
1437,1412.9997389462173,0.5292147884917652,1408
1438,1421.9779671169085,0.5312648665811163,1417
1439,1421.9779671169085,0.5312648665811163,1417
1440,1421.9779671169085,0.5312648665811163,1417
1441,1425.9789290500034,0.5311742890768982,1421
1442,1425.9789290500034,0.5311742890768982,1421
1443,1425.9789290500034,0.5311742890768982,1421
1444,1425.9789290500034,0.5311742890768982,1421
1445,1425.9789290500034,0.5311742890768982,1421
1446,1425.9789290500034,0.5311742890768982,1421
1447,1422.9782081233348,0.5312421729439876,1418
1448,1420.0013157790431,0.5290663108245584,1415
1449,1420.0013157790431,0.5290663108245584,1415
1450,1422.9782081233348,0.5312421729439876,1418
1451,1400.9728239337546,0.5317491587801739,1396
1452,1400.9728239337546,0.5317491587801739,1396
1453,1400.9728239337546,0.5317491587801739,1396
1454,1400.9728239337546,0.5317491587801739,1396
1455,1400.9728239337546,0.5317491587801739,1396
1456,1400.9728239337546,0.5317491587801739,1396
1457,1400.9728239337546,0.5317491587801739,1396
1458,1400.9728239337546,0.5317491587801739,1396
1459,1400.9728239337546,0.5317491587801739,1396
1460,1400.9728239337546,0.5317491587801739,1396
1461,1400.9728239337546,0.5317491587801739,1396
1462,1400.9728239337546,0.5317491587801739,1396
1463,1400.9728239337546,0.5317491587801739,1396
1464,1400.9728239337546,0.5317491587801739,1396
1465,1400.9728239337546,0.5317491587801739,1396
1466,1400.9728239337546,0.5317491587801739,1396
1467,1400.9728239337546,0.5317491587801739,1396
1468,1400.9728239337546,0.5317491587801739,1396
1469,1400.9728239337546,0.5317491587801739,1396
1470,1400.9728239337546,0.5317491587801739,1396
1471,1400.9728239337546,0.5317491587801739,1396
1472,1400.9728239337546,0.5317491587801739,1396
1473,1400.9728239337546,0.5317491587801739,1396
1474,1400.9728239337546,0.5317491587801739,1396
1475,1400.9728239337546,0.5317491587801739,1396
1476,1400.9728239337546,0.5317491587801739,1396
1477,1400.9728239337546,0.5317491587801739,1396
1478,1400.9728239337546,0.5317491587801739,1396
1479,1390.9703184384584,0.5319850811244321,1386
1480,1394.9713250870745,0.5318902931191494,1390
1481,1394.9713250870745,0.5318902931191494,1390
1482,1394.9713250870745,0.5318902931191494,1390
1483,1394.9713250870745,0.5318902931191494,1390
1484,1393.9710739841141,0.5319139374657098,1389
1485,1393.9710739841141,0.5319139374657098,1389
1486,1372.9657135411392,0.5324186872750323,1368
1487,1372.9657135411392,0.5324186872750323,1368
1488,1372.9657135411392,0.5324186872750323,1368
1489,1372.9657135411392,0.5324186872750323,1368
1490,1372.9657135411392,0.5324186872750323,1368
1491,1372.9657135411392,0.5324186872750323,1368
1492,1372.9657135411392,0.5324186872750323,1368
1493,1372.9657135411392,0.5324186872750323,1368
1494,1372.9657135411392,0.5324186872750323,1368
1495,1370.9651941754776,0.5324675917629373,1366
1496,1370.9651941754776,0.5324675917629373,1366
1497,1370.9651941754776,0.5324675917629373,1366
1498,1368.9646732421618,0.5325166438642387,1364
1499,1368.9646732421618,0.5325166438642387,1364
1500,1368.9646732421618,0.5325166438642387,1364
1501,1368.9646732421618,0.5325166438642387,1364
1502,1350.9599131119319,0.5329648670497241,1346
1503,1350.9599131119319,0.5329648670497241,1346
1504,1350.9599131119319,0.5329648670497241,1346
1505,1350.9599131119319,0.5329648670497241,1346
1506,1365.103092091368,0.5194828539201632,1360
1507,1365.103092091368,0.5194828539201632,1360
1508,1365.103092091368,0.5194828539201632,1360
1509,1365.103092091368,0.5194828539201632,1360
1510,1365.103092091368,0.5194828539201632,1360
1511,1364.102936989646,0.5194974586020764,1359
1512,1364.102936989646,0.5194974586020764,1359
1513,1364.102936989646,0.5194974586020764,1359
1514,1364.102936989646,0.5194974586020764,1359
1515,1364.102936989646,0.5194974586020764,1359
1516,1364.102936989646,0.5194974586020764,1359
1517,1364.102936989646,0.5194974586020764,1359
1518,1360.0860153214514,0.5210908360215313,1355
1519,1360.0860153214514,0.5210908360215313,1355
1520,1360.0860153214514,0.5210908360215313,1355
1521,1360.0860153214514,0.5210908360215313,1355
1522,1360.0860153214514,0.5210908360215313,1355
1523,1360.0860153214514,0.5210908360215313,1355
1524,1360.0860153214514,0.5210908360215313,1355
1525,1360.0860153214514,0.5210908360215313,1355
1526,1360.0860153214514,0.5210908360215313,1355
1527,1360.0860153214514,0.5210908360215313,1355
1528,1360.0860153214514,0.5210908360215313,1355
1529,1360.0860153214514,0.5210908360215313,1355
1530,1360.0860153214514,0.5210908360215313,1355
1531,1360.0860153214514,0.5210908360215313,1355
1532,1360.0860153214514,0.5210908360215313,1355
1533,1360.0860153214514,0.5210908360215313,1355
1534,1360.0860153214514,0.5210908360215313,1355
1535,1360.0860153214514,0.5210908360215313,1355
1536,1360.0860153214514,0.5210908360215313,1355
1537,1359.0858465544097,0.5211067274567098,1354
1538,1359.0858465544097,0.5211067274567098,1354
1539,1359.0858465544097,0.5211067274567098,1354
1540,1359.0858465544097,0.5211067274567098,1354
1541,1359.0858465544097,0.5211067274567098,1354
1542,1359.0858465544097,0.5211067274567098,1354
1543,1381.9680314751558,0.5322004260681877,1377
1544,1393.9710739841141,0.5319139374657098,1389
1545,1403.108818603762,0.518943634297367,1398
1546,1403.108818603762,0.518943634297367,1398
1547,1403.108818603762,0.518943634297367,1398
1548,1403.108818603762,0.518943634297367,1398
1549,1403.108818603762,0.518943634297367,1398
1550,1403.108818603762,0.518943634297367,1398
1551,1403.108818603762,0.518943634297367,1398
1552,1403.108818603762,0.518943634297367,1398
1553,1403.108818603762,0.518943634297367,1398
1554,1403.108818603762,0.518943634297367,1398
1555,1403.108818603762,0.518943634297367,1398
1556,1394.1074911498592,0.519068629956765,1389
1557,1394.1074911498592,0.519068629956765,1389
1558,1394.1074911498592,0.519068629956765,1389
1559,1394.1074911498592,0.519068629956765,1389
1560,1394.1074911498592,0.519068629956765,1389
1561,1394.1074911498592,0.519068629956765,1389
1562,1394.1074911498592,0.519068629956765,1389
1563,1394.1074911498592,0.519068629956765,1389
1564,1394.1074911498592,0.519068629956765,1389
1565,1394.1074911498592,0.519068629956765,1389
1566,1394.1074911498592,0.519068629956765,1389
1567,1394.1074911498592,0.519068629956765,1389
1568,1394.1074911498592,0.519068629956765,1389
1569,1394.1074911498592,0.519068629956765,1389
1570,1394.1074911498592,0.519068629956765,1389
1571,1394.1074911498592,0.519068629956765,1389
1572,1394.1074911498592,0.519068629956765,1389
1573,1413.1102732963468,0.518806657594473,1408
1574,1413.1102732963468,0.518806657594473,1408
1575,1413.1102732963468,0.518806657594473,1408
1576,1413.1102732963468,0.518806657594473,1408
1577,1428.9796468536047,0.5311066992839221,1424
1578,1428.9796468536047,0.5311066992839221,1424
1579,1428.9796468536047,0.5311066992839221,1424
1580,1405.9740628857976,0.531632496629222,1401
1581,1405.9740628857976,0.531632496629222,1401
1582,1405.9740628857976,0.531632496629222,1401
1583,1405.9740628857976,0.531632496629222,1401
1584,1405.9740628857976,0.531632496629222,1401
1585,1405.9740628857976,0.531632496629222,1401
1586,1405.9740628857976,0.531632496629222,1401
1587,1405.9740628857976,0.531632496629222,1401
1588,1405.9740628857976,0.531632496629222,1401
1589,1405.9740628857976,0.531632496629222,1401
1590,1405.9740628857976,0.531632496629222,1401
1591,1405.9740628857976,0.531632496629222,1401
1592,1405.9740628857976,0.531632496629222,1401
1593,1386.9693057940572,0.5320804337045972,1382
1594,1386.9693057940572,0.5320804337045972,1382
1595,1386.9693057940572,0.5320804337045972,1382
1596,1386.9693057940572,0.5320804337045972,1382
1597,1386.9693057940572,0.5320804337045972,1382
1598,1386.9693057940572,0.5320804337045972,1382
1599,1386.9693057940572,0.5320804337045972,1382
1600,1386.9693057940572,0.5320804337045972,1382
1601,1386.9693057940572,0.5320804337045972,1382
1602,1386.9693057940572,0.5320804337045972,1382
1603,1386.9693057940572,0.5320804337045972,1382
1604,1403.9735683980907,0.531679058560186,1399
1605,1400.9728239337546,0.5317491587801739,1396
1606,1400.9728239337546,0.5317491587801739,1396
1607,1400.9728239337546,0.5317491587801739,1396
1608,1400.9728239337546,0.5317491587801739,1396
1609,1400.9728239337546,0.5317491587801739,1396
1610,1400.9728239337546,0.5317491587801739,1396
1611,1400.9728239337546,0.5317491587801739,1396
1612,1393.9710739841141,0.5319139374657098,1389
1613,1393.9710739841141,0.5319139374657098,1389
1614,1393.9710739841141,0.5319139374657098,1389
1615,1393.9710739841141,0.5319139374657098,1389
1616,1393.9710739841141,0.5319139374657098,1389
1617,1393.9710739841141,0.5319139374657098,1389
1618,1398.972325792945,0.5317960646944528,1394
1619,1398.972325792945,0.5317960646944528,1394
1620,1401.9730724539754,0.531725757629423,1397
1621,1401.9730724539754,0.531725757629423,1397
1622,1401.9730724539754,0.531725757629423,1397
1623,1401.9730724539754,0.531725757629423,1397
1624,1401.9730724539754,0.531725757629423,1397
1625,1401.9730724539754,0.531725757629423,1397
1626,1401.9730724539754,0.531725757629423,1397
1627,1401.9730724539754,0.531725757629423,1397
1628,1401.9730724539754,0.531725757629423,1397
1629,1401.9730724539754,0.531725757629423,1397
1630,1401.9730724539754,0.531725757629423,1397
1631,1401.9730724539754,0.531725757629423,1397
1632,1402.9733206084857,0.5317023909147199,1398
1633,1402.9733206084857,0.5317023909147199,1398
1634,1402.9733206084857,0.5317023909147199,1398
1635,1402.9733206084857,0.5317023909147199,1398
1636,1402.9733206084857,0.5317023909147199,1398
1637,1402.9733206084857,0.5317023909147199,1398
1638,1428.7706016668967,0.550790803493725,1424
1639,1402.9733206084857,0.5317023909147199,1398
1640,1406.9743095854992,0.5316092669021436,1402
1641,1406.9743095854992,0.5316092669021436,1402
1642,1402.9733206084857,0.5317023909147199,1398
1643,1399.9725750470145,0.5317725944430751,1395
1644,1399.9725750470145,0.5317725944430751,1395
1645,1399.9725750470145,0.5317725944430751,1395
1646,1399.9725750470145,0.5317725944430751,1395
1647,1399.9725750470145,0.5317725944430751,1395
1648,1399.9725750470145,0.5317725944430751,1395
1649,1399.9725750470145,0.5317725944430751,1395
1650,1399.9725750470145,0.5317725944430751,1395
1651,1399.9725750470145,0.5317725944430751,1395
1652,1399.9725750470145,0.5317725944430751,1395
1653,1399.9725750470145,0.5317725944430751,1395
1654,1399.9725750470145,0.5317725944430751,1395
1655,1399.9725750470145,0.5317725944430751,1395
1656,1411.9755376742762,0.5314936276576038,1407
1657,1427.1122748900739,0.5186181836088581,1422
1658,1427.1122748900739,0.5186181836088581,1422
1659,1427.1122748900739,0.5186181836088581,1422
1660,1427.1122748900739,0.5186181836088581,1422
1661,1427.1122748900739,0.5186181836088581,1422
1662,1423.1117071102076,0.5186716468730976,1418
1663,1423.1117071102076,0.5186716468730976,1418
1664,1423.1117071102076,0.5186716468730976,1418
1665,1423.1117071102076,0.5186716468730976,1418
1666,1425.1119914070184,0.5186448769285853,1420
1667,1425.1119914070184,0.5186448769285853,1420
1668,1425.1119914070184,0.5186448769285853,1420
1669,1425.1119914070184,0.5186448769285853,1420
1670,1405.1091112344272,0.5189160796207888,1400
1671,1405.1091112344272,0.5189160796207888,1400
1672,1405.1091112344272,0.5189160796207888,1400
1673,1405.1091112344272,0.5189160796207888,1400
1674,1405.1091112344272,0.5189160796207888,1400
1675,1405.1091112344272,0.5189160796207888,1400
1676,1405.1091112344272,0.5189160796207888,1400
1677,1405.1091112344272,0.5189160796207888,1400
1678,1405.1091112344272,0.5189160796207888,1400
1679,1405.1091112344272,0.5189160796207888,1400
1680,1405.1091112344272,0.5189160796207888,1400
1681,1405.1091112344272,0.5189160796207888,1400
1682,1405.1091112344272,0.5189160796207888,1400
1683,1405.1091112344272,0.5189160796207888,1400
1684,1405.1091112344272,0.5189160796207888,1400
1685,1405.1091112344272,0.5189160796207888,1400
1686,1405.1091112344272,0.5189160796207888,1400
1687,1412.110128774104,0.5188202660919146,1407
1688,1412.110128774104,0.5188202660919146,1407
1689,1412.110128774104,0.5188202660919146,1407
1690,1412.110128774104,0.5188202660919146,1407
1691,1411.1099840426314,0.5188338942908315,1406
1692,1411.1099840426314,0.5188338942908315,1406
1693,1411.1099840426314,0.5188338942908315,1406
1694,1411.1099840426314,0.5188338942908315,1406
1695,1411.1099840426314,0.5188338942908315,1406
1696,1411.1099840426314,0.5188338942908315,1406
1697,1411.1099840426314,0.5188338942908315,1406
1698,1408.109548588284,0.5188748975250487,1403
1699,1415.0556362842858,0.5239513856604776,1410
1700,1415.0556362842858,0.5239513856604776,1410
1701,1399.0526494623423,0.5242326306645588,1394
1702,1399.0526494623423,0.5242326306645588,1394
1703,1399.0526494623423,0.5242326306645588,1394
1704,1399.0526494623423,0.5242326306645588,1394
1705,1399.0526494623423,0.5242326306645588,1394
1706,1399.0526494623423,0.5242326306645588,1394
1707,1396.0520816115732,0.5242861006051744,1391
1708,1396.0520816115732,0.5242861006051744,1391
1709,1396.0520816115732,0.5242861006051744,1391
1710,1396.0520816115732,0.5242861006051744,1391
1711,1396.0520816115732,0.5242861006051744,1391
1712,1396.0520816115732,0.5242861006051744,1391
1713,1396.0520816115732,0.5242861006051744,1391
1714,1406.0539647788828,0.524108777882984,1401
1715,1406.0539647788828,0.524108777882984,1401
1716,1406.0539647788828,0.524108777882984,1401
1717,1406.0539647788828,0.524108777882984,1401
1718,1406.0539647788828,0.524108777882984,1401
1719,1406.0539647788828,0.524108777882984,1401
1720,1406.0539647788828,0.524108777882984,1401
1721,1406.0539647788828,0.524108777882984,1401
1722,1406.0539647788828,0.524108777882984,1401
1723,1406.0539647788828,0.524108777882984,1401
1724,1406.0539647788828,0.524108777882984,1401
1725,1406.0539647788828,0.524108777882984,1401
1726,1406.0539647788828,0.524108777882984,1401
1727,1406.0539647788828,0.524108777882984,1401
1728,1396.0520816115732,0.5242861006051744,1391
1729,1396.0520816115732,0.5242861006051744,1391
1730,1396.0520816115732,0.5242861006051744,1391
1731,1396.0520816115732,0.5242861006051744,1391
1732,1396.0520816115732,0.5242861006051744,1391
1733,1396.0520816115732,0.5242861006051744,1391
1734,1396.0520816115732,0.5242861006051744,1391
1735,1388.1462944243688,0.5154148376300536,1383
1736,1391.091123977478,0.520609794964411,1386
1737,1391.091123977478,0.520609794964411,1386
1738,1391.091123977478,0.520609794964411,1386
1739,1391.091123977478,0.520609794964411,1386
1740,1391.091123977478,0.520609794964411,1386
1741,1391.091123977478,0.520609794964411,1386
1742,1391.091123977478,0.520609794964411,1386
1743,1391.091123977478,0.520609794964411,1386
1744,1391.091123977478,0.520609794964411,1386
1745,1391.091123977478,0.520609794964411,1386
1746,1391.091123977478,0.520609794964411,1386
1747,1391.091123977478,0.520609794964411,1386
1748,1391.091123977478,0.520609794964411,1386
1749,1391.091123977478,0.520609794964411,1386
1750,1391.091123977478,0.520609794964411,1386
1751,1391.091123977478,0.520609794964411,1386
1752,1391.091123977478,0.520609794964411,1386
1753,1391.091123977478,0.520609794964411,1386
1754,1391.091123977478,0.520609794964411,1386
1755,1391.091123977478,0.520609794964411,1386
1756,1391.091123977478,0.520609794964411,1386
1757,1391.091123977478,0.520609794964411,1386
1758,1391.091123977478,0.520609794964411,1386
1759,1391.091123977478,0.520609794964411,1386
1760,1391.091123977478,0.520609794964411,1386
1761,1391.091123977478,0.520609794964411,1386
1762,1391.091123977478,0.520609794964411,1386
1763,1391.091123977478,0.520609794964411,1386
1764,1391.091123977478,0.520609794964411,1386
1765,1391.091123977478,0.520609794964411,1386
1766,1391.091123977478,0.520609794964411,1386
1767,1391.091123977478,0.520609794964411,1386
1768,1391.091123977478,0.520609794964411,1386
1769,1391.091123977478,0.520609794964411,1386
1770,1391.091123977478,0.520609794964411,1386
1771,1426.0966188757352,0.5200923845823763,1421
1772,1434.0978363503489,0.5199777447882318,1429
1773,1434.0978363503489,0.5199777447882318,1429
1774,1434.0978363503489,0.5199777447882318,1429
1775,1434.0978363503489,0.5199777447882318,1429
1776,1434.0978363503489,0.5199777447882318,1429
1777,1434.0978363503489,0.5199777447882318,1429
1778,1434.0978363503489,0.5199777447882318,1429
1779,1434.0978363503489,0.5199777447882318,1429
1780,1434.0978363503489,0.5199777447882318,1429
1781,1434.0978363503489,0.5199777447882318,1429
1782,1434.0978363503489,0.5199777447882318,1429
1783,1434.0978363503489,0.5199777447882318,1429
1784,1434.0978363503489,0.5199777447882318,1429
1785,1443.099189515326,0.5198503281237116,1438
1786,1443.099189515326,0.5198503281237116,1438
1787,1443.099189515326,0.5198503281237116,1438
1788,1431.097381428282,0.5200205811410463,1426
1789,1431.097381428282,0.5200205811410463,1426
1790,1431.097381428282,0.5200205811410463,1426
1791,1431.097381428282,0.5200205811410463,1426
1792,1431.097381428282,0.5200205811410463,1426
1793,1431.097381428282,0.5200205811410463,1426
1794,1421.095850835976,0.5201647047103555,1416
1795,1421.095850835976,0.5201647047103555,1416
1796,1421.095850835976,0.5201647047103555,1416
1797,1421.095850835976,0.5201647047103555,1416
1798,1421.095850835976,0.5201647047103555,1416
1799,1421.095850835976,0.5201647047103555,1416
1800,1421.095850835976,0.5201647047103555,1416
1801,1421.095850835976,0.5201647047103555,1416
1802,1421.095850835976,0.5201647047103555,1416
1803,1421.095850835976,0.5201647047103555,1416
1804,1421.095850835976,0.5201647047103555,1416
1805,1421.095850835976,0.5201647047103555,1416
1806,1421.095850835976,0.5201647047103555,1416
1807,1421.095850835976,0.5201647047103555,1416
1808,1421.095850835976,0.5201647047103555,1416
1809,1421.095850835976,0.5201647047103555,1416
1810,1421.095850835976,0.5201647047103555,1416
1811,1421.095850835976,0.5201647047103555,1416
1812,1421.095850835976,0.5201647047103555,1416
1813,1421.095850835976,0.5201647047103555,1416
1814,1421.095850835976,0.5201647047103555,1416
1815,1421.095850835976,0.5201647047103555,1416
1816,1424.9866139127287,0.5304506673513454,1420
1817,1405.7446787181761,0.5532317591171296,1401
1818,1405.7446787181761,0.5532317591171296,1401
1819,1405.7446787181761,0.5532317591171296,1401
1820,1405.7446787181761,0.5532317591171296,1401
1821,1405.7446787181761,0.5532317591171296,1401
1822,1405.9740628857976,0.531632496629222,1401
1823,1438.725686912755,0.555020064712341,1434
1824,1438.725686912755,0.555020064712341,1434
1825,1438.725686912755,0.555020064712341,1434
1826,1438.725686912755,0.555020064712341,1434
1827,1438.725686912755,0.555020064712341,1434
1828,1438.725686912755,0.555020064712341,1434
1829,1438.725686912755,0.555020064712341,1434
1830,1438.725686912755,0.555020064712341,1434
1831,1418.0008668918535,0.5291085789215091,1413
1832,1418.0008668918535,0.5291085789215091,1413
1833,1418.0008668918535,0.5291085789215091,1413
1834,1418.0008668918535,0.5291085789215091,1413
1835,1418.0008668918535,0.5291085789215091,1413
1836,1418.0008668918535,0.5291085789215091,1413
1837,1418.0008668918535,0.5291085789215091,1413
1838,1418.0008668918535,0.5291085789215091,1413
1839,1418.0008668918535,0.5291085789215091,1413
1840,1418.0008668918535,0.5291085789215091,1413
1841,1418.0008668918535,0.5291085789215091,1413
1842,1418.0008668918535,0.5291085789215091,1413
1843,1418.0008668918535,0.5291085789215091,1413
1844,1418.0008668918535,0.5291085789215091,1413
1845,1418.0008668918535,0.5291085789215091,1413
1846,1418.0008668918535,0.5291085789215091,1413
1847,1418.0008668918535,0.5291085789215091,1413
1848,1418.0008668918535,0.5291085789215091,1413
1849,1418.0008668918535,0.5291085789215091,1413
1850,1418.0008668918535,0.5291085789215091,1413
1851,1418.0008668918535,0.5291085789215091,1413
1852,1418.0008668918535,0.5291085789215091,1413
1853,1418.0008668918535,0.5291085789215091,1413
1854,1407.7204958523287,0.5555088651291374,1403
1855,1407.7204958523287,0.5555088651291374,1403
1856,1385.106146068249,0.5191952854756182,1380
1857,1385.106146068249,0.5191952854756182,1380
1858,1385.106146068249,0.5191952854756182,1380
1859,1385.106146068249,0.5191952854756182,1380
1860,1385.106146068249,0.5191952854756182,1380
1861,1385.106146068249,0.5191952854756182,1380
1862,1385.106146068249,0.5191952854756182,1380
1863,1385.106146068249,0.5191952854756182,1380
1864,1385.106146068249,0.5191952854756182,1380
1865,1385.106146068249,0.5191952854756182,1380
1866,1385.106146068249,0.5191952854756182,1380
1867,1385.106146068249,0.5191952854756182,1380
1868,1385.106146068249,0.5191952854756182,1380
1869,1385.106146068249,0.5191952854756182,1380
1870,1385.106146068249,0.5191952854756182,1380
1871,1385.106146068249,0.5191952854756182,1380
1872,1370.0876891251335,0.5209332273885525,1365
1873,1370.0876891251335,0.5209332273885525,1365
1874,1370.0876891251335,0.5209332273885525,1365
1875,1370.0876891251335,0.5209332273885525,1365
1876,1370.0876891251335,0.5209332273885525,1365
1877,1370.0876891251335,0.5209332273885525,1365
1878,1370.0876891251335,0.5209332273885525,1365
1879,1370.0876891251335,0.5209332273885525,1365
1880,1370.0876891251335,0.5209332273885525,1365
1881,1370.0876891251335,0.5209332273885525,1365
1882,1370.0876891251335,0.5209332273885525,1365
1883,1370.0876891251335,0.5209332273885525,1365
1884,1370.0876891251335,0.5209332273885525,1365
1885,1370.0876891251335,0.5209332273885525,1365
1886,1370.0876891251335,0.5209332273885525,1365
1887,1370.0876891251335,0.5209332273885525,1365
1888,1370.0876891251335,0.5209332273885525,1365
1889,1370.0876891251335,0.5209332273885525,1365
1890,1370.0876891251335,0.5209332273885525,1365
1891,1370.0876891251335,0.5209332273885525,1365
1892,1370.0876891251335,0.5209332273885525,1365
1893,1370.0876891251335,0.5209332273885525,1365
1894,1370.0876891251335,0.5209332273885525,1365
1895,1370.0876891251335,0.5209332273885525,1365
1896,1370.0876891251335,0.5209332273885525,1365
1897,1370.0876891251335,0.5209332273885525,1365
1898,1370.0876891251335,0.5209332273885525,1365
1899,1370.0876891251335,0.5209332273885525,1365
1900,1370.0876891251335,0.5209332273885525,1365
1901,1370.0876891251335,0.5209332273885525,1365
1902,1370.0876891251335,0.5209332273885525,1365
1903,1370.0876891251335,0.5209332273885525,1365
1904,1370.0876891251335,0.5209332273885525,1365
1905,1370.0876891251335,0.5209332273885525,1365
1906,1370.0876891251335,0.5209332273885525,1365
1907,1370.0876891251335,0.5209332273885525,1365
1908,1370.0876891251335,0.5209332273885525,1365
1909,1370.0876891251335,0.5209332273885525,1365
1910,1370.0876891251335,0.5209332273885525,1365
1911,1370.0876891251335,0.5209332273885525,1365
1912,1370.0876891251335,0.5209332273885525,1365
1913,1370.0876891251335,0.5209332273885525,1365
1914,1370.0876891251335,0.5209332273885525,1365
1915,1370.0876891251335,0.5209332273885525,1365
1916,1370.0876891251335,0.5209332273885525,1365
1917,1370.0876891251335,0.5209332273885525,1365
1918,1370.0876891251335,0.5209332273885525,1365
1919,1370.0876891251335,0.5209332273885525,1365
1920,1370.0876891251335,0.5209332273885525,1365
1921,1370.0876891251335,0.5209332273885525,1365
1922,1370.0876891251335,0.5209332273885525,1365
1923,1370.0876891251335,0.5209332273885525,1365
1924,1370.0876891251335,0.5209332273885525,1365
1925,1370.0876891251335,0.5209332273885525,1365
1926,1370.0876891251335,0.5209332273885525,1365
1927,1370.0876891251335,0.5209332273885525,1365
1928,1370.0876891251335,0.5209332273885525,1365
1929,1370.0876891251335,0.5209332273885525,1365
1930,1370.0876891251335,0.5209332273885525,1365
1931,1370.0876891251335,0.5209332273885525,1365
1932,1370.0876891251335,0.5209332273885525,1365
1933,1370.0876891251335,0.5209332273885525,1365
1934,1370.0876891251335,0.5209332273885525,1365
1935,1370.0876891251335,0.5209332273885525,1365
1936,1370.0876891251335,0.5209332273885525,1365
1937,1370.0876891251335,0.5209332273885525,1365
1938,1370.0876891251335,0.5209332273885525,1365
1939,1370.0876891251335,0.5209332273885525,1365
1940,1370.0876891251335,0.5209332273885525,1365
1941,1370.0876891251335,0.5209332273885525,1365
1942,1370.0876891251335,0.5209332273885525,1365
1943,1370.0876891251335,0.5209332273885525,1365
1944,1370.0876891251335,0.5209332273885525,1365
1945,1370.0876891251335,0.5209332273885525,1365
1946,1370.0876891251335,0.5209332273885525,1365
1947,1370.0876891251335,0.5209332273885525,1365
1948,1370.0876891251335,0.5209332273885525,1365
1949,1370.0876891251335,0.5209332273885525,1365
1950,1370.0876891251335,0.5209332273885525,1365
1951,1370.0876891251335,0.5209332273885525,1365
1952,1370.0876891251335,0.5209332273885525,1365
1953,1370.0876891251335,0.5209332273885525,1365
1954,1370.0876891251335,0.5209332273885525,1365
1955,1370.0876891251335,0.5209332273885525,1365
1956,1370.0876891251335,0.5209332273885525,1365
1957,1370.0876891251335,0.5209332273885525,1365
1958,1370.0876891251335,0.5209332273885525,1365
1959,1370.0876891251335,0.5209332273885525,1365
1960,1370.0876891251335,0.5209332273885525,1365
1961,1370.0876891251335,0.5209332273885525,1365
1962,1370.0876891251335,0.5209332273885525,1365
1963,1370.0876891251335,0.5209332273885525,1365
1964,1370.0876891251335,0.5209332273885525,1365
1965,1370.0876891251335,0.5209332273885525,1365
1966,1370.0876891251335,0.5209332273885525,1365
1967,1370.0876891251335,0.5209332273885525,1365
1968,1370.0876891251335,0.5209332273885525,1365
1969,1370.0876891251335,0.5209332273885525,1365
1970,1370.0876891251335,0.5209332273885525,1365
1971,1370.0876891251335,0.5209332273885525,1365
1972,1370.0876891251335,0.5209332273885525,1365
1973,1370.0876891251335,0.5209332273885525,1365
1974,1370.0876891251335,0.5209332273885525,1365
1975,1370.0876891251335,0.5209332273885525,1365
1976,1370.0876891251335,0.5209332273885525,1365
1977,1370.0876891251335,0.5209332273885525,1365
1978,1370.0876891251335,0.5209332273885525,1365
1979,1370.0876891251335,0.5209332273885525,1365
1980,1370.0876891251335,0.5209332273885525,1365
1981,1370.0876891251335,0.5209332273885525,1365
1982,1370.0876891251335,0.5209332273885525,1365
1983,1370.0876891251335,0.5209332273885525,1365
1984,1370.0876891251335,0.5209332273885525,1365
1985,1370.0876891251335,0.5209332273885525,1365
1986,1370.0876891251335,0.5209332273885525,1365
1987,1370.0876891251335,0.5209332273885525,1365
1988,1370.0876891251335,0.5209332273885525,1365
1989,1370.0876891251335,0.5209332273885525,1365
1990,1370.0876891251335,0.5209332273885525,1365
1991,1370.0876891251335,0.5209332273885525,1365
1992,1370.0876891251335,0.5209332273885525,1365
1993,1370.0876891251335,0.5209332273885525,1365
1994,1370.0876891251335,0.5209332273885525,1365
1995,1370.0876891251335,0.5209332273885525,1365
1996,1370.0876891251335,0.5209332273885525,1365
1997,1370.0876891251335,0.5209332273885525,1365
1998,1370.0876891251335,0.5209332273885525,1365
1999,1370.0876891251335,0.5209332273885525,1365
2000,1370.0876891251335,0.5209332273885525,1365
2001,1370.0876891251335,0.5209332273885525,1365
2002,1370.0876891251335,0.5209332273885525,1365
2003,1370.0876891251335,0.5209332273885525,1365
2004,1370.0876891251335,0.5209332273885525,1365
2005,1370.0876891251335,0.5209332273885525,1365
2006,1370.0876891251335,0.5209332273885525,1365
2007,1370.0876891251335,0.5209332273885525,1365
2008,1370.0876891251335,0.5209332273885525,1365
2009,1370.0876891251335,0.5209332273885525,1365
2010,1370.0876891251335,0.5209332273885525,1365
2011,1370.0876891251335,0.5209332273885525,1365
2012,1370.0876891251335,0.5209332273885525,1365
2013,1370.0876891251335,0.5209332273885525,1365
2014,1370.0876891251335,0.5209332273885525,1365
2015,1370.0876891251335,0.5209332273885525,1365
2016,1370.0876891251335,0.5209332273885525,1365
2017,1370.0876891251335,0.5209332273885525,1365
2018,1370.0876891251335,0.5209332273885525,1365
2019,1370.0876891251335,0.5209332273885525,1365
2020,1370.0876891251335,0.5209332273885525,1365
2021,1370.0876891251335,0.5209332273885525,1365
2022,1370.0876891251335,0.5209332273885525,1365
2023,1370.0876891251335,0.5209332273885525,1365
2024,1370.0876891251335,0.5209332273885525,1365
2025,1370.0876891251335,0.5209332273885525,1365
2026,1370.0876891251335,0.5209332273885525,1365
2027,1370.0876891251335,0.5209332273885525,1365
2028,1370.0876891251335,0.5209332273885525,1365
2029,1370.0876891251335,0.5209332273885525,1365
2030,1370.0876891251335,0.5209332273885525,1365
2031,1370.0876891251335,0.5209332273885525,1365
2032,1370.0876891251335,0.5209332273885525,1365
2033,1370.0876891251335,0.5209332273885525,1365
2034,1370.0876891251335,0.5209332273885525,1365
2035,1370.0876891251335,0.5209332273885525,1365
2036,1370.0876891251335,0.5209332273885525,1365
2037,1370.0876891251335,0.5209332273885525,1365
2038,1370.0876891251335,0.5209332273885525,1365
2039,1370.0876891251335,0.5209332273885525,1365
2040,1370.0876891251335,0.5209332273885525,1365
2041,1370.0876891251335,0.5209332273885525,1365
2042,1370.0876891251335,0.5209332273885525,1365
2043,1370.0876891251335,0.5209332273885525,1365
2044,1370.0876891251335,0.5209332273885525,1365
2045,1370.0876891251335,0.5209332273885525,1365
2046,1370.0876891251335,0.5209332273885525,1365
2047,1370.0876891251335,0.5209332273885525,1365
2048,1370.0876891251335,0.5209332273885525,1365
2049,1370.0876891251335,0.5209332273885525,1365
2050,1370.0876891251335,0.5209332273885525,1365
2051,1370.0876891251335,0.5209332273885525,1365
2052,1370.0876891251335,0.5209332273885525,1365
2053,1370.0876891251335,0.5209332273885525,1365
2054,1370.0876891251335,0.5209332273885525,1365
2055,1370.0876891251335,0.5209332273885525,1365
2056,1370.0876891251335,0.5209332273885525,1365
2057,1370.0876891251335,0.5209332273885525,1365
2058,1370.0876891251335,0.5209332273885525,1365
2059,1370.0876891251335,0.5209332273885525,1365
2060,1370.0876891251335,0.5209332273885525,1365
2061,1370.0876891251335,0.5209332273885525,1365
2062,1370.0876891251335,0.5209332273885525,1365
2063,1370.0876891251335,0.5209332273885525,1365
2064,1370.0876891251335,0.5209332273885525,1365
2065,1370.0876891251335,0.5209332273885525,1365
2066,1370.0876891251335,0.5209332273885525,1365
2067,1370.0876891251335,0.5209332273885525,1365
2068,1370.0876891251335,0.5209332273885525,1365
2069,1370.0876891251335,0.5209332273885525,1365
2070,1370.0876891251335,0.5209332273885525,1365
2071,1370.0876891251335,0.5209332273885525,1365
2072,1370.0876891251335,0.5209332273885525,1365
2073,1370.0876891251335,0.5209332273885525,1365
2074,1370.0876891251335,0.5209332273885525,1365
2075,1370.0876891251335,0.5209332273885525,1365
2076,1370.0876891251335,0.5209332273885525,1365
2077,1370.0876891251335,0.5209332273885525,1365
2078,1370.0876891251335,0.5209332273885525,1365
2079,1370.0876891251335,0.5209332273885525,1365
2080,1370.0876891251335,0.5209332273885525,1365
2081,1370.0876891251335,0.5209332273885525,1365
2082,1370.0876891251335,0.5209332273885525,1365
2083,1370.0876891251335,0.5209332273885525,1365
2084,1370.0876891251335,0.5209332273885525,1365
2085,1370.0876891251335,0.5209332273885525,1365
2086,1370.0876891251335,0.5209332273885525,1365
2087,1370.0876891251335,0.5209332273885525,1365
2088,1370.0876891251335,0.5209332273885525,1365
2089,1370.0876891251335,0.5209332273885525,1365
2090,1370.0876891251335,0.5209332273885525,1365
2091,1370.0876891251335,0.5209332273885525,1365
2092,1370.0876891251335,0.5209332273885525,1365
2093,1370.0876891251335,0.5209332273885525,1365
2094,1370.0876891251335,0.5209332273885525,1365
2095,1370.0876891251335,0.5209332273885525,1365
2096,1370.0876891251335,0.5209332273885525,1365
2097,1370.0876891251335,0.5209332273885525,1365
2098,1370.0876891251335,0.5209332273885525,1365
2099,1370.0876891251335,0.5209332273885525,1365
2100,1370.0876891251335,0.5209332273885525,1365
2101,1370.0876891251335,0.5209332273885525,1365
2102,1370.0876891251335,0.5209332273885525,1365
2103,1370.0876891251335,0.5209332273885525,1365
2104,1370.0876891251335,0.5209332273885525,1365
2105,1370.0876891251335,0.5209332273885525,1365
2106,1370.0876891251335,0.5209332273885525,1365
2107,1370.0876891251335,0.5209332273885525,1365
2108,1370.0876891251335,0.5209332273885525,1365
2109,1370.0876891251335,0.5209332273885525,1365
2110,1370.0876891251335,0.5209332273885525,1365
2111,1370.0876891251335,0.5209332273885525,1365
2112,1370.0876891251335,0.5209332273885525,1365
2113,1370.0876891251335,0.5209332273885525,1365
2114,1370.0876891251335,0.5209332273885525,1365
2115,1370.0876891251335,0.5209332273885525,1365
2116,1370.0876891251335,0.5209332273885525,1365
2117,1370.0876891251335,0.5209332273885525,1365
2118,1370.0876891251335,0.5209332273885525,1365
2119,1370.0876891251335,0.5209332273885525,1365
2120,1370.0876891251335,0.5209332273885525,1365
2121,1370.0876891251335,0.5209332273885525,1365
2122,1370.0876891251335,0.5209332273885525,1365
2123,1370.0876891251335,0.5209332273885525,1365
2124,1370.0876891251335,0.5209332273885525,1365
2125,1370.0876891251335,0.5209332273885525,1365
2126,1370.0876891251335,0.5209332273885525,1365
2127,1370.0876891251335,0.5209332273885525,1365
2128,1370.0876891251335,0.5209332273885525,1365
2129,1370.0876891251335,0.5209332273885525,1365
2130,1370.0876891251335,0.5209332273885525,1365
2131,1370.0876891251335,0.5209332273885525,1365
2132,1370.0876891251335,0.5209332273885525,1365
2133,1370.0876891251335,0.5209332273885525,1365
2134,1370.0876891251335,0.5209332273885525,1365
2135,1370.0876891251335,0.5209332273885525,1365
2136,1370.0876891251335,0.5209332273885525,1365
2137,1370.0876891251335,0.5209332273885525,1365
2138,1370.0876891251335,0.5209332273885525,1365
2139,1370.0876891251335,0.5209332273885525,1365
2140,1370.0876891251335,0.5209332273885525,1365
2141,1370.0876891251335,0.5209332273885525,1365
2142,1370.0876891251335,0.5209332273885525,1365
2143,1370.0876891251335,0.5209332273885525,1365
2144,1370.0876891251335,0.5209332273885525,1365
2145,1370.0876891251335,0.5209332273885525,1365
2146,1370.0876891251335,0.5209332273885525,1365
2147,1370.0876891251335,0.5209332273885525,1365
2148,1370.0876891251335,0.5209332273885525,1365
2149,1370.0876891251335,0.5209332273885525,1365
2150,1370.0876891251335,0.5209332273885525,1365
2151,1370.0876891251335,0.5209332273885525,1365
2152,1370.0876891251335,0.5209332273885525,1365
2153,1370.0876891251335,0.5209332273885525,1365
2154,1370.0876891251335,0.5209332273885525,1365
2155,1370.0876891251335,0.5209332273885525,1365
2156,1370.0876891251335,0.5209332273885525,1365
2157,1370.0876891251335,0.5209332273885525,1365
2158,1370.0876891251335,0.5209332273885525,1365
2159,1370.0876891251335,0.5209332273885525,1365
2160,1370.0876891251335,0.5209332273885525,1365
2161,1370.0876891251335,0.5209332273885525,1365
2162,1370.0876891251335,0.5209332273885525,1365
2163,1370.0876891251335,0.5209332273885525,1365
2164,1370.0876891251335,0.5209332273885525,1365
2165,1370.0876891251335,0.5209332273885525,1365
2166,1370.0876891251335,0.5209332273885525,1365
2167,1370.0876891251335,0.5209332273885525,1365
2168,1370.0876891251335,0.5209332273885525,1365
2169,1370.0876891251335,0.5209332273885525,1365
2170,1370.0876891251335,0.5209332273885525,1365
2171,1370.0876891251335,0.5209332273885525,1365
2172,1370.0876891251335,0.5209332273885525,1365
2173,1370.0876891251335,0.5209332273885525,1365
2174,1370.0876891251335,0.5209332273885525,1365
2175,1370.0876891251335,0.5209332273885525,1365
2176,1370.0876891251335,0.5209332273885525,1365
2177,1370.0876891251335,0.5209332273885525,1365
2178,1370.0876891251335,0.5209332273885525,1365
2179,1370.0876891251335,0.5209332273885525,1365
2180,1370.0876891251335,0.5209332273885525,1365
2181,1370.0876891251335,0.5209332273885525,1365
2182,1370.0876891251335,0.5209332273885525,1365
2183,1370.0876891251335,0.5209332273885525,1365
2184,1370.0876891251335,0.5209332273885525,1365
2185,1370.0876891251335,0.5209332273885525,1365
2186,1370.0876891251335,0.5209332273885525,1365
2187,1370.0876891251335,0.5209332273885525,1365
2188,1370.0876891251335,0.5209332273885525,1365
2189,1370.0876891251335,0.5209332273885525,1365
2190,1370.0876891251335,0.5209332273885525,1365
2191,1370.0876891251335,0.5209332273885525,1365
2192,1370.0876891251335,0.5209332273885525,1365
2193,1370.0876891251335,0.5209332273885525,1365
2194,1370.0876891251335,0.5209332273885525,1365
2195,1370.0876891251335,0.5209332273885525,1365
2196,1370.0876891251335,0.5209332273885525,1365
2197,1370.0876891251335,0.5209332273885525,1365
2198,1370.0876891251335,0.5209332273885525,1365
2199,1370.0876891251335,0.5209332273885525,1365
2200,1370.0876891251335,0.5209332273885525,1365
2201,1370.0876891251335,0.5209332273885525,1365
2202,1370.0876891251335,0.5209332273885525,1365
2203,1370.0876891251335,0.5209332273885525,1365
2204,1370.0876891251335,0.5209332273885525,1365
2205,1370.0876891251335,0.5209332273885525,1365
2206,1370.0876891251335,0.5209332273885525,1365
2207,1370.0876891251335,0.5209332273885525,1365
2208,1370.0876891251335,0.5209332273885525,1365
2209,1370.0876891251335,0.5209332273885525,1365
2210,1370.0876891251335,0.5209332273885525,1365
2211,1370.0876891251335,0.5209332273885525,1365
2212,1370.0876891251335,0.5209332273885525,1365
2213,1370.0876891251335,0.5209332273885525,1365
2214,1370.0876891251335,0.5209332273885525,1365
2215,1370.0876891251335,0.5209332273885525,1365
2216,1370.0876891251335,0.5209332273885525,1365
2217,1370.0876891251335,0.5209332273885525,1365
2218,1370.0876891251335,0.5209332273885525,1365
2219,1370.0876891251335,0.5209332273885525,1365
2220,1370.0876891251335,0.5209332273885525,1365
2221,1370.0876891251335,0.5209332273885525,1365
2222,1370.0876891251335,0.5209332273885525,1365
2223,1370.0876891251335,0.5209332273885525,1365
2224,1370.0876891251335,0.5209332273885525,1365
2225,1370.0876891251335,0.5209332273885525,1365
2226,1370.0876891251335,0.5209332273885525,1365
2227,1370.0876891251335,0.5209332273885525,1365
2228,1370.0876891251335,0.5209332273885525,1365
2229,1370.0876891251335,0.5209332273885525,1365
2230,1370.0876891251335,0.5209332273885525,1365
2231,1370.0876891251335,0.5209332273885525,1365
2232,1370.0876891251335,0.5209332273885525,1365
2233,1370.0876891251335,0.5209332273885525,1365
2234,1370.0876891251335,0.5209332273885525,1365
2235,1370.0876891251335,0.5209332273885525,1365
2236,1370.0876891251335,0.5209332273885525,1365
2237,1370.0876891251335,0.5209332273885525,1365
2238,1370.0876891251335,0.5209332273885525,1365
2239,1370.0876891251335,0.5209332273885525,1365
2240,1370.0876891251335,0.5209332273885525,1365
2241,1370.0876891251335,0.5209332273885525,1365
2242,1370.0876891251335,0.5209332273885525,1365
2243,1370.0876891251335,0.5209332273885525,1365
2244,1370.0876891251335,0.5209332273885525,1365
2245,1370.0876891251335,0.5209332273885525,1365
2246,1370.0876891251335,0.5209332273885525,1365
2247,1370.0876891251335,0.5209332273885525,1365
2248,1370.0876891251335,0.5209332273885525,1365
2249,1370.1038641288985,0.5194101573541883,1365
2250,1370.1038641288985,0.5194101573541883,1365
2251,1370.1038641288985,0.5194101573541883,1365
2252,1370.1038641288985,0.5194101573541883,1365
2253,1370.1038641288985,0.5194101573541883,1365
2254,1370.1038641288985,0.5194101573541883,1365
2255,1370.1038641288985,0.5194101573541883,1365
2256,1370.1038641288985,0.5194101573541883,1365
2257,1370.1038641288985,0.5194101573541883,1365
2258,1370.1038641288985,0.5194101573541883,1365
2259,1370.1038641288985,0.5194101573541883,1365
2260,1370.1038641288985,0.5194101573541883,1365
2261,1370.1038641288985,0.5194101573541883,1365
2262,1370.1038641288985,0.5194101573541883,1365
2263,1370.1038641288985,0.5194101573541883,1365
2264,1370.1038641288985,0.5194101573541883,1365
2265,1370.1038641288985,0.5194101573541883,1365
2266,1370.1038641288985,0.5194101573541883,1365
2267,1370.1038641288985,0.5194101573541883,1365
2268,1370.1038641288985,0.5194101573541883,1365
2269,1370.1038641288985,0.5194101573541883,1365
2270,1370.1038641288985,0.5194101573541883,1365
2271,1370.1038641288985,0.5194101573541883,1365
2272,1370.1038641288985,0.5194101573541883,1365
2273,1370.1038641288985,0.5194101573541883,1365
2274,1387.9939735681892,0.529757667778794,1383
2275,1370.1038641288985,0.5194101573541883,1365
2276,1370.1038641288985,0.5194101573541883,1365
2277,1370.1038641288985,0.5194101573541883,1365
2278,1370.1038641288985,0.5194101573541883,1365
2279,1370.1038641288985,0.5194101573541883,1365
2280,1370.1038641288985,0.5194101573541883,1365
2281,1370.1038641288985,0.5194101573541883,1365
2282,1370.1038641288985,0.5194101573541883,1365
2283,1370.1038641288985,0.5194101573541883,1365
2284,1370.1038641288985,0.5194101573541883,1365
2285,1370.1038641288985,0.5194101573541883,1365
2286,1370.1038641288985,0.5194101573541883,1365
2287,1370.1038641288985,0.5194101573541883,1365
2288,1370.1038641288985,0.5194101573541883,1365
2289,1370.1038641288985,0.5194101573541883,1365
2290,1370.1038641288985,0.5194101573541883,1365
2291,1370.1038641288985,0.5194101573541883,1365
2292,1370.1038641288985,0.5194101573541883,1365
2293,1370.1038641288985,0.5194101573541883,1365
2294,1370.1038641288985,0.5194101573541883,1365
2295,1370.1038641288985,0.5194101573541883,1365
2296,1370.1038641288985,0.5194101573541883,1365
2297,1370.1038641288985,0.5194101573541883,1365
2298,1370.1038641288985,0.5194101573541883,1365
2299,1370.1038641288985,0.5194101573541883,1365
2300,1370.1038641288985,0.5194101573541883,1365
2301,1370.1038641288985,0.5194101573541883,1365
2302,1370.1038641288985,0.5194101573541883,1365
2303,1370.1038641288985,0.5194101573541883,1365
2304,1370.0470532858149,0.5247595776068783,1365
2305,1370.0470532858149,0.5247595776068783,1365
2306,1376.96674759769,0.5323213184849187,1372
2307,1376.96674759769,0.5323213184849187,1372
2308,1376.96674759769,0.5323213184849187,1372
2309,1376.96674759769,0.5323213184849187,1372
2310,1376.96674759769,0.5323213184849187,1372
2311,1376.96674759769,0.5323213184849187,1372
2312,1376.96674759769,0.5323213184849187,1372
2313,1376.96674759769,0.5323213184849187,1372
2314,1376.96674759769,0.5323213184849187,1372
2315,1376.96674759769,0.5323213184849187,1372
2316,1376.96674759769,0.5323213184849187,1372
2317,1376.96674759769,0.5323213184849187,1372
2318,1376.96674759769,0.5323213184849187,1372
2319,1376.96674759769,0.5323213184849187,1372
2320,1376.96674759769,0.5323213184849187,1372
2321,1376.96674759769,0.5323213184849187,1372
2322,1375.9911294631452,0.5300254742801133,1371
2323,1375.9911294631452,0.5300254742801133,1371
2324,1375.9911294631452,0.5300254742801133,1371
2325,1375.9911294631452,0.5300254742801133,1371
2326,1375.9911294631452,0.5300254742801133,1371
2327,1375.9911294631452,0.5300254742801133,1371
2328,1375.9911294631452,0.5300254742801133,1371
2329,1361.1024702866675,0.5195414042685932,1356
2330,1361.1024702866675,0.5195414042685932,1356
2331,1361.1024702866675,0.5195414042685932,1356
2332,1361.1024702866675,0.5195414042685932,1356
2333,1361.1024702866675,0.5195414042685932,1356
2334,1361.1024702866675,0.5195414042685932,1356
2335,1361.1024702866675,0.5195414042685932,1356
2336,1361.1024702866675,0.5195414042685932,1356
2337,1361.1024702866675,0.5195414042685932,1356
2338,1361.1024702866675,0.5195414042685932,1356
2339,1361.1024702866675,0.5195414042685932,1356
2340,1361.1024702866675,0.5195414042685932,1356
2341,1361.1024702866675,0.5195414042685932,1356
2342,1361.1024702866675,0.5195414042685932,1356
2343,1361.1024702866675,0.5195414042685932,1356
2344,1361.1024702866675,0.5195414042685932,1356
2345,1361.1024702866675,0.5195414042685932,1356
2346,1361.1024702866675,0.5195414042685932,1356
2347,1361.1024702866675,0.5195414042685932,1356
2348,1361.1024702866675,0.5195414042685932,1356
2349,1361.1024702866675,0.5195414042685932,1356
2350,1361.1024702866675,0.5195414042685932,1356
2351,1361.1024702866675,0.5195414042685932,1356
2352,1361.1024702866675,0.5195414042685932,1356
2353,1361.1024702866675,0.5195414042685932,1356
2354,1361.1024702866675,0.5195414042685932,1356
2355,1361.1024702866675,0.5195414042685932,1356
2356,1361.1024702866675,0.5195414042685932,1356
2357,1361.1024702866675,0.5195414042685932,1356
2358,1361.1024702866675,0.5195414042685932,1356
2359,1361.1024702866675,0.5195414042685932,1356
2360,1361.1024702866675,0.5195414042685932,1356
2361,1361.1024702866675,0.5195414042685932,1356
2362,1361.1024702866675,0.5195414042685932,1356
2363,1361.1024702866675,0.5195414042685932,1356
2364,1361.1024702866675,0.5195414042685932,1356
2365,1361.1024702866675,0.5195414042685932,1356
2366,1361.1024702866675,0.5195414042685932,1356
2367,1361.1024702866675,0.5195414042685932,1356
2368,1361.1024702866675,0.5195414042685932,1356
2369,1361.1024702866675,0.5195414042685932,1356
2370,1361.1024702866675,0.5195414042685932,1356
2371,1361.1024702866675,0.5195414042685932,1356
2372,1361.1024702866675,0.5195414042685932,1356
2373,1361.1024702866675,0.5195414042685932,1356
2374,1361.1024702866675,0.5195414042685932,1356
2375,1361.1024702866675,0.5195414042685932,1356
2376,1361.1024702866675,0.5195414042685932,1356
2377,1361.1024702866675,0.5195414042685932,1356
2378,1361.1024702866675,0.5195414042685932,1356
2379,1361.1024702866675,0.5195414042685932,1356
2380,1361.1024702866675,0.5195414042685932,1356
2381,1361.1024702866675,0.5195414042685932,1356
2382,1361.1024702866675,0.5195414042685932,1356
2383,1361.1024702866675,0.5195414042685932,1356
2384,1361.1024702866675,0.5195414042685932,1356
2385,1361.1024702866675,0.5195414042685932,1356
2386,1361.1024702866675,0.5195414042685932,1356
2387,1361.1024702866675,0.5195414042685932,1356
2388,1361.1024702866675,0.5195414042685932,1356
2389,1361.1024702866675,0.5195414042685932,1356
2390,1361.1024702866675,0.5195414042685932,1356
2391,1361.1024702866675,0.5195414042685932,1356
2392,1361.1024702866675,0.5195414042685932,1356
2393,1361.1024702866675,0.5195414042685932,1356
2394,1361.1024702866675,0.5195414042685932,1356
2395,1361.1024702866675,0.5195414042685932,1356
2396,1361.1024702866675,0.5195414042685932,1356
2397,1361.1024702866675,0.5195414042685932,1356
2398,1361.1024702866675,0.5195414042685932,1356
2399,1361.1024702866675,0.5195414042685932,1356
2400,1361.1024702866675,0.5195414042685932,1356
2401,1361.1024702866675,0.5195414042685932,1356
2402,1361.1024702866675,0.5195414042685932,1356
2403,1361.1024702866675,0.5195414042685932,1356
2404,1361.1024702866675,0.5195414042685932,1356
2405,1361.1024702866675,0.5195414042685932,1356
2406,1361.1024702866675,0.5195414042685932,1356
2407,1361.0861838346648,0.5210749684872997,1356
2408,1361.0861838346648,0.5210749684872997,1356
2409,1361.0861838346648,0.5210749684872997,1356
2410,1361.0861838346648,0.5210749684872997,1356
2411,1361.0861838346648,0.5210749684872997,1356
2412,1361.0861838346648,0.5210749684872997,1356
2413,1361.0861838346648,0.5210749684872997,1356
2414,1361.0861838346648,0.5210749684872997,1356
2415,1361.0861838346648,0.5210749684872997,1356
2416,1361.0861838346648,0.5210749684872997,1356
2417,1361.0861838346648,0.5210749684872997,1356
2418,1361.0861838346648,0.5210749684872997,1356
2419,1361.0861838346648,0.5210749684872997,1356
2420,1361.0861838346648,0.5210749684872997,1356
2421,1361.0861838346648,0.5210749684872997,1356
2422,1361.0861838346648,0.5210749684872997,1356
2423,1361.0861838346648,0.5210749684872997,1356
2424,1361.0861838346648,0.5210749684872997,1356
2425,1361.0861838346648,0.5210749684872997,1356
2426,1361.0861838346648,0.5210749684872997,1356
2427,1361.0861838346648,0.5210749684872997,1356
2428,1361.0861838346648,0.5210749684872997,1356
2429,1361.0861838346648,0.5210749684872997,1356
2430,1361.0861838346648,0.5210749684872997,1356
2431,1361.0861838346648,0.5210749684872997,1356
2432,1361.0861838346648,0.5210749684872997,1356
2433,1361.0861838346648,0.5210749684872997,1356
2434,1361.0861838346648,0.5210749684872997,1356
2435,1361.0861838346648,0.5210749684872997,1356
2436,1361.0861838346648,0.5210749684872997,1356
2437,1361.0861838346648,0.5210749684872997,1356
2438,1361.0861838346648,0.5210749684872997,1356
2439,1361.0861838346648,0.5210749684872997,1356
2440,1361.0861838346648,0.5210749684872997,1356
2441,1361.0861838346648,0.5210749684872997,1356
2442,1361.0861838346648,0.5210749684872997,1356
2443,1361.0861838346648,0.5210749684872997,1356
2444,1361.0861838346648,0.5210749684872997,1356
2445,1361.0861838346648,0.5210749684872997,1356
2446,1361.0861838346648,0.5210749684872997,1356
2447,1361.0861838346648,0.5210749684872997,1356
2448,1361.0861838346648,0.5210749684872997,1356
2449,1361.0861838346648,0.5210749684872997,1356
2450,1361.0861838346648,0.5210749684872997,1356
2451,1361.0861838346648,0.5210749684872997,1356
2452,1361.1024702866675,0.5195414042685932,1356
2453,1361.1024702866675,0.5195414042685932,1356
2454,1361.1024702866675,0.5195414042685932,1356
2455,1361.1024702866675,0.5195414042685932,1356
2456,1361.1024702866675,0.5195414042685932,1356
2457,1361.1024702866675,0.5195414042685932,1356
2458,1361.1024702866675,0.5195414042685932,1356
2459,1361.1024702866675,0.5195414042685932,1356
2460,1361.1024702866675,0.5195414042685932,1356
2461,1361.1024702866675,0.5195414042685932,1356
2462,1361.1024702866675,0.5195414042685932,1356
2463,1361.1024702866675,0.5195414042685932,1356
2464,1361.1024702866675,0.5195414042685932,1356
2465,1361.1024702866675,0.5195414042685932,1356
2466,1361.1024702866675,0.5195414042685932,1356
2467,1361.1024702866675,0.5195414042685932,1356
2468,1361.1024702866675,0.5195414042685932,1356
2469,1361.1024702866675,0.5195414042685932,1356
2470,1361.1024702866675,0.5195414042685932,1356
2471,1361.1024702866675,0.5195414042685932,1356
2472,1361.1024702866675,0.5195414042685932,1356
2473,1361.1024702866675,0.5195414042685932,1356
2474,1361.1024702866675,0.5195414042685932,1356
2475,1361.1024702866675,0.5195414042685932,1356
2476,1361.1024702866675,0.5195414042685932,1356
2477,1361.1024702866675,0.5195414042685932,1356
2478,1361.1024702866675,0.5195414042685932,1356
2479,1361.1024702866675,0.5195414042685932,1356
2480,1361.1024702866675,0.5195414042685932,1356
2481,1361.1024702866675,0.5195414042685932,1356
2482,1361.1024702866675,0.5195414042685932,1356
2483,1361.1024702866675,0.5195414042685932,1356
2484,1361.1024702866675,0.5195414042685932,1356
2485,1361.1024702866675,0.5195414042685932,1356
2486,1361.1024702866675,0.5195414042685932,1356
2487,1361.1024702866675,0.5195414042685932,1356
2488,1361.1024702866675,0.5195414042685932,1356
2489,1361.1024702866675,0.5195414042685932,1356
2490,1361.1024702866675,0.5195414042685932,1356
2491,1361.1024702866675,0.5195414042685932,1356
2492,1361.1024702866675,0.5195414042685932,1356
2493,1361.1024702866675,0.5195414042685932,1356
2494,1361.1024702866675,0.5195414042685932,1356
2495,1361.1024702866675,0.5195414042685932,1356
2496,1361.1024702866675,0.5195414042685932,1356
2497,1361.1024702866675,0.5195414042685932,1356
2498,1361.1024702866675,0.5195414042685932,1356
2499,1361.1024702866675,0.5195414042685932,1356
2500,1361.1024702866675,0.5195414042685932,1356
2501,1361.1024702866675,0.5195414042685932,1356
2502,1361.1024702866675,0.5195414042685932,1356
2503,1361.1024702866675,0.5195414042685932,1356
2504,1361.1024702866675,0.5195414042685932,1356
2505,1361.1024702866675,0.5195414042685932,1356
2506,1361.1024702866675,0.5195414042685932,1356
2507,1360.1428600104382,0.5157382287722957,1355
2508,1360.1428600104382,0.5157382287722957,1355
2509,1360.1428600104382,0.5157382287722957,1355
2510,1360.1428600104382,0.5157382287722957,1355
2511,1360.1428600104382,0.5157382287722957,1355
2512,1360.1428600104382,0.5157382287722957,1355
2513,1360.1428600104382,0.5157382287722957,1355
2514,1360.1428600104382,0.5157382287722957,1355
2515,1360.1428600104382,0.5157382287722957,1355
2516,1360.1428600104382,0.5157382287722957,1355
2517,1360.1428600104382,0.5157382287722957,1355
2518,1360.1428600104382,0.5157382287722957,1355
2519,1360.1428600104382,0.5157382287722957,1355
2520,1360.1428600104382,0.5157382287722957,1355
2521,1360.1428600104382,0.5157382287722957,1355
2522,1360.1428600104382,0.5157382287722957,1355
2523,1360.1428600104382,0.5157382287722957,1355
2524,1360.1428600104382,0.5157382287722957,1355
2525,1360.1428600104382,0.5157382287722957,1355
2526,1360.1428600104382,0.5157382287722957,1355
2527,1360.1428600104382,0.5157382287722957,1355
2528,1360.1428600104382,0.5157382287722957,1355
2529,1360.1428600104382,0.5157382287722957,1355
2530,1360.1428600104382,0.5157382287722957,1355
2531,1360.1428600104382,0.5157382287722957,1355
2532,1360.1428600104382,0.5157382287722957,1355
2533,1360.1428600104382,0.5157382287722957,1355
2534,1360.1428600104382,0.5157382287722957,1355
2535,1360.1428600104382,0.5157382287722957,1355
2536,1360.1428600104382,0.5157382287722957,1355
2537,1360.1428600104382,0.5157382287722957,1355
2538,1360.1428600104382,0.5157382287722957,1355
2539,1360.1428600104382,0.5157382287722957,1355
2540,1360.1428600104382,0.5157382287722957,1355
2541,1360.1428600104382,0.5157382287722957,1355
2542,1360.1428600104382,0.5157382287722957,1355
2543,1360.1428600104382,0.5157382287722957,1355
2544,1360.1428600104382,0.5157382287722957,1355
2545,1360.1428600104382,0.5157382287722957,1355
2546,1360.1428600104382,0.5157382287722957,1355
2547,1360.1428600104382,0.5157382287722957,1355
2548,1360.1428600104382,0.5157382287722957,1355
2549,1360.1428600104382,0.5157382287722957,1355
2550,1360.1428600104382,0.5157382287722957,1355
2551,1360.1428600104382,0.5157382287722957,1355
2552,1360.1428600104382,0.5157382287722957,1355
2553,1360.1428600104382,0.5157382287722957,1355
2554,1360.1428600104382,0.5157382287722957,1355
2555,1360.1428600104382,0.5157382287722957,1355
2556,1360.1428600104382,0.5157382287722957,1355
2557,1360.1428600104382,0.5157382287722957,1355
2558,1360.1428600104382,0.5157382287722957,1355
2559,1360.1428600104382,0.5157382287722957,1355
2560,1360.1428600104382,0.5157382287722957,1355
2561,1360.1428600104382,0.5157382287722957,1355
2562,1360.1428600104382,0.5157382287722957,1355
2563,1360.1428600104382,0.5157382287722957,1355
2564,1360.1428600104382,0.5157382287722957,1355
2565,1360.1428600104382,0.5157382287722957,1355
2566,1360.1428600104382,0.5157382287722957,1355
2567,1360.1428600104382,0.5157382287722957,1355
2568,1360.1428600104382,0.5157382287722957,1355
2569,1360.1428600104382,0.5157382287722957,1355
2570,1360.1428600104382,0.5157382287722957,1355
2571,1360.1428600104382,0.5157382287722957,1355
2572,1360.1428600104382,0.5157382287722957,1355
2573,1360.1428600104382,0.5157382287722957,1355
2574,1360.1428600104382,0.5157382287722957,1355
2575,1360.1428600104382,0.5157382287722957,1355
2576,1360.1428600104382,0.5157382287722957,1355
2577,1360.1428600104382,0.5157382287722957,1355
2578,1360.1428600104382,0.5157382287722957,1355
2579,1360.1428600104382,0.5157382287722957,1355
2580,1360.1428600104382,0.5157382287722957,1355
2581,1360.1428600104382,0.5157382287722957,1355
2582,1360.1428600104382,0.5157382287722957,1355
2583,1360.1428600104382,0.5157382287722957,1355
2584,1360.1428600104382,0.5157382287722957,1355
2585,1360.1428600104382,0.5157382287722957,1355
2586,1360.1428600104382,0.5157382287722957,1355
2587,1360.1428600104382,0.5157382287722957,1355
2588,1360.1428600104382,0.5157382287722957,1355
2589,1360.1428600104382,0.5157382287722957,1355
2590,1360.1428600104382,0.5157382287722957,1355
2591,1360.1428600104382,0.5157382287722957,1355
2592,1360.1428600104382,0.5157382287722957,1355
2593,1360.1428600104382,0.5157382287722957,1355
2594,1360.1428600104382,0.5157382287722957,1355
2595,1360.1428600104382,0.5157382287722957,1355
2596,1360.1428600104382,0.5157382287722957,1355
2597,1360.1428600104382,0.5157382287722957,1355
2598,1360.1428600104382,0.5157382287722957,1355
2599,1360.1428600104382,0.5157382287722957,1355
2600,1360.1428600104382,0.5157382287722957,1355
2601,1360.1428600104382,0.5157382287722957,1355
2602,1360.1428600104382,0.5157382287722957,1355
2603,1360.1428600104382,0.5157382287722957,1355
2604,1360.1428600104382,0.5157382287722957,1355
2605,1360.1428600104382,0.5157382287722957,1355
2606,1360.1428600104382,0.5157382287722957,1355
2607,1360.1428600104382,0.5157382287722957,1355
2608,1360.1428600104382,0.5157382287722957,1355
2609,1360.1428600104382,0.5157382287722957,1355
2610,1360.1428600104382,0.5157382287722957,1355
2611,1360.1428600104382,0.5157382287722957,1355
2612,1360.1428600104382,0.5157382287722957,1355
2613,1360.1428600104382,0.5157382287722957,1355
2614,1360.1428600104382,0.5157382287722957,1355
2615,1360.1428600104382,0.5157382287722957,1355
2616,1360.1428600104382,0.5157382287722957,1355
2617,1360.1428600104382,0.5157382287722957,1355
2618,1360.1428600104382,0.5157382287722957,1355
2619,1360.1428600104382,0.5157382287722957,1355
2620,1360.1428600104382,0.5157382287722957,1355
2621,1360.1428600104382,0.5157382287722957,1355
2622,1360.1428600104382,0.5157382287722957,1355
2623,1360.1428600104382,0.5157382287722957,1355
2624,1360.1428600104382,0.5157382287722957,1355
2625,1360.1428600104382,0.5157382287722957,1355
2626,1360.1428600104382,0.5157382287722957,1355
2627,1360.1428600104382,0.5157382287722957,1355
2628,1360.1428600104382,0.5157382287722957,1355
2629,1360.1428600104382,0.5157382287722957,1355
2630,1360.1428600104382,0.5157382287722957,1355
2631,1360.1428600104382,0.5157382287722957,1355
2632,1360.1428600104382,0.5157382287722957,1355
2633,1360.1428600104382,0.5157382287722957,1355
2634,1360.1428600104382,0.5157382287722957,1355
2635,1360.1428600104382,0.5157382287722957,1355
2636,1360.1428600104382,0.5157382287722957,1355
2637,1360.1428600104382,0.5157382287722957,1355
2638,1360.1428600104382,0.5157382287722957,1355
2639,1360.1428600104382,0.5157382287722957,1355
2640,1360.1428600104382,0.5157382287722957,1355
2641,1360.1428600104382,0.5157382287722957,1355
2642,1360.1428600104382,0.5157382287722957,1355
2643,1360.1428600104382,0.5157382287722957,1355
2644,1360.1428600104382,0.5157382287722957,1355
2645,1360.1428600104382,0.5157382287722957,1355
2646,1360.1428600104382,0.5157382287722957,1355
2647,1360.1428600104382,0.5157382287722957,1355
2648,1360.1428600104382,0.5157382287722957,1355
2649,1360.1428600104382,0.5157382287722957,1355
2650,1360.1428600104382,0.5157382287722957,1355
2651,1370.0470532858149,0.5247595776068783,1365
2652,1370.0470532858149,0.5247595776068783,1365
2653,1370.0470532858149,0.5247595776068783,1365
2654,1370.0470532858149,0.5247595776068783,1365
2655,1370.0470532858149,0.5247595776068783,1365
2656,1370.0470532858149,0.5247595776068783,1365
2657,1370.0470532858149,0.5247595776068783,1365
2658,1370.0470532858149,0.5247595776068783,1365
2659,1370.0470532858149,0.5247595776068783,1365
2660,1370.0470532858149,0.5247595776068783,1365
2661,1370.0470532858149,0.5247595776068783,1365
2662,1370.0470532858149,0.5247595776068783,1365
2663,1370.0470532858149,0.5247595776068783,1365
2664,1370.0470532858149,0.5247595776068783,1365
2665,1370.0470532858149,0.5247595776068783,1365
2666,1370.0470532858149,0.5247595776068783,1365
2667,1370.0470532858149,0.5247595776068783,1365
2668,1370.0470532858149,0.5247595776068783,1365
2669,1370.0470532858149,0.5247595776068783,1365
2670,1370.0470532858149,0.5247595776068783,1365
2671,1370.0470532858149,0.5247595776068783,1365
2672,1370.0470532858149,0.5247595776068783,1365
2673,1370.0470532858149,0.5247595776068783,1365
2674,1360.1023142513202,0.5195560968625011,1355
2675,1360.1023142513202,0.5195560968625011,1355
2676,1360.1023142513202,0.5195560968625011,1355
2677,1360.1023142513202,0.5195560968625011,1355
2678,1360.1023142513202,0.5195560968625011,1355
2679,1360.1023142513202,0.5195560968625011,1355
2680,1360.1023142513202,0.5195560968625011,1355
2681,1360.1023142513202,0.5195560968625011,1355
2682,1360.1023142513202,0.5195560968625011,1355
2683,1360.1023142513202,0.5195560968625011,1355
2684,1360.1428600104382,0.5157382287722957,1355
2685,1360.1428600104382,0.5157382287722957,1355
2686,1360.1428600104382,0.5157382287722957,1355
2687,1360.1428600104382,0.5157382287722957,1355
2688,1360.1428600104382,0.5157382287722957,1355
2689,1360.1428600104382,0.5157382287722957,1355
2690,1360.1428600104382,0.5157382287722957,1355
2691,1360.1428600104382,0.5157382287722957,1355
2692,1360.1428600104382,0.5157382287722957,1355
2693,1360.1428600104382,0.5157382287722957,1355
2694,1360.1428600104382,0.5157382287722957,1355
2695,1360.1428600104382,0.5157382287722957,1355
2696,1360.1428600104382,0.5157382287722957,1355
2697,1360.1428600104382,0.5157382287722957,1355
2698,1360.1428600104382,0.5157382287722957,1355
2699,1360.1428600104382,0.5157382287722957,1355
2700,1360.1428600104382,0.5157382287722957,1355
2701,1360.1428600104382,0.5157382287722957,1355
2702,1360.1428600104382,0.5157382287722957,1355
2703,1360.1428600104382,0.5157382287722957,1355
2704,1360.1428600104382,0.5157382287722957,1355
2705,1360.1428600104382,0.5157382287722957,1355
2706,1360.1428600104382,0.5157382287722957,1355
2707,1360.1428600104382,0.5157382287722957,1355
2708,1360.1428600104382,0.5157382287722957,1355
2709,1360.1428600104382,0.5157382287722957,1355
2710,1360.1428600104382,0.5157382287722957,1355
2711,1360.1428600104382,0.5157382287722957,1355
2712,1360.1428600104382,0.5157382287722957,1355
2713,1360.1428600104382,0.5157382287722957,1355
2714,1360.1428600104382,0.5157382287722957,1355
2715,1360.1428600104382,0.5157382287722957,1355
2716,1360.1428600104382,0.5157382287722957,1355
2717,1360.1428600104382,0.5157382287722957,1355
2718,1360.1428600104382,0.5157382287722957,1355
2719,1360.1428600104382,0.5157382287722957,1355
2720,1360.1428600104382,0.5157382287722957,1355
2721,1360.1428600104382,0.5157382287722957,1355
2722,1360.1428600104382,0.5157382287722957,1355
2723,1360.1428600104382,0.5157382287722957,1355
2724,1360.1428600104382,0.5157382287722957,1355
2725,1360.1428600104382,0.5157382287722957,1355
2726,1360.1428600104382,0.5157382287722957,1355
2727,1360.1428600104382,0.5157382287722957,1355
2728,1360.1428600104382,0.5157382287722957,1355
2729,1360.1428600104382,0.5157382287722957,1355
2730,1360.1428600104382,0.5157382287722957,1355
2731,1360.1428600104382,0.5157382287722957,1355
2732,1360.1428600104382,0.5157382287722957,1355
2733,1360.1428600104382,0.5157382287722957,1355
2734,1360.1428600104382,0.5157382287722957,1355
2735,1360.1428600104382,0.5157382287722957,1355
2736,1360.1428600104382,0.5157382287722957,1355
2737,1360.1428600104382,0.5157382287722957,1355
2738,1360.1428600104382,0.5157382287722957,1355
2739,1360.1428600104382,0.5157382287722957,1355
2740,1360.1428600104382,0.5157382287722957,1355
2741,1360.1428600104382,0.5157382287722957,1355
2742,1360.1428600104382,0.5157382287722957,1355
2743,1360.1428600104382,0.5157382287722957,1355
2744,1360.1428600104382,0.5157382287722957,1355
2745,1360.1428600104382,0.5157382287722957,1355
2746,1360.1428600104382,0.5157382287722957,1355
2747,1360.1428600104382,0.5157382287722957,1355
2748,1360.1428600104382,0.5157382287722957,1355
2749,1360.1428600104382,0.5157382287722957,1355
2750,1360.1428600104382,0.5157382287722957,1355
2751,1360.1428600104382,0.5157382287722957,1355
2752,1360.1428600104382,0.5157382287722957,1355
2753,1360.1428600104382,0.5157382287722957,1355
2754,1360.1428600104382,0.5157382287722957,1355
2755,1375.966489665708,0.5323456058655299,1371
2756,1375.966489665708,0.5323456058655299,1371
2757,1375.966489665708,0.5323456058655299,1371
2758,1375.966489665708,0.5323456058655299,1371
2759,1375.966489665708,0.5323456058655299,1371
2760,1375.966489665708,0.5323456058655299,1371
2761,1375.966489665708,0.5323456058655299,1371
2762,1375.966489665708,0.5323456058655299,1371
2763,1375.966489665708,0.5323456058655299,1371
2764,1375.966489665708,0.5323456058655299,1371
2765,1375.966489665708,0.5323456058655299,1371
2766,1368.1438558847121,0.5156444553001684,1363
2767,1368.1438558847121,0.5156444553001684,1363
2768,1368.1438558847121,0.5156444553001684,1363
2769,1368.1438558847121,0.5156444553001684,1363
2770,1368.1438558847121,0.5156444553001684,1363
2771,1368.1438558847121,0.5156444553001684,1363
2772,1368.1438558847121,0.5156444553001684,1363
2773,1368.1438558847121,0.5156444553001684,1363
2774,1368.1438558847121,0.5156444553001684,1363
2775,1368.1438558847121,0.5156444553001684,1363
2776,1368.1438558847121,0.5156444553001684,1363
2777,1368.1438558847121,0.5156444553001684,1363
2778,1368.1438558847121,0.5156444553001684,1363
2779,1368.1438558847121,0.5156444553001684,1363
2780,1368.1438558847121,0.5156444553001684,1363
2781,1368.1438558847121,0.5156444553001684,1363
2782,1368.1438558847121,0.5156444553001684,1363
2783,1368.1438558847121,0.5156444553001684,1363
2784,1368.1438558847121,0.5156444553001684,1363
2785,1368.1438558847121,0.5156444553001684,1363
2786,1368.1438558847121,0.5156444553001684,1363
2787,1368.1438558847121,0.5156444553001684,1363
2788,1368.1438558847121,0.5156444553001684,1363
2789,1368.1438558847121,0.5156444553001684,1363
2790,1368.1438558847121,0.5156444553001684,1363
2791,1368.1438558847121,0.5156444553001684,1363
2792,1368.1438558847121,0.5156444553001684,1363
2793,1368.1438558847121,0.5156444553001684,1363
2794,1368.1438558847121,0.5156444553001684,1363
2795,1368.1438558847121,0.5156444553001684,1363
2796,1368.1438558847121,0.5156444553001684,1363
2797,1368.1438558847121,0.5156444553001684,1363
2798,1368.1438558847121,0.5156444553001684,1363
2799,1368.1438558847121,0.5156444553001684,1363
2800,1368.1438558847121,0.5156444553001684,1363
2801,1368.1438558847121,0.5156444553001684,1363
2802,1368.1438558847121,0.5156444553001684,1363
2803,1368.1438558847121,0.5156444553001684,1363
2804,1368.1438558847121,0.5156444553001684,1363
2805,1368.1438558847121,0.5156444553001684,1363
2806,1368.1438558847121,0.5156444553001684,1363
2807,1368.1438558847121,0.5156444553001684,1363
2808,1368.1438558847121,0.5156444553001684,1363
2809,1368.1438558847121,0.5156444553001684,1363
2810,1368.1438558847121,0.5156444553001684,1363
2811,1368.1438558847121,0.5156444553001684,1363
2812,1368.1438558847121,0.5156444553001684,1363
2813,1368.1438558847121,0.5156444553001684,1363
2814,1368.1438558847121,0.5156444553001684,1363
2815,1368.1438558847121,0.5156444553001684,1363
2816,1368.1438558847121,0.5156444553001684,1363
2817,1368.1438558847121,0.5156444553001684,1363
2818,1368.1438558847121,0.5156444553001684,1363
2819,1368.1438558847121,0.5156444553001684,1363
2820,1368.1438558847121,0.5156444553001684,1363
2821,1368.1438558847121,0.5156444553001684,1363
2822,1368.1438558847121,0.5156444553001684,1363
2823,1368.1438558847121,0.5156444553001684,1363
2824,1368.1438558847121,0.5156444553001684,1363
2825,1368.1438558847121,0.5156444553001684,1363
2826,1368.1438558847121,0.5156444553001684,1363
2827,1368.1438558847121,0.5156444553001684,1363
2828,1368.1438558847121,0.5156444553001684,1363
2829,1368.1438558847121,0.5156444553001684,1363
2830,1368.1438558847121,0.5156444553001684,1363
2831,1368.1438558847121,0.5156444553001684,1363
2832,1368.1438558847121,0.5156444553001684,1363
2833,1368.1438558847121,0.5156444553001684,1363
2834,1368.1438558847121,0.5156444553001684,1363
2835,1368.1438558847121,0.5156444553001684,1363
2836,1368.1438558847121,0.5156444553001684,1363
2837,1368.1438558847121,0.5156444553001684,1363
2838,1368.1438558847121,0.5156444553001684,1363
2839,1368.1438558847121,0.5156444553001684,1363
2840,1368.1438558847121,0.5156444553001684,1363
2841,1368.1438558847121,0.5156444553001684,1363
2842,1368.1438558847121,0.5156444553001684,1363
2843,1368.1438558847121,0.5156444553001684,1363
2844,1368.1438558847121,0.5156444553001684,1363
2845,1368.1438558847121,0.5156444553001684,1363
2846,1368.1438558847121,0.5156444553001684,1363
2847,1368.1438558847121,0.5156444553001684,1363
2848,1368.1438558847121,0.5156444553001684,1363
2849,1368.1438558847121,0.5156444553001684,1363
2850,1368.1438558847121,0.5156444553001684,1363
2851,1368.1438558847121,0.5156444553001684,1363
2852,1368.1438558847121,0.5156444553001684,1363
2853,1368.1438558847121,0.5156444553001684,1363
2854,1368.1438558847121,0.5156444553001684,1363
2855,1375.966489665708,0.5323456058655299,1371
2856,1375.966489665708,0.5323456058655299,1371
2857,1375.966489665708,0.5323456058655299,1371
2858,1375.966489665708,0.5323456058655299,1371
2859,1375.966489665708,0.5323456058655299,1371
2860,1375.966489665708,0.5323456058655299,1371
2861,1375.966489665708,0.5323456058655299,1371
2862,1375.966489665708,0.5323456058655299,1371
2863,1375.966489665708,0.5323456058655299,1371
2864,1375.966489665708,0.5323456058655299,1371
2865,1375.966489665708,0.5323456058655299,1371
2866,1375.966489665708,0.5323456058655299,1371
2867,1375.966489665708,0.5323456058655299,1371
2868,1384.9932673046962,0.5298241709325617,1380
2869,1384.9932673046962,0.5298241709325617,1380
2870,1384.9932673046962,0.5298241709325617,1380
2871,1384.9932673046962,0.5298241709325617,1380
2872,1384.9932673046962,0.5298241709325617,1380
2873,1384.9932673046962,0.5298241709325617,1380
2874,1384.9932673046962,0.5298241709325617,1380
2875,1384.9932673046962,0.5298241709325617,1380
2876,1384.9932673046962,0.5298241709325617,1380
2877,1384.9932673046962,0.5298241709325617,1380
2878,1384.9932673046962,0.5298241709325617,1380
2879,1384.9932673046962,0.5298241709325617,1380
2880,1384.9932673046962,0.5298241709325617,1380
2881,1384.9932673046962,0.5298241709325617,1380
2882,1384.9932673046962,0.5298241709325617,1380
2883,1384.9932673046962,0.5298241709325617,1380
2884,1384.9932673046962,0.5298241709325617,1380
2885,1384.9932673046962,0.5298241709325617,1380
2886,1384.9932673046962,0.5298241709325617,1380
2887,1384.9932673046962,0.5298241709325617,1380
2888,1384.9932673046962,0.5298241709325617,1380
2889,1384.9932673046962,0.5298241709325617,1380
2890,1384.9932673046962,0.5298241709325617,1380
2891,1384.9932673046962,0.5298241709325617,1380
2892,1384.9932673046962,0.5298241709325617,1380
2893,1384.9932673046962,0.5298241709325617,1380
2894,1384.9932673046962,0.5298241709325617,1380
2895,1384.9932673046962,0.5298241709325617,1380
2896,1384.9932673046962,0.5298241709325617,1380
2897,1384.9932673046962,0.5298241709325617,1380
2898,1384.9932673046962,0.5298241709325617,1380
2899,1384.9932673046962,0.5298241709325617,1380
2900,1384.9932673046962,0.5298241709325617,1380
2901,1384.9932673046962,0.5298241709325617,1380
2902,1384.9932673046962,0.5298241709325617,1380
2903,1384.9932673046962,0.5298241709325617,1380
2904,1384.9932673046962,0.5298241709325617,1380
2905,1384.9932673046962,0.5298241709325617,1380
2906,1384.9932673046962,0.5298241709325617,1380
2907,1384.9932673046962,0.5298241709325617,1380
2908,1384.9932673046962,0.5298241709325617,1380
2909,1384.9932673046962,0.5298241709325617,1380
2910,1384.9932673046962,0.5298241709325617,1380
2911,1384.9932673046962,0.5298241709325617,1380
2912,1384.9932673046962,0.5298241709325617,1380
2913,1384.9932673046962,0.5298241709325617,1380
2914,1384.9932673046962,0.5298241709325617,1380
2915,1384.9932673046962,0.5298241709325617,1380
2916,1384.9932673046962,0.5298241709325617,1380
2917,1384.9932673046962,0.5298241709325617,1380
2918,1384.9932673046962,0.5298241709325617,1380
2919,1369.0875228708392,0.5209488822185386,1364
2920,1369.0875228708392,0.5209488822185386,1364
2921,1369.0875228708392,0.5209488822185386,1364
2922,1369.0875228708392,0.5209488822185386,1364
2923,1369.0875228708392,0.5209488822185386,1364
2924,1369.0875228708392,0.5209488822185386,1364
2925,1369.0875228708392,0.5209488822185386,1364
2926,1369.0875228708392,0.5209488822185386,1364
2927,1369.0875228708392,0.5209488822185386,1364
2928,1369.0875228708392,0.5209488822185386,1364
2929,1369.0875228708392,0.5209488822185386,1364
2930,1369.0875228708392,0.5209488822185386,1364
2931,1369.0875228708392,0.5209488822185386,1364
2932,1369.0875228708392,0.5209488822185386,1364
2933,1369.0875228708392,0.5209488822185386,1364
2934,1369.0875228708392,0.5209488822185386,1364
2935,1369.0875228708392,0.5209488822185386,1364
2936,1369.0875228708392,0.5209488822185386,1364
2937,1369.0875228708392,0.5209488822185386,1364
2938,1369.0875228708392,0.5209488822185386,1364
2939,1369.0875228708392,0.5209488822185386,1364
2940,1369.0875228708392,0.5209488822185386,1364
2941,1369.0875228708392,0.5209488822185386,1364
2942,1369.0875228708392,0.5209488822185386,1364
2943,1369.0875228708392,0.5209488822185386,1364
2944,1369.0875228708392,0.5209488822185386,1364
2945,1369.0875228708392,0.5209488822185386,1364
2946,1369.0875228708392,0.5209488822185386,1364
2947,1369.0875228708392,0.5209488822185386,1364
2948,1369.0875228708392,0.5209488822185386,1364
2949,1369.0875228708392,0.5209488822185386,1364
2950,1369.0875228708392,0.5209488822185386,1364
2951,1369.0875228708392,0.5209488822185386,1364
2952,1369.0875228708392,0.5209488822185386,1364
2953,1369.0875228708392,0.5209488822185386,1364
2954,1369.0875228708392,0.5209488822185386,1364
2955,1369.0875228708392,0.5209488822185386,1364
2956,1369.0875228708392,0.5209488822185386,1364
2957,1369.0875228708392,0.5209488822185386,1364
2958,1369.0875228708392,0.5209488822185386,1364
2959,1369.0875228708392,0.5209488822185386,1364
2960,1369.0875228708392,0.5209488822185386,1364
2961,1369.0875228708392,0.5209488822185386,1364
2962,1369.0875228708392,0.5209488822185386,1364
2963,1369.0875228708392,0.5209488822185386,1364
2964,1369.0875228708392,0.5209488822185386,1364
2965,1369.0875228708392,0.5209488822185386,1364
2966,1369.0875228708392,0.5209488822185386,1364
2967,1369.0875228708392,0.5209488822185386,1364
2968,1369.0875228708392,0.5209488822185386,1364
2969,1369.0875228708392,0.5209488822185386,1364
2970,1369.0875228708392,0.5209488822185386,1364
2971,1369.0875228708392,0.5209488822185386,1364
2972,1368.1035560060282,0.5194391708071321,1363
2973,1368.1035560060282,0.5194391708071321,1363
2974,1368.1035560060282,0.5194391708071321,1363
2975,1368.1035560060282,0.5194391708071321,1363
2976,1368.1035560060282,0.5194391708071321,1363
2977,1368.1035560060282,0.5194391708071321,1363
2978,1368.1035560060282,0.5194391708071321,1363
2979,1368.1035560060282,0.5194391708071321,1363
2980,1368.1035560060282,0.5194391708071321,1363
2981,1368.1035560060282,0.5194391708071321,1363
2982,1368.1035560060282,0.5194391708071321,1363
2983,1368.1035560060282,0.5194391708071321,1363
2984,1368.1035560060282,0.5194391708071321,1363
2985,1368.1035560060282,0.5194391708071321,1363
2986,1368.1035560060282,0.5194391708071321,1363
2987,1368.1035560060282,0.5194391708071321,1363
2988,1368.1035560060282,0.5194391708071321,1363
2989,1368.1035560060282,0.5194391708071321,1363
2990,1368.1035560060282,0.5194391708071321,1363
2991,1368.1035560060282,0.5194391708071321,1363
2992,1368.1035560060282,0.5194391708071321,1363
2993,1368.1035560060282,0.5194391708071321,1363
2994,1368.1035560060282,0.5194391708071321,1363
2995,1370.1441030021967,0.5156211862338296,1365
2996,1370.1441030021967,0.5156211862338296,1365
2997,1370.1441030021967,0.5156211862338296,1365
2998,1370.1441030021967,0.5156211862338296,1365
2999,1370.1441030021967,0.5156211862338296,1365
3000,1370.1441030021967,0.5156211862338296,1365
3001,1370.1441030021967,0.5156211862338296,1365
3002,1370.1441030021967,0.5156211862338296,1365
3003,1370.1441030021967,0.5156211862338296,1365
3004,1370.1441030021967,0.5156211862338296,1365
3005,1370.1441030021967,0.5156211862338296,1365
3006,1370.1441030021967,0.5156211862338296,1365
3007,1370.1441030021967,0.5156211862338296,1365
3008,1370.1441030021967,0.5156211862338296,1365
3009,1370.1441030021967,0.5156211862338296,1365
3010,1370.1441030021967,0.5156211862338296,1365
3011,1370.1441030021967,0.5156211862338296,1365
3012,1370.1441030021967,0.5156211862338296,1365
3013,1370.1441030021967,0.5156211862338296,1365
3014,1370.1441030021967,0.5156211862338296,1365
3015,1370.1441030021967,0.5156211862338296,1365
3016,1370.1441030021967,0.5156211862338296,1365
3017,1370.1441030021967,0.5156211862338296,1365
3018,1370.1441030021967,0.5156211862338296,1365
3019,1370.1441030021967,0.5156211862338296,1365
3020,1370.1441030021967,0.5156211862338296,1365
3021,1370.1441030021967,0.5156211862338296,1365
3022,1370.1441030021967,0.5156211862338296,1365
3023,1370.1441030021967,0.5156211862338296,1365
3024,1370.1441030021967,0.5156211862338296,1365
3025,1370.1441030021967,0.5156211862338296,1365
3026,1370.1441030021967,0.5156211862338296,1365
3027,1370.1441030021967,0.5156211862338296,1365
3028,1370.1441030021967,0.5156211862338296,1365
3029,1370.1441030021967,0.5156211862338296,1365
3030,1370.1441030021967,0.5156211862338296,1365
3031,1370.1441030021967,0.5156211862338296,1365
3032,1370.1441030021967,0.5156211862338296,1365
3033,1370.1441030021967,0.5156211862338296,1365
3034,1370.1441030021967,0.5156211862338296,1365
3035,1370.1441030021967,0.5156211862338296,1365
3036,1370.1441030021967,0.5156211862338296,1365
3037,1370.1441030021967,0.5156211862338296,1365
3038,1370.1441030021967,0.5156211862338296,1365
3039,1370.1441030021967,0.5156211862338296,1365
3040,1370.1441030021967,0.5156211862338296,1365
3041,1370.1441030021967,0.5156211862338296,1365
3042,1370.1441030021967,0.5156211862338296,1365
3043,1370.1441030021967,0.5156211862338296,1365
3044,1370.1441030021967,0.5156211862338296,1365
3045,1370.1441030021967,0.5156211862338296,1365
3046,1370.1441030021967,0.5156211862338296,1365
3047,1370.1441030021967,0.5156211862338296,1365
3048,1370.1441030021967,0.5156211862338296,1365
3049,1370.1441030021967,0.5156211862338296,1365
3050,1370.1441030021967,0.5156211862338296,1365
3051,1370.1441030021967,0.5156211862338296,1365
3052,1370.1441030021967,0.5156211862338296,1365
3053,1370.1441030021967,0.5156211862338296,1365
3054,1370.1441030021967,0.5156211862338296,1365
3055,1370.1441030021967,0.5156211862338296,1365
3056,1370.1441030021967,0.5156211862338296,1365
3057,1370.1441030021967,0.5156211862338296,1365
3058,1370.1441030021967,0.5156211862338296,1365
3059,1370.1441030021967,0.5156211862338296,1365
3060,1370.1441030021967,0.5156211862338296,1365
3061,1370.1441030021967,0.5156211862338296,1365
3062,1370.1441030021967,0.5156211862338296,1365
3063,1370.1441030021967,0.5156211862338296,1365
3064,1370.1441030021967,0.5156211862338296,1365
3065,1370.1441030021967,0.5156211862338296,1365
3066,1370.1441030021967,0.5156211862338296,1365
3067,1370.1441030021967,0.5156211862338296,1365
3068,1370.1441030021967,0.5156211862338296,1365
3069,1370.1441030021967,0.5156211862338296,1365
3070,1370.1441030021967,0.5156211862338296,1365
3071,1370.1441030021967,0.5156211862338296,1365
3072,1370.1441030021967,0.5156211862338296,1365
3073,1370.1441030021967,0.5156211862338296,1365
3074,1375.966489665708,0.5323456058655299,1371
3075,1375.966489665708,0.5323456058655299,1371
3076,1368.1035560060282,0.5194391708071321,1363
3077,1368.1035560060282,0.5194391708071321,1363
3078,1368.1035560060282,0.5194391708071321,1363
3079,1368.1035560060282,0.5194391708071321,1363
3080,1368.1035560060282,0.5194391708071321,1363
3081,1368.1035560060282,0.5194391708071321,1363
3082,1368.1035560060282,0.5194391708071321,1363
3083,1368.1035560060282,0.5194391708071321,1363
3084,1368.1035560060282,0.5194391708071321,1363
3085,1368.1035560060282,0.5194391708071321,1363
3086,1368.1035560060282,0.5194391708071321,1363
3087,1368.1035560060282,0.5194391708071321,1363
3088,1368.1035560060282,0.5194391708071321,1363
3089,1368.1035560060282,0.5194391708071321,1363
3090,1368.1035560060282,0.5194391708071321,1363
3091,1368.1035560060282,0.5194391708071321,1363
3092,1368.1035560060282,0.5194391708071321,1363
3093,1368.1035560060282,0.5194391708071321,1363
3094,1368.1035560060282,0.5194391708071321,1363
3095,1368.1035560060282,0.5194391708071321,1363
3096,1368.1035560060282,0.5194391708071321,1363
3097,1371.087855131243,0.5209175959281486,1366
3098,1371.087855131243,0.5209175959281486,1366
3099,1371.087855131243,0.5209175959281486,1366
3100,1371.087855131243,0.5209175959281486,1366
3101,1371.087855131243,0.5209175959281486,1366
3102,1371.087855131243,0.5209175959281486,1366
3103,1371.087855131243,0.5209175959281486,1366
3104,1371.087855131243,0.5209175959281486,1366
3105,1371.087855131243,0.5209175959281486,1366
3106,1371.087855131243,0.5209175959281486,1366
3107,1371.087855131243,0.5209175959281486,1366
3108,1371.087855131243,0.5209175959281486,1366
3109,1371.087855131243,0.5209175959281486,1366
3110,1371.087855131243,0.5209175959281486,1366
3111,1371.087855131243,0.5209175959281486,1366
3112,1371.087855131243,0.5209175959281486,1366
3113,1371.087855131243,0.5209175959281486,1366
3114,1368.1035560060282,0.5194391708071321,1363
3115,1368.1035560060282,0.5194391708071321,1363
3116,1368.1035560060282,0.5194391708071321,1363
3117,1368.1035560060282,0.5194391708071321,1363
3118,1368.1035560060282,0.5194391708071321,1363
3119,1368.1035560060282,0.5194391708071321,1363
3120,1368.1035560060282,0.5194391708071321,1363
3121,1368.1035560060282,0.5194391708071321,1363
3122,1368.1035560060282,0.5194391708071321,1363
3123,1368.1035560060282,0.5194391708071321,1363
3124,1368.1035560060282,0.5194391708071321,1363
3125,1368.1035560060282,0.5194391708071321,1363
3126,1368.1035560060282,0.5194391708071321,1363
3127,1368.1035560060282,0.5194391708071321,1363
3128,1368.1035560060282,0.5194391708071321,1363
3129,1368.1035560060282,0.5194391708071321,1363
3130,1368.1035560060282,0.5194391708071321,1363
3131,1368.1035560060282,0.5194391708071321,1363
3132,1371.087855131243,0.5209175959281486,1366
3133,1371.087855131243,0.5209175959281486,1366
3134,1371.087855131243,0.5209175959281486,1366
3135,1371.087855131243,0.5209175959281486,1366
3136,1371.087855131243,0.5209175959281486,1366
3137,1371.087855131243,0.5209175959281486,1366
3138,1371.087855131243,0.5209175959281486,1366
3139,1371.087855131243,0.5209175959281486,1366
3140,1371.087855131243,0.5209175959281486,1366
3141,1371.087855131243,0.5209175959281486,1366
3142,1371.087855131243,0.5209175959281486,1366
3143,1371.087855131243,0.5209175959281486,1366
3144,1371.087855131243,0.5209175959281486,1366
3145,1371.087855131243,0.5209175959281486,1366
3146,1371.087855131243,0.5209175959281486,1366
3147,1371.087855131243,0.5209175959281486,1366
3148,1371.087855131243,0.5209175959281486,1366
3149,1371.087855131243,0.5209175959281486,1366
3150,1371.087855131243,0.5209175959281486,1366
3151,1371.087855131243,0.5209175959281486,1366
3152,1371.087855131243,0.5209175959281486,1366
3153,1371.087855131243,0.5209175959281486,1366
3154,1371.087855131243,0.5209175959281486,1366
3155,1371.087855131243,0.5209175959281486,1366
3156,1371.087855131243,0.5209175959281486,1366
3157,1371.087855131243,0.5209175959281486,1366
3158,1371.087855131243,0.5209175959281486,1366
3159,1371.087855131243,0.5209175959281486,1366
3160,1371.087855131243,0.5209175959281486,1366
3161,1371.087855131243,0.5209175959281486,1366
3162,1371.087855131243,0.5209175959281486,1366
3163,1371.087855131243,0.5209175959281486,1366
3164,1371.087855131243,0.5209175959281486,1366
3165,1371.087855131243,0.5209175959281486,1366
3166,1371.087855131243,0.5209175959281486,1366
3167,1371.087855131243,0.5209175959281486,1366
3168,1371.087855131243,0.5209175959281486,1366
3169,1371.087855131243,0.5209175959281486,1366
3170,1371.087855131243,0.5209175959281486,1366
3171,1371.087855131243,0.5209175959281486,1366
3172,1371.087855131243,0.5209175959281486,1366
3173,1371.087855131243,0.5209175959281486,1366
3174,1371.087855131243,0.5209175959281486,1366
3175,1371.087855131243,0.5209175959281486,1366
3176,1371.087855131243,0.5209175959281486,1366
3177,1371.087855131243,0.5209175959281486,1366
3178,1371.087855131243,0.5209175959281486,1366
3179,1371.087855131243,0.5209175959281486,1366
3180,1371.087855131243,0.5209175959281486,1366
3181,1371.087855131243,0.5209175959281486,1366
3182,1371.087855131243,0.5209175959281486,1366
3183,1371.087855131243,0.5209175959281486,1366
3184,1371.087855131243,0.5209175959281486,1366
3185,1371.087855131243,0.5209175959281486,1366
3186,1371.087855131243,0.5209175959281486,1366
3187,1371.087855131243,0.5209175959281486,1366
3188,1371.087855131243,0.5209175959281486,1366
3189,1371.087855131243,0.5209175959281486,1366
3190,1371.087855131243,0.5209175959281486,1366
3191,1371.087855131243,0.5209175959281486,1366
3192,1371.087855131243,0.5209175959281486,1366
3193,1371.087855131243,0.5209175959281486,1366
3194,1371.087855131243,0.5209175959281486,1366
3195,1371.087855131243,0.5209175959281486,1366
3196,1371.087855131243,0.5209175959281486,1366
3197,1371.087855131243,0.5209175959281486,1366
3198,1371.087855131243,0.5209175959281486,1366
3199,1371.087855131243,0.5209175959281486,1366
3200,1371.087855131243,0.5209175959281486,1366
3201,1371.087855131243,0.5209175959281486,1366
3202,1371.087855131243,0.5209175959281486,1366
3203,1371.087855131243,0.5209175959281486,1366
3204,1371.087855131243,0.5209175959281486,1366
3205,1371.087855131243,0.5209175959281486,1366
3206,1371.087855131243,0.5209175959281486,1366
3207,1371.087855131243,0.5209175959281486,1366
3208,1371.087855131243,0.5209175959281486,1366
3209,1371.087855131243,0.5209175959281486,1366
3210,1371.087855131243,0.5209175959281486,1366
3211,1371.087855131243,0.5209175959281486,1366
3212,1371.087855131243,0.5209175959281486,1366
3213,1371.087855131243,0.5209175959281486,1366
3214,1371.087855131243,0.5209175959281486,1366
3215,1371.087855131243,0.5209175959281486,1366
3216,1371.087855131243,0.5209175959281486,1366
3217,1371.087855131243,0.5209175959281486,1366
3218,1371.087855131243,0.5209175959281486,1366
3219,1371.087855131243,0.5209175959281486,1366
3220,1371.087855131243,0.5209175959281486,1366
3221,1371.087855131243,0.5209175959281486,1366
3222,1371.087855131243,0.5209175959281486,1366
3223,1371.087855131243,0.5209175959281486,1366
3224,1371.087855131243,0.5209175959281486,1366
3225,1371.087855131243,0.5209175959281486,1366
3226,1371.087855131243,0.5209175959281486,1366
3227,1371.087855131243,0.5209175959281486,1366
3228,1371.087855131243,0.5209175959281486,1366
3229,1371.087855131243,0.5209175959281486,1366
3230,1371.087855131243,0.5209175959281486,1366
3231,1371.087855131243,0.5209175959281486,1366
3232,1371.087855131243,0.5209175959281486,1366
3233,1371.087855131243,0.5209175959281486,1366
3234,1371.087855131243,0.5209175959281486,1366
3235,1371.087855131243,0.5209175959281486,1366
3236,1371.087855131243,0.5209175959281486,1366
3237,1371.087855131243,0.5209175959281486,1366
3238,1371.087855131243,0.5209175959281486,1366
3239,1371.087855131243,0.5209175959281486,1366
3240,1371.087855131243,0.5209175959281486,1366
3241,1371.087855131243,0.5209175959281486,1366
3242,1371.087855131243,0.5209175959281486,1366
3243,1371.087855131243,0.5209175959281486,1366
3244,1371.087855131243,0.5209175959281486,1366
3245,1371.087855131243,0.5209175959281486,1366
3246,1371.087855131243,0.5209175959281486,1366
3247,1371.087855131243,0.5209175959281486,1366
3248,1371.087855131243,0.5209175959281486,1366
3249,1371.087855131243,0.5209175959281486,1366
3250,1371.087855131243,0.5209175959281486,1366
3251,1371.087855131243,0.5209175959281486,1366
3252,1371.087855131243,0.5209175959281486,1366
3253,1371.087855131243,0.5209175959281486,1366
3254,1371.087855131243,0.5209175959281486,1366
3255,1371.087855131243,0.5209175959281486,1366
3256,1371.087855131243,0.5209175959281486,1366
3257,1371.087855131243,0.5209175959281486,1366
3258,1371.087855131243,0.5209175959281486,1366
3259,1371.087855131243,0.5209175959281486,1366
3260,1371.087855131243,0.5209175959281486,1366
3261,1371.087855131243,0.5209175959281486,1366
3262,1371.087855131243,0.5209175959281486,1366
3263,1371.087855131243,0.5209175959281486,1366
3264,1371.087855131243,0.5209175959281486,1366
3265,1371.087855131243,0.5209175959281486,1366
3266,1371.087855131243,0.5209175959281486,1366
3267,1371.087855131243,0.5209175959281486,1366
3268,1371.087855131243,0.5209175959281486,1366
3269,1371.087855131243,0.5209175959281486,1366
3270,1371.087855131243,0.5209175959281486,1366
3271,1368.1035560060282,0.5194391708071321,1363
3272,1368.1035560060282,0.5194391708071321,1363
3273,1368.1035560060282,0.5194391708071321,1363
3274,1368.1035560060282,0.5194391708071321,1363
3275,1368.1035560060282,0.5194391708071321,1363
3276,1368.1035560060282,0.5194391708071321,1363
3277,1368.1035560060282,0.5194391708071321,1363
3278,1368.1035560060282,0.5194391708071321,1363
3279,1368.1035560060282,0.5194391708071321,1363
3280,1368.1035560060282,0.5194391708071321,1363
3281,1368.1035560060282,0.5194391708071321,1363
3282,1368.1035560060282,0.5194391708071321,1363
3283,1368.1035560060282,0.5194391708071321,1363
3284,1368.1035560060282,0.5194391708071321,1363
3285,1368.1035560060282,0.5194391708071321,1363
3286,1368.1035560060282,0.5194391708071321,1363
3287,1368.1035560060282,0.5194391708071321,1363
3288,1368.1035560060282,0.5194391708071321,1363
3289,1368.1035560060282,0.5194391708071321,1363
3290,1368.1035560060282,0.5194391708071321,1363
3291,1368.1035560060282,0.5194391708071321,1363
3292,1368.1035560060282,0.5194391708071321,1363
3293,1368.1035560060282,0.5194391708071321,1363
3294,1368.1035560060282,0.5194391708071321,1363
3295,1368.1035560060282,0.5194391708071321,1363
3296,1368.1035560060282,0.5194391708071321,1363
3297,1368.1035560060282,0.5194391708071321,1363
3298,1368.1035560060282,0.5194391708071321,1363
3299,1368.1035560060282,0.5194391708071321,1363
3300,1368.1035560060282,0.5194391708071321,1363
3301,1368.1035560060282,0.5194391708071321,1363
3302,1368.1035560060282,0.5194391708071321,1363
3303,1368.1035560060282,0.5194391708071321,1363
3304,1368.1035560060282,0.5194391708071321,1363
3305,1368.1035560060282,0.5194391708071321,1363
3306,1368.1035560060282,0.5194391708071321,1363
3307,1368.1035560060282,0.5194391708071321,1363
3308,1368.1035560060282,0.5194391708071321,1363
3309,1368.1035560060282,0.5194391708071321,1363
3310,1368.1035560060282,0.5194391708071321,1363
3311,1368.1035560060282,0.5194391708071321,1363
3312,1368.1035560060282,0.5194391708071321,1363
3313,1368.1035560060282,0.5194391708071321,1363
3314,1368.1035560060282,0.5194391708071321,1363
3315,1368.1035560060282,0.5194391708071321,1363
3316,1368.1035560060282,0.5194391708071321,1363
3317,1368.1035560060282,0.5194391708071321,1363
3318,1368.1035560060282,0.5194391708071321,1363
3319,1368.1035560060282,0.5194391708071321,1363
3320,1368.1035560060282,0.5194391708071321,1363
3321,1368.1035560060282,0.5194391708071321,1363
3322,1368.1035560060282,0.5194391708071321,1363
3323,1368.1035560060282,0.5194391708071321,1363
3324,1368.1035560060282,0.5194391708071321,1363
3325,1368.1035560060282,0.5194391708071321,1363
3326,1368.1035560060282,0.5194391708071321,1363
3327,1368.1035560060282,0.5194391708071321,1363
3328,1371.087855131243,0.5209175959281486,1366
3329,1371.087855131243,0.5209175959281486,1366
3330,1371.087855131243,0.5209175959281486,1366
3331,1371.087855131243,0.5209175959281486,1366
3332,1371.087855131243,0.5209175959281486,1366
3333,1371.087855131243,0.5209175959281486,1366
3334,1371.087855131243,0.5209175959281486,1366
3335,1371.087855131243,0.5209175959281486,1366
3336,1371.087855131243,0.5209175959281486,1366
3337,1371.087855131243,0.5209175959281486,1366
3338,1371.087855131243,0.5209175959281486,1366
3339,1371.087855131243,0.5209175959281486,1366
3340,1371.087855131243,0.5209175959281486,1366
3341,1371.087855131243,0.5209175959281486,1366
3342,1371.087855131243,0.5209175959281486,1366
3343,1371.087855131243,0.5209175959281486,1366
3344,1371.087855131243,0.5209175959281486,1366
3345,1371.087855131243,0.5209175959281486,1366
3346,1371.087855131243,0.5209175959281486,1366
3347,1371.087855131243,0.5209175959281486,1366
3348,1371.087855131243,0.5209175959281486,1366
3349,1371.087855131243,0.5209175959281486,1366
3350,1371.087855131243,0.5209175959281486,1366
3351,1371.087855131243,0.5209175959281486,1366
3352,1371.087855131243,0.5209175959281486,1366
3353,1371.087855131243,0.5209175959281486,1366
3354,1371.087855131243,0.5209175959281486,1366
3355,1371.087855131243,0.5209175959281486,1366
3356,1371.087855131243,0.5209175959281486,1366
3357,1371.087855131243,0.5209175959281486,1366
3358,1368.1035560060282,0.5194391708071321,1363
3359,1368.1035560060282,0.5194391708071321,1363
3360,1368.1035560060282,0.5194391708071321,1363
3361,1368.1035560060282,0.5194391708071321,1363
3362,1378.0486212082335,0.5246119389610556,1373
3363,1378.0486212082335,0.5246119389610556,1373
3364,1378.0486212082335,0.5246119389610556,1373
3365,1378.0486212082335,0.5246119389610556,1373
3366,1363.1027816553046,0.5195120851878979,1358
3367,1363.1027816553046,0.5195120851878979,1358
3368,1363.1027816553046,0.5195120851878979,1358
3369,1363.1027816553046,0.5195120851878979,1358
3370,1363.1027816553046,0.5195120851878979,1358
3371,1363.1027816553046,0.5195120851878979,1358
3372,1363.1027816553046,0.5195120851878979,1358
3373,1363.1027816553046,0.5195120851878979,1358
3374,1363.1027816553046,0.5195120851878979,1358
3375,1363.1027816553046,0.5195120851878979,1358
3376,1363.1027816553046,0.5195120851878979,1358
3377,1363.1027816553046,0.5195120851878979,1358
3378,1363.1027816553046,0.5195120851878979,1358
3379,1363.1027816553046,0.5195120851878979,1358
3380,1363.1027816553046,0.5195120851878979,1358
3381,1363.1027816553046,0.5195120851878979,1358
3382,1363.1027816553046,0.5195120851878979,1358
3383,1363.1027816553046,0.5195120851878979,1358
3384,1363.1027816553046,0.5195120851878979,1358
3385,1363.1027816553046,0.5195120851878979,1358
3386,1363.1027816553046,0.5195120851878979,1358
3387,1363.1027816553046,0.5195120851878979,1358
3388,1363.1027816553046,0.5195120851878979,1358
3389,1363.1027816553046,0.5195120851878979,1358
3390,1363.1027816553046,0.5195120851878979,1358
3391,1363.1027816553046,0.5195120851878979,1358
3392,1363.1027816553046,0.5195120851878979,1358
3393,1363.1027816553046,0.5195120851878979,1358
3394,1363.1027816553046,0.5195120851878979,1358
3395,1363.1027816553046,0.5195120851878979,1358
3396,1363.1027816553046,0.5195120851878979,1358
3397,1363.1027816553046,0.5195120851878979,1358
3398,1363.1027816553046,0.5195120851878979,1358
3399,1363.1027816553046,0.5195120851878979,1358
3400,1363.1027816553046,0.5195120851878979,1358
3401,1363.1027816553046,0.5195120851878979,1358
3402,1363.1027816553046,0.5195120851878979,1358
3403,1363.1027816553046,0.5195120851878979,1358
3404,1363.1027816553046,0.5195120851878979,1358
3405,1363.1027816553046,0.5195120851878979,1358
3406,1363.1027816553046,0.5195120851878979,1358
3407,1363.1027816553046,0.5195120851878979,1358
3408,1363.1027816553046,0.5195120851878979,1358
3409,1363.1027816553046,0.5195120851878979,1358
3410,1363.1027816553046,0.5195120851878979,1358
3411,1363.1027816553046,0.5195120851878979,1358
3412,1363.1027816553046,0.5195120851878979,1358
3413,1363.1027816553046,0.5195120851878979,1358
3414,1363.1027816553046,0.5195120851878979,1358
3415,1363.1027816553046,0.5195120851878979,1358
3416,1363.1027816553046,0.5195120851878979,1358
3417,1363.1027816553046,0.5195120851878979,1358
3418,1363.1027816553046,0.5195120851878979,1358
3419,1363.1027816553046,0.5195120851878979,1358
3420,1363.1027816553046,0.5195120851878979,1358
3421,1363.1027816553046,0.5195120851878979,1358
3422,1363.1027816553046,0.5195120851878979,1358
3423,1363.1027816553046,0.5195120851878979,1358
3424,1363.1027816553046,0.5195120851878979,1358
3425,1363.1027816553046,0.5195120851878979,1358
3426,1363.1027816553046,0.5195120851878979,1358
3427,1363.1027816553046,0.5195120851878979,1358
3428,1363.1027816553046,0.5195120851878979,1358
3429,1363.1027816553046,0.5195120851878979,1358
3430,1363.1027816553046,0.5195120851878979,1358
3431,1363.1027816553046,0.5195120851878979,1358
3432,1363.1027816553046,0.5195120851878979,1358
3433,1363.1027816553046,0.5195120851878979,1358
3434,1363.1027816553046,0.5195120851878979,1358
3435,1363.1027816553046,0.5195120851878979,1358
3436,1363.1027816553046,0.5195120851878979,1358
3437,1363.1027816553046,0.5195120851878979,1358
3438,1363.1027816553046,0.5195120851878979,1358
3439,1363.1027816553046,0.5195120851878979,1358
3440,1363.1027816553046,0.5195120851878979,1358
3441,1363.1027816553046,0.5195120851878979,1358
3442,1363.1027816553046,0.5195120851878979,1358
3443,1363.1027816553046,0.5195120851878979,1358
3444,1363.1027816553046,0.5195120851878979,1358
3445,1363.1027816553046,0.5195120851878979,1358
3446,1363.1027816553046,0.5195120851878979,1358
3447,1363.1027816553046,0.5195120851878979,1358
3448,1363.1027816553046,0.5195120851878979,1358
3449,1363.1027816553046,0.5195120851878979,1358
3450,1363.1027816553046,0.5195120851878979,1358
3451,1363.1027816553046,0.5195120851878979,1358
3452,1363.1027816553046,0.5195120851878979,1358
3453,1363.1027816553046,0.5195120851878979,1358
3454,1363.1027816553046,0.5195120851878979,1358
3455,1363.1027816553046,0.5195120851878979,1358
3456,1363.1027816553046,0.5195120851878979,1358
3457,1363.1027816553046,0.5195120851878979,1358
3458,1363.1027816553046,0.5195120851878979,1358
3459,1363.1027816553046,0.5195120851878979,1358
3460,1363.1027816553046,0.5195120851878979,1358
3461,1363.1027816553046,0.5195120851878979,1358
3462,1363.1027816553046,0.5195120851878979,1358
3463,1363.1027816553046,0.5195120851878979,1358
3464,1363.1027816553046,0.5195120851878979,1358
3465,1363.1027816553046,0.5195120851878979,1358
3466,1363.1027816553046,0.5195120851878979,1358
3467,1363.1027816553046,0.5195120851878979,1358
3468,1363.1027816553046,0.5195120851878979,1358
3469,1363.1027816553046,0.5195120851878979,1358
3470,1363.1027816553046,0.5195120851878979,1358
3471,1363.1027816553046,0.5195120851878979,1358
3472,1363.1027816553046,0.5195120851878979,1358
3473,1363.1027816553046,0.5195120851878979,1358
3474,1363.1027816553046,0.5195120851878979,1358
3475,1363.1027816553046,0.5195120851878979,1358
3476,1363.1027816553046,0.5195120851878979,1358
3477,1363.1027816553046,0.5195120851878979,1358
3478,1363.1027816553046,0.5195120851878979,1358
3479,1363.1027816553046,0.5195120851878979,1358
3480,1363.1027816553046,0.5195120851878979,1358
3481,1363.1027816553046,0.5195120851878979,1358
3482,1363.1027816553046,0.5195120851878979,1358
3483,1363.1027816553046,0.5195120851878979,1358
3484,1363.1027816553046,0.5195120851878979,1358
3485,1363.1027816553046,0.5195120851878979,1358
3486,1363.1027816553046,0.5195120851878979,1358
3487,1363.1027816553046,0.5195120851878979,1358
3488,1363.1027816553046,0.5195120851878979,1358
3489,1363.1027816553046,0.5195120851878979,1358
3490,1363.1027816553046,0.5195120851878979,1358
3491,1363.1027816553046,0.5195120851878979,1358
3492,1363.1027816553046,0.5195120851878979,1358
3493,1363.1027816553046,0.5195120851878979,1358
3494,1363.1027816553046,0.5195120851878979,1358
3495,1363.1027816553046,0.5195120851878979,1358
3496,1363.1027816553046,0.5195120851878979,1358
3497,1363.1027816553046,0.5195120851878979,1358
3498,1363.1027816553046,0.5195120851878979,1358
3499,1363.1027816553046,0.5195120851878979,1358
3500,1363.1027816553046,0.5195120851878979,1358
3501,1363.1027816553046,0.5195120851878979,1358
3502,1363.1027816553046,0.5195120851878979,1358
3503,1363.1027816553046,0.5195120851878979,1358
3504,1363.1027816553046,0.5195120851878979,1358
3505,1363.1027816553046,0.5195120851878979,1358
3506,1363.1027816553046,0.5195120851878979,1358
3507,1363.1027816553046,0.5195120851878979,1358
3508,1365.1434838253515,0.5156794891382778,1360
3509,1365.1434838253515,0.5156794891382778,1360
3510,1365.1434838253515,0.5156794891382778,1360
3511,1365.1434838253515,0.5156794891382778,1360
3512,1365.1434838253515,0.5156794891382778,1360
3513,1365.1434838253515,0.5156794891382778,1360
3514,1365.1434838253515,0.5156794891382778,1360
3515,1365.1434838253515,0.5156794891382778,1360
3516,1365.1434838253515,0.5156794891382778,1360
3517,1365.1434838253515,0.5156794891382778,1360
3518,1365.1434838253515,0.5156794891382778,1360
3519,1365.1434838253515,0.5156794891382778,1360
3520,1365.1434838253515,0.5156794891382778,1360
3521,1365.1434838253515,0.5156794891382778,1360
3522,1365.1434838253515,0.5156794891382778,1360
3523,1365.1434838253515,0.5156794891382778,1360
3524,1365.1434838253515,0.5156794891382778,1360
3525,1365.1434838253515,0.5156794891382778,1360
3526,1365.1434838253515,0.5156794891382778,1360
3527,1365.1434838253515,0.5156794891382778,1360
3528,1365.1434838253515,0.5156794891382778,1360
3529,1365.1434838253515,0.5156794891382778,1360
3530,1365.1434838253515,0.5156794891382778,1360
3531,1365.1434838253515,0.5156794891382778,1360
3532,1365.1434838253515,0.5156794891382778,1360
3533,1365.1434838253515,0.5156794891382778,1360
3534,1365.1434838253515,0.5156794891382778,1360
3535,1365.1434838253515,0.5156794891382778,1360
3536,1365.1434838253515,0.5156794891382778,1360
3537,1365.1434838253515,0.5156794891382778,1360
3538,1365.1434838253515,0.5156794891382778,1360
3539,1365.1434838253515,0.5156794891382778,1360
3540,1365.1434838253515,0.5156794891382778,1360
3541,1365.1434838253515,0.5156794891382778,1360
3542,1365.1434838253515,0.5156794891382778,1360
3543,1365.1434838253515,0.5156794891382778,1360
3544,1365.1434838253515,0.5156794891382778,1360
3545,1365.1434838253515,0.5156794891382778,1360
3546,1365.1434838253515,0.5156794891382778,1360
3547,1365.1434838253515,0.5156794891382778,1360
3548,1365.1434838253515,0.5156794891382778,1360
3549,1365.1434838253515,0.5156794891382778,1360
3550,1365.1434838253515,0.5156794891382778,1360
3551,1365.1434838253515,0.5156794891382778,1360
3552,1365.1434838253515,0.5156794891382778,1360
3553,1372.9657135411392,0.5324186872750323,1368
3554,1372.9657135411392,0.5324186872750323,1368
3555,1372.9657135411392,0.5324186872750323,1368
3556,1372.9657135411392,0.5324186872750323,1368
3557,1372.9657135411392,0.5324186872750323,1368
3558,1372.9657135411392,0.5324186872750323,1368
3559,1372.9657135411392,0.5324186872750323,1368
3560,1372.9657135411392,0.5324186872750323,1368
3561,1372.9657135411392,0.5324186872750323,1368
3562,1372.9657135411392,0.5324186872750323,1368
3563,1372.9657135411392,0.5324186872750323,1368
3564,1372.9657135411392,0.5324186872750323,1368
3565,1361.1024702866675,0.5195414042685932,1356
3566,1361.1024702866675,0.5195414042685932,1356
3567,1361.1024702866675,0.5195414042685932,1356
3568,1361.1024702866675,0.5195414042685932,1356
3569,1361.1024702866675,0.5195414042685932,1356
3570,1361.1024702866675,0.5195414042685932,1356
3571,1357.0855082565458,0.5211385822461454,1352
3572,1357.0855082565458,0.5211385822461454,1352
3573,1357.0855082565458,0.5211385822461454,1352
3574,1357.0855082565458,0.5211385822461454,1352
3575,1357.0855082565458,0.5211385822461454,1352
3576,1357.0855082565458,0.5211385822461454,1352
3577,1357.0855082565458,0.5211385822461454,1352
3578,1357.0855082565458,0.5211385822461454,1352
3579,1357.0855082565458,0.5211385822461454,1352
3580,1357.0855082565458,0.5211385822461454,1352
3581,1357.0855082565458,0.5211385822461454,1352
3582,1357.0855082565458,0.5211385822461454,1352
3583,1357.0855082565458,0.5211385822461454,1352
3584,1357.0855082565458,0.5211385822461454,1352
3585,1357.0855082565458,0.5211385822461454,1352
3586,1357.0855082565458,0.5211385822461454,1352
3587,1357.0855082565458,0.5211385822461454,1352
3588,1357.0855082565458,0.5211385822461454,1352
3589,1357.0855082565458,0.5211385822461454,1352
3590,1357.0855082565458,0.5211385822461454,1352
3591,1357.0855082565458,0.5211385822461454,1352
3592,1357.0855082565458,0.5211385822461454,1352
3593,1357.0855082565458,0.5211385822461454,1352
3594,1357.0855082565458,0.5211385822461454,1352
3595,1357.0855082565458,0.5211385822461454,1352
3596,1357.0855082565458,0.5211385822461454,1352
3597,1357.0855082565458,0.5211385822461454,1352
3598,1357.0855082565458,0.5211385822461454,1352
3599,1357.0855082565458,0.5211385822461454,1352
3600,1357.0855082565458,0.5211385822461454,1352
3601,1357.0855082565458,0.5211385822461454,1352
3602,1357.0855082565458,0.5211385822461454,1352
3603,1357.0855082565458,0.5211385822461454,1352
3604,1357.0855082565458,0.5211385822461454,1352
3605,1357.0855082565458,0.5211385822461454,1352
3606,1357.0855082565458,0.5211385822461454,1352
3607,1357.0855082565458,0.5211385822461454,1352
3608,1357.0855082565458,0.5211385822461454,1352
3609,1357.0855082565458,0.5211385822461454,1352
3610,1357.0855082565458,0.5211385822461454,1352
3611,1357.0855082565458,0.5211385822461454,1352
3612,1357.0855082565458,0.5211385822461454,1352
3613,1357.0855082565458,0.5211385822461454,1352
3614,1357.0855082565458,0.5211385822461454,1352
3615,1357.0855082565458,0.5211385822461454,1352
3616,1357.0855082565458,0.5211385822461454,1352
3617,1357.0855082565458,0.5211385822461454,1352
3618,1357.0855082565458,0.5211385822461454,1352
3619,1357.0855082565458,0.5211385822461454,1352
3620,1357.0855082565458,0.5211385822461454,1352
3621,1357.0855082565458,0.5211385822461454,1352
3622,1357.0855082565458,0.5211385822461454,1352
3623,1357.0855082565458,0.5211385822461454,1352
3624,1357.0855082565458,0.5211385822461454,1352
3625,1357.0855082565458,0.5211385822461454,1352
3626,1357.0855082565458,0.5211385822461454,1352
3627,1357.0855082565458,0.5211385822461454,1352
3628,1357.0855082565458,0.5211385822461454,1352
3629,1357.0855082565458,0.5211385822461454,1352
3630,1357.0855082565458,0.5211385822461454,1352
3631,1357.0855082565458,0.5211385822461454,1352
3632,1357.0855082565458,0.5211385822461454,1352
3633,1357.0855082565458,0.5211385822461454,1352
3634,1357.0855082565458,0.5211385822461454,1352
3635,1357.0855082565458,0.5211385822461454,1352
3636,1357.0855082565458,0.5211385822461454,1352
3637,1357.0855082565458,0.5211385822461454,1352
3638,1357.0855082565458,0.5211385822461454,1352
3639,1357.0855082565458,0.5211385822461454,1352
3640,1357.0855082565458,0.5211385822461454,1352
3641,1357.0855082565458,0.5211385822461454,1352
3642,1357.0855082565458,0.5211385822461454,1352
3643,1357.0855082565458,0.5211385822461454,1352
3644,1357.0855082565458,0.5211385822461454,1352
3645,1357.0855082565458,0.5211385822461454,1352
3646,1357.0855082565458,0.5211385822461454,1352
3647,1357.0855082565458,0.5211385822461454,1352
3648,1357.0855082565458,0.5211385822461454,1352
3649,1357.0855082565458,0.5211385822461454,1352
3650,1357.0855082565458,0.5211385822461454,1352
3651,1357.0855082565458,0.5211385822461454,1352
3652,1357.0855082565458,0.5211385822461454,1352
3653,1357.0855082565458,0.5211385822461454,1352
3654,1357.0855082565458,0.5211385822461454,1352
3655,1357.0855082565458,0.5211385822461454,1352
3656,1357.0855082565458,0.5211385822461454,1352
3657,1357.0855082565458,0.5211385822461454,1352
3658,1357.0855082565458,0.5211385822461454,1352
3659,1357.0855082565458,0.5211385822461454,1352
3660,1357.0855082565458,0.5211385822461454,1352
3661,1357.0855082565458,0.5211385822461454,1352
3662,1357.0855082565458,0.5211385822461454,1352
3663,1357.0855082565458,0.5211385822461454,1352
3664,1357.0855082565458,0.5211385822461454,1352
3665,1357.0855082565458,0.5211385822461454,1352
3666,1357.0855082565458,0.5211385822461454,1352
3667,1357.0855082565458,0.5211385822461454,1352
3668,1357.0855082565458,0.5211385822461454,1352
3669,1357.0855082565458,0.5211385822461454,1352
3670,1357.0855082565458,0.5211385822461454,1352
3671,1357.0855082565458,0.5211385822461454,1352
3672,1357.0855082565458,0.5211385822461454,1352
3673,1357.0855082565458,0.5211385822461454,1352
3674,1357.0855082565458,0.5211385822461454,1352
3675,1357.0855082565458,0.5211385822461454,1352
3676,1357.0855082565458,0.5211385822461454,1352
3677,1357.0855082565458,0.5211385822461454,1352
3678,1357.0855082565458,0.5211385822461454,1352
3679,1357.0855082565458,0.5211385822461454,1352
3680,1357.0855082565458,0.5211385822461454,1352
3681,1357.0855082565458,0.5211385822461454,1352
3682,1357.0855082565458,0.5211385822461454,1352
3683,1357.0855082565458,0.5211385822461454,1352
3684,1357.0855082565458,0.5211385822461454,1352
3685,1357.0855082565458,0.5211385822461454,1352
3686,1357.0855082565458,0.5211385822461454,1352
3687,1357.0855082565458,0.5211385822461454,1352
3688,1357.0855082565458,0.5211385822461454,1352
3689,1357.0855082565458,0.5211385822461454,1352
3690,1357.0855082565458,0.5211385822461454,1352
3691,1357.0855082565458,0.5211385822461454,1352
3692,1357.0855082565458,0.5211385822461454,1352
3693,1357.0855082565458,0.5211385822461454,1352
3694,1357.0855082565458,0.5211385822461454,1352
3695,1357.0855082565458,0.5211385822461454,1352
3696,1357.0855082565458,0.5211385822461454,1352
3697,1357.0855082565458,0.5211385822461454,1352
3698,1357.0855082565458,0.5211385822461454,1352
3699,1361.1024702866675,0.5195414042685932,1356
3700,1361.1024702866675,0.5195414042685932,1356
3701,1361.1024702866675,0.5195414042685932,1356
3702,1361.1024702866675,0.5195414042685932,1356
3703,1361.1024702866675,0.5195414042685932,1356
3704,1361.1024702866675,0.5195414042685932,1356
3705,1361.1024702866675,0.5195414042685932,1356
3706,1361.1024702866675,0.5195414042685932,1356
3707,1361.1024702866675,0.5195414042685932,1356
3708,1361.1024702866675,0.5195414042685932,1356
3709,1361.1024702866675,0.5195414042685932,1356
3710,1361.1024702866675,0.5195414042685932,1356
3711,1361.1024702866675,0.5195414042685932,1356
3712,1361.1024702866675,0.5195414042685932,1356
3713,1361.1024702866675,0.5195414042685932,1356
3714,1361.1024702866675,0.5195414042685932,1356
3715,1361.1024702866675,0.5195414042685932,1356
3716,1361.1024702866675,0.5195414042685932,1356
3717,1361.1024702866675,0.5195414042685932,1356
3718,1361.1024702866675,0.5195414042685932,1356
3719,1361.1024702866675,0.5195414042685932,1356
3720,1361.1024702866675,0.5195414042685932,1356
3721,1361.1024702866675,0.5195414042685932,1356
3722,1361.1024702866675,0.5195414042685932,1356
3723,1361.1024702866675,0.5195414042685932,1356
3724,1361.1024702866675,0.5195414042685932,1356
3725,1361.1024702866675,0.5195414042685932,1356
3726,1361.1024702866675,0.5195414042685932,1356
3727,1361.1024702866675,0.5195414042685932,1356
3728,1361.1024702866675,0.5195414042685932,1356
3729,1361.1024702866675,0.5195414042685932,1356
3730,1361.1024702866675,0.5195414042685932,1356
3731,1361.1024702866675,0.5195414042685932,1356
3732,1361.1024702866675,0.5195414042685932,1356
3733,1361.1024702866675,0.5195414042685932,1356
3734,1361.1024702866675,0.5195414042685932,1356
3735,1361.1024702866675,0.5195414042685932,1356
3736,1361.1024702866675,0.5195414042685932,1356
3737,1361.1024702866675,0.5195414042685932,1356
3738,1361.1024702866675,0.5195414042685932,1356
3739,1361.1024702866675,0.5195414042685932,1356
3740,1361.1024702866675,0.5195414042685932,1356
3741,1361.1024702866675,0.5195414042685932,1356
3742,1361.1024702866675,0.5195414042685932,1356
3743,1361.1024702866675,0.5195414042685932,1356
3744,1361.1024702866675,0.5195414042685932,1356
3745,1361.1024702866675,0.5195414042685932,1356
3746,1361.1024702866675,0.5195414042685932,1356
3747,1361.1024702866675,0.5195414042685932,1356
3748,1361.1024702866675,0.5195414042685932,1356
3749,1361.1024702866675,0.5195414042685932,1356
3750,1361.1024702866675,0.5195414042685932,1356
3751,1361.1024702866675,0.5195414042685932,1356
3752,1361.1024702866675,0.5195414042685932,1356
3753,1361.1024702866675,0.5195414042685932,1356
3754,1361.1024702866675,0.5195414042685932,1356
3755,1361.1024702866675,0.5195414042685932,1356
3756,1361.1024702866675,0.5195414042685932,1356
3757,1361.1024702866675,0.5195414042685932,1356
3758,1361.1024702866675,0.5195414042685932,1356
3759,1361.1024702866675,0.5195414042685932,1356
3760,1361.1024702866675,0.5195414042685932,1356
3761,1361.1024702866675,0.5195414042685932,1356
3762,1361.1024702866675,0.5195414042685932,1356
3763,1361.1024702866675,0.5195414042685932,1356
3764,1361.1024702866675,0.5195414042685932,1356
3765,1361.1024702866675,0.5195414042685932,1356
3766,1361.1024702866675,0.5195414042685932,1356
3767,1361.1024702866675,0.5195414042685932,1356
3768,1361.1024702866675,0.5195414042685932,1356
3769,1361.1024702866675,0.5195414042685932,1356
3770,1361.1024702866675,0.5195414042685932,1356
3771,1361.1024702866675,0.5195414042685932,1356
3772,1361.1024702866675,0.5195414042685932,1356
3773,1361.1024702866675,0.5195414042685932,1356
3774,1361.1024702866675,0.5195414042685932,1356
3775,1361.1024702866675,0.5195414042685932,1356
3776,1361.1024702866675,0.5195414042685932,1356
3777,1361.1024702866675,0.5195414042685932,1356
3778,1361.1024702866675,0.5195414042685932,1356
3779,1361.1024702866675,0.5195414042685932,1356
3780,1361.1024702866675,0.5195414042685932,1356
3781,1380.7339121322009,0.554245561939644,1376
3782,1384.8782273823638,0.5406565553329791,1380
3783,1393.5345043989732,0.5730221846541144,1389
3784,1393.5345043989732,0.5730221846541144,1389
3785,1393.5345043989732,0.5730221846541144,1389
3786,1393.5345043989732,0.5730221846541144,1389
3787,1393.5345043989732,0.5730221846541144,1389
3788,1393.5345043989732,0.5730221846541144,1389
3789,1393.5345043989732,0.5730221846541144,1389
3790,1393.5345043989732,0.5730221846541144,1389
3791,1393.5345043989732,0.5730221846541144,1389
3792,1393.5345043989732,0.5730221846541144,1389
3793,1393.5345043989732,0.5730221846541144,1389
3794,1393.5345043989732,0.5730221846541144,1389
3795,1393.5345043989732,0.5730221846541144,1389
3796,1393.5345043989732,0.5730221846541144,1389
3797,1378.7330331150717,0.554328331914144,1374
3798,1378.7330331150717,0.554328331914144,1374
3799,1378.7330331150717,0.554328331914144,1374
3800,1378.7330331150717,0.554328331914144,1374
3801,1378.7330331150717,0.554328331914144,1374
3802,1378.7330331150717,0.554328331914144,1374
3803,1378.7330331150717,0.554328331914144,1374
3804,1380.8935426957075,0.5392144354324251,1376
3805,1380.8935426957075,0.5392144354324251,1376
3806,1380.8935426957075,0.5392144354324251,1376
3807,1368.9646732421618,0.5325166438642387,1364
3808,1368.9646732421618,0.5325166438642387,1364
3809,1368.9646732421618,0.5325166438642387,1364
3810,1368.9646732421618,0.5325166438642387,1364
3811,1368.9646732421618,0.5325166438642387,1364
3812,1368.9646732421618,0.5325166438642387,1364
3813,1368.9646732421618,0.5325166438642387,1364
3814,1368.9646732421618,0.5325166438642387,1364
3815,1368.9646732421618,0.5325166438642387,1364
3816,1368.9646732421618,0.5325166438642387,1364
3817,1368.9646732421618,0.5325166438642387,1364
3818,1368.9646732421618,0.5325166438642387,1364
3819,1368.9646732421618,0.5325166438642387,1364
3820,1368.9646732421618,0.5325166438642387,1364
3821,1368.9646732421618,0.5325166438642387,1364
3822,1368.9646732421618,0.5325166438642387,1364
3823,1368.9646732421618,0.5325166438642387,1364
3824,1368.9646732421618,0.5325166438642387,1364
3825,1368.9646732421618,0.5325166438642387,1364
3826,1368.9646732421618,0.5325166438642387,1364
3827,1368.9646732421618,0.5325166438642387,1364
3828,1368.9646732421618,0.5325166438642387,1364
3829,1368.9646732421618,0.5325166438642387,1364
3830,1368.9646732421618,0.5325166438642387,1364
3831,1368.9646732421618,0.5325166438642387,1364
3832,1368.9646732421618,0.5325166438642387,1364
3833,1368.9646732421618,0.5325166438642387,1364
3834,1368.9646732421618,0.5325166438642387,1364
3835,1368.9646732421618,0.5325166438642387,1364
3836,1368.9646732421618,0.5325166438642387,1364
3837,1368.9646732421618,0.5325166438642387,1364
3838,1368.9646732421618,0.5325166438642387,1364
3839,1368.9646732421618,0.5325166438642387,1364
3840,1368.9646732421618,0.5325166438642387,1364
3841,1368.9646732421618,0.5325166438642387,1364
3842,1368.9646732421618,0.5325166438642387,1364
3843,1368.9646732421618,0.5325166438642387,1364
3844,1368.9646732421618,0.5325166438642387,1364
3845,1368.9646732421618,0.5325166438642387,1364
3846,1368.9646732421618,0.5325166438642387,1364
3847,1368.9646732421618,0.5325166438642387,1364
3848,1368.9646732421618,0.5325166438642387,1364
3849,1368.9646732421618,0.5325166438642387,1364
3850,1368.9646732421618,0.5325166438642387,1364
3851,1368.9646732421618,0.5325166438642387,1364
3852,1368.9646732421618,0.5325166438642387,1364
3853,1368.9646732421618,0.5325166438642387,1364
3854,1368.9646732421618,0.5325166438642387,1364
3855,1368.9646732421618,0.5325166438642387,1364
3856,1368.9646732421618,0.5325166438642387,1364
3857,1368.9646732421618,0.5325166438642387,1364
3858,1368.9646732421618,0.5325166438642387,1364
3859,1368.9646732421618,0.5325166438642387,1364
3860,1362.0454664507872,0.5249089971010197,1357
3861,1362.0454664507872,0.5249089971010197,1357
3862,1362.0454664507872,0.5249089971010197,1357
3863,1362.0454664507872,0.5249089971010197,1357
3864,1362.0454664507872,0.5249089971010197,1357
3865,1362.0454664507872,0.5249089971010197,1357
3866,1362.0454664507872,0.5249089971010197,1357
3867,1362.0454664507872,0.5249089971010197,1357
3868,1362.0454664507872,0.5249089971010197,1357
3869,1362.0454664507872,0.5249089971010197,1357
3870,1362.0454664507872,0.5249089971010197,1357
3871,1362.0454664507872,0.5249089971010197,1357
3872,1362.0454664507872,0.5249089971010197,1357
3873,1362.0454664507872,0.5249089971010197,1357
3874,1362.0454664507872,0.5249089971010197,1357
3875,1362.0454664507872,0.5249089971010197,1357
3876,1362.0454664507872,0.5249089971010197,1357
3877,1362.0454664507872,0.5249089971010197,1357
3878,1362.0454664507872,0.5249089971010197,1357
3879,1362.0454664507872,0.5249089971010197,1357
3880,1362.0454664507872,0.5249089971010197,1357
3881,1362.0454664507872,0.5249089971010197,1357
3882,1362.0454664507872,0.5249089971010197,1357
3883,1362.0454664507872,0.5249089971010197,1357
3884,1362.0454664507872,0.5249089971010197,1357
3885,1362.0454664507872,0.5249089971010197,1357
3886,1362.0454664507872,0.5249089971010197,1357
3887,1362.0454664507872,0.5249089971010197,1357
3888,1351.0844872110606,0.5212347258888272,1346
3889,1351.0844872110606,0.5212347258888272,1346
3890,1351.0844872110606,0.5212347258888272,1346
3891,1351.0844872110606,0.5212347258888272,1346
3892,1351.0844872110606,0.5212347258888272,1346
3893,1351.0844872110606,0.5212347258888272,1346
3894,1351.0844872110606,0.5212347258888272,1346
3895,1351.0844872110606,0.5212347258888272,1346
3896,1351.0844872110606,0.5212347258888272,1346
3897,1351.0844872110606,0.5212347258888272,1346
3898,1351.0844872110606,0.5212347258888272,1346
3899,1351.0844872110606,0.5212347258888272,1346
3900,1351.0844872110606,0.5212347258888272,1346
3901,1351.0844872110606,0.5212347258888272,1346
3902,1351.0844872110606,0.5212347258888272,1346
3903,1351.0844872110606,0.5212347258888272,1346
3904,1351.0844872110606,0.5212347258888272,1346
3905,1351.0844872110606,0.5212347258888272,1346
3906,1351.0844872110606,0.5212347258888272,1346
3907,1351.0844872110606,0.5212347258888272,1346
3908,1351.0844872110606,0.5212347258888272,1346
3909,1351.0844872110606,0.5212347258888272,1346
3910,1351.0844872110606,0.5212347258888272,1346
3911,1351.0844872110606,0.5212347258888272,1346
3912,1351.0844872110606,0.5212347258888272,1346
3913,1351.0844872110606,0.5212347258888272,1346
3914,1351.0844872110606,0.5212347258888272,1346
3915,1351.0844872110606,0.5212347258888272,1346
3916,1351.0844872110606,0.5212347258888272,1346
3917,1351.0844872110606,0.5212347258888272,1346
3918,1351.0844872110606,0.5212347258888272,1346
3919,1351.0844872110606,0.5212347258888272,1346
3920,1351.0844872110606,0.5212347258888272,1346
3921,1351.0844872110606,0.5212347258888272,1346
3922,1351.0844872110606,0.5212347258888272,1346
3923,1351.0844872110606,0.5212347258888272,1346
3924,1351.0844872110606,0.5212347258888272,1346
3925,1351.0844872110606,0.5212347258888272,1346
3926,1353.9607155494778,0.5328893079587815,1349
3927,1353.9607155494778,0.5328893079587815,1349
3928,1353.9607155494778,0.5328893079587815,1349
3929,1353.9607155494778,0.5328893079587815,1349
3930,1353.9607155494778,0.5328893079587815,1349
3931,1353.9607155494778,0.5328893079587815,1349
3932,1353.9607155494778,0.5328893079587815,1349
3933,1353.9607155494778,0.5328893079587815,1349
3934,1353.9607155494778,0.5328893079587815,1349
3935,1353.9607155494778,0.5328893079587815,1349
3936,1353.9607155494778,0.5328893079587815,1349
3937,1353.9607155494778,0.5328893079587815,1349
3938,1350.9599131119319,0.5329648670497241,1346
3939,1350.9599131119319,0.5329648670497241,1346
3940,1350.9599131119319,0.5329648670497241,1346
3941,1350.9599131119319,0.5329648670497241,1346
3942,1350.9599131119319,0.5329648670497241,1346
3943,1350.9599131119319,0.5329648670497241,1346
3944,1350.9599131119319,0.5329648670497241,1346
3945,1350.9599131119319,0.5329648670497241,1346
3946,1350.9599131119319,0.5329648670497241,1346
3947,1350.9599131119319,0.5329648670497241,1346
3948,1350.9599131119319,0.5329648670497241,1346
3949,1350.9599131119319,0.5329648670497241,1346
3950,1350.9599131119319,0.5329648670497241,1346
3951,1350.9599131119319,0.5329648670497241,1346
3952,1350.9599131119319,0.5329648670497241,1346
3953,1350.9599131119319,0.5329648670497241,1346
3954,1350.9599131119319,0.5329648670497241,1346
3955,1350.9599131119319,0.5329648670497241,1346
3956,1350.9599131119319,0.5329648670497241,1346
3957,1350.9599131119319,0.5329648670497241,1346
3958,1350.9599131119319,0.5329648670497241,1346
3959,1350.9599131119319,0.5329648670497241,1346
3960,1350.9599131119319,0.5329648670497241,1346
3961,1350.9599131119319,0.5329648670497241,1346
3962,1350.9599131119319,0.5329648670497241,1346
3963,1350.9599131119319,0.5329648670497241,1346
3964,1350.9599131119319,0.5329648670497241,1346
3965,1350.9599131119319,0.5329648670497241,1346
3966,1350.9599131119319,0.5329648670497241,1346
3967,1350.9599131119319,0.5329648670497241,1346
3968,1350.9599131119319,0.5329648670497241,1346
3969,1350.9599131119319,0.5329648670497241,1346
3970,1350.9599131119319,0.5329648670497241,1346
3971,1350.9599131119319,0.5329648670497241,1346
3972,1350.9599131119319,0.5329648670497241,1346
3973,1350.9599131119319,0.5329648670497241,1346
3974,1350.9599131119319,0.5329648670497241,1346
3975,1350.9599131119319,0.5329648670497241,1346
3976,1350.9599131119319,0.5329648670497241,1346
3977,1350.9599131119319,0.5329648670497241,1346
3978,1350.9599131119319,0.5329648670497241,1346
3979,1350.9599131119319,0.5329648670497241,1346
3980,1350.9599131119319,0.5329648670497241,1346
3981,1350.9599131119319,0.5329648670497241,1346
3982,1350.9599131119319,0.5329648670497241,1346
3983,1350.9599131119319,0.5329648670497241,1346
3984,1350.9599131119319,0.5329648670497241,1346
3985,1350.9599131119319,0.5329648670497241,1346
3986,1350.9599131119319,0.5329648670497241,1346
3987,1350.9599131119319,0.5329648670497241,1346
3988,1350.9599131119319,0.5329648670497241,1346
3989,1350.9599131119319,0.5329648670497241,1346
3990,1350.9599131119319,0.5329648670497241,1346
3991,1350.9599131119319,0.5329648670497241,1346
3992,1350.9599131119319,0.5329648670497241,1346
3993,1350.9599131119319,0.5329648670497241,1346
3994,1350.9599131119319,0.5329648670497241,1346
3995,1350.9599131119319,0.5329648670497241,1346
3996,1350.9599131119319,0.5329648670497241,1346
3997,1350.9599131119319,0.5329648670497241,1346
3998,1350.9599131119319,0.5329648670497241,1346
3999,1350.9599131119319,0.5329648670497241,1346
4000,1350.9599131119319,0.5329648670497241,1346
4001,1350.9599131119319,0.5329648670497241,1346
4002,1350.9599131119319,0.5329648670497241,1346
4003,1350.9599131119319,0.5329648670497241,1346
4004,1350.9599131119319,0.5329648670497241,1346
4005,1350.9599131119319,0.5329648670497241,1346
4006,1350.9599131119319,0.5329648670497241,1346
4007,1350.9599131119319,0.5329648670497241,1346
4008,1350.9599131119319,0.5329648670497241,1346
4009,1350.9599131119319,0.5329648670497241,1346
4010,1350.9599131119319,0.5329648670497241,1346
4011,1350.9599131119319,0.5329648670497241,1346
4012,1350.9599131119319,0.5329648670497241,1346
4013,1350.9599131119319,0.5329648670497241,1346
4014,1350.9599131119319,0.5329648670497241,1346
4015,1350.9599131119319,0.5329648670497241,1346
4016,1350.9599131119319,0.5329648670497241,1346
4017,1350.9599131119319,0.5329648670497241,1346
4018,1350.9599131119319,0.5329648670497241,1346
4019,1350.9599131119319,0.5329648670497241,1346
4020,1350.9599131119319,0.5329648670497241,1346
4021,1350.9599131119319,0.5329648670497241,1346
4022,1350.9599131119319,0.5329648670497241,1346
4023,1350.9599131119319,0.5329648670497241,1346
4024,1350.9599131119319,0.5329648670497241,1346
4025,1350.9599131119319,0.5329648670497241,1346
4026,1350.9599131119319,0.5329648670497241,1346
4027,1350.9599131119319,0.5329648670497241,1346
4028,1350.9599131119319,0.5329648670497241,1346
4029,1350.9599131119319,0.5329648670497241,1346
4030,1350.9599131119319,0.5329648670497241,1346
4031,1350.9599131119319,0.5329648670497241,1346
4032,1350.9599131119319,0.5329648670497241,1346
4033,1350.9599131119319,0.5329648670497241,1346
4034,1350.9599131119319,0.5329648670497241,1346
4035,1350.9599131119319,0.5329648670497241,1346
4036,1350.9599131119319,0.5329648670497241,1346
4037,1350.9599131119319,0.5329648670497241,1346
4038,1350.9599131119319,0.5329648670497241,1346
4039,1350.9599131119319,0.5329648670497241,1346
4040,1350.9599131119319,0.5329648670497241,1346
4041,1350.9599131119319,0.5329648670497241,1346
4042,1350.9599131119319,0.5329648670497241,1346
4043,1350.9599131119319,0.5329648670497241,1346
4044,1350.9599131119319,0.5329648670497241,1346
4045,1350.9599131119319,0.5329648670497241,1346
4046,1350.9599131119319,0.5329648670497241,1346
4047,1350.9599131119319,0.5329648670497241,1346
4048,1350.9599131119319,0.5329648670497241,1346
4049,1350.9599131119319,0.5329648670497241,1346
4050,1350.9599131119319,0.5329648670497241,1346
4051,1350.9599131119319,0.5329648670497241,1346
4052,1350.9599131119319,0.5329648670497241,1346
4053,1350.9599131119319,0.5329648670497241,1346
4054,1350.9599131119319,0.5329648670497241,1346
4055,1350.9599131119319,0.5329648670497241,1346
4056,1350.9599131119319,0.5329648670497241,1346
4057,1355.101530543118,0.5196298923617685,1350
4058,1380.9759682931758,0.5314530797386208,1376
4059,1380.9759682931758,0.5314530797386208,1376
4060,1380.9759682931758,0.5314530797386208,1376
4061,1380.9759682931758,0.5314530797386208,1376
4062,1380.9759682931758,0.5314530797386208,1376
4063,1380.9759682931758,0.5314530797386208,1376
4064,1380.9759682931758,0.5314530797386208,1376
4065,1380.9759682931758,0.5314530797386208,1376
4066,1380.9759682931758,0.5314530797386208,1376
4067,1380.9759682931758,0.5314530797386208,1376
4068,1380.9759682931758,0.5314530797386208,1376
4069,1380.9759682931758,0.5314530797386208,1376
4070,1380.9759682931758,0.5314530797386208,1376
4071,1380.9759682931758,0.5314530797386208,1376
4072,1380.9759682931758,0.5314530797386208,1376
4073,1380.9759682931758,0.5314530797386208,1376
4074,1380.9759682931758,0.5314530797386208,1376
4075,1380.9759682931758,0.5314530797386208,1376
4076,1380.9759682931758,0.5314530797386208,1376
4077,1380.9759682931758,0.5314530797386208,1376
4078,1380.9759682931758,0.5314530797386208,1376
4079,1380.9759682931758,0.5314530797386208,1376
4080,1380.9759682931758,0.5314530797386208,1376
4081,1380.9759682931758,0.5314530797386208,1376
4082,1380.9759682931758,0.5314530797386208,1376
4083,1380.9759682931758,0.5314530797386208,1376
4084,1380.9759682931758,0.5314530797386208,1376
4085,1380.9759682931758,0.5314530797386208,1376
4086,1411.9835398439348,0.5307401276897612,1407
4087,1411.9835398439348,0.5307401276897612,1407
4088,1411.9835398439348,0.5307401276897612,1407
4089,1411.9835398439348,0.5307401276897612,1407
4090,1411.9835398439348,0.5307401276897612,1407
4091,1411.9835398439348,0.5307401276897612,1407
4092,1411.9835398439348,0.5307401276897612,1407
4093,1411.9835398439348,0.5307401276897612,1407
4094,1411.9835398439348,0.5307401276897612,1407
4095,1411.9835398439348,0.5307401276897612,1407
4096,1411.9835398439348,0.5307401276897612,1407
4097,1411.9835398439348,0.5307401276897612,1407
4098,1411.9835398439348,0.5307401276897612,1407
4099,1411.9835398439348,0.5307401276897612,1407
4100,1411.9835398439348,0.5307401276897612,1407
4101,1411.9835398439348,0.5307401276897612,1407
4102,1411.9835398439348,0.5307401276897612,1407
4103,1394.9794307008535,0.5311270526503298,1390
4104,1394.9794307008535,0.5311270526503298,1390
4105,1394.9794307008535,0.5311270526503298,1390
4106,1390.090962820664,0.5206249698056652,1385
4107,1390.090962820664,0.5206249698056652,1385
4108,1390.090962820664,0.5206249698056652,1385
4109,1390.090962820664,0.5206249698056652,1385
4110,1390.090962820664,0.5206249698056652,1385
4111,1390.090962820664,0.5206249698056652,1385
4112,1390.090962820664,0.5206249698056652,1385
4113,1390.090962820664,0.5206249698056652,1385
4114,1390.090962820664,0.5206249698056652,1385
4115,1390.090962820664,0.5206249698056652,1385
4116,1390.090962820664,0.5206249698056652,1385
4117,1390.090962820664,0.5206249698056652,1385
4118,1390.090962820664,0.5206249698056652,1385
4119,1390.090962820664,0.5206249698056652,1385
4120,1390.090962820664,0.5206249698056652,1385
4121,1390.090962820664,0.5206249698056652,1385
4122,1390.090962820664,0.5206249698056652,1385
4123,1390.090962820664,0.5206249698056652,1385
4124,1390.090962820664,0.5206249698056652,1385
4125,1390.090962820664,0.5206249698056652,1385
4126,1390.090962820664,0.5206249698056652,1385
4127,1390.090962820664,0.5206249698056652,1385
4128,1390.090962820664,0.5206249698056652,1385
4129,1390.090962820664,0.5206249698056652,1385
4130,1390.090962820664,0.5206249698056652,1385
4131,1390.090962820664,0.5206249698056652,1385
4132,1390.090962820664,0.5206249698056652,1385
4133,1390.090962820664,0.5206249698056652,1385
4134,1390.090962820664,0.5206249698056652,1385
4135,1390.090962820664,0.5206249698056652,1385
4136,1390.090962820664,0.5206249698056652,1385
4137,1390.090962820664,0.5206249698056652,1385
4138,1390.090962820664,0.5206249698056652,1385
4139,1390.090962820664,0.5206249698056652,1385
4140,1390.090962820664,0.5206249698056652,1385
4141,1390.090962820664,0.5206249698056652,1385
4142,1390.090962820664,0.5206249698056652,1385
4143,1390.090962820664,0.5206249698056652,1385
4144,1390.090962820664,0.5206249698056652,1385
4145,1390.090962820664,0.5206249698056652,1385
4146,1390.090962820664,0.5206249698056652,1385
4147,1390.090962820664,0.5206249698056652,1385
4148,1390.090962820664,0.5206249698056652,1385
4149,1390.090962820664,0.5206249698056652,1385
4150,1390.090962820664,0.5206249698056652,1385
4151,1390.090962820664,0.5206249698056652,1385
4152,1391.1070447652135,0.5191106624092838,1386
4153,1391.1070447652135,0.5191106624092838,1386
4154,1391.1070447652135,0.5191106624092838,1386
4155,1391.1070447652135,0.5191106624092838,1386
4156,1391.1070447652135,0.5191106624092838,1386
4157,1391.1070447652135,0.5191106624092838,1386
4158,1391.1070447652135,0.5191106624092838,1386
4159,1391.1070447652135,0.5191106624092838,1386
4160,1391.1070447652135,0.5191106624092838,1386
4161,1391.1070447652135,0.5191106624092838,1386
4162,1391.1070447652135,0.5191106624092838,1386
4163,1391.1070447652135,0.5191106624092838,1386
4164,1391.1070447652135,0.5191106624092838,1386
4165,1391.1070447652135,0.5191106624092838,1386
4166,1391.1070447652135,0.5191106624092838,1386
4167,1391.1070447652135,0.5191106624092838,1386
4168,1391.1070447652135,0.5191106624092838,1386
4169,1391.1070447652135,0.5191106624092838,1386
4170,1391.1070447652135,0.5191106624092838,1386
4171,1391.1070447652135,0.5191106624092838,1386
4172,1391.1070447652135,0.5191106624092838,1386
4173,1391.1070447652135,0.5191106624092838,1386
4174,1391.1070447652135,0.5191106624092838,1386
4175,1391.1070447652135,0.5191106624092838,1386
4176,1391.1070447652135,0.5191106624092838,1386
4177,1391.1070447652135,0.5191106624092838,1386
4178,1391.1070447652135,0.5191106624092838,1386
4179,1391.1070447652135,0.5191106624092838,1386
4180,1391.1070447652135,0.5191106624092838,1386
4181,1391.1070447652135,0.5191106624092838,1386
4182,1391.1070447652135,0.5191106624092838,1386
4183,1391.1070447652135,0.5191106624092838,1386
4184,1391.1070447652135,0.5191106624092838,1386
4185,1391.1070447652135,0.5191106624092838,1386
4186,1391.1070447652135,0.5191106624092838,1386
4187,1391.1070447652135,0.5191106624092838,1386
4188,1391.1070447652135,0.5191106624092838,1386
4189,1391.1070447652135,0.5191106624092838,1386
4190,1391.1070447652135,0.5191106624092838,1386
4191,1391.1070447652135,0.5191106624092838,1386
4192,1391.1070447652135,0.5191106624092838,1386
4193,1391.1070447652135,0.5191106624092838,1386
4194,1391.1070447652135,0.5191106624092838,1386
4195,1391.1070447652135,0.5191106624092838,1386
4196,1386.9693057940572,0.5320804337045972,1382
4197,1386.9693057940572,0.5320804337045972,1382
4198,1386.9693057940572,0.5320804337045972,1382
4199,1386.9693057940572,0.5320804337045972,1382
4200,1386.9693057940572,0.5320804337045972,1382
4201,1386.9693057940572,0.5320804337045972,1382
4202,1386.9693057940572,0.5320804337045972,1382
4203,1386.9693057940572,0.5320804337045972,1382
4204,1386.9693057940572,0.5320804337045972,1382
4205,1386.9693057940572,0.5320804337045972,1382
4206,1386.9693057940572,0.5320804337045972,1382
4207,1386.9693057940572,0.5320804337045972,1382
4208,1386.9693057940572,0.5320804337045972,1382
4209,1399.980649960461,0.5310122447776735,1395
4210,1399.980649960461,0.5310122447776735,1395
4211,1399.980649960461,0.5310122447776735,1395
4212,1399.980649960461,0.5310122447776735,1395
4213,1399.980649960461,0.5310122447776735,1395
4214,1399.980649960461,0.5310122447776735,1395
4215,1399.980649960461,0.5310122447776735,1395
4216,1399.980649960461,0.5310122447776735,1395
4217,1399.980649960461,0.5310122447776735,1395
4218,1399.980649960461,0.5310122447776735,1395
4219,1399.980649960461,0.5310122447776735,1395
4220,1399.980649960461,0.5310122447776735,1395
4221,1399.980649960461,0.5310122447776735,1395
4222,1399.980649960461,0.5310122447776735,1395
4223,1399.980649960461,0.5310122447776735,1395
4224,1399.980649960461,0.5310122447776735,1395
4225,1399.980649960461,0.5310122447776735,1395
4226,1399.980649960461,0.5310122447776735,1395
4227,1399.980649960461,0.5310122447776735,1395
4228,1399.980649960461,0.5310122447776735,1395
4229,1399.980649960461,0.5310122447776735,1395
4230,1399.980649960461,0.5310122447776735,1395
4231,1399.980649960461,0.5310122447776735,1395
4232,1399.980649960461,0.5310122447776735,1395
4233,1399.980649960461,0.5310122447776735,1395
4234,1399.980649960461,0.5310122447776735,1395
4235,1399.980649960461,0.5310122447776735,1395
4236,1399.980649960461,0.5310122447776735,1395
4237,1399.980649960461,0.5310122447776735,1395
4238,1399.980649960461,0.5310122447776735,1395
4239,1399.980649960461,0.5310122447776735,1395
4240,1399.980649960461,0.5310122447776735,1395
4241,1399.980649960461,0.5310122447776735,1395
4242,1414.8470930648411,0.5435882236496012,1410
4243,1414.8470930648411,0.5435882236496012,1410
4244,1414.8470930648411,0.5435882236496012,1410
4245,1414.8470930648411,0.5435882236496012,1410
4246,1409.6962951444832,0.5577876511786011,1405
4247,1409.6962951444832,0.5577876511786011,1405
4248,1409.6962951444832,0.5577876511786011,1405
4249,1409.6962951444832,0.5577876511786011,1405
4250,1409.6962951444832,0.5577876511786011,1405
4251,1409.6962951444832,0.5577876511786011,1405
4252,1409.6962951444832,0.5577876511786011,1405
4253,1409.6962951444832,0.5577876511786011,1405
4254,1409.6962951444832,0.5577876511786011,1405
4255,1376.0886814583862,0.5208397873459419,1371
4256,1376.0886814583862,0.5208397873459419,1371
4257,1376.0886814583862,0.5208397873459419,1371
4258,1376.0886814583862,0.5208397873459419,1371
4259,1376.0886814583862,0.5208397873459419,1371
4260,1376.0886814583862,0.5208397873459419,1371
4261,1376.0886814583862,0.5208397873459419,1371
4262,1376.0886814583862,0.5208397873459419,1371
4263,1376.0886814583862,0.5208397873459419,1371
4264,1376.0886814583862,0.5208397873459419,1371
4265,1376.0886814583862,0.5208397873459419,1371
4266,1376.0886814583862,0.5208397873459419,1371
4267,1376.0886814583862,0.5208397873459419,1371
4268,1376.0886814583862,0.5208397873459419,1371
4269,1376.0886814583862,0.5208397873459419,1371
4270,1376.0886814583862,0.5208397873459419,1371
4271,1376.0886814583862,0.5208397873459419,1371
4272,1376.0886814583862,0.5208397873459419,1371
4273,1376.0886814583862,0.5208397873459419,1371
4274,1376.0886814583862,0.5208397873459419,1371
4275,1376.0886814583862,0.5208397873459419,1371
4276,1372.9657135411392,0.5324186872750323,1368
4277,1372.9657135411392,0.5324186872750323,1368
4278,1372.9657135411392,0.5324186872750323,1368
4279,1372.9657135411392,0.5324186872750323,1368
4280,1372.9657135411392,0.5324186872750323,1368
4281,1372.9657135411392,0.5324186872750323,1368
4282,1372.9657135411392,0.5324186872750323,1368
4283,1372.9657135411392,0.5324186872750323,1368
4284,1372.9657135411392,0.5324186872750323,1368
4285,1372.9657135411392,0.5324186872750323,1368
4286,1372.9657135411392,0.5324186872750323,1368
4287,1372.9657135411392,0.5324186872750323,1368
4288,1372.9657135411392,0.5324186872750323,1368
4289,1372.9657135411392,0.5324186872750323,1368
4290,1372.9657135411392,0.5324186872750323,1368
4291,1372.9657135411392,0.5324186872750323,1368
4292,1372.9657135411392,0.5324186872750323,1368
4293,1372.9657135411392,0.5324186872750323,1368
4294,1372.9657135411392,0.5324186872750323,1368
4295,1372.9657135411392,0.5324186872750323,1368
4296,1372.9657135411392,0.5324186872750323,1368
4297,1372.9657135411392,0.5324186872750323,1368
4298,1372.9657135411392,0.5324186872750323,1368
4299,1387.9695595201867,0.5320565423553046,1383
4300,1387.9695595201867,0.5320565423553046,1383
4301,1387.9695595201867,0.5320565423553046,1383
4302,1387.9695595201867,0.5320565423553046,1383
4303,1387.9695595201867,0.5320565423553046,1383
4304,1387.9695595201867,0.5320565423553046,1383
4305,1387.9695595201867,0.5320565423553046,1383
4306,1376.0886814583862,0.5208397873459419,1371
4307,1376.0886814583862,0.5208397873459419,1371
4308,1376.0886814583862,0.5208397873459419,1371
4309,1376.0886814583862,0.5208397873459419,1371
4310,1376.0886814583862,0.5208397873459419,1371
4311,1372.9657135411392,0.5324186872750323,1368
4312,1372.9657135411392,0.5324186872750323,1368
4313,1372.9657135411392,0.5324186872750323,1368
4314,1372.9657135411392,0.5324186872750323,1368
4315,1372.9657135411392,0.5324186872750323,1368
4316,1372.9657135411392,0.5324186872750323,1368
4317,1372.9657135411392,0.5324186872750323,1368
4318,1372.9657135411392,0.5324186872750323,1368
4319,1372.9657135411392,0.5324186872750323,1368
4320,1372.9657135411392,0.5324186872750323,1368
4321,1372.9657135411392,0.5324186872750323,1368
4322,1372.9657135411392,0.5324186872750323,1368
4323,1372.9657135411392,0.5324186872750323,1368
4324,1372.9657135411392,0.5324186872750323,1368
4325,1372.9657135411392,0.5324186872750323,1368
4326,1372.9657135411392,0.5324186872750323,1368
4327,1372.9657135411392,0.5324186872750323,1368
4328,1372.9657135411392,0.5324186872750323,1368
4329,1372.9657135411392,0.5324186872750323,1368
4330,1372.9657135411392,0.5324186872750323,1368
4331,1403.8843070000623,0.5400840866231296,1399
4332,1403.8843070000623,0.5400840866231296,1399
4333,1403.8843070000623,0.5400840866231296,1399
4334,1403.8843070000623,0.5400840866231296,1399
4335,1403.8843070000623,0.5400840866231296,1399
4336,1403.8843070000623,0.5400840866231296,1399
4337,1403.8843070000623,0.5400840866231296,1399
4338,1403.8843070000623,0.5400840866231296,1399
4339,1403.8843070000623,0.5400840866231296,1399
4340,1403.8843070000623,0.5400840866231296,1399
4341,1403.8843070000623,0.5400840866231296,1399
4342,1403.8843070000623,0.5400840866231296,1399
4343,1403.8843070000623,0.5400840866231296,1399
4344,1403.8843070000623,0.5400840866231296,1399
4345,1403.8843070000623,0.5400840866231296,1399
4346,1414.7235656277019,0.5552198090676128,1410
4347,1414.7235656277019,0.5552198090676128,1410
4348,1414.7235656277019,0.5552198090676128,1410
4349,1414.7235656277019,0.5552198090676128,1410
4350,1414.7235656277019,0.5552198090676128,1410
4351,1414.7235656277019,0.5552198090676128,1410
4352,1414.7235656277019,0.5552198090676128,1410
4353,1422.7599994511538,0.5517891288932406,1418
4354,1422.7599994511538,0.5517891288932406,1418
4355,1422.7599994511538,0.5517891288932406,1418
4356,1422.7599994511538,0.5517891288932406,1418
4357,1422.7599994511538,0.5517891288932406,1418
4358,1422.7599994511538,0.5517891288932406,1418
4359,1422.7599994511538,0.5517891288932406,1418
4360,1422.7599994511538,0.5517891288932406,1418
4361,1422.7599994511538,0.5517891288932406,1418
4362,1422.7599994511538,0.5517891288932406,1418
4363,1422.7599994511538,0.5517891288932406,1418
4364,1422.7599994511538,0.5517891288932406,1418
4365,1422.7599994511538,0.5517891288932406,1418
4366,1422.7599994511538,0.5517891288932406,1418
4367,1422.7599994511538,0.5517891288932406,1418
4368,1422.7599994511538,0.5517891288932406,1418
4369,1422.7599994511538,0.5517891288932406,1418
4370,1410.7218153846154,0.5553846153846154,1406
4371,1399.8830413275173,0.5402032648288888,1395
4372,1399.8830413275173,0.5402032648288888,1395
4373,1399.8830413275173,0.5402032648288888,1395
4374,1399.8830413275173,0.5402032648288888,1395
4375,1399.8830413275173,0.5402032648288888,1395
4376,1399.8830413275173,0.5402032648288888,1395
4377,1399.8830413275173,0.5402032648288888,1395
4378,1399.8830413275173,0.5402032648288888,1395
4379,1399.8830413275173,0.5402032648288888,1395
4380,1399.8830413275173,0.5402032648288888,1395
4381,1399.8830413275173,0.5402032648288888,1395
4382,1396.9960736024627,0.5295599244385364,1392
4383,1396.9960736024627,0.5295599244385364,1392
4384,1396.9960736024627,0.5295599244385364,1392
4385,1396.9960736024627,0.5295599244385364,1392
4386,1396.9960736024627,0.5295599244385364,1392
4387,1376.0886814583862,0.5208397873459419,1371
4388,1376.0886814583862,0.5208397873459419,1371
4389,1376.0886814583862,0.5208397873459419,1371
4390,1376.0886814583862,0.5208397873459419,1371
4391,1376.0886814583862,0.5208397873459419,1371
4392,1376.0886814583862,0.5208397873459419,1371
4393,1376.0886814583862,0.5208397873459419,1371
4394,1376.0886814583862,0.5208397873459419,1371
4395,1376.0886814583862,0.5208397873459419,1371
4396,1376.0886814583862,0.5208397873459419,1371
4397,1376.0886814583862,0.5208397873459419,1371
4398,1376.0886814583862,0.5208397873459419,1371
4399,1376.0886814583862,0.5208397873459419,1371
4400,1376.0886814583862,0.5208397873459419,1371
4401,1376.0886814583862,0.5208397873459419,1371
4402,1376.0886814583862,0.5208397873459419,1371
4403,1376.0886814583862,0.5208397873459419,1371
4404,1376.0886814583862,0.5208397873459419,1371
4405,1376.0886814583862,0.5208397873459419,1371
4406,1376.0886814583862,0.5208397873459419,1371
4407,1376.0886814583862,0.5208397873459419,1371
4408,1376.0886814583862,0.5208397873459419,1371
4409,1376.0886814583862,0.5208397873459419,1371
4410,1376.0886814583862,0.5208397873459419,1371
4411,1376.0886814583862,0.5208397873459419,1371
4412,1376.0886814583862,0.5208397873459419,1371
4413,1376.0886814583862,0.5208397873459419,1371
4414,1376.0886814583862,0.5208397873459419,1371
4415,1376.0886814583862,0.5208397873459419,1371
4416,1376.0886814583862,0.5208397873459419,1371
4417,1376.0886814583862,0.5208397873459419,1371
4418,1376.0886814583862,0.5208397873459419,1371
4419,1376.0886814583862,0.5208397873459419,1371
4420,1376.0886814583862,0.5208397873459419,1371
4421,1376.0886814583862,0.5208397873459419,1371
4422,1376.0886814583862,0.5208397873459419,1371
4423,1376.0886814583862,0.5208397873459419,1371
4424,1376.0886814583862,0.5208397873459419,1371
4425,1376.0886814583862,0.5208397873459419,1371
4426,1376.0886814583862,0.5208397873459419,1371
4427,1376.0886814583862,0.5208397873459419,1371
4428,1376.0886814583862,0.5208397873459419,1371
4429,1376.0886814583862,0.5208397873459419,1371
4430,1376.0886814583862,0.5208397873459419,1371
4431,1376.0886814583862,0.5208397873459419,1371
4432,1376.0886814583862,0.5208397873459419,1371
4433,1376.0886814583862,0.5208397873459419,1371
4434,1376.0886814583862,0.5208397873459419,1371
4435,1376.0886814583862,0.5208397873459419,1371
4436,1376.0886814583862,0.5208397873459419,1371
4437,1376.0886814583862,0.5208397873459419,1371
4438,1376.0886814583862,0.5208397873459419,1371
4439,1376.0886814583862,0.5208397873459419,1371
4440,1376.0886814583862,0.5208397873459419,1371
4441,1376.0886814583862,0.5208397873459419,1371
4442,1376.0886814583862,0.5208397873459419,1371
4443,1376.0886814583862,0.5208397873459419,1371
4444,1376.0886814583862,0.5208397873459419,1371
4445,1376.0886814583862,0.5208397873459419,1371
4446,1376.0886814583862,0.5208397873459419,1371
4447,1376.0886814583862,0.5208397873459419,1371
4448,1376.0886814583862,0.5208397873459419,1371
4449,1376.0886814583862,0.5208397873459419,1371
4450,1376.0886814583862,0.5208397873459419,1371
4451,1376.0886814583862,0.5208397873459419,1371
4452,1376.0886814583862,0.5208397873459419,1371
4453,1376.0886814583862,0.5208397873459419,1371
4454,1376.0886814583862,0.5208397873459419,1371
4455,1376.0886814583862,0.5208397873459419,1371
4456,1376.0886814583862,0.5208397873459419,1371
4457,1376.0886814583862,0.5208397873459419,1371
4458,1376.0886814583862,0.5208397873459419,1371
4459,1376.0886814583862,0.5208397873459419,1371
4460,1376.0886814583862,0.5208397873459419,1371
4461,1376.0886814583862,0.5208397873459419,1371
4462,1376.0886814583862,0.5208397873459419,1371
4463,1376.0886814583862,0.5208397873459419,1371
4464,1376.0886814583862,0.5208397873459419,1371
4465,1376.0886814583862,0.5208397873459419,1371
4466,1376.0886814583862,0.5208397873459419,1371
4467,1376.0886814583862,0.5208397873459419,1371
4468,1376.0886814583862,0.5208397873459419,1371
4469,1376.0886814583862,0.5208397873459419,1371
4470,1376.0886814583862,0.5208397873459419,1371
4471,1376.0886814583862,0.5208397873459419,1371
4472,1376.0886814583862,0.5208397873459419,1371
4473,1376.0886814583862,0.5208397873459419,1371
4474,1376.0886814583862,0.5208397873459419,1371
4475,1376.0886814583862,0.5208397873459419,1371
4476,1387.9695595201867,0.5320565423553046,1383
4477,1387.9695595201867,0.5320565423553046,1383
4478,1387.9695595201867,0.5320565423553046,1383
4479,1387.9695595201867,0.5320565423553046,1383
4480,1387.9695595201867,0.5320565423553046,1383
4481,1387.9695595201867,0.5320565423553046,1383
4482,1387.9695595201867,0.5320565423553046,1383
4483,1387.9695595201867,0.5320565423553046,1383
4484,1387.9695595201867,0.5320565423553046,1383
4485,1387.9695595201867,0.5320565423553046,1383
4486,1387.9695595201867,0.5320565423553046,1383
4487,1387.9695595201867,0.5320565423553046,1383
4488,1387.9695595201867,0.5320565423553046,1383
4489,1387.9695595201867,0.5320565423553046,1383
4490,1387.9695595201867,0.5320565423553046,1383
4491,1387.9695595201867,0.5320565423553046,1383
4492,1387.9695595201867,0.5320565423553046,1383
4493,1387.9695595201867,0.5320565423553046,1383
4494,1387.9695595201867,0.5320565423553046,1383
4495,1387.9695595201867,0.5320565423553046,1383
4496,1387.9695595201867,0.5320565423553046,1383
4497,1387.9695595201867,0.5320565423553046,1383
4498,1387.9695595201867,0.5320565423553046,1383
4499,1387.9695595201867,0.5320565423553046,1383
4500,1387.9695595201867,0.5320565423553046,1383
4501,1387.9695595201867,0.5320565423553046,1383
4502,1387.9695595201867,0.5320565423553046,1383
4503,1387.9695595201867,0.5320565423553046,1383
4504,1387.9695595201867,0.5320565423553046,1383
4505,1387.9695595201867,0.5320565423553046,1383
4506,1387.9695595201867,0.5320565423553046,1383
4507,1387.9695595201867,0.5320565423553046,1383
4508,1387.9695595201867,0.5320565423553046,1383
4509,1387.9695595201867,0.5320565423553046,1383
4510,1387.9695595201867,0.5320565423553046,1383
4511,1387.9695595201867,0.5320565423553046,1383
4512,1387.9695595201867,0.5320565423553046,1383
4513,1387.9695595201867,0.5320565423553046,1383
4514,1387.9695595201867,0.5320565423553046,1383
4515,1387.9695595201867,0.5320565423553046,1383
4516,1387.9695595201867,0.5320565423553046,1383
4517,1387.9695595201867,0.5320565423553046,1383
4518,1387.9695595201867,0.5320565423553046,1383
4519,1387.9695595201867,0.5320565423553046,1383
4520,1387.9695595201867,0.5320565423553046,1383
4521,1387.9695595201867,0.5320565423553046,1383
4522,1387.9695595201867,0.5320565423553046,1383
4523,1387.9695595201867,0.5320565423553046,1383
4524,1387.9695595201867,0.5320565423553046,1383
4525,1387.9695595201867,0.5320565423553046,1383
4526,1387.9695595201867,0.5320565423553046,1383
4527,1387.9695595201867,0.5320565423553046,1383
4528,1387.9695595201867,0.5320565423553046,1383
4529,1387.9695595201867,0.5320565423553046,1383
4530,1387.9695595201867,0.5320565423553046,1383
4531,1387.9695595201867,0.5320565423553046,1383
4532,1387.9695595201867,0.5320565423553046,1383
4533,1387.9695595201867,0.5320565423553046,1383
4534,1387.9695595201867,0.5320565423553046,1383
4535,1387.9695595201867,0.5320565423553046,1383
4536,1385.895104703651,0.5390673537051746,1381
4537,1385.895104703651,0.5390673537051746,1381
4538,1385.895104703651,0.5390673537051746,1381
4539,1385.895104703651,0.5390673537051746,1381
4540,1385.895104703651,0.5390673537051746,1381
4541,1385.895104703651,0.5390673537051746,1381
4542,1377.9916070270888,0.5299805059238488,1373
4543,1377.9916070270888,0.5299805059238488,1373
4544,1377.9916070270888,0.5299805059238488,1373
4545,1377.9916070270888,0.5299805059238488,1373
4546,1377.9916070270888,0.5299805059238488,1373
4547,1377.9916070270888,0.5299805059238488,1373
4548,1377.9916070270888,0.5299805059238488,1373
4549,1377.9916070270888,0.5299805059238488,1373
4550,1377.9916070270888,0.5299805059238488,1373
4551,1377.9916070270888,0.5299805059238488,1373
4552,1377.9916070270888,0.5299805059238488,1373
4553,1377.9916070270888,0.5299805059238488,1373
4554,1377.9916070270888,0.5299805059238488,1373
4555,1377.9916070270888,0.5299805059238488,1373
4556,1377.9916070270888,0.5299805059238488,1373
4557,1377.9916070270888,0.5299805059238488,1373
4558,1377.9916070270888,0.5299805059238488,1373
4559,1377.9916070270888,0.5299805059238488,1373
4560,1377.9916070270888,0.5299805059238488,1373
4561,1377.9916070270888,0.5299805059238488,1373
4562,1377.9916070270888,0.5299805059238488,1373
4563,1377.9916070270888,0.5299805059238488,1373
4564,1377.9916070270888,0.5299805059238488,1373
4565,1377.9916070270888,0.5299805059238488,1373
4566,1377.9916070270888,0.5299805059238488,1373
4567,1377.9916070270888,0.5299805059238488,1373
4568,1377.9916070270888,0.5299805059238488,1373
4569,1377.9916070270888,0.5299805059238488,1373
4570,1377.9916070270888,0.5299805059238488,1373
4571,1377.9916070270888,0.5299805059238488,1373
4572,1365.0460637519027,0.524852754058131,1360
4573,1365.0460637519027,0.524852754058131,1360
4574,1365.0460637519027,0.524852754058131,1360
4575,1365.0460637519027,0.524852754058131,1360
4576,1365.0460637519027,0.524852754058131,1360
4577,1365.0460637519027,0.524852754058131,1360
4578,1365.0460637519027,0.524852754058131,1360
4579,1365.0460637519027,0.524852754058131,1360
4580,1378.0486212082335,0.5246119389610556,1373
4581,1378.0486212082335,0.5246119389610556,1373
4582,1378.0486212082335,0.5246119389610556,1373
4583,1378.0486212082335,0.5246119389610556,1373
4584,1378.0486212082335,0.5246119389610556,1373
4585,1378.0486212082335,0.5246119389610556,1373
4586,1378.0486212082335,0.5246119389610556,1373
4587,1378.0486212082335,0.5246119389610556,1373
4588,1378.0486212082335,0.5246119389610556,1373
4589,1378.0486212082335,0.5246119389610556,1373
4590,1365.0460637519027,0.524852754058131,1360
4591,1365.0460637519027,0.524852754058131,1360
4592,1365.0460637519027,0.524852754058131,1360
4593,1365.0460637519027,0.524852754058131,1360
4594,1365.0460637519027,0.524852754058131,1360
4595,1365.0460637519027,0.524852754058131,1360
4596,1365.0460637519027,0.524852754058131,1360
4597,1365.0460637519027,0.524852754058131,1360
4598,1365.0460637519027,0.524852754058131,1360
4599,1365.0460637519027,0.524852754058131,1360
4600,1365.0460637519027,0.524852754058131,1360
4601,1365.0460637519027,0.524852754058131,1360
4602,1365.0460637519027,0.524852754058131,1360
4603,1365.0460637519027,0.524852754058131,1360
4604,1365.0460637519027,0.524852754058131,1360
4605,1367.1034015990394,0.5194537100716186,1362
4606,1367.1034015990394,0.5194537100716186,1362
4607,1367.1034015990394,0.5194537100716186,1362
4608,1367.1034015990394,0.5194537100716186,1362
4609,1367.1034015990394,0.5194537100716186,1362
4610,1367.1034015990394,0.5194537100716186,1362
4611,1367.1034015990394,0.5194537100716186,1362
4612,1367.1034015990394,0.5194537100716186,1362
4613,1367.1034015990394,0.5194537100716186,1362
4614,1367.1034015990394,0.5194537100716186,1362
4615,1367.1034015990394,0.5194537100716186,1362
4616,1367.1034015990394,0.5194537100716186,1362
4617,1367.1034015990394,0.5194537100716186,1362
4618,1367.1034015990394,0.5194537100716186,1362
4619,1367.1034015990394,0.5194537100716186,1362
4620,1367.1034015990394,0.5194537100716186,1362
4621,1367.1034015990394,0.5194537100716186,1362
4622,1367.1034015990394,0.5194537100716186,1362
4623,1367.1034015990394,0.5194537100716186,1362
4624,1367.1034015990394,0.5194537100716186,1362
4625,1367.1034015990394,0.5194537100716186,1362
4626,1367.1034015990394,0.5194537100716186,1362
4627,1367.1034015990394,0.5194537100716186,1362
4628,1367.1034015990394,0.5194537100716186,1362
4629,1367.1034015990394,0.5194537100716186,1362
4630,1367.1034015990394,0.5194537100716186,1362
4631,1367.1034015990394,0.5194537100716186,1362
4632,1367.1034015990394,0.5194537100716186,1362
4633,1367.1034015990394,0.5194537100716186,1362
4634,1367.1034015990394,0.5194537100716186,1362
4635,1367.1034015990394,0.5194537100716186,1362
4636,1367.1034015990394,0.5194537100716186,1362
4637,1367.1034015990394,0.5194537100716186,1362
4638,1367.1034015990394,0.5194537100716186,1362
4639,1367.1034015990394,0.5194537100716186,1362
4640,1367.1034015990394,0.5194537100716186,1362
4641,1367.1034015990394,0.5194537100716186,1362
4642,1367.1034015990394,0.5194537100716186,1362
4643,1367.1034015990394,0.5194537100716186,1362
4644,1367.1034015990394,0.5194537100716186,1362
4645,1367.1034015990394,0.5194537100716186,1362
4646,1367.1034015990394,0.5194537100716186,1362
4647,1367.1034015990394,0.5194537100716186,1362
4648,1367.1034015990394,0.5194537100716186,1362
4649,1367.1034015990394,0.5194537100716186,1362
4650,1367.1034015990394,0.5194537100716186,1362
4651,1367.1034015990394,0.5194537100716186,1362
4652,1367.1034015990394,0.5194537100716186,1362
4653,1367.1034015990394,0.5194537100716186,1362
4654,1367.1034015990394,0.5194537100716186,1362
4655,1367.1034015990394,0.5194537100716186,1362
4656,1367.1034015990394,0.5194537100716186,1362
4657,1367.1034015990394,0.5194537100716186,1362
4658,1367.1034015990394,0.5194537100716186,1362
4659,1367.1034015990394,0.5194537100716186,1362
4660,1367.1034015990394,0.5194537100716186,1362
4661,1367.1034015990394,0.5194537100716186,1362
4662,1367.1034015990394,0.5194537100716186,1362
4663,1367.1034015990394,0.5194537100716186,1362
4664,1367.1034015990394,0.5194537100716186,1362
4665,1367.1034015990394,0.5194537100716186,1362
4666,1367.1034015990394,0.5194537100716186,1362
4667,1367.1034015990394,0.5194537100716186,1362
4668,1367.1034015990394,0.5194537100716186,1362
4669,1367.1034015990394,0.5194537100716186,1362
4670,1367.1034015990394,0.5194537100716186,1362
4671,1367.1034015990394,0.5194537100716186,1362
4672,1367.1034015990394,0.5194537100716186,1362
4673,1367.1034015990394,0.5194537100716186,1362
4674,1367.1034015990394,0.5194537100716186,1362
4675,1367.1034015990394,0.5194537100716186,1362
4676,1367.1034015990394,0.5194537100716186,1362
4677,1367.1034015990394,0.5194537100716186,1362
4678,1367.1034015990394,0.5194537100716186,1362
4679,1367.1034015990394,0.5194537100716186,1362
4680,1367.1034015990394,0.5194537100716186,1362
4681,1367.1034015990394,0.5194537100716186,1362
4682,1367.1034015990394,0.5194537100716186,1362
4683,1367.1034015990394,0.5194537100716186,1362
4684,1367.1034015990394,0.5194537100716186,1362
4685,1367.1034015990394,0.5194537100716186,1362
4686,1367.1034015990394,0.5194537100716186,1362
4687,1367.1034015990394,0.5194537100716186,1362
4688,1367.1034015990394,0.5194537100716186,1362
4689,1367.1034015990394,0.5194537100716186,1362
4690,1367.1034015990394,0.5194537100716186,1362
4691,1367.1034015990394,0.5194537100716186,1362
4692,1352.101057473806,0.5196744374947371,1347
4693,1352.101057473806,0.5196744374947371,1347
4694,1352.101057473806,0.5196744374947371,1347
4695,1352.101057473806,0.5196744374947371,1347
4696,1352.101057473806,0.5196744374947371,1347
4697,1352.101057473806,0.5196744374947371,1347
4698,1352.101057473806,0.5196744374947371,1347
4699,1352.101057473806,0.5196744374947371,1347
4700,1352.101057473806,0.5196744374947371,1347
4701,1352.101057473806,0.5196744374947371,1347
4702,1352.101057473806,0.5196744374947371,1347
4703,1352.101057473806,0.5196744374947371,1347
4704,1352.101057473806,0.5196744374947371,1347
4705,1352.101057473806,0.5196744374947371,1347
4706,1352.101057473806,0.5196744374947371,1347
4707,1352.101057473806,0.5196744374947371,1347
4708,1352.101057473806,0.5196744374947371,1347
4709,1352.101057473806,0.5196744374947371,1347
4710,1352.101057473806,0.5196744374947371,1347
4711,1352.101057473806,0.5196744374947371,1347
4712,1352.101057473806,0.5196744374947371,1347
4713,1352.101057473806,0.5196744374947371,1347
4714,1352.101057473806,0.5196744374947371,1347
4715,1352.101057473806,0.5196744374947371,1347
4716,1352.101057473806,0.5196744374947371,1347
4717,1352.101057473806,0.5196744374947371,1347
4718,1352.101057473806,0.5196744374947371,1347
4719,1352.101057473806,0.5196744374947371,1347
4720,1352.101057473806,0.5196744374947371,1347
4721,1352.101057473806,0.5196744374947371,1347
4722,1352.101057473806,0.5196744374947371,1347
4723,1352.101057473806,0.5196744374947371,1347
4724,1352.101057473806,0.5196744374947371,1347
4725,1352.101057473806,0.5196744374947371,1347
4726,1352.101057473806,0.5196744374947371,1347
4727,1352.101057473806,0.5196744374947371,1347
4728,1352.101057473806,0.5196744374947371,1347
4729,1352.101057473806,0.5196744374947371,1347
4730,1352.101057473806,0.5196744374947371,1347
4731,1352.101057473806,0.5196744374947371,1347
4732,1352.101057473806,0.5196744374947371,1347
4733,1352.101057473806,0.5196744374947371,1347
4734,1352.101057473806,0.5196744374947371,1347
4735,1352.101057473806,0.5196744374947371,1347
4736,1352.101057473806,0.5196744374947371,1347
4737,1352.101057473806,0.5196744374947371,1347
4738,1352.101057473806,0.5196744374947371,1347
4739,1352.101057473806,0.5196744374947371,1347
4740,1352.101057473806,0.5196744374947371,1347
4741,1352.101057473806,0.5196744374947371,1347
4742,1352.101057473806,0.5196744374947371,1347
4743,1352.101057473806,0.5196744374947371,1347
4744,1352.101057473806,0.5196744374947371,1347
4745,1352.101057473806,0.5196744374947371,1347
4746,1352.101057473806,0.5196744374947371,1347
4747,1352.101057473806,0.5196744374947371,1347
4748,1352.101057473806,0.5196744374947371,1347
4749,1352.101057473806,0.5196744374947371,1347
4750,1352.101057473806,0.5196744374947371,1347
4751,1352.101057473806,0.5196744374947371,1347
4752,1352.101057473806,0.5196744374947371,1347
4753,1352.101057473806,0.5196744374947371,1347
4754,1352.101057473806,0.5196744374947371,1347
4755,1352.101057473806,0.5196744374947371,1347
4756,1352.101057473806,0.5196744374947371,1347
4757,1352.101057473806,0.5196744374947371,1347
4758,1352.101057473806,0.5196744374947371,1347
4759,1352.101057473806,0.5196744374947371,1347
4760,1352.101057473806,0.5196744374947371,1347
4761,1352.101057473806,0.5196744374947371,1347
4762,1352.101057473806,0.5196744374947371,1347
4763,1352.101057473806,0.5196744374947371,1347
4764,1352.101057473806,0.5196744374947371,1347
4765,1352.101057473806,0.5196744374947371,1347
4766,1352.101057473806,0.5196744374947371,1347
4767,1352.101057473806,0.5196744374947371,1347
4768,1352.101057473806,0.5196744374947371,1347
4769,1352.101057473806,0.5196744374947371,1347
4770,1352.101057473806,0.5196744374947371,1347
4771,1352.101057473806,0.5196744374947371,1347
4772,1352.101057473806,0.5196744374947371,1347
4773,1352.101057473806,0.5196744374947371,1347
4774,1352.101057473806,0.5196744374947371,1347
4775,1352.101057473806,0.5196744374947371,1347
4776,1352.101057473806,0.5196744374947371,1347
4777,1352.101057473806,0.5196744374947371,1347
4778,1352.101057473806,0.5196744374947371,1347
4779,1352.101057473806,0.5196744374947371,1347
4780,1352.101057473806,0.5196744374947371,1347
4781,1352.101057473806,0.5196744374947371,1347
4782,1352.101057473806,0.5196744374947371,1347
4783,1352.101057473806,0.5196744374947371,1347
4784,1352.101057473806,0.5196744374947371,1347
4785,1352.101057473806,0.5196744374947371,1347
4786,1352.101057473806,0.5196744374947371,1347
4787,1352.101057473806,0.5196744374947371,1347
4788,1352.101057473806,0.5196744374947371,1347
4789,1352.101057473806,0.5196744374947371,1347
4790,1352.101057473806,0.5196744374947371,1347
4791,1352.101057473806,0.5196744374947371,1347
4792,1352.101057473806,0.5196744374947371,1347
4793,1352.101057473806,0.5196744374947371,1347
4794,1352.101057473806,0.5196744374947371,1347
4795,1352.101057473806,0.5196744374947371,1347
4796,1352.101057473806,0.5196744374947371,1347
4797,1352.101057473806,0.5196744374947371,1347
4798,1352.101057473806,0.5196744374947371,1347
4799,1352.101057473806,0.5196744374947371,1347
4800,1352.101057473806,0.5196744374947371,1347
4801,1352.101057473806,0.5196744374947371,1347
4802,1352.101057473806,0.5196744374947371,1347
4803,1352.101057473806,0.5196744374947371,1347
4804,1352.101057473806,0.5196744374947371,1347
4805,1352.101057473806,0.5196744374947371,1347
4806,1352.101057473806,0.5196744374947371,1347
4807,1352.101057473806,0.5196744374947371,1347
4808,1352.101057473806,0.5196744374947371,1347
4809,1352.101057473806,0.5196744374947371,1347
4810,1352.101057473806,0.5196744374947371,1347
4811,1352.101057473806,0.5196744374947371,1347
4812,1352.101057473806,0.5196744374947371,1347
4813,1352.101057473806,0.5196744374947371,1347
4814,1398.1080832849657,0.5190128733553907,1393
4815,1398.1080832849657,0.5190128733553907,1393
4816,1398.1080832849657,0.5190128733553907,1393
4817,1398.1080832849657,0.5190128733553907,1393
4818,1398.1080832849657,0.5190128733553907,1393
4819,1399.1082307782704,0.51899898509695,1394
4820,1399.1082307782704,0.51899898509695,1394
4821,1397.1079355759464,0.5190267819259501,1392
4822,1397.1079355759464,0.5190267819259501,1392
4823,1397.1079355759464,0.5190267819259501,1392
4824,1397.1079355759464,0.5190267819259501,1392
4825,1397.1079355759464,0.5190267819259501,1392
4826,1397.1079355759464,0.5190267819259501,1392
4827,1397.1079355759464,0.5190267819259501,1392
4828,1397.1079355759464,0.5190267819259501,1392
4829,1397.1079355759464,0.5190267819259501,1392
4830,1397.1079355759464,0.5190267819259501,1392
4831,1397.1079355759464,0.5190267819259501,1392
4832,1397.1079355759464,0.5190267819259501,1392
4833,1397.1079355759464,0.5190267819259501,1392
4834,1397.1079355759464,0.5190267819259501,1392
4835,1397.1079355759464,0.5190267819259501,1392
4836,1397.1079355759464,0.5190267819259501,1392
4837,1404.108965025546,0.5189298469353937,1399
4838,1342.099464957773,0.5198243919234475,1337
4839,1342.099464957773,0.5198243919234475,1337
4840,1342.099464957773,0.5198243919234475,1337
4841,1342.099464957773,0.5198243919234475,1337
4842,1342.099464957773,0.5198243919234475,1337
4843,1342.099464957773,0.5198243919234475,1337
4844,1342.099464957773,0.5198243919234475,1337
4845,1342.099464957773,0.5198243919234475,1337
4846,1342.099464957773,0.5198243919234475,1337
4847,1342.099464957773,0.5198243919234475,1337
4848,1342.099464957773,0.5198243919234475,1337
4849,1342.099464957773,0.5198243919234475,1337
4850,1342.099464957773,0.5198243919234475,1337
4851,1342.099464957773,0.5198243919234475,1337
4852,1342.099464957773,0.5198243919234475,1337
4853,1342.099464957773,0.5198243919234475,1337
4854,1342.099464957773,0.5198243919234475,1337
4855,1342.099464957773,0.5198243919234475,1337
4856,1342.099464957773,0.5198243919234475,1337
4857,1342.099464957773,0.5198243919234475,1337
4858,1342.099464957773,0.5198243919234475,1337
4859,1342.099464957773,0.5198243919234475,1337
4860,1342.099464957773,0.5198243919234475,1337
4861,1342.099464957773,0.5198243919234475,1337
4862,1342.099464957773,0.5198243919234475,1337
4863,1342.099464957773,0.5198243919234475,1337
4864,1342.099464957773,0.5198243919234475,1337
4865,1342.099464957773,0.5198243919234475,1337
4866,1342.099464957773,0.5198243919234475,1337
4867,1342.099464957773,0.5198243919234475,1337
4868,1342.099464957773,0.5198243919234475,1337
4869,1342.099464957773,0.5198243919234475,1337
4870,1342.099464957773,0.5198243919234475,1337
4871,1342.099464957773,0.5198243919234475,1337
4872,1342.099464957773,0.5198243919234475,1337
4873,1342.099464957773,0.5198243919234475,1337
4874,1342.099464957773,0.5198243919234475,1337
4875,1342.099464957773,0.5198243919234475,1337
4876,1342.099464957773,0.5198243919234475,1337
4877,1342.099464957773,0.5198243919234475,1337
4878,1342.099464957773,0.5198243919234475,1337
4879,1342.099464957773,0.5198243919234475,1337
4880,1342.099464957773,0.5198243919234475,1337
4881,1366.1032469609922,0.5194682710930107,1361
4882,1366.1032469609922,0.5194682710930107,1361
4883,1366.1032469609922,0.5194682710930107,1361
4884,1366.1032469609922,0.5194682710930107,1361
4885,1366.1032469609922,0.5194682710930107,1361
4886,1366.1032469609922,0.5194682710930107,1361
4887,1366.1032469609922,0.5194682710930107,1361
4888,1366.1032469609922,0.5194682710930107,1361
4889,1366.1032469609922,0.5194682710930107,1361
4890,1366.1032469609922,0.5194682710930107,1361
4891,1366.1032469609922,0.5194682710930107,1361
4892,1366.1032469609922,0.5194682710930107,1361
4893,1366.1032469609922,0.5194682710930107,1361
4894,1366.1032469609922,0.5194682710930107,1361
4895,1366.1032469609922,0.5194682710930107,1361
4896,1366.1032469609922,0.5194682710930107,1361
4897,1366.1032469609922,0.5194682710930107,1361
4898,1366.1032469609922,0.5194682710930107,1361
4899,1366.1032469609922,0.5194682710930107,1361
4900,1366.1032469609922,0.5194682710930107,1361
4901,1366.1032469609922,0.5194682710930107,1361
4902,1366.1032469609922,0.5194682710930107,1361
4903,1366.1032469609922,0.5194682710930107,1361
4904,1366.1032469609922,0.5194682710930107,1361
4905,1366.1032469609922,0.5194682710930107,1361
4906,1366.1032469609922,0.5194682710930107,1361
4907,1366.1032469609922,0.5194682710930107,1361
4908,1366.1032469609922,0.5194682710930107,1361
4909,1366.1032469609922,0.5194682710930107,1361
4910,1369.103710182476,0.5194246532508432,1364
4911,1369.103710182476,0.5194246532508432,1364
4912,1369.103710182476,0.5194246532508432,1364
4913,1369.103710182476,0.5194246532508432,1364
4914,1369.103710182476,0.5194246532508432,1364
4915,1369.103710182476,0.5194246532508432,1364
4916,1369.103710182476,0.5194246532508432,1364
4917,1369.103710182476,0.5194246532508432,1364
4918,1369.103710182476,0.5194246532508432,1364
4919,1369.103710182476,0.5194246532508432,1364
4920,1369.103710182476,0.5194246532508432,1364
4921,1369.103710182476,0.5194246532508432,1364
4922,1369.103710182476,0.5194246532508432,1364
4923,1369.103710182476,0.5194246532508432,1364
4924,1369.103710182476,0.5194246532508432,1364
4925,1369.103710182476,0.5194246532508432,1364
4926,1369.103710182476,0.5194246532508432,1364
4927,1369.103710182476,0.5194246532508432,1364
4928,1369.103710182476,0.5194246532508432,1364
4929,1369.103710182476,0.5194246532508432,1364
4930,1369.103710182476,0.5194246532508432,1364
4931,1369.103710182476,0.5194246532508432,1364
4932,1369.103710182476,0.5194246532508432,1364
4933,1369.103710182476,0.5194246532508432,1364
4934,1369.103710182476,0.5194246532508432,1364
4935,1369.103710182476,0.5194246532508432,1364
4936,1369.103710182476,0.5194246532508432,1364
4937,1369.103710182476,0.5194246532508432,1364
4938,1369.103710182476,0.5194246532508432,1364
4939,1369.103710182476,0.5194246532508432,1364
4940,1369.103710182476,0.5194246532508432,1364
4941,1369.103710182476,0.5194246532508432,1364
4942,1369.103710182476,0.5194246532508432,1364
4943,1369.103710182476,0.5194246532508432,1364
4944,1369.103710182476,0.5194246532508432,1364
4945,1369.103710182476,0.5194246532508432,1364
4946,1338.0988211360943,0.519885015433679,1333
4947,1338.0988211360943,0.519885015433679,1333
4948,1338.0988211360943,0.519885015433679,1333
4949,1338.0988211360943,0.519885015433679,1333
4950,1338.0988211360943,0.519885015433679,1333
4951,1338.0988211360943,0.519885015433679,1333
4952,1338.0988211360943,0.519885015433679,1333
4953,1338.0988211360943,0.519885015433679,1333
4954,1338.0988211360943,0.519885015433679,1333
4955,1338.0988211360943,0.519885015433679,1333
4956,1338.0988211360943,0.519885015433679,1333
4957,1338.0988211360943,0.519885015433679,1333
4958,1338.0988211360943,0.519885015433679,1333
4959,1338.0988211360943,0.519885015433679,1333
4960,1338.0988211360943,0.519885015433679,1333
4961,1338.0988211360943,0.519885015433679,1333
4962,1338.0988211360943,0.519885015433679,1333
4963,1338.0988211360943,0.519885015433679,1333
4964,1338.0988211360943,0.519885015433679,1333
4965,1338.0988211360943,0.519885015433679,1333
4966,1338.0988211360943,0.519885015433679,1333
4967,1338.0988211360943,0.519885015433679,1333
4968,1338.0988211360943,0.519885015433679,1333
4969,1338.0988211360943,0.519885015433679,1333
4970,1338.0988211360943,0.519885015433679,1333
4971,1338.0988211360943,0.519885015433679,1333
4972,1337.13992922133,0.5160141976148844,1332
4973,1337.13992922133,0.5160141976148844,1332
4974,1337.13992922133,0.5160141976148844,1332
4975,1337.13992922133,0.5160141976148844,1332
4976,1337.13992922133,0.5160141976148844,1332
4977,1337.13992922133,0.5160141976148844,1332
4978,1337.13992922133,0.5160141976148844,1332
4979,1337.13992922133,0.5160141976148844,1332
4980,1337.13992922133,0.5160141976148844,1332
4981,1337.13992922133,0.5160141976148844,1332
4982,1337.13992922133,0.5160141976148844,1332
4983,1337.13992922133,0.5160141976148844,1332
4984,1337.13992922133,0.5160141976148844,1332
4985,1337.13992922133,0.5160141976148844,1332
4986,1337.13992922133,0.5160141976148844,1332
4987,1337.13992922133,0.5160141976148844,1332
4988,1337.13992922133,0.5160141976148844,1332
4989,1337.13992922133,0.5160141976148844,1332
4990,1337.13992922133,0.5160141976148844,1332
4991,1337.13992922133,0.5160141976148844,1332
4992,1337.13992922133,0.5160141976148844,1332
4993,1337.13992922133,0.5160141976148844,1332
4994,1337.13992922133,0.5160141976148844,1332
4995,1337.13992922133,0.5160141976148844,1332
4996,1337.13992922133,0.5160141976148844,1332
4997,1337.13992922133,0.5160141976148844,1332
4998,1337.13992922133,0.5160141976148844,1332
4999,1337.13992922133,0.5160141976148844,1332
5000,1337.13992922133,0.5160141976148844,1332
5001,1337.13992922133,0.5160141976148844,1332
5002,1337.13992922133,0.5160141976148844,1332
5003,1337.13992922133,0.5160141976148844,1332
5004,1337.13992922133,0.5160141976148844,1332
5005,1337.13992922133,0.5160141976148844,1332
5006,1337.13992922133,0.5160141976148844,1332
5007,1337.13992922133,0.5160141976148844,1332
5008,1337.13992922133,0.5160141976148844,1332
5009,1337.13992922133,0.5160141976148844,1332
5010,1337.13992922133,0.5160141976148844,1332
5011,1337.13992922133,0.5160141976148844,1332
5012,1337.13992922133,0.5160141976148844,1332
5013,1337.13992922133,0.5160141976148844,1332
5014,1337.13992922133,0.5160141976148844,1332
5015,1331.0391323527829,0.5255054281748637,1326
5016,1331.0391323527829,0.5255054281748637,1326
5017,1331.0391323527829,0.5255054281748637,1326
5018,1359.7418223130107,0.5535007238219729,1355
5019,1338.9566661911983,0.5332706034653257,1334
5020,1338.9566661911983,0.5332706034653257,1334
5021,1338.9566661911983,0.5332706034653257,1334
5022,1345.04203004906,0.5252325754180859,1340
5023,1345.04203004906,0.5252325754180859,1340
5024,1345.04203004906,0.5252325754180859,1340
5025,1345.04203004906,0.5252325754180859,1340
5026,1345.04203004906,0.5252325754180859,1340
5027,1345.04203004906,0.5252325754180859,1340
5028,1345.04203004906,0.5252325754180859,1340
5029,1345.04203004906,0.5252325754180859,1340
5030,1345.04203004906,0.5252325754180859,1340
5031,1345.04203004906,0.5252325754180859,1340
5032,1345.04203004906,0.5252325754180859,1340
5033,1345.04203004906,0.5252325754180859,1340
5034,1338.9566661911983,0.5332706034653257,1334
5035,1338.9566661911983,0.5332706034653257,1334
5036,1338.9566661911983,0.5332706034653257,1334
5037,1338.9566661911983,0.5332706034653257,1334
5038,1338.9566661911983,0.5332706034653257,1334
5039,1338.9566661911983,0.5332706034653257,1334
5040,1338.9566661911983,0.5332706034653257,1334
5041,1338.9566661911983,0.5332706034653257,1334
5042,1345.04203004906,0.5252325754180859,1340
5043,1345.04203004906,0.5252325754180859,1340
5044,1345.04203004906,0.5252325754180859,1340
5045,1345.04203004906,0.5252325754180859,1340
5046,1345.04203004906,0.5252325754180859,1340
5047,1345.04203004906,0.5252325754180859,1340
5048,1345.04203004906,0.5252325754180859,1340
5049,1345.04203004906,0.5252325754180859,1340
5050,1345.04203004906,0.5252325754180859,1340
5051,1345.04203004906,0.5252325754180859,1340
5052,1345.04203004906,0.5252325754180859,1340
5053,1345.04203004906,0.5252325754180859,1340
5054,1345.04203004906,0.5252325754180859,1340
5055,1345.04203004906,0.5252325754180859,1340
5056,1345.04203004906,0.5252325754180859,1340
5057,1345.04203004906,0.5252325754180859,1340
5058,1345.04203004906,0.5252325754180859,1340
5059,1345.04203004906,0.5252325754180859,1340
5060,1345.04203004906,0.5252325754180859,1340
5061,1345.04203004906,0.5252325754180859,1340
5062,1345.04203004906,0.5252325754180859,1340
5063,1345.04203004906,0.5252325754180859,1340
5064,1345.04203004906,0.5252325754180859,1340
5065,1345.04203004906,0.5252325754180859,1340
5066,1345.04203004906,0.5252325754180859,1340
5067,1345.04203004906,0.5252325754180859,1340
5068,1345.04203004906,0.5252325754180859,1340
5069,1345.04203004906,0.5252325754180859,1340
5070,1345.04203004906,0.5252325754180859,1340
5071,1345.04203004906,0.5252325754180859,1340
5072,1345.04203004906,0.5252325754180859,1340
5073,1332.9550200656474,0.5334256058712435,1328
5074,1332.9550200656474,0.5334256058712435,1328
5075,1332.9550200656474,0.5334256058712435,1328
5076,1332.9550200656474,0.5334256058712435,1328
5077,1332.9550200656474,0.5334256058712435,1328
5078,1332.9550200656474,0.5334256058712435,1328
5079,1332.9550200656474,0.5334256058712435,1328
5080,1332.9550200656474,0.5334256058712435,1328
5081,1332.9550200656474,0.5334256058712435,1328
5082,1332.9550200656474,0.5334256058712435,1328
5083,1332.9550200656474,0.5334256058712435,1328
5084,1332.9550200656474,0.5334256058712435,1328
5085,1332.9550200656474,0.5334256058712435,1328
5086,1332.9550200656474,0.5334256058712435,1328
5087,1332.9550200656474,0.5334256058712435,1328
5088,1332.9550200656474,0.5334256058712435,1328
5089,1332.9550200656474,0.5334256058712435,1328
5090,1332.9550200656474,0.5334256058712435,1328
5091,1332.9550200656474,0.5334256058712435,1328
5092,1332.9550200656474,0.5334256058712435,1328
5093,1332.9550200656474,0.5334256058712435,1328
5094,1332.9550200656474,0.5334256058712435,1328
5095,1332.9550200656474,0.5334256058712435,1328
5096,1332.9550200656474,0.5334256058712435,1328
5097,1332.9550200656474,0.5334256058712435,1328
5098,1332.9550200656474,0.5334256058712435,1328
5099,1332.9550200656474,0.5334256058712435,1328
5100,1332.9550200656474,0.5334256058712435,1328
5101,1332.9550200656474,0.5334256058712435,1328
5102,1332.9550200656474,0.5334256058712435,1328
5103,1332.9550200656474,0.5334256058712435,1328
5104,1332.9550200656474,0.5334256058712435,1328
5105,1332.9550200656474,0.5334256058712435,1328
5106,1332.9550200656474,0.5334256058712435,1328
5107,1332.9550200656474,0.5334256058712435,1328
5108,1332.9550200656474,0.5334256058712435,1328
5109,1332.9550200656474,0.5334256058712435,1328
5110,1332.9550200656474,0.5334256058712435,1328
5111,1332.9550200656474,0.5334256058712435,1328
5112,1332.9550200656474,0.5334256058712435,1328
5113,1332.9550200656474,0.5334256058712435,1328
5114,1332.9550200656474,0.5334256058712435,1328
5115,1332.9550200656474,0.5334256058712435,1328
5116,1332.9550200656474,0.5334256058712435,1328
5117,1332.9550200656474,0.5334256058712435,1328
5118,1332.9550200656474,0.5334256058712435,1328
5119,1332.9550200656474,0.5334256058712435,1328
5120,1332.9550200656474,0.5334256058712435,1328
5121,1332.9550200656474,0.5334256058712435,1328
5122,1332.9550200656474,0.5334256058712435,1328
5123,1332.9550200656474,0.5334256058712435,1328
5124,1332.9550200656474,0.5334256058712435,1328
5125,1332.9550200656474,0.5334256058712435,1328
5126,1332.9550200656474,0.5334256058712435,1328
5127,1332.9550200656474,0.5334256058712435,1328
5128,1332.9550200656474,0.5334256058712435,1328
5129,1332.9550200656474,0.5334256058712435,1328
5130,1332.9550200656474,0.5334256058712435,1328
5131,1332.9550200656474,0.5334256058712435,1328
5132,1332.9550200656474,0.5334256058712435,1328
5133,1332.9550200656474,0.5334256058712435,1328
5134,1332.9550200656474,0.5334256058712435,1328
5135,1332.9550200656474,0.5334256058712435,1328
5136,1332.9550200656474,0.5334256058712435,1328
5137,1332.9550200656474,0.5334256058712435,1328
5138,1332.9550200656474,0.5334256058712435,1328
5139,1332.9550200656474,0.5334256058712435,1328
5140,1332.9550200656474,0.5334256058712435,1328
5141,1332.9550200656474,0.5334256058712435,1328
5142,1332.9550200656474,0.5334256058712435,1328
5143,1332.9550200656474,0.5334256058712435,1328
5144,1332.9550200656474,0.5334256058712435,1328
5145,1332.9550200656474,0.5334256058712435,1328
5146,1332.9550200656474,0.5334256058712435,1328
5147,1332.9550200656474,0.5334256058712435,1328
5148,1332.9550200656474,0.5334256058712435,1328
5149,1332.9550200656474,0.5334256058712435,1328
5150,1332.9550200656474,0.5334256058712435,1328
5151,1332.9550200656474,0.5334256058712435,1328
5152,1332.9550200656474,0.5334256058712435,1328
5153,1332.9550200656474,0.5334256058712435,1328
5154,1332.9550200656474,0.5334256058712435,1328
5155,1332.9550200656474,0.5334256058712435,1328
5156,1332.9550200656474,0.5334256058712435,1328
5157,1332.9550200656474,0.5334256058712435,1328
5158,1332.9550200656474,0.5334256058712435,1328
5159,1332.9550200656474,0.5334256058712435,1328
5160,1332.9550200656474,0.5334256058712435,1328
5161,1332.9550200656474,0.5334256058712435,1328
5162,1332.9550200656474,0.5334256058712435,1328
5163,1332.9550200656474,0.5334256058712435,1328
5164,1332.9550200656474,0.5334256058712435,1328
5165,1332.9550200656474,0.5334256058712435,1328
5166,1332.9550200656474,0.5334256058712435,1328
5167,1332.9550200656474,0.5334256058712435,1328
5168,1332.9550200656474,0.5334256058712435,1328
5169,1332.9550200656474,0.5334256058712435,1328
5170,1332.9550200656474,0.5334256058712435,1328
5171,1332.9550200656474,0.5334256058712435,1328
5172,1332.9550200656474,0.5334256058712435,1328
5173,1332.9550200656474,0.5334256058712435,1328
5174,1332.9550200656474,0.5334256058712435,1328
5175,1332.9550200656474,0.5334256058712435,1328
5176,1332.9550200656474,0.5334256058712435,1328
5177,1332.9550200656474,0.5334256058712435,1328
5178,1332.9550200656474,0.5334256058712435,1328
5179,1332.9550200656474,0.5334256058712435,1328
5180,1332.9550200656474,0.5334256058712435,1328
5181,1332.9550200656474,0.5334256058712435,1328
5182,1332.9550200656474,0.5334256058712435,1328
5183,1332.9550200656474,0.5334256058712435,1328
5184,1332.9550200656474,0.5334256058712435,1328
5185,1332.9550200656474,0.5334256058712435,1328
5186,1332.9550200656474,0.5334256058712435,1328
5187,1332.9550200656474,0.5334256058712435,1328
5188,1332.9550200656474,0.5334256058712435,1328
5189,1332.9550200656474,0.5334256058712435,1328
5190,1332.9550200656474,0.5334256058712435,1328
5191,1332.9550200656474,0.5334256058712435,1328
5192,1332.9550200656474,0.5334256058712435,1328
5193,1332.9550200656474,0.5334256058712435,1328
5194,1332.9550200656474,0.5334256058712435,1328
5195,1332.9550200656474,0.5334256058712435,1328
5196,1332.9550200656474,0.5334256058712435,1328
5197,1332.9550200656474,0.5334256058712435,1328
5198,1332.9550200656474,0.5334256058712435,1328
5199,1332.9550200656474,0.5334256058712435,1328
5200,1332.9550200656474,0.5334256058712435,1328
5201,1332.9550200656474,0.5334256058712435,1328
5202,1332.9550200656474,0.5334256058712435,1328
5203,1332.9550200656474,0.5334256058712435,1328
5204,1332.9550200656474,0.5334256058712435,1328
5205,1332.9550200656474,0.5334256058712435,1328
5206,1332.9550200656474,0.5334256058712435,1328
5207,1332.9550200656474,0.5334256058712435,1328
5208,1332.9550200656474,0.5334256058712435,1328
5209,1332.9550200656474,0.5334256058712435,1328
5210,1332.9550200656474,0.5334256058712435,1328
5211,1332.9550200656474,0.5334256058712435,1328
5212,1332.9550200656474,0.5334256058712435,1328
5213,1332.9550200656474,0.5334256058712435,1328
5214,1332.9550200656474,0.5334256058712435,1328
5215,1332.9550200656474,0.5334256058712435,1328
5216,1332.9550200656474,0.5334256058712435,1328
5217,1332.9550200656474,0.5334256058712435,1328
5218,1332.9550200656474,0.5334256058712435,1328
5219,1332.9550200656474,0.5334256058712435,1328
5220,1332.9550200656474,0.5334256058712435,1328
5221,1332.9550200656474,0.5334256058712435,1328
5222,1332.9550200656474,0.5334256058712435,1328
5223,1332.9550200656474,0.5334256058712435,1328
5224,1332.9550200656474,0.5334256058712435,1328
5225,1332.9550200656474,0.5334256058712435,1328
5226,1332.9550200656474,0.5334256058712435,1328
5227,1332.9550200656474,0.5334256058712435,1328
5228,1332.9550200656474,0.5334256058712435,1328
5229,1332.9550200656474,0.5334256058712435,1328
5230,1332.9550200656474,0.5334256058712435,1328
5231,1332.9550200656474,0.5334256058712435,1328
5232,1332.9550200656474,0.5334256058712435,1328
5233,1332.9550200656474,0.5334256058712435,1328
5234,1332.9550200656474,0.5334256058712435,1328
5235,1332.9550200656474,0.5334256058712435,1328
5236,1332.9550200656474,0.5334256058712435,1328
5237,1332.9550200656474,0.5334256058712435,1328
5238,1332.9550200656474,0.5334256058712435,1328
5239,1332.9550200656474,0.5334256058712435,1328
5240,1332.9550200656474,0.5334256058712435,1328
5241,1332.9550200656474,0.5334256058712435,1328
5242,1332.9550200656474,0.5334256058712435,1328
5243,1332.9550200656474,0.5334256058712435,1328
5244,1332.9550200656474,0.5334256058712435,1328
5245,1332.9550200656474,0.5334256058712435,1328
5246,1332.9550200656474,0.5334256058712435,1328
5247,1332.9550200656474,0.5334256058712435,1328
5248,1332.9550200656474,0.5334256058712435,1328
5249,1332.9550200656474,0.5334256058712435,1328
5250,1332.9550200656474,0.5334256058712435,1328
5251,1332.9550200656474,0.5334256058712435,1328
5252,1332.9550200656474,0.5334256058712435,1328
5253,1332.9550200656474,0.5334256058712435,1328
5254,1332.9550200656474,0.5334256058712435,1328
5255,1332.9550200656474,0.5334256058712435,1328
5256,1332.9550200656474,0.5334256058712435,1328
5257,1332.9550200656474,0.5334256058712435,1328
5258,1332.9550200656474,0.5334256058712435,1328
5259,1332.9550200656474,0.5334256058712435,1328
5260,1332.9550200656474,0.5334256058712435,1328
5261,1332.9550200656474,0.5334256058712435,1328
5262,1332.9550200656474,0.5334256058712435,1328
5263,1332.9550200656474,0.5334256058712435,1328
5264,1332.9550200656474,0.5334256058712435,1328
5265,1332.9550200656474,0.5334256058712435,1328
5266,1332.9550200656474,0.5334256058712435,1328
5267,1332.9550200656474,0.5334256058712435,1328
5268,1332.9550200656474,0.5334256058712435,1328
5269,1332.9550200656474,0.5334256058712435,1328
5270,1332.9550200656474,0.5334256058712435,1328
5271,1332.9550200656474,0.5334256058712435,1328
5272,1332.9550200656474,0.5334256058712435,1328
5273,1332.9550200656474,0.5334256058712435,1328
5274,1332.9550200656474,0.5334256058712435,1328
5275,1332.9550200656474,0.5334256058712435,1328
5276,1332.9550200656474,0.5334256058712435,1328
5277,1332.9550200656474,0.5334256058712435,1328
5278,1332.9550200656474,0.5334256058712435,1328
5279,1332.9550200656474,0.5334256058712435,1328
5280,1332.9550200656474,0.5334256058712435,1328
5281,1332.9550200656474,0.5334256058712435,1328
5282,1332.9550200656474,0.5334256058712435,1328
5283,1332.9550200656474,0.5334256058712435,1328
5284,1332.9550200656474,0.5334256058712435,1328
5285,1332.9550200656474,0.5334256058712435,1328
5286,1332.9550200656474,0.5334256058712435,1328
5287,1332.9550200656474,0.5334256058712435,1328
5288,1332.9550200656474,0.5334256058712435,1328
5289,1332.9550200656474,0.5334256058712435,1328
5290,1332.9550200656474,0.5334256058712435,1328
5291,1332.9550200656474,0.5334256058712435,1328
5292,1332.9550200656474,0.5334256058712435,1328
5293,1332.9550200656474,0.5334256058712435,1328
5294,1332.9550200656474,0.5334256058712435,1328
5295,1332.9550200656474,0.5334256058712435,1328
5296,1332.9550200656474,0.5334256058712435,1328
5297,1332.9550200656474,0.5334256058712435,1328
5298,1332.9550200656474,0.5334256058712435,1328
5299,1332.9550200656474,0.5334256058712435,1328
5300,1332.9550200656474,0.5334256058712435,1328
5301,1332.9550200656474,0.5334256058712435,1328
5302,1332.9550200656474,0.5334256058712435,1328
5303,1332.9550200656474,0.5334256058712435,1328
5304,1332.9550200656474,0.5334256058712435,1328
5305,1332.9550200656474,0.5334256058712435,1328
5306,1332.9550200656474,0.5334256058712435,1328
5307,1332.9550200656474,0.5334256058712435,1328
5308,1332.9550200656474,0.5334256058712435,1328
5309,1332.9550200656474,0.5334256058712435,1328
5310,1332.9550200656474,0.5334256058712435,1328
5311,1332.9550200656474,0.5334256058712435,1328
5312,1332.9550200656474,0.5334256058712435,1328
5313,1332.9550200656474,0.5334256058712435,1328
5314,1332.9550200656474,0.5334256058712435,1328
5315,1332.9550200656474,0.5334256058712435,1328
5316,1332.9550200656474,0.5334256058712435,1328
5317,1332.9550200656474,0.5334256058712435,1328
5318,1332.9550200656474,0.5334256058712435,1328
5319,1332.9550200656474,0.5334256058712435,1328
5320,1332.9550200656474,0.5334256058712435,1328
5321,1332.9550200656474,0.5334256058712435,1328
5322,1332.9550200656474,0.5334256058712435,1328
5323,1332.9550200656474,0.5334256058712435,1328
5324,1332.9550200656474,0.5334256058712435,1328
5325,1332.9550200656474,0.5334256058712435,1328
5326,1332.9550200656474,0.5334256058712435,1328
5327,1332.9550200656474,0.5334256058712435,1328
5328,1332.9550200656474,0.5334256058712435,1328
5329,1332.9550200656474,0.5334256058712435,1328
5330,1332.9550200656474,0.5334256058712435,1328
5331,1332.9550200656474,0.5334256058712435,1328
5332,1332.9550200656474,0.5334256058712435,1328
5333,1332.9550200656474,0.5334256058712435,1328
5334,1332.9550200656474,0.5334256058712435,1328
5335,1332.9550200656474,0.5334256058712435,1328
5336,1332.9550200656474,0.5334256058712435,1328
5337,1332.9550200656474,0.5334256058712435,1328
5338,1332.9550200656474,0.5334256058712435,1328
5339,1332.9550200656474,0.5334256058712435,1328
5340,1332.9550200656474,0.5334256058712435,1328
5341,1332.9550200656474,0.5334256058712435,1328
5342,1332.9550200656474,0.5334256058712435,1328
5343,1332.9550200656474,0.5334256058712435,1328
5344,1332.9550200656474,0.5334256058712435,1328
5345,1332.9550200656474,0.5334256058712435,1328
5346,1332.9550200656474,0.5334256058712435,1328
5347,1332.9550200656474,0.5334256058712435,1328
5348,1332.9550200656474,0.5334256058712435,1328
5349,1332.9550200656474,0.5334256058712435,1328
5350,1332.9550200656474,0.5334256058712435,1328
5351,1332.9550200656474,0.5334256058712435,1328
5352,1332.9550200656474,0.5334256058712435,1328
5353,1332.9550200656474,0.5334256058712435,1328
5354,1332.9550200656474,0.5334256058712435,1328
5355,1332.9550200656474,0.5334256058712435,1328
5356,1332.9550200656474,0.5334256058712435,1328
5357,1332.9550200656474,0.5334256058712435,1328
5358,1332.9550200656474,0.5334256058712435,1328
5359,1332.9550200656474,0.5334256058712435,1328
5360,1332.9550200656474,0.5334256058712435,1328
5361,1332.9550200656474,0.5334256058712435,1328
5362,1332.9550200656474,0.5334256058712435,1328
5363,1332.9550200656474,0.5334256058712435,1328
5364,1332.9550200656474,0.5334256058712435,1328
5365,1332.9550200656474,0.5334256058712435,1328
5366,1332.9550200656474,0.5334256058712435,1328
5367,1332.9550200656474,0.5334256058712435,1328
5368,1332.9550200656474,0.5334256058712435,1328
5369,1332.9550200656474,0.5334256058712435,1328
5370,1332.9550200656474,0.5334256058712435,1328
5371,1332.9550200656474,0.5334256058712435,1328
5372,1332.9550200656474,0.5334256058712435,1328
5373,1332.9550200656474,0.5334256058712435,1328
5374,1332.9550200656474,0.5334256058712435,1328
5375,1332.9550200656474,0.5334256058712435,1328
5376,1332.9550200656474,0.5334256058712435,1328
5377,1332.9550200656474,0.5334256058712435,1328
5378,1332.9550200656474,0.5334256058712435,1328
5379,1332.9550200656474,0.5334256058712435,1328
5380,1332.9550200656474,0.5334256058712435,1328
5381,1332.9550200656474,0.5334256058712435,1328
5382,1332.9550200656474,0.5334256058712435,1328
5383,1332.9550200656474,0.5334256058712435,1328
5384,1332.9550200656474,0.5334256058712435,1328
5385,1332.9550200656474,0.5334256058712435,1328
5386,1332.9550200656474,0.5334256058712435,1328
5387,1332.9550200656474,0.5334256058712435,1328
5388,1332.9550200656474,0.5334256058712435,1328
5389,1332.9550200656474,0.5334256058712435,1328
5390,1332.9550200656474,0.5334256058712435,1328
5391,1332.9550200656474,0.5334256058712435,1328
5392,1332.9550200656474,0.5334256058712435,1328
5393,1332.9550200656474,0.5334256058712435,1328
5394,1332.9550200656474,0.5334256058712435,1328
5395,1332.9550200656474,0.5334256058712435,1328
5396,1332.9550200656474,0.5334256058712435,1328
5397,1332.9550200656474,0.5334256058712435,1328
5398,1332.9550200656474,0.5334256058712435,1328
5399,1332.9550200656474,0.5334256058712435,1328
5400,1332.9550200656474,0.5334256058712435,1328
5401,1332.9550200656474,0.5334256058712435,1328
5402,1332.9550200656474,0.5334256058712435,1328
5403,1332.9550200656474,0.5334256058712435,1328
5404,1332.9550200656474,0.5334256058712435,1328
5405,1332.9550200656474,0.5334256058712435,1328
5406,1332.9550200656474,0.5334256058712435,1328
5407,1332.9550200656474,0.5334256058712435,1328
5408,1332.9550200656474,0.5334256058712435,1328
5409,1332.9550200656474,0.5334256058712435,1328
5410,1332.9550200656474,0.5334256058712435,1328
5411,1332.9550200656474,0.5334256058712435,1328
5412,1332.9550200656474,0.5334256058712435,1328
5413,1332.9550200656474,0.5334256058712435,1328
5414,1332.9550200656474,0.5334256058712435,1328
5415,1332.9550200656474,0.5334256058712435,1328
5416,1332.9550200656474,0.5334256058712435,1328
5417,1332.9550200656474,0.5334256058712435,1328
5418,1332.9550200656474,0.5334256058712435,1328
5419,1332.9550200656474,0.5334256058712435,1328
5420,1332.9550200656474,0.5334256058712435,1328
5421,1332.9550200656474,0.5334256058712435,1328
5422,1332.9550200656474,0.5334256058712435,1328
5423,1332.9550200656474,0.5334256058712435,1328
5424,1332.9550200656474,0.5334256058712435,1328
5425,1332.9550200656474,0.5334256058712435,1328
5426,1332.9550200656474,0.5334256058712435,1328
5427,1332.9550200656474,0.5334256058712435,1328
5428,1332.9550200656474,0.5334256058712435,1328
5429,1332.9550200656474,0.5334256058712435,1328
5430,1332.9550200656474,0.5334256058712435,1328
5431,1332.9550200656474,0.5334256058712435,1328
5432,1332.9550200656474,0.5334256058712435,1328
5433,1332.9550200656474,0.5334256058712435,1328
5434,1332.9550200656474,0.5334256058712435,1328
5435,1332.9550200656474,0.5334256058712435,1328
5436,1332.9550200656474,0.5334256058712435,1328
5437,1332.9550200656474,0.5334256058712435,1328
5438,1332.9550200656474,0.5334256058712435,1328
5439,1345.0999452547137,0.5197791662228068,1340
5440,1345.0999452547137,0.5197791662228068,1340
5441,1345.0999452547137,0.5197791662228068,1340
5442,1345.0999452547137,0.5197791662228068,1340
5443,1345.0999452547137,0.5197791662228068,1340
5444,1345.0999452547137,0.5197791662228068,1340
5445,1345.0999452547137,0.5197791662228068,1340
5446,1345.0999452547137,0.5197791662228068,1340
5447,1345.0999452547137,0.5197791662228068,1340
5448,1345.0999452547137,0.5197791662228068,1340
5449,1345.0999452547137,0.5197791662228068,1340
5450,1345.0999452547137,0.5197791662228068,1340
5451,1345.0999452547137,0.5197791662228068,1340
5452,1345.0999452547137,0.5197791662228068,1340
5453,1345.0999452547137,0.5197791662228068,1340
5454,1345.0999452547137,0.5197791662228068,1340
5455,1345.0999452547137,0.5197791662228068,1340
5456,1345.0999452547137,0.5197791662228068,1340
5457,1345.0999452547137,0.5197791662228068,1340
5458,1345.0999452547137,0.5197791662228068,1340
5459,1345.0999452547137,0.5197791662228068,1340
5460,1345.0999452547137,0.5197791662228068,1340
5461,1345.0999452547137,0.5197791662228068,1340
5462,1345.0999452547137,0.5197791662228068,1340
5463,1345.0999452547137,0.5197791662228068,1340
5464,1345.0999452547137,0.5197791662228068,1340
5465,1345.0999452547137,0.5197791662228068,1340
5466,1345.0999452547137,0.5197791662228068,1340
5467,1345.0999452547137,0.5197791662228068,1340
5468,1345.0999452547137,0.5197791662228068,1340
5469,1345.0999452547137,0.5197791662228068,1340
5470,1345.0999452547137,0.5197791662228068,1340
5471,1345.0999452547137,0.5197791662228068,1340
5472,1345.0999452547137,0.5197791662228068,1340
5473,1345.0999452547137,0.5197791662228068,1340
5474,1345.0999452547137,0.5197791662228068,1340
5475,1357.9867660986029,0.5304363372313712,1353
5476,1357.9867660986029,0.5304363372313712,1353
5477,1383.8195331520037,0.5461833190203608,1379
5478,1385.7021272091165,0.5572384925502305,1381
5479,1385.7021272091165,0.5572384925502305,1381
5480,1385.7021272091165,0.5572384925502305,1381
5481,1385.7021272091165,0.5572384925502305,1381
5482,1385.7021272091165,0.5572384925502305,1381
5483,1385.7021272091165,0.5572384925502305,1381
5484,1385.7021272091165,0.5572384925502305,1381
5485,1385.7021272091165,0.5572384925502305,1381
5486,1359.8868519734926,0.5398444469404232,1355
5487,1359.8868519734926,0.5398444469404232,1355
5488,1359.8868519734926,0.5398444469404232,1355
5489,1359.8868519734926,0.5398444469404232,1355
5490,1359.8868519734926,0.5398444469404232,1355
5491,1359.8868519734926,0.5398444469404232,1355
5492,1359.8868519734926,0.5398444469404232,1355
5493,1359.8868519734926,0.5398444469404232,1355
5494,1359.8868519734926,0.5398444469404232,1355
5495,1359.8868519734926,0.5398444469404232,1355
5496,1359.8868519734926,0.5398444469404232,1355
5497,1359.8868519734926,0.5398444469404232,1355
5498,1359.8868519734926,0.5398444469404232,1355
5499,1359.8868519734926,0.5398444469404232,1355
5500,1359.8868519734926,0.5398444469404232,1355
5501,1359.8868519734926,0.5398444469404232,1355
5502,1359.8868519734926,0.5398444469404232,1355
5503,1359.8868519734926,0.5398444469404232,1355
5504,1359.8868519734926,0.5398444469404232,1355
5505,1359.8868519734926,0.5398444469404232,1355
5506,1359.8868519734926,0.5398444469404232,1355
5507,1359.8868519734926,0.5398444469404232,1355
5508,1359.8868519734926,0.5398444469404232,1355
5509,1359.8868519734926,0.5398444469404232,1355
5510,1359.8868519734926,0.5398444469404232,1355
5511,1359.8868519734926,0.5398444469404232,1355
5512,1359.8868519734926,0.5398444469404232,1355
5513,1359.8868519734926,0.5398444469404232,1355
5514,1359.8868519734926,0.5398444469404232,1355
5515,1359.8868519734926,0.5398444469404232,1355
5516,1359.8868519734926,0.5398444469404232,1355
5517,1359.8868519734926,0.5398444469404232,1355
5518,1359.8868519734926,0.5398444469404232,1355
5519,1359.8868519734926,0.5398444469404232,1355
5520,1359.8868519734926,0.5398444469404232,1355
5521,1359.8868519734926,0.5398444469404232,1355
5522,1359.8868519734926,0.5398444469404232,1355
5523,1359.8868519734926,0.5398444469404232,1355
5524,1359.8868519734926,0.5398444469404232,1355
5525,1359.8868519734926,0.5398444469404232,1355
5526,1359.8868519734926,0.5398444469404232,1355
5527,1359.8868519734926,0.5398444469404232,1355
5528,1359.8868519734926,0.5398444469404232,1355
5529,1359.8868519734926,0.5398444469404232,1355
5530,1359.8868519734926,0.5398444469404232,1355
5531,1359.8868519734926,0.5398444469404232,1355
5532,1359.8868519734926,0.5398444469404232,1355
5533,1359.8868519734926,0.5398444469404232,1355
5534,1359.8868519734926,0.5398444469404232,1355
5535,1359.8868519734926,0.5398444469404232,1355
5536,1355.1422315051605,0.5157974100602146,1350
5537,1355.1422315051605,0.5157974100602146,1350
5538,1355.1422315051605,0.5157974100602146,1350
5539,1346.9588374485718,0.5330661536184698,1342
5540,1346.9588374485718,0.5330661536184698,1342
5541,1346.9588374485718,0.5330661536184698,1342
5542,1346.9588374485718,0.5330661536184698,1342
5543,1346.9588374485718,0.5330661536184698,1342
5544,1346.9588374485718,0.5330661536184698,1342
5545,1346.9588374485718,0.5330661536184698,1342
5546,1346.9588374485718,0.5330661536184698,1342
5547,1346.9588374485718,0.5330661536184698,1342
5548,1346.9588374485718,0.5330661536184698,1342
5549,1346.9588374485718,0.5330661536184698,1342
5550,1346.9588374485718,0.5330661536184698,1342
5551,1346.9588374485718,0.5330661536184698,1342
5552,1346.9588374485718,0.5330661536184698,1342
5553,1346.9588374485718,0.5330661536184698,1342
5554,1346.9588374485718,0.5330661536184698,1342
5555,1346.9588374485718,0.5330661536184698,1342
5556,1346.9588374485718,0.5330661536184698,1342
5557,1346.9588374485718,0.5330661536184698,1342
5558,1346.9588374485718,0.5330661536184698,1342
5559,1346.9588374485718,0.5330661536184698,1342
5560,1346.9588374485718,0.5330661536184698,1342
5561,1346.9588374485718,0.5330661536184698,1342
5562,1346.9588374485718,0.5330661536184698,1342
5563,1346.9588374485718,0.5330661536184698,1342
5564,1346.9588374485718,0.5330661536184698,1342
5565,1346.9588374485718,0.5330661536184698,1342
5566,1346.9588374485718,0.5330661536184698,1342
5567,1346.9588374485718,0.5330661536184698,1342
5568,1346.9588374485718,0.5330661536184698,1342
5569,1346.9588374485718,0.5330661536184698,1342
5570,1346.9588374485718,0.5330661536184698,1342
5571,1346.9588374485718,0.5330661536184698,1342
5572,1346.9588374485718,0.5330661536184698,1342
5573,1346.9588374485718,0.5330661536184698,1342
5574,1346.9588374485718,0.5330661536184698,1342
5575,1346.9588374485718,0.5330661536184698,1342
5576,1346.9588374485718,0.5330661536184698,1342
5577,1346.9588374485718,0.5330661536184698,1342
5578,1346.9588374485718,0.5330661536184698,1342
5579,1346.9588374485718,0.5330661536184698,1342
5580,1346.9588374485718,0.5330661536184698,1342
5581,1346.9588374485718,0.5330661536184698,1342
5582,1346.9588374485718,0.5330661536184698,1342
5583,1346.9588374485718,0.5330661536184698,1342
5584,1346.9588374485718,0.5330661536184698,1342
5585,1346.9588374485718,0.5330661536184698,1342
5586,1346.9588374485718,0.5330661536184698,1342
5587,1346.9588374485718,0.5330661536184698,1342
5588,1346.9588374485718,0.5330661536184698,1342
5589,1346.9588374485718,0.5330661536184698,1342
5590,1346.9588374485718,0.5330661536184698,1342
5591,1346.9588374485718,0.5330661536184698,1342
5592,1346.9588374485718,0.5330661536184698,1342
5593,1346.9588374485718,0.5330661536184698,1342
5594,1346.9588374485718,0.5330661536184698,1342
5595,1346.9588374485718,0.5330661536184698,1342
5596,1346.9588374485718,0.5330661536184698,1342
5597,1346.9588374485718,0.5330661536184698,1342
5598,1346.9588374485718,0.5330661536184698,1342
5599,1346.9588374485718,0.5330661536184698,1342
5600,1346.9588374485718,0.5330661536184698,1342
5601,1346.9588374485718,0.5330661536184698,1342
5602,1346.9588374485718,0.5330661536184698,1342
5603,1346.9588374485718,0.5330661536184698,1342
5604,1346.9588374485718,0.5330661536184698,1342
5605,1346.9588374485718,0.5330661536184698,1342
5606,1346.9588374485718,0.5330661536184698,1342
5607,1346.9588374485718,0.5330661536184698,1342
5608,1346.9588374485718,0.5330661536184698,1342
5609,1346.9588374485718,0.5330661536184698,1342
5610,1346.9588374485718,0.5330661536184698,1342
5611,1346.9588374485718,0.5330661536184698,1342
5612,1346.9588374485718,0.5330661536184698,1342
5613,1346.9588374485718,0.5330661536184698,1342
5614,1346.9588374485718,0.5330661536184698,1342
5615,1346.9588374485718,0.5330661536184698,1342
5616,1346.9588374485718,0.5330661536184698,1342
5617,1346.9588374485718,0.5330661536184698,1342
5618,1346.9588374485718,0.5330661536184698,1342
5619,1346.9588374485718,0.5330661536184698,1342
5620,1346.9588374485718,0.5330661536184698,1342
5621,1346.9588374485718,0.5330661536184698,1342
5622,1346.9588374485718,0.5330661536184698,1342
5623,1346.9588374485718,0.5330661536184698,1342
5624,1346.9588374485718,0.5330661536184698,1342
5625,1346.9588374485718,0.5330661536184698,1342
5626,1346.9588374485718,0.5330661536184698,1342
5627,1346.9588374485718,0.5330661536184698,1342
5628,1346.9588374485718,0.5330661536184698,1342
5629,1346.9588374485718,0.5330661536184698,1342
5630,1346.9588374485718,0.5330661536184698,1342
5631,1346.9588374485718,0.5330661536184698,1342
5632,1346.9588374485718,0.5330661536184698,1342
5633,1346.9588374485718,0.5330661536184698,1342
5634,1346.9588374485718,0.5330661536184698,1342
5635,1346.9588374485718,0.5330661536184698,1342
5636,1346.9588374485718,0.5330661536184698,1342
5637,1346.9588374485718,0.5330661536184698,1342
5638,1346.9588374485718,0.5330661536184698,1342
5639,1346.9588374485718,0.5330661536184698,1342
5640,1346.9588374485718,0.5330661536184698,1342
5641,1346.9588374485718,0.5330661536184698,1342
5642,1346.9588374485718,0.5330661536184698,1342
5643,1346.9588374485718,0.5330661536184698,1342
5644,1346.9588374485718,0.5330661536184698,1342
5645,1346.9588374485718,0.5330661536184698,1342
5646,1346.9588374485718,0.5330661536184698,1342
5647,1346.9588374485718,0.5330661536184698,1342
5648,1346.9588374485718,0.5330661536184698,1342
5649,1346.9588374485718,0.5330661536184698,1342
5650,1346.9588374485718,0.5330661536184698,1342
5651,1346.9588374485718,0.5330661536184698,1342
5652,1346.9588374485718,0.5330661536184698,1342
5653,1346.9588374485718,0.5330661536184698,1342
5654,1346.9588374485718,0.5330661536184698,1342
5655,1346.9588374485718,0.5330661536184698,1342
5656,1346.9588374485718,0.5330661536184698,1342
5657,1346.9588374485718,0.5330661536184698,1342
5658,1354.1013730914533,0.5196447183189082,1349
5659,1354.1013730914533,0.5196447183189082,1349
5660,1354.1013730914533,0.5196447183189082,1349
5661,1354.1013730914533,0.5196447183189082,1349
5662,1354.1013730914533,0.5196447183189082,1349
5663,1354.1013730914533,0.5196447183189082,1349
5664,1354.1013730914533,0.5196447183189082,1349
5665,1354.1013730914533,0.5196447183189082,1349
5666,1354.1013730914533,0.5196447183189082,1349
5667,1354.1013730914533,0.5196447183189082,1349
5668,1354.1013730914533,0.5196447183189082,1349
5669,1354.1013730914533,0.5196447183189082,1349
5670,1354.1013730914533,0.5196447183189082,1349
5671,1354.1013730914533,0.5196447183189082,1349
5672,1354.1013730914533,0.5196447183189082,1349
5673,1354.1013730914533,0.5196447183189082,1349
5674,1354.1013730914533,0.5196447183189082,1349
5675,1354.1013730914533,0.5196447183189082,1349
5676,1354.1013730914533,0.5196447183189082,1349
5677,1354.1013730914533,0.5196447183189082,1349
5678,1354.1013730914533,0.5196447183189082,1349
5679,1354.1013730914533,0.5196447183189082,1349
5680,1354.1013730914533,0.5196447183189082,1349
5681,1354.1013730914533,0.5196447183189082,1349
5682,1354.0438603590997,0.5250602298399545,1349
5683,1354.0438603590997,0.5250602298399545,1349
5684,1354.0438603590997,0.5250602298399545,1349
5685,1354.0438603590997,0.5250602298399545,1349
5686,1354.0438603590997,0.5250602298399545,1349
5687,1354.0438603590997,0.5250602298399545,1349
5688,1354.0438603590997,0.5250602298399545,1349
5689,1354.1013730914533,0.5196447183189082,1349
5690,1354.0438603590997,0.5250602298399545,1349
5691,1354.0438603590997,0.5250602298399545,1349
5692,1354.0438603590997,0.5250602298399545,1349
5693,1354.0438603590997,0.5250602298399545,1349
5694,1354.0438603590997,0.5250602298399545,1349
5695,1351.9601810000206,0.5329396421826214,1347
5696,1351.9601810000206,0.5329396421826214,1347
5697,1351.9601810000206,0.5329396421826214,1347
5698,1351.9601810000206,0.5329396421826214,1347
5699,1351.9601810000206,0.5329396421826214,1347
5700,1351.9601810000206,0.5329396421826214,1347
5701,1351.9601810000206,0.5329396421826214,1347
5702,1351.9601810000206,0.5329396421826214,1347
5703,1351.9601810000206,0.5329396421826214,1347
5704,1351.9601810000206,0.5329396421826214,1347
5705,1351.9601810000206,0.5329396421826214,1347
5706,1351.9601810000206,0.5329396421826214,1347
5707,1351.9601810000206,0.5329396421826214,1347
5708,1351.9601810000206,0.5329396421826214,1347
5709,1351.9601810000206,0.5329396421826214,1347
5710,1351.9601810000206,0.5329396421826214,1347
5711,1351.9601810000206,0.5329396421826214,1347
5712,1351.9601810000206,0.5329396421826214,1347
5713,1351.9601810000206,0.5329396421826214,1347
5714,1351.9601810000206,0.5329396421826214,1347
5715,1353.9690819601956,0.5321015103393951,1349
5716,1344.9835398439348,0.5307401276897612,1340
5717,1339.0824170133965,0.5214296597555116,1334
5718,1339.0824170133965,0.5214296597555116,1334
5719,1339.0824170133965,0.5214296597555116,1334
5720,1339.0824170133965,0.5214296597555116,1334
5721,1339.0824170133965,0.5214296597555116,1334
5722,1339.0824170133965,0.5214296597555116,1334
5723,1339.0824170133965,0.5214296597555116,1334
5724,1339.0824170133965,0.5214296597555116,1334
5725,1339.0824170133965,0.5214296597555116,1334
5726,1339.0824170133965,0.5214296597555116,1334
5727,1339.0824170133965,0.5214296597555116,1334
5728,1344.9835398439348,0.5307401276897612,1340
5729,1344.9835398439348,0.5307401276897612,1340
5730,1339.0824170133965,0.5214296597555116,1334
5731,1339.0824170133965,0.5214296597555116,1334
5732,1339.0824170133965,0.5214296597555116,1334
5733,1339.0824170133965,0.5214296597555116,1334
5734,1339.0824170133965,0.5214296597555116,1334
5735,1339.0824170133965,0.5214296597555116,1334
5736,1339.0824170133965,0.5214296597555116,1334
5737,1339.0824170133965,0.5214296597555116,1334
5738,1339.0824170133965,0.5214296597555116,1334
5739,1339.0824170133965,0.5214296597555116,1334
5740,1339.0824170133965,0.5214296597555116,1334
5741,1339.0824170133965,0.5214296597555116,1334
5742,1339.0824170133965,0.5214296597555116,1334
5743,1339.0824170133965,0.5214296597555116,1334
5744,1337.0403818559778,0.525387772506796,1332
5745,1339.0824170133965,0.5214296597555116,1334
5746,1339.0824170133965,0.5214296597555116,1334
5747,1339.0824170133965,0.5214296597555116,1334
5748,1339.0824170133965,0.5214296597555116,1334
5749,1339.0824170133965,0.5214296597555116,1334
5750,1339.0824170133965,0.5214296597555116,1334
5751,1339.0824170133965,0.5214296597555116,1334
5752,1339.0824170133965,0.5214296597555116,1334
5753,1339.0824170133965,0.5214296597555116,1334
5754,1339.0824170133965,0.5214296597555116,1334
5755,1339.0824170133965,0.5214296597555116,1334
5756,1339.0824170133965,0.5214296597555116,1334
5757,1339.0824170133965,0.5214296597555116,1334
5758,1339.0824170133965,0.5214296597555116,1334
5759,1339.0824170133965,0.5214296597555116,1334
5760,1339.0824170133965,0.5214296597555116,1334
5761,1339.0824170133965,0.5214296597555116,1334
5762,1339.0824170133965,0.5214296597555116,1334
5763,1339.0824170133965,0.5214296597555116,1334
5764,1339.0824170133965,0.5214296597555116,1334
5765,1339.0824170133965,0.5214296597555116,1334
5766,1339.0824170133965,0.5214296597555116,1334
5767,1323.95252194905,0.5336608334228002,1319
5768,1323.95252194905,0.5336608334228002,1319
5769,1323.95252194905,0.5336608334228002,1319
5770,1323.95252194905,0.5336608334228002,1319
5771,1323.95252194905,0.5336608334228002,1319
5772,1323.95252194905,0.5336608334228002,1319
5773,1323.95252194905,0.5336608334228002,1319
5774,1323.95252194905,0.5336608334228002,1319
5775,1323.95252194905,0.5336608334228002,1319
5776,1323.95252194905,0.5336608334228002,1319
5777,1323.95252194905,0.5336608334228002,1319
5778,1323.95252194905,0.5336608334228002,1319
5779,1323.95252194905,0.5336608334228002,1319
5780,1323.95252194905,0.5336608334228002,1319
5781,1323.95252194905,0.5336608334228002,1319
5782,1323.95252194905,0.5336608334228002,1319
5783,1323.95252194905,0.5336608334228002,1319
5784,1323.95252194905,0.5336608334228002,1319
5785,1323.95252194905,0.5336608334228002,1319
5786,1323.95252194905,0.5336608334228002,1319
5787,1323.95252194905,0.5336608334228002,1319
5788,1323.95252194905,0.5336608334228002,1319
5789,1323.95252194905,0.5336608334228002,1319
5790,1323.95252194905,0.5336608334228002,1319
5791,1323.95252194905,0.5336608334228002,1319
5792,1323.95252194905,0.5336608334228002,1319
5793,1323.95252194905,0.5336608334228002,1319
5794,1323.95252194905,0.5336608334228002,1319
5795,1323.95252194905,0.5336608334228002,1319
5796,1323.95252194905,0.5336608334228002,1319
5797,1323.95252194905,0.5336608334228002,1319
5798,1323.95252194905,0.5336608334228002,1319
5799,1323.95252194905,0.5336608334228002,1319
5800,1323.95252194905,0.5336608334228002,1319
5801,1323.95252194905,0.5336608334228002,1319
5802,1323.95252194905,0.5336608334228002,1319
5803,1323.95252194905,0.5336608334228002,1319
5804,1323.95252194905,0.5336608334228002,1319
5805,1323.95252194905,0.5336608334228002,1319
5806,1323.95252194905,0.5336608334228002,1319
5807,1323.95252194905,0.5336608334228002,1319
5808,1323.95252194905,0.5336608334228002,1319
5809,1323.95252194905,0.5336608334228002,1319
5810,1323.95252194905,0.5336608334228002,1319
5811,1323.95252194905,0.5336608334228002,1319
5812,1323.95252194905,0.5336608334228002,1319
5813,1323.95252194905,0.5336608334228002,1319
5814,1323.95252194905,0.5336608334228002,1319
5815,1323.95252194905,0.5336608334228002,1319
5816,1323.95252194905,0.5336608334228002,1319
5817,1323.95252194905,0.5336608334228002,1319
5818,1323.95252194905,0.5336608334228002,1319
5819,1323.95252194905,0.5336608334228002,1319
5820,1323.95252194905,0.5336608334228002,1319
5821,1323.95252194905,0.5336608334228002,1319
5822,1323.95252194905,0.5336608334228002,1319
5823,1323.95252194905,0.5336608334228002,1319
5824,1323.95252194905,0.5336608334228002,1319
5825,1323.95252194905,0.5336608334228002,1319
5826,1323.95252194905,0.5336608334228002,1319
5827,1323.95252194905,0.5336608334228002,1319
5828,1323.95252194905,0.5336608334228002,1319
5829,1323.95252194905,0.5336608334228002,1319
5830,1323.95252194905,0.5336608334228002,1319
5831,1323.95252194905,0.5336608334228002,1319
5832,1323.95252194905,0.5336608334228002,1319
5833,1323.95252194905,0.5336608334228002,1319
5834,1323.95252194905,0.5336608334228002,1319
5835,1323.95252194905,0.5336608334228002,1319
5836,1323.95252194905,0.5336608334228002,1319
5837,1323.95252194905,0.5336608334228002,1319
5838,1323.95252194905,0.5336608334228002,1319
5839,1323.95252194905,0.5336608334228002,1319
5840,1323.95252194905,0.5336608334228002,1319
5841,1323.95252194905,0.5336608334228002,1319
5842,1323.95252194905,0.5336608334228002,1319
5843,1323.95252194905,0.5336608334228002,1319
5844,1323.95252194905,0.5336608334228002,1319
5845,1323.95252194905,0.5336608334228002,1319
5846,1323.95252194905,0.5336608334228002,1319
5847,1323.95252194905,0.5336608334228002,1319
5848,1323.95252194905,0.5336608334228002,1319
5849,1323.95252194905,0.5336608334228002,1319
5850,1323.95252194905,0.5336608334228002,1319
5851,1323.95252194905,0.5336608334228002,1319
5852,1323.95252194905,0.5336608334228002,1319
5853,1323.95252194905,0.5336608334228002,1319
5854,1323.95252194905,0.5336608334228002,1319
5855,1323.95252194905,0.5336608334228002,1319
5856,1323.95252194905,0.5336608334228002,1319
5857,1323.95252194905,0.5336608334228002,1319
5858,1323.95252194905,0.5336608334228002,1319
5859,1323.95252194905,0.5336608334228002,1319
5860,1323.95252194905,0.5336608334228002,1319
5861,1323.95252194905,0.5336608334228002,1319
5862,1323.95252194905,0.5336608334228002,1319
5863,1323.95252194905,0.5336608334228002,1319
5864,1323.95252194905,0.5336608334228002,1319
5865,1323.95252194905,0.5336608334228002,1319
5866,1323.95252194905,0.5336608334228002,1319
5867,1323.95252194905,0.5336608334228002,1319
5868,1323.95252194905,0.5336608334228002,1319
5869,1323.95252194905,0.5336608334228002,1319
5870,1323.95252194905,0.5336608334228002,1319
5871,1323.95252194905,0.5336608334228002,1319
5872,1323.95252194905,0.5336608334228002,1319
5873,1323.95252194905,0.5336608334228002,1319
5874,1323.95252194905,0.5336608334228002,1319
5875,1323.95252194905,0.5336608334228002,1319
5876,1323.95252194905,0.5336608334228002,1319
5877,1323.95252194905,0.5336608334228002,1319
5878,1323.95252194905,0.5336608334228002,1319
5879,1323.95252194905,0.5336608334228002,1319
5880,1323.95252194905,0.5336608334228002,1319
5881,1323.95252194905,0.5336608334228002,1319
5882,1323.95252194905,0.5336608334228002,1319
5883,1323.95252194905,0.5336608334228002,1319
5884,1323.95252194905,0.5336608334228002,1319
5885,1323.95252194905,0.5336608334228002,1319
5886,1323.95252194905,0.5336608334228002,1319
5887,1323.95252194905,0.5336608334228002,1319
5888,1323.95252194905,0.5336608334228002,1319
5889,1323.95252194905,0.5336608334228002,1319
5890,1323.95252194905,0.5336608334228002,1319
5891,1323.95252194905,0.5336608334228002,1319
5892,1323.95252194905,0.5336608334228002,1319
5893,1323.95252194905,0.5336608334228002,1319
5894,1323.95252194905,0.5336608334228002,1319
5895,1323.95252194905,0.5336608334228002,1319
5896,1323.95252194905,0.5336608334228002,1319
5897,1323.95252194905,0.5336608334228002,1319
5898,1323.95252194905,0.5336608334228002,1319
5899,1323.95252194905,0.5336608334228002,1319
5900,1323.95252194905,0.5336608334228002,1319
5901,1323.95252194905,0.5336608334228002,1319
5902,1323.95252194905,0.5336608334228002,1319
5903,1323.95252194905,0.5336608334228002,1319
5904,1323.95252194905,0.5336608334228002,1319
5905,1323.95252194905,0.5336608334228002,1319
5906,1323.95252194905,0.5336608334228002,1319
5907,1323.95252194905,0.5336608334228002,1319
5908,1344.9835398439348,0.5307401276897612,1340
5909,1344.9835398439348,0.5307401276897612,1340
5910,1344.9835398439348,0.5307401276897612,1340
5911,1344.9835398439348,0.5307401276897612,1340
5912,1344.9835398439348,0.5307401276897612,1340
5913,1344.9835398439348,0.5307401276897612,1340
5914,1339.0824170133965,0.5214296597555116,1334
5915,1339.0824170133965,0.5214296597555116,1334
5916,1339.0824170133965,0.5214296597555116,1334
5917,1339.0824170133965,0.5214296597555116,1334
5918,1339.0824170133965,0.5214296597555116,1334
5919,1339.0824170133965,0.5214296597555116,1334
5920,1339.0824170133965,0.5214296597555116,1334
5921,1323.95252194905,0.5336608334228002,1319
5922,1323.95252194905,0.5336608334228002,1319
5923,1323.95252194905,0.5336608334228002,1319
5924,1323.95252194905,0.5336608334228002,1319
5925,1323.95252194905,0.5336608334228002,1319
5926,1323.95252194905,0.5336608334228002,1319
5927,1323.95252194905,0.5336608334228002,1319
5928,1323.95252194905,0.5336608334228002,1319
5929,1323.95252194905,0.5336608334228002,1319
5930,1323.95252194905,0.5336608334228002,1319
5931,1323.95252194905,0.5336608334228002,1319
5932,1323.95252194905,0.5336608334228002,1319
5933,1323.95252194905,0.5336608334228002,1319
5934,1323.95252194905,0.5336608334228002,1319
5935,1323.95252194905,0.5336608334228002,1319
5936,1364.7440102857292,0.553294700025487,1360
5937,1364.7440102857292,0.553294700025487,1360
5938,1360.870295526818,0.5414034343862625,1356
5939,1360.870295526818,0.5414034343862625,1356
5940,1360.870295526818,0.5414034343862625,1356
5941,1360.870295526818,0.5414034343862625,1356
5942,1360.870295526818,0.5414034343862625,1356
5943,1360.870295526818,0.5414034343862625,1356
5944,1360.870295526818,0.5414034343862625,1356
5945,1360.870295526818,0.5414034343862625,1356
5946,1360.870295526818,0.5414034343862625,1356
5947,1360.870295526818,0.5414034343862625,1356
5948,1350.9682992632977,0.5321752106122737,1346
5949,1350.9682992632977,0.5321752106122737,1346
5950,1350.9682992632977,0.5321752106122737,1346
5951,1324.9528012505375,0.5336345338476937,1320
5952,1324.9528012505375,0.5336345338476937,1320
5953,1324.9528012505375,0.5336345338476937,1320
5954,1324.9528012505375,0.5336345338476937,1320
5955,1324.9528012505375,0.5336345338476937,1320
5956,1324.9528012505375,0.5336345338476937,1320
5957,1324.9528012505375,0.5336345338476937,1320
5958,1324.9528012505375,0.5336345338476937,1320
5959,1324.9528012505375,0.5336345338476937,1320
5960,1324.9528012505375,0.5336345338476937,1320
5961,1324.9528012505375,0.5336345338476937,1320
5962,1324.9528012505375,0.5336345338476937,1320
5963,1324.9528012505375,0.5336345338476937,1320
5964,1324.9528012505375,0.5336345338476937,1320
5965,1324.9528012505375,0.5336345338476937,1320
5966,1324.9528012505375,0.5336345338476937,1320
5967,1324.9528012505375,0.5336345338476937,1320
5968,1324.9528012505375,0.5336345338476937,1320
5969,1324.9528012505375,0.5336345338476937,1320
5970,1324.9528012505375,0.5336345338476937,1320
5971,1324.9528012505375,0.5336345338476937,1320
5972,1324.9528012505375,0.5336345338476937,1320
5973,1324.9528012505375,0.5336345338476937,1320
5974,1324.9528012505375,0.5336345338476937,1320
5975,1324.9528012505375,0.5336345338476937,1320
5976,1324.9528012505375,0.5336345338476937,1320
5977,1324.9528012505375,0.5336345338476937,1320
5978,1324.9528012505375,0.5336345338476937,1320
5979,1324.9528012505375,0.5336345338476937,1320
5980,1324.9528012505375,0.5336345338476937,1320
5981,1324.9528012505375,0.5336345338476937,1320
5982,1324.9528012505375,0.5336345338476937,1320
5983,1324.9528012505375,0.5336345338476937,1320
5984,1324.9528012505375,0.5336345338476937,1320
5985,1324.9528012505375,0.5336345338476937,1320
5986,1324.9528012505375,0.5336345338476937,1320
5987,1324.9528012505375,0.5336345338476937,1320
5988,1324.9528012505375,0.5336345338476937,1320
5989,1324.9528012505375,0.5336345338476937,1320
5990,1324.9528012505375,0.5336345338476937,1320
5991,1324.9528012505375,0.5336345338476937,1320
5992,1324.9528012505375,0.5336345338476937,1320
5993,1324.9528012505375,0.5336345338476937,1320
5994,1324.9528012505375,0.5336345338476937,1320
5995,1324.9528012505375,0.5336345338476937,1320
5996,1324.9528012505375,0.5336345338476937,1320
5997,1324.9528012505375,0.5336345338476937,1320
5998,1324.9528012505375,0.5336345338476937,1320
5999,1324.9528012505375,0.5336345338476937,1320
6000,1324.9528012505375,0.5336345338476937,1320
6001,1324.9528012505375,0.5336345338476937,1320
6002,1324.9528012505375,0.5336345338476937,1320
6003,1324.9528012505375,0.5336345338476937,1320
6004,1324.9528012505375,0.5336345338476937,1320
6005,1324.9528012505375,0.5336345338476937,1320
6006,1324.9528012505375,0.5336345338476937,1320
6007,1324.9528012505375,0.5336345338476937,1320
6008,1324.9528012505375,0.5336345338476937,1320
6009,1324.9528012505375,0.5336345338476937,1320
6010,1324.9528012505375,0.5336345338476937,1320
6011,1324.9528012505375,0.5336345338476937,1320
6012,1324.9528012505375,0.5336345338476937,1320
6013,1324.9528012505375,0.5336345338476937,1320
6014,1324.9528012505375,0.5336345338476937,1320
6015,1324.9528012505375,0.5336345338476937,1320
6016,1324.9528012505375,0.5336345338476937,1320
6017,1324.9528012505375,0.5336345338476937,1320
6018,1324.9528012505375,0.5336345338476937,1320
6019,1324.9528012505375,0.5336345338476937,1320
6020,1324.9528012505375,0.5336345338476937,1320
6021,1324.9528012505375,0.5336345338476937,1320
6022,1324.9528012505375,0.5336345338476937,1320
6023,1324.9528012505375,0.5336345338476937,1320
6024,1324.9528012505375,0.5336345338476937,1320
6025,1324.9528012505375,0.5336345338476937,1320
6026,1324.9528012505375,0.5336345338476937,1320
6027,1324.9528012505375,0.5336345338476937,1320
6028,1324.9528012505375,0.5336345338476937,1320
6029,1324.9528012505375,0.5336345338476937,1320
6030,1324.9528012505375,0.5336345338476937,1320
6031,1324.9528012505375,0.5336345338476937,1320
6032,1324.9528012505375,0.5336345338476937,1320
6033,1324.9528012505375,0.5336345338476937,1320
6034,1324.9528012505375,0.5336345338476937,1320
6035,1324.9528012505375,0.5336345338476937,1320
6036,1324.9528012505375,0.5336345338476937,1320
6037,1324.9528012505375,0.5336345338476937,1320
6038,1324.9528012505375,0.5336345338476937,1320
6039,1324.9528012505375,0.5336345338476937,1320
6040,1324.9528012505375,0.5336345338476937,1320
6041,1324.9528012505375,0.5336345338476937,1320
6042,1324.9528012505375,0.5336345338476937,1320
6043,1324.9528012505375,0.5336345338476937,1320
6044,1324.9528012505375,0.5336345338476937,1320
6045,1324.9528012505375,0.5336345338476937,1320
6046,1324.9528012505375,0.5336345338476937,1320
6047,1324.9528012505375,0.5336345338476937,1320
6048,1324.9528012505375,0.5336345338476937,1320
6049,1324.9528012505375,0.5336345338476937,1320
6050,1324.9528012505375,0.5336345338476937,1320
6051,1324.9528012505375,0.5336345338476937,1320
6052,1324.9528012505375,0.5336345338476937,1320
6053,1324.9528012505375,0.5336345338476937,1320
6054,1324.9528012505375,0.5336345338476937,1320
6055,1324.9528012505375,0.5336345338476937,1320
6056,1324.9528012505375,0.5336345338476937,1320
6057,1324.9528012505375,0.5336345338476937,1320
6058,1324.9528012505375,0.5336345338476937,1320
6059,1324.9528012505375,0.5336345338476937,1320
6060,1324.9528012505375,0.5336345338476937,1320
6061,1324.9528012505375,0.5336345338476937,1320
6062,1324.9528012505375,0.5336345338476937,1320
6063,1324.9528012505375,0.5336345338476937,1320
6064,1324.9528012505375,0.5336345338476937,1320
6065,1324.9528012505375,0.5336345338476937,1320
6066,1324.9528012505375,0.5336345338476937,1320
6067,1324.9528012505375,0.5336345338476937,1320
6068,1324.9528012505375,0.5336345338476937,1320
6069,1324.9528012505375,0.5336345338476937,1320
6070,1324.9528012505375,0.5336345338476937,1320
6071,1324.9528012505375,0.5336345338476937,1320
6072,1324.9528012505375,0.5336345338476937,1320
6073,1324.9528012505375,0.5336345338476937,1320
6074,1324.9528012505375,0.5336345338476937,1320
6075,1324.9528012505375,0.5336345338476937,1320
6076,1324.9528012505375,0.5336345338476937,1320
6077,1324.9528012505375,0.5336345338476937,1320
6078,1324.9528012505375,0.5336345338476937,1320
6079,1324.9528012505375,0.5336345338476937,1320
6080,1324.9528012505375,0.5336345338476937,1320
6081,1324.9528012505375,0.5336345338476937,1320
6082,1324.9528012505375,0.5336345338476937,1320
6083,1324.9528012505375,0.5336345338476937,1320
6084,1324.9528012505375,0.5336345338476937,1320
6085,1324.9528012505375,0.5336345338476937,1320
6086,1324.9528012505375,0.5336345338476937,1320
6087,1324.9528012505375,0.5336345338476937,1320
6088,1324.9528012505375,0.5336345338476937,1320
6089,1324.9528012505375,0.5336345338476937,1320
6090,1324.9528012505375,0.5336345338476937,1320
6091,1324.9528012505375,0.5336345338476937,1320
6092,1324.9528012505375,0.5336345338476937,1320
6093,1324.9528012505375,0.5336345338476937,1320
6094,1324.9528012505375,0.5336345338476937,1320
6095,1324.9528012505375,0.5336345338476937,1320
6096,1324.9528012505375,0.5336345338476937,1320
6097,1324.9528012505375,0.5336345338476937,1320
6098,1324.9528012505375,0.5336345338476937,1320
6099,1324.9528012505375,0.5336345338476937,1320
6100,1324.9528012505375,0.5336345338476937,1320
6101,1324.9528012505375,0.5336345338476937,1320
6102,1324.9528012505375,0.5336345338476937,1320
6103,1324.9528012505375,0.5336345338476937,1320
6104,1324.9528012505375,0.5336345338476937,1320
6105,1324.9528012505375,0.5336345338476937,1320
6106,1324.9528012505375,0.5336345338476937,1320
6107,1324.9528012505375,0.5336345338476937,1320
6108,1324.9528012505375,0.5336345338476937,1320
6109,1324.9528012505375,0.5336345338476937,1320
6110,1324.9528012505375,0.5336345338476937,1320
6111,1324.9528012505375,0.5336345338476937,1320
6112,1324.9528012505375,0.5336345338476937,1320
6113,1324.9528012505375,0.5336345338476937,1320
6114,1324.9528012505375,0.5336345338476937,1320
6115,1324.9528012505375,0.5336345338476937,1320
6116,1324.9528012505375,0.5336345338476937,1320
6117,1324.9528012505375,0.5336345338476937,1320
6118,1324.9528012505375,0.5336345338476937,1320
6119,1324.9528012505375,0.5336345338476937,1320
6120,1324.9528012505375,0.5336345338476937,1320
6121,1324.9528012505375,0.5336345338476937,1320
6122,1324.9528012505375,0.5336345338476937,1320
6123,1324.9528012505375,0.5336345338476937,1320
6124,1324.9528012505375,0.5336345338476937,1320
6125,1324.9528012505375,0.5336345338476937,1320
6126,1324.9528012505375,0.5336345338476937,1320
6127,1324.9528012505375,0.5336345338476937,1320
6128,1324.9528012505375,0.5336345338476937,1320
6129,1324.9528012505375,0.5336345338476937,1320
6130,1324.9528012505375,0.5336345338476937,1320
6131,1324.9528012505375,0.5336345338476937,1320
6132,1324.9528012505375,0.5336345338476937,1320
6133,1324.9528012505375,0.5336345338476937,1320
6134,1324.9528012505375,0.5336345338476937,1320
6135,1324.9528012505375,0.5336345338476937,1320
6136,1324.9528012505375,0.5336345338476937,1320
6137,1324.9528012505375,0.5336345338476937,1320
6138,1324.9528012505375,0.5336345338476937,1320
6139,1324.9528012505375,0.5336345338476937,1320
6140,1324.9528012505375,0.5336345338476937,1320
6141,1324.9528012505375,0.5336345338476937,1320
6142,1324.9528012505375,0.5336345338476937,1320
6143,1324.9528012505375,0.5336345338476937,1320
6144,1324.9528012505375,0.5336345338476937,1320
6145,1324.9528012505375,0.5336345338476937,1320
6146,1324.9528012505375,0.5336345338476937,1320
6147,1324.9528012505375,0.5336345338476937,1320
6148,1324.9528012505375,0.5336345338476937,1320
6149,1324.9528012505375,0.5336345338476937,1320
6150,1324.9528012505375,0.5336345338476937,1320
6151,1324.9528012505375,0.5336345338476937,1320
6152,1324.9528012505375,0.5336345338476937,1320
6153,1324.9528012505375,0.5336345338476937,1320
6154,1324.9528012505375,0.5336345338476937,1320
6155,1324.9528012505375,0.5336345338476937,1320
6156,1324.9528012505375,0.5336345338476937,1320
6157,1324.9528012505375,0.5336345338476937,1320
6158,1324.9528012505375,0.5336345338476937,1320
6159,1324.9528012505375,0.5336345338476937,1320
6160,1324.9528012505375,0.5336345338476937,1320
6161,1324.9528012505375,0.5336345338476937,1320
6162,1324.9528012505375,0.5336345338476937,1320
6163,1324.9528012505375,0.5336345338476937,1320
6164,1324.9528012505375,0.5336345338476937,1320
6165,1324.9528012505375,0.5336345338476937,1320
6166,1324.9528012505375,0.5336345338476937,1320
6167,1324.9528012505375,0.5336345338476937,1320
6168,1324.9528012505375,0.5336345338476937,1320
6169,1324.9528012505375,0.5336345338476937,1320
6170,1324.9528012505375,0.5336345338476937,1320
6171,1324.9528012505375,0.5336345338476937,1320
6172,1324.9528012505375,0.5336345338476937,1320
6173,1324.9528012505375,0.5336345338476937,1320
6174,1324.9528012505375,0.5336345338476937,1320
6175,1324.9528012505375,0.5336345338476937,1320
6176,1324.9528012505375,0.5336345338476937,1320
6177,1324.9528012505375,0.5336345338476937,1320
6178,1324.9528012505375,0.5336345338476937,1320
6179,1324.9528012505375,0.5336345338476937,1320
6180,1324.9528012505375,0.5336345338476937,1320
6181,1324.9528012505375,0.5336345338476937,1320
6182,1324.9528012505375,0.5336345338476937,1320
6183,1324.9528012505375,0.5336345338476937,1320
6184,1324.9528012505375,0.5336345338476937,1320
6185,1324.9528012505375,0.5336345338476937,1320
6186,1324.9528012505375,0.5336345338476937,1320
6187,1324.9528012505375,0.5336345338476937,1320
6188,1324.9528012505375,0.5336345338476937,1320
6189,1324.9528012505375,0.5336345338476937,1320
6190,1324.9528012505375,0.5336345338476937,1320
6191,1324.9528012505375,0.5336345338476937,1320
6192,1324.9528012505375,0.5336345338476937,1320
6193,1324.9528012505375,0.5336345338476937,1320
6194,1324.9528012505375,0.5336345338476937,1320
6195,1324.9528012505375,0.5336345338476937,1320
6196,1324.9528012505375,0.5336345338476937,1320
6197,1324.9528012505375,0.5336345338476937,1320
6198,1324.9528012505375,0.5336345338476937,1320
6199,1324.9528012505375,0.5336345338476937,1320
6200,1324.9528012505375,0.5336345338476937,1320
6201,1324.9528012505375,0.5336345338476937,1320
6202,1324.9528012505375,0.5336345338476937,1320
6203,1324.9528012505375,0.5336345338476937,1320
6204,1324.9528012505375,0.5336345338476937,1320
6205,1324.9528012505375,0.5336345338476937,1320
6206,1324.9528012505375,0.5336345338476937,1320
6207,1324.9528012505375,0.5336345338476937,1320
6208,1324.9528012505375,0.5336345338476937,1320
6209,1324.9528012505375,0.5336345338476937,1320
6210,1324.9528012505375,0.5336345338476937,1320
6211,1324.9528012505375,0.5336345338476937,1320
6212,1324.9528012505375,0.5336345338476937,1320
6213,1324.9528012505375,0.5336345338476937,1320
6214,1324.9528012505375,0.5336345338476937,1320
6215,1324.9528012505375,0.5336345338476937,1320
6216,1324.9528012505375,0.5336345338476937,1320
6217,1324.9528012505375,0.5336345338476937,1320
6218,1324.9528012505375,0.5336345338476937,1320
6219,1324.9528012505375,0.5336345338476937,1320
6220,1324.9528012505375,0.5336345338476937,1320
6221,1324.9528012505375,0.5336345338476937,1320
6222,1324.9528012505375,0.5336345338476937,1320
6223,1324.9528012505375,0.5336345338476937,1320
6224,1324.9528012505375,0.5336345338476937,1320
6225,1324.9528012505375,0.5336345338476937,1320
6226,1324.9528012505375,0.5336345338476937,1320
6227,1324.9528012505375,0.5336345338476937,1320
6228,1324.9528012505375,0.5336345338476937,1320
6229,1324.9528012505375,0.5336345338476937,1320
6230,1324.9528012505375,0.5336345338476937,1320
6231,1324.9528012505375,0.5336345338476937,1320
6232,1324.9528012505375,0.5336345338476937,1320
6233,1324.9528012505375,0.5336345338476937,1320
6234,1324.9528012505375,0.5336345338476937,1320
6235,1324.9528012505375,0.5336345338476937,1320
6236,1324.9528012505375,0.5336345338476937,1320
6237,1324.9528012505375,0.5336345338476937,1320
6238,1324.9528012505375,0.5336345338476937,1320
6239,1324.9528012505375,0.5336345338476937,1320
6240,1324.9528012505375,0.5336345338476937,1320
6241,1324.9528012505375,0.5336345338476937,1320
6242,1324.9528012505375,0.5336345338476937,1320
6243,1324.9528012505375,0.5336345338476937,1320
6244,1324.9528012505375,0.5336345338476937,1320
6245,1324.9528012505375,0.5336345338476937,1320
6246,1324.9528012505375,0.5336345338476937,1320
6247,1324.9528012505375,0.5336345338476937,1320
6248,1324.9528012505375,0.5336345338476937,1320
6249,1324.9528012505375,0.5336345338476937,1320
6250,1324.9528012505375,0.5336345338476937,1320
6251,1324.9528012505375,0.5336345338476937,1320
6252,1324.9528012505375,0.5336345338476937,1320
6253,1324.9528012505375,0.5336345338476937,1320
6254,1324.9528012505375,0.5336345338476937,1320
6255,1324.9528012505375,0.5336345338476937,1320
6256,1324.9528012505375,0.5336345338476937,1320
6257,1324.9528012505375,0.5336345338476937,1320
6258,1324.9528012505375,0.5336345338476937,1320
6259,1324.9528012505375,0.5336345338476937,1320
6260,1324.9528012505375,0.5336345338476937,1320
6261,1324.9528012505375,0.5336345338476937,1320
6262,1324.9528012505375,0.5336345338476937,1320
6263,1324.9528012505375,0.5336345338476937,1320
6264,1324.9528012505375,0.5336345338476937,1320
6265,1336.9561191797375,0.5333221111358266,1332
6266,1336.9561191797375,0.5333221111358266,1332
6267,1336.9561191797375,0.5333221111358266,1332
6268,1336.9561191797375,0.5333221111358266,1332
6269,1336.9561191797375,0.5333221111358266,1332
6270,1336.9561191797375,0.5333221111358266,1332
6271,1336.9561191797375,0.5333221111358266,1332
6272,1336.9561191797375,0.5333221111358266,1332
6273,1336.9561191797375,0.5333221111358266,1332
6274,1336.9561191797375,0.5333221111358266,1332
6275,1336.9561191797375,0.5333221111358266,1332
6276,1336.9561191797375,0.5333221111358266,1332
6277,1336.9561191797375,0.5333221111358266,1332
6278,1336.9561191797375,0.5333221111358266,1332
6279,1336.9561191797375,0.5333221111358266,1332
6280,1336.9561191797375,0.5333221111358266,1332
6281,1336.9561191797375,0.5333221111358266,1332
6282,1336.9561191797375,0.5333221111358266,1332
6283,1336.9561191797375,0.5333221111358266,1332
6284,1336.9561191797375,0.5333221111358266,1332
6285,1336.9561191797375,0.5333221111358266,1332
6286,1336.9561191797375,0.5333221111358266,1332
6287,1336.9561191797375,0.5333221111358266,1332
6288,1334.955570473846,0.5333737783572485,1330
6289,1334.955570473846,0.5333737783572485,1330
6290,1334.955570473846,0.5333737783572485,1330
6291,1334.955570473846,0.5333737783572485,1330
6292,1334.955570473846,0.5333737783572485,1330
6293,1334.955570473846,0.5333737783572485,1330
6294,1334.955570473846,0.5333737783572485,1330
6295,1334.955570473846,0.5333737783572485,1330
6296,1334.955570473846,0.5333737783572485,1330
6297,1334.955570473846,0.5333737783572485,1330
6298,1334.955570473846,0.5333737783572485,1330
6299,1334.955570473846,0.5333737783572485,1330
6300,1334.955570473846,0.5333737783572485,1330
6301,1334.955570473846,0.5333737783572485,1330
6302,1334.955570473846,0.5333737783572485,1330
6303,1334.955570473846,0.5333737783572485,1330
6304,1334.955570473846,0.5333737783572485,1330
6305,1334.955570473846,0.5333737783572485,1330
6306,1334.955570473846,0.5333737783572485,1330
6307,1334.955570473846,0.5333737783572485,1330
6308,1334.955570473846,0.5333737783572485,1330
6309,1334.955570473846,0.5333737783572485,1330
6310,1334.955570473846,0.5333737783572485,1330
6311,1334.955570473846,0.5333737783572485,1330
6312,1334.955570473846,0.5333737783572485,1330
6313,1334.955570473846,0.5333737783572485,1330
6314,1334.955570473846,0.5333737783572485,1330
6315,1334.955570473846,0.5333737783572485,1330
6316,1334.955570473846,0.5333737783572485,1330
6317,1334.955570473846,0.5333737783572485,1330
6318,1334.955570473846,0.5333737783572485,1330
6319,1334.955570473846,0.5333737783572485,1330
6320,1334.955570473846,0.5333737783572485,1330
6321,1334.955570473846,0.5333737783572485,1330
6322,1334.955570473846,0.5333737783572485,1330
6323,1334.955570473846,0.5333737783572485,1330
6324,1334.955570473846,0.5333737783572485,1330
6325,1334.955570473846,0.5333737783572485,1330
6326,1334.955570473846,0.5333737783572485,1330
6327,1334.955570473846,0.5333737783572485,1330
6328,1334.955570473846,0.5333737783572485,1330
6329,1334.955570473846,0.5333737783572485,1330
6330,1334.955570473846,0.5333737783572485,1330
6331,1334.955570473846,0.5333737783572485,1330
6332,1334.955570473846,0.5333737783572485,1330
6333,1334.955570473846,0.5333737783572485,1330
6334,1334.955570473846,0.5333737783572485,1330
6335,1334.955570473846,0.5333737783572485,1330
6336,1334.955570473846,0.5333737783572485,1330
6337,1334.955570473846,0.5333737783572485,1330
6338,1334.955570473846,0.5333737783572485,1330
6339,1334.955570473846,0.5333737783572485,1330
6340,1334.955570473846,0.5333737783572485,1330
6341,1334.955570473846,0.5333737783572485,1330
6342,1334.955570473846,0.5333737783572485,1330
6343,1334.955570473846,0.5333737783572485,1330
6344,1334.955570473846,0.5333737783572485,1330
6345,1334.955570473846,0.5333737783572485,1330
6346,1334.955570473846,0.5333737783572485,1330
6347,1334.955570473846,0.5333737783572485,1330
6348,1334.955570473846,0.5333737783572485,1330
6349,1334.955570473846,0.5333737783572485,1330
6350,1334.955570473846,0.5333737783572485,1330
6351,1334.955570473846,0.5333737783572485,1330
6352,1334.955570473846,0.5333737783572485,1330
6353,1334.955570473846,0.5333737783572485,1330
6354,1334.955570473846,0.5333737783572485,1330
6355,1334.955570473846,0.5333737783572485,1330
6356,1334.955570473846,0.5333737783572485,1330
6357,1334.955570473846,0.5333737783572485,1330
6358,1334.955570473846,0.5333737783572485,1330
6359,1334.955570473846,0.5333737783572485,1330
6360,1334.955570473846,0.5333737783572485,1330
6361,1334.955570473846,0.5333737783572485,1330
6362,1334.955570473846,0.5333737783572485,1330
6363,1334.955570473846,0.5333737783572485,1330
6364,1334.955570473846,0.5333737783572485,1330
6365,1334.955570473846,0.5333737783572485,1330
6366,1334.955570473846,0.5333737783572485,1330
6367,1334.955570473846,0.5333737783572485,1330
6368,1334.955570473846,0.5333737783572485,1330
6369,1334.955570473846,0.5333737783572485,1330
6370,1334.955570473846,0.5333737783572485,1330
6371,1334.955570473846,0.5333737783572485,1330
6372,1334.955570473846,0.5333737783572485,1330
6373,1334.955570473846,0.5333737783572485,1330
6374,1334.955570473846,0.5333737783572485,1330
6375,1334.955570473846,0.5333737783572485,1330
6376,1334.955570473846,0.5333737783572485,1330
6377,1334.955570473846,0.5333737783572485,1330
6378,1334.955570473846,0.5333737783572485,1330
6379,1334.955570473846,0.5333737783572485,1330
6380,1334.955570473846,0.5333737783572485,1330
6381,1334.955570473846,0.5333737783572485,1330
6382,1334.955570473846,0.5333737783572485,1330
6383,1334.955570473846,0.5333737783572485,1330
6384,1334.955570473846,0.5333737783572485,1330
6385,1334.955570473846,0.5333737783572485,1330
6386,1334.955570473846,0.5333737783572485,1330
6387,1334.955570473846,0.5333737783572485,1330
6388,1334.955570473846,0.5333737783572485,1330
6389,1334.955570473846,0.5333737783572485,1330
6390,1334.955570473846,0.5333737783572485,1330
6391,1334.955570473846,0.5333737783572485,1330
6392,1334.955570473846,0.5333737783572485,1330
6393,1334.955570473846,0.5333737783572485,1330
6394,1334.955570473846,0.5333737783572485,1330
6395,1334.955570473846,0.5333737783572485,1330
6396,1334.955570473846,0.5333737783572485,1330
6397,1334.955570473846,0.5333737783572485,1330
6398,1334.955570473846,0.5333737783572485,1330
6399,1334.955570473846,0.5333737783572485,1330
6400,1334.955570473846,0.5333737783572485,1330
6401,1334.955570473846,0.5333737783572485,1330
6402,1334.955570473846,0.5333737783572485,1330
6403,1334.955570473846,0.5333737783572485,1330
6404,1334.955570473846,0.5333737783572485,1330
6405,1334.955570473846,0.5333737783572485,1330
6406,1334.955570473846,0.5333737783572485,1330
6407,1334.955570473846,0.5333737783572485,1330
6408,1334.955570473846,0.5333737783572485,1330
6409,1334.955570473846,0.5333737783572485,1330
6410,1334.955570473846,0.5333737783572485,1330
6411,1334.955570473846,0.5333737783572485,1330
6412,1334.955570473846,0.5333737783572485,1330
6413,1334.955570473846,0.5333737783572485,1330
6414,1334.955570473846,0.5333737783572485,1330
6415,1334.955570473846,0.5333737783572485,1330
6416,1334.955570473846,0.5333737783572485,1330
6417,1334.955570473846,0.5333737783572485,1330
6418,1334.955570473846,0.5333737783572485,1330
6419,1334.955570473846,0.5333737783572485,1330
6420,1334.955570473846,0.5333737783572485,1330
6421,1334.955570473846,0.5333737783572485,1330
6422,1334.955570473846,0.5333737783572485,1330
6423,1334.955570473846,0.5333737783572485,1330
6424,1334.955570473846,0.5333737783572485,1330
6425,1336.9561191797375,0.5333221111358266,1332
6426,1336.9561191797375,0.5333221111358266,1332
6427,1336.9561191797375,0.5333221111358266,1332
6428,1336.9561191797375,0.5333221111358266,1332
6429,1336.9561191797375,0.5333221111358266,1332
6430,1336.9561191797375,0.5333221111358266,1332
6431,1336.9561191797375,0.5333221111358266,1332
6432,1336.9561191797375,0.5333221111358266,1332
6433,1336.9561191797375,0.5333221111358266,1332
6434,1336.9561191797375,0.5333221111358266,1332
6435,1336.9561191797375,0.5333221111358266,1332
6436,1336.9561191797375,0.5333221111358266,1332
6437,1336.9561191797375,0.5333221111358266,1332
6438,1336.9561191797375,0.5333221111358266,1332
6439,1336.9561191797375,0.5333221111358266,1332
6440,1336.9561191797375,0.5333221111358266,1332
6441,1336.9561191797375,0.5333221111358266,1332
6442,1336.9561191797375,0.5333221111358266,1332
6443,1336.9561191797375,0.5333221111358266,1332
6444,1336.9561191797375,0.5333221111358266,1332
6445,1336.9561191797375,0.5333221111358266,1332
6446,1336.9561191797375,0.5333221111358266,1332
6447,1336.9561191797375,0.5333221111358266,1332
6448,1336.9561191797375,0.5333221111358266,1332
6449,1336.9561191797375,0.5333221111358266,1332
6450,1336.9561191797375,0.5333221111358266,1332
6451,1336.9561191797375,0.5333221111358266,1332
6452,1336.9561191797375,0.5333221111358266,1332
6453,1336.9561191797375,0.5333221111358266,1332
6454,1336.9561191797375,0.5333221111358266,1332
6455,1336.9561191797375,0.5333221111358266,1332
6456,1336.9561191797375,0.5333221111358266,1332
6457,1336.9561191797375,0.5333221111358266,1332
6458,1336.9561191797375,0.5333221111358266,1332
6459,1336.9561191797375,0.5333221111358266,1332
6460,1336.9561191797375,0.5333221111358266,1332
6461,1336.9561191797375,0.5333221111358266,1332
6462,1336.9561191797375,0.5333221111358266,1332
6463,1336.9561191797375,0.5333221111358266,1332
6464,1336.9561191797375,0.5333221111358266,1332
6465,1336.9561191797375,0.5333221111358266,1332
6466,1336.9561191797375,0.5333221111358266,1332
6467,1336.9561191797375,0.5333221111358266,1332
6468,1336.9561191797375,0.5333221111358266,1332
6469,1336.9561191797375,0.5333221111358266,1332
6470,1336.9561191797375,0.5333221111358266,1332
6471,1336.9561191797375,0.5333221111358266,1332
6472,1336.9561191797375,0.5333221111358266,1332
6473,1336.9561191797375,0.5333221111358266,1332
6474,1336.9561191797375,0.5333221111358266,1332
6475,1336.9561191797375,0.5333221111358266,1332
6476,1336.9561191797375,0.5333221111358266,1332
6477,1336.9561191797375,0.5333221111358266,1332
6478,1336.9561191797375,0.5333221111358266,1332
6479,1336.9561191797375,0.5333221111358266,1332
6480,1336.9561191797375,0.5333221111358266,1332
6481,1336.9561191797375,0.5333221111358266,1332
6482,1336.9561191797375,0.5333221111358266,1332
6483,1336.9561191797375,0.5333221111358266,1332
6484,1336.9561191797375,0.5333221111358266,1332
6485,1336.9561191797375,0.5333221111358266,1332
6486,1336.9561191797375,0.5333221111358266,1332
6487,1336.9561191797375,0.5333221111358266,1332
6488,1336.9561191797375,0.5333221111358266,1332
6489,1336.9561191797375,0.5333221111358266,1332
6490,1336.9561191797375,0.5333221111358266,1332
6491,1336.9561191797375,0.5333221111358266,1332
6492,1336.9561191797375,0.5333221111358266,1332
6493,1336.9561191797375,0.5333221111358266,1332
6494,1336.9561191797375,0.5333221111358266,1332
6495,1336.9561191797375,0.5333221111358266,1332
6496,1336.9561191797375,0.5333221111358266,1332
6497,1336.9561191797375,0.5333221111358266,1332
6498,1336.9561191797375,0.5333221111358266,1332
6499,1336.9561191797375,0.5333221111358266,1332
6500,1336.9561191797375,0.5333221111358266,1332
6501,1336.9561191797375,0.5333221111358266,1332
6502,1336.9561191797375,0.5333221111358266,1332
6503,1336.9561191797375,0.5333221111358266,1332
6504,1336.9561191797375,0.5333221111358266,1332
6505,1336.9561191797375,0.5333221111358266,1332
6506,1336.9561191797375,0.5333221111358266,1332
6507,1336.9561191797375,0.5333221111358266,1332
6508,1336.9561191797375,0.5333221111358266,1332
6509,1336.9561191797375,0.5333221111358266,1332
6510,1336.9561191797375,0.5333221111358266,1332
6511,1336.9561191797375,0.5333221111358266,1332
6512,1336.9561191797375,0.5333221111358266,1332
6513,1336.9561191797375,0.5333221111358266,1332
6514,1336.9561191797375,0.5333221111358266,1332
6515,1336.9561191797375,0.5333221111358266,1332
6516,1336.9561191797375,0.5333221111358266,1332
6517,1336.9561191797375,0.5333221111358266,1332
6518,1336.9561191797375,0.5333221111358266,1332
6519,1336.9561191797375,0.5333221111358266,1332
6520,1336.9561191797375,0.5333221111358266,1332
6521,1336.9561191797375,0.5333221111358266,1332
6522,1336.9561191797375,0.5333221111358266,1332
6523,1336.9561191797375,0.5333221111358266,1332
6524,1336.9561191797375,0.5333221111358266,1332
6525,1336.9561191797375,0.5333221111358266,1332
6526,1336.9561191797375,0.5333221111358266,1332
6527,1336.9561191797375,0.5333221111358266,1332
6528,1336.9561191797375,0.5333221111358266,1332
6529,1336.9561191797375,0.5333221111358266,1332
6530,1334.955570473846,0.5333737783572485,1330
6531,1334.955570473846,0.5333737783572485,1330
6532,1334.955570473846,0.5333737783572485,1330
6533,1334.955570473846,0.5333737783572485,1330
6534,1334.955570473846,0.5333737783572485,1330
6535,1334.955570473846,0.5333737783572485,1330
6536,1334.955570473846,0.5333737783572485,1330
6537,1334.955570473846,0.5333737783572485,1330
6538,1334.955570473846,0.5333737783572485,1330
6539,1334.955570473846,0.5333737783572485,1330
6540,1334.955570473846,0.5333737783572485,1330
6541,1334.955570473846,0.5333737783572485,1330
6542,1334.955570473846,0.5333737783572485,1330
6543,1334.955570473846,0.5333737783572485,1330
6544,1334.955570473846,0.5333737783572485,1330
6545,1334.955570473846,0.5333737783572485,1330
6546,1334.955570473846,0.5333737783572485,1330
6547,1334.955570473846,0.5333737783572485,1330
6548,1334.955570473846,0.5333737783572485,1330
6549,1334.955570473846,0.5333737783572485,1330
6550,1334.955570473846,0.5333737783572485,1330
6551,1334.955570473846,0.5333737783572485,1330
6552,1334.955570473846,0.5333737783572485,1330
6553,1334.955570473846,0.5333737783572485,1330
6554,1334.955570473846,0.5333737783572485,1330
6555,1334.955570473846,0.5333737783572485,1330
6556,1334.955570473846,0.5333737783572485,1330
6557,1334.955570473846,0.5333737783572485,1330
6558,1334.955570473846,0.5333737783572485,1330
6559,1336.9561191797375,0.5333221111358266,1332
6560,1336.9561191797375,0.5333221111358266,1332
6561,1336.9561191797375,0.5333221111358266,1332
6562,1336.9561191797375,0.5333221111358266,1332
6563,1336.9561191797375,0.5333221111358266,1332
6564,1336.9561191797375,0.5333221111358266,1332
6565,1336.9561191797375,0.5333221111358266,1332
6566,1336.9561191797375,0.5333221111358266,1332
6567,1336.9561191797375,0.5333221111358266,1332
6568,1336.9561191797375,0.5333221111358266,1332
6569,1336.9561191797375,0.5333221111358266,1332
6570,1336.9561191797375,0.5333221111358266,1332
6571,1336.9561191797375,0.5333221111358266,1332
6572,1336.9561191797375,0.5333221111358266,1332
6573,1336.9561191797375,0.5333221111358266,1332
6574,1336.9561191797375,0.5333221111358266,1332
6575,1336.9561191797375,0.5333221111358266,1332
6576,1336.9561191797375,0.5333221111358266,1332
6577,1336.9561191797375,0.5333221111358266,1332
6578,1336.9561191797375,0.5333221111358266,1332
6579,1336.9561191797375,0.5333221111358266,1332
6580,1336.9561191797375,0.5333221111358266,1332
6581,1336.9561191797375,0.5333221111358266,1332
6582,1336.9561191797375,0.5333221111358266,1332
6583,1336.9561191797375,0.5333221111358266,1332
6584,1336.9561191797375,0.5333221111358266,1332
6585,1336.9561191797375,0.5333221111358266,1332
6586,1336.9561191797375,0.5333221111358266,1332
6587,1336.9561191797375,0.5333221111358266,1332
6588,1336.9561191797375,0.5333221111358266,1332
6589,1336.9561191797375,0.5333221111358266,1332
6590,1336.9561191797375,0.5333221111358266,1332
6591,1336.9561191797375,0.5333221111358266,1332
6592,1336.9561191797375,0.5333221111358266,1332
6593,1336.9561191797375,0.5333221111358266,1332
6594,1336.9561191797375,0.5333221111358266,1332
6595,1336.9561191797375,0.5333221111358266,1332
6596,1336.9561191797375,0.5333221111358266,1332
6597,1336.9561191797375,0.5333221111358266,1332
6598,1336.9561191797375,0.5333221111358266,1332
6599,1336.9561191797375,0.5333221111358266,1332
6600,1336.9561191797375,0.5333221111358266,1332
6601,1336.9561191797375,0.5333221111358266,1332
6602,1336.9561191797375,0.5333221111358266,1332
6603,1348.1004233660776,0.5197341463203787,1343
6604,1348.1004233660776,0.5197341463203787,1343
6605,1348.1004233660776,0.5197341463203787,1343
6606,1348.1004233660776,0.5197341463203787,1343
6607,1348.1004233660776,0.5197341463203787,1343
6608,1348.1004233660776,0.5197341463203787,1343
6609,1348.1004233660776,0.5197341463203787,1343
6610,1348.1004233660776,0.5197341463203787,1343
6611,1348.1004233660776,0.5197341463203787,1343
6612,1348.1004233660776,0.5197341463203787,1343
6613,1348.1004233660776,0.5197341463203787,1343
6614,1348.1004233660776,0.5197341463203787,1343
6615,1348.1004233660776,0.5197341463203787,1343
6616,1348.1004233660776,0.5197341463203787,1343
6617,1348.1004233660776,0.5197341463203787,1343
6618,1348.1004233660776,0.5197341463203787,1343
6619,1348.1004233660776,0.5197341463203787,1343
6620,1348.1004233660776,0.5197341463203787,1343
6621,1348.1004233660776,0.5197341463203787,1343
6622,1348.1004233660776,0.5197341463203787,1343
6623,1348.1004233660776,0.5197341463203787,1343
6624,1348.1004233660776,0.5197341463203787,1343
6625,1348.1004233660776,0.5197341463203787,1343
6626,1348.1004233660776,0.5197341463203787,1343
6627,1348.1004233660776,0.5197341463203787,1343
6628,1348.1004233660776,0.5197341463203787,1343
6629,1348.1004233660776,0.5197341463203787,1343
6630,1348.1004233660776,0.5197341463203787,1343
6631,1348.1004233660776,0.5197341463203787,1343
6632,1348.1004233660776,0.5197341463203787,1343
6633,1348.1004233660776,0.5197341463203787,1343
6634,1348.1004233660776,0.5197341463203787,1343
6635,1348.1004233660776,0.5197341463203787,1343
6636,1348.1004233660776,0.5197341463203787,1343
6637,1348.1004233660776,0.5197341463203787,1343
6638,1348.1004233660776,0.5197341463203787,1343
6639,1348.1004233660776,0.5197341463203787,1343
6640,1348.1004233660776,0.5197341463203787,1343
6641,1348.1004233660776,0.5197341463203787,1343
6642,1348.1004233660776,0.5197341463203787,1343
6643,1348.1004233660776,0.5197341463203787,1343
6644,1348.1004233660776,0.5197341463203787,1343
6645,1348.1004233660776,0.5197341463203787,1343
6646,1348.1004233660776,0.5197341463203787,1343
6647,1348.1004233660776,0.5197341463203787,1343
6648,1348.1004233660776,0.5197341463203787,1343
6649,1348.1004233660776,0.5197341463203787,1343
6650,1348.1004233660776,0.5197341463203787,1343
6651,1348.1004233660776,0.5197341463203787,1343
6652,1342.9577551620907,0.5331680638332597,1338
6653,1342.9577551620907,0.5331680638332597,1338
6654,1342.9577551620907,0.5331680638332597,1338
6655,1342.9577551620907,0.5331680638332597,1338
6656,1342.9577551620907,0.5331680638332597,1338
6657,1342.9577551620907,0.5331680638332597,1338
6658,1342.9577551620907,0.5331680638332597,1338
6659,1340.957211516056,0.533219254608657,1336
6660,1340.957211516056,0.533219254608657,1336
6661,1340.957211516056,0.533219254608657,1336
6662,1340.957211516056,0.533219254608657,1336
6663,1340.957211516056,0.533219254608657,1336
6664,1340.957211516056,0.533219254608657,1336
6665,1340.957211516056,0.533219254608657,1336
6666,1340.957211516056,0.533219254608657,1336
6667,1340.957211516056,0.533219254608657,1336
6668,1340.957211516056,0.533219254608657,1336
6669,1340.957211516056,0.533219254608657,1336
6670,1340.957211516056,0.533219254608657,1336
6671,1340.957211516056,0.533219254608657,1336
6672,1340.957211516056,0.533219254608657,1336
6673,1340.957211516056,0.533219254608657,1336
6674,1340.957211516056,0.533219254608657,1336
6675,1340.957211516056,0.533219254608657,1336
6676,1340.957211516056,0.533219254608657,1336
6677,1340.957211516056,0.533219254608657,1336
6678,1340.957211516056,0.533219254608657,1336
6679,1340.957211516056,0.533219254608657,1336
6680,1340.957211516056,0.533219254608657,1336
6681,1340.957211516056,0.533219254608657,1336
6682,1340.957211516056,0.533219254608657,1336
6683,1340.957211516056,0.533219254608657,1336
6684,1340.957211516056,0.533219254608657,1336
6685,1340.957211516056,0.533219254608657,1336
6686,1340.957211516056,0.533219254608657,1336
6687,1340.957211516056,0.533219254608657,1336
6688,1340.957211516056,0.533219254608657,1336
6689,1340.957211516056,0.533219254608657,1336
6690,1340.957211516056,0.533219254608657,1336
6691,1340.957211516056,0.533219254608657,1336
6692,1340.957211516056,0.533219254608657,1336
6693,1340.957211516056,0.533219254608657,1336
6694,1340.957211516056,0.533219254608657,1336
6695,1340.957211516056,0.533219254608657,1336
6696,1340.957211516056,0.533219254608657,1336
6697,1340.957211516056,0.533219254608657,1336
6698,1340.957211516056,0.533219254608657,1336
6699,1340.957211516056,0.533219254608657,1336
6700,1340.957211516056,0.533219254608657,1336
6701,1340.957211516056,0.533219254608657,1336
6702,1340.957211516056,0.533219254608657,1336
6703,1340.957211516056,0.533219254608657,1336
6704,1340.957211516056,0.533219254608657,1336
6705,1340.957211516056,0.533219254608657,1336
6706,1340.957211516056,0.533219254608657,1336
6707,1340.957211516056,0.533219254608657,1336
6708,1340.957211516056,0.533219254608657,1336
6709,1342.9577551620907,0.5331680638332597,1338
6710,1342.9577551620907,0.5331680638332597,1338
6711,1342.9577551620907,0.5331680638332597,1338
6712,1342.9577551620907,0.5331680638332597,1338
6713,1342.9577551620907,0.5331680638332597,1338
6714,1342.9577551620907,0.5331680638332597,1338
6715,1342.9577551620907,0.5331680638332597,1338
6716,1332.9550200656474,0.5334256058712435,1328
6717,1332.9550200656474,0.5334256058712435,1328
6718,1332.9550200656474,0.5334256058712435,1328
6719,1332.9550200656474,0.5334256058712435,1328
6720,1332.9550200656474,0.5334256058712435,1328
6721,1332.9550200656474,0.5334256058712435,1328
6722,1332.9550200656474,0.5334256058712435,1328
6723,1332.9550200656474,0.5334256058712435,1328
6724,1332.9550200656474,0.5334256058712435,1328
6725,1332.9550200656474,0.5334256058712435,1328
6726,1332.9550200656474,0.5334256058712435,1328
6727,1332.9550200656474,0.5334256058712435,1328
6728,1332.9550200656474,0.5334256058712435,1328
6729,1332.9550200656474,0.5334256058712435,1328
6730,1332.9550200656474,0.5334256058712435,1328
6731,1332.9550200656474,0.5334256058712435,1328
6732,1332.9550200656474,0.5334256058712435,1328
6733,1332.9550200656474,0.5334256058712435,1328
6734,1332.9550200656474,0.5334256058712435,1328
6735,1332.9550200656474,0.5334256058712435,1328
6736,1332.9550200656474,0.5334256058712435,1328
6737,1332.9550200656474,0.5334256058712435,1328
6738,1332.9550200656474,0.5334256058712435,1328
6739,1332.9550200656474,0.5334256058712435,1328
6740,1332.9550200656474,0.5334256058712435,1328
6741,1332.9550200656474,0.5334256058712435,1328
6742,1332.9550200656474,0.5334256058712435,1328
6743,1332.9550200656474,0.5334256058712435,1328
6744,1332.9550200656474,0.5334256058712435,1328
6745,1332.9550200656474,0.5334256058712435,1328
6746,1332.9550200656474,0.5334256058712435,1328
6747,1332.9550200656474,0.5334256058712435,1328
6748,1332.9550200656474,0.5334256058712435,1328
6749,1332.9550200656474,0.5334256058712435,1328
6750,1332.9550200656474,0.5334256058712435,1328
6751,1332.9550200656474,0.5334256058712435,1328
6752,1332.9550200656474,0.5334256058712435,1328
6753,1332.9550200656474,0.5334256058712435,1328
6754,1332.9550200656474,0.5334256058712435,1328
6755,1332.9550200656474,0.5334256058712435,1328
6756,1332.9550200656474,0.5334256058712435,1328
6757,1332.9550200656474,0.5334256058712435,1328
6758,1332.9550200656474,0.5334256058712435,1328
6759,1332.9550200656474,0.5334256058712435,1328
6760,1332.9550200656474,0.5334256058712435,1328
6761,1332.9550200656474,0.5334256058712435,1328
6762,1332.9550200656474,0.5334256058712435,1328
6763,1332.9550200656474,0.5334256058712435,1328
6764,1332.9550200656474,0.5334256058712435,1328
6765,1332.9550200656474,0.5334256058712435,1328
6766,1332.9550200656474,0.5334256058712435,1328
6767,1332.9550200656474,0.5334256058712435,1328
6768,1332.9550200656474,0.5334256058712435,1328
6769,1332.9550200656474,0.5334256058712435,1328
6770,1332.9550200656474,0.5334256058712435,1328
6771,1332.9550200656474,0.5334256058712435,1328
6772,1332.9550200656474,0.5334256058712435,1328
6773,1332.9550200656474,0.5334256058712435,1328
6774,1332.9550200656474,0.5334256058712435,1328
6775,1332.9550200656474,0.5334256058712435,1328
6776,1332.9550200656474,0.5334256058712435,1328
6777,1332.9550200656474,0.5334256058712435,1328
6778,1332.9550200656474,0.5334256058712435,1328
6779,1332.9550200656474,0.5334256058712435,1328
6780,1332.9550200656474,0.5334256058712435,1328
6781,1332.9550200656474,0.5334256058712435,1328
6782,1332.9550200656474,0.5334256058712435,1328
6783,1332.9550200656474,0.5334256058712435,1328
6784,1332.9550200656474,0.5334256058712435,1328
6785,1332.9550200656474,0.5334256058712435,1328
6786,1332.9550200656474,0.5334256058712435,1328
6787,1332.9550200656474,0.5334256058712435,1328
6788,1332.9550200656474,0.5334256058712435,1328
6789,1332.9550200656474,0.5334256058712435,1328
6790,1332.9550200656474,0.5334256058712435,1328
6791,1332.9550200656474,0.5334256058712435,1328
6792,1332.9550200656474,0.5334256058712435,1328
6793,1332.9550200656474,0.5334256058712435,1328
6794,1332.9550200656474,0.5334256058712435,1328
6795,1332.9550200656474,0.5334256058712435,1328
6796,1332.9550200656474,0.5334256058712435,1328
6797,1332.9550200656474,0.5334256058712435,1328
6798,1332.9550200656474,0.5334256058712435,1328
6799,1332.9550200656474,0.5334256058712435,1328
6800,1332.9550200656474,0.5334256058712435,1328
6801,1332.9550200656474,0.5334256058712435,1328
6802,1332.9550200656474,0.5334256058712435,1328
6803,1332.9550200656474,0.5334256058712435,1328
6804,1332.9550200656474,0.5334256058712435,1328
6805,1332.9550200656474,0.5334256058712435,1328
6806,1332.9550200656474,0.5334256058712435,1328
6807,1332.9550200656474,0.5334256058712435,1328
6808,1332.9550200656474,0.5334256058712435,1328
6809,1332.9550200656474,0.5334256058712435,1328
6810,1332.9550200656474,0.5334256058712435,1328
6811,1332.9550200656474,0.5334256058712435,1328
6812,1332.9550200656474,0.5334256058712435,1328
6813,1332.9550200656474,0.5334256058712435,1328
6814,1332.9550200656474,0.5334256058712435,1328
6815,1332.9550200656474,0.5334256058712435,1328
6816,1332.9550200656474,0.5334256058712435,1328
6817,1332.9550200656474,0.5334256058712435,1328
6818,1332.9550200656474,0.5334256058712435,1328
6819,1332.9550200656474,0.5334256058712435,1328
6820,1332.9550200656474,0.5334256058712435,1328
6821,1332.9550200656474,0.5334256058712435,1328
6822,1332.9550200656474,0.5334256058712435,1328
6823,1344.9582971370344,0.5331170304110666,1340
6824,1344.9582971370344,0.5331170304110666,1340
6825,1344.9582971370344,0.5331170304110666,1340
6826,1344.9582971370344,0.5331170304110666,1340
6827,1344.9582971370344,0.5331170304110666,1340
6828,1344.9582971370344,0.5331170304110666,1340
6829,1344.9582971370344,0.5331170304110666,1340
6830,1344.9582971370344,0.5331170304110666,1340
6831,1344.9582971370344,0.5331170304110666,1340
6832,1344.9582971370344,0.5331170304110666,1340
6833,1344.9582971370344,0.5331170304110666,1340
6834,1344.9582971370344,0.5331170304110666,1340
6835,1344.9582971370344,0.5331170304110666,1340
6836,1344.9582971370344,0.5331170304110666,1340
6837,1344.9582971370344,0.5331170304110666,1340
6838,1344.9582971370344,0.5331170304110666,1340
6839,1344.9582971370344,0.5331170304110666,1340
6840,1344.9582971370344,0.5331170304110666,1340
6841,1344.9582971370344,0.5331170304110666,1340
6842,1344.9582971370344,0.5331170304110666,1340
6843,1344.9582971370344,0.5331170304110666,1340
6844,1344.9582971370344,0.5331170304110666,1340
6845,1344.9582971370344,0.5331170304110666,1340
6846,1344.9582971370344,0.5331170304110666,1340
6847,1344.9582971370344,0.5331170304110666,1340
6848,1344.9582971370344,0.5331170304110666,1340
6849,1344.9582971370344,0.5331170304110666,1340
6850,1344.9582971370344,0.5331170304110666,1340
6851,1344.9582971370344,0.5331170304110666,1340
6852,1344.9582971370344,0.5331170304110666,1340
6853,1344.9582971370344,0.5331170304110666,1340
6854,1344.9582971370344,0.5331170304110666,1340
6855,1344.9582971370344,0.5331170304110666,1340
6856,1344.9582971370344,0.5331170304110666,1340
6857,1344.9582971370344,0.5331170304110666,1340
6858,1344.9582971370344,0.5331170304110666,1340
6859,1344.9582971370344,0.5331170304110666,1340
6860,1344.9582971370344,0.5331170304110666,1340
6861,1344.9582971370344,0.5331170304110666,1340
6862,1344.9582971370344,0.5331170304110666,1340
6863,1344.9582971370344,0.5331170304110666,1340
6864,1344.9582971370344,0.5331170304110666,1340
6865,1344.9582971370344,0.5331170304110666,1340
6866,1344.9582971370344,0.5331170304110666,1340
6867,1344.9582971370344,0.5331170304110666,1340
6868,1344.9582971370344,0.5331170304110666,1340
6869,1344.9582971370344,0.5331170304110666,1340
6870,1344.9582971370344,0.5331170304110666,1340
6871,1344.9582971370344,0.5331170304110666,1340
6872,1344.9582971370344,0.5331170304110666,1340
6873,1344.9582971370344,0.5331170304110666,1340
6874,1344.9582971370344,0.5331170304110666,1340
6875,1344.9582971370344,0.5331170304110666,1340
6876,1344.9582971370344,0.5331170304110666,1340
6877,1344.9582971370344,0.5331170304110666,1340
6878,1344.9582971370344,0.5331170304110666,1340
6879,1344.9582971370344,0.5331170304110666,1340
6880,1344.9582971370344,0.5331170304110666,1340
6881,1344.9582971370344,0.5331170304110666,1340
6882,1344.9582971370344,0.5331170304110666,1340
6883,1344.9582971370344,0.5331170304110666,1340
6884,1344.9582971370344,0.5331170304110666,1340
6885,1344.9582971370344,0.5331170304110666,1340
6886,1344.9582971370344,0.5331170304110666,1340
6887,1342.9577551620907,0.5331680638332597,1338
6888,1342.9577551620907,0.5331680638332597,1338
6889,1342.9577551620907,0.5331680638332597,1338
6890,1342.9577551620907,0.5331680638332597,1338
6891,1342.9577551620907,0.5331680638332597,1338
6892,1342.9577551620907,0.5331680638332597,1338
6893,1342.9577551620907,0.5331680638332597,1338
6894,1342.9577551620907,0.5331680638332597,1338
6895,1342.9577551620907,0.5331680638332597,1338
6896,1342.9577551620907,0.5331680638332597,1338
6897,1342.9577551620907,0.5331680638332597,1338
6898,1342.9577551620907,0.5331680638332597,1338
6899,1342.9577551620907,0.5331680638332597,1338
6900,1342.9577551620907,0.5331680638332597,1338
6901,1342.9577551620907,0.5331680638332597,1338
6902,1342.9577551620907,0.5331680638332597,1338
6903,1342.9577551620907,0.5331680638332597,1338
6904,1342.9577551620907,0.5331680638332597,1338
6905,1342.9577551620907,0.5331680638332597,1338
6906,1342.9577551620907,0.5331680638332597,1338
6907,1342.9577551620907,0.5331680638332597,1338
6908,1342.9577551620907,0.5331680638332597,1338
6909,1342.9577551620907,0.5331680638332597,1338
6910,1342.9577551620907,0.5331680638332597,1338
6911,1342.9577551620907,0.5331680638332597,1338
6912,1342.9577551620907,0.5331680638332597,1338
6913,1342.9577551620907,0.5331680638332597,1338
6914,1342.9577551620907,0.5331680638332597,1338
6915,1342.9577551620907,0.5331680638332597,1338
6916,1342.9577551620907,0.5331680638332597,1338
6917,1342.9577551620907,0.5331680638332597,1338
6918,1342.9577551620907,0.5331680638332597,1338
6919,1342.9577551620907,0.5331680638332597,1338
6920,1342.9577551620907,0.5331680638332597,1338
6921,1342.9577551620907,0.5331680638332597,1338
6922,1342.9577551620907,0.5331680638332597,1338
6923,1342.9577551620907,0.5331680638332597,1338
6924,1342.9577551620907,0.5331680638332597,1338
6925,1342.9577551620907,0.5331680638332597,1338
6926,1342.9577551620907,0.5331680638332597,1338
6927,1342.9577551620907,0.5331680638332597,1338
6928,1342.9577551620907,0.5331680638332597,1338
6929,1342.9577551620907,0.5331680638332597,1338
6930,1342.9577551620907,0.5331680638332597,1338
6931,1342.9577551620907,0.5331680638332597,1338
6932,1342.9577551620907,0.5331680638332597,1338
6933,1342.9577551620907,0.5331680638332597,1338
6934,1342.9577551620907,0.5331680638332597,1338
6935,1342.9577551620907,0.5331680638332597,1338
6936,1342.9577551620907,0.5331680638332597,1338
6937,1342.9577551620907,0.5331680638332597,1338
6938,1342.9577551620907,0.5331680638332597,1338
6939,1342.9577551620907,0.5331680638332597,1338
6940,1342.9577551620907,0.5331680638332597,1338
6941,1342.9577551620907,0.5331680638332597,1338
6942,1342.9577551620907,0.5331680638332597,1338
6943,1342.9577551620907,0.5331680638332597,1338
6944,1342.9577551620907,0.5331680638332597,1338
6945,1342.9577551620907,0.5331680638332597,1338
6946,1342.9577551620907,0.5331680638332597,1338
6947,1342.9577551620907,0.5331680638332597,1338
6948,1342.9577551620907,0.5331680638332597,1338
6949,1342.9577551620907,0.5331680638332597,1338
6950,1342.9577551620907,0.5331680638332597,1338
6951,1342.9577551620907,0.5331680638332597,1338
6952,1342.9577551620907,0.5331680638332597,1338
6953,1342.9577551620907,0.5331680638332597,1338
6954,1342.9577551620907,0.5331680638332597,1338
6955,1342.9577551620907,0.5331680638332597,1338
6956,1342.9577551620907,0.5331680638332597,1338
6957,1342.9577551620907,0.5331680638332597,1338
6958,1342.9577551620907,0.5331680638332597,1338
6959,1342.9577551620907,0.5331680638332597,1338
6960,1342.9577551620907,0.5331680638332597,1338
6961,1342.9577551620907,0.5331680638332597,1338
6962,1342.9577551620907,0.5331680638332597,1338
6963,1342.9577551620907,0.5331680638332597,1338
6964,1342.9577551620907,0.5331680638332597,1338
6965,1342.9577551620907,0.5331680638332597,1338
6966,1342.9577551620907,0.5331680638332597,1338
6967,1342.9577551620907,0.5331680638332597,1338
6968,1342.9577551620907,0.5331680638332597,1338
6969,1342.9577551620907,0.5331680638332597,1338
6970,1342.9577551620907,0.5331680638332597,1338
6971,1342.9577551620907,0.5331680638332597,1338
6972,1342.9577551620907,0.5331680638332597,1338
6973,1342.9577551620907,0.5331680638332597,1338
6974,1342.9577551620907,0.5331680638332597,1338
6975,1342.9577551620907,0.5331680638332597,1338
6976,1342.9577551620907,0.5331680638332597,1338
6977,1342.9577551620907,0.5331680638332597,1338
6978,1342.9577551620907,0.5331680638332597,1338
6979,1342.9577551620907,0.5331680638332597,1338
6980,1342.9577551620907,0.5331680638332597,1338
6981,1342.9577551620907,0.5331680638332597,1338
6982,1342.9577551620907,0.5331680638332597,1338
6983,1342.9577551620907,0.5331680638332597,1338
6984,1342.9577551620907,0.5331680638332597,1338
6985,1342.9577551620907,0.5331680638332597,1338
6986,1342.9577551620907,0.5331680638332597,1338
6987,1342.9577551620907,0.5331680638332597,1338
6988,1342.9577551620907,0.5331680638332597,1338
6989,1342.9577551620907,0.5331680638332597,1338
6990,1342.9577551620907,0.5331680638332597,1338
6991,1342.9577551620907,0.5331680638332597,1338
6992,1342.9577551620907,0.5331680638332597,1338
6993,1342.9577551620907,0.5331680638332597,1338
6994,1342.9577551620907,0.5331680638332597,1338
6995,1342.9577551620907,0.5331680638332597,1338
6996,1342.9577551620907,0.5331680638332597,1338
6997,1342.9577551620907,0.5331680638332597,1338
6998,1342.9577551620907,0.5331680638332597,1338
6999,1342.9577551620907,0.5331680638332597,1338
7000,1342.9577551620907,0.5331680638332597,1338
7001,1342.9577551620907,0.5331680638332597,1338
7002,1342.9577551620907,0.5331680638332597,1338
7003,1342.9577551620907,0.5331680638332597,1338
7004,1348.1004233660776,0.5197341463203787,1343
7005,1348.1004233660776,0.5197341463203787,1343
7006,1348.1004233660776,0.5197341463203787,1343
7007,1348.1004233660776,0.5197341463203787,1343
7008,1348.1004233660776,0.5197341463203787,1343
7009,1348.1004233660776,0.5197341463203787,1343
7010,1348.1004233660776,0.5197341463203787,1343
7011,1348.1004233660776,0.5197341463203787,1343
7012,1348.1004233660776,0.5197341463203787,1343
7013,1348.1004233660776,0.5197341463203787,1343
7014,1348.1004233660776,0.5197341463203787,1343
7015,1348.1004233660776,0.5197341463203787,1343
7016,1348.1004233660776,0.5197341463203787,1343
7017,1348.1004233660776,0.5197341463203787,1343
7018,1348.1004233660776,0.5197341463203787,1343
7019,1348.1004233660776,0.5197341463203787,1343
7020,1348.1004233660776,0.5197341463203787,1343
7021,1348.1004233660776,0.5197341463203787,1343
7022,1348.1004233660776,0.5197341463203787,1343
7023,1348.1004233660776,0.5197341463203787,1343
7024,1348.1004233660776,0.5197341463203787,1343
7025,1348.1004233660776,0.5197341463203787,1343
7026,1348.1004233660776,0.5197341463203787,1343
7027,1348.1004233660776,0.5197341463203787,1343
7028,1348.1004233660776,0.5197341463203787,1343
7029,1348.1004233660776,0.5197341463203787,1343
7030,1348.1004233660776,0.5197341463203787,1343
7031,1348.1004233660776,0.5197341463203787,1343
7032,1348.1004233660776,0.5197341463203787,1343
7033,1348.1004233660776,0.5197341463203787,1343
7034,1348.1004233660776,0.5197341463203787,1343
7035,1348.1004233660776,0.5197341463203787,1343
7036,1348.1004233660776,0.5197341463203787,1343
7037,1348.1004233660776,0.5197341463203787,1343
7038,1348.1004233660776,0.5197341463203787,1343
7039,1348.1004233660776,0.5197341463203787,1343
7040,1348.1004233660776,0.5197341463203787,1343
7041,1348.1004233660776,0.5197341463203787,1343
7042,1348.1004233660776,0.5197341463203787,1343
7043,1348.1004233660776,0.5197341463203787,1343
7044,1348.1004233660776,0.5197341463203787,1343
7045,1348.1004233660776,0.5197341463203787,1343
7046,1348.1004233660776,0.5197341463203787,1343
7047,1348.1004233660776,0.5197341463203787,1343
7048,1348.1004233660776,0.5197341463203787,1343
7049,1348.1004233660776,0.5197341463203787,1343
7050,1348.1004233660776,0.5197341463203787,1343
7051,1348.1004233660776,0.5197341463203787,1343
7052,1348.1004233660776,0.5197341463203787,1343
7053,1348.1004233660776,0.5197341463203787,1343
7054,1348.1004233660776,0.5197341463203787,1343
7055,1348.1004233660776,0.5197341463203787,1343
7056,1348.1004233660776,0.5197341463203787,1343
7057,1348.1004233660776,0.5197341463203787,1343
7058,1348.1004233660776,0.5197341463203787,1343
7059,1348.1004233660776,0.5197341463203787,1343
7060,1348.1004233660776,0.5197341463203787,1343
7061,1348.1004233660776,0.5197341463203787,1343
7062,1348.1004233660776,0.5197341463203787,1343
7063,1348.1004233660776,0.5197341463203787,1343
7064,1348.1004233660776,0.5197341463203787,1343
7065,1348.1004233660776,0.5197341463203787,1343
7066,1348.1004233660776,0.5197341463203787,1343
7067,1350.1007409001302,0.5197042466920664,1345
7068,1350.1007409001302,0.5197042466920664,1345
7069,1350.1007409001302,0.5197042466920664,1345
7070,1350.1007409001302,0.5197042466920664,1345
7071,1350.1007409001302,0.5197042466920664,1345
7072,1350.1007409001302,0.5197042466920664,1345
7073,1350.1007409001302,0.5197042466920664,1345
7074,1350.1007409001302,0.5197042466920664,1345
7075,1350.1007409001302,0.5197042466920664,1345
7076,1350.1007409001302,0.5197042466920664,1345
7077,1350.1007409001302,0.5197042466920664,1345
7078,1350.1007409001302,0.5197042466920664,1345
7079,1350.1007409001302,0.5197042466920664,1345
7080,1350.1007409001302,0.5197042466920664,1345
7081,1350.1007409001302,0.5197042466920664,1345
7082,1350.1007409001302,0.5197042466920664,1345
7083,1350.1007409001302,0.5197042466920664,1345
7084,1350.1007409001302,0.5197042466920664,1345
7085,1350.1007409001302,0.5197042466920664,1345
7086,1350.1007409001302,0.5197042466920664,1345
7087,1350.1007409001302,0.5197042466920664,1345
7088,1350.1007409001302,0.5197042466920664,1345
7089,1350.1007409001302,0.5197042466920664,1345
7090,1350.1007409001302,0.5197042466920664,1345
7091,1350.1007409001302,0.5197042466920664,1345
7092,1350.1007409001302,0.5197042466920664,1345
7093,1350.1007409001302,0.5197042466920664,1345
7094,1350.1007409001302,0.5197042466920664,1345
7095,1350.1007409001302,0.5197042466920664,1345
7096,1350.1007409001302,0.5197042466920664,1345
7097,1350.1007409001302,0.5197042466920664,1345
7098,1350.1007409001302,0.5197042466920664,1345
7099,1350.1007409001302,0.5197042466920664,1345
7100,1350.1007409001302,0.5197042466920664,1345
7101,1350.1007409001302,0.5197042466920664,1345
7102,1350.1007409001302,0.5197042466920664,1345
7103,1350.1007409001302,0.5197042466920664,1345
7104,1350.1007409001302,0.5197042466920664,1345
7105,1350.1007409001302,0.5197042466920664,1345
7106,1350.1007409001302,0.5197042466920664,1345
7107,1350.1007409001302,0.5197042466920664,1345
7108,1350.1007409001302,0.5197042466920664,1345
7109,1350.1007409001302,0.5197042466920664,1345
7110,1350.1007409001302,0.5197042466920664,1345
7111,1350.1007409001302,0.5197042466920664,1345
7112,1350.1007409001302,0.5197042466920664,1345
7113,1350.1007409001302,0.5197042466920664,1345
7114,1350.1007409001302,0.5197042466920664,1345
7115,1350.1007409001302,0.5197042466920664,1345
7116,1350.1007409001302,0.5197042466920664,1345
7117,1350.1007409001302,0.5197042466920664,1345
7118,1350.1007409001302,0.5197042466920664,1345
7119,1350.1007409001302,0.5197042466920664,1345
7120,1350.1007409001302,0.5197042466920664,1345
7121,1350.1007409001302,0.5197042466920664,1345
7122,1350.1007409001302,0.5197042466920664,1345
7123,1350.1007409001302,0.5197042466920664,1345
7124,1350.1007409001302,0.5197042466920664,1345
7125,1350.1007409001302,0.5197042466920664,1345
7126,1350.1007409001302,0.5197042466920664,1345
7127,1350.1007409001302,0.5197042466920664,1345
7128,1350.1007409001302,0.5197042466920664,1345
7129,1350.1007409001302,0.5197042466920664,1345
7130,1350.1007409001302,0.5197042466920664,1345
7131,1350.1007409001302,0.5197042466920664,1345
7132,1350.1007409001302,0.5197042466920664,1345
7133,1350.1007409001302,0.5197042466920664,1345
7134,1350.1007409001302,0.5197042466920664,1345
7135,1350.1007409001302,0.5197042466920664,1345
7136,1350.1007409001302,0.5197042466920664,1345
7137,1350.1007409001302,0.5197042466920664,1345
7138,1350.1007409001302,0.5197042466920664,1345
7139,1350.1007409001302,0.5197042466920664,1345
7140,1350.1007409001302,0.5197042466920664,1345
7141,1350.1007409001302,0.5197042466920664,1345
7142,1350.1007409001302,0.5197042466920664,1345
7143,1350.1007409001302,0.5197042466920664,1345
7144,1350.1007409001302,0.5197042466920664,1345
7145,1350.1007409001302,0.5197042466920664,1345
7146,1350.1007409001302,0.5197042466920664,1345
7147,1350.1007409001302,0.5197042466920664,1345
7148,1350.1007409001302,0.5197042466920664,1345
7149,1350.1007409001302,0.5197042466920664,1345
7150,1361.0452667495708,0.5249278013586706,1356
7151,1361.0452667495708,0.5249278013586706,1356
7152,1361.0452667495708,0.5249278013586706,1356
7153,1361.0452667495708,0.5249278013586706,1356
7154,1361.0452667495708,0.5249278013586706,1356
7155,1361.0452667495708,0.5249278013586706,1356
7156,1361.0452667495708,0.5249278013586706,1356
7157,1361.0452667495708,0.5249278013586706,1356
7158,1361.0452667495708,0.5249278013586706,1356
7159,1361.0452667495708,0.5249278013586706,1356
7160,1361.0452667495708,0.5249278013586706,1356
7161,1361.0452667495708,0.5249278013586706,1356
7162,1361.0452667495708,0.5249278013586706,1356
7163,1361.0452667495708,0.5249278013586706,1356
7164,1361.0452667495708,0.5249278013586706,1356
7165,1361.0452667495708,0.5249278013586706,1356
7166,1361.0452667495708,0.5249278013586706,1356
7167,1361.0452667495708,0.5249278013586706,1356
7168,1361.0452667495708,0.5249278013586706,1356
7169,1361.0452667495708,0.5249278013586706,1356
7170,1361.0452667495708,0.5249278013586706,1356
7171,1361.0452667495708,0.5249278013586706,1356
7172,1361.0452667495708,0.5249278013586706,1356
7173,1361.0452667495708,0.5249278013586706,1356
7174,1361.0452667495708,0.5249278013586706,1356
7175,1361.0452667495708,0.5249278013586706,1356
7176,1361.0452667495708,0.5249278013586706,1356
7177,1361.0452667495708,0.5249278013586706,1356
7178,1361.0452667495708,0.5249278013586706,1356
7179,1361.0452667495708,0.5249278013586706,1356
7180,1361.0452667495708,0.5249278013586706,1356
7181,1361.0452667495708,0.5249278013586706,1356
7182,1361.0452667495708,0.5249278013586706,1356
7183,1361.0452667495708,0.5249278013586706,1356
7184,1361.0452667495708,0.5249278013586706,1356
7185,1361.0452667495708,0.5249278013586706,1356
7186,1361.0452667495708,0.5249278013586706,1356
7187,1361.0452667495708,0.5249278013586706,1356
7188,1357.8862035503935,0.5399055037294174,1353
7189,1360.870295526818,0.5414034343862625,1356
7190,1360.870295526818,0.5414034343862625,1356
7191,1360.870295526818,0.5414034343862625,1356
7192,1360.870295526818,0.5414034343862625,1356
7193,1360.870295526818,0.5414034343862625,1356
7194,1360.870295526818,0.5414034343862625,1356
7195,1360.870295526818,0.5414034343862625,1356
7196,1360.870295526818,0.5414034343862625,1356
7197,1360.870295526818,0.5414034343862625,1356
7198,1344.0832841951608,0.5213480042221453,1339
7199,1344.0832841951608,0.5213480042221453,1339
7200,1344.0832841951608,0.5213480042221453,1339
7201,1344.0832841951608,0.5213480042221453,1339
7202,1344.0832841951608,0.5213480042221453,1339
7203,1344.0832841951608,0.5213480042221453,1339
7204,1344.0832841951608,0.5213480042221453,1339
7205,1344.0832841951608,0.5213480042221453,1339
7206,1344.0832841951608,0.5213480042221453,1339
7207,1344.0832841951608,0.5213480042221453,1339
7208,1344.0832841951608,0.5213480042221453,1339
7209,1344.0832841951608,0.5213480042221453,1339
7210,1344.0832841951608,0.5213480042221453,1339
7211,1344.0832841951608,0.5213480042221453,1339
7212,1344.0832841951608,0.5213480042221453,1339
7213,1344.0832841951608,0.5213480042221453,1339
7214,1344.0832841951608,0.5213480042221453,1339
7215,1344.0832841951608,0.5213480042221453,1339
7216,1344.0832841951608,0.5213480042221453,1339
7217,1344.0832841951608,0.5213480042221453,1339
7218,1344.0832841951608,0.5213480042221453,1339
7219,1341.0993043705178,0.5198395131339207,1336
7220,1341.0993043705178,0.5198395131339207,1336
7221,1341.0993043705178,0.5198395131339207,1336
7222,1341.0993043705178,0.5198395131339207,1336
7223,1341.0993043705178,0.5198395131339207,1336
7224,1332.9550200656474,0.5334256058712435,1328
7225,1332.9550200656474,0.5334256058712435,1328
7226,1332.9550200656474,0.5334256058712435,1328
7227,1332.9550200656474,0.5334256058712435,1328
7228,1332.9550200656474,0.5334256058712435,1328
7229,1332.9550200656474,0.5334256058712435,1328
7230,1332.9550200656474,0.5334256058712435,1328
7231,1332.9550200656474,0.5334256058712435,1328
7232,1332.9550200656474,0.5334256058712435,1328
7233,1332.9550200656474,0.5334256058712435,1328
7234,1332.9550200656474,0.5334256058712435,1328
7235,1332.9550200656474,0.5334256058712435,1328
7236,1332.9550200656474,0.5334256058712435,1328
7237,1332.9550200656474,0.5334256058712435,1328
7238,1332.9550200656474,0.5334256058712435,1328
7239,1332.9550200656474,0.5334256058712435,1328
7240,1332.9550200656474,0.5334256058712435,1328
7241,1332.9550200656474,0.5334256058712435,1328
7242,1332.9550200656474,0.5334256058712435,1328
7243,1332.9550200656474,0.5334256058712435,1328
7244,1332.9550200656474,0.5334256058712435,1328
7245,1332.9550200656474,0.5334256058712435,1328
7246,1332.9550200656474,0.5334256058712435,1328
7247,1332.9550200656474,0.5334256058712435,1328
7248,1332.9550200656474,0.5334256058712435,1328
7249,1332.9550200656474,0.5334256058712435,1328
7250,1332.9550200656474,0.5334256058712435,1328
7251,1332.9550200656474,0.5334256058712435,1328
7252,1332.9550200656474,0.5334256058712435,1328
7253,1332.9550200656474,0.5334256058712435,1328
7254,1332.9550200656474,0.5334256058712435,1328
7255,1332.9550200656474,0.5334256058712435,1328
7256,1332.9550200656474,0.5334256058712435,1328
7257,1332.9550200656474,0.5334256058712435,1328
7258,1332.9550200656474,0.5334256058712435,1328
7259,1332.9550200656474,0.5334256058712435,1328
7260,1332.9550200656474,0.5334256058712435,1328
7261,1332.9550200656474,0.5334256058712435,1328
7262,1332.9550200656474,0.5334256058712435,1328
7263,1332.9550200656474,0.5334256058712435,1328
7264,1332.9550200656474,0.5334256058712435,1328
7265,1341.1404462826927,0.515965510104263,1336
7266,1341.1404462826927,0.515965510104263,1336
7267,1341.1404462826927,0.515965510104263,1336
7268,1341.1404462826927,0.515965510104263,1336
7269,1341.1404462826927,0.515965510104263,1336
7270,1341.1404462826927,0.515965510104263,1336
7271,1341.1404462826927,0.515965510104263,1336
7272,1343.0831112876583,0.5213642855312298,1338
7273,1343.0831112876583,0.5213642855312298,1338
7274,1343.0831112876583,0.5213642855312298,1338
7275,1343.0831112876583,0.5213642855312298,1338
7276,1343.0831112876583,0.5213642855312298,1338
7277,1343.0831112876583,0.5213642855312298,1338
7278,1343.0831112876583,0.5213642855312298,1338
7279,1343.0831112876583,0.5213642855312298,1338
7280,1343.0831112876583,0.5213642855312298,1338
7281,1341.0993043705178,0.5198395131339207,1336
7282,1341.0993043705178,0.5198395131339207,1336
7283,1349.9847882965462,0.5306225709466892,1345
7284,1349.9847882965462,0.5306225709466892,1345
7285,1349.9847882965462,0.5306225709466892,1345
7286,1349.9847882965462,0.5306225709466892,1345
7287,1349.9847882965462,0.5306225709466892,1345
7288,1349.9847882965462,0.5306225709466892,1345
7289,1349.9847882965462,0.5306225709466892,1345
7290,1349.9847882965462,0.5306225709466892,1345
7291,1349.9847882965462,0.5306225709466892,1345
7292,1349.9847882965462,0.5306225709466892,1345
7293,1349.9847882965462,0.5306225709466892,1345
7294,1349.9847882965462,0.5306225709466892,1345
7295,1349.9847882965462,0.5306225709466892,1345
7296,1349.9847882965462,0.5306225709466892,1345
7297,1349.9847882965462,0.5306225709466892,1345
7298,1349.9847882965462,0.5306225709466892,1345
7299,1349.9847882965462,0.5306225709466892,1345
7300,1349.9847882965462,0.5306225709466892,1345
7301,1349.9847882965462,0.5306225709466892,1345
7302,1349.9847882965462,0.5306225709466892,1345
7303,1349.9847882965462,0.5306225709466892,1345
7304,1349.9847882965462,0.5306225709466892,1345
7305,1349.9847882965462,0.5306225709466892,1345
7306,1349.9847882965462,0.5306225709466892,1345
7307,1349.9847882965462,0.5306225709466892,1345
7308,1349.9847882965462,0.5306225709466892,1345
7309,1349.9847882965462,0.5306225709466892,1345
7310,1349.9847882965462,0.5306225709466892,1345
7311,1349.9847882965462,0.5306225709466892,1345
7312,1349.9847882965462,0.5306225709466892,1345
7313,1349.9847882965462,0.5306225709466892,1345
7314,1349.9847882965462,0.5306225709466892,1345
7315,1349.9847882965462,0.5306225709466892,1345
7316,1349.9847882965462,0.5306225709466892,1345
7317,1349.9847882965462,0.5306225709466892,1345
7318,1349.9847882965462,0.5306225709466892,1345
7319,1349.9847882965462,0.5306225709466892,1345
7320,1349.9847882965462,0.5306225709466892,1345
7321,1349.9847882965462,0.5306225709466892,1345
7322,1349.9847882965462,0.5306225709466892,1345
7323,1349.9847882965462,0.5306225709466892,1345
7324,1349.9847882965462,0.5306225709466892,1345
7325,1349.9847882965462,0.5306225709466892,1345
7326,1349.9847882965462,0.5306225709466892,1345
7327,1349.9847882965462,0.5306225709466892,1345
7328,1349.9847882965462,0.5306225709466892,1345
7329,1349.9847882965462,0.5306225709466892,1345
7330,1349.9847882965462,0.5306225709466892,1345
7331,1349.9847882965462,0.5306225709466892,1345
7332,1349.9847882965462,0.5306225709466892,1345
7333,1349.9847882965462,0.5306225709466892,1345
7334,1347.0424389555399,0.5251940719830628,1342
7335,1347.0424389555399,0.5251940719830628,1342
7336,1347.0424389555399,0.5251940719830628,1342
7337,1347.0424389555399,0.5251940719830628,1342
7338,1329.954191244174,0.5335036493244997,1325
7339,1329.954191244174,0.5335036493244997,1325
7340,1329.954191244174,0.5335036493244997,1325
7341,1329.954191244174,0.5335036493244997,1325
7342,1329.954191244174,0.5335036493244997,1325
7343,1329.954191244174,0.5335036493244997,1325
7344,1329.954191244174,0.5335036493244997,1325
7345,1329.954191244174,0.5335036493244997,1325
7346,1329.954191244174,0.5335036493244997,1325
7347,1329.954191244174,0.5335036493244997,1325
7348,1329.954191244174,0.5335036493244997,1325
7349,1329.954191244174,0.5335036493244997,1325
7350,1329.954191244174,0.5335036493244997,1325
7351,1329.954191244174,0.5335036493244997,1325
7352,1329.954191244174,0.5335036493244997,1325
7353,1329.954191244174,0.5335036493244997,1325
7354,1329.954191244174,0.5335036493244997,1325
7355,1329.954191244174,0.5335036493244997,1325
7356,1329.954191244174,0.5335036493244997,1325
7357,1329.954191244174,0.5335036493244997,1325
7358,1329.954191244174,0.5335036493244997,1325
7359,1329.954191244174,0.5335036493244997,1325
7360,1329.954191244174,0.5335036493244997,1325
7361,1329.954191244174,0.5335036493244997,1325
7362,1329.954191244174,0.5335036493244997,1325
7363,1329.954191244174,0.5335036493244997,1325
7364,1329.954191244174,0.5335036493244997,1325
7365,1329.954191244174,0.5335036493244997,1325
7366,1329.954191244174,0.5335036493244997,1325
7367,1329.954191244174,0.5335036493244997,1325
7368,1329.954191244174,0.5335036493244997,1325
7369,1329.954191244174,0.5335036493244997,1325
7370,1329.954191244174,0.5335036493244997,1325
7371,1329.954191244174,0.5335036493244997,1325
7372,1329.954191244174,0.5335036493244997,1325
7373,1329.954191244174,0.5335036493244997,1325
7374,1329.954191244174,0.5335036493244997,1325
7375,1329.954191244174,0.5335036493244997,1325
7376,1329.954191244174,0.5335036493244997,1325
7377,1329.954191244174,0.5335036493244997,1325
7378,1329.954191244174,0.5335036493244997,1325
7379,1329.954191244174,0.5335036493244997,1325
7380,1329.954191244174,0.5335036493244997,1325
7381,1329.954191244174,0.5335036493244997,1325
7382,1329.954191244174,0.5335036493244997,1325
7383,1329.954191244174,0.5335036493244997,1325
7384,1329.954191244174,0.5335036493244997,1325
7385,1329.954191244174,0.5335036493244997,1325
7386,1329.954191244174,0.5335036493244997,1325
7387,1329.954191244174,0.5335036493244997,1325
7388,1329.954191244174,0.5335036493244997,1325
7389,1329.954191244174,0.5335036493244997,1325
7390,1329.954191244174,0.5335036493244997,1325
7391,1329.954191244174,0.5335036493244997,1325
7392,1329.954191244174,0.5335036493244997,1325
7393,1329.954191244174,0.5335036493244997,1325
7394,1329.954191244174,0.5335036493244997,1325
7395,1329.954191244174,0.5335036493244997,1325
7396,1329.954191244174,0.5335036493244997,1325
7397,1329.954191244174,0.5335036493244997,1325
7398,1329.954191244174,0.5335036493244997,1325
7399,1329.954191244174,0.5335036493244997,1325
7400,1329.954191244174,0.5335036493244997,1325
7401,1329.954191244174,0.5335036493244997,1325
7402,1329.954191244174,0.5335036493244997,1325
7403,1329.954191244174,0.5335036493244997,1325
7404,1329.954191244174,0.5335036493244997,1325
7405,1329.954191244174,0.5335036493244997,1325
7406,1329.954191244174,0.5335036493244997,1325
7407,1329.954191244174,0.5335036493244997,1325
7408,1329.954191244174,0.5335036493244997,1325
7409,1329.954191244174,0.5335036493244997,1325
7410,1329.954191244174,0.5335036493244997,1325
7411,1329.954191244174,0.5335036493244997,1325
7412,1329.954191244174,0.5335036493244997,1325
7413,1329.954191244174,0.5335036493244997,1325
7414,1329.954191244174,0.5335036493244997,1325
7415,1329.954191244174,0.5335036493244997,1325
7416,1329.954191244174,0.5335036493244997,1325
7417,1329.954191244174,0.5335036493244997,1325
7418,1329.954191244174,0.5335036493244997,1325
7419,1329.954191244174,0.5335036493244997,1325
7420,1329.954191244174,0.5335036493244997,1325
7421,1329.954191244174,0.5335036493244997,1325
7422,1329.954191244174,0.5335036493244997,1325
7423,1329.954191244174,0.5335036493244997,1325
7424,1329.954191244174,0.5335036493244997,1325
7425,1329.954191244174,0.5335036493244997,1325
7426,1329.954191244174,0.5335036493244997,1325
7427,1329.954191244174,0.5335036493244997,1325
7428,1329.954191244174,0.5335036493244997,1325
7429,1329.954191244174,0.5335036493244997,1325
7430,1329.954191244174,0.5335036493244997,1325
7431,1329.954191244174,0.5335036493244997,1325
7432,1329.954191244174,0.5335036493244997,1325
7433,1329.954191244174,0.5335036493244997,1325
7434,1329.954191244174,0.5335036493244997,1325
7435,1329.954191244174,0.5335036493244997,1325
7436,1329.954191244174,0.5335036493244997,1325
7437,1329.954191244174,0.5335036493244997,1325
7438,1329.954191244174,0.5335036493244997,1325
7439,1329.954191244174,0.5335036493244997,1325
7440,1329.954191244174,0.5335036493244997,1325
7441,1329.954191244174,0.5335036493244997,1325
7442,1329.954191244174,0.5335036493244997,1325
7443,1329.954191244174,0.5335036493244997,1325
7444,1329.954191244174,0.5335036493244997,1325
7445,1338.1400587820199,0.5160019979265704,1333
7446,1338.1400587820199,0.5160019979265704,1333
7447,1338.1400587820199,0.5160019979265704,1333
7448,1338.1400587820199,0.5160019979265704,1333
7449,1338.1400587820199,0.5160019979265704,1333
7450,1338.1400587820199,0.5160019979265704,1333
7451,1338.1400587820199,0.5160019979265704,1333
7452,1338.1400587820199,0.5160019979265704,1333
7453,1338.1400587820199,0.5160019979265704,1333
7454,1338.1400587820199,0.5160019979265704,1333
7455,1338.1400587820199,0.5160019979265704,1333
7456,1338.1400587820199,0.5160019979265704,1333
7457,1338.1400587820199,0.5160019979265704,1333
7458,1338.1400587820199,0.5160019979265704,1333
7459,1338.1400587820199,0.5160019979265704,1333
7460,1338.1400587820199,0.5160019979265704,1333
7461,1338.1400587820199,0.5160019979265704,1333
7462,1338.1400587820199,0.5160019979265704,1333
7463,1338.1400587820199,0.5160019979265704,1333
7464,1338.1400587820199,0.5160019979265704,1333
7465,1338.1400587820199,0.5160019979265704,1333
7466,1338.1400587820199,0.5160019979265704,1333
7467,1338.1400587820199,0.5160019979265704,1333
7468,1338.1400587820199,0.5160019979265704,1333
7469,1318.137429492036,0.5162495770210905,1313
7470,1318.137429492036,0.5162495770210905,1313
7471,1318.137429492036,0.5162495770210905,1313
7472,1318.137429492036,0.5162495770210905,1313
7473,1318.137429492036,0.5162495770210905,1313
7474,1318.137429492036,0.5162495770210905,1313
7475,1318.137429492036,0.5162495770210905,1313
7476,1318.137429492036,0.5162495770210905,1313
7477,1318.137429492036,0.5162495770210905,1313
7478,1318.137429492036,0.5162495770210905,1313
7479,1318.137429492036,0.5162495770210905,1313
7480,1318.137429492036,0.5162495770210905,1313
7481,1318.137429492036,0.5162495770210905,1313
7482,1318.137429492036,0.5162495770210905,1313
7483,1318.137429492036,0.5162495770210905,1313
7484,1318.137429492036,0.5162495770210905,1313
7485,1318.137429492036,0.5162495770210905,1313
7486,1318.137429492036,0.5162495770210905,1313
7487,1318.137429492036,0.5162495770210905,1313
7488,1318.137429492036,0.5162495770210905,1313
7489,1318.137429492036,0.5162495770210905,1313
7490,1318.137429492036,0.5162495770210905,1313
7491,1318.137429492036,0.5162495770210905,1313
7492,1318.137429492036,0.5162495770210905,1313
7493,1318.137429492036,0.5162495770210905,1313
7494,1318.137429492036,0.5162495770210905,1313
7495,1318.137429492036,0.5162495770210905,1313
7496,1318.137429492036,0.5162495770210905,1313
7497,1318.137429492036,0.5162495770210905,1313
7498,1318.137429492036,0.5162495770210905,1313
7499,1318.137429492036,0.5162495770210905,1313
7500,1318.137429492036,0.5162495770210905,1313
7501,1318.137429492036,0.5162495770210905,1313
7502,1318.137429492036,0.5162495770210905,1313
7503,1318.137429492036,0.5162495770210905,1313
7504,1318.137429492036,0.5162495770210905,1313
7505,1318.137429492036,0.5162495770210905,1313
7506,1318.137429492036,0.5162495770210905,1313
7507,1318.137429492036,0.5162495770210905,1313
7508,1318.137429492036,0.5162495770210905,1313
7509,1318.137429492036,0.5162495770210905,1313
7510,1318.137429492036,0.5162495770210905,1313
7511,1318.137429492036,0.5162495770210905,1313
7512,1318.137429492036,0.5162495770210905,1313
7513,1318.137429492036,0.5162495770210905,1313
7514,1318.137429492036,0.5162495770210905,1313
7515,1318.137429492036,0.5162495770210905,1313
7516,1318.137429492036,0.5162495770210905,1313
7517,1318.137429492036,0.5162495770210905,1313
7518,1318.137429492036,0.5162495770210905,1313
7519,1318.137429492036,0.5162495770210905,1313
7520,1318.137429492036,0.5162495770210905,1313
7521,1318.137429492036,0.5162495770210905,1313
7522,1318.137429492036,0.5162495770210905,1313
7523,1318.137429492036,0.5162495770210905,1313
7524,1318.137429492036,0.5162495770210905,1313
7525,1318.137429492036,0.5162495770210905,1313
7526,1318.137429492036,0.5162495770210905,1313
7527,1318.137429492036,0.5162495770210905,1313
7528,1318.137429492036,0.5162495770210905,1313
7529,1318.137429492036,0.5162495770210905,1313
7530,1320.0790603583375,0.5217457289701072,1315
7531,1320.0790603583375,0.5217457289701072,1315
7532,1320.0790603583375,0.5217457289701072,1315
7533,1320.0790603583375,0.5217457289701072,1315
7534,1327.0382929009209,0.5255844726063238,1322
7535,1327.0382929009209,0.5255844726063238,1322
7536,1327.0382929009209,0.5255844726063238,1322
7537,1327.0382929009209,0.5255844726063238,1322
7538,1327.0382929009209,0.5255844726063238,1322
7539,1327.0382929009209,0.5255844726063238,1322
7540,1327.0382929009209,0.5255844726063238,1322
7541,1327.0382929009209,0.5255844726063238,1322
7542,1327.0382929009209,0.5255844726063238,1322
7543,1327.0382929009209,0.5255844726063238,1322
7544,1327.0382929009209,0.5255844726063238,1322
7545,1327.0382929009209,0.5255844726063238,1322
7546,1327.0382929009209,0.5255844726063238,1322
7547,1327.0382929009209,0.5255844726063238,1322
7548,1327.0382929009209,0.5255844726063238,1322
7549,1327.0382929009209,0.5255844726063238,1322
7550,1327.0382929009209,0.5255844726063238,1322
7551,1327.0382929009209,0.5255844726063238,1322
7552,1334.981013988113,0.5309779672209882,1330
7553,1334.981013988113,0.5309779672209882,1330
7554,1334.981013988113,0.5309779672209882,1330
7555,1334.981013988113,0.5309779672209882,1330
7556,1334.981013988113,0.5309779672209882,1330
7557,1334.981013988113,0.5309779672209882,1330
7558,1334.981013988113,0.5309779672209882,1330
7559,1334.981013988113,0.5309779672209882,1330
7560,1334.981013988113,0.5309779672209882,1330
7561,1334.981013988113,0.5309779672209882,1330
7562,1334.981013988113,0.5309779672209882,1330
7563,1334.981013988113,0.5309779672209882,1330
7564,1334.981013988113,0.5309779672209882,1330
7565,1334.981013988113,0.5309779672209882,1330
7566,1334.981013988113,0.5309779672209882,1330
7567,1334.981013988113,0.5309779672209882,1330
7568,1334.981013988113,0.5309779672209882,1330
7569,1334.981013988113,0.5309779672209882,1330
7570,1334.981013988113,0.5309779672209882,1330
7571,1334.981013988113,0.5309779672209882,1330
7572,1333.878264826289,0.540653029539626,1329
7573,1333.878264826289,0.540653029539626,1329
7574,1333.878264826289,0.540653029539626,1329
7575,1333.878264826289,0.540653029539626,1329
7576,1333.878264826289,0.540653029539626,1329
7577,1333.878264826289,0.540653029539626,1329
7578,1333.878264826289,0.540653029539626,1329
7579,1333.878264826289,0.540653029539626,1329
7580,1333.878264826289,0.540653029539626,1329
7581,1333.878264826289,0.540653029539626,1329
7582,1333.878264826289,0.540653029539626,1329
7583,1333.878264826289,0.540653029539626,1329
7584,1333.878264826289,0.540653029539626,1329
7585,1333.878264826289,0.540653029539626,1329
7586,1333.878264826289,0.540653029539626,1329
7587,1333.878264826289,0.540653029539626,1329
7588,1333.878264826289,0.540653029539626,1329
7589,1334.981013988113,0.5309779672209882,1330
7590,1334.981013988113,0.5309779672209882,1330
7591,1334.981013988113,0.5309779672209882,1330
7592,1334.981013988113,0.5309779672209882,1330
7593,1334.981013988113,0.5309779672209882,1330
7594,1334.981013988113,0.5309779672209882,1330
7595,1334.981013988113,0.5309779672209882,1330
7596,1334.981013988113,0.5309779672209882,1330
7597,1334.981013988113,0.5309779672209882,1330
7598,1334.981013988113,0.5309779672209882,1330
7599,1334.981013988113,0.5309779672209882,1330
7600,1334.981013988113,0.5309779672209882,1330
7601,1334.981013988113,0.5309779672209882,1330
7602,1334.981013988113,0.5309779672209882,1330
7603,1334.981013988113,0.5309779672209882,1330
7604,1334.981013988113,0.5309779672209882,1330
7605,1334.981013988113,0.5309779672209882,1330
7606,1334.981013988113,0.5309779672209882,1330
7607,1334.981013988113,0.5309779672209882,1330
7608,1334.981013988113,0.5309779672209882,1330
7609,1334.981013988113,0.5309779672209882,1330
7610,1334.981013988113,0.5309779672209882,1330
7611,1334.981013988113,0.5309779672209882,1330
7612,1334.981013988113,0.5309779672209882,1330
7613,1334.981013988113,0.5309779672209882,1330
7614,1334.981013988113,0.5309779672209882,1330
7615,1334.981013988113,0.5309779672209882,1330
7616,1334.981013988113,0.5309779672209882,1330
7617,1334.981013988113,0.5309779672209882,1330
7618,1334.981013988113,0.5309779672209882,1330
7619,1334.981013988113,0.5309779672209882,1330
7620,1334.981013988113,0.5309779672209882,1330
7621,1334.981013988113,0.5309779672209882,1330
7622,1334.981013988113,0.5309779672209882,1330
7623,1317.0953754430416,0.5202094686401462,1312
7624,1317.0953754430416,0.5202094686401462,1312
7625,1317.0953754430416,0.5202094686401462,1312
7626,1317.0953754430416,0.5202094686401462,1312
7627,1318.0787012601022,0.521779542363268,1313
7628,1318.0787012601022,0.521779542363268,1313
7629,1318.0787012601022,0.521779542363268,1313
7630,1318.0787012601022,0.521779542363268,1313
7631,1318.0787012601022,0.521779542363268,1313
7632,1318.0787012601022,0.521779542363268,1313
7633,1318.0787012601022,0.521779542363268,1313
7634,1317.0953754430416,0.5202094686401462,1312
7635,1317.0953754430416,0.5202094686401462,1312
7636,1317.0953754430416,0.5202094686401462,1312
7637,1317.0953754430416,0.5202094686401462,1312
7638,1317.0953754430416,0.5202094686401462,1312
7639,1317.0953754430416,0.5202094686401462,1312
7640,1317.0953754430416,0.5202094686401462,1312
7641,1317.0953754430416,0.5202094686401462,1312
7642,1317.0953754430416,0.5202094686401462,1312
7643,1317.0953754430416,0.5202094686401462,1312
7644,1317.0953754430416,0.5202094686401462,1312
7645,1317.0953754430416,0.5202094686401462,1312
7646,1317.0953754430416,0.5202094686401462,1312
7647,1317.0953754430416,0.5202094686401462,1312
7648,1317.0953754430416,0.5202094686401462,1312
7649,1317.0953754430416,0.5202094686401462,1312
7650,1317.0953754430416,0.5202094686401462,1312
7651,1317.0953754430416,0.5202094686401462,1312
7652,1317.0953754430416,0.5202094686401462,1312
7653,1317.0953754430416,0.5202094686401462,1312
7654,1317.0953754430416,0.5202094686401462,1312
7655,1317.0953754430416,0.5202094686401462,1312
7656,1317.0953754430416,0.5202094686401462,1312
7657,1317.0953754430416,0.5202094686401462,1312
7658,1317.0953754430416,0.5202094686401462,1312
7659,1317.0953754430416,0.5202094686401462,1312
7660,1317.0953754430416,0.5202094686401462,1312
7661,1317.0953754430416,0.5202094686401462,1312
7662,1317.0953754430416,0.5202094686401462,1312
7663,1317.0953754430416,0.5202094686401462,1312
7664,1317.0953754430416,0.5202094686401462,1312
7665,1317.0953754430416,0.5202094686401462,1312
7666,1317.0953754430416,0.5202094686401462,1312
7667,1317.0953754430416,0.5202094686401462,1312
7668,1317.0953754430416,0.5202094686401462,1312
7669,1317.0953754430416,0.5202094686401462,1312
7670,1317.0953754430416,0.5202094686401462,1312
7671,1317.0953754430416,0.5202094686401462,1312
7672,1317.0953754430416,0.5202094686401462,1312
7673,1317.0953754430416,0.5202094686401462,1312
7674,1317.0953754430416,0.5202094686401462,1312
7675,1317.0953754430416,0.5202094686401462,1312
7676,1317.0953754430416,0.5202094686401462,1312
7677,1317.0953754430416,0.5202094686401462,1312
7678,1317.0953754430416,0.5202094686401462,1312
7679,1308.9482794525022,0.5340603152069449,1304
7680,1308.9482794525022,0.5340603152069449,1304
7681,1308.9482794525022,0.5340603152069449,1304
7682,1308.9482794525022,0.5340603152069449,1304
7683,1308.9482794525022,0.5340603152069449,1304
7684,1308.9482794525022,0.5340603152069449,1304
7685,1308.9482794525022,0.5340603152069449,1304
7686,1308.9482794525022,0.5340603152069449,1304
7687,1308.9482794525022,0.5340603152069449,1304
7688,1308.9482794525022,0.5340603152069449,1304
7689,1308.9482794525022,0.5340603152069449,1304
7690,1308.9482794525022,0.5340603152069449,1304
7691,1308.9482794525022,0.5340603152069449,1304
7692,1308.9482794525022,0.5340603152069449,1304
7693,1308.9482794525022,0.5340603152069449,1304
7694,1308.9482794525022,0.5340603152069449,1304
7695,1308.9482794525022,0.5340603152069449,1304
7696,1308.9482794525022,0.5340603152069449,1304
7697,1308.9482794525022,0.5340603152069449,1304
7698,1308.9482794525022,0.5340603152069449,1304
7699,1308.9482794525022,0.5340603152069449,1304
7700,1308.9482794525022,0.5340603152069449,1304
7701,1308.9482794525022,0.5340603152069449,1304
7702,1308.9482794525022,0.5340603152069449,1304
7703,1308.9482794525022,0.5340603152069449,1304
7704,1308.9482794525022,0.5340603152069449,1304
7705,1308.9482794525022,0.5340603152069449,1304
7706,1308.9482794525022,0.5340603152069449,1304
7707,1308.9482794525022,0.5340603152069449,1304
7708,1308.9482794525022,0.5340603152069449,1304
7709,1308.9482794525022,0.5340603152069449,1304
7710,1308.9482794525022,0.5340603152069449,1304
7711,1308.9482794525022,0.5340603152069449,1304
7712,1308.9482794525022,0.5340603152069449,1304
7713,1308.9482794525022,0.5340603152069449,1304
7714,1308.9482794525022,0.5340603152069449,1304
7715,1308.9482794525022,0.5340603152069449,1304
7716,1308.9482794525022,0.5340603152069449,1304
7717,1308.9482794525022,0.5340603152069449,1304
7718,1308.9482794525022,0.5340603152069449,1304
7719,1308.9482794525022,0.5340603152069449,1304
7720,1308.9482794525022,0.5340603152069449,1304
7721,1308.9482794525022,0.5340603152069449,1304
7722,1308.9482794525022,0.5340603152069449,1304
7723,1308.9482794525022,0.5340603152069449,1304
7724,1308.9482794525022,0.5340603152069449,1304
7725,1308.9482794525022,0.5340603152069449,1304
7726,1308.9482794525022,0.5340603152069449,1304
7727,1308.9482794525022,0.5340603152069449,1304
7728,1308.9482794525022,0.5340603152069449,1304
7729,1308.9482794525022,0.5340603152069449,1304
7730,1308.9482794525022,0.5340603152069449,1304
7731,1308.9482794525022,0.5340603152069449,1304
7732,1308.9482794525022,0.5340603152069449,1304
7733,1308.9482794525022,0.5340603152069449,1304
7734,1308.9482794525022,0.5340603152069449,1304
7735,1308.9482794525022,0.5340603152069449,1304
7736,1308.9482794525022,0.5340603152069449,1304
7737,1308.9482794525022,0.5340603152069449,1304
7738,1308.9482794525022,0.5340603152069449,1304
7739,1308.9482794525022,0.5340603152069449,1304
7740,1308.9482794525022,0.5340603152069449,1304
7741,1308.9482794525022,0.5340603152069449,1304
7742,1308.9482794525022,0.5340603152069449,1304
7743,1308.9482794525022,0.5340603152069449,1304
7744,1308.9482794525022,0.5340603152069449,1304
7745,1308.9482794525022,0.5340603152069449,1304
7746,1308.9482794525022,0.5340603152069449,1304
7747,1308.9482794525022,0.5340603152069449,1304
7748,1308.9482794525022,0.5340603152069449,1304
7749,1308.9482794525022,0.5340603152069449,1304
7750,1308.9482794525022,0.5340603152069449,1304
7751,1308.9482794525022,0.5340603152069449,1304
7752,1308.9482794525022,0.5340603152069449,1304
7753,1308.9482794525022,0.5340603152069449,1304
7754,1308.9482794525022,0.5340603152069449,1304
7755,1308.9482794525022,0.5340603152069449,1304
7756,1308.9482794525022,0.5340603152069449,1304
7757,1308.9482794525022,0.5340603152069449,1304
7758,1317.0953754430416,0.5202094686401462,1312
7759,1317.0953754430416,0.5202094686401462,1312
7760,1317.0953754430416,0.5202094686401462,1312
7761,1317.0953754430416,0.5202094686401462,1312
7762,1317.0953754430416,0.5202094686401462,1312
7763,1317.1372958907627,0.5162621571786588,1312
7764,1317.1372958907627,0.5162621571786588,1312
7765,1317.1372958907627,0.5162621571786588,1312
7766,1317.1372958907627,0.5162621571786588,1312
7767,1317.1372958907627,0.5162621571786588,1312
7768,1317.1372958907627,0.5162621571786588,1312
7769,1317.1372958907627,0.5162621571786588,1312
7770,1317.1372958907627,0.5162621571786588,1312
7771,1317.1372958907627,0.5162621571786588,1312
7772,1317.1372958907627,0.5162621571786588,1312
7773,1317.1372958907627,0.5162621571786588,1312
7774,1317.1372958907627,0.5162621571786588,1312
7775,1317.1372958907627,0.5162621571786588,1312
7776,1317.1372958907627,0.5162621571786588,1312
7777,1317.1372958907627,0.5162621571786588,1312
7778,1317.1372958907627,0.5162621571786588,1312
7779,1317.1372958907627,0.5162621571786588,1312
7780,1317.1372958907627,0.5162621571786588,1312
7781,1317.1372958907627,0.5162621571786588,1312
7782,1317.1372958907627,0.5162621571786588,1312
7783,1317.1372958907627,0.5162621571786588,1312
7784,1317.1372958907627,0.5162621571786588,1312
7785,1317.1372958907627,0.5162621571786588,1312
7786,1317.1372958907627,0.5162621571786588,1312
7787,1317.1372958907627,0.5162621571786588,1312
7788,1317.1372958907627,0.5162621571786588,1312
7789,1317.1372958907627,0.5162621571786588,1312
7790,1317.1372958907627,0.5162621571786588,1312
7791,1317.1372958907627,0.5162621571786588,1312
7792,1317.1372958907627,0.5162621571786588,1312
7793,1317.1372958907627,0.5162621571786588,1312
7794,1317.1372958907627,0.5162621571786588,1312
7795,1317.1372958907627,0.5162621571786588,1312
7796,1317.1372958907627,0.5162621571786588,1312
7797,1317.1372958907627,0.5162621571786588,1312
7798,1317.1372958907627,0.5162621571786588,1312
7799,1317.1372958907627,0.5162621571786588,1312
7800,1317.1372958907627,0.5162621571786588,1312
7801,1317.1372958907627,0.5162621571786588,1312
7802,1317.1372958907627,0.5162621571786588,1312
7803,1317.1372958907627,0.5162621571786588,1312
7804,1317.1372958907627,0.5162621571786588,1312
7805,1317.1372958907627,0.5162621571786588,1312
7806,1317.1372958907627,0.5162621571786588,1312
7807,1317.1372958907627,0.5162621571786588,1312
7808,1317.1372958907627,0.5162621571786588,1312
7809,1317.1372958907627,0.5162621571786588,1312
7810,1317.1372958907627,0.5162621571786588,1312
7811,1317.1372958907627,0.5162621571786588,1312
7812,1317.1372958907627,0.5162621571786588,1312
7813,1317.1372958907627,0.5162621571786588,1312
7814,1317.1372958907627,0.5162621571786588,1312
7815,1317.1372958907627,0.5162621571786588,1312
7816,1317.1372958907627,0.5162621571786588,1312
7817,1317.1372958907627,0.5162621571786588,1312
7818,1317.1372958907627,0.5162621571786588,1312
7819,1308.9482794525022,0.5340603152069449,1304
7820,1308.9482794525022,0.5340603152069449,1304
7821,1308.9482794525022,0.5340603152069449,1304
7822,1308.9482794525022,0.5340603152069449,1304
7823,1308.9482794525022,0.5340603152069449,1304
7824,1308.9482794525022,0.5340603152069449,1304
7825,1308.9482794525022,0.5340603152069449,1304
7826,1308.9482794525022,0.5340603152069449,1304
7827,1308.9482794525022,0.5340603152069449,1304
7828,1308.9482794525022,0.5340603152069449,1304
7829,1308.9482794525022,0.5340603152069449,1304
7830,1308.9482794525022,0.5340603152069449,1304
7831,1308.9482794525022,0.5340603152069449,1304
7832,1308.9482794525022,0.5340603152069449,1304
7833,1308.9482794525022,0.5340603152069449,1304
7834,1308.9482794525022,0.5340603152069449,1304
7835,1308.9482794525022,0.5340603152069449,1304
7836,1308.9482794525022,0.5340603152069449,1304
7837,1308.9482794525022,0.5340603152069449,1304
7838,1308.9482794525022,0.5340603152069449,1304
7839,1308.9482794525022,0.5340603152069449,1304
7840,1308.9482794525022,0.5340603152069449,1304
7841,1308.9482794525022,0.5340603152069449,1304
7842,1308.9482794525022,0.5340603152069449,1304
7843,1308.9482794525022,0.5340603152069449,1304
7844,1308.9482794525022,0.5340603152069449,1304
7845,1308.9482794525022,0.5340603152069449,1304
7846,1308.9482794525022,0.5340603152069449,1304
7847,1308.9482794525022,0.5340603152069449,1304
7848,1308.9482794525022,0.5340603152069449,1304
7849,1308.9482794525022,0.5340603152069449,1304
7850,1308.9482794525022,0.5340603152069449,1304
7851,1308.9482794525022,0.5340603152069449,1304
7852,1308.9482794525022,0.5340603152069449,1304
7853,1308.9482794525022,0.5340603152069449,1304
7854,1308.9482794525022,0.5340603152069449,1304
7855,1308.9482794525022,0.5340603152069449,1304
7856,1308.9482794525022,0.5340603152069449,1304
7857,1308.9482794525022,0.5340603152069449,1304
7858,1308.9482794525022,0.5340603152069449,1304
7859,1308.9482794525022,0.5340603152069449,1304
7860,1308.9482794525022,0.5340603152069449,1304
7861,1308.9482794525022,0.5340603152069449,1304
7862,1308.9482794525022,0.5340603152069449,1304
7863,1308.9482794525022,0.5340603152069449,1304
7864,1308.9482794525022,0.5340603152069449,1304
7865,1308.9482794525022,0.5340603152069449,1304
7866,1308.9482794525022,0.5340603152069449,1304
7867,1308.9482794525022,0.5340603152069449,1304
7868,1308.9482794525022,0.5340603152069449,1304
7869,1308.9482794525022,0.5340603152069449,1304
7870,1308.9482794525022,0.5340603152069449,1304
7871,1308.9482794525022,0.5340603152069449,1304
7872,1308.9482794525022,0.5340603152069449,1304
7873,1308.9482794525022,0.5340603152069449,1304
7874,1308.9482794525022,0.5340603152069449,1304
7875,1308.9482794525022,0.5340603152069449,1304
7876,1308.9482794525022,0.5340603152069449,1304
7877,1308.9482794525022,0.5340603152069449,1304
7878,1308.9482794525022,0.5340603152069449,1304
7879,1308.9482794525022,0.5340603152069449,1304
7880,1308.9482794525022,0.5340603152069449,1304
7881,1308.9482794525022,0.5340603152069449,1304
7882,1308.9482794525022,0.5340603152069449,1304
7883,1308.9482794525022,0.5340603152069449,1304
7884,1308.9482794525022,0.5340603152069449,1304
7885,1308.9482794525022,0.5340603152069449,1304
7886,1308.9482794525022,0.5340603152069449,1304
7887,1308.9482794525022,0.5340603152069449,1304
7888,1308.9482794525022,0.5340603152069449,1304
7889,1308.9482794525022,0.5340603152069449,1304
7890,1308.9482794525022,0.5340603152069449,1304
7891,1308.9482794525022,0.5340603152069449,1304
7892,1308.9482794525022,0.5340603152069449,1304
7893,1308.9482794525022,0.5340603152069449,1304
7894,1308.9482794525022,0.5340603152069449,1304
7895,1308.9482794525022,0.5340603152069449,1304
7896,1308.9482794525022,0.5340603152069449,1304
7897,1308.9482794525022,0.5340603152069449,1304
7898,1308.9482794525022,0.5340603152069449,1304
7899,1308.9482794525022,0.5340603152069449,1304
7900,1308.9482794525022,0.5340603152069449,1304
7901,1308.9482794525022,0.5340603152069449,1304
7902,1308.9482794525022,0.5340603152069449,1304
7903,1308.9482794525022,0.5340603152069449,1304
7904,1308.9482794525022,0.5340603152069449,1304
7905,1308.9482794525022,0.5340603152069449,1304
7906,1308.9482794525022,0.5340603152069449,1304
7907,1308.9482794525022,0.5340603152069449,1304
7908,1308.9482794525022,0.5340603152069449,1304
7909,1308.9482794525022,0.5340603152069449,1304
7910,1308.9482794525022,0.5340603152069449,1304
7911,1308.9482794525022,0.5340603152069449,1304
7912,1308.9482794525022,0.5340603152069449,1304
7913,1308.9482794525022,0.5340603152069449,1304
7914,1308.9482794525022,0.5340603152069449,1304
7915,1308.9482794525022,0.5340603152069449,1304
7916,1308.9482794525022,0.5340603152069449,1304
7917,1308.9482794525022,0.5340603152069449,1304
7918,1308.9482794525022,0.5340603152069449,1304
7919,1308.9482794525022,0.5340603152069449,1304
7920,1308.9482794525022,0.5340603152069449,1304
7921,1308.9482794525022,0.5340603152069449,1304
7922,1308.9482794525022,0.5340603152069449,1304
7923,1308.9482794525022,0.5340603152069449,1304
7924,1308.9482794525022,0.5340603152069449,1304
7925,1308.9482794525022,0.5340603152069449,1304
7926,1308.9482794525022,0.5340603152069449,1304
7927,1308.9482794525022,0.5340603152069449,1304
7928,1308.9482794525022,0.5340603152069449,1304
7929,1308.9482794525022,0.5340603152069449,1304
7930,1308.9482794525022,0.5340603152069449,1304
7931,1308.9482794525022,0.5340603152069449,1304
7932,1308.9482794525022,0.5340603152069449,1304
7933,1308.9482794525022,0.5340603152069449,1304
7934,1308.9482794525022,0.5340603152069449,1304
7935,1308.9482794525022,0.5340603152069449,1304
7936,1308.9482794525022,0.5340603152069449,1304
7937,1308.9482794525022,0.5340603152069449,1304
7938,1308.9482794525022,0.5340603152069449,1304
7939,1308.9482794525022,0.5340603152069449,1304
7940,1308.9482794525022,0.5340603152069449,1304
7941,1308.9482794525022,0.5340603152069449,1304
7942,1308.9482794525022,0.5340603152069449,1304
7943,1308.9482794525022,0.5340603152069449,1304
7944,1308.9482794525022,0.5340603152069449,1304
7945,1308.9482794525022,0.5340603152069449,1304
7946,1308.9482794525022,0.5340603152069449,1304
7947,1308.9482794525022,0.5340603152069449,1304
7948,1308.9482794525022,0.5340603152069449,1304
7949,1308.9482794525022,0.5340603152069449,1304
7950,1308.9482794525022,0.5340603152069449,1304
7951,1308.9482794525022,0.5340603152069449,1304
7952,1308.9482794525022,0.5340603152069449,1304
7953,1308.9482794525022,0.5340603152069449,1304
7954,1308.9482794525022,0.5340603152069449,1304
7955,1308.9482794525022,0.5340603152069449,1304
7956,1308.9482794525022,0.5340603152069449,1304
7957,1308.9482794525022,0.5340603152069449,1304
7958,1308.9482794525022,0.5340603152069449,1304
7959,1308.9482794525022,0.5340603152069449,1304
7960,1308.9482794525022,0.5340603152069449,1304
7961,1308.9482794525022,0.5340603152069449,1304
7962,1308.9482794525022,0.5340603152069449,1304
7963,1308.9482794525022,0.5340603152069449,1304
7964,1308.9482794525022,0.5340603152069449,1304
7965,1308.9482794525022,0.5340603152069449,1304
7966,1308.9482794525022,0.5340603152069449,1304
7967,1308.9482794525022,0.5340603152069449,1304
7968,1308.9482794525022,0.5340603152069449,1304
7969,1308.9482794525022,0.5340603152069449,1304
7970,1308.9482794525022,0.5340603152069449,1304
7971,1308.9482794525022,0.5340603152069449,1304
7972,1308.9482794525022,0.5340603152069449,1304
7973,1308.9482794525022,0.5340603152069449,1304
7974,1308.9482794525022,0.5340603152069449,1304
7975,1308.9482794525022,0.5340603152069449,1304
7976,1308.9482794525022,0.5340603152069449,1304
7977,1308.9482794525022,0.5340603152069449,1304
7978,1308.9482794525022,0.5340603152069449,1304
7979,1308.9482794525022,0.5340603152069449,1304
7980,1308.9482794525022,0.5340603152069449,1304
7981,1308.9482794525022,0.5340603152069449,1304
7982,1308.9482794525022,0.5340603152069449,1304
7983,1308.9482794525022,0.5340603152069449,1304
7984,1308.9482794525022,0.5340603152069449,1304
7985,1308.9482794525022,0.5340603152069449,1304
7986,1308.9482794525022,0.5340603152069449,1304
7987,1308.9482794525022,0.5340603152069449,1304
7988,1308.9482794525022,0.5340603152069449,1304
7989,1308.9482794525022,0.5340603152069449,1304
7990,1308.9482794525022,0.5340603152069449,1304
7991,1308.9482794525022,0.5340603152069449,1304
7992,1308.9482794525022,0.5340603152069449,1304
7993,1308.9482794525022,0.5340603152069449,1304
7994,1308.9482794525022,0.5340603152069449,1304
7995,1308.9482794525022,0.5340603152069449,1304
7996,1308.9482794525022,0.5340603152069449,1304
7997,1308.9482794525022,0.5340603152069449,1304
7998,1308.9482794525022,0.5340603152069449,1304
7999,1308.9482794525022,0.5340603152069449,1304
8000,1308.9482794525022,0.5340603152069449,1304
8001,1308.9482794525022,0.5340603152069449,1304
8002,1308.9482794525022,0.5340603152069449,1304
8003,1308.9482794525022,0.5340603152069449,1304
8004,1308.9482794525022,0.5340603152069449,1304
8005,1308.9482794525022,0.5340603152069449,1304
8006,1308.9482794525022,0.5340603152069449,1304
8007,1308.9482794525022,0.5340603152069449,1304
8008,1308.9482794525022,0.5340603152069449,1304
8009,1308.9482794525022,0.5340603152069449,1304
8010,1308.9482794525022,0.5340603152069449,1304
8011,1308.9482794525022,0.5340603152069449,1304
8012,1308.9482794525022,0.5340603152069449,1304
8013,1308.9482794525022,0.5340603152069449,1304
8014,1308.9482794525022,0.5340603152069449,1304
8015,1308.9482794525022,0.5340603152069449,1304
8016,1308.9482794525022,0.5340603152069449,1304
8017,1308.9482794525022,0.5340603152069449,1304
8018,1308.9482794525022,0.5340603152069449,1304
8019,1308.9482794525022,0.5340603152069449,1304
8020,1308.9482794525022,0.5340603152069449,1304
8021,1308.9482794525022,0.5340603152069449,1304
8022,1308.9482794525022,0.5340603152069449,1304
8023,1308.9482794525022,0.5340603152069449,1304
8024,1308.9482794525022,0.5340603152069449,1304
8025,1308.9482794525022,0.5340603152069449,1304
8026,1308.9482794525022,0.5340603152069449,1304
8027,1308.9482794525022,0.5340603152069449,1304
8028,1308.9482794525022,0.5340603152069449,1304
8029,1308.9482794525022,0.5340603152069449,1304
8030,1308.9482794525022,0.5340603152069449,1304
8031,1308.9482794525022,0.5340603152069449,1304
8032,1308.9482794525022,0.5340603152069449,1304
8033,1308.9482794525022,0.5340603152069449,1304
8034,1308.9482794525022,0.5340603152069449,1304
8035,1308.9482794525022,0.5340603152069449,1304
8036,1308.9482794525022,0.5340603152069449,1304
8037,1308.9482794525022,0.5340603152069449,1304
8038,1308.9482794525022,0.5340603152069449,1304
8039,1308.9482794525022,0.5340603152069449,1304
8040,1308.9482794525022,0.5340603152069449,1304
8041,1308.9482794525022,0.5340603152069449,1304
8042,1308.9482794525022,0.5340603152069449,1304
8043,1308.9482794525022,0.5340603152069449,1304
8044,1308.9482794525022,0.5340603152069449,1304
8045,1308.9482794525022,0.5340603152069449,1304
8046,1308.9482794525022,0.5340603152069449,1304
8047,1308.9482794525022,0.5340603152069449,1304
8048,1308.9482794525022,0.5340603152069449,1304
8049,1308.9482794525022,0.5340603152069449,1304
8050,1308.9482794525022,0.5340603152069449,1304
8051,1308.9482794525022,0.5340603152069449,1304
8052,1308.9482794525022,0.5340603152069449,1304
8053,1308.9482794525022,0.5340603152069449,1304
8054,1308.9482794525022,0.5340603152069449,1304
8055,1308.9482794525022,0.5340603152069449,1304
8056,1308.9482794525022,0.5340603152069449,1304
8057,1308.9482794525022,0.5340603152069449,1304
8058,1308.9482794525022,0.5340603152069449,1304
8059,1308.9482794525022,0.5340603152069449,1304
8060,1308.9482794525022,0.5340603152069449,1304
8061,1308.9482794525022,0.5340603152069449,1304
8062,1308.9482794525022,0.5340603152069449,1304
8063,1308.9482794525022,0.5340603152069449,1304
8064,1308.9482794525022,0.5340603152069449,1304
8065,1308.9482794525022,0.5340603152069449,1304
8066,1308.9482794525022,0.5340603152069449,1304
8067,1308.9482794525022,0.5340603152069449,1304
8068,1308.9482794525022,0.5340603152069449,1304
8069,1308.9482794525022,0.5340603152069449,1304
8070,1308.9482794525022,0.5340603152069449,1304
8071,1308.9482794525022,0.5340603152069449,1304
8072,1308.9482794525022,0.5340603152069449,1304
8073,1308.9482794525022,0.5340603152069449,1304
8074,1308.9482794525022,0.5340603152069449,1304
8075,1308.9482794525022,0.5340603152069449,1304
8076,1308.9482794525022,0.5340603152069449,1304
8077,1308.9482794525022,0.5340603152069449,1304
8078,1308.9482794525022,0.5340603152069449,1304
8079,1308.9482794525022,0.5340603152069449,1304
8080,1308.9482794525022,0.5340603152069449,1304
8081,1308.9482794525022,0.5340603152069449,1304
8082,1308.9482794525022,0.5340603152069449,1304
8083,1308.9482794525022,0.5340603152069449,1304
8084,1308.9482794525022,0.5340603152069449,1304
8085,1308.9482794525022,0.5340603152069449,1304
8086,1308.9482794525022,0.5340603152069449,1304
8087,1308.9482794525022,0.5340603152069449,1304
8088,1308.9482794525022,0.5340603152069449,1304
8089,1308.9482794525022,0.5340603152069449,1304
8090,1308.9482794525022,0.5340603152069449,1304
8091,1308.9482794525022,0.5340603152069449,1304
8092,1308.9482794525022,0.5340603152069449,1304
8093,1308.9482794525022,0.5340603152069449,1304
8094,1308.9482794525022,0.5340603152069449,1304
8095,1308.9482794525022,0.5340603152069449,1304
8096,1308.9482794525022,0.5340603152069449,1304
8097,1308.9482794525022,0.5340603152069449,1304
8098,1308.9482794525022,0.5340603152069449,1304
8099,1308.9482794525022,0.5340603152069449,1304
8100,1308.9482794525022,0.5340603152069449,1304
8101,1308.9482794525022,0.5340603152069449,1304
8102,1308.9482794525022,0.5340603152069449,1304
8103,1308.9482794525022,0.5340603152069449,1304
8104,1308.9482794525022,0.5340603152069449,1304
8105,1308.9482794525022,0.5340603152069449,1304
8106,1308.9482794525022,0.5340603152069449,1304
8107,1308.9482794525022,0.5340603152069449,1304
8108,1308.9482794525022,0.5340603152069449,1304
8109,1308.9482794525022,0.5340603152069449,1304
8110,1308.9482794525022,0.5340603152069449,1304
8111,1308.9482794525022,0.5340603152069449,1304
8112,1308.9482794525022,0.5340603152069449,1304
8113,1308.9482794525022,0.5340603152069449,1304
8114,1308.9482794525022,0.5340603152069449,1304
8115,1308.9482794525022,0.5340603152069449,1304
8116,1308.9482794525022,0.5340603152069449,1304
8117,1308.9482794525022,0.5340603152069449,1304
8118,1308.9482794525022,0.5340603152069449,1304
8119,1308.9482794525022,0.5340603152069449,1304
8120,1308.9482794525022,0.5340603152069449,1304
8121,1308.9482794525022,0.5340603152069449,1304
8122,1308.9482794525022,0.5340603152069449,1304
8123,1308.9482794525022,0.5340603152069449,1304
8124,1308.9482794525022,0.5340603152069449,1304
8125,1308.9482794525022,0.5340603152069449,1304
8126,1308.9482794525022,0.5340603152069449,1304
8127,1308.9482794525022,0.5340603152069449,1304
8128,1308.9482794525022,0.5340603152069449,1304
8129,1308.9482794525022,0.5340603152069449,1304
8130,1308.9482794525022,0.5340603152069449,1304
8131,1308.9482794525022,0.5340603152069449,1304
8132,1308.9482794525022,0.5340603152069449,1304
8133,1308.9482794525022,0.5340603152069449,1304
8134,1308.9482794525022,0.5340603152069449,1304
8135,1308.9482794525022,0.5340603152069449,1304
8136,1308.9482794525022,0.5340603152069449,1304
8137,1308.9482794525022,0.5340603152069449,1304
8138,1308.9482794525022,0.5340603152069449,1304
8139,1308.9482794525022,0.5340603152069449,1304
8140,1308.9482794525022,0.5340603152069449,1304
8141,1308.9482794525022,0.5340603152069449,1304
8142,1308.9482794525022,0.5340603152069449,1304
8143,1308.9482794525022,0.5340603152069449,1304
8144,1308.9482794525022,0.5340603152069449,1304
8145,1308.9482794525022,0.5340603152069449,1304
8146,1308.9482794525022,0.5340603152069449,1304
8147,1308.9482794525022,0.5340603152069449,1304
8148,1308.9482794525022,0.5340603152069449,1304
8149,1308.9482794525022,0.5340603152069449,1304
8150,1308.9482794525022,0.5340603152069449,1304
8151,1308.9482794525022,0.5340603152069449,1304
8152,1308.9482794525022,0.5340603152069449,1304
8153,1308.9482794525022,0.5340603152069449,1304
8154,1308.9482794525022,0.5340603152069449,1304
8155,1308.9482794525022,0.5340603152069449,1304
8156,1308.9482794525022,0.5340603152069449,1304
8157,1308.9482794525022,0.5340603152069449,1304
8158,1308.9482794525022,0.5340603152069449,1304
8159,1308.9482794525022,0.5340603152069449,1304
8160,1308.9482794525022,0.5340603152069449,1304
8161,1308.9482794525022,0.5340603152069449,1304
8162,1308.9482794525022,0.5340603152069449,1304
8163,1308.9482794525022,0.5340603152069449,1304
8164,1308.9482794525022,0.5340603152069449,1304
8165,1308.9482794525022,0.5340603152069449,1304
8166,1308.9482794525022,0.5340603152069449,1304
8167,1308.9482794525022,0.5340603152069449,1304
8168,1308.9482794525022,0.5340603152069449,1304
8169,1308.9482794525022,0.5340603152069449,1304
8170,1308.9482794525022,0.5340603152069449,1304
8171,1308.9482794525022,0.5340603152069449,1304
8172,1308.9482794525022,0.5340603152069449,1304
8173,1308.9482794525022,0.5340603152069449,1304
8174,1308.9482794525022,0.5340603152069449,1304
8175,1308.9482794525022,0.5340603152069449,1304
8176,1308.9482794525022,0.5340603152069449,1304
8177,1308.9482794525022,0.5340603152069449,1304
8178,1308.9482794525022,0.5340603152069449,1304
8179,1308.9482794525022,0.5340603152069449,1304
8180,1308.9482794525022,0.5340603152069449,1304
8181,1308.9482794525022,0.5340603152069449,1304
8182,1308.9482794525022,0.5340603152069449,1304
8183,1308.9482794525022,0.5340603152069449,1304
8184,1308.9482794525022,0.5340603152069449,1304
8185,1308.9482794525022,0.5340603152069449,1304
8186,1308.9482794525022,0.5340603152069449,1304
8187,1308.9482794525022,0.5340603152069449,1304
8188,1308.9482794525022,0.5340603152069449,1304
8189,1308.9482794525022,0.5340603152069449,1304
8190,1308.9482794525022,0.5340603152069449,1304
8191,1308.9482794525022,0.5340603152069449,1304
8192,1308.9482794525022,0.5340603152069449,1304
8193,1308.9482794525022,0.5340603152069449,1304
8194,1308.9482794525022,0.5340603152069449,1304
8195,1308.9482794525022,0.5340603152069449,1304
8196,1308.9482794525022,0.5340603152069449,1304
8197,1308.9482794525022,0.5340603152069449,1304
8198,1308.9482794525022,0.5340603152069449,1304
8199,1308.9482794525022,0.5340603152069449,1304
8200,1308.9482794525022,0.5340603152069449,1304
8201,1308.9482794525022,0.5340603152069449,1304
8202,1308.9482794525022,0.5340603152069449,1304
8203,1308.9482794525022,0.5340603152069449,1304
8204,1308.9482794525022,0.5340603152069449,1304
8205,1308.9482794525022,0.5340603152069449,1304
8206,1308.9482794525022,0.5340603152069449,1304
8207,1308.9482794525022,0.5340603152069449,1304
8208,1308.9482794525022,0.5340603152069449,1304
8209,1308.9482794525022,0.5340603152069449,1304
8210,1308.9482794525022,0.5340603152069449,1304
8211,1308.9482794525022,0.5340603152069449,1304
8212,1308.9482794525022,0.5340603152069449,1304
8213,1308.9482794525022,0.5340603152069449,1304
8214,1308.9482794525022,0.5340603152069449,1304
8215,1308.9482794525022,0.5340603152069449,1304
8216,1308.9482794525022,0.5340603152069449,1304
8217,1308.9482794525022,0.5340603152069449,1304
8218,1308.9482794525022,0.5340603152069449,1304
8219,1308.9482794525022,0.5340603152069449,1304
8220,1308.9482794525022,0.5340603152069449,1304
8221,1308.9482794525022,0.5340603152069449,1304
8222,1308.9482794525022,0.5340603152069449,1304
8223,1308.9482794525022,0.5340603152069449,1304
8224,1308.9482794525022,0.5340603152069449,1304
8225,1308.9482794525022,0.5340603152069449,1304
8226,1308.9482794525022,0.5340603152069449,1304
8227,1308.9482794525022,0.5340603152069449,1304
8228,1308.9482794525022,0.5340603152069449,1304
8229,1308.9482794525022,0.5340603152069449,1304
8230,1308.9482794525022,0.5340603152069449,1304
8231,1308.9482794525022,0.5340603152069449,1304
8232,1308.9482794525022,0.5340603152069449,1304
8233,1308.9482794525022,0.5340603152069449,1304
8234,1308.9482794525022,0.5340603152069449,1304
8235,1308.9482794525022,0.5340603152069449,1304
8236,1308.9482794525022,0.5340603152069449,1304
8237,1308.9482794525022,0.5340603152069449,1304
8238,1308.9482794525022,0.5340603152069449,1304
8239,1308.9482794525022,0.5340603152069449,1304
8240,1308.9482794525022,0.5340603152069449,1304
8241,1308.9482794525022,0.5340603152069449,1304
8242,1308.9482794525022,0.5340603152069449,1304
8243,1308.9482794525022,0.5340603152069449,1304
8244,1308.9482794525022,0.5340603152069449,1304
8245,1308.9482794525022,0.5340603152069449,1304
8246,1308.9482794525022,0.5340603152069449,1304
8247,1308.9482794525022,0.5340603152069449,1304
8248,1308.9482794525022,0.5340603152069449,1304
8249,1308.9482794525022,0.5340603152069449,1304
8250,1308.9482794525022,0.5340603152069449,1304
8251,1308.9482794525022,0.5340603152069449,1304
8252,1308.9482794525022,0.5340603152069449,1304
8253,1308.9482794525022,0.5340603152069449,1304
8254,1308.9482794525022,0.5340603152069449,1304
8255,1308.9482794525022,0.5340603152069449,1304
8256,1308.9482794525022,0.5340603152069449,1304
8257,1308.9482794525022,0.5340603152069449,1304
8258,1308.9482794525022,0.5340603152069449,1304
8259,1308.9482794525022,0.5340603152069449,1304
8260,1308.9482794525022,0.5340603152069449,1304
8261,1308.9482794525022,0.5340603152069449,1304
8262,1308.9482794525022,0.5340603152069449,1304
8263,1308.9482794525022,0.5340603152069449,1304
8264,1308.9482794525022,0.5340603152069449,1304
8265,1308.9482794525022,0.5340603152069449,1304
8266,1308.9482794525022,0.5340603152069449,1304
8267,1308.9482794525022,0.5340603152069449,1304
8268,1308.9482794525022,0.5340603152069449,1304
8269,1308.9482794525022,0.5340603152069449,1304
8270,1308.9482794525022,0.5340603152069449,1304
8271,1308.9482794525022,0.5340603152069449,1304
8272,1308.9482794525022,0.5340603152069449,1304
8273,1308.9482794525022,0.5340603152069449,1304
8274,1308.9482794525022,0.5340603152069449,1304
8275,1308.9482794525022,0.5340603152069449,1304
8276,1308.9482794525022,0.5340603152069449,1304
8277,1308.9482794525022,0.5340603152069449,1304
8278,1308.9482794525022,0.5340603152069449,1304
8279,1308.9482794525022,0.5340603152069449,1304
8280,1308.9482794525022,0.5340603152069449,1304
8281,1308.9482794525022,0.5340603152069449,1304
8282,1308.9482794525022,0.5340603152069449,1304
8283,1308.9482794525022,0.5340603152069449,1304
8284,1308.9482794525022,0.5340603152069449,1304
8285,1308.9482794525022,0.5340603152069449,1304
8286,1308.9482794525022,0.5340603152069449,1304
8287,1308.9482794525022,0.5340603152069449,1304
8288,1308.9482794525022,0.5340603152069449,1304
8289,1308.9482794525022,0.5340603152069449,1304
8290,1308.9482794525022,0.5340603152069449,1304
8291,1308.9482794525022,0.5340603152069449,1304
8292,1308.9482794525022,0.5340603152069449,1304
8293,1308.9482794525022,0.5340603152069449,1304
8294,1308.9482794525022,0.5340603152069449,1304
8295,1308.9482794525022,0.5340603152069449,1304
8296,1308.9482794525022,0.5340603152069449,1304
8297,1308.9482794525022,0.5340603152069449,1304
8298,1308.9482794525022,0.5340603152069449,1304
8299,1308.9482794525022,0.5340603152069449,1304
8300,1308.9482794525022,0.5340603152069449,1304
8301,1308.9482794525022,0.5340603152069449,1304
8302,1308.9482794525022,0.5340603152069449,1304
8303,1308.9482794525022,0.5340603152069449,1304
8304,1308.9482794525022,0.5340603152069449,1304
8305,1308.9482794525022,0.5340603152069449,1304
8306,1308.9482794525022,0.5340603152069449,1304
8307,1308.9482794525022,0.5340603152069449,1304
8308,1308.9482794525022,0.5340603152069449,1304
8309,1308.9482794525022,0.5340603152069449,1304
8310,1308.9482794525022,0.5340603152069449,1304
8311,1308.9482794525022,0.5340603152069449,1304
8312,1308.9482794525022,0.5340603152069449,1304
8313,1308.9482794525022,0.5340603152069449,1304
8314,1308.9482794525022,0.5340603152069449,1304
8315,1308.9482794525022,0.5340603152069449,1304
8316,1308.9482794525022,0.5340603152069449,1304
8317,1308.9482794525022,0.5340603152069449,1304
8318,1308.9482794525022,0.5340603152069449,1304
8319,1308.9482794525022,0.5340603152069449,1304
8320,1308.9482794525022,0.5340603152069449,1304
8321,1308.9482794525022,0.5340603152069449,1304
8322,1308.9482794525022,0.5340603152069449,1304
8323,1308.9482794525022,0.5340603152069449,1304
8324,1308.9482794525022,0.5340603152069449,1304
8325,1308.9482794525022,0.5340603152069449,1304
8326,1308.9482794525022,0.5340603152069449,1304
8327,1308.9482794525022,0.5340603152069449,1304
8328,1308.9482794525022,0.5340603152069449,1304
8329,1308.9482794525022,0.5340603152069449,1304
8330,1308.9482794525022,0.5340603152069449,1304
8331,1308.9482794525022,0.5340603152069449,1304
8332,1308.9482794525022,0.5340603152069449,1304
8333,1308.9482794525022,0.5340603152069449,1304
8334,1308.9482794525022,0.5340603152069449,1304
8335,1308.9482794525022,0.5340603152069449,1304
8336,1308.9482794525022,0.5340603152069449,1304
8337,1308.9482794525022,0.5340603152069449,1304
8338,1308.9482794525022,0.5340603152069449,1304
8339,1308.9482794525022,0.5340603152069449,1304
8340,1308.9482794525022,0.5340603152069449,1304
8341,1308.9482794525022,0.5340603152069449,1304
8342,1308.9482794525022,0.5340603152069449,1304
8343,1308.9482794525022,0.5340603152069449,1304
8344,1308.9482794525022,0.5340603152069449,1304
8345,1308.9482794525022,0.5340603152069449,1304
8346,1308.9482794525022,0.5340603152069449,1304
8347,1308.9482794525022,0.5340603152069449,1304
8348,1308.9482794525022,0.5340603152069449,1304
8349,1308.9482794525022,0.5340603152069449,1304
8350,1308.9482794525022,0.5340603152069449,1304
8351,1308.9482794525022,0.5340603152069449,1304
8352,1308.9482794525022,0.5340603152069449,1304
8353,1308.9482794525022,0.5340603152069449,1304
8354,1308.9482794525022,0.5340603152069449,1304
8355,1308.9482794525022,0.5340603152069449,1304
8356,1308.9482794525022,0.5340603152069449,1304
8357,1308.9482794525022,0.5340603152069449,1304
8358,1308.9482794525022,0.5340603152069449,1304
8359,1308.9482794525022,0.5340603152069449,1304
8360,1308.9482794525022,0.5340603152069449,1304
8361,1308.9482794525022,0.5340603152069449,1304
8362,1308.9482794525022,0.5340603152069449,1304
8363,1308.9482794525022,0.5340603152069449,1304
8364,1308.9482794525022,0.5340603152069449,1304
8365,1308.9482794525022,0.5340603152069449,1304
8366,1308.9482794525022,0.5340603152069449,1304
8367,1308.9482794525022,0.5340603152069449,1304
8368,1308.9482794525022,0.5340603152069449,1304
8369,1308.9482794525022,0.5340603152069449,1304
8370,1308.9482794525022,0.5340603152069449,1304
8371,1308.9482794525022,0.5340603152069449,1304
8372,1308.9482794525022,0.5340603152069449,1304
8373,1308.9482794525022,0.5340603152069449,1304
8374,1308.9482794525022,0.5340603152069449,1304
8375,1308.9482794525022,0.5340603152069449,1304
8376,1308.9482794525022,0.5340603152069449,1304
8377,1308.9482794525022,0.5340603152069449,1304
8378,1308.9482794525022,0.5340603152069449,1304
8379,1308.9482794525022,0.5340603152069449,1304
8380,1308.9482794525022,0.5340603152069449,1304
8381,1308.9482794525022,0.5340603152069449,1304
8382,1308.9482794525022,0.5340603152069449,1304
8383,1308.9482794525022,0.5340603152069449,1304
8384,1308.9482794525022,0.5340603152069449,1304
8385,1308.9482794525022,0.5340603152069449,1304
8386,1308.9482794525022,0.5340603152069449,1304
8387,1308.9482794525022,0.5340603152069449,1304
8388,1308.9482794525022,0.5340603152069449,1304
8389,1308.9482794525022,0.5340603152069449,1304
8390,1308.9482794525022,0.5340603152069449,1304
8391,1317.0953754430416,0.5202094686401462,1312
8392,1317.0953754430416,0.5202094686401462,1312
8393,1317.0953754430416,0.5202094686401462,1312
8394,1317.0953754430416,0.5202094686401462,1312
8395,1317.0953754430416,0.5202094686401462,1312
8396,1317.0953754430416,0.5202094686401462,1312
8397,1317.0953754430416,0.5202094686401462,1312
8398,1317.0953754430416,0.5202094686401462,1312
8399,1317.0953754430416,0.5202094686401462,1312
8400,1317.0953754430416,0.5202094686401462,1312
8401,1317.0953754430416,0.5202094686401462,1312
8402,1317.0953754430416,0.5202094686401462,1312
8403,1317.0953754430416,0.5202094686401462,1312
8404,1317.0953754430416,0.5202094686401462,1312
8405,1317.0953754430416,0.5202094686401462,1312
8406,1317.0953754430416,0.5202094686401462,1312
8407,1317.0953754430416,0.5202094686401462,1312
8408,1317.0953754430416,0.5202094686401462,1312
8409,1317.0953754430416,0.5202094686401462,1312
8410,1317.0953754430416,0.5202094686401462,1312
8411,1317.0953754430416,0.5202094686401462,1312
8412,1317.0953754430416,0.5202094686401462,1312
8413,1317.0953754430416,0.5202094686401462,1312
8414,1317.0953754430416,0.5202094686401462,1312
8415,1317.0953754430416,0.5202094686401462,1312
8416,1317.0953754430416,0.5202094686401462,1312
8417,1317.0953754430416,0.5202094686401462,1312
8418,1317.0953754430416,0.5202094686401462,1312
8419,1317.0953754430416,0.5202094686401462,1312
8420,1317.0953754430416,0.5202094686401462,1312
8421,1317.0953754430416,0.5202094686401462,1312
8422,1317.0953754430416,0.5202094686401462,1312
8423,1317.0953754430416,0.5202094686401462,1312
8424,1317.0953754430416,0.5202094686401462,1312
8425,1317.0953754430416,0.5202094686401462,1312
8426,1317.1372958907627,0.5162621571786588,1312
8427,1317.1372958907627,0.5162621571786588,1312
8428,1317.1372958907627,0.5162621571786588,1312
8429,1317.1372958907627,0.5162621571786588,1312
8430,1317.1372958907627,0.5162621571786588,1312
8431,1317.1372958907627,0.5162621571786588,1312
8432,1317.1372958907627,0.5162621571786588,1312
8433,1317.1372958907627,0.5162621571786588,1312
8434,1317.1372958907627,0.5162621571786588,1312
8435,1317.1372958907627,0.5162621571786588,1312
8436,1317.1372958907627,0.5162621571786588,1312
8437,1317.1372958907627,0.5162621571786588,1312
8438,1317.1372958907627,0.5162621571786588,1312
8439,1317.1372958907627,0.5162621571786588,1312
8440,1317.1372958907627,0.5162621571786588,1312
8441,1317.1372958907627,0.5162621571786588,1312
8442,1317.1372958907627,0.5162621571786588,1312
8443,1317.1372958907627,0.5162621571786588,1312
8444,1317.1372958907627,0.5162621571786588,1312
8445,1317.1372958907627,0.5162621571786588,1312
8446,1317.1372958907627,0.5162621571786588,1312
8447,1317.1372958907627,0.5162621571786588,1312
8448,1317.1372958907627,0.5162621571786588,1312
8449,1317.1372958907627,0.5162621571786588,1312
8450,1317.1372958907627,0.5162621571786588,1312
8451,1317.1372958907627,0.5162621571786588,1312
8452,1317.1372958907627,0.5162621571786588,1312
8453,1317.1372958907627,0.5162621571786588,1312
8454,1317.1372958907627,0.5162621571786588,1312
8455,1317.1372958907627,0.5162621571786588,1312
8456,1317.1372958907627,0.5162621571786588,1312
8457,1317.1372958907627,0.5162621571786588,1312
8458,1317.1372958907627,0.5162621571786588,1312
8459,1317.1372958907627,0.5162621571786588,1312
8460,1317.1372958907627,0.5162621571786588,1312
8461,1317.1372958907627,0.5162621571786588,1312
8462,1317.1372958907627,0.5162621571786588,1312
8463,1317.1372958907627,0.5162621571786588,1312
8464,1317.1372958907627,0.5162621571786588,1312
8465,1317.1372958907627,0.5162621571786588,1312
8466,1317.1372958907627,0.5162621571786588,1312
8467,1317.1372958907627,0.5162621571786588,1312
8468,1336.13979946299,0.5160264159143301,1331
8469,1336.13979946299,0.5160264159143301,1331
8470,1336.13979946299,0.5160264159143301,1331
8471,1336.13979946299,0.5160264159143301,1331
8472,1336.13979946299,0.5160264159143301,1331
8473,1336.13979946299,0.5160264159143301,1331
8474,1336.13979946299,0.5160264159143301,1331
8475,1336.13979946299,0.5160264159143301,1331
8476,1336.13979946299,0.5160264159143301,1331
8477,1336.13979946299,0.5160264159143301,1331
8478,1336.13979946299,0.5160264159143301,1331
8479,1336.13979946299,0.5160264159143301,1331
8480,1336.13979946299,0.5160264159143301,1331
8481,1336.13979946299,0.5160264159143301,1331
8482,1336.13979946299,0.5160264159143301,1331
8483,1336.13979946299,0.5160264159143301,1331
8484,1336.13979946299,0.5160264159143301,1331
8485,1336.0984977469639,0.519915466387588,1331
8486,1336.0984977469639,0.519915466387588,1331
8487,1336.0984977469639,0.519915466387588,1331
8488,1336.0984977469639,0.519915466387588,1331
8489,1336.0984977469639,0.519915466387588,1331
8490,1336.0984977469639,0.519915466387588,1331
8491,1336.0984977469639,0.519915466387588,1331
8492,1336.0984977469639,0.519915466387588,1331
8493,1336.0984977469639,0.519915466387588,1331
8494,1336.0984977469639,0.519915466387588,1331
8495,1336.0984977469639,0.519915466387588,1331
8496,1336.0984977469639,0.519915466387588,1331
8497,1336.0984977469639,0.519915466387588,1331
8498,1336.0984977469639,0.519915466387588,1331
8499,1336.0984977469639,0.519915466387588,1331
8500,1336.0984977469639,0.519915466387588,1331
8501,1336.0984977469639,0.519915466387588,1331
8502,1336.0984977469639,0.519915466387588,1331
8503,1336.0984977469639,0.519915466387588,1331
8504,1336.0984977469639,0.519915466387588,1331
8505,1336.0984977469639,0.519915466387588,1331
8506,1336.0984977469639,0.519915466387588,1331
8507,1336.0984977469639,0.519915466387588,1331
8508,1336.0984977469639,0.519915466387588,1331
8509,1336.0984977469639,0.519915466387588,1331
8510,1336.0984977469639,0.519915466387588,1331
8511,1336.0984977469639,0.519915466387588,1331
8512,1346.0422346583114,0.5252133090102357,1341
8513,1346.0422346583114,0.5252133090102357,1341
8514,1346.0422346583114,0.5252133090102357,1341
8515,1346.0422346583114,0.5252133090102357,1341
8516,1346.0422346583114,0.5252133090102357,1341
8517,1346.0422346583114,0.5252133090102357,1341
8518,1346.0422346583114,0.5252133090102357,1341
8519,1346.0422346583114,0.5252133090102357,1341
8520,1346.0422346583114,0.5252133090102357,1341
8521,1346.0422346583114,0.5252133090102357,1341
8522,1346.0422346583114,0.5252133090102357,1341
8523,1346.0422346583114,0.5252133090102357,1341
8524,1346.0422346583114,0.5252133090102357,1341
8525,1346.0422346583114,0.5252133090102357,1341
8526,1346.0422346583114,0.5252133090102357,1341
8527,1346.0422346583114,0.5252133090102357,1341
8528,1346.0422346583114,0.5252133090102357,1341
8529,1346.0422346583114,0.5252133090102357,1341
8530,1346.0422346583114,0.5252133090102357,1341
8531,1346.0422346583114,0.5252133090102357,1341
8532,1346.0422346583114,0.5252133090102357,1341
8533,1346.0422346583114,0.5252133090102357,1341
8534,1346.0422346583114,0.5252133090102357,1341
8535,1346.0422346583114,0.5252133090102357,1341
8536,1346.0422346583114,0.5252133090102357,1341
8537,1346.0422346583114,0.5252133090102357,1341
8538,1346.0422346583114,0.5252133090102357,1341
8539,1346.0422346583114,0.5252133090102357,1341
8540,1346.0422346583114,0.5252133090102357,1341
8541,1346.0422346583114,0.5252133090102357,1341
8542,1346.0422346583114,0.5252133090102357,1341
8543,1346.0422346583114,0.5252133090102357,1341
8544,1346.0422346583114,0.5252133090102357,1341
8545,1346.0422346583114,0.5252133090102357,1341
8546,1346.0422346583114,0.5252133090102357,1341
8547,1346.0422346583114,0.5252133090102357,1341
8548,1346.0422346583114,0.5252133090102357,1341
8549,1346.0422346583114,0.5252133090102357,1341
8550,1346.0422346583114,0.5252133090102357,1341
8551,1346.0422346583114,0.5252133090102357,1341
8552,1346.0422346583114,0.5252133090102357,1341
8553,1346.0422346583114,0.5252133090102357,1341
8554,1346.0422346583114,0.5252133090102357,1341
8555,1346.0422346583114,0.5252133090102357,1341
8556,1346.0422346583114,0.5252133090102357,1341
8557,1346.0422346583114,0.5252133090102357,1341
8558,1346.0422346583114,0.5252133090102357,1341
8559,1346.0422346583114,0.5252133090102357,1341
8560,1346.0422346583114,0.5252133090102357,1341
8561,1346.0422346583114,0.5252133090102357,1341
8562,1346.0422346583114,0.5252133090102357,1341
8563,1346.0422346583114,0.5252133090102357,1341
8564,1346.0422346583114,0.5252133090102357,1341
8565,1346.0422346583114,0.5252133090102357,1341
8566,1337.13992922133,0.5160141976148844,1332
8567,1337.13992922133,0.5160141976148844,1332
8568,1337.13992922133,0.5160141976148844,1332
8569,1337.13992922133,0.5160141976148844,1332
8570,1337.13992922133,0.5160141976148844,1332
8571,1337.13992922133,0.5160141976148844,1332
8572,1337.13992922133,0.5160141976148844,1332
8573,1337.13992922133,0.5160141976148844,1332
8574,1337.13992922133,0.5160141976148844,1332
8575,1337.13992922133,0.5160141976148844,1332
8576,1337.13992922133,0.5160141976148844,1332
8577,1337.13992922133,0.5160141976148844,1332
8578,1337.13992922133,0.5160141976148844,1332
8579,1337.13992922133,0.5160141976148844,1332
8580,1337.13992922133,0.5160141976148844,1332
8581,1337.13992922133,0.5160141976148844,1332
8582,1337.13992922133,0.5160141976148844,1332
8583,1337.13992922133,0.5160141976148844,1332
8584,1337.13992922133,0.5160141976148844,1332
8585,1337.13992922133,0.5160141976148844,1332
8586,1337.13992922133,0.5160141976148844,1332
8587,1337.13992922133,0.5160141976148844,1332
8588,1337.13992922133,0.5160141976148844,1332
8589,1337.13992922133,0.5160141976148844,1332
8590,1337.13992922133,0.5160141976148844,1332
8591,1337.13992922133,0.5160141976148844,1332
8592,1337.13992922133,0.5160141976148844,1332
8593,1337.13992922133,0.5160141976148844,1332
8594,1337.13992922133,0.5160141976148844,1332
8595,1337.13992922133,0.5160141976148844,1332
8596,1337.13992922133,0.5160141976148844,1332
8597,1337.13992922133,0.5160141976148844,1332
8598,1337.13992922133,0.5160141976148844,1332
8599,1337.13992922133,0.5160141976148844,1332
8600,1337.13992922133,0.5160141976148844,1332
8601,1337.13992922133,0.5160141976148844,1332
8602,1337.13992922133,0.5160141976148844,1332
8603,1336.0984977469639,0.519915466387588,1331
8604,1336.0984977469639,0.519915466387588,1331
8605,1336.0984977469639,0.519915466387588,1331
8606,1336.0984977469639,0.519915466387588,1331
8607,1336.0984977469639,0.519915466387588,1331
8608,1336.0984977469639,0.519915466387588,1331
8609,1336.0984977469639,0.519915466387588,1331
8610,1336.0984977469639,0.519915466387588,1331
8611,1336.0984977469639,0.519915466387588,1331
8612,1336.0984977469639,0.519915466387588,1331
8613,1336.0984977469639,0.519915466387588,1331
8614,1336.0984977469639,0.519915466387588,1331
8615,1336.0984977469639,0.519915466387588,1331
8616,1336.0984977469639,0.519915466387588,1331
8617,1336.0984977469639,0.519915466387588,1331
8618,1336.0984977469639,0.519915466387588,1331
8619,1336.0984977469639,0.519915466387588,1331
8620,1336.0984977469639,0.519915466387588,1331
8621,1336.0984977469639,0.519915466387588,1331
8622,1336.0984977469639,0.519915466387588,1331
8623,1336.0984977469639,0.519915466387588,1331
8624,1336.0984977469639,0.519915466387588,1331
8625,1336.0984977469639,0.519915466387588,1331
8626,1336.0984977469639,0.519915466387588,1331
8627,1336.0984977469639,0.519915466387588,1331
8628,1336.0984977469639,0.519915466387588,1331
8629,1336.0984977469639,0.519915466387588,1331
8630,1336.0984977469639,0.519915466387588,1331
8631,1336.0984977469639,0.519915466387588,1331
8632,1336.0984977469639,0.519915466387588,1331
8633,1336.0984977469639,0.519915466387588,1331
8634,1336.0984977469639,0.519915466387588,1331
8635,1336.0984977469639,0.519915466387588,1331
8636,1336.0984977469639,0.519915466387588,1331
8637,1336.0984977469639,0.519915466387588,1331
8638,1336.0984977469639,0.519915466387588,1331
8639,1336.0984977469639,0.519915466387588,1331
8640,1336.0984977469639,0.519915466387588,1331
8641,1336.0984977469639,0.519915466387588,1331
8642,1336.0984977469639,0.519915466387588,1331
8643,1336.0984977469639,0.519915466387588,1331
8644,1336.0984977469639,0.519915466387588,1331
8645,1336.0984977469639,0.519915466387588,1331
8646,1336.0984977469639,0.519915466387588,1331
8647,1336.0984977469639,0.519915466387588,1331
8648,1336.0984977469639,0.519915466387588,1331
8649,1336.0984977469639,0.519915466387588,1331
8650,1337.0820682812132,0.5214624970608982,1332
8651,1337.0820682812132,0.5214624970608982,1332
8652,1337.0820682812132,0.5214624970608982,1332
8653,1337.0820682812132,0.5214624970608982,1332
8654,1337.0820682812132,0.5214624970608982,1332
8655,1337.0820682812132,0.5214624970608982,1332
8656,1337.0820682812132,0.5214624970608982,1332
8657,1337.0820682812132,0.5214624970608982,1332
8658,1337.0820682812132,0.5214624970608982,1332
8659,1337.0820682812132,0.5214624970608982,1332
8660,1337.0820682812132,0.5214624970608982,1332
8661,1337.0820682812132,0.5214624970608982,1332
8662,1337.0820682812132,0.5214624970608982,1332
8663,1337.0820682812132,0.5214624970608982,1332
8664,1337.0820682812132,0.5214624970608982,1332
8665,1337.0820682812132,0.5214624970608982,1332
8666,1337.0820682812132,0.5214624970608982,1332
8667,1337.0820682812132,0.5214624970608982,1332
8668,1337.0820682812132,0.5214624970608982,1332
8669,1337.0820682812132,0.5214624970608982,1332
8670,1337.0820682812132,0.5214624970608982,1332
8671,1337.0820682812132,0.5214624970608982,1332
8672,1337.0820682812132,0.5214624970608982,1332
8673,1337.0820682812132,0.5214624970608982,1332
8674,1337.0820682812132,0.5214624970608982,1332
8675,1337.0820682812132,0.5214624970608982,1332
8676,1337.0820682812132,0.5214624970608982,1332
8677,1337.0820682812132,0.5214624970608982,1332
8678,1337.0820682812132,0.5214624970608982,1332
8679,1337.0820682812132,0.5214624970608982,1332
8680,1318.0787012601022,0.521779542363268,1313
8681,1318.0787012601022,0.521779542363268,1313
8682,1318.0787012601022,0.521779542363268,1313
8683,1318.0787012601022,0.521779542363268,1313
8684,1318.0787012601022,0.521779542363268,1313
8685,1318.0787012601022,0.521779542363268,1313
8686,1318.0787012601022,0.521779542363268,1313
8687,1318.0787012601022,0.521779542363268,1313
8688,1318.0787012601022,0.521779542363268,1313
8689,1318.0787012601022,0.521779542363268,1313
8690,1318.0787012601022,0.521779542363268,1313
8691,1318.0787012601022,0.521779542363268,1313
8692,1318.0787012601022,0.521779542363268,1313
8693,1318.0787012601022,0.521779542363268,1313
8694,1318.0787012601022,0.521779542363268,1313
8695,1318.0787012601022,0.521779542363268,1313
8696,1318.0787012601022,0.521779542363268,1313
8697,1318.0787012601022,0.521779542363268,1313
8698,1318.0787012601022,0.521779542363268,1313
8699,1318.0787012601022,0.521779542363268,1313
8700,1318.0787012601022,0.521779542363268,1313
8701,1318.0787012601022,0.521779542363268,1313
8702,1318.0787012601022,0.521779542363268,1313
8703,1318.0787012601022,0.521779542363268,1313
8704,1318.0787012601022,0.521779542363268,1313
8705,1318.0787012601022,0.521779542363268,1313
8706,1318.0787012601022,0.521779542363268,1313
8707,1318.0787012601022,0.521779542363268,1313
8708,1318.0787012601022,0.521779542363268,1313
8709,1318.0787012601022,0.521779542363268,1313
8710,1318.0787012601022,0.521779542363268,1313
8711,1318.0787012601022,0.521779542363268,1313
8712,1318.0787012601022,0.521779542363268,1313
8713,1318.0787012601022,0.521779542363268,1313
8714,1318.0787012601022,0.521779542363268,1313
8715,1318.0787012601022,0.521779542363268,1313
8716,1318.0787012601022,0.521779542363268,1313
8717,1318.0787012601022,0.521779542363268,1313
8718,1318.0787012601022,0.521779542363268,1313
8719,1318.0787012601022,0.521779542363268,1313
8720,1318.0787012601022,0.521779542363268,1313
8721,1318.0787012601022,0.521779542363268,1313
8722,1318.0787012601022,0.521779542363268,1313
8723,1318.0787012601022,0.521779542363268,1313
8724,1318.0787012601022,0.521779542363268,1313
8725,1318.0787012601022,0.521779542363268,1313
8726,1318.0787012601022,0.521779542363268,1313
8727,1318.0787012601022,0.521779542363268,1313
8728,1318.0787012601022,0.521779542363268,1313
8729,1318.0787012601022,0.521779542363268,1313
8730,1318.0787012601022,0.521779542363268,1313
8731,1318.0787012601022,0.521779542363268,1313
8732,1318.0787012601022,0.521779542363268,1313
8733,1318.0787012601022,0.521779542363268,1313
8734,1318.0787012601022,0.521779542363268,1313
8735,1335.8617178089487,0.5422111291008757,1331
8736,1335.8617178089487,0.5422111291008757,1331
8737,1335.8617178089487,0.5422111291008757,1331
8738,1335.8617178089487,0.5422111291008757,1331
8739,1335.8617178089487,0.5422111291008757,1331
8740,1335.8617178089487,0.5422111291008757,1331
8741,1335.8617178089487,0.5422111291008757,1331
8742,1335.8617178089487,0.5422111291008757,1331
8743,1335.8617178089487,0.5422111291008757,1331
8744,1335.8617178089487,0.5422111291008757,1331
8745,1335.8617178089487,0.5422111291008757,1331
8746,1335.8617178089487,0.5422111291008757,1331
8747,1335.8617178089487,0.5422111291008757,1331
8748,1335.8617178089487,0.5422111291008757,1331
8749,1335.8617178089487,0.5422111291008757,1331
8750,1335.8617178089487,0.5422111291008757,1331
8751,1335.8617178089487,0.5422111291008757,1331
8752,1335.8617178089487,0.5422111291008757,1331
8753,1335.8617178089487,0.5422111291008757,1331
8754,1335.8617178089487,0.5422111291008757,1331
8755,1335.8617178089487,0.5422111291008757,1331
8756,1335.8617178089487,0.5422111291008757,1331
8757,1335.8617178089487,0.5422111291008757,1331
8758,1335.8617178089487,0.5422111291008757,1331
8759,1335.8617178089487,0.5422111291008757,1331
8760,1335.8617178089487,0.5422111291008757,1331
8761,1335.8617178089487,0.5422111291008757,1331
8762,1335.8617178089487,0.5422111291008757,1331
8763,1335.8617178089487,0.5422111291008757,1331
8764,1335.8617178089487,0.5422111291008757,1331
8765,1335.8617178089487,0.5422111291008757,1331
8766,1335.8617178089487,0.5422111291008757,1331
8767,1335.8617178089487,0.5422111291008757,1331
8768,1335.8617178089487,0.5422111291008757,1331
8769,1333.9807592532354,0.531001953555995,1329
8770,1333.9807592532354,0.531001953555995,1329
8771,1333.9807592532354,0.531001953555995,1329
8772,1333.9807592532354,0.531001953555995,1329
8773,1333.9807592532354,0.531001953555995,1329
8774,1333.9807592532354,0.531001953555995,1329
8775,1333.9807592532354,0.531001953555995,1329
8776,1333.9807592532354,0.531001953555995,1329
8777,1333.9807592532354,0.531001953555995,1329
8778,1317.0953754430416,0.5202094686401462,1312
8779,1317.0953754430416,0.5202094686401462,1312
8780,1317.0953754430416,0.5202094686401462,1312
8781,1317.0953754430416,0.5202094686401462,1312
8782,1317.0953754430416,0.5202094686401462,1312
8783,1317.0953754430416,0.5202094686401462,1312
8784,1317.0953754430416,0.5202094686401462,1312
8785,1317.0953754430416,0.5202094686401462,1312
8786,1317.0953754430416,0.5202094686401462,1312
8787,1317.0953754430416,0.5202094686401462,1312
8788,1317.0953754430416,0.5202094686401462,1312
8789,1317.0953754430416,0.5202094686401462,1312
8790,1317.0953754430416,0.5202094686401462,1312
8791,1317.0953754430416,0.5202094686401462,1312
8792,1317.0953754430416,0.5202094686401462,1312
8793,1317.0953754430416,0.5202094686401462,1312
8794,1317.0953754430416,0.5202094686401462,1312
8795,1317.0953754430416,0.5202094686401462,1312
8796,1317.0953754430416,0.5202094686401462,1312
8797,1317.0953754430416,0.5202094686401462,1312
8798,1317.0953754430416,0.5202094686401462,1312
8799,1317.0953754430416,0.5202094686401462,1312
8800,1317.0953754430416,0.5202094686401462,1312
8801,1317.0953754430416,0.5202094686401462,1312
8802,1317.0953754430416,0.5202094686401462,1312
8803,1317.0953754430416,0.5202094686401462,1312
8804,1317.0953754430416,0.5202094686401462,1312
8805,1317.0953754430416,0.5202094686401462,1312
8806,1317.0953754430416,0.5202094686401462,1312
8807,1317.0953754430416,0.5202094686401462,1312
8808,1317.0953754430416,0.5202094686401462,1312
8809,1317.0953754430416,0.5202094686401462,1312
8810,1317.0953754430416,0.5202094686401462,1312
8811,1317.0953754430416,0.5202094686401462,1312
8812,1317.0953754430416,0.5202094686401462,1312
8813,1317.0953754430416,0.5202094686401462,1312
8814,1317.0953754430416,0.5202094686401462,1312
8815,1317.0953754430416,0.5202094686401462,1312
8816,1317.0953754430416,0.5202094686401462,1312
8817,1317.0953754430416,0.5202094686401462,1312
8818,1317.0953754430416,0.5202094686401462,1312
8819,1317.0953754430416,0.5202094686401462,1312
8820,1317.0953754430416,0.5202094686401462,1312
8821,1317.0953754430416,0.5202094686401462,1312
8822,1317.0953754430416,0.5202094686401462,1312
8823,1317.0953754430416,0.5202094686401462,1312
8824,1317.0953754430416,0.5202094686401462,1312
8825,1317.0953754430416,0.5202094686401462,1312
8826,1317.0953754430416,0.5202094686401462,1312
8827,1317.0953754430416,0.5202094686401462,1312
8828,1317.0953754430416,0.5202094686401462,1312
8829,1317.0953754430416,0.5202094686401462,1312
8830,1317.0953754430416,0.5202094686401462,1312
8831,1317.0953754430416,0.5202094686401462,1312
8832,1317.0953754430416,0.5202094686401462,1312
8833,1317.0953754430416,0.5202094686401462,1312
8834,1317.0953754430416,0.5202094686401462,1312
8835,1317.0953754430416,0.5202094686401462,1312
8836,1317.0953754430416,0.5202094686401462,1312
8837,1317.0953754430416,0.5202094686401462,1312
8838,1317.0953754430416,0.5202094686401462,1312
8839,1317.0953754430416,0.5202094686401462,1312
8840,1317.0953754430416,0.5202094686401462,1312
8841,1317.0953754430416,0.5202094686401462,1312
8842,1317.0953754430416,0.5202094686401462,1312
8843,1317.0953754430416,0.5202094686401462,1312
8844,1317.0953754430416,0.5202094686401462,1312
8845,1317.0953754430416,0.5202094686401462,1312
8846,1317.0953754430416,0.5202094686401462,1312
8847,1317.0953754430416,0.5202094686401462,1312
8848,1317.0953754430416,0.5202094686401462,1312
8849,1317.0953754430416,0.5202094686401462,1312
8850,1317.0953754430416,0.5202094686401462,1312
8851,1317.0953754430416,0.5202094686401462,1312
8852,1317.0953754430416,0.5202094686401462,1312
8853,1317.0953754430416,0.5202094686401462,1312
8854,1317.0953754430416,0.5202094686401462,1312
8855,1317.0953754430416,0.5202094686401462,1312
8856,1317.0953754430416,0.5202094686401462,1312
8857,1317.0953754430416,0.5202094686401462,1312
8858,1317.0953754430416,0.5202094686401462,1312
8859,1317.0953754430416,0.5202094686401462,1312
8860,1317.0953754430416,0.5202094686401462,1312
8861,1317.0953754430416,0.5202094686401462,1312
8862,1317.0953754430416,0.5202094686401462,1312
8863,1317.0953754430416,0.5202094686401462,1312
8864,1317.0953754430416,0.5202094686401462,1312
8865,1317.0953754430416,0.5202094686401462,1312
8866,1317.0953754430416,0.5202094686401462,1312
8867,1317.0953754430416,0.5202094686401462,1312
8868,1317.0953754430416,0.5202094686401462,1312
8869,1317.0953754430416,0.5202094686401462,1312
8870,1317.0953754430416,0.5202094686401462,1312
8871,1317.0953754430416,0.5202094686401462,1312
8872,1317.0953754430416,0.5202094686401462,1312
8873,1317.0953754430416,0.5202094686401462,1312
8874,1317.0953754430416,0.5202094686401462,1312
8875,1317.0953754430416,0.5202094686401462,1312
8876,1317.0953754430416,0.5202094686401462,1312
8877,1317.0953754430416,0.5202094686401462,1312
8878,1317.0953754430416,0.5202094686401462,1312
8879,1317.0953754430416,0.5202094686401462,1312
8880,1317.0953754430416,0.5202094686401462,1312
8881,1317.0953754430416,0.5202094686401462,1312
8882,1317.0953754430416,0.5202094686401462,1312
8883,1317.0953754430416,0.5202094686401462,1312
8884,1317.0953754430416,0.5202094686401462,1312
8885,1317.0953754430416,0.5202094686401462,1312
8886,1317.0953754430416,0.5202094686401462,1312
8887,1317.0953754430416,0.5202094686401462,1312
8888,1317.0953754430416,0.5202094686401462,1312
8889,1317.0953754430416,0.5202094686401462,1312
8890,1317.0953754430416,0.5202094686401462,1312
8891,1317.0953754430416,0.5202094686401462,1312
8892,1317.0953754430416,0.5202094686401462,1312
8893,1317.0953754430416,0.5202094686401462,1312
8894,1317.0953754430416,0.5202094686401462,1312
8895,1317.0953754430416,0.5202094686401462,1312
8896,1317.0953754430416,0.5202094686401462,1312
8897,1317.0953754430416,0.5202094686401462,1312
8898,1317.0953754430416,0.5202094686401462,1312
8899,1317.0953754430416,0.5202094686401462,1312
8900,1317.0953754430416,0.5202094686401462,1312
8901,1317.0953754430416,0.5202094686401462,1312
8902,1317.0953754430416,0.5202094686401462,1312
8903,1317.0953754430416,0.5202094686401462,1312
8904,1317.0953754430416,0.5202094686401462,1312
8905,1317.0953754430416,0.5202094686401462,1312
8906,1317.0953754430416,0.5202094686401462,1312
8907,1317.0953754430416,0.5202094686401462,1312
8908,1317.0953754430416,0.5202094686401462,1312
8909,1317.0953754430416,0.5202094686401462,1312
8910,1317.0953754430416,0.5202094686401462,1312
8911,1317.0953754430416,0.5202094686401462,1312
8912,1317.0953754430416,0.5202094686401462,1312
8913,1317.0953754430416,0.5202094686401462,1312
8914,1317.0953754430416,0.5202094686401462,1312
8915,1317.0953754430416,0.5202094686401462,1312
8916,1317.0953754430416,0.5202094686401462,1312
8917,1317.0953754430416,0.5202094686401462,1312
8918,1317.0953754430416,0.5202094686401462,1312
8919,1317.0953754430416,0.5202094686401462,1312
8920,1317.0953754430416,0.5202094686401462,1312
8921,1317.0953754430416,0.5202094686401462,1312
8922,1317.0953754430416,0.5202094686401462,1312
8923,1317.0953754430416,0.5202094686401462,1312
8924,1317.0953754430416,0.5202094686401462,1312
8925,1317.0953754430416,0.5202094686401462,1312
8926,1317.0953754430416,0.5202094686401462,1312
8927,1317.0953754430416,0.5202094686401462,1312
8928,1317.0953754430416,0.5202094686401462,1312
8929,1317.0953754430416,0.5202094686401462,1312
8930,1318.0787012601022,0.521779542363268,1313
8931,1318.0787012601022,0.521779542363268,1313
8932,1318.0787012601022,0.521779542363268,1313
8933,1318.0787012601022,0.521779542363268,1313
8934,1318.0787012601022,0.521779542363268,1313
8935,1318.0787012601022,0.521779542363268,1313
8936,1318.0787012601022,0.521779542363268,1313
8937,1318.0787012601022,0.521779542363268,1313
8938,1318.0787012601022,0.521779542363268,1313
8939,1318.0787012601022,0.521779542363268,1313
8940,1318.0787012601022,0.521779542363268,1313
8941,1318.0787012601022,0.521779542363268,1313
8942,1318.0787012601022,0.521779542363268,1313
8943,1318.0787012601022,0.521779542363268,1313
8944,1318.0787012601022,0.521779542363268,1313
8945,1318.0787012601022,0.521779542363268,1313
8946,1318.0787012601022,0.521779542363268,1313
8947,1318.0787012601022,0.521779542363268,1313
8948,1318.0787012601022,0.521779542363268,1313
8949,1318.0787012601022,0.521779542363268,1313
8950,1318.0787012601022,0.521779542363268,1313
8951,1318.0787012601022,0.521779542363268,1313
8952,1318.0787012601022,0.521779542363268,1313
8953,1318.0787012601022,0.521779542363268,1313
8954,1318.0787012601022,0.521779542363268,1313
8955,1318.0787012601022,0.521779542363268,1313
8956,1318.0787012601022,0.521779542363268,1313
8957,1318.0787012601022,0.521779542363268,1313
8958,1318.0787012601022,0.521779542363268,1313
8959,1318.0787012601022,0.521779542363268,1313
8960,1318.0787012601022,0.521779542363268,1313
8961,1318.0787012601022,0.521779542363268,1313
8962,1318.0787012601022,0.521779542363268,1313
8963,1318.0787012601022,0.521779542363268,1313
8964,1318.0787012601022,0.521779542363268,1313
8965,1318.0787012601022,0.521779542363268,1313
8966,1318.0787012601022,0.521779542363268,1313
8967,1318.0787012601022,0.521779542363268,1313
8968,1318.0787012601022,0.521779542363268,1313
8969,1318.0787012601022,0.521779542363268,1313
8970,1318.0787012601022,0.521779542363268,1313
8971,1318.0787012601022,0.521779542363268,1313
8972,1318.0787012601022,0.521779542363268,1313
8973,1318.0787012601022,0.521779542363268,1313
8974,1318.0787012601022,0.521779542363268,1313
8975,1318.0787012601022,0.521779542363268,1313
8976,1318.0787012601022,0.521779542363268,1313
8977,1318.0787012601022,0.521779542363268,1313
8978,1318.0787012601022,0.521779542363268,1313
8979,1318.0787012601022,0.521779542363268,1313
8980,1318.0787012601022,0.521779542363268,1313
8981,1318.0787012601022,0.521779542363268,1313
8982,1318.0787012601022,0.521779542363268,1313
8983,1318.0787012601022,0.521779542363268,1313
8984,1318.0787012601022,0.521779542363268,1313
8985,1318.0787012601022,0.521779542363268,1313
8986,1318.0787012601022,0.521779542363268,1313
8987,1318.0787012601022,0.521779542363268,1313
8988,1318.0787012601022,0.521779542363268,1313
8989,1318.0787012601022,0.521779542363268,1313
8990,1318.0787012601022,0.521779542363268,1313
8991,1318.0787012601022,0.521779542363268,1313
8992,1318.0787012601022,0.521779542363268,1313
8993,1318.0787012601022,0.521779542363268,1313
8994,1308.9482794525022,0.5340603152069449,1304
8995,1308.9482794525022,0.5340603152069449,1304
8996,1308.9482794525022,0.5340603152069449,1304
8997,1308.9482794525022,0.5340603152069449,1304
8998,1308.9482794525022,0.5340603152069449,1304
8999,1308.9482794525022,0.5340603152069449,1304
9000,1308.9482794525022,0.5340603152069449,1304
9001,1308.9482794525022,0.5340603152069449,1304
9002,1308.9482794525022,0.5340603152069449,1304
9003,1308.9482794525022,0.5340603152069449,1304
9004,1308.9482794525022,0.5340603152069449,1304
9005,1308.9482794525022,0.5340603152069449,1304
9006,1308.9482794525022,0.5340603152069449,1304
9007,1308.9482794525022,0.5340603152069449,1304
9008,1308.9482794525022,0.5340603152069449,1304
9009,1308.9482794525022,0.5340603152069449,1304
9010,1308.9482794525022,0.5340603152069449,1304
9011,1308.9482794525022,0.5340603152069449,1304
9012,1308.9482794525022,0.5340603152069449,1304
9013,1308.9482794525022,0.5340603152069449,1304
9014,1308.9482794525022,0.5340603152069449,1304
9015,1308.9482794525022,0.5340603152069449,1304
9016,1308.9482794525022,0.5340603152069449,1304
9017,1308.9482794525022,0.5340603152069449,1304
9018,1308.9482794525022,0.5340603152069449,1304
9019,1308.9482794525022,0.5340603152069449,1304
9020,1308.9482794525022,0.5340603152069449,1304
9021,1308.9482794525022,0.5340603152069449,1304
9022,1308.9482794525022,0.5340603152069449,1304
9023,1308.9482794525022,0.5340603152069449,1304
9024,1308.9482794525022,0.5340603152069449,1304
9025,1308.9482794525022,0.5340603152069449,1304
9026,1308.9482794525022,0.5340603152069449,1304
9027,1308.9482794525022,0.5340603152069449,1304
9028,1308.9482794525022,0.5340603152069449,1304
9029,1308.9482794525022,0.5340603152069449,1304
9030,1308.9482794525022,0.5340603152069449,1304
9031,1308.9482794525022,0.5340603152069449,1304
9032,1308.9482794525022,0.5340603152069449,1304
9033,1308.9482794525022,0.5340603152069449,1304
9034,1308.9482794525022,0.5340603152069449,1304
9035,1308.9482794525022,0.5340603152069449,1304
9036,1308.9482794525022,0.5340603152069449,1304
9037,1308.9482794525022,0.5340603152069449,1304
9038,1308.9482794525022,0.5340603152069449,1304
9039,1308.9482794525022,0.5340603152069449,1304
9040,1308.9482794525022,0.5340603152069449,1304
9041,1308.9482794525022,0.5340603152069449,1304
9042,1308.9482794525022,0.5340603152069449,1304
9043,1308.9482794525022,0.5340603152069449,1304
9044,1308.9482794525022,0.5340603152069449,1304
9045,1308.9482794525022,0.5340603152069449,1304
9046,1308.9482794525022,0.5340603152069449,1304
9047,1308.9482794525022,0.5340603152069449,1304
9048,1308.9482794525022,0.5340603152069449,1304
9049,1308.9482794525022,0.5340603152069449,1304
9050,1308.9482794525022,0.5340603152069449,1304
9051,1308.9482794525022,0.5340603152069449,1304
9052,1308.9482794525022,0.5340603152069449,1304
9053,1308.9482794525022,0.5340603152069449,1304
9054,1308.9482794525022,0.5340603152069449,1304
9055,1308.9482794525022,0.5340603152069449,1304
9056,1308.9482794525022,0.5340603152069449,1304
9057,1308.9482794525022,0.5340603152069449,1304
9058,1308.9482794525022,0.5340603152069449,1304
9059,1308.9482794525022,0.5340603152069449,1304
9060,1308.9482794525022,0.5340603152069449,1304
9061,1308.9482794525022,0.5340603152069449,1304
9062,1308.9482794525022,0.5340603152069449,1304
9063,1308.9482794525022,0.5340603152069449,1304
9064,1308.9482794525022,0.5340603152069449,1304
9065,1308.9482794525022,0.5340603152069449,1304
9066,1308.9482794525022,0.5340603152069449,1304
9067,1308.9482794525022,0.5340603152069449,1304
9068,1308.9482794525022,0.5340603152069449,1304
9069,1308.9482794525022,0.5340603152069449,1304
9070,1308.9482794525022,0.5340603152069449,1304
9071,1308.9482794525022,0.5340603152069449,1304
9072,1308.9482794525022,0.5340603152069449,1304
9073,1308.9482794525022,0.5340603152069449,1304
9074,1308.9482794525022,0.5340603152069449,1304
9075,1308.9482794525022,0.5340603152069449,1304
9076,1308.9482794525022,0.5340603152069449,1304
9077,1308.9482794525022,0.5340603152069449,1304
9078,1308.9482794525022,0.5340603152069449,1304
9079,1308.9482794525022,0.5340603152069449,1304
9080,1308.9482794525022,0.5340603152069449,1304
9081,1308.9482794525022,0.5340603152069449,1304
9082,1308.9482794525022,0.5340603152069449,1304
9083,1308.9482794525022,0.5340603152069449,1304
9084,1308.9482794525022,0.5340603152069449,1304
9085,1308.9482794525022,0.5340603152069449,1304
9086,1308.9482794525022,0.5340603152069449,1304
9087,1308.9482794525022,0.5340603152069449,1304
9088,1308.9482794525022,0.5340603152069449,1304
9089,1308.9482794525022,0.5340603152069449,1304
9090,1308.9482794525022,0.5340603152069449,1304
9091,1308.9482794525022,0.5340603152069449,1304
9092,1308.9482794525022,0.5340603152069449,1304
9093,1308.9482794525022,0.5340603152069449,1304
9094,1308.9482794525022,0.5340603152069449,1304
9095,1308.9482794525022,0.5340603152069449,1304
9096,1308.9482794525022,0.5340603152069449,1304
9097,1317.1372958907627,0.5162621571786588,1312
9098,1317.1372958907627,0.5162621571786588,1312
9099,1317.1372958907627,0.5162621571786588,1312
9100,1317.1372958907627,0.5162621571786588,1312
9101,1317.1372958907627,0.5162621571786588,1312
9102,1317.1372958907627,0.5162621571786588,1312
9103,1317.1372958907627,0.5162621571786588,1312
9104,1317.1372958907627,0.5162621571786588,1312
9105,1317.1372958907627,0.5162621571786588,1312
9106,1317.1372958907627,0.5162621571786588,1312
9107,1317.1372958907627,0.5162621571786588,1312
9108,1317.1372958907627,0.5162621571786588,1312
9109,1317.1372958907627,0.5162621571786588,1312
9110,1317.1372958907627,0.5162621571786588,1312
9111,1317.1372958907627,0.5162621571786588,1312
9112,1317.1372958907627,0.5162621571786588,1312
9113,1317.1372958907627,0.5162621571786588,1312
9114,1317.1372958907627,0.5162621571786588,1312
9115,1317.1372958907627,0.5162621571786588,1312
9116,1332.8779275973707,0.5406847836750711,1328
9117,1332.8779275973707,0.5406847836750711,1328
9118,1332.8779275973707,0.5406847836750711,1328
9119,1332.8779275973707,0.5406847836750711,1328
9120,1332.8779275973707,0.5406847836750711,1328
9121,1332.8779275973707,0.5406847836750711,1328
9122,1332.8779275973707,0.5406847836750711,1328
9123,1332.8779275973707,0.5406847836750711,1328
9124,1332.8779275973707,0.5406847836750711,1328
9125,1332.8779275973707,0.5406847836750711,1328
9126,1332.8779275973707,0.5406847836750711,1328
9127,1332.8779275973707,0.5406847836750711,1328
9128,1332.8779275973707,0.5406847836750711,1328
9129,1332.8779275973707,0.5406847836750711,1328
9130,1332.8779275973707,0.5406847836750711,1328
9131,1332.8779275973707,0.5406847836750711,1328
9132,1332.8779275973707,0.5406847836750711,1328
9133,1332.8779275973707,0.5406847836750711,1328
9134,1332.8779275973707,0.5406847836750711,1328
9135,1343.8644988002836,0.541949265510014,1339
9136,1343.8644988002836,0.541949265510014,1339
9137,1343.8644988002836,0.541949265510014,1339
9138,1343.8644988002836,0.541949265510014,1339
9139,1343.8644988002836,0.541949265510014,1339
9140,1343.8644988002836,0.541949265510014,1339
9141,1343.8644988002836,0.541949265510014,1339
9142,1343.8644988002836,0.541949265510014,1339
9143,1343.8644988002836,0.541949265510014,1339
9144,1343.8644988002836,0.541949265510014,1339
9145,1343.8644988002836,0.541949265510014,1339
9146,1343.8644988002836,0.541949265510014,1339
9147,1343.8644988002836,0.541949265510014,1339
9148,1343.8644988002836,0.541949265510014,1339
9149,1343.8644988002836,0.541949265510014,1339
9150,1343.8644988002836,0.541949265510014,1339
9151,1343.8644988002836,0.541949265510014,1339
9152,1343.8644988002836,0.541949265510014,1339
9153,1343.8644988002836,0.541949265510014,1339
9154,1343.8644988002836,0.541949265510014,1339
9155,1343.8644988002836,0.541949265510014,1339
9156,1343.8644988002836,0.541949265510014,1339
9157,1339.9569390639651,0.5332449092311531,1335
9158,1339.9569390639651,0.5332449092311531,1335
9159,1339.9569390639651,0.5332449092311531,1335
9160,1339.9569390639651,0.5332449092311531,1335
9161,1339.9569390639651,0.5332449092311531,1335
9162,1339.9569390639651,0.5332449092311531,1335
9163,1339.9569390639651,0.5332449092311531,1335
9164,1339.9569390639651,0.5332449092311531,1335
9165,1339.9569390639651,0.5332449092311531,1335
9166,1339.9569390639651,0.5332449092311531,1335
9167,1339.9569390639651,0.5332449092311531,1335
9168,1339.9569390639651,0.5332449092311531,1335
9169,1339.9569390639651,0.5332449092311531,1335
9170,1339.9569390639651,0.5332449092311531,1335
9171,1339.9569390639651,0.5332449092311531,1335
9172,1339.9569390639651,0.5332449092311531,1335
9173,1339.9569390639651,0.5332449092311531,1335
9174,1339.9569390639651,0.5332449092311531,1335
9175,1343.8644988002836,0.541949265510014,1339
9176,1343.8644988002836,0.541949265510014,1339
9177,1343.8644988002836,0.541949265510014,1339
9178,1343.8644988002836,0.541949265510014,1339
9179,1343.8644988002836,0.541949265510014,1339
9180,1343.8644988002836,0.541949265510014,1339
9181,1343.8644988002836,0.541949265510014,1339
9182,1343.8644988002836,0.541949265510014,1339
9183,1343.8644988002836,0.541949265510014,1339
9184,1343.8644988002836,0.541949265510014,1339
9185,1343.8644988002836,0.541949265510014,1339
9186,1343.8644988002836,0.541949265510014,1339
9187,1343.8644988002836,0.541949265510014,1339
9188,1343.8644988002836,0.541949265510014,1339
9189,1343.8644988002836,0.541949265510014,1339
9190,1343.8644988002836,0.541949265510014,1339
9191,1343.8644988002836,0.541949265510014,1339
9192,1343.8644988002836,0.541949265510014,1339
9193,1343.8644988002836,0.541949265510014,1339
9194,1343.8644988002836,0.541949265510014,1339
9195,1343.8644988002836,0.541949265510014,1339
9196,1343.8644988002836,0.541949265510014,1339
9197,1343.8644988002836,0.541949265510014,1339
9198,1343.8644988002836,0.541949265510014,1339
9199,1343.8644988002836,0.541949265510014,1339
9200,1343.8644988002836,0.541949265510014,1339
9201,1343.8644988002836,0.541949265510014,1339
9202,1343.8644988002836,0.541949265510014,1339
9203,1343.8644988002836,0.541949265510014,1339
9204,1343.8644988002836,0.541949265510014,1339
9205,1343.8644988002836,0.541949265510014,1339
9206,1343.8644988002836,0.541949265510014,1339
9207,1343.8644988002836,0.541949265510014,1339
9208,1343.8644988002836,0.541949265510014,1339
9209,1343.8644988002836,0.541949265510014,1339
9210,1343.8644988002836,0.541949265510014,1339
9211,1343.8644988002836,0.541949265510014,1339
9212,1343.8644988002836,0.541949265510014,1339
9213,1343.8644988002836,0.541949265510014,1339
9214,1343.8644988002836,0.541949265510014,1339
9215,1343.8644988002836,0.541949265510014,1339
9216,1343.8644988002836,0.541949265510014,1339
9217,1343.8644988002836,0.541949265510014,1339
9218,1343.8644988002836,0.541949265510014,1339
9219,1343.8644988002836,0.541949265510014,1339
9220,1343.8644988002836,0.541949265510014,1339
9221,1343.8644988002836,0.541949265510014,1339
9222,1343.8644988002836,0.541949265510014,1339
9223,1343.8644988002836,0.541949265510014,1339
9224,1343.8644988002836,0.541949265510014,1339
9225,1325.0378712220763,0.5256241787122208,1320
9226,1325.0378712220763,0.5256241787122208,1320
9227,1325.0378712220763,0.5256241787122208,1320
9228,1325.0378712220763,0.5256241787122208,1320
9229,1325.0378712220763,0.5256241787122208,1320
9230,1325.0378712220763,0.5256241787122208,1320
9231,1325.0378712220763,0.5256241787122208,1320
9232,1325.0378712220763,0.5256241787122208,1320
9233,1325.0378712220763,0.5256241787122208,1320
9234,1325.0378712220763,0.5256241787122208,1320
9235,1325.0378712220763,0.5256241787122208,1320
9236,1325.0378712220763,0.5256241787122208,1320
9237,1325.0378712220763,0.5256241787122208,1320
9238,1325.0378712220763,0.5256241787122208,1320
9239,1325.0378712220763,0.5256241787122208,1320
9240,1325.0378712220763,0.5256241787122208,1320
9241,1325.0378712220763,0.5256241787122208,1320
9242,1325.0378712220763,0.5256241787122208,1320
9243,1325.0378712220763,0.5256241787122208,1320
9244,1325.0378712220763,0.5256241787122208,1320
9245,1325.0378712220763,0.5256241787122208,1320
9246,1325.0378712220763,0.5256241787122208,1320
9247,1325.0378712220763,0.5256241787122208,1320
9248,1325.0378712220763,0.5256241787122208,1320
9249,1325.0378712220763,0.5256241787122208,1320
9250,1325.0378712220763,0.5256241787122208,1320
9251,1325.0378712220763,0.5256241787122208,1320
9252,1325.0378712220763,0.5256241787122208,1320
9253,1325.0378712220763,0.5256241787122208,1320
9254,1325.0378712220763,0.5256241787122208,1320
9255,1325.0378712220763,0.5256241787122208,1320
9256,1325.0378712220763,0.5256241787122208,1320
9257,1325.0378712220763,0.5256241787122208,1320
9258,1325.0378712220763,0.5256241787122208,1320
9259,1325.0378712220763,0.5256241787122208,1320
9260,1325.0378712220763,0.5256241787122208,1320
9261,1325.0378712220763,0.5256241787122208,1320
9262,1325.0378712220763,0.5256241787122208,1320
9263,1325.0378712220763,0.5256241787122208,1320
9264,1325.0378712220763,0.5256241787122208,1320
9265,1325.0378712220763,0.5256241787122208,1320
9266,1325.0378712220763,0.5256241787122208,1320
9267,1325.0378712220763,0.5256241787122208,1320
9268,1325.0378712220763,0.5256241787122208,1320
9269,1325.0378712220763,0.5256241787122208,1320
9270,1325.0378712220763,0.5256241787122208,1320
9271,1325.0378712220763,0.5256241787122208,1320
9272,1325.0378712220763,0.5256241787122208,1320
9273,1325.0378712220763,0.5256241787122208,1320
9274,1325.0378712220763,0.5256241787122208,1320
9275,1325.0378712220763,0.5256241787122208,1320
9276,1325.0378712220763,0.5256241787122208,1320
9277,1325.0378712220763,0.5256241787122208,1320
9278,1325.0378712220763,0.5256241787122208,1320
9279,1325.0378712220763,0.5256241787122208,1320
9280,1325.0378712220763,0.5256241787122208,1320
9281,1325.0378712220763,0.5256241787122208,1320
9282,1325.0378712220763,0.5256241787122208,1320
9283,1325.0378712220763,0.5256241787122208,1320
9284,1325.0378712220763,0.5256241787122208,1320
9285,1325.0378712220763,0.5256241787122208,1320
9286,1325.0378712220763,0.5256241787122208,1320
9287,1325.0378712220763,0.5256241787122208,1320
9288,1325.0378712220763,0.5256241787122208,1320
9289,1325.0378712220763,0.5256241787122208,1320
9290,1325.0378712220763,0.5256241787122208,1320
9291,1325.0378712220763,0.5256241787122208,1320
9292,1325.0378712220763,0.5256241787122208,1320
9293,1325.0378712220763,0.5256241787122208,1320
9294,1325.0378712220763,0.5256241787122208,1320
9295,1325.0378712220763,0.5256241787122208,1320
9296,1325.0378712220763,0.5256241787122208,1320
9297,1325.0378712220763,0.5256241787122208,1320
9298,1325.0378712220763,0.5256241787122208,1320
9299,1325.0378712220763,0.5256241787122208,1320
9300,1325.0378712220763,0.5256241787122208,1320
9301,1325.0378712220763,0.5256241787122208,1320
9302,1325.0378712220763,0.5256241787122208,1320
9303,1325.0378712220763,0.5256241787122208,1320
9304,1325.0378712220763,0.5256241787122208,1320
9305,1325.0378712220763,0.5256241787122208,1320
9306,1325.0378712220763,0.5256241787122208,1320
9307,1325.0378712220763,0.5256241787122208,1320
9308,1325.0378712220763,0.5256241787122208,1320
9309,1325.0378712220763,0.5256241787122208,1320
9310,1325.0378712220763,0.5256241787122208,1320
9311,1325.0378712220763,0.5256241787122208,1320
9312,1325.0378712220763,0.5256241787122208,1320
9313,1325.0378712220763,0.5256241787122208,1320
9314,1325.0378712220763,0.5256241787122208,1320
9315,1325.0378712220763,0.5256241787122208,1320
9316,1325.0378712220763,0.5256241787122208,1320
9317,1325.0378712220763,0.5256241787122208,1320
9318,1325.0378712220763,0.5256241787122208,1320
9319,1325.0378712220763,0.5256241787122208,1320
9320,1325.0378712220763,0.5256241787122208,1320
9321,1325.0378712220763,0.5256241787122208,1320
9322,1325.0378712220763,0.5256241787122208,1320
9323,1325.0378712220763,0.5256241787122208,1320
9324,1325.0378712220763,0.5256241787122208,1320
9325,1325.0378712220763,0.5256241787122208,1320
9326,1325.0378712220763,0.5256241787122208,1320
9327,1325.0378712220763,0.5256241787122208,1320
9328,1325.0378712220763,0.5256241787122208,1320
9329,1325.0378712220763,0.5256241787122208,1320
9330,1325.0378712220763,0.5256241787122208,1320
9331,1325.0378712220763,0.5256241787122208,1320
9332,1325.0378712220763,0.5256241787122208,1320
9333,1307.9479930403554,0.5340872843356408,1303
9334,1307.9479930403554,0.5340872843356408,1303
9335,1307.9479930403554,0.5340872843356408,1303
9336,1307.9479930403554,0.5340872843356408,1303
9337,1307.9479930403554,0.5340872843356408,1303
9338,1307.9479930403554,0.5340872843356408,1303
9339,1307.9479930403554,0.5340872843356408,1303
9340,1307.9479930403554,0.5340872843356408,1303
9341,1307.9479930403554,0.5340872843356408,1303
9342,1307.9479930403554,0.5340872843356408,1303
9343,1307.9479930403554,0.5340872843356408,1303
9344,1307.9479930403554,0.5340872843356408,1303
9345,1307.9479930403554,0.5340872843356408,1303
9346,1307.9479930403554,0.5340872843356408,1303
9347,1307.9479930403554,0.5340872843356408,1303
9348,1307.9479930403554,0.5340872843356408,1303
9349,1307.9479930403554,0.5340872843356408,1303
9350,1307.9479930403554,0.5340872843356408,1303
9351,1307.9479930403554,0.5340872843356408,1303
9352,1307.9479930403554,0.5340872843356408,1303
9353,1307.9479930403554,0.5340872843356408,1303
9354,1307.9479930403554,0.5340872843356408,1303
9355,1307.9479930403554,0.5340872843356408,1303
9356,1307.9479930403554,0.5340872843356408,1303
9357,1307.9479930403554,0.5340872843356408,1303
9358,1307.9479930403554,0.5340872843356408,1303
9359,1307.9479930403554,0.5340872843356408,1303
9360,1307.9479930403554,0.5340872843356408,1303
9361,1307.9479930403554,0.5340872843356408,1303
9362,1307.9479930403554,0.5340872843356408,1303
9363,1307.9479930403554,0.5340872843356408,1303
9364,1307.9479930403554,0.5340872843356408,1303
9365,1307.9479930403554,0.5340872843356408,1303
9366,1307.9479930403554,0.5340872843356408,1303
9367,1307.9479930403554,0.5340872843356408,1303
9368,1307.9479930403554,0.5340872843356408,1303
9369,1307.9479930403554,0.5340872843356408,1303
9370,1307.9479930403554,0.5340872843356408,1303
9371,1307.9479930403554,0.5340872843356408,1303
9372,1317.0785212920748,0.5217964885051897,1312
9373,1317.0785212920748,0.5217964885051897,1312
9374,1317.0785212920748,0.5217964885051897,1312
9375,1317.0785212920748,0.5217964885051897,1312
9376,1317.0785212920748,0.5217964885051897,1312
9377,1317.0785212920748,0.5217964885051897,1312
9378,1317.0785212920748,0.5217964885051897,1312
9379,1317.0785212920748,0.5217964885051897,1312
9380,1317.0785212920748,0.5217964885051897,1312
9381,1317.0785212920748,0.5217964885051897,1312
9382,1317.0785212920748,0.5217964885051897,1312
9383,1317.0785212920748,0.5217964885051897,1312
9384,1317.0785212920748,0.5217964885051897,1312
9385,1317.0785212920748,0.5217964885051897,1312
9386,1317.0785212920748,0.5217964885051897,1312
9387,1317.0785212920748,0.5217964885051897,1312
9388,1317.0785212920748,0.5217964885051897,1312
9389,1317.0785212920748,0.5217964885051897,1312
9390,1317.0785212920748,0.5217964885051897,1312
9391,1317.0785212920748,0.5217964885051897,1312
9392,1317.0785212920748,0.5217964885051897,1312
9393,1317.0785212920748,0.5217964885051897,1312
9394,1317.0785212920748,0.5217964885051897,1312
9395,1317.0785212920748,0.5217964885051897,1312
9396,1317.0785212920748,0.5217964885051897,1312
9397,1317.0785212920748,0.5217964885051897,1312
9398,1317.0785212920748,0.5217964885051897,1312
9399,1317.0785212920748,0.5217964885051897,1312
9400,1317.0785212920748,0.5217964885051897,1312
9401,1317.0785212920748,0.5217964885051897,1312
9402,1317.0785212920748,0.5217964885051897,1312
9403,1317.0785212920748,0.5217964885051897,1312
9404,1317.0785212920748,0.5217964885051897,1312
9405,1317.0785212920748,0.5217964885051897,1312
9406,1317.0785212920748,0.5217964885051897,1312
9407,1317.0785212920748,0.5217964885051897,1312
9408,1317.0785212920748,0.5217964885051897,1312
9409,1317.0785212920748,0.5217964885051897,1312
9410,1317.0785212920748,0.5217964885051897,1312
9411,1317.0785212920748,0.5217964885051897,1312
9412,1317.0785212920748,0.5217964885051897,1312
9413,1317.0785212920748,0.5217964885051897,1312
9414,1317.0785212920748,0.5217964885051897,1312
9415,1317.0785212920748,0.5217964885051897,1312
9416,1317.0785212920748,0.5217964885051897,1312
9417,1317.0785212920748,0.5217964885051897,1312
9418,1317.0785212920748,0.5217964885051897,1312
9419,1317.0785212920748,0.5217964885051897,1312
9420,1317.0785212920748,0.5217964885051897,1312
9421,1317.0785212920748,0.5217964885051897,1312
9422,1317.0785212920748,0.5217964885051897,1312
9423,1317.0785212920748,0.5217964885051897,1312
9424,1317.0785212920748,0.5217964885051897,1312
9425,1317.0785212920748,0.5217964885051897,1312
9426,1317.0785212920748,0.5217964885051897,1312
9427,1317.0785212920748,0.5217964885051897,1312
9428,1317.0785212920748,0.5217964885051897,1312
9429,1317.0785212920748,0.5217964885051897,1312
9430,1317.0785212920748,0.5217964885051897,1312
9431,1317.0785212920748,0.5217964885051897,1312
9432,1317.0785212920748,0.5217964885051897,1312
9433,1317.0785212920748,0.5217964885051897,1312
9434,1315.0950414107044,0.5202409217792415,1310
9435,1315.0950414107044,0.5202409217792415,1310
9436,1315.0950414107044,0.5202409217792415,1310
9437,1315.0950414107044,0.5202409217792415,1310
9438,1315.0950414107044,0.5202409217792415,1310
9439,1315.0950414107044,0.5202409217792415,1310
9440,1315.0950414107044,0.5202409217792415,1310
9441,1315.0950414107044,0.5202409217792415,1310
9442,1315.0950414107044,0.5202409217792415,1310
9443,1315.0950414107044,0.5202409217792415,1310
9444,1315.0950414107044,0.5202409217792415,1310
9445,1315.0950414107044,0.5202409217792415,1310
9446,1315.0950414107044,0.5202409217792415,1310
9447,1315.0950414107044,0.5202409217792415,1310
9448,1315.0950414107044,0.5202409217792415,1310
9449,1315.0950414107044,0.5202409217792415,1310
9450,1315.0950414107044,0.5202409217792415,1310
9451,1315.0950414107044,0.5202409217792415,1310
9452,1315.0950414107044,0.5202409217792415,1310
9453,1315.0950414107044,0.5202409217792415,1310
9454,1315.0950414107044,0.5202409217792415,1310
9455,1315.0950414107044,0.5202409217792415,1310
9456,1315.0950414107044,0.5202409217792415,1310
9457,1315.0950414107044,0.5202409217792415,1310
9458,1315.0950414107044,0.5202409217792415,1310
9459,1315.0950414107044,0.5202409217792415,1310
9460,1315.0950414107044,0.5202409217792415,1310
9461,1315.0950414107044,0.5202409217792415,1310
9462,1315.0950414107044,0.5202409217792415,1310
9463,1315.0950414107044,0.5202409217792415,1310
9464,1315.0950414107044,0.5202409217792415,1310
9465,1315.0950414107044,0.5202409217792415,1310
9466,1315.0950414107044,0.5202409217792415,1310
9467,1315.0950414107044,0.5202409217792415,1310
9468,1315.0950414107044,0.5202409217792415,1310
9469,1315.0950414107044,0.5202409217792415,1310
9470,1315.0950414107044,0.5202409217792415,1310
9471,1315.0950414107044,0.5202409217792415,1310
9472,1315.0950414107044,0.5202409217792415,1310
9473,1315.0950414107044,0.5202409217792415,1310
9474,1315.0950414107044,0.5202409217792415,1310
9475,1315.0950414107044,0.5202409217792415,1310
9476,1315.0950414107044,0.5202409217792415,1310
9477,1315.0950414107044,0.5202409217792415,1310
9478,1315.0950414107044,0.5202409217792415,1310
9479,1315.0950414107044,0.5202409217792415,1310
9480,1315.0950414107044,0.5202409217792415,1310
9481,1315.0950414107044,0.5202409217792415,1310
9482,1315.0950414107044,0.5202409217792415,1310
9483,1315.0950414107044,0.5202409217792415,1310
9484,1315.0950414107044,0.5202409217792415,1310
9485,1315.0950414107044,0.5202409217792415,1310
9486,1315.0950414107044,0.5202409217792415,1310
9487,1315.0950414107044,0.5202409217792415,1310
9488,1315.0950414107044,0.5202409217792415,1310
9489,1315.0950414107044,0.5202409217792415,1310
9490,1315.0950414107044,0.5202409217792415,1310
9491,1315.0950414107044,0.5202409217792415,1310
9492,1315.0950414107044,0.5202409217792415,1310
9493,1315.0950414107044,0.5202409217792415,1310
9494,1315.0950414107044,0.5202409217792415,1310
9495,1315.0950414107044,0.5202409217792415,1310
9496,1315.0950414107044,0.5202409217792415,1310
9497,1315.0950414107044,0.5202409217792415,1310
9498,1315.0950414107044,0.5202409217792415,1310
9499,1315.0950414107044,0.5202409217792415,1310
9500,1315.0950414107044,0.5202409217792415,1310
9501,1315.0950414107044,0.5202409217792415,1310
9502,1315.0950414107044,0.5202409217792415,1310
9503,1315.0950414107044,0.5202409217792415,1310
9504,1315.0950414107044,0.5202409217792415,1310
9505,1315.0950414107044,0.5202409217792415,1310
9506,1315.0950414107044,0.5202409217792415,1310
9507,1315.0950414107044,0.5202409217792415,1310
9508,1315.0950414107044,0.5202409217792415,1310
9509,1315.0950414107044,0.5202409217792415,1310
9510,1315.0950414107044,0.5202409217792415,1310
9511,1315.0950414107044,0.5202409217792415,1310
9512,1315.0950414107044,0.5202409217792415,1310
9513,1315.0950414107044,0.5202409217792415,1310
9514,1315.0950414107044,0.5202409217792415,1310
9515,1315.0950414107044,0.5202409217792415,1310
9516,1315.0950414107044,0.5202409217792415,1310
9517,1315.0950414107044,0.5202409217792415,1310
9518,1315.0950414107044,0.5202409217792415,1310
9519,1315.0950414107044,0.5202409217792415,1310
9520,1306.9477061748155,0.5341142961567303,1302
9521,1306.9477061748155,0.5341142961567303,1302
9522,1306.9477061748155,0.5341142961567303,1302
9523,1306.9477061748155,0.5341142961567303,1302
9524,1306.9477061748155,0.5341142961567303,1302
9525,1306.9477061748155,0.5341142961567303,1302
9526,1306.9477061748155,0.5341142961567303,1302
9527,1306.9477061748155,0.5341142961567303,1302
9528,1306.9477061748155,0.5341142961567303,1302
9529,1306.9477061748155,0.5341142961567303,1302
9530,1306.9477061748155,0.5341142961567303,1302
9531,1306.9477061748155,0.5341142961567303,1302
9532,1306.9477061748155,0.5341142961567303,1302
9533,1306.9477061748155,0.5341142961567303,1302
9534,1306.9477061748155,0.5341142961567303,1302
9535,1306.9477061748155,0.5341142961567303,1302
9536,1306.9477061748155,0.5341142961567303,1302
9537,1306.9477061748155,0.5341142961567303,1302
9538,1306.9477061748155,0.5341142961567303,1302
9539,1306.9477061748155,0.5341142961567303,1302
9540,1306.9477061748155,0.5341142961567303,1302
9541,1306.9477061748155,0.5341142961567303,1302
9542,1306.9477061748155,0.5341142961567303,1302
9543,1306.9477061748155,0.5341142961567303,1302
9544,1306.9477061748155,0.5341142961567303,1302
9545,1306.9477061748155,0.5341142961567303,1302
9546,1306.9477061748155,0.5341142961567303,1302
9547,1306.9477061748155,0.5341142961567303,1302
9548,1306.9477061748155,0.5341142961567303,1302
9549,1306.9477061748155,0.5341142961567303,1302
9550,1306.9477061748155,0.5341142961567303,1302
9551,1306.9477061748155,0.5341142961567303,1302
9552,1306.9477061748155,0.5341142961567303,1302
9553,1306.9477061748155,0.5341142961567303,1302
9554,1306.9477061748155,0.5341142961567303,1302
9555,1306.9477061748155,0.5341142961567303,1302
9556,1306.9477061748155,0.5341142961567303,1302
9557,1306.9477061748155,0.5341142961567303,1302
9558,1306.9477061748155,0.5341142961567303,1302
9559,1306.9477061748155,0.5341142961567303,1302
9560,1306.9477061748155,0.5341142961567303,1302
9561,1306.9477061748155,0.5341142961567303,1302
9562,1306.9477061748155,0.5341142961567303,1302
9563,1306.9477061748155,0.5341142961567303,1302
9564,1306.9477061748155,0.5341142961567303,1302
9565,1306.9477061748155,0.5341142961567303,1302
9566,1306.9477061748155,0.5341142961567303,1302
9567,1306.9477061748155,0.5341142961567303,1302
9568,1306.9477061748155,0.5341142961567303,1302
9569,1306.9477061748155,0.5341142961567303,1302
9570,1306.9477061748155,0.5341142961567303,1302
9571,1306.9477061748155,0.5341142961567303,1302
9572,1306.9477061748155,0.5341142961567303,1302
9573,1306.9477061748155,0.5341142961567303,1302
9574,1306.9477061748155,0.5341142961567303,1302
9575,1306.9477061748155,0.5341142961567303,1302
9576,1306.9477061748155,0.5341142961567303,1302
9577,1306.9477061748155,0.5341142961567303,1302
9578,1306.9477061748155,0.5341142961567303,1302
9579,1306.9477061748155,0.5341142961567303,1302
9580,1306.9477061748155,0.5341142961567303,1302
9581,1306.9477061748155,0.5341142961567303,1302
9582,1306.9477061748155,0.5341142961567303,1302
9583,1306.9477061748155,0.5341142961567303,1302
9584,1306.9477061748155,0.5341142961567303,1302
9585,1306.9477061748155,0.5341142961567303,1302
9586,1306.9477061748155,0.5341142961567303,1302
9587,1306.9477061748155,0.5341142961567303,1302
9588,1306.9477061748155,0.5341142961567303,1302
9589,1306.9477061748155,0.5341142961567303,1302
9590,1306.9477061748155,0.5341142961567303,1302
9591,1306.9477061748155,0.5341142961567303,1302
9592,1306.9477061748155,0.5341142961567303,1302
9593,1306.9477061748155,0.5341142961567303,1302
9594,1306.9477061748155,0.5341142961567303,1302
9595,1306.9477061748155,0.5341142961567303,1302
9596,1306.9477061748155,0.5341142961567303,1302
9597,1306.9477061748155,0.5341142961567303,1302
9598,1306.9477061748155,0.5341142961567303,1302
9599,1306.9477061748155,0.5341142961567303,1302
9600,1306.9477061748155,0.5341142961567303,1302
9601,1306.9477061748155,0.5341142961567303,1302
9602,1306.9477061748155,0.5341142961567303,1302
9603,1306.9477061748155,0.5341142961567303,1302
9604,1306.9477061748155,0.5341142961567303,1302
9605,1306.9477061748155,0.5341142961567303,1302
9606,1306.9477061748155,0.5341142961567303,1302
9607,1306.9477061748155,0.5341142961567303,1302
9608,1306.9477061748155,0.5341142961567303,1302
9609,1306.9477061748155,0.5341142961567303,1302
9610,1306.9477061748155,0.5341142961567303,1302
9611,1330.8772515592516,0.5407484407484408,1326
9612,1330.8772515592516,0.5407484407484408,1326
9613,1330.8772515592516,0.5407484407484408,1326
9614,1315.137028066827,0.5162873760049869,1310
9615,1315.137028066827,0.5162873760049869,1310
9616,1315.137028066827,0.5162873760049869,1310
9617,1315.137028066827,0.5162873760049869,1310
9618,1315.137028066827,0.5162873760049869,1310
9619,1315.137028066827,0.5162873760049869,1310
9620,1315.137028066827,0.5162873760049869,1310
9621,1315.137028066827,0.5162873760049869,1310
9622,1315.137028066827,0.5162873760049869,1310
9623,1315.137028066827,0.5162873760049869,1310
9624,1315.137028066827,0.5162873760049869,1310
9625,1315.137028066827,0.5162873760049869,1310
9626,1306.9477061748155,0.5341142961567303,1302
9627,1306.9477061748155,0.5341142961567303,1302
9628,1306.9477061748155,0.5341142961567303,1302
9629,1306.9477061748155,0.5341142961567303,1302
9630,1306.9477061748155,0.5341142961567303,1302
9631,1306.9477061748155,0.5341142961567303,1302
9632,1306.9477061748155,0.5341142961567303,1302
9633,1306.9477061748155,0.5341142961567303,1302
9634,1306.9477061748155,0.5341142961567303,1302
9635,1306.9477061748155,0.5341142961567303,1302
9636,1306.9477061748155,0.5341142961567303,1302
9637,1306.9477061748155,0.5341142961567303,1302
9638,1306.9477061748155,0.5341142961567303,1302
9639,1306.9477061748155,0.5341142961567303,1302
9640,1306.9477061748155,0.5341142961567303,1302
9641,1306.9477061748155,0.5341142961567303,1302
9642,1306.9477061748155,0.5341142961567303,1302
9643,1306.9477061748155,0.5341142961567303,1302
9644,1306.9477061748155,0.5341142961567303,1302
9645,1306.9477061748155,0.5341142961567303,1302
9646,1306.9477061748155,0.5341142961567303,1302
9647,1306.9477061748155,0.5341142961567303,1302
9648,1306.9477061748155,0.5341142961567303,1302
9649,1306.9477061748155,0.5341142961567303,1302
9650,1306.9477061748155,0.5341142961567303,1302
9651,1306.9477061748155,0.5341142961567303,1302
9652,1306.9477061748155,0.5341142961567303,1302
9653,1306.9477061748155,0.5341142961567303,1302
9654,1306.9477061748155,0.5341142961567303,1302
9655,1306.9477061748155,0.5341142961567303,1302
9656,1306.9477061748155,0.5341142961567303,1302
9657,1306.9477061748155,0.5341142961567303,1302
9658,1306.9477061748155,0.5341142961567303,1302
9659,1306.9477061748155,0.5341142961567303,1302
9660,1306.9477061748155,0.5341142961567303,1302
9661,1306.9477061748155,0.5341142961567303,1302
9662,1306.9477061748155,0.5341142961567303,1302
9663,1306.9477061748155,0.5341142961567303,1302
9664,1306.9477061748155,0.5341142961567303,1302
9665,1306.9477061748155,0.5341142961567303,1302
9666,1306.9477061748155,0.5341142961567303,1302
9667,1306.9477061748155,0.5341142961567303,1302
9668,1306.9477061748155,0.5341142961567303,1302
9669,1306.9477061748155,0.5341142961567303,1302
9670,1306.9477061748155,0.5341142961567303,1302
9671,1306.9477061748155,0.5341142961567303,1302
9672,1306.9477061748155,0.5341142961567303,1302
9673,1306.9477061748155,0.5341142961567303,1302
9674,1306.9477061748155,0.5341142961567303,1302
9675,1306.9477061748155,0.5341142961567303,1302
9676,1306.9477061748155,0.5341142961567303,1302
9677,1306.9477061748155,0.5341142961567303,1302
9678,1306.9477061748155,0.5341142961567303,1302
9679,1306.9477061748155,0.5341142961567303,1302
9680,1306.9477061748155,0.5341142961567303,1302
9681,1306.9477061748155,0.5341142961567303,1302
9682,1306.9477061748155,0.5341142961567303,1302
9683,1306.9477061748155,0.5341142961567303,1302
9684,1306.9477061748155,0.5341142961567303,1302
9685,1306.9477061748155,0.5341142961567303,1302
9686,1306.9477061748155,0.5341142961567303,1302
9687,1306.9477061748155,0.5341142961567303,1302
9688,1306.9477061748155,0.5341142961567303,1302
9689,1306.9477061748155,0.5341142961567303,1302
9690,1306.9477061748155,0.5341142961567303,1302
9691,1306.9477061748155,0.5341142961567303,1302
9692,1306.9477061748155,0.5341142961567303,1302
9693,1306.9477061748155,0.5341142961567303,1302
9694,1306.9477061748155,0.5341142961567303,1302
9695,1306.9477061748155,0.5341142961567303,1302
9696,1306.9477061748155,0.5341142961567303,1302
9697,1306.9477061748155,0.5341142961567303,1302
9698,1306.9477061748155,0.5341142961567303,1302
9699,1306.9477061748155,0.5341142961567303,1302
9700,1306.9477061748155,0.5341142961567303,1302
9701,1306.9477061748155,0.5341142961567303,1302
9702,1306.9477061748155,0.5341142961567303,1302
9703,1306.9477061748155,0.5341142961567303,1302
9704,1306.9477061748155,0.5341142961567303,1302
9705,1306.9477061748155,0.5341142961567303,1302
9706,1306.9477061748155,0.5341142961567303,1302
9707,1306.9477061748155,0.5341142961567303,1302
9708,1306.9477061748155,0.5341142961567303,1302
9709,1306.9477061748155,0.5341142961567303,1302
9710,1306.9477061748155,0.5341142961567303,1302
9711,1306.9477061748155,0.5341142961567303,1302
9712,1306.9477061748155,0.5341142961567303,1302
9713,1306.9477061748155,0.5341142961567303,1302
9714,1306.9477061748155,0.5341142961567303,1302
9715,1306.9477061748155,0.5341142961567303,1302
9716,1306.9477061748155,0.5341142961567303,1302
9717,1306.9477061748155,0.5341142961567303,1302
9718,1306.9477061748155,0.5341142961567303,1302
9719,1306.9477061748155,0.5341142961567303,1302
9720,1306.9477061748155,0.5341142961567303,1302
9721,1306.9477061748155,0.5341142961567303,1302
9722,1306.9477061748155,0.5341142961567303,1302
9723,1306.9477061748155,0.5341142961567303,1302
9724,1306.9477061748155,0.5341142961567303,1302
9725,1306.9477061748155,0.5341142961567303,1302
9726,1306.9477061748155,0.5341142961567303,1302
9727,1306.9477061748155,0.5341142961567303,1302
9728,1306.9477061748155,0.5341142961567303,1302
9729,1306.9477061748155,0.5341142961567303,1302
9730,1306.9477061748155,0.5341142961567303,1302
9731,1306.9477061748155,0.5341142961567303,1302
9732,1306.9477061748155,0.5341142961567303,1302
9733,1306.9477061748155,0.5341142961567303,1302
9734,1306.9477061748155,0.5341142961567303,1302
9735,1306.9477061748155,0.5341142961567303,1302
9736,1306.9477061748155,0.5341142961567303,1302
9737,1306.9477061748155,0.5341142961567303,1302
9738,1306.9477061748155,0.5341142961567303,1302
9739,1306.9477061748155,0.5341142961567303,1302
9740,1306.9477061748155,0.5341142961567303,1302
9741,1306.9477061748155,0.5341142961567303,1302
9742,1306.9477061748155,0.5341142961567303,1302
9743,1306.9477061748155,0.5341142961567303,1302
9744,1306.9477061748155,0.5341142961567303,1302
9745,1306.9477061748155,0.5341142961567303,1302
9746,1306.9477061748155,0.5341142961567303,1302
9747,1306.9477061748155,0.5341142961567303,1302
9748,1306.9477061748155,0.5341142961567303,1302
9749,1306.9477061748155,0.5341142961567303,1302
9750,1306.9477061748155,0.5341142961567303,1302
9751,1306.9477061748155,0.5341142961567303,1302
9752,1306.9477061748155,0.5341142961567303,1302
9753,1306.9477061748155,0.5341142961567303,1302
9754,1306.9477061748155,0.5341142961567303,1302
9755,1306.9477061748155,0.5341142961567303,1302
9756,1306.9477061748155,0.5341142961567303,1302
9757,1306.9477061748155,0.5341142961567303,1302
9758,1306.9477061748155,0.5341142961567303,1302
9759,1306.9477061748155,0.5341142961567303,1302
9760,1306.9477061748155,0.5341142961567303,1302
9761,1306.9477061748155,0.5341142961567303,1302
9762,1306.9477061748155,0.5341142961567303,1302
9763,1306.9477061748155,0.5341142961567303,1302
9764,1306.9477061748155,0.5341142961567303,1302
9765,1306.9477061748155,0.5341142961567303,1302
9766,1306.9477061748155,0.5341142961567303,1302
9767,1306.9477061748155,0.5341142961567303,1302
9768,1306.9477061748155,0.5341142961567303,1302
9769,1306.9477061748155,0.5341142961567303,1302
9770,1306.9477061748155,0.5341142961567303,1302
9771,1306.9477061748155,0.5341142961567303,1302
9772,1306.9477061748155,0.5341142961567303,1302
9773,1306.9477061748155,0.5341142961567303,1302
9774,1306.9477061748155,0.5341142961567303,1302
9775,1306.9477061748155,0.5341142961567303,1302
9776,1306.9477061748155,0.5341142961567303,1302
9777,1306.9477061748155,0.5341142961567303,1302
9778,1306.9477061748155,0.5341142961567303,1302
9779,1306.9477061748155,0.5341142961567303,1302
9780,1306.9477061748155,0.5341142961567303,1302
9781,1306.9477061748155,0.5341142961567303,1302
9782,1306.9477061748155,0.5341142961567303,1302
9783,1306.9477061748155,0.5341142961567303,1302
9784,1306.9477061748155,0.5341142961567303,1302
9785,1306.9477061748155,0.5341142961567303,1302
9786,1306.9477061748155,0.5341142961567303,1302
9787,1306.9477061748155,0.5341142961567303,1302
9788,1306.9477061748155,0.5341142961567303,1302
9789,1306.9477061748155,0.5341142961567303,1302
9790,1306.9477061748155,0.5341142961567303,1302
9791,1306.9477061748155,0.5341142961567303,1302
9792,1306.9477061748155,0.5341142961567303,1302
9793,1306.9477061748155,0.5341142961567303,1302
9794,1306.9477061748155,0.5341142961567303,1302
9795,1306.9477061748155,0.5341142961567303,1302
9796,1306.9477061748155,0.5341142961567303,1302
9797,1306.9477061748155,0.5341142961567303,1302
9798,1306.9477061748155,0.5341142961567303,1302
9799,1306.9477061748155,0.5341142961567303,1302
9800,1306.9477061748155,0.5341142961567303,1302
9801,1306.9477061748155,0.5341142961567303,1302
9802,1306.9477061748155,0.5341142961567303,1302
9803,1306.9477061748155,0.5341142961567303,1302
9804,1306.9477061748155,0.5341142961567303,1302
9805,1306.9477061748155,0.5341142961567303,1302
9806,1306.9477061748155,0.5341142961567303,1302
9807,1306.9477061748155,0.5341142961567303,1302
9808,1306.9477061748155,0.5341142961567303,1302
9809,1306.9477061748155,0.5341142961567303,1302
9810,1306.9477061748155,0.5341142961567303,1302
9811,1306.9477061748155,0.5341142961567303,1302
9812,1306.9477061748155,0.5341142961567303,1302
9813,1306.9477061748155,0.5341142961567303,1302
9814,1306.9477061748155,0.5341142961567303,1302
9815,1306.9477061748155,0.5341142961567303,1302
9816,1306.9477061748155,0.5341142961567303,1302
9817,1306.9477061748155,0.5341142961567303,1302
9818,1306.9477061748155,0.5341142961567303,1302
9819,1306.9477061748155,0.5341142961567303,1302
9820,1306.9477061748155,0.5341142961567303,1302
9821,1306.9477061748155,0.5341142961567303,1302
9822,1306.9477061748155,0.5341142961567303,1302
9823,1306.9477061748155,0.5341142961567303,1302
9824,1306.9477061748155,0.5341142961567303,1302
9825,1306.9477061748155,0.5341142961567303,1302
9826,1306.9477061748155,0.5341142961567303,1302
9827,1306.9477061748155,0.5341142961567303,1302
9828,1306.9477061748155,0.5341142961567303,1302
9829,1306.9477061748155,0.5341142961567303,1302
9830,1306.9477061748155,0.5341142961567303,1302
9831,1306.9477061748155,0.5341142961567303,1302
9832,1306.9477061748155,0.5341142961567303,1302
9833,1306.9477061748155,0.5341142961567303,1302
9834,1306.9477061748155,0.5341142961567303,1302
9835,1306.9477061748155,0.5341142961567303,1302
9836,1306.9477061748155,0.5341142961567303,1302
9837,1306.9477061748155,0.5341142961567303,1302
9838,1306.9477061748155,0.5341142961567303,1302
9839,1306.9477061748155,0.5341142961567303,1302
9840,1306.9477061748155,0.5341142961567303,1302
9841,1306.9477061748155,0.5341142961567303,1302
9842,1306.9477061748155,0.5341142961567303,1302
9843,1306.9477061748155,0.5341142961567303,1302
9844,1306.9477061748155,0.5341142961567303,1302
9845,1306.9477061748155,0.5341142961567303,1302
9846,1306.9477061748155,0.5341142961567303,1302
9847,1306.9477061748155,0.5341142961567303,1302
9848,1306.9477061748155,0.5341142961567303,1302
9849,1306.9477061748155,0.5341142961567303,1302
9850,1306.9477061748155,0.5341142961567303,1302
9851,1306.9477061748155,0.5341142961567303,1302
9852,1306.9477061748155,0.5341142961567303,1302
9853,1306.9477061748155,0.5341142961567303,1302
9854,1306.9477061748155,0.5341142961567303,1302
9855,1306.9477061748155,0.5341142961567303,1302
9856,1306.9477061748155,0.5341142961567303,1302
9857,1306.9477061748155,0.5341142961567303,1302
9858,1306.9477061748155,0.5341142961567303,1302
9859,1306.9477061748155,0.5341142961567303,1302
9860,1306.9477061748155,0.5341142961567303,1302
9861,1306.9477061748155,0.5341142961567303,1302
9862,1306.9477061748155,0.5341142961567303,1302
9863,1306.9477061748155,0.5341142961567303,1302
9864,1306.9477061748155,0.5341142961567303,1302
9865,1306.9477061748155,0.5341142961567303,1302
9866,1306.9477061748155,0.5341142961567303,1302
9867,1306.9477061748155,0.5341142961567303,1302
9868,1306.9477061748155,0.5341142961567303,1302
9869,1306.9477061748155,0.5341142961567303,1302
9870,1306.9477061748155,0.5341142961567303,1302
9871,1306.9477061748155,0.5341142961567303,1302
9872,1306.9477061748155,0.5341142961567303,1302
9873,1306.9477061748155,0.5341142961567303,1302
9874,1306.9477061748155,0.5341142961567303,1302
9875,1306.9477061748155,0.5341142961567303,1302
9876,1306.9477061748155,0.5341142961567303,1302
9877,1306.9477061748155,0.5341142961567303,1302
9878,1306.9477061748155,0.5341142961567303,1302
9879,1306.9477061748155,0.5341142961567303,1302
9880,1306.9477061748155,0.5341142961567303,1302
9881,1306.9477061748155,0.5341142961567303,1302
9882,1306.9477061748155,0.5341142961567303,1302
9883,1306.9477061748155,0.5341142961567303,1302
9884,1306.9477061748155,0.5341142961567303,1302
9885,1306.9477061748155,0.5341142961567303,1302
9886,1306.9477061748155,0.5341142961567303,1302
9887,1306.9477061748155,0.5341142961567303,1302
9888,1306.9477061748155,0.5341142961567303,1302
9889,1306.9477061748155,0.5341142961567303,1302
9890,1306.9477061748155,0.5341142961567303,1302
9891,1306.9477061748155,0.5341142961567303,1302
9892,1306.9477061748155,0.5341142961567303,1302
9893,1306.9477061748155,0.5341142961567303,1302
9894,1306.9477061748155,0.5341142961567303,1302
9895,1306.9477061748155,0.5341142961567303,1302
9896,1306.9477061748155,0.5341142961567303,1302
9897,1306.9477061748155,0.5341142961567303,1302
9898,1306.9477061748155,0.5341142961567303,1302
9899,1306.9477061748155,0.5341142961567303,1302
9900,1306.9477061748155,0.5341142961567303,1302
9901,1306.9477061748155,0.5341142961567303,1302
9902,1306.9477061748155,0.5341142961567303,1302
9903,1306.9477061748155,0.5341142961567303,1302
9904,1306.9477061748155,0.5341142961567303,1302
9905,1306.9477061748155,0.5341142961567303,1302
9906,1306.9477061748155,0.5341142961567303,1302
9907,1306.9477061748155,0.5341142961567303,1302
9908,1306.9477061748155,0.5341142961567303,1302
9909,1306.9477061748155,0.5341142961567303,1302
9910,1306.9477061748155,0.5341142961567303,1302
9911,1306.9477061748155,0.5341142961567303,1302
9912,1306.9477061748155,0.5341142961567303,1302
9913,1306.9477061748155,0.5341142961567303,1302
9914,1306.9477061748155,0.5341142961567303,1302
9915,1306.9477061748155,0.5341142961567303,1302
9916,1306.9477061748155,0.5341142961567303,1302
9917,1306.9477061748155,0.5341142961567303,1302
9918,1306.9477061748155,0.5341142961567303,1302
9919,1306.9477061748155,0.5341142961567303,1302
9920,1306.9477061748155,0.5341142961567303,1302
9921,1306.9477061748155,0.5341142961567303,1302
9922,1306.9477061748155,0.5341142961567303,1302
9923,1306.9477061748155,0.5341142961567303,1302
9924,1306.9477061748155,0.5341142961567303,1302
9925,1306.9477061748155,0.5341142961567303,1302
9926,1306.9477061748155,0.5341142961567303,1302
9927,1306.9477061748155,0.5341142961567303,1302
9928,1306.9477061748155,0.5341142961567303,1302
9929,1306.9477061748155,0.5341142961567303,1302
9930,1306.9477061748155,0.5341142961567303,1302
9931,1306.9477061748155,0.5341142961567303,1302
9932,1306.9477061748155,0.5341142961567303,1302
9933,1306.9477061748155,0.5341142961567303,1302
9934,1306.9477061748155,0.5341142961567303,1302
9935,1306.9477061748155,0.5341142961567303,1302
9936,1306.9477061748155,0.5341142961567303,1302
9937,1306.9477061748155,0.5341142961567303,1302
9938,1306.9477061748155,0.5341142961567303,1302
9939,1306.9477061748155,0.5341142961567303,1302
9940,1306.9477061748155,0.5341142961567303,1302
9941,1306.9477061748155,0.5341142961567303,1302
9942,1306.9477061748155,0.5341142961567303,1302
9943,1306.9477061748155,0.5341142961567303,1302
9944,1306.9477061748155,0.5341142961567303,1302
9945,1306.9477061748155,0.5341142961567303,1302
9946,1306.9477061748155,0.5341142961567303,1302
9947,1306.9477061748155,0.5341142961567303,1302
9948,1306.9477061748155,0.5341142961567303,1302
9949,1306.9477061748155,0.5341142961567303,1302
9950,1306.9477061748155,0.5341142961567303,1302
9951,1306.9477061748155,0.5341142961567303,1302
9952,1306.9477061748155,0.5341142961567303,1302
9953,1306.9477061748155,0.5341142961567303,1302
9954,1306.9477061748155,0.5341142961567303,1302
9955,1306.9477061748155,0.5341142961567303,1302
9956,1306.9477061748155,0.5341142961567303,1302
9957,1306.9477061748155,0.5341142961567303,1302
9958,1306.9477061748155,0.5341142961567303,1302
9959,1306.9477061748155,0.5341142961567303,1302
9960,1306.9477061748155,0.5341142961567303,1302
9961,1306.9477061748155,0.5341142961567303,1302
9962,1306.9477061748155,0.5341142961567303,1302
9963,1306.9477061748155,0.5341142961567303,1302
9964,1306.9477061748155,0.5341142961567303,1302
9965,1306.9477061748155,0.5341142961567303,1302
9966,1306.9477061748155,0.5341142961567303,1302
9967,1306.9477061748155,0.5341142961567303,1302
9968,1306.9477061748155,0.5341142961567303,1302
9969,1306.9477061748155,0.5341142961567303,1302
9970,1306.9477061748155,0.5341142961567303,1302
9971,1306.9477061748155,0.5341142961567303,1302
9972,1306.9477061748155,0.5341142961567303,1302
9973,1306.9477061748155,0.5341142961567303,1302
9974,1306.9477061748155,0.5341142961567303,1302
9975,1306.9477061748155,0.5341142961567303,1302
9976,1306.9477061748155,0.5341142961567303,1302
9977,1306.9477061748155,0.5341142961567303,1302
9978,1306.9477061748155,0.5341142961567303,1302
9979,1306.9477061748155,0.5341142961567303,1302
9980,1306.9477061748155,0.5341142961567303,1302
9981,1306.9477061748155,0.5341142961567303,1302
9982,1306.9477061748155,0.5341142961567303,1302
9983,1306.9477061748155,0.5341142961567303,1302
9984,1306.9477061748155,0.5341142961567303,1302
9985,1306.9477061748155,0.5341142961567303,1302
9986,1306.9477061748155,0.5341142961567303,1302
9987,1306.9477061748155,0.5341142961567303,1302
9988,1306.9477061748155,0.5341142961567303,1302
9989,1306.9477061748155,0.5341142961567303,1302
9990,1306.9477061748155,0.5341142961567303,1302
9991,1306.9477061748155,0.5341142961567303,1302
9992,1306.9477061748155,0.5341142961567303,1302
9993,1306.9477061748155,0.5341142961567303,1302
9994,1306.9477061748155,0.5341142961567303,1302
9995,1306.9477061748155,0.5341142961567303,1302
9996,1306.9477061748155,0.5341142961567303,1302
9997,1306.9477061748155,0.5341142961567303,1302
9998,1306.9477061748155,0.5341142961567303,1302
9999,1306.9477061748155,0.5341142961567303,1302
10000,1306.9477061748155,0.5341142961567303,1302
