Iteration,Objective,Fairness,Duration
0,1552.758913704595,0.8226944533325914,1538
1,1540.4142887734859,0.814821134388684,1525
2,1540.4142887734859,0.814821134388684,1525
3,1540.4142887734859,0.814821134388684,1525
4,1540.4142887734859,0.814821134388684,1525
5,1511.1123319889125,0.7944217685137861,1494
6,1511.1123319889125,0.7944217685137861,1494
7,1511.1123319889125,0.7944217685137861,1494
8,1511.1123319889125,0.7944217685137861,1494
9,1511.1123319889125,0.7944217685137861,1494
10,1511.1123319889125,0.7944217685137861,1494
11,1511.1123319889125,0.7944217685137861,1494
12,1511.1123319889125,0.7944217685137861,1494
13,1511.1123319889125,0.7944217685137861,1494
14,1511.1123319889125,0.7944217685137861,1494
15,1511.1123319889125,0.7944217685137861,1494
16,1511.1123319889125,0.7944217685137861,1494
17,1511.1123319889125,0.7944217685137861,1494
18,1510.1663510542453,0.793772812899504,1493
19,1520.5771764082767,0.8008508360370414,1504
20,1517.736759500853,0.7989336917244975,1501
21,1517.736759500853,0.7989336917244975,1501
22,1515.8436077622287,0.7976500749371855,1499
23,1515.8436077622287,0.7976500749371855,1499
24,1515.8436077622287,0.7976500749371855,1499
25,1539.534571468995,0.813376123630526,1524
26,1539.534571468995,0.813376123630526,1524
27,1537.6371576141146,0.8121437095853603,1522
28,1537.6371576141146,0.8121437095853603,1522
29,1537.6371576141146,0.8121437095853603,1522
30,1537.6371576141146,0.8121437095853603,1522
31,1537.6371576141146,0.8121437095853603,1522
32,1537.6371576141146,0.8121437095853603,1522
33,1534.5830342658628,0.8127939179978033,1519
34,1535.5316563394244,0.8134111444086434,1520
35,1535.5316563394244,0.8134111444086434,1520
36,1535.5316563394244,0.8134111444086434,1520
37,1535.5316563394244,0.8134111444086434,1520
38,1535.5316563394244,0.8134111444086434,1520
39,1535.5316563394244,0.8134111444086434,1520
40,1529.841331622719,0.8096908743065937,1514
41,1529.841331622719,0.8096908743065937,1514
42,1529.841331622719,0.8096908743065937,1514
43,1529.841331622719,0.8096908743065937,1514
44,1529.841331622719,0.8096908743065937,1514
45,1520.6784351316,0.8116478239836598,1505
46,1520.6784351316,0.8116478239836598,1505
47,1520.6784351316,0.8116478239836598,1505
48,1520.6784351316,0.8116478239836598,1505
49,1517.6237596388996,0.8123046655586313,1502
50,1496.6882587554182,0.823543263389978,1482
51,1494.65033218772,0.823998892506967,1480
52,1500.1686660441603,0.8177719120115284,1485
53,1500.1686660441603,0.8177719120115284,1485
54,1500.1686660441603,0.8177719120115284,1485
55,1500.1686660441603,0.8177719120115284,1485
56,1500.1686660441603,0.8177719120115284,1485
57,1554.5591372813421,0.849121368556679,1542
58,1554.5591372813421,0.849121368556679,1542
59,1554.5591372813421,0.849121368556679,1542
60,1535.1952546611276,0.8534928560652613,1523
61,1535.1952546611276,0.8534928560652613,1523
62,1535.1952546611276,0.8534928560652613,1523
63,1535.1952546611276,0.8534928560652613,1523
64,1481.9717344509916,0.8201377408578622,1467
65,1481.9717344509916,0.8201377408578622,1467
66,1482.9907298216992,0.8199095408253334,1468
67,1482.9907298216992,0.8199095408253334,1468
68,1495.8464562539286,0.833656219919167,1482
69,1495.8464562539286,0.833656219919167,1482
70,1495.8464562539286,0.833656219919167,1482
71,1495.8464562539286,0.833656219919167,1482
72,1495.8464562539286,0.833656219919167,1482
73,1478.7715527828266,0.8225426143341357,1464
74,1478.7715527828266,0.8225426143341357,1464
75,1478.7715527828266,0.8225426143341357,1464
76,1478.7715527828266,0.8225426143341357,1464
77,1478.7715527828266,0.8225426143341357,1464
78,1478.7715527828266,0.8225426143341357,1464
79,1478.7715527828266,0.8225426143341357,1464
80,1477.8239395268286,0.8219132685388211,1463
81,1477.8239395268286,0.8219132685388211,1463
82,1497.7457632258925,0.8348658910873072,1484
83,1497.7457632258925,0.8348658910873072,1484
84,1497.7457632258925,0.8348658910873072,1484
85,1497.7457632258925,0.8348658910873072,1484
86,1473.303774419994,0.8161487936089146,1458
87,1473.303774419994,0.8161487936089146,1458
88,1478.3983245461657,0.8150129199163194,1463
89,1478.3983245461657,0.8150129199163194,1463
90,1478.3983245461657,0.8150129199163194,1463
91,1478.3983245461657,0.8150129199163194,1463
92,1478.3983245461657,0.8150129199163194,1463
93,1478.3983245461657,0.8150129199163194,1463
94,1478.3983245461657,0.8150129199163194,1463
95,1478.3983245461657,0.8150129199163194,1463
96,1478.3983245461657,0.8150129199163194,1463
97,1478.3983245461657,0.8150129199163194,1463
98,1478.3983245461657,0.8150129199163194,1463
99,1471.772990114515,0.8105118919447979,1456
100,1471.772990114515,0.8105118919447979,1456
101,1471.772990114515,0.8105118919447979,1456
102,1471.772990114515,0.8105118919447979,1456
103,1473.665434298441,0.811804008908686,1458
104,1473.665434298441,0.811804008908686,1458
105,1473.665434298441,0.811804008908686,1458
106,1473.665434298441,0.811804008908686,1458
107,1474.1785148970462,0.8176535932598961,1459
108,1474.1785148970462,0.8176535932598961,1459
109,1466.606122683997,0.8125165463239181,1451
110,1466.606122683997,0.8125165463239181,1451
111,1466.606122683997,0.8125165463239181,1451
112,1460.9311499887308,0.8086118454020821,1445
113,1443.434682967944,0.7905492195105263,1426
114,1443.434682967944,0.7905492195105263,1426
115,1443.434682967944,0.7905492195105263,1426
116,1443.434682967944,0.7905492195105263,1426
117,1443.434682967944,0.7905492195105263,1426
118,1443.434682967944,0.7905492195105263,1426
119,1443.434682967944,0.7905492195105263,1426
120,1443.434682967944,0.7905492195105263,1426
121,1443.434682967944,0.7905492195105263,1426
122,1452.5977544907198,0.788590167098512,1435
123,1452.5977544907198,0.788590167098512,1435
124,1452.5977544907198,0.788590167098512,1435
125,1452.5977544907198,0.788590167098512,1435
126,1469.900648720133,0.784951360882593,1452
127,1469.900648720133,0.784951360882593,1452
128,1465.8299765538331,0.7858003777771115,1448
129,1465.8299765538331,0.7858003777771115,1448
130,1465.8299765538331,0.7858003777771115,1448
131,1465.8299765538331,0.7858003777771115,1448
132,1465.8299765538331,0.7858003777771115,1448
133,1465.8299765538331,0.7858003777771115,1448
134,1453.615756589612,0.7883738996923114,1436
135,1453.615756589612,0.7883738996923114,1436
136,1453.615756589612,0.7883738996923114,1436
137,1453.615756589612,0.7883738996923114,1436
138,1453.615756589612,0.7883738996923114,1436
139,1451.5797290902674,0.78880671443696,1434
140,1451.5797290902674,0.78880671443696,1434
141,1451.5797290902674,0.78880671443696,1434
142,1451.5797290902674,0.78880671443696,1434
143,1463.8506423540616,0.7975655651842681,1447
144,1467.6296437207386,0.8002205223361533,1451
145,1467.6296437207386,0.8002205223361533,1451
146,1452.3515506999465,0.8035613803466298,1436
147,1452.3515506999465,0.8035613803466298,1436
148,1451.036933380276,0.8073410213806336,1435
149,1451.036933380276,0.8073410213806336,1435
150,1436.7701275926156,0.8105462807230222,1421
151,1439.6049984292556,0.8125300525077416,1424
152,1439.6049984292556,0.8125300525077416,1424
153,1438.5857204050062,0.8127616481858926,1423
154,1438.5857204050062,0.8127616481858926,1423
155,1425.3329651210504,0.8157981124333197,1410
156,1425.3329651210504,0.8157981124333197,1410
157,1425.3329651210504,0.8157981124333197,1410
158,1425.3329651210504,0.8157981124333197,1410
159,1425.3329651210504,0.8157981124333197,1410
160,1425.3329651210504,0.8157981124333197,1410
161,1427.3721104735234,0.8153278415001995,1412
162,1427.3721104735234,0.8153278415001995,1412
163,1427.3721104735234,0.8153278415001995,1412
164,1427.3721104735234,0.8153278415001995,1412
165,1427.3721104735234,0.8153278415001995,1412
166,1427.3721104735234,0.8153278415001995,1412
167,1427.3721104735234,0.8153278415001995,1412
168,1427.3721104735234,0.8153278415001995,1412
169,1427.3721104735234,0.8153278415001995,1412
170,1427.3721104735234,0.8153278415001995,1412
171,1427.3721104735234,0.8153278415001995,1412
172,1436.827059871692,0.8218757824160031,1422
173,1436.827059871692,0.8218757824160031,1422
174,1427.6490331979903,0.8240144978617222,1413
175,1427.6490331979903,0.8240144978617222,1413
176,1427.6490331979903,0.8240144978617222,1413
177,1427.6490331979903,0.8240144978617222,1413
178,1427.6490331979903,0.8240144978617222,1413
179,1427.6490331979903,0.8240144978617222,1413
180,1427.6490331979903,0.8240144978617222,1413
181,1427.6490331979903,0.8240144978617222,1413
182,1427.6490331979903,0.8240144978617222,1413
183,1434.787660685155,0.8223491027732464,1420
184,1434.787660685155,0.8223491027732464,1420
185,1428.668906848963,0.8237757466486919,1414
186,1428.668906848963,0.8237757466486919,1414
187,1428.668906848963,0.8237757466486919,1414
188,1428.668906848963,0.8237757466486919,1414
189,1428.668906848963,0.8237757466486919,1414
190,1423.569305417618,0.8249723039690303,1409
191,1423.569305417618,0.8249723039690303,1409
192,1423.569305417618,0.8249723039690303,1409
193,1423.569305417618,0.8249723039690303,1409
194,1423.569305417618,0.8249723039690303,1409
195,1423.569305417618,0.8249723039690303,1409
196,1423.569305417618,0.8249723039690303,1409
197,1469.4449965327967,0.8144522281019142,1454
198,1469.4449965327967,0.8144522281019142,1454
199,1469.4449965327967,0.8144522281019142,1454
200,1461.2926908169861,0.8162819459756582,1446
201,1461.2926908169861,0.8162819459756582,1446
202,1461.2926908169861,0.8162819459756582,1446
203,1461.2926908169861,0.8162819459756582,1446
204,1461.2926908169861,0.8162819459756582,1446
205,1461.2926908169861,0.8162819459756582,1446
206,1461.2926908169861,0.8162819459756582,1446
207,1461.2926908169861,0.8162819459756582,1446
208,1461.2926908169861,0.8162819459756582,1446
209,1475.5582850167837,0.8130912419896247,1460
210,1475.5582850167837,0.8130912419896247,1460
211,1475.5582850167837,0.8130912419896247,1460
212,1475.5582850167837,0.8130912419896247,1460
213,1475.5582850167837,0.8130912419896247,1460
214,1475.5582850167837,0.8130912419896247,1460
215,1471.4828486471874,0.8139974934263878,1456
216,1471.4828486471874,0.8139974934263878,1456
217,1471.4828486471874,0.8139974934263878,1456
218,1471.4828486471874,0.8139974934263878,1456
219,1462.3118077869558,0.8160522851158596,1447
220,1462.3118077869558,0.8160522851158596,1447
221,1451.908234009336,0.8088871454909191,1436
222,1451.908234009336,0.8088871454909191,1436
223,1451.908234009336,0.8088871454909191,1436
224,1451.908234009336,0.8088871454909191,1436
225,1475.571029376413,0.8249515932675028,1461
226,1475.571029376413,0.8249515932675028,1461
227,1475.571029376413,0.8249515932675028,1461
228,1473.675593757086,0.8236954137783993,1459
229,1447.183494360673,0.8055803176276667,1431
230,1447.183494360673,0.8055803176276667,1431
231,1447.183494360673,0.8055803176276667,1431
232,1451.908234009336,0.8088871454909191,1436
233,1427.446742363216,0.8144312546466124,1412
234,1427.446742363216,0.8144312546466124,1412
235,1427.446742363216,0.8144312546466124,1412
236,1427.446742363216,0.8144312546466124,1412
237,1427.446742363216,0.8144312546466124,1412
238,1427.446742363216,0.8144312546466124,1412
239,1427.446742363216,0.8144312546466124,1412
240,1427.446742363216,0.8144312546466124,1412
241,1427.446742363216,0.8144312546466124,1412
242,1427.446742363216,0.8144312546466124,1412
243,1427.446742363216,0.8144312546466124,1412
244,1427.446742363216,0.8144312546466124,1412
245,1427.446742363216,0.8144312546466124,1412
246,1427.446742363216,0.8144312546466124,1412
247,1427.446742363216,0.8144312546466124,1412
248,1427.446742363216,0.8144312546466124,1412
249,1427.446742363216,0.8144312546466124,1412
250,1427.446742363216,0.8144312546466124,1412
251,1427.446742363216,0.8144312546466124,1412
252,1439.7390581735863,0.822932986862251,1425
253,1439.7390581735863,0.822932986862251,1425
254,1439.7390581735863,0.822932986862251,1425
255,1439.7390581735863,0.822932986862251,1425
256,1439.7390581735863,0.822932986862251,1425
257,1439.7390581735863,0.822932986862251,1425
258,1439.7390581735863,0.822932986862251,1425
259,1439.7390581735863,0.822932986862251,1425
260,1439.7390581735863,0.822932986862251,1425
261,1439.7390581735863,0.822932986862251,1425
262,1439.7390581735863,0.822932986862251,1425
263,1439.7390581735863,0.822932986862251,1425
264,1439.7390581735863,0.822932986862251,1425
265,1438.7928364571253,0.8222869238692306,1424
266,1439.1063166128843,0.806507489033105,1423
267,1439.1063166128843,0.806507489033105,1423
268,1447.6107979815908,0.8124603798463372,1432
269,1447.6107979815908,0.8124603798463372,1432
270,1447.6107979815908,0.8124603798463372,1432
271,1447.6107979815908,0.8124603798463372,1432
272,1447.6107979815908,0.8124603798463372,1432
273,1447.6107979815908,0.8124603798463372,1432
274,1465.541065902433,0.8373250131855702,1452
275,1482.6400920015199,0.8481488226631457,1470
276,1489.374362531756,0.8633546067785196,1478
277,1492.2348029212972,0.8650311998883098,1481
278,1492.2348029212972,0.8650311998883098,1481
279,1492.2348029212972,0.8650311998883098,1481
280,1492.2348029212972,0.8650311998883098,1481
281,1492.2348029212972,0.8650311998883098,1481
282,1492.2348029212972,0.8650311998883098,1481
283,1492.2348029212972,0.8650311998883098,1481
284,1492.2348029212972,0.8650311998883098,1481
285,1492.2348029212972,0.8650311998883098,1481
286,1465.29916955766,0.8522444791247011,1453
287,1465.29916955766,0.8522444791247011,1453
288,1465.29916955766,0.8522444791247011,1453
289,1424.4743750955395,0.8621531103371025,1413
290,1424.4743750955395,0.8621531103371025,1413
291,1424.4743750955395,0.8621531103371025,1413
292,1424.4743750955395,0.8621531103371025,1413
293,1424.4743750955395,0.8621531103371025,1413
294,1424.4743750955395,0.8621531103371025,1413
295,1424.4743750955395,0.8621531103371025,1413
296,1424.4743750955395,0.8621531103371025,1413
297,1424.4743750955395,0.8621531103371025,1413
298,1424.4743750955395,0.8621531103371025,1413
299,1424.4743750955395,0.8621531103371025,1413
300,1424.4743750955395,0.8621531103371025,1413
301,1424.4743750955395,0.8621531103371025,1413
302,1438.7529880205868,0.8708194615498932,1428
303,1438.7529880205868,0.8708194615498932,1428
304,1438.7529880205868,0.8708194615498932,1428
305,1438.7529880205868,0.8708194615498932,1428
306,1438.7529880205868,0.8708194615498932,1428
307,1438.7529880205868,0.8708194615498932,1428
308,1438.7529880205868,0.8708194615498932,1428
309,1438.7529880205868,0.8708194615498932,1428
310,1438.7529880205868,0.8708194615498932,1428
311,1438.7529880205868,0.8708194615498932,1428
312,1438.7529880205868,0.8708194615498932,1428
313,1438.7529880205868,0.8708194615498932,1428
314,1438.7529880205868,0.8708194615498932,1428
315,1438.7529880205868,0.8708194615498932,1428
316,1438.7529880205868,0.8708194615498932,1428
317,1438.7529880205868,0.8708194615498932,1428
318,1438.7529880205868,0.8708194615498932,1428
319,1438.7529880205868,0.8708194615498932,1428
320,1438.7529880205868,0.8708194615498932,1428
321,1438.7529880205868,0.8708194615498932,1428
322,1438.7529880205868,0.8708194615498932,1428
323,1438.7529880205868,0.8708194615498932,1428
324,1438.7529880205868,0.8708194615498932,1428
325,1438.7529880205868,0.8708194615498932,1428
326,1438.7529880205868,0.8708194615498932,1428
327,1438.7529880205868,0.8708194615498932,1428
328,1438.7529880205868,0.8708194615498932,1428
329,1433.648083898303,0.872079722509576,1423
330,1433.648083898303,0.872079722509576,1423
331,1433.648083898303,0.872079722509576,1423
332,1433.648083898303,0.872079722509576,1423
333,1413.6653106091096,0.8598593151236242,1402
334,1413.6653106091096,0.8598593151236242,1402
335,1413.6653106091096,0.8598593151236242,1402
336,1408.9156379777403,0.8568520185278686,1397
337,1408.9156379777403,0.8568520185278686,1397
338,1408.9156379777403,0.8568520185278686,1397
339,1408.9156379777403,0.8568520185278686,1397
340,1408.9156379777403,0.8568520185278686,1397
341,1408.9156379777403,0.8568520185278686,1397
342,1408.9156379777403,0.8568520185278686,1397
343,1408.9156379777403,0.8568520185278686,1397
344,1407.8944828641747,0.8571061645341811,1396
345,1417.0841257958157,0.8548278976956314,1405
346,1417.0841257958157,0.8548278976956314,1405
347,1417.0841257958157,0.8548278976956314,1405
348,1417.0841257958157,0.8548278976956314,1405
349,1417.0841257958157,0.8548278976956314,1405
350,1420.8835673814049,0.8572372971960002,1409
351,1420.8835673814049,0.8572372971960002,1409
352,1420.8835673814049,0.8572372971960002,1409
353,1420.8835673814049,0.8572372971960002,1409
354,1423.9463947336315,0.8564825236228794,1412
355,1423.9463947336315,0.8564825236228794,1412
356,1423.9463947336315,0.8564825236228794,1412
357,1407.609183965805,0.8605335900311747,1396
358,1412.3614424495722,0.8635098216053321,1401
359,1412.3614424495722,0.8635098216053321,1401
360,1412.3614424495722,0.8635098216053321,1401
361,1412.3614424495722,0.8635098216053321,1401
362,1412.3614424495722,0.8635098216053321,1401
363,1412.3614424495722,0.8635098216053321,1401
364,1412.3614424495722,0.8635098216053321,1401
365,1414.2632305614834,0.8646896857101941,1403
366,1414.2632305614834,0.8646896857101941,1403
367,1414.2632305614834,0.8646896857101941,1403
368,1417.3267805961018,0.8639262302246307,1406
369,1417.3267805961018,0.8639262302246307,1406
370,1414.2632305614834,0.8646896857101941,1403
371,1419.9716258054245,0.8681928663452111,1409
372,1419.9716258054245,0.8681928663452111,1409
373,1419.9716258054245,0.8681928663452111,1409
374,1423.035081481069,0.8674305444369418,1412
375,1423.035081481069,0.8674305444369418,1412
376,1420.9927966471666,0.8679385313891557,1410
377,1420.9927966471666,0.8679385313891557,1410
378,1420.9927966471666,0.8679385313891557,1410
379,1420.9927966471666,0.8679385313891557,1410
380,1420.9927966471666,0.8679385313891557,1410
381,1420.9927966471666,0.8679385313891557,1410
382,1420.9927966471666,0.8679385313891557,1410
383,1426.0983664105615,0.8666702737798939,1415
384,1426.0983664105615,0.8666702737798939,1415
385,1426.0983664105615,0.8666702737798939,1415
386,1426.0983664105615,0.8666702737798939,1415
387,1426.0983664105615,0.8666702737798939,1415
388,1426.0983664105615,0.8666702737798939,1415
389,1426.0983664105615,0.8666702737798939,1415
390,1426.0983664105615,0.8666702737798939,1415
391,1426.0983664105615,0.8666702737798939,1415
392,1419.9716258054245,0.8681928663452111,1409
393,1419.9716258054245,0.8681928663452111,1409
394,1415.8867532639088,0.8692124788093613,1405
395,1415.8867532639088,0.8692124788093613,1405
396,1415.8867532639088,0.8692124788093613,1405
397,1414.8654879072951,0.8694679492155797,1404
398,1414.8654879072951,0.8694679492155797,1404
399,1414.8654879072951,0.8694679492155797,1404
400,1414.8654879072951,0.8694679492155797,1404
401,1414.8654879072951,0.8694679492155797,1404
402,1414.8654879072951,0.8694679492155797,1404
403,1414.8654879072951,0.8694679492155797,1404
404,1414.8654879072951,0.8694679492155797,1404
405,1404.65179979106,0.8720350817988936,1394
406,1404.65179979106,0.8720350817988936,1394
407,1404.65179979106,0.8720350817988936,1394
408,1404.65179979106,0.8720350817988936,1394
409,1404.65179979106,0.8720350817988936,1394
410,1404.65179979106,0.8720350817988936,1394
411,1404.65179979106,0.8720350817988936,1394
412,1404.65179979106,0.8720350817988936,1394
413,1393.4145853524215,0.8748848467993585,1383
414,1393.4145853524215,0.8748848467993585,1383
415,1393.4145853524215,0.8748848467993585,1383
416,1393.4145853524215,0.8748848467993585,1383
417,1393.4145853524215,0.8748848467993585,1383
418,1393.4145853524215,0.8748848467993585,1383
419,1393.4145853524215,0.8748848467993585,1383
420,1393.4145853524215,0.8748848467993585,1383
421,1393.4145853524215,0.8748848467993585,1383
422,1393.4145853524215,0.8748848467993585,1383
423,1394.43624305033,0.8746246630186225,1384
424,1394.43624305033,0.8746246630186225,1384
425,1378.087517450204,0.8788140623473811,1368
426,1378.087517450204,0.8788140623473811,1368
427,1378.087517450204,0.8788140623473811,1368
428,1363.7785818869406,0.8825254458560706,1354
429,1363.7785818869406,0.8825254458560706,1354
430,1363.7785818869406,0.8825254458560706,1354
431,1363.7785818869406,0.8825254458560706,1354
432,1363.7785818869406,0.8825254458560706,1354
433,1363.7785818869406,0.8825254458560706,1354
434,1363.7785818869406,0.8825254458560706,1354
435,1363.7785818869406,0.8825254458560706,1354
436,1363.7785818869406,0.8825254458560706,1354
437,1363.7785818869406,0.8825254458560706,1354
438,1363.7785818869406,0.8825254458560706,1354
439,1363.7785818869406,0.8825254458560706,1354
440,1363.7785818869406,0.8825254458560706,1354
441,1400.0226601834197,0.8916066772775155,1391
442,1396.957773129251,0.892386194987373,1388
443,1396.957773129251,0.892386194987373,1388
444,1380.7371203048704,0.8830235427093893,1371
445,1397.0856050770353,0.8788370365565187,1387
446,1388.5158163665308,0.8736687125596975,1378
447,1383.9014254722208,0.8690362148940309,1373
448,1370.6170264150944,0.8724528301886793,1360
449,1370.6170264150944,0.8724528301886793,1360
450,1370.6170264150944,0.8724528301886793,1360
451,1357.319901949189,0.8640088665402561,1346
452,1357.319901949189,0.8640088665402561,1346
453,1357.319901949189,0.8640088665402561,1346
454,1357.319901949189,0.8640088665402561,1346
455,1367.539811568241,0.8613669922123868,1356
456,1367.539811568241,0.8613669922123868,1356
457,1367.539811568241,0.8613669922123868,1356
458,1367.539811568241,0.8613669922123868,1356
459,1367.539811568241,0.8613669922123868,1356
460,1367.539811568241,0.8613669922123868,1356
461,1367.539811568241,0.8613669922123868,1356
462,1367.539811568241,0.8613669922123868,1356
463,1367.539811568241,0.8613669922123868,1356
464,1367.539811568241,0.8613669922123868,1356
465,1367.539811568241,0.8613669922123868,1356
466,1367.539811568241,0.8613669922123868,1356
467,1367.539811568241,0.8613669922123868,1356
468,1367.539811568241,0.8613669922123868,1356
469,1367.539811568241,0.8613669922123868,1356
470,1349.957297780295,0.8563515403616659,1338
471,1349.957297780295,0.8563515403616659,1338
472,1349.957297780295,0.8563515403616659,1338
473,1349.957297780295,0.8563515403616659,1338
474,1349.957297780295,0.8563515403616659,1338
475,1349.957297780295,0.8563515403616659,1338
476,1349.957297780295,0.8563515403616659,1338
477,1349.957297780295,0.8563515403616659,1338
478,1349.957297780295,0.8563515403616659,1338
479,1349.957297780295,0.8563515403616659,1338
480,1361.1986296559273,0.8534523107168751,1349
481,1361.1986296559273,0.8534523107168751,1349
482,1361.1986296559273,0.8534523107168751,1349
483,1320.3078145611198,0.8641540778337357,1309
484,1320.3078145611198,0.8641540778337357,1309
485,1320.3078145611198,0.8641540778337357,1309
486,1320.3078145611198,0.8641540778337357,1309
487,1320.3078145611198,0.8641540778337357,1309
488,1320.3078145611198,0.8641540778337357,1309
489,1320.3078145611198,0.8641540778337357,1309
490,1320.3078145611198,0.8641540778337357,1309
491,1320.3078145611198,0.8641540778337357,1309
492,1320.3078145611198,0.8641540778337357,1309
493,1320.3078145611198,0.8641540778337357,1309
494,1320.3078145611198,0.8641540778337357,1309
495,1320.3078145611198,0.8641540778337357,1309
496,1320.3078145611198,0.8641540778337357,1309
497,1320.3078145611198,0.8641540778337357,1309
498,1320.3078145611198,0.8641540778337357,1309
499,1320.3078145611198,0.8641540778337357,1309
500,1320.3078145611198,0.8641540778337357,1309
501,1320.3078145611198,0.8641540778337357,1309
502,1349.957297780295,0.8563515403616659,1338
503,1349.957297780295,0.8563515403616659,1338
504,1349.957297780295,0.8563515403616659,1338
505,1349.957297780295,0.8563515403616659,1338
506,1349.957297780295,0.8563515403616659,1338
507,1371.408661972488,0.8629425519883697,1360
508,1371.408661972488,0.8629425519883697,1360
509,1371.408661972488,0.8629425519883697,1360
510,1371.408661972488,0.8629425519883697,1360
511,1371.408661972488,0.8629425519883697,1360
512,1371.408661972488,0.8629425519883697,1360
513,1371.408661972488,0.8629425519883697,1360
514,1404.2616685189723,0.8647084512377176,1393
515,1404.2616685189723,0.8647084512377176,1393
516,1404.2616685189723,0.8647084512377176,1393
517,1404.2616685189723,0.8647084512377176,1393
518,1404.2616685189723,0.8647084512377176,1393
519,1404.2616685189723,0.8647084512377176,1393
520,1384.3258465727238,0.8519239960028385,1372
521,1384.3258465727238,0.8519239960028385,1372
522,1384.3258465727238,0.8519239960028385,1372
523,1384.3258465727238,0.8519239960028385,1372
524,1384.3258465727238,0.8519239960028385,1372
525,1376.153864073677,0.853990100027908,1364
526,1376.153864073677,0.853990100027908,1364
527,1376.153864073677,0.853990100027908,1364
528,1376.153864073677,0.853990100027908,1364
529,1376.153864073677,0.853990100027908,1364
530,1376.153864073677,0.853990100027908,1364
531,1376.153864073677,0.853990100027908,1364
532,1376.153864073677,0.853990100027908,1364
533,1400.845303338579,0.8697104356249528,1390
534,1408.529464081079,0.8735047563541709,1398
535,1408.529464081079,0.8735047563541709,1398
536,1408.529464081079,0.8735047563541709,1398
537,1408.529464081079,0.8735047563541709,1398
538,1408.529464081079,0.8735047563541709,1398
539,1371.3360657575192,0.863814683355128,1360
540,1371.3360657575192,0.863814683355128,1360
541,1371.3360657575192,0.863814683355128,1360
542,1371.3360657575192,0.863814683355128,1360
543,1371.3360657575192,0.863814683355128,1360
544,1371.3360657575192,0.863814683355128,1360
545,1371.3360657575192,0.863814683355128,1360
546,1371.3360657575192,0.863814683355128,1360
547,1373.3797581542883,0.8632897867096548,1362
548,1373.3797581542883,0.8632897867096548,1362
549,1373.3797581542883,0.8632897867096548,1362
550,1373.3797581542883,0.8632897867096548,1362
551,1373.3797581542883,0.8632897867096548,1362
552,1373.3797581542883,0.8632897867096548,1362
553,1373.3797581542883,0.8632897867096548,1362
554,1373.3797581542883,0.8632897867096548,1362
555,1373.3797581542883,0.8632897867096548,1362
556,1373.3797581542883,0.8632897867096548,1362
557,1380.201223799043,0.8774480562344673,1370
558,1380.201223799043,0.8774480562344673,1370
559,1363.0878564342631,0.8667965349079383,1352
560,1349.799450716189,0.8702612840438596,1339
561,1349.799450716189,0.8702612840438596,1339
562,1349.799450716189,0.8702612840438596,1339
563,1349.799450716189,0.8702612840438596,1339
564,1349.799450716189,0.8702612840438596,1339
565,1349.799450716189,0.8702612840438596,1339
566,1349.799450716189,0.8702612840438596,1339
567,1349.799450716189,0.8702612840438596,1339
568,1349.799450716189,0.8702612840438596,1339
569,1349.799450716189,0.8702612840438596,1339
570,1349.799450716189,0.8702612840438596,1339
571,1345.9289153074742,0.8687059669933408,1335
572,1345.9289153074742,0.8687059669933408,1335
573,1345.9289153074742,0.8687059669933408,1335
574,1345.9289153074742,0.8687059669933408,1335
575,1345.9289153074742,0.8687059669933408,1335
576,1345.9289153074742,0.8687059669933408,1335
577,1345.9289153074742,0.8687059669933408,1335
578,1345.9289153074742,0.8687059669933408,1335
579,1345.9289153074742,0.8687059669933408,1335
580,1345.9289153074742,0.8687059669933408,1335
581,1345.9289153074742,0.8687059669933408,1335
582,1345.9289153074742,0.8687059669933408,1335
583,1345.9289153074742,0.8687059669933408,1335
584,1345.9289153074742,0.8687059669933408,1335
585,1345.9289153074742,0.8687059669933408,1335
586,1345.9289153074742,0.8687059669933408,1335
587,1345.9289153074742,0.8687059669933408,1335
588,1345.9289153074742,0.8687059669933408,1335
589,1345.9289153074742,0.8687059669933408,1335
590,1345.9289153074742,0.8687059669933408,1335
591,1345.9289153074742,0.8687059669933408,1335
592,1345.9289153074742,0.8687059669933408,1335
593,1345.9289153074742,0.8687059669933408,1335
594,1345.9289153074742,0.8687059669933408,1335
595,1345.9289153074742,0.8687059669933408,1335
596,1345.9289153074742,0.8687059669933408,1335
597,1345.9289153074742,0.8687059669933408,1335
598,1345.9289153074742,0.8687059669933408,1335
599,1345.9289153074742,0.8687059669933408,1335
600,1345.9289153074742,0.8687059669933408,1335
601,1345.9289153074742,0.8687059669933408,1335
602,1345.9289153074742,0.8687059669933408,1335
603,1345.9289153074742,0.8687059669933408,1335
604,1345.9289153074742,0.8687059669933408,1335
605,1345.9289153074742,0.8687059669933408,1335
606,1345.9289153074742,0.8687059669933408,1335
607,1345.9289153074742,0.8687059669933408,1335
608,1345.9289153074742,0.8687059669933408,1335
609,1345.9289153074742,0.8687059669933408,1335
610,1345.9289153074742,0.8687059669933408,1335
611,1345.9289153074742,0.8687059669933408,1335
612,1358.3198699031154,0.8880361616636786,1349
613,1358.3198699031154,0.8880361616636786,1349
614,1358.3198699031154,0.8880361616636786,1349
615,1358.3198699031154,0.8880361616636786,1349
616,1358.3198699031154,0.8880361616636786,1349
617,1394.0895349532861,0.878789825164751,1384
618,1367.519776401954,0.8856345939217445,1358
619,1367.519776401954,0.8856345939217445,1358
620,1366.7019116855874,0.8954599749448885,1358
621,1366.7019116855874,0.8954599749448885,1358
622,1366.7019116855874,0.8954599749448885,1358
623,1366.7019116855874,0.8954599749448885,1358
624,1366.7019116855874,0.8954599749448885,1358
625,1366.7019116855874,0.8954599749448885,1358
626,1366.7019116855874,0.8954599749448885,1358
627,1366.7019116855874,0.8954599749448885,1358
628,1366.7019116855874,0.8954599749448885,1358
629,1357.50233863193,0.897857536858122,1349
630,1357.50233863193,0.897857536858122,1349
631,1357.50233863193,0.897857536858122,1349
632,1357.50233863193,0.897857536858122,1349
633,1357.50233863193,0.897857536858122,1349
634,1357.50233863193,0.897857536858122,1349
635,1357.50233863193,0.897857536858122,1349
636,1357.50233863193,0.897857536858122,1349
637,1357.50233863193,0.897857536858122,1349
638,1357.50233863193,0.897857536858122,1349
639,1357.50233863193,0.897857536858122,1349
640,1357.50233863193,0.897857536858122,1349
641,1357.50233863193,0.897857536858122,1349
642,1357.50233863193,0.897857536858122,1349
643,1357.50233863193,0.897857536858122,1349
644,1357.50233863193,0.897857536858122,1349
645,1357.50233863193,0.897857536858122,1349
646,1357.50233863193,0.897857536858122,1349
647,1357.50233863193,0.897857536858122,1349
648,1357.50233863193,0.897857536858122,1349
649,1361.8611051311614,0.8935475116390995,1353
650,1361.8611051311614,0.8935475116390995,1353
651,1350.6287539844977,0.8843253966302533,1341
652,1350.6287539844977,0.8843253966302533,1341
653,1350.6287539844977,0.8843253966302533,1341
654,1350.6287539844977,0.8843253966302533,1341
655,1350.6287539844977,0.8843253966302533,1341
656,1368.2667214116545,0.8886746586778633,1359
657,1368.2667214116545,0.8886746586778633,1359
658,1368.2667214116545,0.8886746586778633,1359
659,1368.2667214116545,0.8886746586778633,1359
660,1368.2667214116545,0.8886746586778633,1359
661,1368.2667214116545,0.8886746586778633,1359
662,1368.2667214116545,0.8886746586778633,1359
663,1368.2667214116545,0.8886746586778633,1359
664,1368.2667214116545,0.8886746586778633,1359
665,1368.2667214116545,0.8886746586778633,1359
666,1368.2667214116545,0.8886746586778633,1359
667,1368.2667214116545,0.8886746586778633,1359
668,1390.7494498858887,0.8828754218417995,1381
669,1390.7494498858887,0.8828754218417995,1381
670,1371.812287275055,0.8941339827600314,1363
671,1371.812287275055,0.8941339827600314,1363
672,1371.812287275055,0.8941339827600314,1363
673,1371.812287275055,0.8941339827600314,1363
674,1371.812287275055,0.8941339827600314,1363
675,1371.812287275055,0.8941339827600314,1363
676,1378.9661998710706,0.8922849607031409,1370
677,1378.9661998710706,0.8922849607031409,1370
678,1376.9222986689567,0.8928123658222413,1368
679,1376.9222986689567,0.8928123658222413,1368
680,1379.7871534659826,0.8944359266460526,1371
681,1379.7871534659826,0.8944359266460526,1371
682,1379.7871534659826,0.8944359266460526,1371
683,1379.7871534659826,0.8944359266460526,1371
684,1390.0055139203619,0.8918126631383732,1381
685,1390.0055139203619,0.8918126631383732,1381
686,1390.0055139203619,0.8918126631383732,1381
687,1399.2007752508978,0.8894668999171347,1390
688,1399.2007752508978,0.8894668999171347,1390
689,1397.157489005344,0.8899869172832298,1388
690,1387.5474716024057,0.8853018788754721,1378
691,1366.7433465768609,0.8709352886009037,1356
692,1366.7433465768609,0.8709352886009037,1356
693,1366.7433465768609,0.8709352886009037,1356
694,1366.7433465768609,0.8709352886009037,1356
695,1366.7433465768609,0.8709352886009037,1356
696,1366.7433465768609,0.8709352886009037,1356
697,1366.7433465768609,0.8709352886009037,1356
698,1366.7433465768609,0.8709352886009037,1356
699,1329.2118689490137,0.8653067161339042,1318
700,1329.2118689490137,0.8653067161339042,1318
701,1329.2118689490137,0.8653067161339042,1318
702,1329.2118689490137,0.8653067161339042,1318
703,1329.2118689490137,0.8653067161339042,1318
704,1329.2118689490137,0.8653067161339042,1318
705,1329.2118689490137,0.8653067161339042,1318
706,1329.2118689490137,0.8653067161339042,1318
707,1329.2118689490137,0.8653067161339042,1318
708,1329.2118689490137,0.8653067161339042,1318
709,1329.2118689490137,0.8653067161339042,1318
710,1329.2118689490137,0.8653067161339042,1318
711,1329.2118689490137,0.8653067161339042,1318
712,1337.7493444969214,0.8708632328577434,1327
713,1337.7493444969214,0.8708632328577434,1327
714,1337.7493444969214,0.8708632328577434,1327
715,1337.7493444969214,0.8708632328577434,1327
716,1337.7493444969214,0.8708632328577434,1327
717,1337.7493444969214,0.8708632328577434,1327
718,1337.7493444969214,0.8708632328577434,1327
719,1337.7493444969214,0.8708632328577434,1327
720,1341.5498079776194,0.897287266006494,1333
721,1341.5498079776194,0.897287266006494,1333
722,1341.5498079776194,0.897287266006494,1333
723,1341.5498079776194,0.897287266006494,1333
724,1341.5498079776194,0.897287266006494,1333
725,1361.9970741504055,0.8919140539355405,1353
726,1361.9970741504055,0.8919140539355405,1353
727,1371.1963610626801,0.8895199295689551,1362
728,1371.1963610626801,0.8895199295689551,1362
729,1376.306525361778,0.8881964757114597,1367
730,1384.4819540192175,0.8860889714173767,1375
731,1384.4819540192175,0.8860889714173767,1375
732,1383.460082143159,0.8863517282176963,1374
733,1383.460082143159,0.8863517282176963,1374
734,1383.460082143159,0.8863517282176963,1374
735,1383.460082143159,0.8863517282176963,1374
736,1383.460082143159,0.8863517282176963,1374
737,1383.460082143159,0.8863517282176963,1374
738,1383.460082143159,0.8863517282176963,1374
739,1357.9081002213072,0.8929829382351354,1349
740,1357.9081002213072,0.8929829382351354,1349
741,1357.9081002213072,0.8929829382351354,1349
742,1357.9081002213072,0.8929829382351354,1349
743,1350.2795935186714,0.8885200201985666,1341
744,1350.2795935186714,0.8885200201985666,1341
745,1350.2795935186714,0.8885200201985666,1341
746,1350.2795935186714,0.8885200201985666,1341
747,1350.2795935186714,0.8885200201985666,1341
748,1350.2795935186714,0.8885200201985666,1341
749,1345.167291190131,0.889869159176706,1336
750,1345.167291190131,0.889869159176706,1336
751,1345.167291190131,0.889869159176706,1336
752,1345.167291190131,0.889869159176706,1336
753,1345.167291190131,0.889869159176706,1336
754,1345.167291190131,0.889869159176706,1336
755,1345.167291190131,0.889869159176706,1336
756,1345.167291190131,0.889869159176706,1336
757,1297.2019301700984,0.8774395702775291,1287
758,1297.2019301700984,0.8774395702775291,1287
759,1297.2019301700984,0.8774395702775291,1287
760,1297.2019301700984,0.8774395702775291,1287
761,1297.2019301700984,0.8774395702775291,1287
762,1302.3182197684548,0.8760425304126038,1292
763,1302.3182197684548,0.8760425304126038,1292
764,1302.3182197684548,0.8760425304126038,1292
765,1302.3182197684548,0.8760425304126038,1292
766,1302.3182197684548,0.8760425304126038,1292
767,1312.7643199610695,0.8826967808617296,1303
768,1312.7643199610695,0.8826967808617296,1303
769,1312.7643199610695,0.8826967808617296,1303
770,1312.7643199610695,0.8826967808617296,1303
771,1331.8041105492414,0.894232213488209,1323
772,1331.8041105492414,0.894232213488209,1323
773,1326.0157088789156,0.8916901864618516,1317
774,1326.0157088789156,0.8916901864618516,1317
775,1326.0157088789156,0.8916901864618516,1317
776,1326.0157088789156,0.8916901864618516,1317
777,1326.0157088789156,0.8916901864618516,1317
778,1326.0157088789156,0.8916901864618516,1317
779,1326.0157088789156,0.8916901864618516,1317
780,1326.0157088789156,0.8916901864618516,1317
781,1326.0157088789156,0.8916901864618516,1317
782,1326.0157088789156,0.8916901864618516,1317
783,1335.2204307692307,0.8892307692307693,1326
784,1335.2204307692307,0.8892307692307693,1326
785,1335.2204307692307,0.8892307692307693,1326
786,1335.2204307692307,0.8892307692307693,1326
787,1328.5558963989772,0.8852006679603904,1319
788,1328.5558963989772,0.8852006679603904,1319
789,1315.315108300901,0.912120275097297,1308
790,1315.315108300901,0.912120275097297,1308
791,1315.315108300901,0.912120275097297,1308
792,1315.315108300901,0.912120275097297,1308
793,1315.315108300901,0.912120275097297,1308
794,1315.315108300901,0.912120275097297,1308
795,1315.315108300901,0.912120275097297,1308
796,1315.315108300901,0.912120275097297,1308
797,1315.315108300901,0.912120275097297,1308
798,1315.315108300901,0.912120275097297,1308
799,1315.315108300901,0.912120275097297,1308
800,1318.383062393359,0.9113039116607512,1311
801,1318.383062393359,0.9113039116607512,1311
802,1318.383062393359,0.9113039116607512,1311
803,1318.383062393359,0.9113039116607512,1311
804,1318.383062393359,0.9113039116607512,1311
805,1318.383062393359,0.9113039116607512,1311
806,1318.383062393359,0.9113039116607512,1311
807,1318.383062393359,0.9113039116607512,1311
808,1318.383062393359,0.9113039116607512,1311
809,1318.383062393359,0.9113039116607512,1311
810,1318.383062393359,0.9113039116607512,1311
811,1318.383062393359,0.9113039116607512,1311
812,1318.383062393359,0.9113039116607512,1311
813,1318.383062393359,0.9113039116607512,1311
814,1318.383062393359,0.9113039116607512,1311
815,1318.383062393359,0.9113039116607512,1311
816,1318.383062393359,0.9113039116607512,1311
817,1318.383062393359,0.9113039116607512,1311
818,1291.653107065754,0.8960462870524502,1283
819,1291.653107065754,0.8960462870524502,1283
820,1291.653107065754,0.8960462870524502,1283
821,1291.653107065754,0.8960462870524502,1283
822,1291.653107065754,0.8960462870524502,1283
823,1291.653107065754,0.8960462870524502,1283
824,1261.7195571822608,0.8592076263543862,1250
825,1261.7195571822608,0.8592076263543862,1250
826,1268.884751320788,0.857223073993418,1257
827,1268.884751320788,0.857223073993418,1257
828,1268.884751320788,0.857223073993418,1257
829,1268.884751320788,0.857223073993418,1257
830,1268.884751320788,0.857223073993418,1257
831,1268.884751320788,0.857223073993418,1257
832,1295.487267978581,0.8499847671962862,1283
833,1295.487267978581,0.8499847671962862,1283
834,1295.487267978581,0.8499847671962862,1283
835,1295.487267978581,0.8499847671962862,1283
836,1295.487267978581,0.8499847671962862,1283
837,1295.487267978581,0.8499847671962862,1283
838,1295.487267978581,0.8499847671962862,1283
839,1295.487267978581,0.8499847671962862,1283
840,1295.487267978581,0.8499847671962862,1283
841,1295.487267978581,0.8499847671962862,1283
842,1295.487267978581,0.8499847671962862,1283
843,1295.487267978581,0.8499847671962862,1283
844,1295.487267978581,0.8499847671962862,1283
845,1295.487267978581,0.8499847671962862,1283
846,1295.487267978581,0.8499847671962862,1283
847,1295.487267978581,0.8499847671962862,1283
848,1295.487267978581,0.8499847671962862,1283
849,1295.487267978581,0.8499847671962862,1283
850,1295.487267978581,0.8499847671962862,1283
851,1308.781991291727,0.8464441219158201,1296
852,1308.781991291727,0.8464441219158201,1296
853,1308.781991291727,0.8464441219158201,1296
854,1308.781991291727,0.8464441219158201,1296
855,1308.781991291727,0.8464441219158201,1296
856,1308.781991291727,0.8464441219158201,1296
857,1308.781991291727,0.8464441219158201,1296
858,1308.781991291727,0.8464441219158201,1296
859,1308.781991291727,0.8464441219158201,1296
860,1308.781991291727,0.8464441219158201,1296
861,1264.7905091821617,0.858355247691475,1253
862,1264.7905091821617,0.858355247691475,1253
863,1264.7905091821617,0.858355247691475,1253
864,1264.7905091821617,0.858355247691475,1253
865,1264.7905091821617,0.858355247691475,1253
866,1264.7905091821617,0.858355247691475,1253
867,1264.7905091821617,0.858355247691475,1253
868,1264.7905091821617,0.858355247691475,1253
869,1264.7905091821617,0.858355247691475,1253
870,1264.7905091821617,0.858355247691475,1253
871,1264.7905091821617,0.858355247691475,1253
872,1264.7905091821617,0.858355247691475,1253
873,1270.9317177807347,0.8566588445370658,1259
874,1302.646505705794,0.8480717719150185,1290
875,1302.646505705794,0.8480717719150185,1290
876,1302.646505705794,0.8480717719150185,1290
877,1302.646505705794,0.8480717719150185,1290
878,1291.3957080558107,0.8510847182146711,1279
879,1291.3957080558107,0.8510847182146711,1279
880,1291.3957080558107,0.8510847182146711,1279
881,1319.7839554464147,0.8704474357710873,1309
882,1319.7839554464147,0.8704474357710873,1309
883,1319.7839554464147,0.8704474357710873,1309
884,1319.7839554464147,0.8704474357710873,1309
885,1319.7839554464147,0.8704474357710873,1309
886,1319.7839554464147,0.8704474357710873,1309
887,1319.7839554464147,0.8704474357710873,1309
888,1319.7839554464147,0.8704474357710873,1309
889,1319.7839554464147,0.8704474357710873,1309
890,1319.7839554464147,0.8704474357710873,1309
891,1319.7839554464147,0.8704474357710873,1309
892,1319.7839554464147,0.8704474357710873,1309
893,1319.7839554464147,0.8704474357710873,1309
894,1319.7839554464147,0.8704474357710873,1309
895,1319.7839554464147,0.8704474357710873,1309
896,1319.7839554464147,0.8704474357710873,1309
897,1319.7839554464147,0.8704474357710873,1309
898,1319.7839554464147,0.8704474357710873,1309
899,1315.3449667096722,0.8637077521663602,1304
900,1315.3449667096722,0.8637077521663602,1304
901,1315.3449667096722,0.8637077521663602,1304
902,1315.3449667096722,0.8637077521663602,1304
903,1315.3449667096722,0.8637077521663602,1304
904,1315.3449667096722,0.8637077521663602,1304
905,1315.3449667096722,0.8637077521663602,1304
906,1315.3449667096722,0.8637077521663602,1304
907,1315.3449667096722,0.8637077521663602,1304
908,1315.3449667096722,0.8637077521663602,1304
909,1315.3449667096722,0.8637077521663602,1304
910,1313.2993124713223,0.8642562173075158,1302
911,1313.2993124713223,0.8642562173075158,1302
912,1313.2993124713223,0.8642562173075158,1302
913,1313.2993124713223,0.8642562173075158,1302
914,1313.2993124713223,0.8642562173075158,1302
915,1313.2993124713223,0.8642562173075158,1302
916,1313.2993124713223,0.8642562173075158,1302
917,1313.2993124713223,0.8642562173075158,1302
918,1313.2993124713223,0.8642562173075158,1302
919,1313.2993124713223,0.8642562173075158,1302
920,1313.2993124713223,0.8642562173075158,1302
921,1316.3677594750723,0.8634339323033118,1305
922,1316.3677594750723,0.8634339323033118,1305
923,1316.3677594750723,0.8634339323033118,1305
924,1316.3677594750723,0.8634339323033118,1305
925,1316.3677594750723,0.8634339323033118,1305
926,1316.3677594750723,0.8634339323033118,1305
927,1316.3677594750723,0.8634339323033118,1305
928,1316.3677594750723,0.8634339323033118,1305
929,1316.3677594750723,0.8634339323033118,1305
930,1316.3677594750723,0.8634339323033118,1305
931,1316.3677594750723,0.8634339323033118,1305
932,1316.3677594750723,0.8634339323033118,1305
933,1316.3677594750723,0.8634339323033118,1305
934,1316.3677594750723,0.8634339323033118,1305
935,1316.3677594750723,0.8634339323033118,1305
936,1316.3677594750723,0.8634339323033118,1305
937,1316.3677594750723,0.8634339323033118,1305
938,1316.3677594750723,0.8634339323033118,1305
939,1316.3677594750723,0.8634339323033118,1305
940,1316.3677594750723,0.8634339323033118,1305
941,1316.3677594750723,0.8634339323033118,1305
942,1316.3677594750723,0.8634339323033118,1305
943,1316.3677594750723,0.8634339323033118,1305
944,1316.3677594750723,0.8634339323033118,1305
945,1316.3677594750723,0.8634339323033118,1305
946,1316.3677594750723,0.8634339323033118,1305
947,1316.3677594750723,0.8634339323033118,1305
948,1296.5100935134333,0.8497105536588986,1284
949,1296.5100935134333,0.8497105536588986,1284
950,1296.5100935134333,0.8497105536588986,1284
951,1296.5100935134333,0.8497105536588986,1284
952,1296.5100935134333,0.8497105536588986,1284
953,1296.5100935134333,0.8497105536588986,1284
954,1296.5100935134333,0.8497105536588986,1284
955,1296.5100935134333,0.8497105536588986,1284
956,1296.5100935134333,0.8497105536588986,1284
957,1296.5100935134333,0.8497105536588986,1284
958,1296.5100935134333,0.8497105536588986,1284
959,1296.5100935134333,0.8497105536588986,1284
960,1296.5100935134333,0.8497105536588986,1284
961,1296.5100935134333,0.8497105536588986,1284
962,1296.5100935134333,0.8497105536588986,1284
963,1296.5100935134333,0.8497105536588986,1284
964,1296.5100935134333,0.8497105536588986,1284
965,1296.5100935134333,0.8497105536588986,1284
966,1296.5100935134333,0.8497105536588986,1284
967,1296.5100935134333,0.8497105536588986,1284
968,1296.5100935134333,0.8497105536588986,1284
969,1296.5100935134333,0.8497105536588986,1284
970,1296.5100935134333,0.8497105536588986,1284
971,1296.5100935134333,0.8497105536588986,1284
972,1296.5100935134333,0.8497105536588986,1284
973,1296.5100935134333,0.8497105536588986,1284
974,1296.5100935134333,0.8497105536588986,1284
975,1296.5100935134333,0.8497105536588986,1284
976,1296.5100935134333,0.8497105536588986,1284
977,1296.5100935134333,0.8497105536588986,1284
978,1296.5100935134333,0.8497105536588986,1284
979,1296.5100935134333,0.8497105536588986,1284
980,1296.5100935134333,0.8497105536588986,1284
981,1296.5100935134333,0.8497105536588986,1284
982,1296.5100935134333,0.8497105536588986,1284
983,1296.5100935134333,0.8497105536588986,1284
984,1296.5100935134333,0.8497105536588986,1284
985,1296.5100935134333,0.8497105536588986,1284
986,1296.5100935134333,0.8497105536588986,1284
987,1296.5100935134333,0.8497105536588986,1284
988,1296.5100935134333,0.8497105536588986,1284
989,1296.5100935134333,0.8497105536588986,1284
990,1296.5100935134333,0.8497105536588986,1284
991,1296.5100935134333,0.8497105536588986,1284
992,1296.5100935134333,0.8497105536588986,1284
993,1296.5100935134333,0.8497105536588986,1284
994,1296.5100935134333,0.8497105536588986,1284
995,1296.5100935134333,0.8497105536588986,1284
996,1296.5100935134333,0.8497105536588986,1284
997,1296.5100935134333,0.8497105536588986,1284
998,1296.5100935134333,0.8497105536588986,1284
999,1296.5100935134333,0.8497105536588986,1284
1000,1296.5100935134333,0.8497105536588986,1284
1001,1296.5100935134333,0.8497105536588986,1284
1002,1296.5100935134333,0.8497105536588986,1284
1003,1296.5100935134333,0.8497105536588986,1284
1004,1296.5100935134333,0.8497105536588986,1284
1005,1296.5100935134333,0.8497105536588986,1284
1006,1296.5100935134333,0.8497105536588986,1284
1007,1296.5100935134333,0.8497105536588986,1284
1008,1296.5100935134333,0.8497105536588986,1284
1009,1296.5100935134333,0.8497105536588986,1284
1010,1296.5100935134333,0.8497105536588986,1284
1011,1296.5100935134333,0.8497105536588986,1284
1012,1296.5100935134333,0.8497105536588986,1284
1013,1301.6238347222888,0.8483441287567409,1289
1014,1301.6238347222888,0.8483441287567409,1289
1015,1301.6238347222888,0.8483441287567409,1289
1016,1301.6238347222888,0.8483441287567409,1289
1017,1301.6238347222888,0.8483441287567409,1289
1018,1301.6238347222888,0.8483441287567409,1289
1019,1301.6238347222888,0.8483441287567409,1289
1020,1301.6238347222888,0.8483441287567409,1289
1021,1327.182904573053,0.8416277682237743,1314
1022,1327.182904573053,0.8416277682237743,1314
1023,1327.182904573053,0.8416277682237743,1314
1024,1327.182904573053,0.8416277682237743,1314
1025,1327.182904573053,0.8416277682237743,1314
1026,1333.3147014718134,0.8400444321021938,1320
1027,1333.3147014718134,0.8400444321021938,1320
1028,1333.3147014718134,0.8400444321021938,1320
1029,1333.3147014718134,0.8400444321021938,1320
1030,1333.3147014718134,0.8400444321021938,1320
1031,1333.3147014718134,0.8400444321021938,1320
1032,1333.3147014718134,0.8400444321021938,1320
1033,1329.2269388452871,0.841098764472764,1316
1034,1329.2269388452871,0.841098764472764,1316
1035,1329.2269388452871,0.841098764472764,1316
1036,1329.2269388452871,0.841098764472764,1316
1037,1329.2269388452871,0.841098764472764,1316
1038,1329.2269388452871,0.841098764472764,1316
1039,1329.2269388452871,0.841098764472764,1316
1040,1329.2269388452871,0.841098764472764,1316
1041,1329.2269388452871,0.841098764472764,1316
1042,1329.2269388452871,0.841098764472764,1316
1043,1329.2269388452871,0.841098764472764,1316
1044,1329.2269388452871,0.841098764472764,1316
1045,1329.2269388452871,0.841098764472764,1316
1046,1329.2269388452871,0.841098764472764,1316
1047,1329.2269388452871,0.841098764472764,1316
1048,1351.7046067528977,0.8353603225264572,1338
1049,1351.7046067528977,0.8353603225264572,1338
1050,1351.7046067528977,0.8353603225264572,1338
1051,1351.7046067528977,0.8353603225264572,1338
1052,1351.7046067528977,0.8353603225264572,1338
1053,1351.7046067528977,0.8353603225264572,1338
1054,1351.7046067528977,0.8353603225264572,1338
1055,1351.7046067528977,0.8353603225264572,1338
1056,1351.7046067528977,0.8353603225264572,1338
1057,1351.7046067528977,0.8353603225264572,1338
1058,1351.7046067528977,0.8353603225264572,1338
1059,1351.7046067528977,0.8353603225264572,1338
1060,1351.7046067528977,0.8353603225264572,1338
1061,1351.7046067528977,0.8353603225264572,1338
1062,1351.7046067528977,0.8353603225264572,1338
1063,1351.7046067528977,0.8353603225264572,1338
1064,1351.7046067528977,0.8353603225264572,1338
1065,1350.6831602763252,0.835617968809163,1337
1066,1350.6831602763252,0.835617968809163,1337
1067,1350.6831602763252,0.835617968809163,1337
1068,1332.9558833049846,0.8563685330972527,1321
1069,1332.9558833049846,0.8563685330972527,1321
1070,1332.9558833049846,0.8563685330972527,1321
1071,1332.9558833049846,0.8563685330972527,1321
1072,1332.9558833049846,0.8563685330972527,1321
1073,1332.9558833049846,0.8563685330972527,1321
1074,1332.9558833049846,0.8563685330972527,1321
1075,1332.9558833049846,0.8563685330972527,1321
1076,1342.156078014869,0.8539635029448682,1330
1077,1342.156078014869,0.8539635029448682,1330
1078,1342.156078014869,0.8539635029448682,1330
1079,1342.156078014869,0.8539635029448682,1330
1080,1342.156078014869,0.8539635029448682,1330
1081,1342.156078014869,0.8539635029448682,1330
1082,1342.156078014869,0.8539635029448682,1330
1083,1342.156078014869,0.8539635029448682,1330
1084,1342.156078014869,0.8539635029448682,1330
1085,1342.156078014869,0.8539635029448682,1330
1086,1342.156078014869,0.8539635029448682,1330
1087,1342.156078014869,0.8539635029448682,1330
1088,1342.156078014869,0.8539635029448682,1330
1089,1342.156078014869,0.8539635029448682,1330
1090,1342.156078014869,0.8539635029448682,1330
1091,1342.156078014869,0.8539635029448682,1330
1092,1319.663359629442,0.8598827531302019,1308
1093,1319.663359629442,0.8598827531302019,1308
1094,1319.663359629442,0.8598827531302019,1308
1095,1319.663359629442,0.8598827531302019,1308
1096,1319.663359629442,0.8598827531302019,1308
1097,1319.663359629442,0.8598827531302019,1308
1098,1319.663359629442,0.8598827531302019,1308
1099,1310.45852670892,0.862343504217682,1299
1100,1310.45852670892,0.862343504217682,1299
1101,1310.45852670892,0.862343504217682,1299
1102,1310.45852670892,0.862343504217682,1299
1103,1310.45852670892,0.862343504217682,1299
1104,1310.45852670892,0.862343504217682,1299
1105,1310.45852670892,0.862343504217682,1299
1106,1310.45852670892,0.862343504217682,1299
1107,1310.45852670892,0.862343504217682,1299
1108,1310.45852670892,0.862343504217682,1299
1109,1310.45852670892,0.862343504217682,1299
1110,1310.45852670892,0.862343504217682,1299
1111,1310.45852670892,0.862343504217682,1299
1112,1310.45852670892,0.862343504217682,1299
1113,1287.94989245571,0.8684539589655212,1277
1114,1287.94989245571,0.8684539589655212,1277
1115,1287.94989245571,0.8684539589655212,1277
1116,1287.94989245571,0.8684539589655212,1277
1117,1287.94989245571,0.8684539589655212,1277
1118,1287.94989245571,0.8684539589655212,1277
1119,1278.7385970721052,0.8709923465628874,1268
1120,1278.7385970721052,0.8709923465628874,1268
1121,1278.7385970721052,0.8709923465628874,1268
1122,1278.7385970721052,0.8709923465628874,1268
1123,1278.7385970721052,0.8709923465628874,1268
1124,1296.136147409836,0.8662163934426229,1285
1125,1297.1593253437998,0.8659379463743407,1286
1126,1297.1593253437998,0.8659379463743407,1286
1127,1300.9476379987725,0.8684810427826465,1290
1128,1300.9476379987725,0.8684810427826465,1290
1129,1300.9476379987725,0.8684810427826465,1290
1130,1300.9476379987725,0.8684810427826465,1290
1131,1300.9476379987725,0.8684810427826465,1290
1132,1300.9476379987725,0.8684810427826465,1290
1133,1300.0003338469494,0.867847983578215,1289
1134,1300.0003338469494,0.867847983578215,1289
1135,1300.0003338469494,0.867847983578215,1289
1136,1300.0003338469494,0.867847983578215,1289
1137,1300.0003338469494,0.867847983578215,1289
1138,1300.0003338469494,0.867847983578215,1289
1139,1300.0003338469494,0.867847983578215,1289
1140,1300.0003338469494,0.867847983578215,1289
1141,1300.0003338469494,0.867847983578215,1289
1142,1300.0003338469494,0.867847983578215,1289
1143,1300.0003338469494,0.867847983578215,1289
1144,1300.0003338469494,0.867847983578215,1289
1145,1300.0003338469494,0.867847983578215,1289
1146,1300.0003338469494,0.867847983578215,1289
1147,1300.0003338469494,0.867847983578215,1289
1148,1300.0003338469494,0.867847983578215,1289
1149,1300.0003338469494,0.867847983578215,1289
1150,1300.0003338469494,0.867847983578215,1289
1151,1300.0003338469494,0.867847983578215,1289
1152,1300.0003338469494,0.867847983578215,1289
1153,1300.0003338469494,0.867847983578215,1289
1154,1300.0003338469494,0.867847983578215,1289
1155,1300.0003338469494,0.867847983578215,1289
1156,1300.0003338469494,0.867847983578215,1289
1157,1315.3449667096722,0.8637077521663602,1304
1158,1312.276451022716,0.8645308622931762,1301
1159,1312.276451022716,0.8645308622931762,1301
1160,1312.276451022716,0.8645308622931762,1301
1161,1317.3905293223402,0.8631603877662147,1306
1162,1317.3905293223402,0.8631603877662147,1306
1163,1317.3905293223402,0.8631603877662147,1306
1164,1317.3905293223402,0.8631603877662147,1306
1165,1317.3905293223402,0.8631603877662147,1306
1166,1317.3905293223402,0.8631603877662147,1306
1167,1317.3905293223402,0.8631603877662147,1306
1168,1317.3905293223402,0.8631603877662147,1306
1169,1317.3905293223402,0.8631603877662147,1306
1170,1317.3905293223402,0.8631603877662147,1306
1171,1317.3905293223402,0.8631603877662147,1306
1172,1317.3905293223402,0.8631603877662147,1306
1173,1317.3905293223402,0.8631603877662147,1306
1174,1317.3905293223402,0.8631603877662147,1306
1175,1310.2306595302912,0.8650809763299958,1299
1176,1327.6169649972476,0.860440112959544,1316
1177,1327.6169649972476,0.860440112959544,1316
1178,1327.6169649972476,0.860440112959544,1316
1179,1327.6169649972476,0.860440112959544,1316
1180,1327.6169649972476,0.860440112959544,1316
1181,1327.6169649972476,0.860440112959544,1316
1182,1327.6169649972476,0.860440112959544,1316
1183,1337.841098681091,0.8577474930190899,1326
1184,1337.841098681091,0.8577474930190899,1326
1185,1337.841098681091,0.8577474930190899,1326
1186,1354.9107898519353,0.868923716339077,1344
1187,1354.9107898519353,0.868923716339077,1344
1188,1354.9107898519353,0.868923716339077,1344
1189,1352.062712099777,0.867098605240546,1341
1190,1352.062712099777,0.867098605240546,1341
1191,1352.062712099777,0.867098605240546,1341
1192,1352.062712099777,0.867098605240546,1341
1193,1340.8168404443272,0.8700523733261981,1330
1194,1344.6148899618368,0.8724784963738983,1334
1195,1344.6148899618368,0.8724784963738983,1334
1196,1344.6148899618368,0.8724784963738983,1334
1197,1344.6148899618368,0.8724784963738983,1334
1198,1344.6148899618368,0.8724784963738983,1334
1199,1344.6148899618368,0.8724784963738983,1334
1200,1344.6148899618368,0.8724784963738983,1334
1201,1344.6148899618368,0.8724784963738983,1334
1202,1344.6148899618368,0.8724784963738983,1334
1203,1347.6820995953651,0.8716710764612544,1337
1204,1347.6820995953651,0.8716710764612544,1337
1205,1347.6820995953651,0.8716710764612544,1337
1206,1347.6820995953651,0.8716710764612544,1337
1207,1353.8159679113946,0.8700628554613823,1343
1208,1353.8159679113946,0.8700628554613823,1343
1209,1353.8159679113946,0.8700628554613823,1343
1210,1356.8332013387394,0.8818692775259568,1347
1211,1356.8332013387394,0.8818692775259568,1347
1212,1356.8332013387394,0.8818692775259568,1347
1213,1356.8332013387394,0.8818692775259568,1347
1214,1356.8332013387394,0.8818692775259568,1347
1215,1356.8332013387394,0.8818692775259568,1347
1216,1356.8332013387394,0.8818692775259568,1347
1217,1356.8332013387394,0.8818692775259568,1347
1218,1356.8332013387394,0.8818692775259568,1347
1219,1356.8332013387394,0.8818692775259568,1347
1220,1356.8332013387394,0.8818692775259568,1347
1221,1356.8332013387394,0.8818692775259568,1347
1222,1356.8332013387394,0.8818692775259568,1347
1223,1356.8332013387394,0.8818692775259568,1347
1224,1356.8332013387394,0.8818692775259568,1347
1225,1356.8332013387394,0.8818692775259568,1347
1226,1360.9222709860487,0.8807992433199338,1351
1227,1360.9222709860487,0.8807992433199338,1351
1228,1360.9222709860487,0.8807992433199338,1351
1229,1360.9222709860487,0.8807992433199338,1351
1230,1360.9222709860487,0.8807992433199338,1351
1231,1360.9222709860487,0.8807992433199338,1351
1232,1360.9222709860487,0.8807992433199338,1351
1233,1360.9222709860487,0.8807992433199338,1351
1234,1360.9222709860487,0.8807992433199338,1351
1235,1360.9222709860487,0.8807992433199338,1351
1236,1349.6766383239262,0.8837501402699878,1340
1237,1349.6766383239262,0.8837501402699878,1340
1238,1349.6766383239262,0.8837501402699878,1340
1239,1349.6766383239262,0.8837501402699878,1340
1240,1349.6766383239262,0.8837501402699878,1340
1241,1349.6766383239262,0.8837501402699878,1340
1242,1349.6766383239262,0.8837501402699878,1340
1243,1349.6766383239262,0.8837501402699878,1340
1244,1352.5334155286023,0.885470740886566,1343
1245,1352.5334155286023,0.885470740886566,1343
1246,1352.5334155286023,0.885470740886566,1343
1247,1352.5334155286023,0.885470740886566,1343
1248,1352.5334155286023,0.885470740886566,1343
1249,1357.2975751519857,0.8883039986546656,1348
1250,1357.2975751519857,0.8883039986546656,1348
1251,1357.2975751519857,0.8883039986546656,1348
1252,1357.2975751519857,0.8883039986546656,1348
1253,1356.749893408085,0.8948835486774999,1348
1254,1356.749893408085,0.8948835486774999,1348
1255,1356.749893408085,0.8948835486774999,1348
1256,1356.749893408085,0.8948835486774999,1348
1257,1356.749893408085,0.8948835486774999,1348
1258,1356.749893408085,0.8948835486774999,1348
1259,1356.749893408085,0.8948835486774999,1348
1260,1357.704451381228,0.8954294644254208,1349
1261,1357.704451381228,0.8954294644254208,1349
1262,1357.704451381228,0.8954294644254208,1349
1263,1357.704451381228,0.8954294644254208,1349
1264,1360.5689893348672,0.8970568316330236,1352
1265,1360.5689893348672,0.8970568316330236,1352
1266,1360.5689893348672,0.8970568316330236,1352
1267,1361.5241229581584,0.8975958318337519,1353
1268,1361.5241229581584,0.8975958318337519,1353
1269,1361.5241229581584,0.8975958318337519,1353
1270,1348.1653728033386,0.8898922056302432,1339
1271,1348.1653728033386,0.8898922056302432,1339
1272,1348.1653728033386,0.8898922056302432,1339
1273,1348.1653728033386,0.8898922056302432,1339
1274,1348.1653728033386,0.8898922056302432,1339
1275,1348.1653728033386,0.8898922056302432,1339
1276,1348.1653728033386,0.8898922056302432,1339
1277,1348.1653728033386,0.8898922056302432,1339
1278,1348.1653728033386,0.8898922056302432,1339
1279,1348.1653728033386,0.8898922056302432,1339
1280,1340.544552599148,0.8853369461899588,1331
1281,1340.544552599148,0.8853369461899588,1331
1282,1338.640804144169,0.8841806325784616,1329
1283,1338.640804144169,0.8841806325784616,1329
1284,1369.4949891174397,0.8859323748505564,1360
1285,1370.5170853602442,0.8856669226304148,1361
1286,1370.5170853602442,0.8856669226304148,1361
1287,1370.5170853602442,0.8856669226304148,1361
1288,1370.5170853602442,0.8856669226304148,1361
1289,1370.5170853602442,0.8856669226304148,1361
1290,1370.5170853602442,0.8856669226304148,1361
1291,1370.5170853602442,0.8856669226304148,1361
1292,1370.5170853602442,0.8856669226304148,1361
1293,1370.5170853602442,0.8856669226304148,1361
1294,1370.5170853602442,0.8856669226304148,1361
1295,1370.5170853602442,0.8856669226304148,1361
1296,1370.5170853602442,0.8856669226304148,1361
1297,1370.5170853602442,0.8856669226304148,1361
1298,1372.9469705198264,0.8684890615109759,1362
1299,1372.9469705198264,0.8684890615109759,1362
1300,1372.9469705198264,0.8684890615109759,1362
1301,1372.9469705198264,0.8684890615109759,1362
1302,1372.9469705198264,0.8684890615109759,1362
1303,1370.0970911650563,0.8666855938844752,1359
1304,1370.0970911650563,0.8666855938844752,1359
1305,1376.2283287072848,0.8651089775674569,1365
1306,1376.2283287072848,0.8651089775674569,1365
1307,1376.2283287072848,0.8651089775674569,1365
1308,1376.2283287072848,0.8651089775674569,1365
1309,1382.2868906088324,0.8644054467944208,1371
1310,1382.2868906088324,0.8644054467944208,1371
1311,1382.2868906088324,0.8644054467944208,1371
1312,1402.2624657534247,0.8767123287671232,1392
1313,1402.2624657534247,0.8767123287671232,1392
1314,1402.2624657534247,0.8767123287671232,1392
1315,1402.2624657534247,0.8767123287671232,1392
1316,1402.2624657534247,0.8767123287671232,1392
1317,1402.2624657534247,0.8767123287671232,1392
1318,1402.2624657534247,0.8767123287671232,1392
1319,1402.2624657534247,0.8767123287671232,1392
1320,1402.2624657534247,0.8767123287671232,1392
1321,1402.2624657534247,0.8767123287671232,1392
1322,1387.0377028614362,0.8673990526016804,1376
1323,1387.0377028614362,0.8673990526016804,1376
1324,1393.6943857289318,0.8715234775476728,1383
1325,1393.6943857289318,0.8715234775476728,1383
1326,1393.6943857289318,0.8715234775476728,1383
1327,1393.6943857289318,0.8715234775476728,1383
1328,1393.6943857289318,0.8715234775476728,1383
1329,1404.1679300481198,0.877848029215282,1394
1330,1404.1679300481198,0.877848029215282,1394
1331,1404.1679300481198,0.877848029215282,1394
1332,1361.2487449644716,0.8888906179184084,1352
1333,1361.2487449644716,0.8888906179184084,1352
1334,1361.2487449644716,0.8888906179184084,1352
1335,1361.2487449644716,0.8888906179184084,1352
1336,1361.2487449644716,0.8888906179184084,1352
1337,1361.2487449644716,0.8888906179184084,1352
1338,1361.2487449644716,0.8888906179184084,1352
1339,1362.2709734423922,0.8886235770976433,1353
1340,1362.2709734423922,0.8886235770976433,1353
1341,1348.3739087628994,0.8873869682496474,1339
1342,1348.3739087628994,0.8873869682496474,1339
1343,1348.3739087628994,0.8873869682496474,1339
1344,1348.3739087628994,0.8873869682496474,1339
1345,1348.3739087628994,0.8873869682496474,1339
1346,1348.3739087628994,0.8873869682496474,1339
1347,1348.3739087628994,0.8873869682496474,1339
1348,1348.3739087628994,0.8873869682496474,1339
1349,1348.3739087628994,0.8873869682496474,1339
1350,1348.3739087628994,0.8873869682496474,1339
1351,1348.3739087628994,0.8873869682496474,1339
1352,1348.3739087628994,0.8873869682496474,1339
1353,1337.5301415607698,0.8734966174823433,1327
1354,1337.5301415607698,0.8734966174823433,1327
1355,1337.5301415607698,0.8734966174823433,1327
1356,1334.681660911767,0.8716763465669505,1324
1357,1334.681660911767,0.8716763465669505,1324
1358,1334.681660911767,0.8716763465669505,1324
1359,1334.681660911767,0.8716763465669505,1324
1360,1334.681660911767,0.8716763465669505,1324
1361,1338.4799226011103,0.8740999206978588,1328
1362,1338.4799226011103,0.8740999206978588,1328
1363,1338.4799226011103,0.8740999206978588,1328
1364,1338.4799226011103,0.8740999206978588,1328
1365,1338.4799226011103,0.8740999206978588,1328
1366,1338.4799226011103,0.8740999206978588,1328
1367,1338.4799226011103,0.8740999206978588,1328
1368,1338.4799226011103,0.8740999206978588,1328
1369,1339.5024677603046,0.8738290754408375,1329
1370,1339.5024677603046,0.8738290754408375,1329
1371,1339.5024677603046,0.8738290754408375,1329
1372,1339.5024677603046,0.8738290754408375,1329
1373,1339.5024677603046,0.8738290754408375,1329
1374,1339.5024677603046,0.8738290754408375,1329
1375,1339.5024677603046,0.8738290754408375,1329
1376,1339.5024677603046,0.8738290754408375,1329
1377,1338.4799226011103,0.8740999206978588,1328
1378,1338.4799226011103,0.8740999206978588,1328
1379,1338.4799226011103,0.8740999206978588,1328
1380,1338.4799226011103,0.8740999206978588,1328
1381,1338.4799226011103,0.8740999206978588,1328
1382,1338.4799226011103,0.8740999206978588,1328
1383,1338.4799226011103,0.8740999206978588,1328
1384,1338.4799226011103,0.8740999206978588,1328
1385,1338.4799226011103,0.8740999206978588,1328
1386,1338.4799226011103,0.8740999206978588,1328
1387,1338.4799226011103,0.8740999206978588,1328
1388,1338.4799226011103,0.8740999206978588,1328
1389,1338.4799226011103,0.8740999206978588,1328
1390,1338.4799226011103,0.8740999206978588,1328
1391,1350.7491257585398,0.8708658606614623,1340
1392,1350.7491257585398,0.8708658606614623,1340
1393,1350.7491257585398,0.8708658606614623,1340
1394,1350.7491257585398,0.8708658606614623,1340
1395,1350.7491257585398,0.8708658606614623,1340
1396,1350.7491257585398,0.8708658606614623,1340
1397,1350.7491257585398,0.8708658606614623,1340
1398,1350.7491257585398,0.8708658606614623,1340
1399,1350.7491257585398,0.8708658606614623,1340
1400,1353.5989920544528,0.8726694851699569,1343
1401,1353.5989920544528,0.8726694851699569,1343
1402,1353.5989920544528,0.8726694851699569,1343
1403,1353.5989920544528,0.8726694851699569,1343
1404,1353.5989920544528,0.8726694851699569,1343
1405,1353.5989920544528,0.8726694851699569,1343
1406,1353.5989920544528,0.8726694851699569,1343
1407,1353.5989920544528,0.8726694851699569,1343
1408,1353.5989920544528,0.8726694851699569,1343
1409,1353.5989920544528,0.8726694851699569,1343
1410,1353.5989920544528,0.8726694851699569,1343
1411,1353.5989920544528,0.8726694851699569,1343
1412,1353.5989920544528,0.8726694851699569,1343
1413,1353.5989920544528,0.8726694851699569,1343
1414,1353.5989920544528,0.8726694851699569,1343
1415,1353.5989920544528,0.8726694851699569,1343
1416,1353.5989920544528,0.8726694851699569,1343
1417,1353.5989920544528,0.8726694851699569,1343
1418,1353.5989920544528,0.8726694851699569,1343
1419,1353.5989920544528,0.8726694851699569,1343
1420,1353.5989920544528,0.8726694851699569,1343
1421,1353.5989920544528,0.8726694851699569,1343
1422,1353.5989920544528,0.8726694851699569,1343
1423,1353.5989920544528,0.8726694851699569,1343
1424,1353.5989920544528,0.8726694851699569,1343
1425,1359.302505602234,0.8762313118424537,1349
1426,1359.302505602234,0.8762313118424537,1349
1427,1359.302505602234,0.8762313118424537,1349
1428,1359.302505602234,0.8762313118424537,1349
1429,1359.302505602234,0.8762313118424537,1349
1430,1359.302505602234,0.8762313118424537,1349
1431,1359.302505602234,0.8762313118424537,1349
1432,1359.302505602234,0.8762313118424537,1349
1433,1359.302505602234,0.8762313118424537,1349
1434,1359.302505602234,0.8762313118424537,1349
1435,1364.556032105591,0.8731855825854031,1354
1436,1364.556032105591,0.8731855825854031,1354
1437,1364.556032105591,0.8731855825854031,1354
1438,1364.556032105591,0.8731855825854031,1354
1439,1364.556032105591,0.8731855825854031,1354
1440,1364.556032105591,0.8731855825854031,1354
1441,1348.1997604208125,0.8774656364630897,1338
1442,1348.1997604208125,0.8774656364630897,1338
1443,1348.1997604208125,0.8774656364630897,1338
1444,1348.1997604208125,0.8774656364630897,1338
1445,1344.3976116114895,0.8750887600734077,1334
1446,1344.3976116114895,0.8750887600734077,1334
1447,1344.3976116114895,0.8750887600734077,1334
1448,1344.3976116114895,0.8750887600734077,1334
1449,1344.3976116114895,0.8750887600734077,1334
1450,1344.3976116114895,0.8750887600734077,1334
1451,1344.3976116114895,0.8750887600734077,1334
1452,1344.3976116114895,0.8750887600734077,1334
1453,1344.3976116114895,0.8750887600734077,1334
1454,1344.3976116114895,0.8750887600734077,1334
1455,1344.3976116114895,0.8750887600734077,1334
1456,1350.532044559031,0.8734737558982342,1340
1457,1350.532044559031,0.8734737558982342,1340
1458,1350.532044559031,0.8734737558982342,1340
1459,1364.8007645179116,0.8822589558155739,1355
1460,1364.8007645179116,0.8822589558155739,1355
1461,1364.8007645179116,0.8822589558155739,1355
1462,1364.8007645179116,0.8822589558155739,1355
1463,1364.8007645179116,0.8822589558155739,1355
1464,1364.8007645179116,0.8822589558155739,1355
1465,1364.8007645179116,0.8822589558155739,1355
1466,1364.8007645179116,0.8822589558155739,1355
1467,1364.8007645179116,0.8822589558155739,1355
1468,1364.8007645179116,0.8822589558155739,1355
1469,1364.8007645179116,0.8822589558155739,1355
1470,1364.8007645179116,0.8822589558155739,1355
1471,1364.8007645179116,0.8822589558155739,1355
1472,1364.8007645179116,0.8822589558155739,1355
1473,1364.8007645179116,0.8822589558155739,1355
1474,1391.634598254383,0.8842551867565711,1382
1475,1391.634598254383,0.8842551867565711,1382
1476,1391.634598254383,0.8842551867565711,1382
1477,1391.634598254383,0.8842551867565711,1382
1478,1391.634598254383,0.8842551867565711,1382
1479,1369.1521844930235,0.8900506428036595,1360
1480,1384.4819540192175,0.8860889714173767,1375
1481,1395.9361150557042,0.892646383280823,1387
1482,1395.9361150557042,0.892646383280823,1387
1483,1395.9361150557042,0.892646383280823,1387
1484,1395.9361150557042,0.892646383280823,1387
1485,1395.9361150557042,0.892646383280823,1387
1486,1395.9361150557042,0.892646383280823,1387
1487,1395.9361150557042,0.892646383280823,1387
1488,1395.9361150557042,0.892646383280823,1387
1489,1395.9361150557042,0.892646383280823,1387
1490,1395.9361150557042,0.892646383280823,1387
1491,1395.9361150557042,0.892646383280823,1387
1492,1395.9361150557042,0.892646383280823,1387
1493,1395.9361150557042,0.892646383280823,1387
1494,1395.9361150557042,0.892646383280823,1387
1495,1418.4756167237867,0.886165104231297,1409
1496,1417.4542727142652,0.886421519530691,1408
1497,1417.4542727142652,0.886421519530691,1408
1498,1417.4542727142652,0.886421519530691,1408
1499,1417.4542727142652,0.886421519530691,1408
1500,1417.4542727142652,0.886421519530691,1408
1501,1417.4542727142652,0.886421519530691,1408
1502,1417.4542727142652,0.886421519530691,1408
1503,1417.4542727142652,0.886421519530691,1408
1504,1417.4542727142652,0.886421519530691,1408
1505,1417.4542727142652,0.886421519530691,1408
1506,1417.4542727142652,0.886421519530691,1408
1507,1417.4542727142652,0.886421519530691,1408
1508,1417.4542727142652,0.886421519530691,1408
1509,1417.4542727142652,0.886421519530691,1408
1510,1417.4542727142652,0.886421519530691,1408
1511,1417.4542727142652,0.886421519530691,1408
1512,1417.4542727142652,0.886421519530691,1408
1513,1417.4542727142652,0.886421519530691,1408
1514,1417.4542727142652,0.886421519530691,1408
1515,1417.4542727142652,0.886421519530691,1408
1516,1417.4542727142652,0.886421519530691,1408
1517,1417.4542727142652,0.886421519530691,1408
1518,1435.836063140731,0.8818348973963122,1426
1519,1435.836063140731,0.8818348973963122,1426
1520,1435.836063140731,0.8818348973963122,1426
1521,1435.836063140731,0.8818348973963122,1426
1522,1435.836063140731,0.8818348973963122,1426
1523,1418.6737470889123,0.8717714189222467,1408
1524,1418.6737470889123,0.8717714189222467,1408
1525,1418.6737470889123,0.8717714189222467,1408
1526,1404.4032899646604,0.8630070883630409,1393
1527,1404.4032899646604,0.8630070883630409,1393
1528,1404.4032899646604,0.8630070883630409,1393
1529,1404.4032899646604,0.8630070883630409,1393
1530,1404.4032899646604,0.8630070883630409,1393
1531,1399.2963674113207,0.8642915976535233,1388
1532,1399.2963674113207,0.8642915976535233,1388
1533,1399.2963674113207,0.8642915976535233,1388
1534,1399.2963674113207,0.8642915976535233,1388
1535,1399.2963674113207,0.8642915976535233,1388
1536,1399.2963674113207,0.8642915976535233,1388
1537,1399.2963674113207,0.8642915976535233,1388
1538,1399.2963674113207,0.8642915976535233,1388
1539,1399.2963674113207,0.8642915976535233,1388
1540,1399.2963674113207,0.8642915976535233,1388
1541,1399.2963674113207,0.8642915976535233,1388
1542,1399.2963674113207,0.8642915976535233,1388
1543,1399.2963674113207,0.8642915976535233,1388
1544,1399.2963674113207,0.8642915976535233,1388
1545,1399.2963674113207,0.8642915976535233,1388
1546,1399.2963674113207,0.8642915976535233,1388
1547,1399.2963674113207,0.8642915976535233,1388
1548,1399.2963674113207,0.8642915976535233,1388
1549,1399.2963674113207,0.8642915976535233,1388
1550,1399.2963674113207,0.8642915976535233,1388
1551,1399.2963674113207,0.8642915976535233,1388
1552,1399.2963674113207,0.8642915976535233,1388
1553,1399.2963674113207,0.8642915976535233,1388
1554,1399.2963674113207,0.8642915976535233,1388
1555,1399.2963674113207,0.8642915976535233,1388
1556,1399.2963674113207,0.8642915976535233,1388
1557,1399.2963674113207,0.8642915976535233,1388
1558,1399.2963674113207,0.8642915976535233,1388
1559,1399.2963674113207,0.8642915976535233,1388
1560,1399.2963674113207,0.8642915976535233,1388
1561,1399.2963674113207,0.8642915976535233,1388
1562,1399.2963674113207,0.8642915976535233,1388
1563,1399.2963674113207,0.8642915976535233,1388
1564,1399.2963674113207,0.8642915976535233,1388
1565,1399.2963674113207,0.8642915976535233,1388
1566,1399.2963674113207,0.8642915976535233,1388
1567,1399.2963674113207,0.8642915976535233,1388
1568,1399.2963674113207,0.8642915976535233,1388
1569,1399.2963674113207,0.8642915976535233,1388
1570,1399.2963674113207,0.8642915976535233,1388
1571,1408.8070974049913,0.8701694208915033,1398
1572,1408.8070974049913,0.8701694208915033,1398
1573,1397.5708200815934,0.8730079279001275,1387
1574,1397.5708200815934,0.8730079279001275,1387
1575,1397.5708200815934,0.8730079279001275,1387
1576,1397.5708200815934,0.8730079279001275,1387
1577,1397.5708200815934,0.8730079279001275,1387
1578,1405.742884003448,0.8709408457058155,1395
1579,1393.7462847365625,0.882913446221016,1384
1580,1402.941009539766,0.8805741285467807,1393
1581,1407.7091787813429,0.8833592169468666,1398
1582,1407.7091787813429,0.8833592169468666,1398
1583,1407.7091787813429,0.8833592169468666,1398
1584,1407.7091787813429,0.8833592169468666,1398
1585,1407.7091787813429,0.8833592169468666,1398
1586,1407.7091787813429,0.8833592169468666,1398
1587,1412.816456140005,0.8820704452185852,1403
1588,1412.816456140005,0.8820704452185852,1403
1589,1412.816456140005,0.8820704452185852,1403
1590,1412.816456140005,0.8820704452185852,1403
1591,1412.816456140005,0.8820704452185852,1403
1592,1412.816456140005,0.8820704452185852,1403
1593,1412.816456140005,0.8820704452185852,1403
1594,1412.816456140005,0.8820704452185852,1403
1595,1412.816456140005,0.8820704452185852,1403
1596,1414.724515552899,0.8831749693308625,1405
1597,1414.724515552899,0.8831749693308625,1405
1598,1414.724515552899,0.8831749693308625,1405
1599,1414.724515552899,0.8831749693308625,1405
1600,1433.8337057876327,0.8938766724215194,1425
1601,1428.095506513844,0.8907315411599729,1419
1602,1428.095506513844,0.8907315411599729,1419
1603,1428.095506513844,0.8907315411599729,1419
1604,1428.095506513844,0.8907315411599729,1419
1605,1433.3319575516723,0.8878909472408412,1424
1606,1431.2897024911033,0.8883985765124555,1422
1607,1431.2897024911033,0.8883985765124555,1422
1608,1431.2897024911033,0.8883985765124555,1422
1609,1421.7397074501537,0.8829924621557703,1412
1610,1421.7397074501537,0.8829924621557703,1412
1611,1421.7397074501537,0.8829924621557703,1412
1612,1421.7397074501537,0.8829924621557703,1412
1613,1409.3440206001978,0.8757325732797,1399
1614,1409.3440206001978,0.8757325732797,1399
1615,1409.3440206001978,0.8757325732797,1399
1616,1409.3440206001978,0.8757325732797,1399
1617,1409.3440206001978,0.8757325732797,1399
1618,1409.3440206001978,0.8757325732797,1399
1619,1409.3440206001978,0.8757325732797,1399
1620,1409.3440206001978,0.8757325732797,1399
1621,1409.3440206001978,0.8757325732797,1399
1622,1409.3440206001978,0.8757325732797,1399
1623,1409.3440206001978,0.8757325732797,1399
1624,1409.3440206001978,0.8757325732797,1399
1625,1409.3440206001978,0.8757325732797,1399
1626,1409.3440206001978,0.8757325732797,1399
1627,1409.3440206001978,0.8757325732797,1399
1628,1409.3440206001978,0.8757325732797,1399
1629,1409.3440206001978,0.8757325732797,1399
1630,1409.3440206001978,0.8757325732797,1399
1631,1406.0739194457724,0.8789774213626564,1396
1632,1406.0739194457724,0.8789774213626564,1396
1633,1406.0739194457724,0.8789774213626564,1396
1634,1406.0739194457724,0.8789774213626564,1396
1635,1406.0739194457724,0.8789774213626564,1396
1636,1406.0739194457724,0.8789774213626564,1396
1637,1406.0739194457724,0.8789774213626564,1396
1638,1406.0739194457724,0.8789774213626564,1396
1639,1407.5743979134404,0.8849784008476649,1398
1640,1407.5743979134404,0.8849784008476649,1398
1641,1407.5743979134404,0.8849784008476649,1398
1642,1407.5743979134404,0.8849784008476649,1398
1643,1407.5743979134404,0.8849784008476649,1398
1644,1364.1781043578214,0.8897392556724951,1355
1645,1364.1781043578214,0.8897392556724951,1355
1646,1364.1781043578214,0.8897392556724951,1355
1647,1364.1781043578214,0.8897392556724951,1355
1648,1364.1781043578214,0.8897392556724951,1355
1649,1364.1781043578214,0.8897392556724951,1355
1650,1366.222444861871,0.8892065730193298,1357
1651,1366.222444861871,0.8892065730193298,1357
1652,1370.0382642282332,0.8914192187862437,1361
1653,1370.0382642282332,0.8914192187862437,1361
1654,1370.0382642282332,0.8914192187862437,1361
1655,1370.0382642282332,0.8914192187862437,1361
1656,1370.0382642282332,0.8914192187862437,1361
1657,1370.0382642282332,0.8914192187862437,1361
1658,1370.0382642282332,0.8914192187862437,1361
1659,1402.5629773707713,0.9091425111632483,1395
1660,1402.5629773707713,0.9091425111632483,1395
1661,1402.5629773707713,0.9091425111632483,1395
1662,1402.5629773707713,0.9091425111632483,1395
1663,1394.0018185479696,0.9038705123982497,1386
1664,1394.0018185479696,0.9038705123982497,1386
1665,1394.0018185479696,0.9038705123982497,1386
1666,1394.0018185479696,0.9038705123982497,1386
1667,1394.0018185479696,0.9038705123982497,1386
1668,1394.0018185479696,0.9038705123982497,1386
1669,1394.0018185479696,0.9038705123982497,1386
1670,1394.0018185479696,0.9038705123982497,1386
1671,1394.0018185479696,0.9038705123982497,1386
1672,1394.0018185479696,0.9038705123982497,1386
1673,1394.0018185479696,0.9038705123982497,1386
1674,1394.0018185479696,0.9038705123982497,1386
1675,1394.0018185479696,0.9038705123982497,1386
1676,1394.0018185479696,0.9038705123982497,1386
1677,1394.0018185479696,0.9038705123982497,1386
1678,1394.0018185479696,0.9038705123982497,1386
1679,1394.0018185479696,0.9038705123982497,1386
1680,1402.6254329558217,0.9083922037983937,1395
1681,1402.6254329558217,0.9083922037983937,1395
1682,1402.6254329558217,0.9083922037983937,1395
1683,1402.6254329558217,0.9083922037983937,1395
1684,1402.6254329558217,0.9083922037983937,1395
1685,1402.6254329558217,0.9083922037983937,1395
1686,1402.6254329558217,0.9083922037983937,1395
1687,1402.6254329558217,0.9083922037983937,1395
1688,1402.6254329558217,0.9083922037983937,1395
1689,1402.6254329558217,0.9083922037983937,1395
1690,1402.6254329558217,0.9083922037983937,1395
1691,1402.6254329558217,0.9083922037983937,1395
1692,1402.6254329558217,0.9083922037983937,1395
1693,1402.6254329558217,0.9083922037983937,1395
1694,1402.6254329558217,0.9083922037983937,1395
1695,1402.6254329558217,0.9083922037983937,1395
1696,1402.6254329558217,0.9083922037983937,1395
1697,1402.6254329558217,0.9083922037983937,1395
1698,1402.6254329558217,0.9083922037983937,1395
1699,1406.4617107225286,0.9103590734919685,1399
1700,1375.8331881580268,0.8938828909415316,1367
1701,1375.8331881580268,0.8938828909415316,1367
1702,1375.8331881580268,0.8938828909415316,1367
1703,1376.8551567752581,0.8936189719454801,1368
1704,1376.8551567752581,0.8936189719454801,1368
1705,1376.8551567752581,0.8936189719454801,1368
1706,1376.8551567752581,0.8936189719454801,1368
1707,1376.8551567752581,0.8936189719454801,1368
1708,1376.8551567752581,0.8936189719454801,1368
1709,1376.8551567752581,0.8936189719454801,1368
1710,1376.8551567752581,0.8936189719454801,1368
1711,1376.8551567752581,0.8936189719454801,1368
1712,1376.8551567752581,0.8936189719454801,1368
1713,1376.8551567752581,0.8936189719454801,1368
1714,1376.8551567752581,0.8936189719454801,1368
1715,1376.8551567752581,0.8936189719454801,1368
1716,1376.8551567752581,0.8936189719454801,1368
1717,1394.8481903344064,0.8937026629696485,1386
1718,1394.8481903344064,0.8937026629696485,1386
1719,1387.2085331884518,0.8893737002828934,1378
1720,1387.2085331884518,0.8893737002828934,1378
1721,1382.506441077767,0.8857947972397046,1373
1722,1383.2804506081047,0.900523178662846,1375
1723,1383.2804506081047,0.900523178662846,1375
1724,1383.2804506081047,0.900523178662846,1375
1725,1383.2804506081047,0.900523178662846,1375
1726,1377.5438445030716,0.8973589079400344,1369
1727,1377.5438445030716,0.8973589079400344,1369
1728,1377.5438445030716,0.8973589079400344,1369
1729,1377.5438445030716,0.8973589079400344,1369
1730,1377.5438445030716,0.8973589079400344,1369
1731,1377.5438445030716,0.8973589079400344,1369
1732,1359.4113411951582,0.8869372754065555,1350
1733,1361.4558469953836,0.8864026069752104,1352
1734,1361.4558469953836,0.8864026069752104,1352
1735,1361.4558469953836,0.8864026069752104,1352
1736,1355.322129281443,0.8880090187236546,1346
1737,1367.724015634679,0.8951944301456154,1359
1738,1367.724015634679,0.8951944301456154,1359
1739,1371.0734672901365,0.8789828533140738,1361
1740,1371.0734672901365,0.8789828533140738,1361
1741,1371.0734672901365,0.8789828533140738,1361
1742,1371.0734672901365,0.8789828533140738,1361
1743,1371.0734672901365,0.8789828533140738,1361
1744,1371.0734672901365,0.8789828533140738,1361
1745,1371.0734672901365,0.8789828533140738,1361
1746,1371.0734672901365,0.8789828533140738,1361
1747,1371.0734672901365,0.8789828533140738,1361
1748,1371.0734672901365,0.8789828533140738,1361
1749,1373.1175414432826,0.8784533704555191,1363
1750,1373.1175414432826,0.8784533704555191,1363
1751,1373.1175414432826,0.8784533704555191,1363
1752,1373.1175414432826,0.8784533704555191,1363
1753,1373.1175414432826,0.8784533704555191,1363
1754,1376.1835153918805,0.8776607953882682,1366
1755,1376.1835153918805,0.8776607953882682,1366
1756,1376.1835153918805,0.8776607953882682,1366
1757,1376.1835153918805,0.8776607953882682,1366
1758,1376.1835153918805,0.8776607953882682,1366
1759,1376.1835153918805,0.8776607953882682,1366
1760,1376.1835153918805,0.8776607953882682,1366
1761,1388.5692779931585,0.8850399087799316,1379
1762,1388.5692779931585,0.8850399087799316,1379
1763,1388.5692779931585,0.8850399087799316,1379
1764,1380.3943689947243,0.8871411701739035,1371
1765,1380.3943689947243,0.8871411701739035,1371
1766,1380.3943689947243,0.8871411701739035,1371
1767,1380.3943689947243,0.8871411701739035,1371
1768,1380.3943689947243,0.8871411701739035,1371
1769,1380.3943689947243,0.8871411701739035,1371
1770,1380.3943689947243,0.8871411701739035,1371
1771,1380.3943689947243,0.8871411701739035,1371
1772,1380.3943689947243,0.8871411701739035,1371
1773,1380.3943689947243,0.8871411701739035,1371
1774,1380.3943689947243,0.8871411701739035,1371
1775,1380.3943689947243,0.8871411701739035,1371
1776,1380.3943689947243,0.8871411701739035,1371
1777,1387.0756574527754,0.8789565418936146,1377
1778,1387.0756574527754,0.8789565418936146,1377
1779,1399.3359529518577,0.87582949361055,1389
1780,1399.3359529518577,0.87582949361055,1389
1781,1399.3359529518577,0.87582949361055,1389
1782,1399.3359529518577,0.87582949361055,1389
1783,1399.3359529518577,0.87582949361055,1389
1784,1399.3359529518577,0.87582949361055,1389
1785,1395.8698588804623,0.8934423488651827,1387
1786,1395.8698588804623,0.8934423488651827,1387
1787,1395.8698588804623,0.8934423488651827,1387
1788,1395.8698588804623,0.8934423488651827,1387
1789,1397.7810992697684,0.8945086584602545,1389
1790,1397.7810992697684,0.8945086584602545,1389
1791,1397.7810992697684,0.8945086584602545,1389
1792,1397.7810992697684,0.8945086584602545,1389
1793,1385.3677754050198,0.8874606510689598,1376
1794,1385.3677754050198,0.8874606510689598,1376
1795,1385.3677754050198,0.8874606510689598,1376
1796,1385.3677754050198,0.8874606510689598,1376
1797,1373.1044472230467,0.890624132351674,1364
1798,1372.1503341015039,0.8900728723990399,1363
1799,1372.1503341015039,0.8900728723990399,1363
1800,1372.1503341015039,0.8900728723990399,1363
1801,1372.1503341015039,0.8900728723990399,1363
1802,1372.1503341015039,0.8900728723990399,1363
1803,1372.1503341015039,0.8900728723990399,1363
1804,1372.1503341015039,0.8900728723990399,1363
1805,1372.1503341015039,0.8900728723990399,1363
1806,1367.381871537033,0.8872913078203636,1358
1807,1361.6643546144012,0.8838977100624563,1352
1808,1361.6643546144012,0.8838977100624563,1352
1809,1361.6643546144012,0.8838977100624563,1352
1810,1361.6643546144012,0.8838977100624563,1352
1811,1361.6643546144012,0.8838977100624563,1352
1812,1361.6643546144012,0.8838977100624563,1352
1813,1361.6643546144012,0.8838977100624563,1352
1814,1361.6643546144012,0.8838977100624563,1352
1815,1361.6643546144012,0.8838977100624563,1352
1816,1361.6643546144012,0.8838977100624563,1352
1817,1361.6643546144012,0.8838977100624563,1352
1818,1361.6643546144012,0.8838977100624563,1352
1819,1361.6643546144012,0.8838977100624563,1352
1820,1361.6643546144012,0.8838977100624563,1352
1821,1361.6643546144012,0.8838977100624563,1352
1822,1361.6643546144012,0.8838977100624563,1352
1823,1361.6643546144012,0.8838977100624563,1352
1824,1361.6643546144012,0.8838977100624563,1352
1825,1361.6643546144012,0.8838977100624563,1352
1826,1361.6643546144012,0.8838977100624563,1352
1827,1361.6643546144012,0.8838977100624563,1352
1828,1361.6643546144012,0.8838977100624563,1352
1829,1361.6643546144012,0.8838977100624563,1352
1830,1361.6643546144012,0.8838977100624563,1352
1831,1361.6643546144012,0.8838977100624563,1352
1832,1361.6643546144012,0.8838977100624563,1352
1833,1361.6643546144012,0.8838977100624563,1352
1834,1361.6643546144012,0.8838977100624563,1352
1835,1361.6643546144012,0.8838977100624563,1352
1836,1361.6643546144012,0.8838977100624563,1352
1837,1361.6643546144012,0.8838977100624563,1352
1838,1361.6643546144012,0.8838977100624563,1352
1839,1361.6643546144012,0.8838977100624563,1352
1840,1361.6643546144012,0.8838977100624563,1352
1841,1361.6643546144012,0.8838977100624563,1352
1842,1361.6643546144012,0.8838977100624563,1352
1843,1361.6643546144012,0.8838977100624563,1352
1844,1361.6643546144012,0.8838977100624563,1352
1845,1361.6643546144012,0.8838977100624563,1352
1846,1361.6643546144012,0.8838977100624563,1352
1847,1361.6643546144012,0.8838977100624563,1352
1848,1364.5236784769343,0.8976011715889676,1356
1849,1364.5236784769343,0.8976011715889676,1356
1850,1364.5236784769343,0.8976011715889676,1356
1851,1364.5236784769343,0.8976011715889676,1356
1852,1364.5236784769343,0.8976011715889676,1356
1853,1364.5236784769343,0.8976011715889676,1356
1854,1364.5236784769343,0.8976011715889676,1356
1855,1364.5236784769343,0.8976011715889676,1356
1856,1364.5236784769343,0.8976011715889676,1356
1857,1364.5236784769343,0.8976011715889676,1356
1858,1364.5236784769343,0.8976011715889676,1356
1859,1364.5236784769343,0.8976011715889676,1356
1860,1364.5236784769343,0.8976011715889676,1356
1861,1364.5236784769343,0.8976011715889676,1356
1862,1364.5236784769343,0.8976011715889676,1356
1863,1364.5236784769343,0.8976011715889676,1356
1864,1364.5236784769343,0.8976011715889676,1356
1865,1364.5236784769343,0.8976011715889676,1356
1866,1364.5236784769343,0.8976011715889676,1356
1867,1364.5236784769343,0.8976011715889676,1356
1868,1382.3214677990925,0.9120438755515077,1375
1869,1382.3214677990925,0.9120438755515077,1375
1870,1382.3214677990925,0.9120438755515077,1375
1871,1382.3214677990925,0.9120438755515077,1375
1872,1382.3214677990925,0.9120438755515077,1375
1873,1392.536651232651,0.9094587790407141,1385
1874,1392.536651232651,0.9094587790407141,1385
1875,1392.536651232651,0.9094587790407141,1385
1876,1398.2915398450093,0.9124034136832148,1391
1877,1398.2915398450093,0.9124034136832148,1391
1878,1398.2915398450093,0.9124034136832148,1391
1879,1398.2915398450093,0.9124034136832148,1391
1880,1398.2915398450093,0.9124034136832148,1391
1881,1398.2915398450093,0.9124034136832148,1391
1882,1398.2915398450093,0.9124034136832148,1391
1883,1376.2544554598192,0.9128489252784827,1369
1884,1376.2544554598192,0.9128489252784827,1369
1885,1376.2544554598192,0.9128489252784827,1369
1886,1376.2544554598192,0.9128489252784827,1369
1887,1376.2544554598192,0.9128489252784827,1369
1888,1376.2544554598192,0.9128489252784827,1369
1889,1376.2544554598192,0.9128489252784827,1369
1890,1378.9337107119238,0.9046887228264793,1371
1891,1378.9337107119238,0.9046887228264793,1371
1892,1378.9337107119238,0.9046887228264793,1371
1893,1378.9337107119238,0.9046887228264793,1371
1894,1369.7371676462246,0.9070498841155129,1362
1895,1369.7371676462246,0.9070498841155129,1362
1896,1369.7371676462246,0.9070498841155129,1362
1897,1382.8278644326394,0.9059603023469553,1375
1898,1382.8278644326394,0.9059603023469553,1375
1899,1382.8278644326394,0.9059603023469553,1375
1900,1382.8278644326394,0.9059603023469553,1375
1901,1337.023717384029,0.8795805215758163,1327
1902,1334.4623552155133,0.8743109656954184,1324
1903,1334.4623552155133,0.8743109656954184,1324
1904,1334.4623552155133,0.8743109656954184,1324
1905,1339.856100992076,0.9056210837088413,1332
1906,1334.9022309649351,0.8690265381435,1324
1907,1334.9022309649351,0.8690265381435,1324
1908,1334.9022309649351,0.8690265381435,1324
1909,1354.6009300969881,0.9086865677920689,1347
1910,1354.6009300969881,0.9086865677920689,1347
1911,1354.6009300969881,0.9086865677920689,1347
1912,1342.8731812044582,0.8813889812054504,1333
1913,1342.8731812044582,0.8813889812054504,1333
1914,1342.8731812044582,0.8813889812054504,1333
1915,1342.8731812044582,0.8813889812054504,1333
1916,1342.8731812044582,0.8813889812054504,1333
1917,1342.8731812044582,0.8813889812054504,1333
1918,1342.8731812044582,0.8813889812054504,1333
1919,1342.8731812044582,0.8813889812054504,1333
1920,1339.8054931235213,0.8822021489245403,1330
1921,1339.8054931235213,0.8822021489245403,1330
1922,1324.4645926073233,0.8862975419591136,1315
1923,1324.4645926073233,0.8862975419591136,1315
1924,1324.4645926073233,0.8862975419591136,1315
1925,1324.4645926073233,0.8862975419591136,1315
1926,1324.4645926073233,0.8862975419591136,1315
1927,1324.4645926073233,0.8862975419591136,1315
1928,1324.4645926073233,0.8862975419591136,1315
1929,1324.4645926073233,0.8862975419591136,1315
1930,1324.4645926073233,0.8862975419591136,1315
1931,1324.4645926073233,0.8862975419591136,1315
1932,1324.4645926073233,0.8862975419591136,1315
1933,1333.6696218972097,0.8838344317970974,1324
1934,1333.6696218972097,0.8838344317970974,1324
1935,1333.6696218972097,0.8838344317970974,1324
1936,1333.6696218972097,0.8838344317970974,1324
1937,1333.6696218972097,0.8838344317970974,1324
1938,1333.6696218972097,0.8838344317970974,1324
1939,1333.6696218972097,0.8838344317970974,1324
1940,1333.6696218972097,0.8838344317970974,1324
1941,1333.6696218972097,0.8838344317970974,1324
1942,1333.6696218972097,0.8838344317970974,1324
1943,1333.6696218972097,0.8838344317970974,1324
1944,1333.6696218972097,0.8838344317970974,1324
1945,1333.6696218972097,0.8838344317970974,1324
1946,1333.6696218972097,0.8838344317970974,1324
1947,1333.6696218972097,0.8838344317970974,1324
1948,1333.6696218972097,0.8838344317970974,1324
1949,1333.6696218972097,0.8838344317970974,1324
1950,1333.6696218972097,0.8838344317970974,1324
1951,1333.6696218972097,0.8838344317970974,1324
1952,1333.6696218972097,0.8838344317970974,1324
1953,1333.6696218972097,0.8838344317970974,1324
1954,1333.6696218972097,0.8838344317970974,1324
1955,1333.6696218972097,0.8838344317970974,1324
1956,1333.6696218972097,0.8838344317970974,1324
1957,1333.6696218972097,0.8838344317970974,1324
1958,1333.6696218972097,0.8838344317970974,1324
1959,1333.6696218972097,0.8838344317970974,1324
1960,1333.6696218972097,0.8838344317970974,1324
1961,1333.6696218972097,0.8838344317970974,1324
1962,1333.6696218972097,0.8838344317970974,1324
1963,1333.6696218972097,0.8838344317970974,1324
1964,1333.6696218972097,0.8838344317970974,1324
1965,1333.6696218972097,0.8838344317970974,1324
1966,1333.6696218972097,0.8838344317970974,1324
1967,1333.6696218972097,0.8838344317970974,1324
1968,1333.6696218972097,0.8838344317970974,1324
1969,1295.7287332938695,0.859097389549862,1284
1970,1295.7287332938695,0.859097389549862,1284
1971,1295.7287332938695,0.859097389549862,1284
1972,1295.7287332938695,0.859097389549862,1284
1973,1295.7287332938695,0.859097389549862,1284
1974,1295.7287332938695,0.859097389549862,1284
1975,1295.7287332938695,0.859097389549862,1284
1976,1295.7287332938695,0.859097389549862,1284
1977,1295.7287332938695,0.859097389549862,1284
1978,1295.7287332938695,0.859097389549862,1284
1979,1258.8828578827522,0.8692592757958655,1248
1980,1258.8828578827522,0.8692592757958655,1248
1981,1258.8828578827522,0.8692592757958655,1248
1982,1258.8828578827522,0.8692592757958655,1248
1983,1258.8828578827522,0.8692592757958655,1248
1984,1258.8828578827522,0.8692592757958655,1248
1985,1258.8828578827522,0.8692592757958655,1248
1986,1258.8828578827522,0.8692592757958655,1248
1987,1258.8828578827522,0.8692592757958655,1248
1988,1258.8828578827522,0.8692592757958655,1248
1989,1258.8828578827522,0.8692592757958655,1248
1990,1258.8828578827522,0.8692592757958655,1248
1991,1258.8828578827522,0.8692592757958655,1248
1992,1258.8828578827522,0.8692592757958655,1248
1993,1258.8828578827522,0.8692592757958655,1248
1994,1258.8828578827522,0.8692592757958655,1248
1995,1258.8828578827522,0.8692592757958655,1248
1996,1258.8828578827522,0.8692592757958655,1248
1997,1258.8828578827522,0.8692592757958655,1248
1998,1258.8828578827522,0.8692592757958655,1248
1999,1258.8828578827522,0.8692592757958655,1248
2000,1258.8828578827522,0.8692592757958655,1248
2001,1258.8828578827522,0.8692592757958655,1248
2002,1258.8828578827522,0.8692592757958655,1248
2003,1258.8828578827522,0.8692592757958655,1248
2004,1258.8828578827522,0.8692592757958655,1248
2005,1258.8828578827522,0.8692592757958655,1248
2006,1258.8828578827522,0.8692592757958655,1248
2007,1258.8828578827522,0.8692592757958655,1248
2008,1258.8828578827522,0.8692592757958655,1248
2009,1258.8828578827522,0.8692592757958655,1248
2010,1258.8828578827522,0.8692592757958655,1248
2011,1258.8828578827522,0.8692592757958655,1248
2012,1258.8828578827522,0.8692592757958655,1248
2013,1258.8828578827522,0.8692592757958655,1248
2014,1258.8828578827522,0.8692592757958655,1248
2015,1258.8828578827522,0.8692592757958655,1248
2016,1258.8828578827522,0.8692592757958655,1248
2017,1258.8828578827522,0.8692592757958655,1248
2018,1258.8828578827522,0.8692592757958655,1248
2019,1258.8828578827522,0.8692592757958655,1248
2020,1258.8828578827522,0.8692592757958655,1248
2021,1258.8828578827522,0.8692592757958655,1248
2022,1258.8828578827522,0.8692592757958655,1248
2023,1258.8828578827522,0.8692592757958655,1248
2024,1258.8828578827522,0.8692592757958655,1248
2025,1258.8828578827522,0.8692592757958655,1248
2026,1258.8828578827522,0.8692592757958655,1248
2027,1258.8828578827522,0.8692592757958655,1248
2028,1258.8828578827522,0.8692592757958655,1248
2029,1258.8828578827522,0.8692592757958655,1248
2030,1258.8828578827522,0.8692592757958655,1248
2031,1258.8828578827522,0.8692592757958655,1248
2032,1258.8828578827522,0.8692592757958655,1248
2033,1258.8828578827522,0.8692592757958655,1248
2034,1258.8828578827522,0.8692592757958655,1248
2035,1258.8828578827522,0.8692592757958655,1248
2036,1258.8828578827522,0.8692592757958655,1248
2037,1258.8828578827522,0.8692592757958655,1248
2038,1258.8828578827522,0.8692592757958655,1248
2039,1258.8828578827522,0.8692592757958655,1248
2040,1258.8828578827522,0.8692592757958655,1248
2041,1264.3945735537463,0.8631118025739276,1253
2042,1264.3945735537463,0.8631118025739276,1253
2043,1254.9437405937392,0.8685278640829008,1244
2044,1254.9437405937392,0.8685278640829008,1244
2045,1254.9437405937392,0.8685278640829008,1244
2046,1254.9437405937392,0.8685278640829008,1244
2047,1254.9437405937392,0.8685278640829008,1244
2048,1254.9437405937392,0.8685278640829008,1244
2049,1254.9437405937392,0.8685278640829008,1244
2050,1254.9437405937392,0.8685278640829008,1244
2051,1254.9437405937392,0.8685278640829008,1244
2052,1254.9437405937392,0.8685278640829008,1244
2053,1254.9437405937392,0.8685278640829008,1244
2054,1254.9437405937392,0.8685278640829008,1244
2055,1254.9437405937392,0.8685278640829008,1244
2056,1254.9437405937392,0.8685278640829008,1244
2057,1254.9437405937392,0.8685278640829008,1244
2058,1254.9437405937392,0.8685278640829008,1244
2059,1318.3843548702635,0.8512211091991424,1306
2060,1318.3843548702635,0.8512211091991424,1306
2061,1318.3843548702635,0.8512211091991424,1306
2062,1318.3843548702635,0.8512211091991424,1306
2063,1318.3843548702635,0.8512211091991424,1306
2064,1318.3843548702635,0.8512211091991424,1306
2065,1315.3168304646356,0.8520323106122576,1303
2066,1315.3168304646356,0.8520323106122576,1303
2067,1315.3168304646356,0.8520323106122576,1303
2068,1315.3168304646356,0.8520323106122576,1303
2069,1315.3168304646356,0.8520323106122576,1303
2070,1315.3168304646356,0.8520323106122576,1303
2071,1315.3168304646356,0.8520323106122576,1303
2072,1315.3168304646356,0.8520323106122576,1303
2073,1315.3168304646356,0.8520323106122576,1303
2074,1315.3168304646356,0.8520323106122576,1303
2075,1315.3168304646356,0.8520323106122576,1303
2076,1315.3168304646356,0.8520323106122576,1303
2077,1315.3168304646356,0.8520323106122576,1303
2078,1315.3168304646356,0.8520323106122576,1303
2079,1315.3168304646356,0.8520323106122576,1303
2080,1315.3168304646356,0.8520323106122576,1303
2081,1333.7186422703205,0.8472051625381961,1321
2082,1333.7186422703205,0.8472051625381961,1321
2083,1333.7186422703205,0.8472051625381961,1321
2084,1333.7186422703205,0.8472051625381961,1321
2085,1333.7186422703205,0.8472051625381961,1321
2086,1333.7186422703205,0.8472051625381961,1321
2087,1333.7186422703205,0.8472051625381961,1321
2088,1333.7186422703205,0.8472051625381961,1321
2089,1327.585593815192,0.8488035341759725,1315
2090,1327.585593815192,0.8488035341759725,1315
2091,1327.585593815192,0.8488035341759725,1315
2092,1327.585593815192,0.8488035341759725,1315
2093,1327.585593815192,0.8488035341759725,1315
2094,1327.585593815192,0.8488035341759725,1315
2095,1317.8126939999206,0.8701021864497772,1307
2096,1317.8126939999206,0.8701021864497772,1307
2097,1317.8126939999206,0.8701021864497772,1307
2098,1317.8126939999206,0.8701021864497772,1307
2099,1317.8126939999206,0.8701021864497772,1307
2100,1317.8126939999206,0.8701021864497772,1307
2101,1317.8126939999206,0.8701021864497772,1307
2102,1317.8126939999206,0.8701021864497772,1307
2103,1317.8126939999206,0.8701021864497772,1307
2104,1317.8126939999206,0.8701021864497772,1307
2105,1317.8126939999206,0.8701021864497772,1307
2106,1317.8126939999206,0.8701021864497772,1307
2107,1317.8126939999206,0.8701021864497772,1307
2108,1317.8126939999206,0.8701021864497772,1307
2109,1317.8126939999206,0.8701021864497772,1307
2110,1317.8126939999206,0.8701021864497772,1307
2111,1317.8126939999206,0.8701021864497772,1307
2112,1317.8126939999206,0.8701021864497772,1307
2113,1308.311039105816,0.8881422500502653,1299
2114,1308.311039105816,0.8881422500502653,1299
2115,1308.311039105816,0.8881422500502653,1299
2116,1285.522142569256,0.8735927130074965,1275
2117,1299.7547564986737,0.8828116710875331,1290
2118,1299.7547564986737,0.8828116710875331,1290
2119,1299.7547564986737,0.8828116710875331,1290
2120,1299.7547564986737,0.8828116710875331,1290
2121,1299.7547564986737,0.8828116710875331,1290
2122,1290.2624657534247,0.8767123287671232,1280
2123,1292.159683163747,0.877947102790159,1282
2124,1292.159683163747,0.877947102790159,1282
2125,1292.159683163747,0.877947102790159,1282
2126,1292.159683163747,0.877947102790159,1282
2127,1292.159683163747,0.877947102790159,1282
2128,1292.159683163747,0.877947102790159,1282
2129,1292.159683163747,0.877947102790159,1282
2130,1292.159683163747,0.877947102790159,1282
2131,1292.159683163747,0.877947102790159,1282
2132,1292.159683163747,0.877947102790159,1282
2133,1292.159683163747,0.877947102790159,1282
2134,1292.159683163747,0.877947102790159,1282
2135,1292.159683163747,0.877947102790159,1282
2136,1292.159683163747,0.877947102790159,1282
2137,1292.159683163747,0.877947102790159,1282
2138,1292.159683163747,0.877947102790159,1282
2139,1292.159683163747,0.877947102790159,1282
2140,1292.159683163747,0.877947102790159,1282
2141,1292.159683163747,0.877947102790159,1282
2142,1292.159683163747,0.877947102790159,1282
2143,1292.159683163747,0.877947102790159,1282
2144,1292.159683163747,0.877947102790159,1282
2145,1292.159683163747,0.877947102790159,1282
2146,1292.159683163747,0.877947102790159,1282
2147,1281.5531524914813,0.8852336317698063,1272
2148,1281.5531524914813,0.8852336317698063,1272
2149,1281.5531524914813,0.8852336317698063,1272
2150,1281.5531524914813,0.8852336317698063,1272
2151,1281.5531524914813,0.8852336317698063,1272
2152,1281.5531524914813,0.8852336317698063,1272
2153,1265.1725982063285,0.8898054035760619,1256
2154,1265.1725982063285,0.8898054035760619,1256
2155,1265.1725982063285,0.8898054035760619,1256
2156,1265.1725982063285,0.8898054035760619,1256
2157,1265.1725982063285,0.8898054035760619,1256
2158,1265.1725982063285,0.8898054035760619,1256
2159,1249.9926262415845,0.8799540336186393,1240
2160,1249.9926262415845,0.8799540336186393,1240
2161,1249.9926262415845,0.8799540336186393,1240
2162,1249.9926262415845,0.8799540336186393,1240
2163,1249.9926262415845,0.8799540336186393,1240
2164,1254.089313087031,0.8787924905450374,1244
2165,1254.089313087031,0.8787924905450374,1244
2166,1254.089313087031,0.8787924905450374,1244
2167,1254.089313087031,0.8787924905450374,1244
2168,1254.089313087031,0.8787924905450374,1244
2169,1254.089313087031,0.8787924905450374,1244
2170,1254.089313087031,0.8787924905450374,1244
2171,1254.089313087031,0.8787924905450374,1244
2172,1254.089313087031,0.8787924905450374,1244
2173,1254.089313087031,0.8787924905450374,1244
2174,1254.089313087031,0.8787924905450374,1244
2175,1254.089313087031,0.8787924905450374,1244
2176,1254.089313087031,0.8787924905450374,1244
2177,1278.6620074836499,0.8719124521426015,1268
2178,1278.6620074836499,0.8719124521426015,1268
2179,1278.6620074836499,0.8719124521426015,1268
2180,1261.2576713902033,0.8767699256342713,1251
2181,1261.2576713902033,0.8767699256342713,1251
2182,1261.2576713902033,0.8767699256342713,1251
2183,1261.2576713902033,0.8767699256342713,1251
2184,1260.2336863045348,0.877058069383292,1250
2185,1260.2336863045348,0.877058069383292,1250
2186,1260.2336863045348,0.877058069383292,1250
2187,1260.2336863045348,0.877058069383292,1250
2188,1260.2336863045348,0.877058069383292,1250
2189,1260.2336863045348,0.877058069383292,1250
2190,1260.2336863045348,0.877058069383292,1250
2191,1260.2336863045348,0.877058069383292,1250
2192,1260.2336863045348,0.877058069383292,1250
2193,1260.2336863045348,0.877058069383292,1250
2194,1260.2336863045348,0.877058069383292,1250
2195,1260.2336863045348,0.877058069383292,1250
2196,1263.0762660435307,0.8789492306159216,1253
2197,1263.0762660435307,0.8789492306159216,1253
2198,1263.0762660435307,0.8789492306159216,1253
2199,1263.0762660435307,0.8789492306159216,1253
2200,1275.362178914668,0.8755144291846715,1265
2201,1275.362178914668,0.8755144291846715,1265
2202,1275.362178914668,0.8755144291846715,1265
2203,1275.362178914668,0.8755144291846715,1265
2204,1274.338472683898,0.8757992229228975,1264
2205,1274.338472683898,0.8757992229228975,1264
2206,1274.338472683898,0.8757992229228975,1264
2207,1274.338472683898,0.8757992229228975,1264
2208,1274.338472683898,0.8757992229228975,1264
2209,1274.338472683898,0.8757992229228975,1264
2210,1274.338472683898,0.8757992229228975,1264
2211,1274.338472683898,0.8757992229228975,1264
2212,1274.338472683898,0.8757992229228975,1264
2213,1274.338472683898,0.8757992229228975,1264
2214,1274.338472683898,0.8757992229228975,1264
2215,1274.338472683898,0.8757992229228975,1264
2216,1274.338472683898,0.8757992229228975,1264
2217,1274.338472683898,0.8757992229228975,1264
2218,1274.338472683898,0.8757992229228975,1264
2219,1274.338472683898,0.8757992229228975,1264
2220,1284.7720058636696,0.882604446616174,1275
2221,1284.7720058636696,0.882604446616174,1275
2222,1284.7720058636696,0.882604446616174,1275
2223,1284.7720058636696,0.882604446616174,1275
2224,1284.7720058636696,0.882604446616174,1275
2225,1260.2007752508978,0.8894668999171347,1251
2226,1260.2007752508978,0.8894668999171347,1251
2227,1260.2007752508978,0.8894668999171347,1251
2228,1260.2007752508978,0.8894668999171347,1251
2229,1260.2007752508978,0.8894668999171347,1251
2230,1260.2007752508978,0.8894668999171347,1251
2231,1260.2007752508978,0.8894668999171347,1251
2232,1260.2007752508978,0.8894668999171347,1251
2233,1260.2007752508978,0.8894668999171347,1251
2234,1260.2007752508978,0.8894668999171347,1251
2235,1260.2007752508978,0.8894668999171347,1251
2236,1260.2007752508978,0.8894668999171347,1251
2237,1260.2007752508978,0.8894668999171347,1251
2238,1253.5562399670525,0.8851965405207523,1244
2239,1253.5562399670525,0.8851965405207523,1244
2240,1253.5562399670525,0.8851965405207523,1244
2241,1253.5562399670525,0.8851965405207523,1244
2242,1253.5562399670525,0.8851965405207523,1244
2243,1253.5562399670525,0.8851965405207523,1244
2244,1253.5562399670525,0.8851965405207523,1244
2245,1253.5562399670525,0.8851965405207523,1244
2246,1253.5562399670525,0.8851965405207523,1244
2247,1253.5562399670525,0.8851965405207523,1244
2248,1253.5562399670525,0.8851965405207523,1244
2249,1253.5562399670525,0.8851965405207523,1244
2250,1253.5562399670525,0.8851965405207523,1244
2251,1253.5562399670525,0.8851965405207523,1244
2252,1253.5562399670525,0.8851965405207523,1244
2253,1253.5562399670525,0.8851965405207523,1244
2254,1253.5562399670525,0.8851965405207523,1244
2255,1253.5562399670525,0.8851965405207523,1244
2256,1253.5562399670525,0.8851965405207523,1244
2257,1253.5562399670525,0.8851965405207523,1244
2258,1253.5562399670525,0.8851965405207523,1244
2259,1253.5562399670525,0.8851965405207523,1244
2260,1253.5562399670525,0.8851965405207523,1244
2261,1253.5562399670525,0.8851965405207523,1244
2262,1253.5562399670525,0.8851965405207523,1244
2263,1253.5562399670525,0.8851965405207523,1244
2264,1253.5562399670525,0.8851965405207523,1244
2265,1253.5562399670525,0.8851965405207523,1244
2266,1253.5562399670525,0.8851965405207523,1244
2267,1253.5562399670525,0.8851965405207523,1244
2268,1253.5562399670525,0.8851965405207523,1244
2269,1253.5562399670525,0.8851965405207523,1244
2270,1253.5562399670525,0.8851965405207523,1244
2271,1253.5562399670525,0.8851965405207523,1244
2272,1253.5562399670525,0.8851965405207523,1244
2273,1253.5562399670525,0.8851965405207523,1244
2274,1253.5562399670525,0.8851965405207523,1244
2275,1250.4836569231106,0.8860685136579702,1241
2276,1234.231217002946,0.865074279157302,1223
2277,1234.231217002946,0.865074279157302,1223
2278,1220.9125910979228,0.8689020771513353,1210
2279,1220.9125910979228,0.8689020771513353,1210
2280,1220.9125910979228,0.8689020771513353,1210
2281,1220.9125910979228,0.8689020771513353,1210
2282,1220.9125910979228,0.8689020771513353,1210
2283,1220.9125910979228,0.8689020771513353,1210
2284,1220.9125910979228,0.8689020771513353,1210
2285,1220.9125910979228,0.8689020771513353,1210
2286,1220.9125910979228,0.8689020771513353,1210
2287,1220.9125910979228,0.8689020771513353,1210
2288,1220.9125910979228,0.8689020771513353,1210
2289,1220.9125910979228,0.8689020771513353,1210
2290,1220.9125910979228,0.8689020771513353,1210
2291,1220.9125910979228,0.8689020771513353,1210
2292,1220.9125910979228,0.8689020771513353,1210
2293,1248.5694821565426,0.8610105459329341,1237
2294,1248.5694821565426,0.8610105459329341,1237
2295,1248.5694821565426,0.8610105459329341,1237
2296,1248.5694821565426,0.8610105459329341,1237
2297,1248.5694821565426,0.8610105459329341,1237
2298,1248.5694821565426,0.8610105459329341,1237
2299,1248.5694821565426,0.8610105459329341,1237
2300,1248.5694821565426,0.8610105459329341,1237
2301,1248.5694821565426,0.8610105459329341,1237
2302,1248.5694821565426,0.8610105459329341,1237
2303,1255.7367091485564,0.859001571977939,1244
2304,1255.7367091485564,0.859001571977939,1244
2305,1255.7367091485564,0.859001571977939,1244
2306,1255.7367091485564,0.859001571977939,1244
2307,1255.7367091485564,0.859001571977939,1244
2308,1255.7367091485564,0.859001571977939,1244
2309,1255.7367091485564,0.859001571977939,1244
2310,1255.7367091485564,0.859001571977939,1244
2311,1255.7367091485564,0.859001571977939,1244
2312,1255.7367091485564,0.859001571977939,1244
2313,1264.9498420557088,0.8564411093739942,1253
2314,1264.9498420557088,0.8564411093739942,1253
2315,1264.9498420557088,0.8564411093739942,1253
2316,1264.9498420557088,0.8564411093739942,1253
2317,1264.9498420557088,0.8564411093739942,1253
2318,1278.8935710459157,0.8451036635521904,1266
2319,1278.8935710459157,0.8451036635521904,1266
2320,1278.8935710459157,0.8451036635521904,1266
2321,1269.6855245480754,0.8476030208063995,1257
2322,1269.6855245480754,0.8476030208063995,1257
2323,1269.6855245480754,0.8476030208063995,1257
2324,1269.6855245480754,0.8476030208063995,1257
2325,1254.6329296177723,0.8602483227081651,1243
2326,1254.6329296177723,0.8602483227081651,1243
2327,1254.6329296177723,0.8602483227081651,1243
2328,1254.6329296177723,0.8602483227081651,1243
2329,1254.6329296177723,0.8602483227081651,1243
2330,1246.441325699524,0.8625501477712164,1235
2331,1246.441325699524,0.8625501477712164,1235
2332,1246.441325699524,0.8625501477712164,1235
2333,1277.231916129269,0.8650658802346343,1266
2334,1277.231916129269,0.8650658802346343,1266
2335,1277.231916129269,0.8650658802346343,1266
2336,1270.066717771712,0.8670504832807295,1259
2337,1291.558772876638,0.861139201385896,1280
2338,1291.558772876638,0.861139201385896,1280
2339,1291.558772876638,0.861139201385896,1280
2340,1311.6687467074871,0.8838449458495048,1302
2341,1311.6687467074871,0.8838449458495048,1302
2342,1308.5994119836716,0.8846778954388312,1299
2343,1308.5994119836716,0.8846778954388312,1299
2344,1308.5994119836716,0.8846778954388312,1299
2345,1310.6456538458726,0.8841223709049425,1301
2346,1310.6456538458726,0.8841223709049425,1301
2347,1310.6456538458726,0.8841223709049425,1301
2348,1310.6456538458726,0.8841223709049425,1301
2349,1310.6456538458726,0.8841223709049425,1301
2350,1310.6456538458726,0.8841223709049425,1301
2351,1310.6456538458726,0.8841223709049425,1301
2352,1310.6456538458726,0.8841223709049425,1301
2353,1305.8941692337394,0.8811368424586821,1296
2354,1305.8941692337394,0.8811368424586821,1296
2355,1305.8941692337394,0.8811368424586821,1296
2356,1305.8941692337394,0.8811368424586821,1296
2357,1305.8941692337394,0.8811368424586821,1296
2358,1305.8941692337394,0.8811368424586821,1296
2359,1305.8941692337394,0.8811368424586821,1296
2360,1313.4983733588963,0.8858917184178718,1304
2361,1313.4983733588963,0.8858917184178718,1304
2362,1313.4983733588963,0.8858917184178718,1304
2363,1313.4983733588963,0.8858917184178718,1304
2364,1313.4983733588963,0.8858917184178718,1304
2365,1313.4983733588963,0.8858917184178718,1304
2366,1313.4983733588963,0.8858917184178718,1304
2367,1313.4983733588963,0.8858917184178718,1304
2368,1313.4983733588963,0.8858917184178718,1304
2369,1313.4983733588963,0.8858917184178718,1304
2370,1313.4983733588963,0.8858917184178718,1304
2371,1298.1505451565035,0.8900703368992837,1289
2372,1301.0054622270757,0.8918132841533442,1292
2373,1301.0054622270757,0.8918132841533442,1292
2374,1301.0054622270757,0.8918132841533442,1292
2375,1301.0054622270757,0.8918132841533442,1292
2376,1301.0054622270757,0.8918132841533442,1292
2377,1301.0054622270757,0.8918132841533442,1292
2378,1301.0054622270757,0.8918132841533442,1292
2379,1296.2480500634863,0.8888989660801742,1287
2380,1296.2480500634863,0.8888989660801742,1287
2381,1296.2480500634863,0.8888989660801742,1287
2382,1296.2480500634863,0.8888989660801742,1287
2383,1296.2480500634863,0.8888989660801742,1287
2384,1296.2480500634863,0.8888989660801742,1287
2385,1294.2012951497334,0.8894606541358324,1285
2386,1294.2012951497334,0.8894606541358324,1285
2387,1294.2012951497334,0.8894606541358324,1285
2388,1294.2012951497334,0.8894606541358324,1285
2389,1294.2012951497334,0.8894606541358324,1285
2390,1294.2012951497334,0.8894606541358324,1285
2391,1294.2012951497334,0.8894606541358324,1285
2392,1294.2012951497334,0.8894606541358324,1285
2393,1294.2012951497334,0.8894606541358324,1285
2394,1294.2012951497334,0.8894606541358324,1285
2395,1294.2012951497334,0.8894606541358324,1285
2396,1294.2012951497334,0.8894606541358324,1285
2397,1283.8227100930753,0.8819953136343679,1274
2398,1283.8227100930753,0.8819953136343679,1274
2399,1287.620842138095,0.8844204452415299,1278
2400,1287.620842138095,0.8844204452415299,1278
2401,1287.620842138095,0.8844204452415299,1278
2402,1302.9714295732604,0.8802086788411785,1293
2403,1302.9714295732604,0.8802086788411785,1293
2404,1302.9714295732604,0.8802086788411785,1293
2405,1302.9714295732604,0.8802086788411785,1293
2406,1302.9714295732604,0.8802086788411785,1293
2407,1302.9714295732604,0.8802086788411785,1293
2408,1302.9714295732604,0.8802086788411785,1293
2409,1302.9714295732604,0.8802086788411785,1293
2410,1302.9714295732604,0.8802086788411785,1293
2411,1307.1378212663235,0.878209739712597,1297
2412,1307.1378212663235,0.878209739712597,1297
2413,1307.1378212663235,0.878209739712597,1297
2414,1307.1378212663235,0.878209739712597,1297
2415,1308.1609482976041,0.8779319041614123,1298
2416,1308.1609482976041,0.8779319041614123,1298
2417,1308.1609482976041,0.8779319041614123,1298
2418,1308.1609482976041,0.8779319041614123,1298
2419,1297.7268041237114,0.8711340206185567,1287
2420,1297.7268041237114,0.8711340206185567,1287
2421,1297.7268041237114,0.8711340206185567,1287
2422,1297.7268041237114,0.8711340206185567,1287
2423,1297.7268041237114,0.8711340206185567,1287
2424,1297.7268041237114,0.8711340206185567,1287
2425,1297.7268041237114,0.8711340206185567,1287
2426,1311.0098076989048,0.8797476249530916,1301
2427,1308.1609482976041,0.8779319041614123,1298
2428,1308.1609482976041,0.8779319041614123,1298
2429,1307.1378212663235,0.878209739712597,1297
2430,1307.1378212663235,0.878209739712597,1297
2431,1307.1378212663235,0.878209739712597,1297
2432,1307.1378212663235,0.878209739712597,1297
2433,1307.1378212663235,0.878209739712597,1297
2434,1307.1378212663235,0.878209739712597,1297
2435,1307.1378212663235,0.878209739712597,1297
2436,1287.6945974964567,0.8835343885577037,1278
2437,1287.6945974964567,0.8835343885577037,1278
2438,1281.5531524914813,0.8852336317698063,1272
2439,1281.5531524914813,0.8852336317698063,1272
2440,1281.5531524914813,0.8852336317698063,1272
2441,1281.5531524914813,0.8852336317698063,1272
2442,1281.5531524914813,0.8852336317698063,1272
2443,1281.5531524914813,0.8852336317698063,1272
2444,1281.5531524914813,0.8852336317698063,1272
2445,1281.5531524914813,0.8852336317698063,1272
2446,1281.5531524914813,0.8852336317698063,1272
2447,1281.5531524914813,0.8852336317698063,1272
2448,1279.6539238147438,0.8840230200054809,1270
2449,1279.6539238147438,0.8840230200054809,1270
2450,1279.6539238147438,0.8840230200054809,1270
2451,1279.6539238147438,0.8840230200054809,1270
2452,1279.6539238147438,0.8840230200054809,1270
2453,1279.6539238147438,0.8840230200054809,1270
2454,1279.6539238147438,0.8840230200054809,1270
2455,1279.6539238147438,0.8840230200054809,1270
2456,1279.6539238147438,0.8840230200054809,1270
2457,1279.6539238147438,0.8840230200054809,1270
2458,1279.6539238147438,0.8840230200054809,1270
2459,1279.6539238147438,0.8840230200054809,1270
2460,1279.6539238147438,0.8840230200054809,1270
2461,1279.6539238147438,0.8840230200054809,1270
2462,1279.6539238147438,0.8840230200054809,1270
2463,1279.6539238147438,0.8840230200054809,1270
2464,1279.6539238147438,0.8840230200054809,1270
2465,1279.6539238147438,0.8840230200054809,1270
2466,1279.6539238147438,0.8840230200054809,1270
2467,1279.6539238147438,0.8840230200054809,1270
2468,1279.6539238147438,0.8840230200054809,1270
2469,1273.011663183066,0.879725334177486,1263
2470,1273.011663183066,0.879725334177486,1263
2471,1292.5912272999444,0.8847762217690482,1283
2472,1292.5912272999444,0.8847762217690482,1283
2473,1297.3437580189093,0.887749182857889,1288
2474,1297.3437580189093,0.887749182857889,1288
2475,1297.3437580189093,0.887749182857889,1288
2476,1297.3437580189093,0.887749182857889,1288
2477,1294.2736504775999,0.8885914166554554,1285
2478,1294.2736504775999,0.8885914166554554,1285
2479,1294.2736504775999,0.8885914166554554,1285
2480,1294.2736504775999,0.8885914166554554,1285
2481,1276.2340498798314,0.8770537015878019,1266
2482,1276.2340498798314,0.8770537015878019,1266
2483,1276.2340498798314,0.8770537015878019,1266
2484,1276.2340498798314,0.8770537015878019,1266
2485,1277.1820769177777,0.8776780764322714,1267
2486,1277.1820769177777,0.8776780764322714,1267
2487,1277.1820769177777,0.8776780764322714,1267
2488,1277.1820769177777,0.8776780764322714,1267
2489,1277.1820769177777,0.8776780764322714,1267
2490,1277.1820769177777,0.8776780764322714,1267
2491,1277.1820769177777,0.8776780764322714,1267
2492,1277.1820769177777,0.8776780764322714,1267
2493,1277.1820769177777,0.8776780764322714,1267
2494,1277.1820769177777,0.8776780764322714,1267
2495,1277.1820769177777,0.8776780764322714,1267
2496,1277.1820769177777,0.8776780764322714,1267
2497,1280.9757729587307,0.8801564997749812,1271
2498,1286.6710719755806,0.8838170113457389,1277
2499,1286.6710719755806,0.8838170113457389,1277
2500,1286.6710719755806,0.8838170113457389,1277
2501,1286.6710719755806,0.8838170113457389,1277
2502,1286.6710719755806,0.8838170113457389,1277
2503,1286.6710719755806,0.8838170113457389,1277
2504,1286.6710719755806,0.8838170113457389,1277
2505,1295.8820941073654,0.8812819064468341,1286
2506,1295.8820941073654,0.8812819064468341,1286
2507,1295.8820941073654,0.8812819064468341,1286
2508,1295.8820941073654,0.8812819064468341,1286
2509,1295.8820941073654,0.8812819064468341,1286
2510,1295.8820941073654,0.8812819064468341,1286
2511,1292.085121779584,0.8788428426287365,1282
2512,1292.085121779584,0.8788428426287365,1282
2513,1292.085121779584,0.8788428426287365,1282
2514,1294.9326180588964,0.8806749392251757,1285
2515,1310.1428072050278,0.8901632964316706,1301
2516,1310.1428072050278,0.8901632964316706,1301
2517,1310.1428072050278,0.8901632964316706,1301
2518,1310.1428072050278,0.8901632964316706,1301
2519,1310.1428072050278,0.8901632964316706,1301
2520,1310.1428072050278,0.8901632964316706,1301
2521,1310.1428072050278,0.8901632964316706,1301
2522,1310.1428072050278,0.8901632964316706,1301
2523,1310.1428072050278,0.8901632964316706,1301
2524,1310.1428072050278,0.8901632964316706,1301
2525,1300.6318003576034,0.8842887991638237,1291
2526,1300.6318003576034,0.8842887991638237,1291
2527,1299.6085091236919,0.8845686073559367,1290
2528,1299.6085091236919,0.8845686073559367,1290
2529,1283.2333049952454,0.8890761052949864,1274
2530,1283.2333049952454,0.8890761052949864,1274
2531,1283.2333049952454,0.8890761052949864,1274
2532,1283.2333049952454,0.8890761052949864,1274
2533,1283.2333049952454,0.8890761052949864,1274
2534,1283.2333049952454,0.8890761052949864,1274
2535,1283.2333049952454,0.8890761052949864,1274
2536,1283.2333049952454,0.8890761052949864,1274
2537,1283.2333049952454,0.8890761052949864,1274
2538,1283.2333049952454,0.8890761052949864,1274
2539,1283.2333049952454,0.8890761052949864,1274
2540,1283.2333049952454,0.8890761052949864,1274
2541,1283.2333049952454,0.8890761052949864,1274
2542,1283.2333049952454,0.8890761052949864,1274
2543,1283.2333049952454,0.8890761052949864,1274
2544,1283.2333049952454,0.8890761052949864,1274
2545,1283.2333049952454,0.8890761052949864,1274
2546,1283.2333049952454,0.8890761052949864,1274
2547,1283.2333049952454,0.8890761052949864,1274
2548,1272.7861071533282,0.8824350414064358,1263
2549,1272.7861071533282,0.8824350414064358,1263
2550,1272.7861071533282,0.8824350414064358,1263
2551,1260.4991782189763,0.8858820492674637,1251
2552,1268.6907854598562,0.8835801842881272,1259
2553,1268.6907854598562,0.8835801842881272,1259
2554,1268.6907854598562,0.8835801842881272,1259
2555,1268.6907854598562,0.8835801842881272,1259
2556,1268.6907854598562,0.8835801842881272,1259
2557,1268.6907854598562,0.8835801842881272,1259
2558,1268.6907854598562,0.8835801842881272,1259
2559,1285.7260674162237,0.8951697811602143,1277
2560,1285.7260674162237,0.8951697811602143,1277
2561,1283.8223561632385,0.8940130206242376,1275
2562,1283.8223561632385,0.8940130206242376,1275
2563,1283.8223561632385,0.8940130206242376,1275
2564,1285.8694443050388,0.8934473293484038,1277
2565,1285.8694443050388,0.8934473293484038,1277
2566,1285.8694443050388,0.8934473293484038,1277
2567,1273.5859243184593,0.8968533839685339,1265
2568,1273.5859243184593,0.8968533839685339,1265
2569,1273.5859243184593,0.8968533839685339,1265
2570,1273.5859243184593,0.8968533839685339,1265
2571,1273.5859243184593,0.8968533839685339,1265
2572,1273.5859243184593,0.8968533839685339,1265
2573,1273.5859243184593,0.8968533839685339,1265
2574,1273.5859243184593,0.8968533839685339,1265
2575,1273.5859243184593,0.8968533839685339,1265
2576,1273.5859243184593,0.8968533839685339,1265
2577,1273.5859243184593,0.8968533839685339,1265
2578,1273.5859243184593,0.8968533839685339,1265
2579,1273.5859243184593,0.8968533839685339,1265
2580,1295.0805022474865,0.8909117942397118,1286
2581,1295.0805022474865,0.8909117942397118,1286
2582,1295.0805022474865,0.8909117942397118,1286
2583,1295.0805022474865,0.8909117942397118,1286
2584,1295.0805022474865,0.8909117942397118,1286
2585,1295.0805022474865,0.8909117942397118,1286
2586,1295.0805022474865,0.8909117942397118,1286
2587,1295.0805022474865,0.8909117942397118,1286
2588,1295.0805022474865,0.8909117942397118,1286
2589,1283.674318036286,0.883778014941302,1274
2590,1283.674318036286,0.883778014941302,1274
2591,1283.674318036286,0.883778014941302,1274
2592,1298.8876144058881,0.8932290436582402,1290
2593,1298.8876144058881,0.8932290436582402,1290
2594,1298.8876144058881,0.8932290436582402,1290
2595,1298.8876144058881,0.8932290436582402,1290
2596,1298.8876144058881,0.8932290436582402,1290
2597,1270.3960069144339,0.8751080380293863,1260
2598,1270.3960069144339,0.8751080380293863,1260
2599,1270.3960069144339,0.8751080380293863,1260
2600,1278.5855714409797,0.8728307131069226,1268
2601,1278.5855714409797,0.8728307131069226,1268
2602,1278.5855714409797,0.8728307131069226,1268
2603,1278.5855714409797,0.8728307131069226,1268
2604,1278.5855714409797,0.8728307131069226,1268
2605,1278.5855714409797,0.8728307131069226,1268
2606,1278.5855714409797,0.8728307131069226,1268
2607,1278.5855714409797,0.8728307131069226,1268
2608,1278.5855714409797,0.8728307131069226,1268
2609,1278.5855714409797,0.8728307131069226,1268
2610,1278.5855714409797,0.8728307131069226,1268
2611,1278.5855714409797,0.8728307131069226,1268
2612,1278.5855714409797,0.8728307131069226,1268
2613,1278.5855714409797,0.8728307131069226,1268
2614,1278.5855714409797,0.8728307131069226,1268
2615,1278.5855714409797,0.8728307131069226,1268
2616,1278.5855714409797,0.8728307131069226,1268
2617,1278.5855714409797,0.8728307131069226,1268
2618,1288.8205082990646,0.8700083097181088,1278
2619,1288.8205082990646,0.8700083097181088,1278
2620,1289.3893128674838,0.8751884566616555,1279
2621,1289.3893128674838,0.8751884566616555,1279
2622,1281.201168779392,0.8774487172105726,1271
2623,1281.201168779392,0.8774487172105726,1271
2624,1281.201168779392,0.8774487172105726,1271
2625,1281.201168779392,0.8774487172105726,1271
2626,1281.201168779392,0.8774487172105726,1271
2627,1281.201168779392,0.8774487172105726,1271
2628,1281.201168779392,0.8774487172105726,1271
2629,1281.201168779392,0.8774487172105726,1271
2630,1281.201168779392,0.8774487172105726,1271
2631,1253.0321019049572,0.891493249580043,1244
2632,1253.0321019049572,0.891493249580043,1244
2633,1253.0321019049572,0.891493249580043,1244
2634,1253.0321019049572,0.891493249580043,1244
2635,1253.0321019049572,0.891493249580043,1244
2636,1253.0321019049572,0.891493249580043,1244
2637,1253.0321019049572,0.891493249580043,1244
2638,1253.0321019049572,0.891493249580043,1244
2639,1253.0321019049572,0.891493249580043,1244
2640,1253.0321019049572,0.891493249580043,1244
2641,1253.0321019049572,0.891493249580043,1244
2642,1253.0321019049572,0.891493249580043,1244
2643,1253.0321019049572,0.891493249580043,1244
2644,1253.0321019049572,0.891493249580043,1244
2645,1253.0321019049572,0.891493249580043,1244
2646,1253.0321019049572,0.891493249580043,1244
2647,1253.0321019049572,0.891493249580043,1244
2648,1253.0321019049572,0.891493249580043,1244
2649,1253.0321019049572,0.891493249580043,1244
2650,1253.0321019049572,0.891493249580043,1244
2651,1253.0321019049572,0.891493249580043,1244
2652,1253.0321019049572,0.891493249580043,1244
2653,1253.0321019049572,0.891493249580043,1244
2654,1253.0321019049572,0.891493249580043,1244
2655,1253.0321019049572,0.891493249580043,1244
2656,1256.1045016374776,0.8906234786463518,1247
2657,1256.1045016374776,0.8906234786463518,1247
2658,1256.1045016374776,0.8906234786463518,1247
2659,1256.1045016374776,0.8906234786463518,1247
2660,1256.1045016374776,0.8906234786463518,1247
2661,1256.1045016374776,0.8906234786463518,1247
2662,1256.1045016374776,0.8906234786463518,1247
2663,1263.7089244178444,0.8953757278010035,1255
2664,1263.7089244178444,0.8953757278010035,1255
2665,1263.7089244178444,0.8953757278010035,1255
2666,1263.7089244178444,0.8953757278010035,1255
2667,1268.8283456572121,0.8939410661074937,1260
2668,1270.8759948394045,0.8933686347981198,1262
2669,1270.8759948394045,0.8933686347981198,1262
2670,1277.0185268313676,0.89165633311668,1268
2671,1281.7752012754086,0.8945795137504982,1273
2672,1281.7752012754086,0.8945795137504982,1273
2673,1281.7752012754086,0.8945795137504982,1273
2674,1281.7752012754086,0.8945795137504982,1273
2675,1275.6333411350884,0.8962837441724129,1267
2676,1287.8960124883606,0.917155063811141,1281
2677,1287.8960124883606,0.917155063811141,1281
2678,1287.8960124883606,0.917155063811141,1281
2679,1287.8960124883606,0.917155063811141,1281
2680,1287.8960124883606,0.917155063811141,1281
2681,1287.8960124883606,0.917155063811141,1281
2682,1287.8960124883606,0.917155063811141,1281
2683,1287.8960124883606,0.917155063811141,1281
2684,1287.8960124883606,0.917155063811141,1281
2685,1287.8960124883606,0.917155063811141,1281
2686,1287.8960124883606,0.917155063811141,1281
2687,1287.8960124883606,0.917155063811141,1281
2688,1287.8960124883606,0.917155063811141,1281
2689,1287.8960124883606,0.917155063811141,1281
2690,1287.8960124883606,0.917155063811141,1281
2691,1287.8960124883606,0.917155063811141,1281
2692,1290.9649191640729,0.9163272565584705,1284
2693,1290.9649191640729,0.9163272565584705,1284
2694,1290.9649191640729,0.9163272565584705,1284
2695,1290.9649191640729,0.9163272565584705,1284
2696,1290.9649191640729,0.9163272565584705,1284
2697,1286.8730275229357,0.9174311926605505,1280
2698,1275.619699432406,0.9204745382940172,1269
2699,1275.619699432406,0.9204745382940172,1269
2700,1275.619699432406,0.9204745382940172,1269
2701,1275.619699432406,0.9204745382940172,1269
2702,1275.619699432406,0.9204745382940172,1269
2703,1275.619699432406,0.9204745382940172,1269
2704,1275.619699432406,0.9204745382940172,1269
2705,1275.619699432406,0.9204745382940172,1269
2706,1275.619699432406,0.9204745382940172,1269
2707,1283.804025947553,0.9182601399861477,1277
2708,1283.804025947553,0.9182601399861477,1277
2709,1284.53925529435,0.9094274952624951,1277
2710,1284.53925529435,0.9094274952624951,1277
2711,1284.53925529435,0.9094274952624951,1277
2712,1284.53925529435,0.9094274952624951,1277
2713,1284.53925529435,0.9094274952624951,1277
2714,1284.53925529435,0.9094274952624951,1277
2715,1284.53925529435,0.9094274952624951,1277
2716,1284.53925529435,0.9094274952624951,1277
2717,1284.53925529435,0.9094274952624951,1277
2718,1284.53925529435,0.9094274952624951,1277
2719,1276.3525950726512,0.9116699294491691,1269
2720,1274.4419354721601,0.910596642573762,1267
2721,1275.4653719451849,0.9103150895580865,1268
2722,1275.4653719451849,0.9103150895580865,1268
2723,1275.4653719451849,0.9103150895580865,1268
2724,1275.4653719451849,0.9103150895580865,1268
2725,1275.4653719451849,0.9103150895580865,1268
2726,1275.4653719451849,0.9103150895580865,1268
2727,1275.4653719451849,0.9103150895580865,1268
2728,1275.4653719451849,0.9103150895580865,1268
2729,1275.4653719451849,0.9103150895580865,1268
2730,1275.4653719451849,0.9103150895580865,1268
2731,1275.4653719451849,0.9103150895580865,1268
2732,1275.4653719451849,0.9103150895580865,1268
2733,1275.4653719451849,0.9103150895580865,1268
2734,1275.4653719451849,0.9103150895580865,1268
2735,1275.4653719451849,0.9103150895580865,1268
2736,1275.4653719451849,0.9103150895580865,1268
2737,1275.4653719451849,0.9103150895580865,1268
2738,1275.4653719451849,0.9103150895580865,1268
2739,1275.4653719451849,0.9103150895580865,1268
2740,1275.4653719451849,0.9103150895580865,1268
2741,1275.4653719451849,0.9103150895580865,1268
2742,1275.4653719451849,0.9103150895580865,1268
2743,1275.4653719451849,0.9103150895580865,1268
2744,1275.4653719451849,0.9103150895580865,1268
2745,1275.4653719451849,0.9103150895580865,1268
2746,1275.4653719451849,0.9103150895580865,1268
2747,1275.4653719451849,0.9103150895580865,1268
2748,1275.4653719451849,0.9103150895580865,1268
2749,1275.4653719451849,0.9103150895580865,1268
2750,1275.4653719451849,0.9103150895580865,1268
2751,1275.4653719451849,0.9103150895580865,1268
2752,1275.4653719451849,0.9103150895580865,1268
2753,1275.4653719451849,0.9103150895580865,1268
2754,1275.4653719451849,0.9103150895580865,1268
2755,1274.5103237989447,0.9097750624826437,1267
2756,1260.2046138593364,0.9014342400368048,1252
2757,1260.2046138593364,0.9014342400368048,1252
2758,1260.2046138593364,0.9014342400368048,1252
2759,1260.2046138593364,0.9014342400368048,1252
2760,1260.2046138593364,0.9014342400368048,1252
2761,1260.2046138593364,0.9014342400368048,1252
2762,1260.2046138593364,0.9014342400368048,1252
2763,1260.2046138593364,0.9014342400368048,1252
2764,1260.2046138593364,0.9014342400368048,1252
2765,1268.541245921052,0.8853766708186942,1259
2766,1268.541245921052,0.8853766708186942,1259
2767,1268.541245921052,0.8853766708186942,1259
2768,1268.541245921052,0.8853766708186942,1259
2769,1268.541245921052,0.8853766708186942,1259
2770,1268.541245921052,0.8853766708186942,1259
2771,1268.541245921052,0.8853766708186942,1259
2772,1258.3015042049822,0.8882567971530249,1249
2773,1258.3015042049822,0.8882567971530249,1249
2774,1258.3015042049822,0.8882567971530249,1249
2775,1255.2280624579128,0.9011525413513617,1247
2776,1227.7176494971045,0.9072843645230113,1220
2777,1227.7176494971045,0.9072843645230113,1220
2778,1227.7176494971045,0.9072843645230113,1220
2779,1227.7176494971045,0.9072843645230113,1220
2780,1227.7176494971045,0.9072843645230113,1220
2781,1227.7176494971045,0.9072843645230113,1220
2782,1227.7176494971045,0.9072843645230113,1220
2783,1227.7176494971045,0.9072843645230113,1220
2784,1227.7176494971045,0.9072843645230113,1220
2785,1227.7176494971045,0.9072843645230113,1220
2786,1227.7176494971045,0.9072843645230113,1220
2787,1227.7176494971045,0.9072843645230113,1220
2788,1227.7176494971045,0.9072843645230113,1220
2789,1227.7176494971045,0.9072843645230113,1220
2790,1227.7176494971045,0.9072843645230113,1220
2791,1227.7176494971045,0.9072843645230113,1220
2792,1227.7176494971045,0.9072843645230113,1220
2793,1227.7176494971045,0.9072843645230113,1220
2794,1227.7176494971045,0.9072843645230113,1220
2795,1227.7176494971045,0.9072843645230113,1220
2796,1227.7176494971045,0.9072843645230113,1220
2797,1227.7176494971045,0.9072843645230113,1220
2798,1251.7888058656156,0.9184429857566604,1245
2799,1251.7888058656156,0.9184429857566604,1245
2800,1251.7888058656156,0.9184429857566604,1245
2801,1251.7888058656156,0.9184429857566604,1245
2802,1251.7888058656156,0.9184429857566604,1245
2803,1251.7888058656156,0.9184429857566604,1245
2804,1251.7888058656156,0.9184429857566604,1245
2805,1251.7888058656156,0.9184429857566604,1245
2806,1251.7888058656156,0.9184429857566604,1245
2807,1251.7888058656156,0.9184429857566604,1245
2808,1251.7888058656156,0.9184429857566604,1245
2809,1251.7888058656156,0.9184429857566604,1245
2810,1251.7888058656156,0.9184429857566604,1245
2811,1251.7888058656156,0.9184429857566604,1245
2812,1251.7888058656156,0.9184429857566604,1245
2813,1251.7888058656156,0.9184429857566604,1245
2814,1251.7888058656156,0.9184429857566604,1245
2815,1251.7888058656156,0.9184429857566604,1245
2816,1251.7888058656156,0.9184429857566604,1245
2817,1251.7888058656156,0.9184429857566604,1245
2818,1251.7888058656156,0.9184429857566604,1245
2819,1251.7888058656156,0.9184429857566604,1245
2820,1251.7888058656156,0.9184429857566604,1245
2821,1251.7888058656156,0.9184429857566604,1245
2822,1251.7888058656156,0.9184429857566604,1245
2823,1251.7888058656156,0.9184429857566604,1245
2824,1251.7888058656156,0.9184429857566604,1245
2825,1251.7888058656156,0.9184429857566604,1245
2826,1251.7888058656156,0.9184429857566604,1245
2827,1251.7888058656156,0.9184429857566604,1245
2828,1251.7888058656156,0.9184429857566604,1245
2829,1284.53925529435,0.9094274952624951,1277
2830,1284.53925529435,0.9094274952624951,1277
2831,1284.53925529435,0.9094274952624951,1277
2832,1283.0152139640877,0.8916961320988984,1274
2833,1283.0152139640877,0.8916961320988984,1274
2834,1283.0152139640877,0.8916961320988984,1274
2835,1283.0152139640877,0.8916961320988984,1274
2836,1283.0152139640877,0.8916961320988984,1274
2837,1283.0152139640877,0.8916961320988984,1274
2838,1283.0152139640877,0.8916961320988984,1274
2839,1254.0771788636407,0.8669248094228652,1243
2840,1254.0771788636407,0.8669248094228652,1243
2841,1250.2980294133213,0.8642716312671644,1239
2842,1250.2980294133213,0.8642716312671644,1239
2843,1250.2980294133213,0.8642716312671644,1239
2844,1250.2980294133213,0.8642716312671644,1239
2845,1250.2980294133213,0.8642716312671644,1239
2846,1250.2980294133213,0.8642716312671644,1239
2847,1250.2980294133213,0.8642716312671644,1239
2848,1262.5843527593358,0.8608318986144191,1251
2849,1262.5843527593358,0.8608318986144191,1251
2850,1262.5843527593358,0.8608318986144191,1251
2851,1262.5843527593358,0.8608318986144191,1251
2852,1262.5843527593358,0.8608318986144191,1251
2853,1262.5843527593358,0.8608318986144191,1251
2854,1262.5843527593358,0.8608318986144191,1251
2855,1262.5843527593358,0.8608318986144191,1251
2856,1262.5843527593358,0.8608318986144191,1251
2857,1262.5843527593358,0.8608318986144191,1251
2858,1262.5843527593358,0.8608318986144191,1251
2859,1262.5843527593358,0.8608318986144191,1251
2860,1262.5843527593358,0.8608318986144191,1251
2861,1262.5843527593358,0.8608318986144191,1251
2862,1262.5843527593358,0.8608318986144191,1251
2863,1262.5843527593358,0.8608318986144191,1251
2864,1262.5843527593358,0.8608318986144191,1251
2865,1262.5843527593358,0.8608318986144191,1251
2866,1262.5843527593358,0.8608318986144191,1251
2867,1262.5843527593358,0.8608318986144191,1251
2868,1262.5843527593358,0.8608318986144191,1251
2869,1262.5843527593358,0.8608318986144191,1251
2870,1262.5843527593358,0.8608318986144191,1251
2871,1262.5843527593358,0.8608318986144191,1251
2872,1262.5843527593358,0.8608318986144191,1251
2873,1262.5843527593358,0.8608318986144191,1251
2874,1262.5843527593358,0.8608318986144191,1251
2875,1262.5843527593358,0.8608318986144191,1251
2876,1262.5843527593358,0.8608318986144191,1251
2877,1262.5843527593358,0.8608318986144191,1251
2878,1262.5843527593358,0.8608318986144191,1251
2879,1262.5843527593358,0.8608318986144191,1251
2880,1262.5843527593358,0.8608318986144191,1251
2881,1262.5843527593358,0.8608318986144191,1251
2882,1262.5843527593358,0.8608318986144191,1251
2883,1262.5843527593358,0.8608318986144191,1251
2884,1262.5843527593358,0.8608318986144191,1251
2885,1262.5843527593358,0.8608318986144191,1251
2886,1262.5843527593358,0.8608318986144191,1251
2887,1262.5843527593358,0.8608318986144191,1251
2888,1262.5843527593358,0.8608318986144191,1251
2889,1262.5843527593358,0.8608318986144191,1251
2890,1262.5843527593358,0.8608318986144191,1251
2891,1262.5843527593358,0.8608318986144191,1251
2892,1262.5843527593358,0.8608318986144191,1251
2893,1262.5843527593358,0.8608318986144191,1251
2894,1262.5843527593358,0.8608318986144191,1251
2895,1262.5843527593358,0.8608318986144191,1251
2896,1262.5843527593358,0.8608318986144191,1251
2897,1262.5843527593358,0.8608318986144191,1251
2898,1262.5843527593358,0.8608318986144191,1251
2899,1262.5843527593358,0.8608318986144191,1251
2900,1262.5843527593358,0.8608318986144191,1251
2901,1262.5843527593358,0.8608318986144191,1251
2902,1262.5843527593358,0.8608318986144191,1251
2903,1262.5843527593358,0.8608318986144191,1251
2904,1262.5843527593358,0.8608318986144191,1251
2905,1262.5843527593358,0.8608318986144191,1251
2906,1262.5843527593358,0.8608318986144191,1251
2907,1262.5843527593358,0.8608318986144191,1251
2908,1262.5843527593358,0.8608318986144191,1251
2909,1262.5843527593358,0.8608318986144191,1251
2910,1262.5843527593358,0.8608318986144191,1251
2911,1262.5843527593358,0.8608318986144191,1251
2912,1262.5843527593358,0.8608318986144191,1251
2913,1262.5843527593358,0.8608318986144191,1251
2914,1262.5843527593358,0.8608318986144191,1251
2915,1262.5843527593358,0.8608318986144191,1251
2916,1262.5843527593358,0.8608318986144191,1251
2917,1262.5843527593358,0.8608318986144191,1251
2918,1262.5843527593358,0.8608318986144191,1251
2919,1262.5843527593358,0.8608318986144191,1251
2920,1262.5843527593358,0.8608318986144191,1251
2921,1262.5843527593358,0.8608318986144191,1251
2922,1262.5843527593358,0.8608318986144191,1251
2923,1262.5843527593358,0.8608318986144191,1251
2924,1262.5843527593358,0.8608318986144191,1251
2925,1262.5843527593358,0.8608318986144191,1251
2926,1262.5843527593358,0.8608318986144191,1251
2927,1262.5843527593358,0.8608318986144191,1251
2928,1262.5843527593358,0.8608318986144191,1251
2929,1265.655362625728,0.8599788247750132,1254
2930,1265.655362625728,0.8599788247750132,1254
2931,1265.655362625728,0.8599788247750132,1254
2932,1265.655362625728,0.8599788247750132,1254
2933,1265.655362625728,0.8599788247750132,1254
2934,1265.655362625728,0.8599788247750132,1254
2935,1265.655362625728,0.8599788247750132,1254
2936,1265.655362625728,0.8599788247750132,1254
2937,1294.9603846089024,0.8683279119545615,1284
2938,1294.9603846089024,0.8683279119545615,1284
2939,1294.9603846089024,0.8683279119545615,1284
2940,1294.9603846089024,0.8683279119545615,1284
2941,1294.9603846089024,0.8683279119545615,1284
2942,1294.9603846089024,0.8683279119545615,1284
2943,1294.9603846089024,0.8683279119545615,1284
2944,1294.9603846089024,0.8683279119545615,1284
2945,1294.9603846089024,0.8683279119545615,1284
2946,1294.9603846089024,0.8683279119545615,1284
2947,1294.9603846089024,0.8683279119545615,1284
2948,1294.9603846089024,0.8683279119545615,1284
2949,1294.9603846089024,0.8683279119545615,1284
2950,1294.9603846089024,0.8683279119545615,1284
2951,1294.9603846089024,0.8683279119545615,1284
2952,1294.9603846089024,0.8683279119545615,1284
2953,1294.9603846089024,0.8683279119545615,1284
2954,1294.9603846089024,0.8683279119545615,1284
2955,1294.9603846089024,0.8683279119545615,1284
2956,1294.9603846089024,0.8683279119545615,1284
2957,1294.9603846089024,0.8683279119545615,1284
2958,1294.9603846089024,0.8683279119545615,1284
2959,1294.9603846089024,0.8683279119545615,1284
2960,1294.9603846089024,0.8683279119545615,1284
2961,1294.9603846089024,0.8683279119545615,1284
2962,1297.8023887845713,0.8702259876913572,1287
2963,1293.5582041470182,0.8731594888633096,1283
2964,1293.5582041470182,0.8731594888633096,1283
2965,1293.5582041470182,0.8731594888633096,1283
2966,1293.5582041470182,0.8731594888633096,1283
2967,1293.5582041470182,0.8731594888633096,1283
2968,1293.5582041470182,0.8731594888633096,1283
2969,1293.5582041470182,0.8731594888633096,1283
2970,1293.5582041470182,0.8731594888633096,1283
2971,1293.5582041470182,0.8731594888633096,1283
2972,1293.5582041470182,0.8731594888633096,1283
2973,1293.5582041470182,0.8731594888633096,1283
2974,1293.5582041470182,0.8731594888633096,1283
2975,1293.5582041470182,0.8731594888633096,1283
2976,1293.5582041470182,0.8731594888633096,1283
2977,1295.4543583383552,0.8744070358198553,1285
2978,1295.4543583383552,0.8744070358198553,1285
2979,1295.4543583383552,0.8744070358198553,1285
2980,1295.4543583383552,0.8744070358198553,1285
2981,1295.4543583383552,0.8744070358198553,1285
2982,1295.4543583383552,0.8744070358198553,1285
2983,1295.4543583383552,0.8744070358198553,1285
2984,1295.4543583383552,0.8744070358198553,1285
2985,1295.4543583383552,0.8744070358198553,1285
2986,1298.299740883161,0.8762645256708219,1288
2987,1298.299740883161,0.8762645256708219,1288
2988,1298.299740883161,0.8762645256708219,1288
2989,1298.299740883161,0.8762645256708219,1288
2990,1299.3230105665175,0.8759849763753291,1289
2991,1299.3230105665175,0.8759849763753291,1289
2992,1299.3230105665175,0.8759849763753291,1289
2993,1299.3230105665175,0.8759849763753291,1289
2994,1299.3230105665175,0.8759849763753291,1289
2995,1299.3230105665175,0.8759849763753291,1289
2996,1269.2958309385729,0.8763114976144537,1259
2997,1269.2958309385729,0.8763114976144537,1259
2998,1269.2958309385729,0.8763114976144537,1259
2999,1269.2958309385729,0.8763114976144537,1259
3000,1269.2958309385729,0.8763114976144537,1259
3001,1269.2958309385729,0.8763114976144537,1259
3002,1269.2958309385729,0.8763114976144537,1259
3003,1269.2958309385729,0.8763114976144537,1259
3004,1269.2958309385729,0.8763114976144537,1259
3005,1269.2958309385729,0.8763114976144537,1259
3006,1269.2958309385729,0.8763114976144537,1259
3007,1269.2958309385729,0.8763114976144537,1259
3008,1269.2958309385729,0.8763114976144537,1259
3009,1269.2958309385729,0.8763114976144537,1259
3010,1269.2958309385729,0.8763114976144537,1259
3011,1269.2958309385729,0.8763114976144537,1259
3012,1269.2958309385729,0.8763114976144537,1259
3013,1269.2958309385729,0.8763114976144537,1259
3014,1269.2958309385729,0.8763114976144537,1259
3015,1269.2958309385729,0.8763114976144537,1259
3016,1269.2958309385729,0.8763114976144537,1259
3017,1269.2958309385729,0.8763114976144537,1259
3018,1269.2958309385729,0.8763114976144537,1259
3019,1269.2958309385729,0.8763114976144537,1259
3020,1269.2958309385729,0.8763114976144537,1259
3021,1269.2958309385729,0.8763114976144537,1259
3022,1275.34065684165,0.863759528572201,1264
3023,1275.34065684165,0.863759528572201,1264
3024,1275.34065684165,0.863759528572201,1264
3025,1275.34065684165,0.863759528572201,1264
3026,1275.34065684165,0.863759528572201,1264
3027,1275.34065684165,0.863759528572201,1264
3028,1275.34065684165,0.863759528572201,1264
3029,1275.34065684165,0.863759528572201,1264
3030,1275.34065684165,0.863759528572201,1264
3031,1275.34065684165,0.863759528572201,1264
3032,1275.34065684165,0.863759528572201,1264
3033,1275.34065684165,0.863759528572201,1264
3034,1275.34065684165,0.863759528572201,1264
3035,1275.34065684165,0.863759528572201,1264
3036,1275.34065684165,0.863759528572201,1264
3037,1275.34065684165,0.863759528572201,1264
3038,1275.34065684165,0.863759528572201,1264
3039,1275.34065684165,0.863759528572201,1264
3040,1275.34065684165,0.863759528572201,1264
3041,1275.34065684165,0.863759528572201,1264
3042,1275.34065684165,0.863759528572201,1264
3043,1275.34065684165,0.863759528572201,1264
3044,1275.34065684165,0.863759528572201,1264
3045,1275.34065684165,0.863759528572201,1264
3046,1275.34065684165,0.863759528572201,1264
3047,1275.34065684165,0.863759528572201,1264
3048,1275.34065684165,0.863759528572201,1264
3049,1270.222717857747,0.8651763832562811,1259
3050,1270.222717857747,0.8651763832562811,1259
3051,1270.222717857747,0.8651763832562811,1259
3052,1270.222717857747,0.8651763832562811,1259
3053,1270.222717857747,0.8651763832562811,1259
3054,1270.222717857747,0.8651763832562811,1259
3055,1270.222717857747,0.8651763832562811,1259
3056,1270.222717857747,0.8651763832562811,1259
3057,1270.222717857747,0.8651763832562811,1259
3058,1270.222717857747,0.8651763832562811,1259
3059,1270.222717857747,0.8651763832562811,1259
3060,1270.222717857747,0.8651763832562811,1259
3061,1270.222717857747,0.8651763832562811,1259
3062,1270.222717857747,0.8651763832562811,1259
3063,1270.222717857747,0.8651763832562811,1259
3064,1270.222717857747,0.8651763832562811,1259
3065,1270.222717857747,0.8651763832562811,1259
3066,1270.222717857747,0.8651763832562811,1259
3067,1270.222717857747,0.8651763832562811,1259
3068,1270.222717857747,0.8651763832562811,1259
3069,1270.222717857747,0.8651763832562811,1259
3070,1270.222717857747,0.8651763832562811,1259
3071,1270.222717857747,0.8651763832562811,1259
3072,1270.222717857747,0.8651763832562811,1259
3073,1270.222717857747,0.8651763832562811,1259
3074,1270.222717857747,0.8651763832562811,1259
3075,1270.222717857747,0.8651763832562811,1259
3076,1270.222717857747,0.8651763832562811,1259
3077,1270.222717857747,0.8651763832562811,1259
3078,1270.222717857747,0.8651763832562811,1259
3079,1270.222717857747,0.8651763832562811,1259
3080,1270.222717857747,0.8651763832562811,1259
3081,1270.222717857747,0.8651763832562811,1259
3082,1270.222717857747,0.8651763832562811,1259
3083,1270.222717857747,0.8651763832562811,1259
3084,1270.222717857747,0.8651763832562811,1259
3085,1282.8327351552218,0.8698614229310211,1272
3086,1282.8327351552218,0.8698614229310211,1272
3087,1282.8327351552218,0.8698614229310211,1272
3088,1282.8327351552218,0.8698614229310211,1272
3089,1282.8327351552218,0.8698614229310211,1272
3090,1282.8327351552218,0.8698614229310211,1272
3091,1282.8327351552218,0.8698614229310211,1272
3092,1265.430136339655,0.874698025712937,1255
3093,1265.430136339655,0.874698025712937,1255
3094,1265.430136339655,0.874698025712937,1255
3095,1265.430136339655,0.874698025712937,1255
3096,1265.430136339655,0.874698025712937,1255
3097,1265.430136339655,0.874698025712937,1255
3098,1265.430136339655,0.874698025712937,1255
3099,1265.430136339655,0.874698025712937,1255
3100,1265.430136339655,0.874698025712937,1255
3101,1265.430136339655,0.874698025712937,1255
3102,1265.430136339655,0.874698025712937,1255
3103,1265.430136339655,0.874698025712937,1255
3104,1265.430136339655,0.874698025712937,1255
3105,1265.430136339655,0.874698025712937,1255
3106,1265.430136339655,0.874698025712937,1255
3107,1265.430136339655,0.874698025712937,1255
3108,1272.5967062216982,0.8726969459190518,1262
3109,1272.5967062216982,0.8726969459190518,1262
3110,1272.5967062216982,0.8726969459190518,1262
3111,1272.5967062216982,0.8726969459190518,1262
3112,1272.5967062216982,0.8726969459190518,1262
3113,1272.5967062216982,0.8726969459190518,1262
3114,1272.5967062216982,0.8726969459190518,1262
3115,1272.5967062216982,0.8726969459190518,1262
3116,1272.5967062216982,0.8726969459190518,1262
3117,1272.5967062216982,0.8726969459190518,1262
3118,1272.5967062216982,0.8726969459190518,1262
3119,1272.5967062216982,0.8726969459190518,1262
3120,1272.5967062216982,0.8726969459190518,1262
3121,1272.5967062216982,0.8726969459190518,1262
3122,1272.5967062216982,0.8726969459190518,1262
3123,1270.70307940913,0.8714190364112202,1260
3124,1270.70307940913,0.8714190364112202,1260
3125,1270.70307940913,0.8714190364112202,1260
3126,1270.70307940913,0.8714190364112202,1260
3127,1270.70307940913,0.8714190364112202,1260
3128,1270.70307940913,0.8714190364112202,1260
3129,1270.70307940913,0.8714190364112202,1260
3130,1270.70307940913,0.8714190364112202,1260
3131,1270.70307940913,0.8714190364112202,1260
3132,1270.70307940913,0.8714190364112202,1260
3133,1270.70307940913,0.8714190364112202,1260
3134,1270.70307940913,0.8714190364112202,1260
3135,1270.70307940913,0.8714190364112202,1260
3136,1270.70307940913,0.8714190364112202,1260
3137,1270.70307940913,0.8714190364112202,1260
3138,1270.70307940913,0.8714190364112202,1260
3139,1270.70307940913,0.8714190364112202,1260
3140,1270.70307940913,0.8714190364112202,1260
3141,1270.70307940913,0.8714190364112202,1260
3142,1270.70307940913,0.8714190364112202,1260
3143,1270.70307940913,0.8714190364112202,1260
3144,1270.70307940913,0.8714190364112202,1260
3145,1270.70307940913,0.8714190364112202,1260
3146,1270.70307940913,0.8714190364112202,1260
3147,1270.70307940913,0.8714190364112202,1260
3148,1270.70307940913,0.8714190364112202,1260
3149,1270.70307940913,0.8714190364112202,1260
3150,1270.70307940913,0.8714190364112202,1260
3151,1270.70307940913,0.8714190364112202,1260
3152,1270.70307940913,0.8714190364112202,1260
3153,1270.70307940913,0.8714190364112202,1260
3154,1270.70307940913,0.8714190364112202,1260
3155,1281.962780830179,0.8682991250579156,1271
3156,1281.962780830179,0.8682991250579156,1271
3157,1281.962780830179,0.8682991250579156,1271
3158,1281.962780830179,0.8682991250579156,1271
3159,1281.962780830179,0.8682991250579156,1271
3160,1281.962780830179,0.8682991250579156,1271
3161,1281.962780830179,0.8682991250579156,1271
3162,1281.962780830179,0.8682991250579156,1271
3163,1281.962780830179,0.8682991250579156,1271
3164,1281.962780830179,0.8682991250579156,1271
3165,1281.962780830179,0.8682991250579156,1271
3166,1281.962780830179,0.8682991250579156,1271
3167,1281.962780830179,0.8682991250579156,1271
3168,1281.962780830179,0.8682991250579156,1271
3169,1281.962780830179,0.8682991250579156,1271
3170,1281.962780830179,0.8682991250579156,1271
3171,1281.962780830179,0.8682991250579156,1271
3172,1281.962780830179,0.8682991250579156,1271
3173,1281.962780830179,0.8682991250579156,1271
3174,1281.962780830179,0.8682991250579156,1271
3175,1281.962780830179,0.8682991250579156,1271
3176,1281.962780830179,0.8682991250579156,1271
3177,1281.962780830179,0.8682991250579156,1271
3178,1281.962780830179,0.8682991250579156,1271
3179,1281.962780830179,0.8682991250579156,1271
3180,1281.962780830179,0.8682991250579156,1271
3181,1281.962780830179,0.8682991250579156,1271
3182,1281.962780830179,0.8682991250579156,1271
3183,1281.962780830179,0.8682991250579156,1271
3184,1275.8214724363986,0.8699967270975661,1265
3185,1275.8214724363986,0.8699967270975661,1265
3186,1275.8214724363986,0.8699967270975661,1265
3187,1275.8214724363986,0.8699967270975661,1265
3188,1275.8214724363986,0.8699967270975661,1265
3189,1275.8214724363986,0.8699967270975661,1265
3190,1275.8214724363986,0.8699967270975661,1265
3191,1275.8214724363986,0.8699967270975661,1265
3192,1275.8214724363986,0.8699967270975661,1265
3193,1275.8214724363986,0.8699967270975661,1265
3194,1275.8214724363986,0.8699967270975661,1265
3195,1275.8214724363986,0.8699967270975661,1265
3196,1275.8214724363986,0.8699967270975661,1265
3197,1275.8214724363986,0.8699967270975661,1265
3198,1275.8214724363986,0.8699967270975661,1265
3199,1275.8214724363986,0.8699967270975661,1265
3200,1275.8214724363986,0.8699967270975661,1265
3201,1275.8214724363986,0.8699967270975661,1265
3202,1275.8214724363986,0.8699967270975661,1265
3203,1275.8214724363986,0.8699967270975661,1265
3204,1275.8214724363986,0.8699967270975661,1265
3205,1275.8214724363986,0.8699967270975661,1265
3206,1275.8214724363986,0.8699967270975661,1265
3207,1275.8214724363986,0.8699967270975661,1265
3208,1275.8214724363986,0.8699967270975661,1265
3209,1275.8214724363986,0.8699967270975661,1265
3210,1275.8214724363986,0.8699967270975661,1265
3211,1275.8214724363986,0.8699967270975661,1265
3212,1275.8214724363986,0.8699967270975661,1265
3213,1275.8214724363986,0.8699967270975661,1265
3214,1275.8214724363986,0.8699967270975661,1265
3215,1275.8214724363986,0.8699967270975661,1265
3216,1275.8214724363986,0.8699967270975661,1265
3217,1275.8214724363986,0.8699967270975661,1265
3218,1275.8214724363986,0.8699967270975661,1265
3219,1275.8214724363986,0.8699967270975661,1265
3220,1275.8214724363986,0.8699967270975661,1265
3221,1275.8214724363986,0.8699967270975661,1265
3222,1275.8214724363986,0.8699967270975661,1265
3223,1275.8214724363986,0.8699967270975661,1265
3224,1275.8214724363986,0.8699967270975661,1265
3225,1275.8214724363986,0.8699967270975661,1265
3226,1275.8214724363986,0.8699967270975661,1265
3227,1275.8214724363986,0.8699967270975661,1265
3228,1275.8214724363986,0.8699967270975661,1265
3229,1275.8214724363986,0.8699967270975661,1265
3230,1275.8214724363986,0.8699967270975661,1265
3231,1275.8214724363986,0.8699967270975661,1265
3232,1275.8214724363986,0.8699967270975661,1265
3233,1275.8214724363986,0.8699967270975661,1265
3234,1275.8214724363986,0.8699967270975661,1265
3235,1275.8214724363986,0.8699967270975661,1265
3236,1275.8214724363986,0.8699967270975661,1265
3237,1275.8214724363986,0.8699967270975661,1265
3238,1275.8214724363986,0.8699967270975661,1265
3239,1275.8214724363986,0.8699967270975661,1265
3240,1275.8214724363986,0.8699967270975661,1265
3241,1275.8214724363986,0.8699967270975661,1265
3242,1275.8214724363986,0.8699967270975661,1265
3243,1275.8214724363986,0.8699967270975661,1265
3244,1289.1265827608302,0.8663312979237124,1278
3245,1289.1265827608302,0.8663312979237124,1278
3246,1289.1265827608302,0.8663312979237124,1278
3247,1289.1265827608302,0.8663312979237124,1278
3248,1289.1265827608302,0.8663312979237124,1278
3249,1289.1265827608302,0.8663312979237124,1278
3250,1289.1265827608302,0.8663312979237124,1278
3251,1289.1265827608302,0.8663312979237124,1278
3252,1289.1265827608302,0.8663312979237124,1278
3253,1289.1265827608302,0.8663312979237124,1278
3254,1289.1265827608302,0.8663312979237124,1278
3255,1289.1265827608302,0.8663312979237124,1278
3256,1289.1265827608302,0.8663312979237124,1278
3257,1289.1265827608302,0.8663312979237124,1278
3258,1289.1265827608302,0.8663312979237124,1278
3259,1289.1265827608302,0.8663312979237124,1278
3260,1289.1265827608302,0.8663312979237124,1278
3261,1289.1265827608302,0.8663312979237124,1278
3262,1289.1265827608302,0.8663312979237124,1278
3263,1289.1265827608302,0.8663312979237124,1278
3264,1289.1265827608302,0.8663312979237124,1278
3265,1289.1265827608302,0.8663312979237124,1278
3266,1285.0331214913313,0.8674540906855933,1274
3267,1285.0331214913313,0.8674540906855933,1274
3268,1269.9082474387576,0.8569408044358768,1258
3269,1283.211350253807,0.8532994923857868,1271
3270,1283.211350253807,0.8532994923857868,1271
3271,1283.211350253807,0.8532994923857868,1271
3272,1283.211350253807,0.8532994923857868,1271
3273,1283.211350253807,0.8532994923857868,1271
3274,1283.211350253807,0.8532994923857868,1271
3275,1283.211350253807,0.8532994923857868,1271
3276,1315.322267633555,0.8759939015670957,1305
3277,1315.322267633555,0.8759939015670957,1305
3278,1315.322267633555,0.8759939015670957,1305
3279,1315.322267633555,0.8759939015670957,1305
3280,1315.322267633555,0.8759939015670957,1305
3281,1315.322267633555,0.8759939015670957,1305
3282,1315.322267633555,0.8759939015670957,1305
3283,1315.322267633555,0.8759939015670957,1305
3284,1312.2532531960103,0.8768230034116983,1302
3285,1312.2532531960103,0.8768230034116983,1302
3286,1307.3136841628718,0.8640835636368126,1296
3287,1307.3136841628718,0.8640835636368126,1296
3288,1307.3136841628718,0.8640835636368126,1296
3289,1307.3136841628718,0.8640835636368126,1296
3290,1307.3136841628718,0.8640835636368126,1296
3291,1307.3136841628718,0.8640835636368126,1296
3292,1310.0794255687954,0.8668978187314345,1299
3293,1310.0794255687954,0.8668978187314345,1299
3294,1310.0794255687954,0.8668978187314345,1299
3295,1310.0794255687954,0.8668978187314345,1299
3296,1310.0794255687954,0.8668978187314345,1299
3297,1310.0794255687954,0.8668978187314345,1299
3298,1310.0794255687954,0.8668978187314345,1299
3299,1310.0794255687954,0.8668978187314345,1299
3300,1310.0794255687954,0.8668978187314345,1299
3301,1302.9182128469324,0.8688345405221968,1292
3302,1302.9182128469324,0.8688345405221968,1292
3303,1302.9182128469324,0.8688345405221968,1292
3304,1302.9182128469324,0.8688345405221968,1292
3305,1273.238728043024,0.8769975006844803,1263
3306,1273.238728043024,0.8769975006844803,1263
3307,1273.238728043024,0.8769975006844803,1263
3308,1273.238728043024,0.8769975006844803,1263
3309,1273.238728043024,0.8769975006844803,1263
3310,1273.238728043024,0.8769975006844803,1263
3311,1273.238728043024,0.8769975006844803,1263
3312,1273.238728043024,0.8769975006844803,1263
3313,1273.238728043024,0.8769975006844803,1263
3314,1273.238728043024,0.8769975006844803,1263
3315,1273.238728043024,0.8769975006844803,1263
3316,1273.238728043024,0.8769975006844803,1263
3317,1273.238728043024,0.8769975006844803,1263
3318,1273.238728043024,0.8769975006844803,1263
3319,1273.238728043024,0.8769975006844803,1263
3320,1273.238728043024,0.8769975006844803,1263
3321,1273.238728043024,0.8769975006844803,1263
3322,1273.238728043024,0.8769975006844803,1263
3323,1273.238728043024,0.8769975006844803,1263
3324,1273.238728043024,0.8769975006844803,1263
3325,1273.238728043024,0.8769975006844803,1263
3326,1273.238728043024,0.8769975006844803,1263
3327,1273.238728043024,0.8769975006844803,1263
3328,1273.238728043024,0.8769975006844803,1263
3329,1273.238728043024,0.8769975006844803,1263
3330,1273.238728043024,0.8769975006844803,1263
3331,1273.238728043024,0.8769975006844803,1263
3332,1273.238728043024,0.8769975006844803,1263
3333,1273.238728043024,0.8769975006844803,1263
3334,1273.238728043024,0.8769975006844803,1263
3335,1273.238728043024,0.8769975006844803,1263
3336,1273.238728043024,0.8769975006844803,1263
3337,1273.238728043024,0.8769975006844803,1263
3338,1273.238728043024,0.8769975006844803,1263
3339,1273.238728043024,0.8769975006844803,1263
3340,1273.238728043024,0.8769975006844803,1263
3341,1273.238728043024,0.8769975006844803,1263
3342,1273.238728043024,0.8769975006844803,1263
3343,1273.238728043024,0.8769975006844803,1263
3344,1273.238728043024,0.8769975006844803,1263
3345,1273.238728043024,0.8769975006844803,1263
3346,1273.238728043024,0.8769975006844803,1263
3347,1273.238728043024,0.8769975006844803,1263
3348,1247.6383420755672,0.8842102105289878,1238
3349,1247.6383420755672,0.8842102105289878,1238
3350,1247.6383420755672,0.8842102105289878,1238
3351,1247.6383420755672,0.8842102105289878,1238
3352,1283.7898073569986,0.90641749931525,1276
3353,1283.7898073569986,0.90641749931525,1276
3354,1248.3774427079327,0.9113714234991271,1241
3355,1248.3774427079327,0.9113714234991271,1241
3356,1240.7476660100674,0.9069237624931844,1233
3357,1240.7476660100674,0.9069237624931844,1233
3358,1240.7476660100674,0.9069237624931844,1233
3359,1240.7476660100674,0.9069237624931844,1233
3360,1240.7476660100674,0.9069237624931844,1233
3361,1240.7476660100674,0.9069237624931844,1233
3362,1240.7476660100674,0.9069237624931844,1233
3363,1240.7476660100674,0.9069237624931844,1233
3364,1240.7476660100674,0.9069237624931844,1233
3365,1240.7476660100674,0.9069237624931844,1233
3366,1240.7476660100674,0.9069237624931844,1233
3367,1240.7476660100674,0.9069237624931844,1233
3368,1240.7476660100674,0.9069237624931844,1233
3369,1240.7476660100674,0.9069237624931844,1233
3370,1240.7476660100674,0.9069237624931844,1233
3371,1240.7476660100674,0.9069237624931844,1233
3372,1240.7476660100674,0.9069237624931844,1233
3373,1240.7476660100674,0.9069237624931844,1233
3374,1240.7476660100674,0.9069237624931844,1233
3375,1240.7476660100674,0.9069237624931844,1233
3376,1240.7476660100674,0.9069237624931844,1233
3377,1240.7476660100674,0.9069237624931844,1233
3378,1240.7476660100674,0.9069237624931844,1233
3379,1240.7476660100674,0.9069237624931844,1233
3380,1240.7476660100674,0.9069237624931844,1233
3381,1240.7476660100674,0.9069237624931844,1233
3382,1240.7476660100674,0.9069237624931844,1233
3383,1240.7476660100674,0.9069237624931844,1233
3384,1240.7476660100674,0.9069237624931844,1233
3385,1240.7476660100674,0.9069237624931844,1233
3386,1240.7476660100674,0.9069237624931844,1233
3387,1240.7476660100674,0.9069237624931844,1233
3388,1240.7476660100674,0.9069237624931844,1233
3389,1240.7476660100674,0.9069237624931844,1233
3390,1240.7476660100674,0.9069237624931844,1233
3391,1240.7476660100674,0.9069237624931844,1233
3392,1240.7476660100674,0.9069237624931844,1233
3393,1240.7476660100674,0.9069237624931844,1233
3394,1240.7476660100674,0.9069237624931844,1233
3395,1245.8683999706968,0.9054733304817788,1238
3396,1245.8683999706968,0.9054733304817788,1238
3397,1245.8683999706968,0.9054733304817788,1238
3398,1245.8683999706968,0.9054733304817788,1238
3399,1245.8683999706968,0.9054733304817788,1238
3400,1245.8683999706968,0.9054733304817788,1238
3401,1245.8683999706968,0.9054733304817788,1238
3402,1245.8683999706968,0.9054733304817788,1238
3403,1245.8683999706968,0.9054733304817788,1238
3404,1245.8683999706968,0.9054733304817788,1238
3405,1245.8683999706968,0.9054733304817788,1238
3406,1245.8683999706968,0.9054733304817788,1238
3407,1245.8683999706968,0.9054733304817788,1238
3408,1245.8683999706968,0.9054733304817788,1238
3409,1245.8683999706968,0.9054733304817788,1238
3410,1242.05831878584,0.9031917493291703,1234
3411,1242.05831878584,0.9031917493291703,1234
3412,1242.05831878584,0.9031917493291703,1234
3413,1242.05831878584,0.9031917493291703,1234
3414,1242.05831878584,0.9031917493291703,1234
3415,1242.05831878584,0.9031917493291703,1234
3416,1242.05831878584,0.9031917493291703,1234
3417,1242.05831878584,0.9031917493291703,1234
3418,1242.05831878584,0.9031917493291703,1234
3419,1242.05831878584,0.9031917493291703,1234
3420,1242.05831878584,0.9031917493291703,1234
3421,1244.1067587732462,0.9026098177168881,1236
3422,1244.1067587732462,0.9026098177168881,1236
3423,1244.1067587732462,0.9026098177168881,1236
3424,1244.1067587732462,0.9026098177168881,1236
3425,1244.1067587732462,0.9026098177168881,1236
3426,1244.1067587732462,0.9026098177168881,1236
3427,1244.1067587732462,0.9026098177168881,1236
3428,1244.1067587732462,0.9026098177168881,1236
3429,1244.1067587732462,0.9026098177168881,1236
3430,1252.2999228823478,0.9002892493711211,1244
3431,1252.2999228823478,0.9002892493711211,1244
3432,1252.2999228823478,0.9002892493711211,1244
3433,1252.2999228823478,0.9002892493711211,1244
3434,1252.2999228823478,0.9002892493711211,1244
3435,1252.2999228823478,0.9002892493711211,1244
3436,1252.2999228823478,0.9002892493711211,1244
3437,1252.2999228823478,0.9002892493711211,1244
3438,1252.2999228823478,0.9002892493711211,1244
3439,1269.7070794343317,0.8953978924275374,1261
3440,1269.7070794343317,0.8953978924275374,1261
3441,1269.7070794343317,0.8953978924275374,1261
3442,1256.396138245081,0.8991333704339152,1248
3443,1256.396138245081,0.8991333704339152,1248
3444,1256.396138245081,0.8991333704339152,1248
3445,1256.396138245081,0.8991333704339152,1248
3446,1256.396138245081,0.8991333704339152,1248
3447,1256.396138245081,0.8991333704339152,1248
3448,1256.396138245081,0.8991333704339152,1248
3449,1256.396138245081,0.8991333704339152,1248
3450,1256.396138245081,0.8991333704339152,1248
3451,1256.396138245081,0.8991333704339152,1248
3452,1256.396138245081,0.8991333704339152,1248
3453,1241.1786060697368,0.9017466834486203,1233
3454,1241.1786060697368,0.9017466834486203,1233
3455,1241.1786060697368,0.9017466834486203,1233
3456,1237.0813732014228,0.9029147861434079,1229
3457,1237.0813732014228,0.9029147861434079,1229
3458,1237.0813732014228,0.9029147861434079,1229
3459,1236.1295475347056,0.9023360459550024,1228
3460,1236.1295475347056,0.9023360459550024,1228
3461,1236.1295475347056,0.9023360459550024,1228
3462,1236.1295475347056,0.9023360459550024,1228
3463,1238.9855498692848,0.9040659554386747,1231
3464,1238.9855498692848,0.9040659554386747,1231
3465,1238.9855498692848,0.9040659554386747,1231
3466,1238.9855498692848,0.9040659554386747,1231
3467,1238.9855498692848,0.9040659554386747,1231
3468,1238.9855498692848,0.9040659554386747,1231
3469,1238.9855498692848,0.9040659554386747,1231
3470,1232.324,0.9,1224
3471,1232.324,0.9,1224
3472,1232.324,0.9,1224
3473,1232.324,0.9,1224
3474,1232.324,0.9,1224
3475,1232.324,0.9,1224
3476,1232.324,0.9,1224
3477,1232.324,0.9,1224
3478,1244.7022697269708,0.9074691287004936,1237
3479,1244.7022697269708,0.9074691287004936,1237
3480,1262.8462715019734,0.9177526249162261,1256
3481,1262.8462715019734,0.9177526249162261,1256
3482,1262.8462715019734,0.9177526249162261,1256
3483,1262.8462715019734,0.9177526249162261,1256
3484,1262.8462715019734,0.9177526249162261,1256
3485,1262.8462715019734,0.9177526249162261,1256
3486,1284.3095546954573,0.9242004481564473,1278
3487,1284.3095546954573,0.9242004481564473,1278
3488,1284.3095546954573,0.9242004481564473,1278
3489,1284.3095546954573,0.9242004481564473,1278
3490,1284.3095546954573,0.9242004481564473,1278
3491,1284.3095546954573,0.9242004481564473,1278
3492,1284.3095546954573,0.9242004481564473,1278
3493,1284.3095546954573,0.9242004481564473,1278
3494,1287.1873221302737,0.9256688835863329,1281
3495,1287.1873221302737,0.9256688835863329,1281
3496,1261.0008410428932,0.9158957106812448,1254
3497,1261.0008410428932,0.9158957106812448,1254
3498,1261.0008410428932,0.9158957106812448,1254
3499,1261.0008410428932,0.9158957106812448,1254
3500,1261.0008410428932,0.9158957106812448,1254
3501,1261.0008410428932,0.9158957106812448,1254
3502,1261.0008410428932,0.9158957106812448,1254
3503,1261.0008410428932,0.9158957106812448,1254
3504,1261.0008410428932,0.9158957106812448,1254
3505,1261.0008410428932,0.9158957106812448,1254
3506,1261.0008410428932,0.9158957106812448,1254
3507,1261.0008410428932,0.9158957106812448,1254
3508,1261.0008410428932,0.9158957106812448,1254
3509,1261.0008410428932,0.9158957106812448,1254
3510,1261.0008410428932,0.9158957106812448,1254
3511,1261.0008410428932,0.9158957106812448,1254
3512,1261.0008410428932,0.9158957106812448,1254
3513,1261.0008410428932,0.9158957106812448,1254
3514,1261.0008410428932,0.9158957106812448,1254
3515,1250.4948993421401,0.9099603635014399,1243
3516,1250.4948993421401,0.9099603635014399,1243
3517,1242.303241889236,0.9122628317006736,1235
3518,1257.5962101089021,0.9207567262265471,1251
3519,1257.5962101089021,0.9207567262265471,1251
3520,1232.7678307797719,0.9066815139383496,1225
3521,1232.7678307797719,0.9066815139383496,1225
3522,1232.7678307797719,0.9066815139383496,1225
3523,1232.7678307797719,0.9066815139383496,1225
3524,1232.7678307797719,0.9066815139383496,1225
3525,1232.7678307797719,0.9066815139383496,1225
3526,1232.7678307797719,0.9066815139383496,1225
3527,1232.7678307797719,0.9066815139383496,1225
3528,1232.7678307797719,0.9066815139383496,1225
3529,1232.7678307797719,0.9066815139383496,1225
3530,1232.7678307797719,0.9066815139383496,1225
3531,1232.7678307797719,0.9066815139383496,1225
3532,1232.7678307797719,0.9066815139383496,1225
3533,1232.7678307797719,0.9066815139383496,1225
3534,1232.7678307797719,0.9066815139383496,1225
3535,1232.7678307797719,0.9066815139383496,1225
3536,1232.7678307797719,0.9066815139383496,1225
3537,1232.7678307797719,0.9066815139383496,1225
3538,1232.7678307797719,0.9066815139383496,1225
3539,1234.6735031988471,0.9078147140936198,1227
3540,1234.6735031988471,0.9078147140936198,1227
3541,1234.6735031988471,0.9078147140936198,1227
3542,1246.1223180176821,0.914436352502618,1239
3543,1246.1223180176821,0.914436352502618,1239
3544,1233.7205785820347,0.9072491760928088,1226
3545,1233.7205785820347,0.9072491760928088,1226
3546,1233.7205785820347,0.9072491760928088,1226
3547,1233.7205785820347,0.9072491760928088,1226
3548,1233.7205785820347,0.9072491760928088,1226
3549,1233.7205785820347,0.9072491760928088,1226
3550,1233.7205785820347,0.9072491760928088,1226
3551,1233.7205785820347,0.9072491760928088,1226
3552,1233.7205785820347,0.9072491760928088,1226
3553,1233.7205785820347,0.9072491760928088,1226
3554,1233.7205785820347,0.9072491760928088,1226
3555,1233.7205785820347,0.9072491760928088,1226
3556,1233.7205785820347,0.9072491760928088,1226
3557,1233.7205785820347,0.9072491760928088,1226
3558,1233.7205785820347,0.9072491760928088,1226
3559,1233.7205785820347,0.9072491760928088,1226
3560,1233.7205785820347,0.9072491760928088,1226
3561,1233.7205785820347,0.9072491760928088,1226
3562,1233.7205785820347,0.9072491760928088,1226
3563,1237.5333359944789,0.9094986065055392,1230
3564,1237.5333359944789,0.9094986065055392,1230
3565,1237.5333359944789,0.9094986065055392,1230
3566,1237.5333359944789,0.9094986065055392,1230
3567,1237.5333359944789,0.9094986065055392,1230
3568,1237.5333359944789,0.9094986065055392,1230
3569,1237.5333359944789,0.9094986065055392,1230
3570,1237.5333359944789,0.9094986065055392,1230
3571,1237.5333359944789,0.9094986065055392,1230
3572,1237.5333359944789,0.9094986065055392,1230
3573,1237.5333359944789,0.9094986065055392,1230
3574,1237.5333359944789,0.9094986065055392,1230
3575,1237.5333359944789,0.9094986065055392,1230
3576,1237.5333359944789,0.9094986065055392,1230
3577,1237.5333359944789,0.9094986065055392,1230
3578,1237.5333359944789,0.9094986065055392,1230
3579,1237.5333359944789,0.9094986065055392,1230
3580,1237.5333359944789,0.9094986065055392,1230
3581,1237.5333359944789,0.9094986065055392,1230
3582,1237.5333359944789,0.9094986065055392,1230
3583,1237.5333359944789,0.9094986065055392,1230
3584,1237.5333359944789,0.9094986065055392,1230
3585,1237.5333359944789,0.9094986065055392,1230
3586,1237.5333359944789,0.9094986065055392,1230
3587,1237.5333359944789,0.9094986065055392,1230
3588,1237.5333359944789,0.9094986065055392,1230
3589,1237.5333359944789,0.9094986065055392,1230
3590,1237.5333359944789,0.9094986065055392,1230
3591,1237.5333359944789,0.9094986065055392,1230
3592,1237.5333359944789,0.9094986065055392,1230
3593,1237.5333359944789,0.9094986065055392,1230
3594,1237.5333359944789,0.9094986065055392,1230
3595,1237.5333359944789,0.9094986065055392,1230
3596,1237.5333359944789,0.9094986065055392,1230
3597,1237.5333359944789,0.9094986065055392,1230
3598,1237.5333359944789,0.9094986065055392,1230
3599,1237.5333359944789,0.9094986065055392,1230
3600,1237.5333359944789,0.9094986065055392,1230
3601,1237.5333359944789,0.9094986065055392,1230
3602,1237.5333359944789,0.9094986065055392,1230
3603,1237.5333359944789,0.9094986065055392,1230
3604,1237.5333359944789,0.9094986065055392,1230
3605,1237.5333359944789,0.9094986065055392,1230
3606,1237.5333359944789,0.9094986065055392,1230
3607,1237.5333359944789,0.9094986065055392,1230
3608,1237.5333359944789,0.9094986065055392,1230
3609,1237.5333359944789,0.9094986065055392,1230
3610,1237.5333359944789,0.9094986065055392,1230
3611,1237.5333359944789,0.9094986065055392,1230
3612,1237.5333359944789,0.9094986065055392,1230
3613,1237.5333359944789,0.9094986065055392,1230
3614,1237.5333359944789,0.9094986065055392,1230
3615,1237.5333359944789,0.9094986065055392,1230
3616,1237.5333359944789,0.9094986065055392,1230
3617,1237.5333359944789,0.9094986065055392,1230
3618,1237.5333359944789,0.9094986065055392,1230
3619,1237.5333359944789,0.9094986065055392,1230
3620,1237.5333359944789,0.9094986065055392,1230
3621,1237.5333359944789,0.9094986065055392,1230
3622,1237.5333359944789,0.9094986065055392,1230
3623,1237.5333359944789,0.9094986065055392,1230
3624,1248.7985238706701,0.9063127838698933,1241
3625,1248.7985238706701,0.9063127838698933,1241
3626,1248.7985238706701,0.9063127838698933,1241
3627,1248.7985238706701,0.9063127838698933,1241
3628,1260.0621178563774,0.9031461093659614,1252
3629,1260.0621178563774,0.9031461093659614,1252
3630,1260.0621178563774,0.9031461093659614,1252
3631,1260.0621178563774,0.9031461093659614,1252
3632,1260.0621178563774,0.9031461093659614,1252
3633,1260.0621178563774,0.9031461093659614,1252
3634,1260.0621178563774,0.9031461093659614,1252
3635,1260.0621178563774,0.9031461093659614,1252
3636,1260.0621178563774,0.9031461093659614,1252
3637,1260.0621178563774,0.9031461093659614,1252
3638,1258.1567553762634,0.902009185772905,1250
3639,1258.1567553762634,0.902009185772905,1250
3640,1258.1567553762634,0.902009185772905,1250
3641,1258.1567553762634,0.902009185772905,1250
3642,1258.1567553762634,0.902009185772905,1250
3643,1258.1567553762634,0.902009185772905,1250
3644,1258.1567553762634,0.902009185772905,1250
3645,1258.1567553762634,0.902009185772905,1250
3646,1258.1567553762634,0.902009185772905,1250
3647,1258.1567553762634,0.902009185772905,1250
3648,1258.1567553762634,0.902009185772905,1250
3649,1258.1567553762634,0.902009185772905,1250
3650,1258.1567553762634,0.902009185772905,1250
3651,1258.1567553762634,0.902009185772905,1250
3652,1258.1567553762634,0.902009185772905,1250
3653,1260.0621178563774,0.9031461093659614,1252
3654,1260.0621178563774,0.9031461093659614,1252
3655,1270.5536467449854,0.9092546042168984,1263
3656,1270.5536467449854,0.9092546042168984,1263
3657,1270.5536467449854,0.9092546042168984,1263
3658,1256.252069547111,0.900864133263925,1248
3659,1256.252069547111,0.900864133263925,1248
3660,1256.252069547111,0.900864133263925,1248
3661,1256.252069547111,0.900864133263925,1248
3662,1256.252069547111,0.900864133263925,1248
3663,1256.252069547111,0.900864133263925,1248
3664,1256.252069547111,0.900864133263925,1248
3665,1256.252069547111,0.900864133263925,1248
3666,1256.252069547111,0.900864133263925,1248
3667,1256.252069547111,0.900864133263925,1248
3668,1256.252069547111,0.900864133263925,1248
3669,1256.252069547111,0.900864133263925,1248
3670,1256.252069547111,0.900864133263925,1248
3671,1256.252069547111,0.900864133263925,1248
3672,1256.252069547111,0.900864133263925,1248
3673,1256.252069547111,0.900864133263925,1248
3674,1256.252069547111,0.900864133263925,1248
3675,1268.901179414253,0.8930660810397278,1260
3676,1268.901179414253,0.8930660810397278,1260
3677,1257.5020617355854,0.8858474082702388,1248
3678,1257.5020617355854,0.8858474082702388,1248
3679,1257.5020617355854,0.8858474082702388,1248
3680,1257.5020617355854,0.8858474082702388,1248
3681,1257.5020617355854,0.8858474082702388,1248
3682,1257.5020617355854,0.8858474082702388,1248
3683,1257.5020617355854,0.8858474082702388,1248
3684,1257.5020617355854,0.8858474082702388,1248
3685,1257.5020617355854,0.8858474082702388,1248
3686,1257.5020617355854,0.8858474082702388,1248
3687,1257.5020617355854,0.8858474082702388,1248
3688,1257.5020617355854,0.8858474082702388,1248
3689,1254.5803940110502,0.8849063669984346,1245
3690,1255.5290955841251,0.8855226383454444,1246
3691,1255.5290955841251,0.8855226383454444,1246
3692,1255.5290955841251,0.8855226383454444,1246
3693,1255.5290955841251,0.8855226383454444,1246
3694,1255.5290955841251,0.8855226383454444,1246
3695,1255.5290955841251,0.8855226383454444,1246
3696,1255.5290955841251,0.8855226383454444,1246
3697,1255.5290955841251,0.8855226383454444,1246
3698,1245.805574518729,0.8701877160171935,1235
3699,1245.805574518729,0.8701877160171935,1235
3700,1245.805574518729,0.8701877160171935,1235
3701,1245.805574518729,0.8701877160171935,1235
3702,1245.805574518729,0.8701877160171935,1235
3703,1245.805574518729,0.8701877160171935,1235
3704,1245.805574518729,0.8701877160171935,1235
3705,1245.805574518729,0.8701877160171935,1235
3706,1245.805574518729,0.8701877160171935,1235
3707,1241.70859010172,0.8713528339533895,1231
3708,1232.3437892873158,0.8637218970769368,1221
3709,1232.3437892873158,0.8637218970769368,1221
3710,1232.3437892873158,0.8637218970769368,1221
3711,1232.3437892873158,0.8637218970769368,1221
3712,1232.3437892873158,0.8637218970769368,1221
3713,1232.3437892873158,0.8637218970769368,1221
3714,1232.3437892873158,0.8637218970769368,1221
3715,1232.3437892873158,0.8637218970769368,1221
3716,1232.3437892873158,0.8637218970769368,1221
3717,1232.3437892873158,0.8637218970769368,1221
3718,1232.3437892873158,0.8637218970769368,1221
3719,1232.3437892873158,0.8637218970769368,1221
3720,1218.4616311769485,0.8743196639001862,1208
3721,1218.4616311769485,0.8743196639001862,1208
3722,1218.4616311769485,0.8743196639001862,1208
3723,1218.4616311769485,0.8743196639001862,1208
3724,1254.089313087031,0.8787924905450374,1244
3725,1254.089313087031,0.8787924905450374,1244
3726,1254.089313087031,0.8787924905450374,1244
3727,1254.089313087031,0.8787924905450374,1244
3728,1254.089313087031,0.8787924905450374,1244
3729,1254.089313087031,0.8787924905450374,1244
3730,1254.089313087031,0.8787924905450374,1244
3731,1254.089313087031,0.8787924905450374,1244
3732,1256.9321434906467,0.8806806404295204,1247
3733,1256.9321434906467,0.8806806404295204,1247
3734,1256.9321434906467,0.8806806404295204,1247
3735,1256.9321434906467,0.8806806404295204,1247
3736,1256.9321434906467,0.8806806404295204,1247
3737,1256.9321434906467,0.8806806404295204,1247
3738,1256.9321434906467,0.8806806404295204,1247
3739,1256.9321434906467,0.8806806404295204,1247
3740,1256.9321434906467,0.8806806404295204,1247
3741,1256.9321434906467,0.8806806404295204,1247
3742,1256.9321434906467,0.8806806404295204,1247
3743,1256.9321434906467,0.8806806404295204,1247
3744,1256.9321434906467,0.8806806404295204,1247
3745,1256.9321434906467,0.8806806404295204,1247
3746,1256.9321434906467,0.8806806404295204,1247
3747,1256.9321434906467,0.8806806404295204,1247
3748,1256.9321434906467,0.8806806404295204,1247
3749,1256.9321434906467,0.8806806404295204,1247
3750,1256.9321434906467,0.8806806404295204,1247
3751,1256.9321434906467,0.8806806404295204,1247
3752,1258.8281882352942,0.8819295022189558,1249
3753,1248.5866122321938,0.8848316646781138,1239
3754,1248.5866122321938,0.8848316646781138,1239
3755,1248.5866122321938,0.8848316646781138,1239
3756,1248.5866122321938,0.8848316646781138,1239
3757,1249.535050549491,0.8854510986365803,1240
3758,1249.535050549491,0.8854510986365803,1240
3759,1249.535050549491,0.8854510986365803,1240
3760,1249.535050549491,0.8854510986365803,1240
3761,1249.535050549491,0.8854510986365803,1240
3762,1249.535050549491,0.8854510986365803,1240
3763,1249.535050549491,0.8854510986365803,1240
3764,1249.535050549491,0.8854510986365803,1240
3765,1249.535050549491,0.8854510986365803,1240
3766,1249.535050549491,0.8854510986365803,1240
3767,1249.535050549491,0.8854510986365803,1240
3768,1249.535050549491,0.8854510986365803,1240
3769,1249.535050549491,0.8854510986365803,1240
3770,1249.535050549491,0.8854510986365803,1240
3771,1259.7764576861293,0.8825509648470772,1250
3772,1259.7764576861293,0.8825509648470772,1250
3773,1259.7764576861293,0.8825509648470772,1250
3774,1259.7764576861293,0.8825509648470772,1250
3775,1259.7764576861293,0.8825509648470772,1250
3776,1259.7764576861293,0.8825509648470772,1250
3777,1259.7764576861293,0.8825509648470772,1250
3778,1260.8004852495983,0.8822623107929081,1251
3779,1253.2190624513846,0.8772337523860569,1243
3780,1253.2190624513846,0.8772337523860569,1243
3781,1253.2190624513846,0.8772337523860569,1243
3782,1253.2190624513846,0.8772337523860569,1243
3783,1253.2190624513846,0.8772337523860569,1243
3784,1253.2190624513846,0.8772337523860569,1243
3785,1253.2190624513846,0.8772337523860569,1243
3786,1253.2190624513846,0.8772337523860569,1243
3787,1253.2190624513846,0.8772337523860569,1243
3788,1252.8356353669994,0.8818400364368172,1243
3789,1269.6397914828776,0.8841927981393857,1260
3790,1269.6397914828776,0.8841927981393857,1260
3791,1269.6397914828776,0.8841927981393857,1260
3792,1269.6397914828776,0.8841927981393857,1260
3793,1269.6397914828776,0.8841927981393857,1260
3794,1269.6397914828776,0.8841927981393857,1260
3795,1269.6397914828776,0.8841927981393857,1260
3796,1269.6397914828776,0.8841927981393857,1260
3797,1269.6397914828776,0.8841927981393857,1260
3798,1269.6397914828776,0.8841927981393857,1260
3799,1269.6397914828776,0.8841927981393857,1260
3800,1269.6397914828776,0.8841927981393857,1260
3801,1269.6397914828776,0.8841927981393857,1260
3802,1269.6397914828776,0.8841927981393857,1260
3803,1269.6397914828776,0.8841927981393857,1260
3804,1269.6397914828776,0.8841927981393857,1260
3805,1269.6397914828776,0.8841927981393857,1260
3806,1269.6397914828776,0.8841927981393857,1260
3807,1269.6397914828776,0.8841927981393857,1260
3808,1269.6397914828776,0.8841927981393857,1260
3809,1269.6397914828776,0.8841927981393857,1260
3810,1269.6397914828776,0.8841927981393857,1260
3811,1269.6397914828776,0.8841927981393857,1260
3812,1269.6397914828776,0.8841927981393857,1260
3813,1269.6397914828776,0.8841927981393857,1260
3814,1269.6397914828776,0.8841927981393857,1260
3815,1269.6397914828776,0.8841927981393857,1260
3816,1269.6397914828776,0.8841927981393857,1260
3817,1288.653883322687,0.896036961524663,1280
3818,1288.653883322687,0.896036961524663,1280
3819,1288.653883322687,0.896036961524663,1280
3820,1288.653883322687,0.896036961524663,1280
3821,1288.653883322687,0.896036961524663,1280
3822,1288.653883322687,0.896036961524663,1280
3823,1288.653883322687,0.896036961524663,1280
3824,1288.653883322687,0.896036961524663,1280
3825,1288.653883322687,0.896036961524663,1280
3826,1288.653883322687,0.896036961524663,1280
3827,1280.5360104458978,0.8614126568248708,1269
3828,1280.5360104458978,0.8614126568248708,1269
3829,1280.5360104458978,0.8614126568248708,1269
3830,1280.7708966690943,0.8585908617360121,1269
3831,1280.7708966690943,0.8585908617360121,1269
3832,1280.7708966690943,0.8585908617360121,1269
3833,1280.7708966690943,0.8585908617360121,1269
3834,1280.7708966690943,0.8585908617360121,1269
3835,1280.7708966690943,0.8585908617360121,1269
3836,1280.7708966690943,0.8585908617360121,1269
3837,1280.7708966690943,0.8585908617360121,1269
3838,1280.7708966690943,0.8585908617360121,1269
3839,1273.6070430127281,0.8605593102747705,1262
3840,1273.6070430127281,0.8605593102747705,1262
3841,1273.6070430127281,0.8605593102747705,1262
3842,1273.6070430127281,0.8605593102747705,1262
3843,1273.6070430127281,0.8605593102747705,1262
3844,1280.7708966690943,0.8585908617360121,1269
3845,1279.8261490651414,0.8579270895586101,1268
3846,1278.8028140928109,0.858207423200254,1267
3847,1278.8028140928109,0.858207423200254,1267
3848,1278.8028140928109,0.858207423200254,1267
3849,1280.556482202911,0.8731801753614746,1270
3850,1280.556482202911,0.8731801753614746,1270
3851,1280.556482202911,0.8731801753614746,1270
3852,1280.556482202911,0.8731801753614746,1270
3853,1280.556482202911,0.8731801753614746,1270
3854,1280.556482202911,0.8731801753614746,1270
3855,1280.556482202911,0.8731801753614746,1270
3856,1254.9602582373207,0.8803428851835571,1245
3857,1254.9602582373207,0.8803428851835571,1245
3858,1254.9602582373207,0.8803428851835571,1245
3859,1254.9602582373207,0.8803428851835571,1245
3860,1254.9602582373207,0.8803428851835571,1245
3861,1254.9602582373207,0.8803428851835571,1245
3862,1243.6936400960858,0.883545890244044,1234
3863,1243.6936400960858,0.883545890244044,1234
3864,1243.6936400960858,0.883545890244044,1234
3865,1243.6936400960858,0.883545890244044,1234
3866,1243.6936400960858,0.883545890244044,1234
3867,1243.6936400960858,0.883545890244044,1234
3868,1243.6936400960858,0.883545890244044,1234
3869,1243.6936400960858,0.883545890244044,1234
3870,1243.6936400960858,0.883545890244044,1234
3871,1243.6936400960858,0.883545890244044,1234
3872,1243.6936400960858,0.883545890244044,1234
3873,1243.6936400960858,0.883545890244044,1234
3874,1243.6936400960858,0.883545890244044,1234
3875,1243.6936400960858,0.883545890244044,1234
3876,1243.6936400960858,0.883545890244044,1234
3877,1243.6936400960858,0.883545890244044,1234
3878,1243.6936400960858,0.883545890244044,1234
3879,1243.6936400960858,0.883545890244044,1234
3880,1243.6936400960858,0.883545890244044,1234
3881,1243.6936400960858,0.883545890244044,1234
3882,1243.6936400960858,0.883545890244044,1234
3883,1243.6936400960858,0.883545890244044,1234
3884,1243.6936400960858,0.883545890244044,1234
3885,1243.6936400960858,0.883545890244044,1234
3886,1243.6936400960858,0.883545890244044,1234
3887,1243.6936400960858,0.883545890244044,1234
3888,1243.6936400960858,0.883545890244044,1234
3889,1243.6936400960858,0.883545890244044,1234
3890,1243.6936400960858,0.883545890244044,1234
3891,1243.6936400960858,0.883545890244044,1234
3892,1243.6936400960858,0.883545890244044,1234
3893,1243.6936400960858,0.883545890244044,1234
3894,1243.6936400960858,0.883545890244044,1234
3895,1243.6936400960858,0.883545890244044,1234
3896,1243.6936400960858,0.883545890244044,1234
3897,1239.5960556619862,0.8847182164586008,1230
3898,1206.8037061387658,0.8942370718552876,1198
3899,1206.8037061387658,0.8942370718552876,1198
3900,1206.8037061387658,0.8942370718552876,1198
3901,1206.8037061387658,0.8942370718552876,1198
3902,1210.5159046044566,0.9097080177263727,1203
3903,1210.5159046044566,0.9097080177263727,1203
3904,1210.5159046044566,0.9097080177263727,1203
3905,1210.5159046044566,0.9097080177263727,1203
3906,1205.7554480684416,0.9068302730845539,1198
3907,1205.7554480684416,0.9068302730845539,1198
3908,1205.7554480684416,0.9068302730845539,1198
3909,1205.7554480684416,0.9068302730845539,1198
3910,1205.7554480684416,0.9068302730845539,1198
3911,1205.7554480684416,0.9068302730845539,1198
3912,1205.7554480684416,0.9068302730845539,1198
3913,1205.7554480684416,0.9068302730845539,1198
3914,1205.7554480684416,0.9068302730845539,1198
3915,1205.7554480684416,0.9068302730845539,1198
3916,1205.7554480684416,0.9068302730845539,1198
3917,1205.7554480684416,0.9068302730845539,1198
3918,1205.7554480684416,0.9068302730845539,1198
3919,1205.7554480684416,0.9068302730845539,1198
3920,1205.7554480684416,0.9068302730845539,1198
3921,1205.7554480684416,0.9068302730845539,1198
3922,1205.7554480684416,0.9068302730845539,1198
3923,1205.7554480684416,0.9068302730845539,1198
3924,1205.7554480684416,0.9068302730845539,1198
3925,1205.7554480684416,0.9068302730845539,1198
3926,1205.7554480684416,0.9068302730845539,1198
3927,1205.7554480684416,0.9068302730845539,1198
3928,1205.7554480684416,0.9068302730845539,1198
3929,1205.7554480684416,0.9068302730845539,1198
3930,1205.7554480684416,0.9068302730845539,1198
3931,1205.7554480684416,0.9068302730845539,1198
3932,1205.7554480684416,0.9068302730845539,1198
3933,1205.7554480684416,0.9068302730845539,1198
3934,1205.7554480684416,0.9068302730845539,1198
3935,1205.7554480684416,0.9068302730845539,1198
3936,1205.7554480684416,0.9068302730845539,1198
3937,1205.7554480684416,0.9068302730845539,1198
3938,1205.7554480684416,0.9068302730845539,1198
3939,1205.7554480684416,0.9068302730845539,1198
3940,1205.7554480684416,0.9068302730845539,1198
3941,1205.7554480684416,0.9068302730845539,1198
3942,1205.7554480684416,0.9068302730845539,1198
3943,1205.7554480684416,0.9068302730845539,1198
3944,1205.7554480684416,0.9068302730845539,1198
3945,1205.7554480684416,0.9068302730845539,1198
3946,1205.7554480684416,0.9068302730845539,1198
3947,1205.7554480684416,0.9068302730845539,1198
3948,1205.7554480684416,0.9068302730845539,1198
3949,1205.7554480684416,0.9068302730845539,1198
3950,1205.7554480684416,0.9068302730845539,1198
3951,1205.7554480684416,0.9068302730845539,1198
3952,1205.7554480684416,0.9068302730845539,1198
3953,1205.7554480684416,0.9068302730845539,1198
3954,1205.7554480684416,0.9068302730845539,1198
3955,1205.7554480684416,0.9068302730845539,1198
3956,1205.7554480684416,0.9068302730845539,1198
3957,1205.7554480684416,0.9068302730845539,1198
3958,1205.7554480684416,0.9068302730845539,1198
3959,1205.7554480684416,0.9068302730845539,1198
3960,1205.7554480684416,0.9068302730845539,1198
3961,1205.7554480684416,0.9068302730845539,1198
3962,1205.7554480684416,0.9068302730845539,1198
3963,1205.7554480684416,0.9068302730845539,1198
3964,1205.7554480684416,0.9068302730845539,1198
3965,1205.7554480684416,0.9068302730845539,1198
3966,1205.7554480684416,0.9068302730845539,1198
3967,1205.7554480684416,0.9068302730845539,1198
3968,1205.7554480684416,0.9068302730845539,1198
3969,1205.7554480684416,0.9068302730845539,1198
3970,1205.7554480684416,0.9068302730845539,1198
3971,1205.7554480684416,0.9068302730845539,1198
3972,1205.7554480684416,0.9068302730845539,1198
3973,1205.7554480684416,0.9068302730845539,1198
3974,1205.7554480684416,0.9068302730845539,1198
3975,1196.2484422372302,0.900907709788201,1188
3976,1196.2484422372302,0.900907709788201,1188
3977,1196.2484422372302,0.900907709788201,1188
3978,1208.549751276766,0.8972879471796495,1200
3979,1208.549751276766,0.8972879471796495,1200
3980,1208.549751276766,0.8972879471796495,1200
3981,1208.549751276766,0.8972879471796495,1200
3982,1208.549751276766,0.8972879471796495,1200
3983,1208.549751276766,0.8972879471796495,1200
3984,1208.549751276766,0.8972879471796495,1200
3985,1208.549751276766,0.8972879471796495,1200
3986,1208.549751276766,0.8972879471796495,1200
3987,1208.549751276766,0.8972879471796495,1200
3988,1210.5997260294378,0.8966875777338097,1202
3989,1210.5997260294378,0.8966875777338097,1202
3990,1210.5997260294378,0.8966875777338097,1202
3991,1210.5997260294378,0.8966875777338097,1202
3992,1210.5997260294378,0.8966875777338097,1202
3993,1210.5997260294378,0.8966875777338097,1202
3994,1210.5997260294378,0.8966875777338097,1202
3995,1210.5997260294378,0.8966875777338097,1202
3996,1210.5997260294378,0.8966875777338097,1202
3997,1210.5997260294378,0.8966875777338097,1202
3998,1210.5997260294378,0.8966875777338097,1202
3999,1210.5997260294378,0.8966875777338097,1202
4000,1210.5997260294378,0.8966875777338097,1202
4001,1210.5997260294378,0.8966875777338097,1202
4002,1210.5997260294378,0.8966875777338097,1202
4003,1210.5997260294378,0.8966875777338097,1202
4004,1210.5997260294378,0.8966875777338097,1202
4005,1210.5997260294378,0.8966875777338097,1202
4006,1210.5997260294378,0.8966875777338097,1202
4007,1210.5997260294378,0.8966875777338097,1202
4008,1210.5997260294378,0.8966875777338097,1202
4009,1210.5997260294378,0.8966875777338097,1202
4010,1210.5997260294378,0.8966875777338097,1202
4011,1210.5997260294378,0.8966875777338097,1202
4012,1210.5997260294378,0.8966875777338097,1202
4013,1210.5997260294378,0.8966875777338097,1202
4014,1210.5997260294378,0.8966875777338097,1202
4015,1210.5997260294378,0.8966875777338097,1202
4016,1210.5997260294378,0.8966875777338097,1202
4017,1210.5997260294378,0.8966875777338097,1202
4018,1235.1936922293899,0.8895519914777771,1226
4019,1235.1936922293899,0.8895519914777771,1226
4020,1235.1936922293899,0.8895519914777771,1226
4021,1235.1936922293899,0.8895519914777771,1226
4022,1235.1936922293899,0.8895519914777771,1226
4023,1235.1936922293899,0.8895519914777771,1226
4024,1242.7895876494538,0.8944066836922889,1234
4025,1240.8895793797446,0.8932054375331019,1232
4026,1240.8895793797446,0.8932054375331019,1232
4027,1240.8895793797446,0.8932054375331019,1232
4028,1240.8895793797446,0.8932054375331019,1232
4029,1240.8895793797446,0.8932054375331019,1232
4030,1240.8895793797446,0.8932054375331019,1232
4031,1240.8895793797446,0.8932054375331019,1232
4032,1240.8895793797446,0.8932054375331019,1232
4033,1240.8895793797446,0.8932054375331019,1232
4034,1240.8895793797446,0.8932054375331019,1232
4035,1240.8895793797446,0.8932054375331019,1232
4036,1240.8895793797446,0.8932054375331019,1232
4037,1240.8895793797446,0.8932054375331019,1232
4038,1240.8895793797446,0.8932054375331019,1232
4039,1240.620483066863,0.8844247589276438,1231
4040,1240.620483066863,0.8844247589276438,1231
4041,1240.620483066863,0.8844247589276438,1231
4042,1240.620483066863,0.8844247589276438,1231
4043,1240.620483066863,0.8844247589276438,1231
4044,1260.5644855089054,0.8971109381438579,1252
4045,1260.5644855089054,0.8971109381438579,1252
4046,1260.5644855089054,0.8971109381438579,1252
4047,1260.5644855089054,0.8971109381438579,1252
4048,1260.5644855089054,0.8971109381438579,1252
4049,1260.5644855089054,0.8971109381438579,1252
4050,1260.5644855089054,0.8971109381438579,1252
4051,1260.5644855089054,0.8971109381438579,1252
4052,1260.5644855089054,0.8971109381438579,1252
4053,1260.5644855089054,0.8971109381438579,1252
4054,1260.5644855089054,0.8971109381438579,1252
4055,1260.5644855089054,0.8971109381438579,1252
4056,1260.5644855089054,0.8971109381438579,1252
4057,1260.5644855089054,0.8971109381438579,1252
4058,1260.5644855089054,0.8971109381438579,1252
4059,1260.5644855089054,0.8971109381438579,1252
4060,1260.5644855089054,0.8971109381438579,1252
4061,1260.5644855089054,0.8971109381438579,1252
4062,1260.5644855089054,0.8971109381438579,1252
4063,1261.9533791411488,0.8924389819660148,1253
4064,1261.9533791411488,0.8924389819660148,1253
4065,1261.9533791411488,0.8924389819660148,1253
4066,1261.9533791411488,0.8924389819660148,1253
4067,1261.9533791411488,0.8924389819660148,1253
4068,1261.9533791411488,0.8924389819660148,1253
4069,1261.9533791411488,0.8924389819660148,1253
4070,1261.9533791411488,0.8924389819660148,1253
4071,1261.9533791411488,0.8924389819660148,1253
4072,1290.5428624937435,0.909384160334653,1283
4073,1290.5428624937435,0.909384160334653,1283
4074,1298.1914954091728,0.9136052930181057,1291
4075,1276.2296482952813,0.9011334899653856,1268
4076,1276.2296482952813,0.9011334899653856,1268
4077,1276.2296482952813,0.9011334899653856,1268
4078,1276.2296482952813,0.9011334899653856,1268
4079,1276.2296482952813,0.9011334899653856,1268
4080,1276.2296482952813,0.9011334899653856,1268
4081,1276.2296482952813,0.9011334899653856,1268
4082,1276.2296482952813,0.9011334899653856,1268
4083,1276.2296482952813,0.9011334899653856,1268
4084,1276.2296482952813,0.9011334899653856,1268
4085,1276.2296482952813,0.9011334899653856,1268
4086,1276.2296482952813,0.9011334899653856,1268
4087,1276.2296482952813,0.9011334899653856,1268
4088,1276.2296482952813,0.9011334899653856,1268
4089,1276.2296482952813,0.9011334899653856,1268
4090,1276.2296482952813,0.9011334899653856,1268
4091,1276.2296482952813,0.9011334899653856,1268
4092,1276.2296482952813,0.9011334899653856,1268
4093,1255.3038992150491,0.888228024807195,1246
4094,1255.3038992150491,0.888228024807195,1246
4095,1255.3038992150491,0.888228024807195,1246
4096,1255.3038992150491,0.888228024807195,1246
4097,1255.3038992150491,0.888228024807195,1246
4098,1255.3038992150491,0.888228024807195,1246
4099,1255.3038992150491,0.888228024807195,1246
4100,1255.3038992150491,0.888228024807195,1246
4101,1247.7145251345132,0.8832949887732661,1238
4102,1247.7145251345132,0.8832949887732661,1238
4103,1247.7145251345132,0.8832949887732661,1238
4104,1247.7145251345132,0.8832949887732661,1238
4105,1247.7145251345132,0.8832949887732661,1238
4106,1247.7145251345132,0.8832949887732661,1238
4107,1247.7145251345132,0.8832949887732661,1238
4108,1247.7145251345132,0.8832949887732661,1238
4109,1247.7145251345132,0.8832949887732661,1238
4110,1230.1466579973992,0.8901170351105332,1221
4111,1230.1466579973992,0.8901170351105332,1221
4112,1230.1466579973992,0.8901170351105332,1221
4113,1230.1466579973992,0.8901170351105332,1221
4114,1230.1466579973992,0.8901170351105332,1221
4115,1230.1466579973992,0.8901170351105332,1221
4116,1230.1466579973992,0.8901170351105332,1221
4117,1230.1466579973992,0.8901170351105332,1221
4118,1230.1466579973992,0.8901170351105332,1221
4119,1230.1466579973992,0.8901170351105332,1221
4120,1230.1466579973992,0.8901170351105332,1221
4121,1230.1466579973992,0.8901170351105332,1221
4122,1230.1466579973992,0.8901170351105332,1221
4123,1230.1466579973992,0.8901170351105332,1221
4124,1230.1466579973992,0.8901170351105332,1221
4125,1230.1466579973992,0.8901170351105332,1221
4126,1230.1466579973992,0.8901170351105332,1221
4127,1230.1466579973992,0.8901170351105332,1221
4128,1230.1466579973992,0.8901170351105332,1221
4129,1230.1466579973992,0.8901170351105332,1221
4130,1230.1466579973992,0.8901170351105332,1221
4131,1230.1466579973992,0.8901170351105332,1221
4132,1230.1466579973992,0.8901170351105332,1221
4133,1230.1466579973992,0.8901170351105332,1221
4134,1230.1466579973992,0.8901170351105332,1221
4135,1230.1466579973992,0.8901170351105332,1221
4136,1230.1466579973992,0.8901170351105332,1221
4137,1230.1466579973992,0.8901170351105332,1221
4138,1235.2695144942275,0.88864110410587,1226
4139,1235.2695144942275,0.88864110410587,1226
4140,1235.2695144942275,0.88864110410587,1226
4141,1235.2695144942275,0.88864110410587,1226
4142,1235.2695144942275,0.88864110410587,1226
4143,1235.2695144942275,0.88864110410587,1226
4144,1235.2695144942275,0.88864110410587,1226
4145,1235.2695144942275,0.88864110410587,1226
4146,1235.2695144942275,0.88864110410587,1226
4147,1235.2695144942275,0.88864110410587,1226
4148,1235.2695144942275,0.88864110410587,1226
4149,1235.2695144942275,0.88864110410587,1226
4150,1235.2695144942275,0.88864110410587,1226
4151,1235.2695144942275,0.88864110410587,1226
4152,1235.2695144942275,0.88864110410587,1226
4153,1235.2695144942275,0.88864110410587,1226
4154,1240.01468448313,0.8917024929945946,1231
4155,1229.7696111982582,0.8946466698911787,1221
4156,1229.7696111982582,0.8946466698911787,1221
4157,1229.7696111982582,0.8946466698911787,1221
4158,1229.7696111982582,0.8946466698911787,1221
4159,1229.7696111982582,0.8946466698911787,1221
4160,1229.7696111982582,0.8946466698911787,1221
4161,1229.7696111982582,0.8946466698911787,1221
4162,1229.7696111982582,0.8946466698911787,1221
4163,1229.7696111982582,0.8946466698911787,1221
4164,1229.7696111982582,0.8946466698911787,1221
4165,1229.7696111982582,0.8946466698911787,1221
4166,1229.7696111982582,0.8946466698911787,1221
4167,1229.7696111982582,0.8946466698911787,1221
4168,1229.7696111982582,0.8946466698911787,1221
4169,1229.7696111982582,0.8946466698911787,1221
4170,1229.7696111982582,0.8946466698911787,1221
4171,1229.7696111982582,0.8946466698911787,1221
4172,1229.7696111982582,0.8946466698911787,1221
4173,1229.7696111982582,0.8946466698911787,1221
4174,1234.8923768935117,0.8931718297271537,1226
4175,1234.8923768935117,0.8931718297271537,1226
4176,1234.8923768935117,0.8931718297271537,1226
4177,1234.8923768935117,0.8931718297271537,1226
4178,1234.8923768935117,0.8931718297271537,1226
4179,1234.8923768935117,0.8931718297271537,1226
4180,1234.8923768935117,0.8931718297271537,1226
4181,1234.8923768935117,0.8931718297271537,1226
4182,1234.8923768935117,0.8931718297271537,1226
4183,1234.8923768935117,0.8931718297271537,1226
4184,1234.8923768935117,0.8931718297271537,1226
4185,1234.8923768935117,0.8931718297271537,1226
4186,1234.8923768935117,0.8931718297271537,1226
4187,1234.8923768935117,0.8931718297271537,1226
4188,1234.8923768935117,0.8931718297271537,1226
4189,1234.8923768935117,0.8931718297271537,1226
4190,1234.8923768935117,0.8931718297271537,1226
4191,1234.8923768935117,0.8931718297271537,1226
4192,1234.8923768935117,0.8931718297271537,1226
4193,1234.8923768935117,0.8931718297271537,1226
4194,1234.8923768935117,0.8931718297271537,1226
4195,1234.8923768935117,0.8931718297271537,1226
4196,1234.8923768935117,0.8931718297271537,1226
4197,1234.8923768935117,0.8931718297271537,1226
4198,1234.8923768935117,0.8931718297271537,1226
4199,1234.8923768935117,0.8931718297271537,1226
4200,1234.8923768935117,0.8931718297271537,1226
4201,1234.8923768935117,0.8931718297271537,1226
4202,1234.8923768935117,0.8931718297271537,1226
4203,1234.8923768935117,0.8931718297271537,1226
4204,1234.8923768935117,0.8931718297271537,1226
4205,1234.8923768935117,0.8931718297271537,1226
4206,1234.8923768935117,0.8931718297271537,1226
4207,1234.8923768935117,0.8931718297271537,1226
4208,1234.8923768935117,0.8931718297271537,1226
4209,1234.8923768935117,0.8931718297271537,1226
4210,1234.8923768935117,0.8931718297271537,1226
4211,1234.8923768935117,0.8931718297271537,1226
4212,1234.8923768935117,0.8931718297271537,1226
4213,1234.8923768935117,0.8931718297271537,1226
4214,1234.8923768935117,0.8931718297271537,1226
4215,1244.3968396296375,0.8991249443820581,1236
4216,1244.3968396296375,0.8991249443820581,1236
4217,1244.3968396296375,0.8991249443820581,1236
4218,1244.3968396296375,0.8991249443820581,1236
4219,1244.3968396296375,0.8991249443820581,1236
4220,1244.3968396296375,0.8991249443820581,1236
4221,1244.3968396296375,0.8991249443820581,1236
4222,1259.832008942392,0.8938970573955798,1251
4223,1259.832008942392,0.8938970573955798,1251
4224,1259.832008942392,0.8938970573955798,1251
4225,1259.832008942392,0.8938970573955798,1251
4226,1259.832008942392,0.8938970573955798,1251
4227,1259.832008942392,0.8938970573955798,1251
4228,1259.832008942392,0.8938970573955798,1251
4229,1259.832008942392,0.8938970573955798,1251
4230,1257.9308576071967,0.8927095434022513,1249
4231,1257.9308576071967,0.8927095434022513,1249
4232,1257.9308576071967,0.8927095434022513,1249
4233,1257.9308576071967,0.8927095434022513,1249
4234,1257.9308576071967,0.8927095434022513,1249
4235,1257.9308576071967,0.8927095434022513,1249
4236,1257.9308576071967,0.8927095434022513,1249
4237,1257.9308576071967,0.8927095434022513,1249
4238,1257.9308576071967,0.8927095434022513,1249
4239,1257.9308576071967,0.8927095434022513,1249
4240,1257.9308576071967,0.8927095434022513,1249
4241,1257.9308576071967,0.8927095434022513,1249
4242,1257.9308576071967,0.8927095434022513,1249
4243,1257.9308576071967,0.8927095434022513,1249
4244,1257.9308576071967,0.8927095434022513,1249
4245,1257.9308576071967,0.8927095434022513,1249
4246,1257.9308576071967,0.8927095434022513,1249
4247,1257.9308576071967,0.8927095434022513,1249
4248,1242.5680100855386,0.8970685958008342,1234
4249,1242.5680100855386,0.8970685958008342,1234
4250,1242.5680100855386,0.8970685958008342,1234
4251,1242.4945627463421,0.8979509521102575,1234
4252,1242.4945627463421,0.8979509521102575,1234
4253,1242.4945627463421,0.8979509521102575,1234
4254,1242.4945627463421,0.8979509521102575,1234
4255,1242.4945627463421,0.8979509521102575,1234
4256,1253.7609495287916,0.8947507264681468,1245
4257,1253.7609495287916,0.8947507264681468,1245
4258,1253.7609495287916,0.8947507264681468,1245
4259,1253.7609495287916,0.8947507264681468,1245
4260,1253.7609495287916,0.8947507264681468,1245
4261,1253.7609495287916,0.8947507264681468,1245
4262,1253.7609495287916,0.8947507264681468,1245
4263,1253.7609495287916,0.8947507264681468,1245
4264,1253.7609495287916,0.8947507264681468,1245
4265,1253.7609495287916,0.8947507264681468,1245
4266,1253.7609495287916,0.8947507264681468,1245
4267,1253.7609495287916,0.8947507264681468,1245
4268,1253.7609495287916,0.8947507264681468,1245
4269,1253.7609495287916,0.8947507264681468,1245
4270,1253.7609495287916,0.8947507264681468,1245
4271,1253.7609495287916,0.8947507264681468,1245
4272,1253.7609495287916,0.8947507264681468,1245
4273,1253.7609495287916,0.8947507264681468,1245
4274,1253.7609495287916,0.8947507264681468,1245
4275,1253.7609495287916,0.8947507264681468,1245
4276,1253.7609495287916,0.8947507264681468,1245
4277,1253.7609495287916,0.8947507264681468,1245
4278,1253.7609495287916,0.8947507264681468,1245
4279,1253.7609495287916,0.8947507264681468,1245
4280,1253.7609495287916,0.8947507264681468,1245
4281,1253.7609495287916,0.8947507264681468,1245
4282,1253.7609495287916,0.8947507264681468,1245
4283,1253.7609495287916,0.8947507264681468,1245
4284,1253.7609495287916,0.8947507264681468,1245
4285,1253.7609495287916,0.8947507264681468,1245
4286,1253.7609495287916,0.8947507264681468,1245
4287,1256.6010179574748,0.8726451470750248,1246
4288,1256.6010179574748,0.8726451470750248,1246
4289,1256.6010179574748,0.8726451470750248,1246
4290,1256.6010179574748,0.8726451470750248,1246
4291,1256.6010179574748,0.8726451470750248,1246
4292,1256.6010179574748,0.8726451470750248,1246
4293,1256.6010179574748,0.8726451470750248,1246
4294,1256.6010179574748,0.8726451470750248,1246
4295,1256.6010179574748,0.8726451470750248,1246
4296,1256.6010179574748,0.8726451470750248,1246
4297,1256.6010179574748,0.8726451470750248,1246
4298,1256.6010179574748,0.8726451470750248,1246
4299,1256.6010179574748,0.8726451470750248,1246
4300,1256.6010179574748,0.8726451470750248,1246
4301,1256.6010179574748,0.8726451470750248,1246
4302,1256.6010179574748,0.8726451470750248,1246
4303,1256.6010179574748,0.8726451470750248,1246
4304,1256.6010179574748,0.8726451470750248,1246
4305,1256.6010179574748,0.8726451470750248,1246
4306,1256.6010179574748,0.8726451470750248,1246
4307,1256.6010179574748,0.8726451470750248,1246
4308,1256.6010179574748,0.8726451470750248,1246
4309,1256.6010179574748,0.8726451470750248,1246
4310,1256.6010179574748,0.8726451470750248,1246
4311,1256.6010179574748,0.8726451470750248,1246
4312,1256.6010179574748,0.8726451470750248,1246
4313,1256.6010179574748,0.8726451470750248,1246
4314,1256.6010179574748,0.8726451470750248,1246
4315,1256.6010179574748,0.8726451470750248,1246
4316,1256.6010179574748,0.8726451470750248,1246
4317,1256.6010179574748,0.8726451470750248,1246
4318,1256.6010179574748,0.8726451470750248,1246
4319,1256.6010179574748,0.8726451470750248,1246
4320,1256.6010179574748,0.8726451470750248,1246
4321,1263.768589750557,0.8706320308678877,1253
4322,1263.768589750557,0.8706320308678877,1253
4323,1263.768589750557,0.8706320308678877,1253
4324,1263.768589750557,0.8706320308678877,1253
4325,1263.768589750557,0.8706320308678877,1253
4326,1263.768589750557,0.8706320308678877,1253
4327,1263.768589750557,0.8706320308678877,1253
4328,1263.768589750557,0.8706320308678877,1253
4329,1265.8939481975992,0.8691260427967425,1255
4330,1265.8939481975992,0.8691260427967425,1255
4331,1288.6443514844261,0.8841380167656644,1279
4332,1288.6443514844261,0.8841380167656644,1279
4333,1288.6443514844261,0.8841380167656644,1279
4334,1288.6443514844261,0.8841380167656644,1279
4335,1288.6443514844261,0.8841380167656644,1279
4336,1288.6443514844261,0.8841380167656644,1279
4337,1288.6443514844261,0.8841380167656644,1279
4338,1289.667841458362,0.8838558210191962,1280
4339,1289.667841458362,0.8838558210191962,1280
4340,1285.8698342139455,0.8814291901255955,1276
4341,1285.8698342139455,0.8814291901255955,1276
4342,1285.8698342139455,0.8814291901255955,1276
4343,1285.8698342139455,0.8814291901255955,1276
4344,1285.8698342139455,0.8814291901255955,1276
4345,1285.8698342139455,0.8814291901255955,1276
4346,1285.8698342139455,0.8814291901255955,1276
4347,1285.8698342139455,0.8814291901255955,1276
4348,1285.8698342139455,0.8814291901255955,1276
4349,1285.8698342139455,0.8814291901255955,1276
4350,1285.8698342139455,0.8814291901255955,1276
4351,1292.0107216786212,0.8797366448988331,1282
4352,1292.0107216786212,0.8797366448988331,1282
4353,1292.0107216786212,0.8797366448988331,1282
4354,1292.0107216786212,0.8797366448988331,1282
4355,1292.0107216786212,0.8797366448988331,1282
4356,1292.0107216786212,0.8797366448988331,1282
4357,1292.0107216786212,0.8797366448988331,1282
4358,1301.5095083414697,0.8857579488050261,1292
4359,1301.5095083414697,0.8857579488050261,1292
4360,1301.5095083414697,0.8857579488050261,1292
4361,1301.5095083414697,0.8857579488050261,1292
4362,1301.5095083414697,0.8857579488050261,1292
4363,1301.5095083414697,0.8857579488050261,1292
4364,1301.5095083414697,0.8857579488050261,1292
4365,1301.5095083414697,0.8857579488050261,1292
4366,1301.5095083414697,0.8857579488050261,1292
4367,1301.5095083414697,0.8857579488050261,1292
4368,1301.5095083414697,0.8857579488050261,1292
4369,1301.5095083414697,0.8857579488050261,1292
4370,1301.5095083414697,0.8857579488050261,1292
4371,1301.5095083414697,0.8857579488050261,1292
4372,1295.8083721307348,0.8821675621007352,1286
4373,1295.8083721307348,0.8821675621007352,1286
4374,1295.8083721307348,0.8821675621007352,1286
4375,1295.8083721307348,0.8821675621007352,1286
4376,1295.8083721307348,0.8821675621007352,1286
4377,1295.8083721307348,0.8821675621007352,1286
4378,1295.8083721307348,0.8821675621007352,1286
4379,1295.8083721307348,0.8821675621007352,1286
4380,1293.7616067848883,0.8827293754818812,1284
4381,1286.597313462634,0.884703105927031,1277
4382,1286.597313462634,0.884703105927031,1277
4383,1286.597313462634,0.884703105927031,1277
4384,1286.597313462634,0.884703105927031,1277
4385,1286.597313462634,0.884703105927031,1277
4386,1285.6475269382393,0.8840998685939553,1276
4387,1300.863047372309,0.8935241786123392,1292
4388,1300.863047372309,0.8935241786123392,1292
4389,1300.863047372309,0.8935241786123392,1292
4390,1300.863047372309,0.8935241786123392,1292
4391,1300.863047372309,0.8935241786123392,1292
4392,1300.863047372309,0.8935241786123392,1292
4393,1300.863047372309,0.8935241786123392,1292
4394,1300.863047372309,0.8935241786123392,1292
4395,1300.863047372309,0.8935241786123392,1292
4396,1295.1525025348474,0.8900468220224961,1286
4397,1287.9884435394952,0.8920177373919359,1279
4398,1285.9414140509627,0.8925827240393699,1277
4399,1285.9414140509627,0.8925827240393699,1277
4400,1285.9414140509627,0.8925827240393699,1277
4401,1285.9414140509627,0.8925827240393699,1277
4402,1285.9414140509627,0.8925827240393699,1277
4403,1285.9414140509627,0.8925827240393699,1277
4404,1285.9414140509627,0.8925827240393699,1277
4405,1285.9414140509627,0.8925827240393699,1277
4406,1285.9414140509627,0.8925827240393699,1277
4407,1295.1525025348474,0.8900468220224961,1286
4408,1295.1525025348474,0.8900468220224961,1286
4409,1295.1525025348474,0.8900468220224961,1286
4410,1295.1525025348474,0.8900468220224961,1286
4411,1295.1525025348474,0.8900468220224961,1286
4412,1295.1525025348474,0.8900468220224961,1286
4413,1295.1525025348474,0.8900468220224961,1286
4414,1295.1525025348474,0.8900468220224961,1286
4415,1295.1525025348474,0.8900468220224961,1286
4416,1280.8235426570923,0.8939987667336343,1272
4417,1280.8235426570923,0.8939987667336343,1272
4418,1315.1840570626573,0.913694653259762,1308
4419,1315.1840570626573,0.913694653259762,1308
4420,1315.1840570626573,0.913694653259762,1308
4421,1315.1840570626573,0.913694653259762,1308
4422,1308.4867493959293,0.9100582725140627,1301
4423,1308.4867493959293,0.9100582725140627,1301
4424,1310.5324144573667,0.9095096773502328,1303
4425,1310.5324144573667,0.9095096773502328,1303
4426,1302.8882695000393,0.9052346287837649,1295
4427,1302.8882695000393,0.9052346287837649,1295
4428,1302.8882695000393,0.9052346287837649,1295
4429,1302.8882695000393,0.9052346287837649,1295
4430,1302.8882695000393,0.9052346287837649,1295
4431,1302.8882695000393,0.9052346287837649,1295
4432,1302.8882695000393,0.9052346287837649,1295
4433,1289.5875094782014,0.9088477957928731,1282
4434,1302.019665449796,0.9156695645147024,1295
4435,1302.019665449796,0.9156695645147024,1295
4436,1302.019665449796,0.9156695645147024,1295
4437,1302.019665449796,0.9156695645147024,1295
4438,1302.019665449796,0.9156695645147024,1295
4439,1302.019665449796,0.9156695645147024,1295
4440,1302.019665449796,0.9156695645147024,1295
4441,1289.7456813063502,0.9189610607117934,1283
4442,1289.7456813063502,0.9189610607117934,1283
4443,1289.7456813063502,0.9189610607117934,1283
4444,1289.7456813063502,0.9189610607117934,1283
4445,1289.7456813063502,0.9189610607117934,1283
4446,1289.7456813063502,0.9189610607117934,1283
4447,1289.7456813063502,0.9189610607117934,1283
4448,1289.7456813063502,0.9189610607117934,1283
4449,1289.7456813063502,0.9189610607117934,1283
4450,1289.7456813063502,0.9189610607117934,1283
4451,1289.7456813063502,0.9189610607117934,1283
4452,1293.5781657583161,0.9209735012215748,1287
4453,1293.5781657583161,0.9209735012215748,1287
4454,1293.5781657583161,0.9209735012215748,1287
4455,1293.5781657583161,0.9209735012215748,1287
4456,1293.5781657583161,0.9209735012215748,1287
4457,1293.5781657583161,0.9209735012215748,1287
4458,1293.5781657583161,0.9209735012215748,1287
4459,1293.5781657583161,0.9209735012215748,1287
4460,1296.6463124136023,0.9201548244401437,1290
4461,1296.6463124136023,0.9201548244401437,1290
4462,1296.6463124136023,0.9201548244401437,1290
4463,1296.6463124136023,0.9201548244401437,1290
4464,1296.6463124136023,0.9201548244401437,1290
4465,1296.6463124136023,0.9201548244401437,1290
4466,1296.6463124136023,0.9201548244401437,1290
4467,1296.6463124136023,0.9201548244401437,1290
4468,1296.6463124136023,0.9201548244401437,1290
4469,1286.9388244351,0.9166407444125421,1280
4470,1286.9388244351,0.9166407444125421,1280
4471,1286.9388244351,0.9166407444125421,1280
4472,1286.9388244351,0.9166407444125421,1280
4473,1286.9388244351,0.9166407444125421,1280
4474,1286.9388244351,0.9166407444125421,1280
4475,1286.9388244351,0.9166407444125421,1280
4476,1278.3315101729302,0.9119232319446153,1271
4477,1278.3315101729302,0.9119232319446153,1271
4478,1278.3315101729302,0.9119232319446153,1271
4479,1278.3315101729302,0.9119232319446153,1271
4480,1241.189390005744,0.8896036760482481,1232
4481,1241.189390005744,0.8896036760482481,1232
4482,1241.189390005744,0.8896036760482481,1232
4483,1241.189390005744,0.8896036760482481,1232
4484,1241.189390005744,0.8896036760482481,1232
4485,1241.189390005744,0.8896036760482481,1232
4486,1241.189390005744,0.8896036760482481,1232
4487,1241.189390005744,0.8896036760482481,1232
4488,1241.189390005744,0.8896036760482481,1232
4489,1241.189390005744,0.8896036760482481,1232
4490,1241.189390005744,0.8896036760482481,1232
4491,1241.189390005744,0.8896036760482481,1232
4492,1241.189390005744,0.8896036760482481,1232
4493,1241.189390005744,0.8896036760482481,1232
4494,1241.189390005744,0.8896036760482481,1232
4495,1241.189390005744,0.8896036760482481,1232
4496,1241.189390005744,0.8896036760482481,1232
4497,1241.189390005744,0.8896036760482481,1232
4498,1241.189390005744,0.8896036760482481,1232
4499,1241.189390005744,0.8896036760482481,1232
4500,1241.189390005744,0.8896036760482481,1232
4501,1241.189390005744,0.8896036760482481,1232
4502,1241.189390005744,0.8896036760482481,1232
4503,1241.189390005744,0.8896036760482481,1232
4504,1241.189390005744,0.8896036760482481,1232
4505,1258.3000383969172,0.9002878616420329,1250
4506,1253.541556911327,0.8973863898206761,1245
4507,1253.541556911327,0.8973863898206761,1245
4508,1241.251195766694,0.9008746303857025,1233
4509,1226.0480221024798,0.891301993002406,1217
4510,1226.0480221024798,0.891301993002406,1217
4511,1226.0480221024798,0.891301993002406,1217
4512,1226.0480221024798,0.891301993002406,1217
4513,1226.0480221024798,0.891301993002406,1217
4514,1225.0993139340728,0.8906858008881221,1216
4515,1225.0993139340728,0.8906858008881221,1216
4516,1225.0993139340728,0.8906858008881221,1216
4517,1225.0993139340728,0.8906858008881221,1216
4518,1220.3584180182318,0.8875730656147074,1211
4519,1220.3584180182318,0.8875730656147074,1211
4520,1220.3584180182318,0.8875730656147074,1211
4521,1220.3584180182318,0.8875730656147074,1211
4522,1220.3584180182318,0.8875730656147074,1211
4523,1220.3584180182318,0.8875730656147074,1211
4524,1210.8898994796205,0.8811881369579481,1201
4525,1210.8898994796205,0.8811881369579481,1201
4526,1210.8898994796205,0.8811881369579481,1201
4527,1210.8898994796205,0.8811881369579481,1201
4528,1210.8898994796205,0.8811881369579481,1201
4529,1210.8898994796205,0.8811881369579481,1201
4530,1210.8898994796205,0.8811881369579481,1201
4531,1210.8898994796205,0.8811881369579481,1201
4532,1210.8898994796205,0.8811881369579481,1201
4533,1210.8898994796205,0.8811881369579481,1201
4534,1210.8898994796205,0.8811881369579481,1201
4535,1210.8898994796205,0.8811881369579481,1201
4536,1231.5207829331848,0.8976359570737047,1223
4537,1231.5207829331848,0.8976359570737047,1223
4538,1231.5207829331848,0.8976359570737047,1223
4539,1231.5207829331848,0.8976359570737047,1223
4540,1231.5207829331848,0.8976359570737047,1223
4541,1231.5207829331848,0.8976359570737047,1223
4542,1231.5207829331848,0.8976359570737047,1223
4543,1231.5207829331848,0.8976359570737047,1223
4544,1231.5207829331848,0.8976359570737047,1223
4545,1238.6180486648684,0.8964674595763037,1230
4546,1238.6180486648684,0.8964674595763037,1230
4547,1238.6180486648684,0.8964674595763037,1230
4548,1238.6180486648684,0.8964674595763037,1230
4549,1238.6180486648684,0.8964674595763037,1230
4550,1238.6180486648684,0.8964674595763037,1230
4551,1238.6180486648684,0.8964674595763037,1230
4552,1238.6180486648684,0.8964674595763037,1230
4553,1238.6180486648684,0.8964674595763037,1230
4554,1238.6180486648684,0.8964674595763037,1230
4555,1238.6180486648684,0.8964674595763037,1230
4556,1238.6180486648684,0.8964674595763037,1230
4557,1238.6180486648684,0.8964674595763037,1230
4558,1238.6180486648684,0.8964674595763037,1230
4559,1238.6180486648684,0.8964674595763037,1230
4560,1238.6180486648684,0.8964674595763037,1230
4561,1238.6180486648684,0.8964674595763037,1230
4562,1238.6180486648684,0.8964674595763037,1230
4563,1238.6180486648684,0.8964674595763037,1230
4564,1252.8945671249228,0.905158972550183,1245
4565,1244.324,0.9,1236
4566,1244.324,0.9,1236
4567,1244.324,0.9,1236
4568,1245.275596960726,0.9005814877375536,1237
4569,1245.275596960726,0.9005814877375536,1237
4570,1245.275596960726,0.9005814877375536,1237
4571,1244.324,0.9,1236
4572,1244.324,0.9,1236
4573,1244.324,0.9,1236
4574,1244.324,0.9,1236
4575,1230.0708451382704,0.8910278094873803,1221
4576,1230.0708451382704,0.8910278094873803,1221
4577,1230.0708451382704,0.8910278094873803,1221
4578,1230.0708451382704,0.8910278094873803,1221
4579,1230.0708451382704,0.8910278094873803,1221
4580,1230.0708451382704,0.8910278094873803,1221
4581,1230.0708451382704,0.8910278094873803,1221
4582,1230.0708451382704,0.8910278094873803,1221
4583,1230.0708451382704,0.8910278094873803,1221
4584,1230.0708451382704,0.8910278094873803,1221
4585,1230.0708451382704,0.8910278094873803,1221
4586,1230.0708451382704,0.8910278094873803,1221
4587,1230.0708451382704,0.8910278094873803,1221
4588,1230.0708451382704,0.8910278094873803,1221
4589,1230.0708451382704,0.8910278094873803,1221
4590,1230.0708451382704,0.8910278094873803,1221
4591,1230.0708451382704,0.8910278094873803,1221
4592,1230.0708451382704,0.8910278094873803,1221
4593,1230.0708451382704,0.8910278094873803,1221
4594,1230.0708451382704,0.8910278094873803,1221
4595,1230.0708451382704,0.8910278094873803,1221
4596,1230.0708451382704,0.8910278094873803,1221
4597,1230.0708451382704,0.8910278094873803,1221
4598,1230.0708451382704,0.8910278094873803,1221
4599,1230.0708451382704,0.8910278094873803,1221
4600,1230.0708451382704,0.8910278094873803,1221
4601,1230.0708451382704,0.8910278094873803,1221
4602,1230.0708451382704,0.8910278094873803,1221
4603,1230.0708451382704,0.8910278094873803,1221
4604,1230.0708451382704,0.8910278094873803,1221
4605,1230.0708451382704,0.8910278094873803,1221
4606,1230.0708451382704,0.8910278094873803,1221
4607,1230.0708451382704,0.8910278094873803,1221
4608,1230.0708451382704,0.8910278094873803,1221
4609,1230.0708451382704,0.8910278094873803,1221
4610,1230.0708451382704,0.8910278094873803,1221
4611,1230.0708451382704,0.8910278094873803,1221
4612,1230.0708451382704,0.8910278094873803,1221
4613,1230.0708451382704,0.8910278094873803,1221
4614,1230.0708451382704,0.8910278094873803,1221
4615,1230.0708451382704,0.8910278094873803,1221
4616,1230.0708451382704,0.8910278094873803,1221
4617,1230.0708451382704,0.8910278094873803,1221
4618,1230.0708451382704,0.8910278094873803,1221
4619,1230.0708451382704,0.8910278094873803,1221
4620,1230.0708451382704,0.8910278094873803,1221
4621,1230.0708451382704,0.8910278094873803,1221
4622,1230.0708451382704,0.8910278094873803,1221
4623,1230.0708451382704,0.8910278094873803,1221
4624,1230.0708451382704,0.8910278094873803,1221
4625,1230.0708451382704,0.8910278094873803,1221
4626,1230.0708451382704,0.8910278094873803,1221
4627,1230.0708451382704,0.8910278094873803,1221
4628,1230.0708451382704,0.8910278094873803,1221
4629,1230.0708451382704,0.8910278094873803,1221
4630,1230.0708451382704,0.8910278094873803,1221
4631,1230.0708451382704,0.8910278094873803,1221
4632,1230.0708451382704,0.8910278094873803,1221
4633,1230.0708451382704,0.8910278094873803,1221
4634,1230.0708451382704,0.8910278094873803,1221
4635,1230.0708451382704,0.8910278094873803,1221
4636,1230.0708451382704,0.8910278094873803,1221
4637,1230.0708451382704,0.8910278094873803,1221
4638,1230.0708451382704,0.8910278094873803,1221
4639,1230.0708451382704,0.8910278094873803,1221
4640,1230.0708451382704,0.8910278094873803,1221
4641,1230.0708451382704,0.8910278094873803,1221
4642,1230.0708451382704,0.8910278094873803,1221
4643,1230.0708451382704,0.8910278094873803,1221
4644,1230.0708451382704,0.8910278094873803,1221
4645,1230.0708451382704,0.8910278094873803,1221
4646,1230.0708451382704,0.8910278094873803,1221
4647,1230.0708451382704,0.8910278094873803,1221
4648,1230.0708451382704,0.8910278094873803,1221
4649,1230.0708451382704,0.8910278094873803,1221
4650,1230.0708451382704,0.8910278094873803,1221
4651,1230.0708451382704,0.8910278094873803,1221
4652,1230.0708451382704,0.8910278094873803,1221
4653,1230.0708451382704,0.8910278094873803,1221
4654,1230.0708451382704,0.8910278094873803,1221
4655,1230.0708451382704,0.8910278094873803,1221
4656,1230.0708451382704,0.8910278094873803,1221
4657,1229.1220280643988,0.8904129257040029,1220
4658,1229.1220280643988,0.8904129257040029,1220
4659,1229.1220280643988,0.8904129257040029,1220
4660,1238.3429917303883,0.8877583886306064,1229
4661,1238.3429917303883,0.8877583886306064,1229
4662,1238.3429917303883,0.8877583886306064,1229
4663,1238.3429917303883,0.8877583886306064,1229
4664,1238.3429917303883,0.8877583886306064,1229
4665,1238.3429917303883,0.8877583886306064,1229
4666,1238.3429917303883,0.8877583886306064,1229
4667,1238.3429917303883,0.8877583886306064,1229
4668,1238.3429917303883,0.8877583886306064,1229
4669,1238.3429917303883,0.8877583886306064,1229
4670,1238.3429917303883,0.8877583886306064,1229
4671,1238.3429917303883,0.8877583886306064,1229
4672,1238.3429917303883,0.8877583886306064,1229
4673,1238.3429917303883,0.8877583886306064,1229
4674,1238.3429917303883,0.8877583886306064,1229
4675,1238.3429917303883,0.8877583886306064,1229
4676,1238.3429917303883,0.8877583886306064,1229
4677,1235.4981387135788,0.8858945373188517,1226
4678,1235.4981387135788,0.8858945373188517,1226
4679,1235.4981387135788,0.8858945373188517,1226
4680,1235.4981387135788,0.8858945373188517,1226
4681,1235.4981387135788,0.8858945373188517,1226
4682,1235.4981387135788,0.8858945373188517,1226
4683,1235.4981387135788,0.8858945373188517,1226
4684,1235.4981387135788,0.8858945373188517,1226
4685,1235.4981387135788,0.8858945373188517,1226
4686,1235.4981387135788,0.8858945373188517,1226
4687,1235.4981387135788,0.8858945373188517,1226
4688,1235.4981387135788,0.8858945373188517,1226
4689,1235.4981387135788,0.8858945373188517,1226
4690,1235.4981387135788,0.8858945373188517,1226
4691,1235.4981387135788,0.8858945373188517,1226
4692,1235.4981387135788,0.8858945373188517,1226
4693,1235.4981387135788,0.8858945373188517,1226
4694,1235.4981387135788,0.8858945373188517,1226
4695,1235.4981387135788,0.8858945373188517,1226
4696,1235.4981387135788,0.8858945373188517,1226
4697,1235.4981387135788,0.8858945373188517,1226
4698,1235.4981387135788,0.8858945373188517,1226
4699,1235.4981387135788,0.8858945373188517,1226
4700,1235.4981387135788,0.8858945373188517,1226
4701,1235.4981387135788,0.8858945373188517,1226
4702,1235.4981387135788,0.8858945373188517,1226
4703,1242.669275331987,0.8838385952428292,1233
4704,1242.669275331987,0.8838385952428292,1233
4705,1242.669275331987,0.8838385952428292,1233
4706,1242.669275331987,0.8838385952428292,1233
4707,1242.669275331987,0.8838385952428292,1233
4708,1242.669275331987,0.8838385952428292,1233
4709,1242.669275331987,0.8838385952428292,1233
4710,1239.5960556619862,0.8847182164586008,1230
4711,1239.5960556619862,0.8847182164586008,1230
4712,1239.5960556619862,0.8847182164586008,1230
4713,1239.5960556619862,0.8847182164586008,1230
4714,1239.5960556619862,0.8847182164586008,1230
4715,1239.5960556619862,0.8847182164586008,1230
4716,1239.5960556619862,0.8847182164586008,1230
4717,1239.5960556619862,0.8847182164586008,1230
4718,1239.5960556619862,0.8847182164586008,1230
4719,1239.5960556619862,0.8847182164586008,1230
4720,1239.5960556619862,0.8847182164586008,1230
4721,1239.5960556619862,0.8847182164586008,1230
4722,1242.4406820973074,0.8865847897968824,1233
4723,1242.4406820973074,0.8865847897968824,1233
4724,1242.4406820973074,0.8865847897968824,1233
4725,1242.4406820973074,0.8865847897968824,1233
4726,1242.4406820973074,0.8865847897968824,1233
4727,1242.4406820973074,0.8865847897968824,1233
4728,1242.4406820973074,0.8865847897968824,1233
4729,1242.4406820973074,0.8865847897968824,1233
4730,1242.4406820973074,0.8865847897968824,1233
4731,1242.4406820973074,0.8865847897968824,1233
4732,1242.4406820973074,0.8865847897968824,1233
4733,1242.4406820973074,0.8865847897968824,1233
4734,1242.4406820973074,0.8865847897968824,1233
4735,1242.4406820973074,0.8865847897968824,1233
4736,1243.4650544548692,0.8862919935743719,1234
4737,1243.4650544548692,0.8862919935743719,1234
4738,1243.4650544548692,0.8862919935743719,1234
4739,1243.4650544548692,0.8862919935743719,1234
4740,1236.2940267437043,0.8883466272981212,1227
4741,1236.2940267437043,0.8883466272981212,1227
4742,1236.2940267437043,0.8883466272981212,1227
4743,1236.2940267437043,0.8883466272981212,1227
4744,1235.2695144942275,0.88864110410587,1226
4745,1235.2695144942275,0.88864110410587,1226
4746,1235.2695144942275,0.88864110410587,1226
4747,1235.2695144942275,0.88864110410587,1226
4748,1235.2695144942275,0.88864110410587,1226
4749,1235.2695144942275,0.88864110410587,1226
4750,1235.2695144942275,0.88864110410587,1226
4751,1235.2695144942275,0.88864110410587,1226
4752,1240.964235418058,0.8923085605711437,1232
4753,1258.3761986455263,0.8873594588475938,1249
4754,1258.3761986455263,0.8873594588475938,1249
4755,1240.964235418058,0.8923085605711437,1232
4756,1240.964235418058,0.8923085605711437,1232
4757,1240.964235418058,0.8923085605711437,1232
4758,1240.964235418058,0.8923085605711437,1232
4759,1240.964235418058,0.8923085605711437,1232
4760,1240.964235418058,0.8923085605711437,1232
4761,1240.964235418058,0.8923085605711437,1232
4762,1240.964235418058,0.8923085605711437,1232
4763,1240.964235418058,0.8923085605711437,1232
4764,1240.964235418058,0.8923085605711437,1232
4765,1240.964235418058,0.8923085605711437,1232
4766,1240.964235418058,0.8923085605711437,1232
4767,1240.964235418058,0.8923085605711437,1232
4768,1240.964235418058,0.8923085605711437,1232
4769,1240.964235418058,0.8923085605711437,1232
4770,1240.964235418058,0.8923085605711437,1232
4771,1240.964235418058,0.8923085605711437,1232
4772,1240.964235418058,0.8923085605711437,1232
4773,1240.964235418058,0.8923085605711437,1232
4774,1240.964235418058,0.8923085605711437,1232
4775,1240.964235418058,0.8923085605711437,1232
4776,1240.964235418058,0.8923085605711437,1232
4777,1240.964235418058,0.8923085605711437,1232
4778,1240.964235418058,0.8923085605711437,1232
4779,1240.964235418058,0.8923085605711437,1232
4780,1240.964235418058,0.8923085605711437,1232
4781,1249.1587820079458,0.889971383854567,1240
4782,1249.1587820079458,0.889971383854567,1240
4783,1249.1587820079458,0.889971383854567,1240
4784,1249.1587820079458,0.889971383854567,1240
4785,1249.1587820079458,0.889971383854567,1240
4786,1249.1587820079458,0.889971383854567,1240
4787,1249.1587820079458,0.889971383854567,1240
4788,1249.1587820079458,0.889971383854567,1240
4789,1249.1587820079458,0.889971383854567,1240
4790,1249.1587820079458,0.889971383854567,1240
4791,1249.1587820079458,0.889971383854567,1240
4792,1249.1587820079458,0.889971383854567,1240
4793,1249.1587820079458,0.889971383854567,1240
4794,1249.1587820079458,0.889971383854567,1240
4795,1249.1587820079458,0.889971383854567,1240
4796,1249.1587820079458,0.889971383854567,1240
4797,1249.1587820079458,0.889971383854567,1240
4798,1249.1587820079458,0.889971383854567,1240
4799,1249.1587820079458,0.889971383854567,1240
4800,1249.1587820079458,0.889971383854567,1240
4801,1245.362285161878,0.887526607858265,1236
4802,1245.362285161878,0.887526607858265,1236
4803,1254.8586015093679,0.8935775887870262,1246
4804,1254.8586015093679,0.8935775887870262,1246
4805,1254.8586015093679,0.8935775887870262,1246
4806,1254.8586015093679,0.8935775887870262,1246
4807,1254.8586015093679,0.8935775887870262,1246
4808,1254.8586015093679,0.8935775887870262,1246
4809,1254.8586015093679,0.8935775887870262,1246
4810,1254.8586015093679,0.8935775887870262,1246
4811,1254.8586015093679,0.8935775887870262,1246
4812,1254.8586015093679,0.8935775887870262,1246
4813,1254.8586015093679,0.8935775887870262,1246
4814,1254.8586015093679,0.8935775887870262,1246
4815,1254.8586015093679,0.8935775887870262,1246
4816,1254.8586015093679,0.8935775887870262,1246
4817,1254.8586015093679,0.8935775887870262,1246
4818,1254.8586015093679,0.8935775887870262,1246
4819,1256.324,0.9,1248
4820,1256.324,0.9,1248
4821,1256.324,0.9,1248
4822,1256.324,0.9,1248
4823,1256.324,0.9,1248
4824,1256.324,0.9,1248
4825,1256.324,0.9,1248
4826,1252.2278315475635,0.9011553153824653,1244
4827,1252.2278315475635,0.9011553153824653,1244
4828,1252.2278315475635,0.9011553153824653,1244
4829,1243.0105788103344,0.9037652713799319,1235
4830,1243.0105788103344,0.9037652713799319,1235
4831,1243.0105788103344,0.9037652713799319,1235
4832,1243.0105788103344,0.9037652713799319,1235
4833,1243.0105788103344,0.9037652713799319,1235
4834,1243.0105788103344,0.9037652713799319,1235
4835,1243.0105788103344,0.9037652713799319,1235
4836,1243.0105788103344,0.9037652713799319,1235
4837,1243.0105788103344,0.9037652713799319,1235
4838,1243.0105788103344,0.9037652713799319,1235
4839,1243.0105788103344,0.9037652713799319,1235
4840,1243.0105788103344,0.9037652713799319,1235
4841,1243.0105788103344,0.9037652713799319,1235
4842,1243.0105788103344,0.9037652713799319,1235
4843,1243.0105788103344,0.9037652713799319,1235
4844,1251.5887110194435,0.9088333611311438,1244
4845,1251.5887110194435,0.9088333611311438,1244
4846,1251.5887110194435,0.9088333611311438,1244
4847,1231.5949666477613,0.8967447543517387,1223
4848,1231.5949666477613,0.8967447543517387,1223
4849,1231.5949666477613,0.8967447543517387,1223
4850,1231.5949666477613,0.8967447543517387,1223
4851,1231.5949666477613,0.8967447543517387,1223
4852,1231.5949666477613,0.8967447543517387,1223
4853,1231.5949666477613,0.8967447543517387,1223
4854,1231.5949666477613,0.8967447543517387,1223
4855,1236.3484145186042,0.899706697277702,1228
4856,1236.3484145186042,0.899706697277702,1228
4857,1236.3484145186042,0.899706697277702,1228
4858,1236.3484145186042,0.899706697277702,1228
4859,1236.3484145186042,0.899706697277702,1228
4860,1236.3484145186042,0.899706697277702,1228
4861,1236.3484145186042,0.899706697277702,1228
4862,1236.3484145186042,0.899706697277702,1228
4863,1236.3484145186042,0.899706697277702,1228
4864,1236.3484145186042,0.899706697277702,1228
4865,1236.3484145186042,0.899706697277702,1228
4866,1236.3484145186042,0.899706697277702,1228
4867,1236.3484145186042,0.899706697277702,1228
4868,1236.3484145186042,0.899706697277702,1228
4869,1236.3484145186042,0.899706697277702,1228
4870,1236.3484145186042,0.899706697277702,1228
4871,1236.3484145186042,0.899706697277702,1228
4872,1236.3484145186042,0.899706697277702,1228
4873,1236.3484145186042,0.899706697277702,1228
4874,1236.3484145186042,0.899706697277702,1228
4875,1236.3484145186042,0.899706697277702,1228
4876,1236.3484145186042,0.899706697277702,1228
4877,1236.3484145186042,0.899706697277702,1228
4878,1236.3484145186042,0.899706697277702,1228
4879,1236.3484145186042,0.899706697277702,1228
4880,1236.3484145186042,0.899706697277702,1228
4881,1236.3484145186042,0.899706697277702,1228
4882,1236.3484145186042,0.899706697277702,1228
4883,1236.3484145186042,0.899706697277702,1228
4884,1242.1304892651779,0.9023247325182864,1234
4885,1242.1304892651779,0.9023247325182864,1234
4886,1242.1304892651779,0.9023247325182864,1234
4887,1242.1304892651779,0.9023247325182864,1234
4888,1242.1304892651779,0.9023247325182864,1234
4889,1242.1304892651779,0.9023247325182864,1234
4890,1242.1304892651779,0.9023247325182864,1234
4891,1242.1304892651779,0.9023247325182864,1234
4892,1242.1304892651779,0.9023247325182864,1234
4893,1242.1304892651779,0.9023247325182864,1234
4894,1242.1304892651779,0.9023247325182864,1234
4895,1242.1304892651779,0.9023247325182864,1234
4896,1242.1304892651779,0.9023247325182864,1234
4897,1242.1304892651779,0.9023247325182864,1234
4898,1242.1304892651779,0.9023247325182864,1234
4899,1242.1304892651779,0.9023247325182864,1234
4900,1242.1304892651779,0.9023247325182864,1234
4901,1242.1304892651779,0.9023247325182864,1234
4902,1242.1304892651779,0.9023247325182864,1234
4903,1242.1304892651779,0.9023247325182864,1234
4904,1242.1304892651779,0.9023247325182864,1234
4905,1242.1304892651779,0.9023247325182864,1234
4906,1242.1304892651779,0.9023247325182864,1234
4907,1242.1304892651779,0.9023247325182864,1234
4908,1238.324,0.9,1230
4909,1238.324,0.9,1230
4910,1238.324,0.9,1230
4911,1238.324,0.9,1230
4912,1238.324,0.9,1230
4913,1238.324,0.9,1230
4914,1238.324,0.9,1230
4915,1238.324,0.9,1230
4916,1238.324,0.9,1230
4917,1238.324,0.9,1230
4918,1238.324,0.9,1230
4919,1238.324,0.9,1230
4920,1238.324,0.9,1230
4921,1238.324,0.9,1230
4922,1238.324,0.9,1230
4923,1238.324,0.9,1230
4924,1238.324,0.9,1230
4925,1238.324,0.9,1230
4926,1238.324,0.9,1230
4927,1238.324,0.9,1230
4928,1238.324,0.9,1230
4929,1238.324,0.9,1230
4930,1238.324,0.9,1230
4931,1238.324,0.9,1230
4932,1238.324,0.9,1230
4933,1238.324,0.9,1230
4934,1238.324,0.9,1230
4935,1238.324,0.9,1230
4936,1238.324,0.9,1230
4937,1238.324,0.9,1230
4938,1238.324,0.9,1230
4939,1238.324,0.9,1230
4940,1212.703621682137,0.8834259769084922,1203
4941,1212.703621682137,0.8834259769084922,1203
4942,1212.703621682137,0.8834259769084922,1203
4943,1212.703621682137,0.8834259769084922,1203
4944,1212.703621682137,0.8834259769084922,1203
4945,1212.703621682137,0.8834259769084922,1203
4946,1212.703621682137,0.8834259769084922,1203
4947,1212.703621682137,0.8834259769084922,1203
4948,1212.703621682137,0.8834259769084922,1203
4949,1212.703621682137,0.8834259769084922,1203
4950,1212.703621682137,0.8834259769084922,1203
4951,1212.703621682137,0.8834259769084922,1203
4952,1212.703621682137,0.8834259769084922,1203
4953,1212.703621682137,0.8834259769084922,1203
4954,1212.703621682137,0.8834259769084922,1203
4955,1212.703621682137,0.8834259769084922,1203
4956,1235.2477794386275,0.8768887621500772,1225
4957,1235.2477794386275,0.8768887621500772,1225
4958,1231.1496590425863,0.8780675271193369,1221
4959,1231.1496590425863,0.8780675271193369,1221
4960,1231.1496590425863,0.8780675271193369,1221
4961,1231.1496590425863,0.8780675271193369,1221
4962,1231.1496590425863,0.8780675271193369,1221
4963,1231.1496590425863,0.8780675271193369,1221
4964,1231.1496590425863,0.8780675271193369,1221
4965,1231.1496590425863,0.8780675271193369,1221
4966,1231.1496590425863,0.8780675271193369,1221
4967,1231.1496590425863,0.8780675271193369,1221
4968,1231.1496590425863,0.8780675271193369,1221
4969,1231.1496590425863,0.8780675271193369,1221
4970,1214.7535400846089,0.8828262844232483,1205
4971,1214.7535400846089,0.8828262844232483,1205
4972,1214.7535400846089,0.8828262844232483,1205
4973,1214.7535400846089,0.8828262844232483,1205
4974,1214.7535400846089,0.8828262844232483,1205
4975,1214.7535400846089,0.8828262844232483,1205
4976,1214.7535400846089,0.8828262844232483,1205
4977,1214.7535400846089,0.8828262844232483,1205
4978,1214.7535400846089,0.8828262844232483,1205
4979,1214.7535400846089,0.8828262844232483,1205
4980,1214.7535400846089,0.8828262844232483,1205
4981,1214.7535400846089,0.8828262844232483,1205
4982,1214.7535400846089,0.8828262844232483,1205
4983,1214.7535400846089,0.8828262844232483,1205
4984,1214.7535400846089,0.8828262844232483,1205
4985,1214.7535400846089,0.8828262844232483,1205
4986,1214.7535400846089,0.8828262844232483,1205
4987,1214.7535400846089,0.8828262844232483,1205
4988,1214.7535400846089,0.8828262844232483,1205
4989,1214.7535400846089,0.8828262844232483,1205
4990,1221.376568017811,0.8753415663405696,1211
4991,1221.376568017811,0.8753415663405696,1211
4992,1221.376568017811,0.8753415663405696,1211
4993,1221.376568017811,0.8753415663405696,1211
4994,1221.376568017811,0.8753415663405696,1211
4995,1221.376568017811,0.8753415663405696,1211
4996,1221.376568017811,0.8753415663405696,1211
4997,1197.8010585984873,0.8822554228917923,1188
4998,1197.8010585984873,0.8822554228917923,1188
4999,1197.8010585984873,0.8822554228917923,1188
5000,1197.8010585984873,0.8822554228917923,1188
5001,1197.8010585984873,0.8822554228917923,1188
5002,1197.8010585984873,0.8822554228917923,1188
5003,1197.8010585984873,0.8822554228917923,1188
5004,1197.8010585984873,0.8822554228917923,1188
5005,1197.8010585984873,0.8822554228917923,1188
5006,1197.8010585984873,0.8822554228917923,1188
5007,1197.8010585984873,0.8822554228917923,1188
5008,1197.8010585984873,0.8822554228917923,1188
5009,1197.8010585984873,0.8822554228917923,1188
5010,1197.8010585984873,0.8822554228917923,1188
5011,1197.8010585984873,0.8822554228917923,1188
5012,1197.8010585984873,0.8822554228917923,1188
5013,1197.8010585984873,0.8822554228917923,1188
5014,1197.8010585984873,0.8822554228917923,1188
5015,1197.8010585984873,0.8822554228917923,1188
5016,1197.8010585984873,0.8822554228917923,1188
5017,1197.8010585984873,0.8822554228917923,1188
5018,1197.8010585984873,0.8822554228917923,1188
5019,1197.8010585984873,0.8822554228917923,1188
5020,1197.8010585984873,0.8822554228917923,1188
5021,1197.8010585984873,0.8822554228917923,1188
5022,1197.8010585984873,0.8822554228917923,1188
5023,1197.8010585984873,0.8822554228917923,1188
5024,1197.8010585984873,0.8822554228917923,1188
5025,1197.8010585984873,0.8822554228917923,1188
5026,1197.8010585984873,0.8822554228917923,1188
5027,1197.8010585984873,0.8822554228917923,1188
5028,1197.8010585984873,0.8822554228917923,1188
5029,1197.8010585984873,0.8822554228917923,1188
5030,1197.8010585984873,0.8822554228917923,1188
5031,1197.8010585984873,0.8822554228917923,1188
5032,1197.8010585984873,0.8822554228917923,1188
5033,1197.8010585984873,0.8822554228917923,1188
5034,1204.4246767853529,0.8867770688929266,1195
5035,1204.4246767853529,0.8867770688929266,1195
5036,1204.4246767853529,0.8867770688929266,1195
5037,1204.4246767853529,0.8867770688929266,1195
5038,1204.4246767853529,0.8867770688929266,1195
5039,1204.4246767853529,0.8867770688929266,1195
5040,1204.4246767853529,0.8867770688929266,1195
5041,1204.4246767853529,0.8867770688929266,1195
5042,1204.4246767853529,0.8867770688929266,1195
5043,1204.4246767853529,0.8867770688929266,1195
5044,1204.4246767853529,0.8867770688929266,1195
5045,1204.4246767853529,0.8867770688929266,1195
5046,1204.4246767853529,0.8867770688929266,1195
5047,1204.4246767853529,0.8867770688929266,1195
5048,1204.4246767853529,0.8867770688929266,1195
5049,1204.4246767853529,0.8867770688929266,1195
5050,1204.4246767853529,0.8867770688929266,1195
5051,1202.5508907311694,0.8972742583953698,1194
5052,1202.5508907311694,0.8972742583953698,1194
5053,1202.5508907311694,0.8972742583953698,1194
5054,1202.5508907311694,0.8972742583953698,1194
5055,1206.3490262060527,0.899699348798022,1198
5056,1223.7718305280725,0.8946200080721696,1215
5057,1223.7718305280725,0.8946200080721696,1215
5058,1223.7718305280725,0.8946200080721696,1215
5059,1223.7718305280725,0.8946200080721696,1215
5060,1223.7718305280725,0.8946200080721696,1215
5061,1227.5710271229618,0.8970323507573059,1219
5062,1227.5710271229618,0.8970323507573059,1219
5063,1227.5710271229618,0.8970323507573059,1219
5064,1227.5710271229618,0.8970323507573059,1219
5065,1227.5710271229618,0.8970323507573059,1219
5066,1227.5710271229618,0.8970323507573059,1219
5067,1227.5710271229618,0.8970323507573059,1219
5068,1227.5710271229618,0.8970323507573059,1219
5069,1227.5710271229618,0.8970323507573059,1219
5070,1223.7718305280725,0.8946200080721696,1215
5071,1223.7718305280725,0.8946200080721696,1215
5072,1223.7718305280725,0.8946200080721696,1215
5073,1235.0426364617556,0.8913666931552667,1226
5074,1235.0426364617556,0.8913666931552667,1226
5075,1235.0426364617556,0.8913666931552667,1226
5076,1236.0671430245566,0.8910722846641453,1227
5077,1236.0671430245566,0.8910722846641453,1227
5078,1236.0671430245566,0.8910722846641453,1227
5079,1236.0671430245566,0.8910722846641453,1227
5080,1236.0671430245566,0.8910722846641453,1227
5081,1236.0671430245566,0.8910722846641453,1227
5082,1236.0671430245566,0.8910722846641453,1227
5083,1236.0671430245566,0.8910722846641453,1227
5084,1236.0671430245566,0.8910722846641453,1227
5085,1236.0671430245566,0.8910722846641453,1227
5086,1236.0671430245566,0.8910722846641453,1227
5087,1236.0671430245566,0.8910722846641453,1227
5088,1236.0671430245566,0.8910722846641453,1227
5089,1241.324,0.9,1233
5090,1241.324,0.9,1233
5091,1241.324,0.9,1233
5092,1229.9198212687975,0.8928421279577426,1221
5093,1229.9198212687975,0.8928421279577426,1221
5094,1237.0916306137929,0.8907781041110909,1228
5095,1237.0916306137929,0.8907781041110909,1228
5096,1237.0916306137929,0.8907781041110909,1228
5097,1237.0916306137929,0.8907781041110909,1228
5098,1237.0916306137929,0.8907781041110909,1228
5099,1237.0916306137929,0.8907781041110909,1228
5100,1237.0916306137929,0.8907781041110909,1228
5101,1237.0916306137929,0.8907781041110909,1228
5102,1237.0916306137929,0.8907781041110909,1228
5103,1237.0916306137929,0.8907781041110909,1228
5104,1237.0916306137929,0.8907781041110909,1228
5105,1237.0916306137929,0.8907781041110909,1228
5106,1237.0916306137929,0.8907781041110909,1228
5107,1237.0916306137929,0.8907781041110909,1228
5108,1234.0181109881792,0.8916613288301404,1225
5109,1237.0916306137929,0.8907781041110909,1228
5110,1237.0916306137929,0.8907781041110909,1228
5111,1237.0916306137929,0.8907781041110909,1228
5112,1237.0916306137929,0.8907781041110909,1228
5113,1237.0916306137929,0.8907781041110909,1228
5114,1237.0916306137929,0.8907781041110909,1228
5115,1237.0916306137929,0.8907781041110909,1228
5116,1237.0916306137929,0.8907781041110909,1228
5117,1237.0916306137929,0.8907781041110909,1228
5118,1237.0916306137929,0.8907781041110909,1228
5119,1237.0916306137929,0.8907781041110909,1228
5120,1237.0916306137929,0.8907781041110909,1228
5121,1226.845908607864,0.8937300743889479,1218
5122,1226.845908607864,0.8937300743889479,1218
5123,1226.845908607864,0.8937300743889479,1218
5124,1226.845908607864,0.8937300743889479,1218
5125,1226.845908607864,0.8937300743889479,1218
5126,1226.845908607864,0.8937300743889479,1218
5127,1226.845908607864,0.8937300743889479,1218
5128,1226.845908607864,0.8937300743889479,1218
5129,1226.845908607864,0.8937300743889479,1218
5130,1226.845908607864,0.8937300743889479,1218
5131,1226.845908607864,0.8937300743889479,1218
5132,1226.845908607864,0.8937300743889479,1218
5133,1226.845908607864,0.8937300743889479,1218
5134,1216.4135221628992,0.886911074448591,1207
5135,1216.4135221628992,0.886911074448591,1207
5136,1216.4135221628992,0.886911074448591,1207
5137,1216.4135221628992,0.886911074448591,1207
5138,1216.4135221628992,0.886911074448591,1207
5139,1216.4135221628992,0.886911074448591,1207
5140,1216.4135221628992,0.886911074448591,1207
5141,1216.4135221628992,0.886911074448591,1207
5142,1216.4135221628992,0.886911074448591,1207
5143,1216.4135221628992,0.886911074448591,1207
5144,1216.4135221628992,0.886911074448591,1207
5145,1216.4135221628992,0.886911074448591,1207
5146,1216.4135221628992,0.886911074448591,1207
5147,1216.4135221628992,0.886911074448591,1207
5148,1216.4135221628992,0.886911074448591,1207
5149,1216.4135221628992,0.886911074448591,1207
5150,1216.4135221628992,0.886911074448591,1207
5151,1216.4135221628992,0.886911074448591,1207
5152,1216.4135221628992,0.886911074448591,1207
5153,1216.4135221628992,0.886911074448591,1207
5154,1216.4135221628992,0.886911074448591,1207
5155,1213.572052171832,0.8850065813090822,1204
5156,1213.572052171832,0.8850065813090822,1204
5157,1213.572052171832,0.8850065813090822,1204
5158,1213.572052171832,0.8850065813090822,1204
5159,1213.572052171832,0.8850065813090822,1204
5160,1213.572052171832,0.8850065813090822,1204
5161,1213.572052171832,0.8850065813090822,1204
5162,1213.572052171832,0.8850065813090822,1204
5163,1213.572052171832,0.8850065813090822,1204
5164,1213.572052171832,0.8850065813090822,1204
5165,1213.572052171832,0.8850065813090822,1204
5166,1213.572052171832,0.8850065813090822,1204
5167,1213.572052171832,0.8850065813090822,1204
5168,1213.572052171832,0.8850065813090822,1204
5169,1213.572052171832,0.8850065813090822,1204
5170,1213.572052171832,0.8850065813090822,1204
5171,1213.572052171832,0.8850065813090822,1204
5172,1213.572052171832,0.8850065813090822,1204
5173,1213.572052171832,0.8850065813090822,1204
5174,1213.572052171832,0.8850065813090822,1204
5175,1213.572052171832,0.8850065813090822,1204
5176,1213.572052171832,0.8850065813090822,1204
5177,1213.572052171832,0.8850065813090822,1204
5178,1213.572052171832,0.8850065813090822,1204
5179,1213.572052171832,0.8850065813090822,1204
5180,1213.572052171832,0.8850065813090822,1204
5181,1213.572052171832,0.8850065813090822,1204
5182,1213.572052171832,0.8850065813090822,1204
5183,1213.572052171832,0.8850065813090822,1204
5184,1213.572052171832,0.8850065813090822,1204
5185,1213.572052171832,0.8850065813090822,1204
5186,1213.572052171832,0.8850065813090822,1204
5187,1213.572052171832,0.8850065813090822,1204
5188,1213.572052171832,0.8850065813090822,1204
5189,1213.572052171832,0.8850065813090822,1204
5190,1213.572052171832,0.8850065813090822,1204
5191,1213.572052171832,0.8850065813090822,1204
5192,1213.572052171832,0.8850065813090822,1204
5193,1213.572052171832,0.8850065813090822,1204
5194,1213.572052171832,0.8850065813090822,1204
5195,1213.572052171832,0.8850065813090822,1204
5196,1213.572052171832,0.8850065813090822,1204
5197,1213.572052171832,0.8850065813090822,1204
5198,1213.572052171832,0.8850065813090822,1204
5199,1213.572052171832,0.8850065813090822,1204
5200,1213.572052171832,0.8850065813090822,1204
5201,1213.572052171832,0.8850065813090822,1204
5202,1220.7462847365625,0.882913446221016,1211
5203,1220.7462847365625,0.882913446221016,1211
5204,1220.7462847365625,0.882913446221016,1211
5205,1220.7462847365625,0.882913446221016,1211
5206,1232.0178989012645,0.8796504216570805,1222
5207,1232.0178989012645,0.8796504216570805,1222
5208,1232.0178989012645,0.8796504216570805,1222
5209,1232.0178989012645,0.8796504216570805,1222
5210,1232.0178989012645,0.8796504216570805,1222
5211,1232.0178989012645,0.8796504216570805,1222
5212,1232.0178989012645,0.8796504216570805,1222
5213,1232.0178989012645,0.8796504216570805,1222
5214,1232.0178989012645,0.8796504216570805,1222
5215,1232.0178989012645,0.8796504216570805,1222
5216,1232.0178989012645,0.8796504216570805,1222
5217,1232.0178989012645,0.8796504216570805,1222
5218,1232.0178989012645,0.8796504216570805,1222
5219,1232.0178989012645,0.8796504216570805,1222
5220,1244.311106365057,0.8761279869647168,1234
5221,1244.311106365057,0.8761279869647168,1234
5222,1244.311106365057,0.8761279869647168,1234
5223,1244.311106365057,0.8761279869647168,1234
5224,1244.311106365057,0.8761279869647168,1234
5225,1244.311106365057,0.8761279869647168,1234
5226,1244.311106365057,0.8761279869647168,1234
5227,1244.311106365057,0.8761279869647168,1234
5228,1244.311106365057,0.8761279869647168,1234
5229,1244.311106365057,0.8761279869647168,1234
5230,1244.311106365057,0.8761279869647168,1234
5231,1244.311106365057,0.8761279869647168,1234
5232,1244.311106365057,0.8761279869647168,1234
5233,1244.311106365057,0.8761279869647168,1234
5234,1244.311106365057,0.8761279869647168,1234
5235,1244.311106365057,0.8761279869647168,1234
5236,1244.311106365057,0.8761279869647168,1234
5237,1244.311106365057,0.8761279869647168,1234
5238,1244.311106365057,0.8761279869647168,1234
5239,1244.311106365057,0.8761279869647168,1234
5240,1244.311106365057,0.8761279869647168,1234
5241,1244.311106365057,0.8761279869647168,1234
5242,1244.311106365057,0.8761279869647168,1234
5243,1244.311106365057,0.8761279869647168,1234
5244,1244.311106365057,0.8761279869647168,1234
5245,1244.311106365057,0.8761279869647168,1234
5246,1244.311106365057,0.8761279869647168,1234
5247,1244.311106365057,0.8761279869647168,1234
5248,1244.311106365057,0.8761279869647168,1234
5249,1244.311106365057,0.8761279869647168,1234
5250,1244.311106365057,0.8761279869647168,1234
5251,1244.311106365057,0.8761279869647168,1234
5252,1244.311106365057,0.8761279869647168,1234
5253,1244.311106365057,0.8761279869647168,1234
5254,1244.311106365057,0.8761279869647168,1234
5255,1244.311106365057,0.8761279869647168,1234
5256,1244.311106365057,0.8761279869647168,1234
5257,1244.311106365057,0.8761279869647168,1234
5258,1244.311106365057,0.8761279869647168,1234
5259,1244.311106365057,0.8761279869647168,1234
5260,1244.311106365057,0.8761279869647168,1234
5261,1244.311106365057,0.8761279869647168,1234
5262,1244.311106365057,0.8761279869647168,1234
5263,1244.311106365057,0.8761279869647168,1234
5264,1244.311106365057,0.8761279869647168,1234
5265,1244.311106365057,0.8761279869647168,1234
5266,1244.311106365057,0.8761279869647168,1234
5267,1244.311106365057,0.8761279869647168,1234
5268,1244.311106365057,0.8761279869647168,1234
5269,1244.311106365057,0.8761279869647168,1234
5270,1244.311106365057,0.8761279869647168,1234
5271,1244.311106365057,0.8761279869647168,1234
5272,1244.311106365057,0.8761279869647168,1234
5273,1244.311106365057,0.8761279869647168,1234
5274,1244.311106365057,0.8761279869647168,1234
5275,1244.311106365057,0.8761279869647168,1234
5276,1244.311106365057,0.8761279869647168,1234
5277,1251.4806256122574,0.8740914751050274,1241
5278,1251.4806256122574,0.8740914751050274,1241
5279,1251.4806256122574,0.8740914751050274,1241
5280,1251.4806256122574,0.8740914751050274,1241
5281,1251.4806256122574,0.8740914751050274,1241
5282,1251.4806256122574,0.8740914751050274,1241
5283,1251.4806256122574,0.8740914751050274,1241
5284,1251.4806256122574,0.8740914751050274,1241
5285,1251.4806256122574,0.8740914751050274,1241
5286,1251.4806256122574,0.8740914751050274,1241
5287,1251.4806256122574,0.8740914751050274,1241
5288,1254.3203727923196,0.8760166651571416,1244
5289,1254.3203727923196,0.8760166651571416,1244
5290,1254.3203727923196,0.8760166651571416,1244
5291,1254.3203727923196,0.8760166651571416,1244
5292,1254.3203727923196,0.8760166651571416,1244
5293,1254.3203727923196,0.8760166651571416,1244
5294,1254.3203727923196,0.8760166651571416,1244
5295,1254.3203727923196,0.8760166651571416,1244
5296,1254.3203727923196,0.8760166651571416,1244
5297,1254.3203727923196,0.8760166651571416,1244
5298,1254.3203727923196,0.8760166651571416,1244
5299,1254.3203727923196,0.8760166651571416,1244
5300,1254.3203727923196,0.8760166651571416,1244
5301,1254.3203727923196,0.8760166651571416,1244
5302,1254.3203727923196,0.8760166651571416,1244
5303,1254.3203727923196,0.8760166651571416,1244
5304,1254.3203727923196,0.8760166651571416,1244
5305,1254.3203727923196,0.8760166651571416,1244
5306,1254.3203727923196,0.8760166651571416,1244
5307,1254.3203727923196,0.8760166651571416,1244
5308,1254.7117254520206,0.8953420777027806,1246
5309,1254.7117254520206,0.8953420777027806,1246
5310,1254.7117254520206,0.8953420777027806,1246
5311,1254.7117254520206,0.8953420777027806,1246
5312,1254.7117254520206,0.8953420777027806,1246
5313,1254.7117254520206,0.8953420777027806,1246
5314,1254.7117254520206,0.8953420777027806,1246
5315,1254.7117254520206,0.8953420777027806,1246
5316,1254.7117254520206,0.8953420777027806,1246
5317,1254.7117254520206,0.8953420777027806,1246
5318,1254.7117254520206,0.8953420777027806,1246
5319,1261.4885246835465,0.873996579967006,1251
5320,1261.4885246835465,0.873996579967006,1251
5321,1261.4885246835465,0.873996579967006,1251
5322,1261.4885246835465,0.873996579967006,1251
5323,1261.4885246835465,0.873996579967006,1251
5324,1268.119715362225,0.8784272541779807,1258
5325,1268.119715362225,0.8784272541779807,1258
5326,1268.119715362225,0.8784272541779807,1258
5327,1268.119715362225,0.8784272541779807,1258
5328,1268.119715362225,0.8784272541779807,1258
5329,1268.119715362225,0.8784272541779807,1258
5330,1268.119715362225,0.8784272541779807,1258
5331,1272.9823510662186,0.8680640189065508,1262
5332,1272.9823510662186,0.8680640189065508,1262
5333,1272.9823510662186,0.8680640189065508,1262
5334,1275.7445368603576,0.8709209891835937,1265
5335,1275.7445368603576,0.8709209891835937,1265
5336,1275.7445368603576,0.8709209891835937,1265
5337,1275.7445368603576,0.8709209891835937,1265
5338,1275.7445368603576,0.8709209891835937,1265
5339,1275.7445368603576,0.8709209891835937,1265
5340,1275.7445368603576,0.8709209891835937,1265
5341,1269.120966079054,0.8663987736778714,1258
5342,1269.120966079054,0.8663987736778714,1258
5343,1269.120966079054,0.8663987736778714,1258
5344,1269.120966079054,0.8663987736778714,1258
5345,1269.120966079054,0.8663987736778714,1258
5346,1269.120966079054,0.8663987736778714,1258
5347,1269.120966079054,0.8663987736778714,1258
5348,1269.120966079054,0.8663987736778714,1258
5349,1269.120966079054,0.8663987736778714,1258
5350,1269.120966079054,0.8663987736778714,1258
5351,1269.120966079054,0.8663987736778714,1258
5352,1269.120966079054,0.8663987736778714,1258
5353,1269.120966079054,0.8663987736778714,1258
5354,1269.120966079054,0.8663987736778714,1258
5355,1276.6913910966682,0.8715594534278219,1266
5356,1276.6913910966682,0.8715594534278219,1266
5357,1276.6913910966682,0.8715594534278219,1266
5358,1276.6913910966682,0.8715594534278219,1266
5359,1276.6913910966682,0.8715594534278219,1266
5360,1271.0126271053045,0.8677002990713049,1260
5361,1271.0126271053045,0.8677002990713049,1260
5362,1271.0126271053045,0.8677002990713049,1260
5363,1271.0126271053045,0.8677002990713049,1260
5364,1271.0126271053045,0.8677002990713049,1260
5365,1271.0126271053045,0.8677002990713049,1260
5366,1271.0126271053045,0.8677002990713049,1260
5367,1271.0126271053045,0.8677002990713049,1260
5368,1271.0126271053045,0.8677002990713049,1260
5369,1271.0126271053045,0.8677002990713049,1260
5370,1271.0126271053045,0.8677002990713049,1260
5371,1271.0126271053045,0.8677002990713049,1260
5372,1271.0126271053045,0.8677002990713049,1260
5373,1271.0126271053045,0.8677002990713049,1260
5374,1271.0126271053045,0.8677002990713049,1260
5375,1271.0126271053045,0.8677002990713049,1260
5376,1271.0126271053045,0.8677002990713049,1260
5377,1271.0126271053045,0.8677002990713049,1260
5378,1271.0126271053045,0.8677002990713049,1260
5379,1271.0126271053045,0.8677002990713049,1260
5380,1271.0126271053045,0.8677002990713049,1260
5381,1271.0126271053045,0.8677002990713049,1260
5382,1271.0126271053045,0.8677002990713049,1260
5383,1271.0126271053045,0.8677002990713049,1260
5384,1271.0126271053045,0.8677002990713049,1260
5385,1271.0126271053045,0.8677002990713049,1260
5386,1271.0126271053045,0.8677002990713049,1260
5387,1271.0126271053045,0.8677002990713049,1260
5388,1271.0126271053045,0.8677002990713049,1260
5389,1271.0126271053045,0.8677002990713049,1260
5390,1271.0126271053045,0.8677002990713049,1260
5391,1271.0126271053045,0.8677002990713049,1260
5392,1271.0126271053045,0.8677002990713049,1260
5393,1275.1848366256704,0.8656314677358183,1264
5394,1275.1848366256704,0.8656314677358183,1264
5395,1275.1848366256704,0.8656314677358183,1264
5396,1275.1848366256704,0.8656314677358183,1264
5397,1275.1848366256704,0.8656314677358183,1264
5398,1275.1848366256704,0.8656314677358183,1264
5399,1275.1848366256704,0.8656314677358183,1264
5400,1275.1848366256704,0.8656314677358183,1264
5401,1275.1848366256704,0.8656314677358183,1264
5402,1275.1848366256704,0.8656314677358183,1264
5403,1275.1848366256704,0.8656314677358183,1264
5404,1271.4028959276018,0.863011822109541,1260
5405,1271.4028959276018,0.863011822109541,1260
5406,1271.4028959276018,0.863011822109541,1260
5407,1271.4028959276018,0.863011822109541,1260
5408,1271.4028959276018,0.863011822109541,1260
5409,1271.4028959276018,0.863011822109541,1260
5410,1271.4028959276018,0.863011822109541,1260
5411,1271.4028959276018,0.863011822109541,1260
5412,1271.4028959276018,0.863011822109541,1260
5413,1271.4028959276018,0.863011822109541,1260
5414,1271.4028959276018,0.863011822109541,1260
5415,1271.4028959276018,0.863011822109541,1260
5416,1271.4028959276018,0.863011822109541,1260
5417,1271.4028959276018,0.863011822109541,1260
5418,1271.4028959276018,0.863011822109541,1260
5419,1271.4028959276018,0.863011822109541,1260
5420,1271.4028959276018,0.863011822109541,1260
5421,1271.4028959276018,0.863011822109541,1260
5422,1271.4028959276018,0.863011822109541,1260
5423,1271.4028959276018,0.863011822109541,1260
5424,1271.4028959276018,0.863011822109541,1260
5425,1271.4028959276018,0.863011822109541,1260
5426,1271.4028959276018,0.863011822109541,1260
5427,1271.4028959276018,0.863011822109541,1260
5428,1271.4028959276018,0.863011822109541,1260
5429,1271.4028959276018,0.863011822109541,1260
5430,1271.4028959276018,0.863011822109541,1260
5431,1271.4028959276018,0.863011822109541,1260
5432,1271.4028959276018,0.863011822109541,1260
5433,1271.4028959276018,0.863011822109541,1260
5434,1271.4028959276018,0.863011822109541,1260
5435,1271.4028959276018,0.863011822109541,1260
5436,1271.4028959276018,0.863011822109541,1260
5437,1271.4028959276018,0.863011822109541,1260
5438,1271.4028959276018,0.863011822109541,1260
5439,1271.4028959276018,0.863011822109541,1260
5440,1271.4028959276018,0.863011822109541,1260
5441,1271.4028959276018,0.863011822109541,1260
5442,1271.4028959276018,0.863011822109541,1260
5443,1271.4028959276018,0.863011822109541,1260
5444,1271.4028959276018,0.863011822109541,1260
5445,1271.4028959276018,0.863011822109541,1260
5446,1271.4028959276018,0.863011822109541,1260
5447,1271.4028959276018,0.863011822109541,1260
5448,1271.4028959276018,0.863011822109541,1260
5449,1271.4028959276018,0.863011822109541,1260
5450,1248.8780586304142,0.8693169313981954,1238
5451,1248.8780586304142,0.8693169313981954,1238
5452,1248.8780586304142,0.8693169313981954,1238
5453,1248.8780586304142,0.8693169313981954,1238
5454,1248.8780586304142,0.8693169313981954,1238
5455,1248.8780586304142,0.8693169313981954,1238
5456,1248.8780586304142,0.8693169313981954,1238
5457,1248.8780586304142,0.8693169313981954,1238
5458,1248.8780586304142,0.8693169313981954,1238
5459,1248.8780586304142,0.8693169313981954,1238
5460,1248.8780586304142,0.8693169313981954,1238
5461,1248.8780586304142,0.8693169313981954,1238
5462,1248.8780586304142,0.8693169313981954,1238
5463,1248.8780586304142,0.8693169313981954,1238
5464,1248.8780586304142,0.8693169313981954,1238
5465,1248.8780586304142,0.8693169313981954,1238
5466,1248.8780586304142,0.8693169313981954,1238
5467,1248.8780586304142,0.8693169313981954,1238
5468,1267.308354218478,0.8641475946843126,1256
5469,1267.308354218478,0.8641475946843126,1256
5470,1267.308354218478,0.8641475946843126,1256
5471,1267.308354218478,0.8641475946843126,1256
5472,1267.308354218478,0.8641475946843126,1256
5473,1267.308354218478,0.8641475946843126,1256
5474,1267.308354218478,0.8641475946843126,1256
5475,1267.308354218478,0.8641475946843126,1256
5476,1267.308354218478,0.8641475946843126,1256
5477,1267.308354218478,0.8641475946843126,1256
5478,1267.308354218478,0.8641475946843126,1256
5479,1267.308354218478,0.8641475946843126,1256
5480,1267.308354218478,0.8641475946843126,1256
5481,1267.308354218478,0.8641475946843126,1256
5482,1267.308354218478,0.8641475946843126,1256
5483,1267.308354218478,0.8641475946843126,1256
5484,1267.308354218478,0.8641475946843126,1256
5485,1267.308354218478,0.8641475946843126,1256
5486,1267.308354218478,0.8641475946843126,1256
5487,1267.308354218478,0.8641475946843126,1256
5488,1267.308354218478,0.8641475946843126,1256
5489,1267.308354218478,0.8641475946843126,1256
5490,1267.308354218478,0.8641475946843126,1256
5491,1267.308354218478,0.8641475946843126,1256
5492,1267.308354218478,0.8641475946843126,1256
5493,1267.308354218478,0.8641475946843126,1256
5494,1267.308354218478,0.8641475946843126,1256
5495,1267.308354218478,0.8641475946843126,1256
5496,1267.308354218478,0.8641475946843126,1256
5497,1267.308354218478,0.8641475946843126,1256
5498,1267.308354218478,0.8641475946843126,1256
5499,1267.308354218478,0.8641475946843126,1256
5500,1267.308354218478,0.8641475946843126,1256
5501,1267.308354218478,0.8641475946843126,1256
5502,1267.308354218478,0.8641475946843126,1256
5503,1267.308354218478,0.8641475946843126,1256
5504,1267.308354218478,0.8641475946843126,1256
5505,1267.308354218478,0.8641475946843126,1256
5506,1267.308354218478,0.8641475946843126,1256
5507,1267.308354218478,0.8641475946843126,1256
5508,1267.308354218478,0.8641475946843126,1256
5509,1267.308354218478,0.8641475946843126,1256
5510,1267.308354218478,0.8641475946843126,1256
5511,1267.308354218478,0.8641475946843126,1256
5512,1267.308354218478,0.8641475946843126,1256
5513,1267.308354218478,0.8641475946843126,1256
5514,1267.308354218478,0.8641475946843126,1256
5515,1267.308354218478,0.8641475946843126,1256
5516,1267.308354218478,0.8641475946843126,1256
5517,1267.308354218478,0.8641475946843126,1256
5518,1267.308354218478,0.8641475946843126,1256
5519,1267.308354218478,0.8641475946843126,1256
5520,1267.308354218478,0.8641475946843126,1256
5521,1267.308354218478,0.8641475946843126,1256
5522,1267.308354218478,0.8641475946843126,1256
5523,1267.308354218478,0.8641475946843126,1256
5524,1267.5444671185967,0.8613110629673632,1256
5525,1267.5444671185967,0.8613110629673632,1256
5526,1267.5444671185967,0.8613110629673632,1256
5527,1267.5444671185967,0.8613110629673632,1256
5528,1267.5444671185967,0.8613110629673632,1256
5529,1267.5444671185967,0.8613110629673632,1256
5530,1267.5444671185967,0.8613110629673632,1256
5531,1267.5444671185967,0.8613110629673632,1256
5532,1267.5444671185967,0.8613110629673632,1256
5533,1267.5444671185967,0.8613110629673632,1256
5534,1267.5444671185967,0.8613110629673632,1256
5535,1267.5444671185967,0.8613110629673632,1256
5536,1267.5444671185967,0.8613110629673632,1256
5537,1267.5444671185967,0.8613110629673632,1256
5538,1267.5444671185967,0.8613110629673632,1256
5539,1273.1375215222486,0.8541864305352171,1261
5540,1273.1375215222486,0.8541864305352171,1261
5541,1273.1375215222486,0.8541864305352171,1261
5542,1273.1375215222486,0.8541864305352171,1261
5543,1273.1375215222486,0.8541864305352171,1261
5544,1273.1375215222486,0.8541864305352171,1261
5545,1273.1375215222486,0.8541864305352171,1261
5546,1273.1375215222486,0.8541864305352171,1261
5547,1273.1375215222486,0.8541864305352171,1261
5548,1273.1375215222486,0.8541864305352171,1261
5549,1273.1375215222486,0.8541864305352171,1261
5550,1273.1375215222486,0.8541864305352171,1261
5551,1273.1375215222486,0.8541864305352171,1261
5552,1273.1375215222486,0.8541864305352171,1261
5553,1273.1375215222486,0.8541864305352171,1261
5554,1273.1375215222486,0.8541864305352171,1261
5555,1273.1375215222486,0.8541864305352171,1261
5556,1273.1375215222486,0.8541864305352171,1261
5557,1273.1375215222486,0.8541864305352171,1261
5558,1273.1375215222486,0.8541864305352171,1261
5559,1273.1375215222486,0.8541864305352171,1261
5560,1273.1375215222486,0.8541864305352171,1261
5561,1273.1375215222486,0.8541864305352171,1261
5562,1273.1375215222486,0.8541864305352171,1261
5563,1273.1375215222486,0.8541864305352171,1261
5564,1273.1375215222486,0.8541864305352171,1261
5565,1273.1375215222486,0.8541864305352171,1261
5566,1273.1375215222486,0.8541864305352171,1261
5567,1273.1375215222486,0.8541864305352171,1261
5568,1273.1375215222486,0.8541864305352171,1261
5569,1273.1375215222486,0.8541864305352171,1261
5570,1273.1375215222486,0.8541864305352171,1261
5571,1273.1375215222486,0.8541864305352171,1261
5572,1273.1375215222486,0.8541864305352171,1261
5573,1273.1375215222486,0.8541864305352171,1261
5574,1273.1375215222486,0.8541864305352171,1261
5575,1273.1375215222486,0.8541864305352171,1261
5576,1273.1375215222486,0.8541864305352171,1261
5577,1273.1375215222486,0.8541864305352171,1261
5578,1273.1375215222486,0.8541864305352171,1261
5579,1273.1375215222486,0.8541864305352171,1261
5580,1273.1375215222486,0.8541864305352171,1261
5581,1273.1375215222486,0.8541864305352171,1261
5582,1273.1375215222486,0.8541864305352171,1261
5583,1273.1375215222486,0.8541864305352171,1261
5584,1273.1375215222486,0.8541864305352171,1261
5585,1273.1375215222486,0.8541864305352171,1261
5586,1273.1375215222486,0.8541864305352171,1261
5587,1273.1375215222486,0.8541864305352171,1261
5588,1273.1375215222486,0.8541864305352171,1261
5589,1273.1375215222486,0.8541864305352171,1261
5590,1273.1375215222486,0.8541864305352171,1261
5591,1273.1375215222486,0.8541864305352171,1261
5592,1273.1375215222486,0.8541864305352171,1261
5593,1273.1375215222486,0.8541864305352171,1261
5594,1273.1375215222486,0.8541864305352171,1261
5595,1273.1375215222486,0.8541864305352171,1261
5596,1273.1375215222486,0.8541864305352171,1261
5597,1273.1375215222486,0.8541864305352171,1261
5598,1273.1375215222486,0.8541864305352171,1261
5599,1273.1375215222486,0.8541864305352171,1261
5600,1273.1375215222486,0.8541864305352171,1261
5601,1273.1375215222486,0.8541864305352171,1261
5602,1273.1375215222486,0.8541864305352171,1261
5603,1273.1375215222486,0.8541864305352171,1261
5604,1273.1375215222486,0.8541864305352171,1261
5605,1273.1375215222486,0.8541864305352171,1261
5606,1273.1375215222486,0.8541864305352171,1261
5607,1273.1375215222486,0.8541864305352171,1261
5608,1273.1375215222486,0.8541864305352171,1261
5609,1273.1375215222486,0.8541864305352171,1261
5610,1273.1375215222486,0.8541864305352171,1261
5611,1273.1375215222486,0.8541864305352171,1261
5612,1273.1375215222486,0.8541864305352171,1261
5613,1273.1375215222486,0.8541864305352171,1261
5614,1273.1375215222486,0.8541864305352171,1261
5615,1273.1375215222486,0.8541864305352171,1261
5616,1273.1375215222486,0.8541864305352171,1261
5617,1273.1375215222486,0.8541864305352171,1261
5618,1273.1375215222486,0.8541864305352171,1261
5619,1273.1375215222486,0.8541864305352171,1261
5620,1273.1375215222486,0.8541864305352171,1261
5621,1273.1375215222486,0.8541864305352171,1261
5622,1273.1375215222486,0.8541864305352171,1261
5623,1273.1375215222486,0.8541864305352171,1261
5624,1273.1375215222486,0.8541864305352171,1261
5625,1273.1375215222486,0.8541864305352171,1261
5626,1273.1375215222486,0.8541864305352171,1261
5627,1273.1375215222486,0.8541864305352171,1261
5628,1273.1375215222486,0.8541864305352171,1261
5629,1273.1375215222486,0.8541864305352171,1261
5630,1273.1375215222486,0.8541864305352171,1261
5631,1273.1375215222486,0.8541864305352171,1261
5632,1273.1375215222486,0.8541864305352171,1261
5633,1273.1375215222486,0.8541864305352171,1261
5634,1273.1375215222486,0.8541864305352171,1261
5635,1273.1375215222486,0.8541864305352171,1261
5636,1273.1375215222486,0.8541864305352171,1261
5637,1273.1375215222486,0.8541864305352171,1261
5638,1273.1375215222486,0.8541864305352171,1261
5639,1273.1375215222486,0.8541864305352171,1261
5640,1273.1375215222486,0.8541864305352171,1261
5641,1273.1375215222486,0.8541864305352171,1261
5642,1273.1375215222486,0.8541864305352171,1261
5643,1273.1375215222486,0.8541864305352171,1261
5644,1273.1375215222486,0.8541864305352171,1261
5645,1273.1375215222486,0.8541864305352171,1261
5646,1273.1375215222486,0.8541864305352171,1261
5647,1273.1375215222486,0.8541864305352171,1261
5648,1273.1375215222486,0.8541864305352171,1261
5649,1273.1375215222486,0.8541864305352171,1261
5650,1273.1375215222486,0.8541864305352171,1261
5651,1273.1375215222486,0.8541864305352171,1261
5652,1273.1375215222486,0.8541864305352171,1261
5653,1273.1375215222486,0.8541864305352171,1261
5654,1273.1375215222486,0.8541864305352171,1261
5655,1273.1375215222486,0.8541864305352171,1261
5656,1273.1375215222486,0.8541864305352171,1261
5657,1273.1375215222486,0.8541864305352171,1261
5658,1273.1375215222486,0.8541864305352171,1261
5659,1258.916551724138,0.8448275862068966,1246
5660,1258.916551724138,0.8448275862068966,1246
5661,1258.916551724138,0.8448275862068966,1246
5662,1258.916551724138,0.8448275862068966,1246
5663,1258.916551724138,0.8448275862068966,1246
5664,1258.916551724138,0.8448275862068966,1246
5665,1258.916551724138,0.8448275862068966,1246
5666,1258.916551724138,0.8448275862068966,1246
5667,1258.916551724138,0.8448275862068966,1246
5668,1258.916551724138,0.8448275862068966,1246
5669,1258.916551724138,0.8448275862068966,1246
5670,1258.916551724138,0.8448275862068966,1246
5671,1258.916551724138,0.8448275862068966,1246
5672,1258.916551724138,0.8448275862068966,1246
5673,1258.916551724138,0.8448275862068966,1246
5674,1258.916551724138,0.8448275862068966,1246
5675,1258.916551724138,0.8448275862068966,1246
5676,1258.916551724138,0.8448275862068966,1246
5677,1258.916551724138,0.8448275862068966,1246
5678,1258.916551724138,0.8448275862068966,1246
5679,1258.916551724138,0.8448275862068966,1246
5680,1258.916551724138,0.8448275862068966,1246
5681,1258.916551724138,0.8448275862068966,1246
5682,1258.916551724138,0.8448275862068966,1246
5683,1258.916551724138,0.8448275862068966,1246
5684,1258.916551724138,0.8448275862068966,1246
5685,1258.916551724138,0.8448275862068966,1246
5686,1258.916551724138,0.8448275862068966,1246
5687,1258.916551724138,0.8448275862068966,1246
5688,1258.916551724138,0.8448275862068966,1246
5689,1258.916551724138,0.8448275862068966,1246
5690,1258.916551724138,0.8448275862068966,1246
5691,1258.916551724138,0.8448275862068966,1246
5692,1258.916551724138,0.8448275862068966,1246
5693,1258.916551724138,0.8448275862068966,1246
5694,1258.916551724138,0.8448275862068966,1246
5695,1256.8697872563587,0.8453893890394196,1244
5696,1256.8697872563587,0.8453893890394196,1244
5697,1256.8697872563587,0.8453893890394196,1244
5698,1256.8697872563587,0.8453893890394196,1244
5699,1256.8697872563587,0.8453893890394196,1244
5700,1256.8697872563587,0.8453893890394196,1244
5701,1256.8697872563587,0.8453893890394196,1244
5702,1256.8697872563587,0.8453893890394196,1244
5703,1256.8697872563587,0.8453893890394196,1244
5704,1247.6579587647893,0.8479341811053651,1235
5705,1247.6579587647893,0.8479341811053651,1235
5706,1247.6579587647893,0.8479341811053651,1235
5707,1247.6579587647893,0.8479341811053651,1235
5708,1247.6579587647893,0.8479341811053651,1235
5709,1247.6579587647893,0.8479341811053651,1235
5710,1247.6579587647893,0.8479341811053651,1235
5711,1247.6579587647893,0.8479341811053651,1235
5712,1247.6579587647893,0.8479341811053651,1235
5713,1247.6579587647893,0.8479341811053651,1235
5714,1247.6579587647893,0.8479341811053651,1235
5715,1247.6579587647893,0.8479341811053651,1235
5716,1247.6579587647893,0.8479341811053651,1235
5717,1247.6579587647893,0.8479341811053651,1235
5718,1247.6579587647893,0.8479341811053651,1235
5719,1247.6579587647893,0.8479341811053651,1235
5720,1247.6579587647893,0.8479341811053651,1235
5721,1247.6579587647893,0.8479341811053651,1235
5722,1247.6579587647893,0.8479341811053651,1235
5723,1247.6579587647893,0.8479341811053651,1235
5724,1247.6579587647893,0.8479341811053651,1235
5725,1247.6579587647893,0.8479341811053651,1235
5726,1247.6579587647893,0.8479341811053651,1235
5727,1247.6579587647893,0.8479341811053651,1235
5728,1247.6579587647893,0.8479341811053651,1235
5729,1247.6579587647893,0.8479341811053651,1235
5730,1247.6579587647893,0.8479341811053651,1235
5731,1247.6579587647893,0.8479341811053651,1235
5732,1247.6579587647893,0.8479341811053651,1235
5733,1247.6579587647893,0.8479341811053651,1235
5734,1247.6579587647893,0.8479341811053651,1235
5735,1247.6579587647893,0.8479341811053651,1235
5736,1247.6579587647893,0.8479341811053651,1235
5737,1256.8697872563587,0.8453893890394196,1244
5738,1256.8697872563587,0.8453893890394196,1244
5739,1256.8697872563587,0.8453893890394196,1244
5740,1256.8697872563587,0.8453893890394196,1244
5741,1256.8697872563587,0.8453893890394196,1244
5742,1256.8697872563587,0.8453893890394196,1244
5743,1256.8697872563587,0.8453893890394196,1244
5744,1256.8697872563587,0.8453893890394196,1244
5745,1256.8697872563587,0.8453893890394196,1244
5746,1256.8697872563587,0.8453893890394196,1244
5747,1256.8697872563587,0.8453893890394196,1244
5748,1256.8697872563587,0.8453893890394196,1244
5749,1256.8697872563587,0.8453893890394196,1244
5750,1256.8697872563587,0.8453893890394196,1244
5751,1256.8697872563587,0.8453893890394196,1244
5752,1256.8697872563587,0.8453893890394196,1244
5753,1256.8697872563587,0.8453893890394196,1244
5754,1256.8697872563587,0.8453893890394196,1244
5755,1256.8697872563587,0.8453893890394196,1244
5756,1256.8697872563587,0.8453893890394196,1244
5757,1256.8697872563587,0.8453893890394196,1244
5758,1256.8697872563587,0.8453893890394196,1244
5759,1244.5868437063814,0.8487885186643284,1232
5760,1244.5868437063814,0.8487885186643284,1232
5761,1244.5868437063814,0.8487885186643284,1232
5762,1244.5868437063814,0.8487885186643284,1232
5763,1244.5868437063814,0.8487885186643284,1232
5764,1244.5868437063814,0.8487885186643284,1232
5765,1244.5868437063814,0.8487885186643284,1232
5766,1244.5868437063814,0.8487885186643284,1232
5767,1244.5868437063814,0.8487885186643284,1232
5768,1244.5868437063814,0.8487885186643284,1232
5769,1244.5868437063814,0.8487885186643284,1232
5770,1244.5868437063814,0.8487885186643284,1232
5771,1244.5868437063814,0.8487885186643284,1232
5772,1244.5868437063814,0.8487885186643284,1232
5773,1244.5868437063814,0.8487885186643284,1232
5774,1254.0104046011902,0.8557135439549467,1242
5775,1254.0104046011902,0.8557135439549467,1242
5776,1254.0104046011902,0.8557135439549467,1242
5777,1254.0104046011902,0.8557135439549467,1242
5778,1254.0104046011902,0.8557135439549467,1242
5779,1254.0104046011902,0.8557135439549467,1242
5780,1254.0104046011902,0.8557135439549467,1242
5781,1254.0104046011902,0.8557135439549467,1242
5782,1254.0104046011902,0.8557135439549467,1242
5783,1254.0104046011902,0.8557135439549467,1242
5784,1254.0104046011902,0.8557135439549467,1242
5785,1254.0104046011902,0.8557135439549467,1242
5786,1254.0104046011902,0.8557135439549467,1242
5787,1254.0104046011902,0.8557135439549467,1242
5788,1254.0104046011902,0.8557135439549467,1242
5789,1254.0104046011902,0.8557135439549467,1242
5790,1254.0104046011902,0.8557135439549467,1242
5791,1254.0104046011902,0.8557135439549467,1242
5792,1255.0341452022788,0.8554283373104414,1243
5793,1255.0341452022788,0.8554283373104414,1243
5794,1255.0341452022788,0.8554283373104414,1243
5795,1255.0341452022788,0.8554283373104414,1243
5796,1255.0341452022788,0.8554283373104414,1243
5797,1255.0341452022788,0.8554283373104414,1243
5798,1255.0341452022788,0.8554283373104414,1243
5799,1255.0341452022788,0.8554283373104414,1243
5800,1255.0341452022788,0.8554283373104414,1243
5801,1255.0341452022788,0.8554283373104414,1243
5802,1255.0341452022788,0.8554283373104414,1243
5803,1255.0341452022788,0.8554283373104414,1243
5804,1255.0341452022788,0.8554283373104414,1243
5805,1255.0341452022788,0.8554283373104414,1243
5806,1265.2700854435363,0.8525938798229656,1253
5807,1265.2700854435363,0.8525938798229656,1253
5808,1265.2700854435363,0.8525938798229656,1253
5809,1257.0815464644159,0.8548588843775128,1245
5810,1257.0815464644159,0.8548588843775128,1245
5811,1257.0815464644159,0.8548588843775128,1245
5812,1257.0815464644159,0.8548588843775128,1245
5813,1257.0815464644159,0.8548588843775128,1245
5814,1257.0815464644159,0.8548588843775128,1245
5815,1257.0815464644159,0.8548588843775128,1245
5816,1257.0815464644159,0.8548588843775128,1245
5817,1257.0815464644159,0.8548588843775128,1245
5818,1257.0815464644159,0.8548588843775128,1245
5819,1257.0815464644159,0.8548588843775128,1245
5820,1228.4082440625666,0.8629475725304344,1217
5821,1228.4082440625666,0.8629475725304344,1217
5822,1228.4082440625666,0.8629475725304344,1217
5823,1228.4082440625666,0.8629475725304344,1217
5824,1193.562857862985,0.8731035816556345,1183
5825,1193.562857862985,0.8731035816556345,1183
5826,1193.562857862985,0.8731035816556345,1183
5827,1193.562857862985,0.8731035816556345,1183
5828,1193.562857862985,0.8731035816556345,1183
5829,1193.562857862985,0.8731035816556345,1183
5830,1193.562857862985,0.8731035816556345,1183
5831,1193.562857862985,0.8731035816556345,1183
5832,1193.562857862985,0.8731035816556345,1183
5833,1193.562857862985,0.8731035816556345,1183
5834,1193.562857862985,0.8731035816556345,1183
5835,1193.562857862985,0.8731035816556345,1183
5836,1193.562857862985,0.8731035816556345,1183
5837,1193.562857862985,0.8731035816556345,1183
5838,1193.562857862985,0.8731035816556345,1183
5839,1193.562857862985,0.8731035816556345,1183
5840,1193.562857862985,0.8731035816556345,1183
5841,1193.562857862985,0.8731035816556345,1183
5842,1193.562857862985,0.8731035816556345,1183
5843,1193.562857862985,0.8731035816556345,1183
5844,1193.562857862985,0.8731035816556345,1183
5845,1193.562857862985,0.8731035816556345,1183
5846,1193.562857862985,0.8731035816556345,1183
5847,1193.562857862985,0.8731035816556345,1183
5848,1193.562857862985,0.8731035816556345,1183
5849,1193.562857862985,0.8731035816556345,1183
5850,1193.562857862985,0.8731035816556345,1183
5851,1193.562857862985,0.8731035816556345,1183
5852,1193.562857862985,0.8731035816556345,1183
5853,1193.562857862985,0.8731035816556345,1183
5854,1193.562857862985,0.8731035816556345,1183
5855,1193.562857862985,0.8731035816556345,1183
5856,1193.562857862985,0.8731035816556345,1183
5857,1193.562857862985,0.8731035816556345,1183
5858,1193.562857862985,0.8731035816556345,1183
5859,1193.562857862985,0.8731035816556345,1183
5860,1193.562857862985,0.8731035816556345,1183
5861,1193.562857862985,0.8731035816556345,1183
5862,1193.562857862985,0.8731035816556345,1183
5863,1193.562857862985,0.8731035816556345,1183
5864,1193.562857862985,0.8731035816556345,1183
5865,1193.562857862985,0.8731035816556345,1183
5866,1193.562857862985,0.8731035816556345,1183
5867,1193.562857862985,0.8731035816556345,1183
5868,1193.562857862985,0.8731035816556345,1183
5869,1193.562857862985,0.8731035816556345,1183
5870,1193.562857862985,0.8731035816556345,1183
5871,1193.562857862985,0.8731035816556345,1183
5872,1193.562857862985,0.8731035816556345,1183
5873,1193.562857862985,0.8731035816556345,1183
5874,1193.562857862985,0.8731035816556345,1183
5875,1193.562857862985,0.8731035816556345,1183
5876,1193.562857862985,0.8731035816556345,1183
5877,1193.562857862985,0.8731035816556345,1183
5878,1193.562857862985,0.8731035816556345,1183
5879,1193.562857862985,0.8731035816556345,1183
5880,1193.562857862985,0.8731035816556345,1183
5881,1193.562857862985,0.8731035816556345,1183
5882,1193.562857862985,0.8731035816556345,1183
5883,1193.562857862985,0.8731035816556345,1183
5884,1193.562857862985,0.8731035816556345,1183
5885,1193.562857862985,0.8731035816556345,1183
5886,1193.562857862985,0.8731035816556345,1183
5887,1193.562857862985,0.8731035816556345,1183
5888,1193.562857862985,0.8731035816556345,1183
5889,1193.562857862985,0.8731035816556345,1183
5890,1187.4105594832236,0.8749332113980828,1177
5891,1187.4105594832236,0.8749332113980828,1177
5892,1187.4105594832236,0.8749332113980828,1177
5893,1187.4105594832236,0.8749332113980828,1177
5894,1187.4105594832236,0.8749332113980828,1177
5895,1200.6386615236354,0.8842063728539709,1191
5896,1200.6386615236354,0.8842063728539709,1191
5897,1200.6386615236354,0.8842063728539709,1191
5898,1200.6386615236354,0.8842063728539709,1191
5899,1200.6386615236354,0.8842063728539709,1191
5900,1200.6386615236354,0.8842063728539709,1191
5901,1200.6386615236354,0.8842063728539709,1191
5902,1200.6386615236354,0.8842063728539709,1191
5903,1200.6386615236354,0.8842063728539709,1191
5904,1200.6386615236354,0.8842063728539709,1191
5905,1210.3739105880948,0.8994004013924234,1202
5906,1213.4486501036479,0.8985025215803967,1205
5907,1213.4486501036479,0.8985025215803967,1205
5908,1213.4486501036479,0.8985025215803967,1205
5909,1213.4486501036479,0.8985025215803967,1205
5910,1213.4486501036479,0.8985025215803967,1205
5911,1213.4486501036479,0.8985025215803967,1205
5912,1213.4486501036479,0.8985025215803967,1205
5913,1213.4486501036479,0.8985025215803967,1205
5914,1213.4486501036479,0.8985025215803967,1205
5915,1213.4486501036479,0.8985025215803967,1205
5916,1213.4486501036479,0.8985025215803967,1205
5917,1213.4486501036479,0.8985025215803967,1205
5918,1213.4486501036479,0.8985025215803967,1205
5919,1213.4486501036479,0.8985025215803967,1205
5920,1213.4486501036479,0.8985025215803967,1205
5921,1213.4486501036479,0.8985025215803967,1205
5922,1213.4486501036479,0.8985025215803967,1205
5923,1213.4486501036479,0.8985025215803967,1205
5924,1208.701351905976,0.8954666998321,1200
5925,1208.701351905976,0.8954666998321,1200
5926,1208.701351905976,0.8954666998321,1200
5927,1202.0627862839654,0.8911246241714867,1193
5928,1202.0627862839654,0.8911246241714867,1193
5929,1216.2992057095335,0.9002978650945049,1208
5930,1216.2992057095335,0.9002978650945049,1208
5931,1216.2992057095335,0.9002978650945049,1208
5932,1216.2992057095335,0.9002978650945049,1208
5933,1216.2992057095335,0.9002978650945049,1208
5934,1216.2992057095335,0.9002978650945049,1208
5935,1216.2992057095335,0.9002978650945049,1208
5936,1216.2992057095335,0.9002978650945049,1208
5937,1216.2992057095335,0.9002978650945049,1208
5938,1216.2992057095335,0.9002978650945049,1208
5939,1216.2992057095335,0.9002978650945049,1208
5940,1216.2992057095335,0.9002978650945049,1208
5941,1216.2992057095335,0.9002978650945049,1208
5942,1216.2992057095335,0.9002978650945049,1208
5943,1216.2992057095335,0.9002978650945049,1208
5944,1216.2992057095335,0.9002978650945049,1208
5945,1216.2992057095335,0.9002978650945049,1208
5946,1216.2992057095335,0.9002978650945049,1208
5947,1216.2992057095335,0.9002978650945049,1208
5948,1216.2992057095335,0.9002978650945049,1208
5949,1216.2992057095335,0.9002978650945049,1208
5950,1216.2992057095335,0.9002978650945049,1208
5951,1216.2992057095335,0.9002978650945049,1208
5952,1216.2992057095335,0.9002978650945049,1208
5953,1216.2992057095335,0.9002978650945049,1208
5954,1216.2992057095335,0.9002978650945049,1208
5955,1216.2992057095335,0.9002978650945049,1208
5956,1202.0627862839654,0.8911246241714867,1193
5957,1202.0627862839654,0.8911246241714867,1193
5958,1202.0627862839654,0.8911246241714867,1193
5959,1202.0627862839654,0.8911246241714867,1193
5960,1202.0627862839654,0.8911246241714867,1193
5961,1202.0627862839654,0.8911246241714867,1193
5962,1202.0627862839654,0.8911246241714867,1193
5963,1202.0627862839654,0.8911246241714867,1193
5964,1202.0627862839654,0.8911246241714867,1193
5965,1202.0627862839654,0.8911246241714867,1193
5966,1202.0627862839654,0.8911246241714867,1193
5967,1202.0627862839654,0.8911246241714867,1193
5968,1202.0627862839654,0.8911246241714867,1193
5969,1202.0627862839654,0.8911246241714867,1193
5970,1202.0627862839654,0.8911246241714867,1193
5971,1202.0627862839654,0.8911246241714867,1193
5972,1202.0627862839654,0.8911246241714867,1193
5973,1202.0627862839654,0.8911246241714867,1193
5974,1202.0627862839654,0.8911246241714867,1193
5975,1202.0627862839654,0.8911246241714867,1193
5976,1202.0627862839654,0.8911246241714867,1193
5977,1202.0627862839654,0.8911246241714867,1193
5978,1202.0627862839654,0.8911246241714867,1193
5979,1202.0627862839654,0.8911246241714867,1193
5980,1202.0627862839654,0.8911246241714867,1193
5981,1202.0627862839654,0.8911246241714867,1193
5982,1202.0627862839654,0.8911246241714867,1193
5983,1202.0627862839654,0.8911246241714867,1193
5984,1202.0627862839654,0.8911246241714867,1193
5985,1202.0627862839654,0.8911246241714867,1193
5986,1202.0627862839654,0.8911246241714867,1193
5987,1202.0627862839654,0.8911246241714867,1193
5988,1202.0627862839654,0.8911246241714867,1193
5989,1202.0627862839654,0.8911246241714867,1193
5990,1202.0627862839654,0.8911246241714867,1193
5991,1202.0627862839654,0.8911246241714867,1193
5992,1202.0627862839654,0.8911246241714867,1193
5993,1202.0627862839654,0.8911246241714867,1193
5994,1202.0627862839654,0.8911246241714867,1193
5995,1221.0599759729803,0.8791449306465594,1211
5996,1221.0599759729803,0.8791449306465594,1211
5997,1221.0599759729803,0.8791449306465594,1211
5998,1221.0599759729803,0.8791449306465594,1211
5999,1221.0599759729803,0.8791449306465594,1211
6000,1221.0599759729803,0.8791449306465594,1211
6001,1221.0599759729803,0.8791449306465594,1211
6002,1221.0599759729803,0.8791449306465594,1211
6003,1221.0599759729803,0.8791449306465594,1211
6004,1221.0599759729803,0.8791449306465594,1211
6005,1221.0599759729803,0.8791449306465594,1211
6006,1221.0599759729803,0.8791449306465594,1211
6007,1221.0599759729803,0.8791449306465594,1211
6008,1221.0599759729803,0.8791449306465594,1211
6009,1221.0599759729803,0.8791449306465594,1211
6010,1221.0599759729803,0.8791449306465594,1211
6011,1221.0599759729803,0.8791449306465594,1211
6012,1221.0599759729803,0.8791449306465594,1211
6013,1221.0599759729803,0.8791449306465594,1211
6014,1221.0599759729803,0.8791449306465594,1211
6015,1221.0599759729803,0.8791449306465594,1211
6016,1221.0599759729803,0.8791449306465594,1211
6017,1221.0599759729803,0.8791449306465594,1211
6018,1221.0599759729803,0.8791449306465594,1211
6019,1221.0599759729803,0.8791449306465594,1211
6020,1221.0599759729803,0.8791449306465594,1211
6021,1221.0599759729803,0.8791449306465594,1211
6022,1221.0599759729803,0.8791449306465594,1211
6023,1221.0599759729803,0.8791449306465594,1211
6024,1221.0599759729803,0.8791449306465594,1211
6025,1221.0599759729803,0.8791449306465594,1211
6026,1221.0599759729803,0.8791449306465594,1211
6027,1221.0599759729803,0.8791449306465594,1211
6028,1221.0599759729803,0.8791449306465594,1211
6029,1221.0599759729803,0.8791449306465594,1211
6030,1214.9108320339944,0.8809366646564831,1205
6031,1214.9108320339944,0.8809366646564831,1205
6032,1214.9108320339944,0.8809366646564831,1205
6033,1214.9108320339944,0.8809366646564831,1205
6034,1214.9108320339944,0.8809366646564831,1205
6035,1214.9108320339944,0.8809366646564831,1205
6036,1214.9108320339944,0.8809366646564831,1205
6037,1214.9108320339944,0.8809366646564831,1205
6038,1214.9108320339944,0.8809366646564831,1205
6039,1214.9108320339944,0.8809366646564831,1205
6040,1214.9108320339944,0.8809366646564831,1205
6041,1214.9108320339944,0.8809366646564831,1205
6042,1214.9108320339944,0.8809366646564831,1205
6043,1214.9108320339944,0.8809366646564831,1205
6044,1214.9108320339944,0.8809366646564831,1205
6045,1214.9108320339944,0.8809366646564831,1205
6046,1214.9108320339944,0.8809366646564831,1205
6047,1214.9108320339944,0.8809366646564831,1205
6048,1214.9108320339944,0.8809366646564831,1205
6049,1214.9108320339944,0.8809366646564831,1205
6050,1214.9108320339944,0.8809366646564831,1205
6051,1214.9108320339944,0.8809366646564831,1205
6052,1214.9108320339944,0.8809366646564831,1205
6053,1214.9108320339944,0.8809366646564831,1205
6054,1214.9108320339944,0.8809366646564831,1205
6055,1214.9108320339944,0.8809366646564831,1205
6056,1214.9108320339944,0.8809366646564831,1205
6057,1214.9108320339944,0.8809366646564831,1205
6058,1214.9108320339944,0.8809366646564831,1205
6059,1214.9108320339944,0.8809366646564831,1205
6060,1214.9108320339944,0.8809366646564831,1205
6061,1214.9108320339944,0.8809366646564831,1205
6062,1214.9108320339944,0.8809366646564831,1205
6063,1214.9108320339944,0.8809366646564831,1205
6064,1214.9108320339944,0.8809366646564831,1205
6065,1214.9108320339944,0.8809366646564831,1205
6066,1214.9108320339944,0.8809366646564831,1205
6067,1214.9108320339944,0.8809366646564831,1205
6068,1214.9108320339944,0.8809366646564831,1205
6069,1214.9108320339944,0.8809366646564831,1205
6070,1211.127877165527,0.8783292027207239,1201
6071,1211.127877165527,0.8783292027207239,1201
6072,1211.127877165527,0.8783292027207239,1201
6073,1211.127877165527,0.8783292027207239,1201
6074,1211.127877165527,0.8783292027207239,1201
6075,1211.127877165527,0.8783292027207239,1201
6076,1211.127877165527,0.8783292027207239,1201
6077,1213.1778053505254,0.8777293927135328,1203
6078,1213.1778053505254,0.8777293927135328,1203
6079,1213.1778053505254,0.8777293927135328,1203
6080,1213.1778053505254,0.8777293927135328,1203
6081,1213.1778053505254,0.8777293927135328,1203
6082,1213.1778053505254,0.8777293927135328,1203
6083,1213.1778053505254,0.8777293927135328,1203
6084,1213.1778053505254,0.8777293927135328,1203
6085,1213.1778053505254,0.8777293927135328,1203
6086,1213.1778053505254,0.8777293927135328,1203
6087,1213.1778053505254,0.8777293927135328,1203
6088,1213.1778053505254,0.8777293927135328,1203
6089,1213.1778053505254,0.8777293927135328,1203
6090,1213.1778053505254,0.8777293927135328,1203
6091,1213.1778053505254,0.8777293927135328,1203
6092,1213.1778053505254,0.8777293927135328,1203
6093,1213.1778053505254,0.8777293927135328,1203
6094,1213.1778053505254,0.8777293927135328,1203
6095,1213.1778053505254,0.8777293927135328,1203
6096,1215.068869607963,0.8790380873622894,1205
6097,1215.068869607963,0.8790380873622894,1205
6098,1215.068869607963,0.8790380873622894,1205
6099,1215.068869607963,0.8790380873622894,1205
6100,1215.068869607963,0.8790380873622894,1205
6101,1215.068869607963,0.8790380873622894,1205
6102,1215.068869607963,0.8790380873622894,1205
6103,1215.068869607963,0.8790380873622894,1205
6104,1215.068869607963,0.8790380873622894,1205
6105,1215.068869607963,0.8790380873622894,1205
6106,1215.068869607963,0.8790380873622894,1205
6107,1215.068869607963,0.8790380873622894,1205
6108,1215.068869607963,0.8790380873622894,1205
6109,1215.068869607963,0.8790380873622894,1205
6110,1215.068869607963,0.8790380873622894,1205
6111,1215.068869607963,0.8790380873622894,1205
6112,1215.068869607963,0.8790380873622894,1205
6113,1215.068869607963,0.8790380873622894,1205
6114,1215.068869607963,0.8790380873622894,1205
6115,1215.068869607963,0.8790380873622894,1205
6116,1215.068869607963,0.8790380873622894,1205
6117,1215.068869607963,0.8790380873622894,1205
6118,1215.068869607963,0.8790380873622894,1205
6119,1215.068869607963,0.8790380873622894,1205
6120,1220.7462847365625,0.882913446221016,1211
6121,1220.7462847365625,0.882913446221016,1211
6122,1220.7462847365625,0.882913446221016,1211
6123,1220.7462847365625,0.882913446221016,1211
6124,1220.7462847365625,0.882913446221016,1211
6125,1220.7462847365625,0.882913446221016,1211
6126,1220.7462847365625,0.882913446221016,1211
6127,1220.7462847365625,0.882913446221016,1211
6128,1220.7462847365625,0.882913446221016,1211
6129,1220.7462847365625,0.882913446221016,1211
6130,1220.7462847365625,0.882913446221016,1211
6131,1220.7462847365625,0.882913446221016,1211
6132,1220.7462847365625,0.882913446221016,1211
6133,1220.7462847365625,0.882913446221016,1211
6134,1220.7462847365625,0.882913446221016,1211
6135,1220.7462847365625,0.882913446221016,1211
6136,1220.7462847365625,0.882913446221016,1211
6137,1220.7462847365625,0.882913446221016,1211
6138,1220.7462847365625,0.882913446221016,1211
6139,1220.7462847365625,0.882913446221016,1211
6140,1220.7462847365625,0.882913446221016,1211
6141,1220.7462847365625,0.882913446221016,1211
6142,1220.7462847365625,0.882913446221016,1211
6143,1220.7462847365625,0.882913446221016,1211
6144,1220.7462847365625,0.882913446221016,1211
6145,1220.7462847365625,0.882913446221016,1211
6146,1221.693135339576,0.8835519541136957,1212
6147,1221.693135339576,0.8835519541136957,1212
6148,1221.693135339576,0.8835519541136957,1212
6149,1221.693135339576,0.8835519541136957,1212
6150,1221.693135339576,0.8835519541136957,1212
6151,1221.693135339576,0.8835519541136957,1212
6152,1221.693135339576,0.8835519541136957,1212
6153,1221.693135339576,0.8835519541136957,1212
6154,1221.693135339576,0.8835519541136957,1212
6155,1221.693135339576,0.8835519541136957,1212
6156,1221.693135339576,0.8835519541136957,1212
6157,1221.693135339576,0.8835519541136957,1212
6158,1221.693135339576,0.8835519541136957,1212
6159,1221.693135339576,0.8835519541136957,1212
6160,1221.693135339576,0.8835519541136957,1212
6161,1221.693135339576,0.8835519541136957,1212
6162,1225.4822903822737,0.8860849305349147,1216
6163,1225.4822903822737,0.8860849305349147,1216
6164,1225.4822903822737,0.8860849305349147,1216
6165,1225.4822903822737,0.8860849305349147,1216
6166,1225.4822903822737,0.8860849305349147,1216
6167,1225.4822903822737,0.8860849305349147,1216
6168,1225.4822903822737,0.8860849305349147,1216
6169,1225.4822903822737,0.8860849305349147,1216
6170,1207.0339603758678,0.8914709229232611,1198
6171,1207.0339603758678,0.8914709229232611,1198
6172,1207.0339603758678,0.8914709229232611,1198
6173,1207.0339603758678,0.8914709229232611,1198
6174,1207.0339603758678,0.8914709229232611,1198
6175,1207.0339603758678,0.8914709229232611,1198
6176,1207.0339603758678,0.8914709229232611,1198
6177,1207.0339603758678,0.8914709229232611,1198
6178,1207.0339603758678,0.8914709229232611,1198
6179,1207.0339603758678,0.8914709229232611,1198
6180,1207.0339603758678,0.8914709229232611,1198
6181,1207.0339603758678,0.8914709229232611,1198
6182,1207.0339603758678,0.8914709229232611,1198
6183,1207.0339603758678,0.8914709229232611,1198
6184,1207.0339603758678,0.8914709229232611,1198
6185,1207.0339603758678,0.8914709229232611,1198
6186,1207.0339603758678,0.8914709229232611,1198
6187,1207.0339603758678,0.8914709229232611,1198
6188,1207.0339603758678,0.8914709229232611,1198
6189,1207.0339603758678,0.8914709229232611,1198
6190,1207.0339603758678,0.8914709229232611,1198
6191,1207.0339603758678,0.8914709229232611,1198
6192,1185.5028518061,0.8978513718632893,1177
6193,1185.5028518061,0.8978513718632893,1177
6194,1185.5028518061,0.8978513718632893,1177
6195,1185.5028518061,0.8978513718632893,1177
6196,1185.5028518061,0.8978513718632893,1177
6197,1185.5028518061,0.8978513718632893,1177
6198,1185.5028518061,0.8978513718632893,1177
6199,1185.5028518061,0.8978513718632893,1177
6200,1185.5028518061,0.8978513718632893,1177
6201,1185.5028518061,0.8978513718632893,1177
6202,1185.5028518061,0.8978513718632893,1177
6203,1185.5028518061,0.8978513718632893,1177
6204,1185.5028518061,0.8978513718632893,1177
6205,1185.5028518061,0.8978513718632893,1177
6206,1185.5028518061,0.8978513718632893,1177
6207,1185.5028518061,0.8978513718632893,1177
6208,1185.5028518061,0.8978513718632893,1177
6209,1185.5028518061,0.8978513718632893,1177
6210,1185.5028518061,0.8978513718632893,1177
6211,1185.5028518061,0.8978513718632893,1177
6212,1185.5028518061,0.8978513718632893,1177
6213,1185.5028518061,0.8978513718632893,1177
6214,1185.5028518061,0.8978513718632893,1177
6215,1185.5028518061,0.8978513718632893,1177
6216,1185.5028518061,0.8978513718632893,1177
6217,1185.5028518061,0.8978513718632893,1177
6218,1185.5028518061,0.8978513718632893,1177
6219,1185.5028518061,0.8978513718632893,1177
6220,1185.5028518061,0.8978513718632893,1177
6221,1185.5028518061,0.8978513718632893,1177
6222,1185.5028518061,0.8978513718632893,1177
6223,1185.5028518061,0.8978513718632893,1177
6224,1185.5028518061,0.8978513718632893,1177
6225,1185.5028518061,0.8978513718632893,1177
6226,1187.4003664785332,0.8990825747413111,1179
6227,1187.4003664785332,0.8990825747413111,1179
6228,1187.4003664785332,0.8990825747413111,1179
6229,1187.4003664785332,0.8990825747413111,1179
6230,1158.770068794367,0.8826277175112084,1149
6231,1158.770068794367,0.8826277175112084,1149
6232,1158.770068794367,0.8826277175112084,1149
6233,1158.770068794367,0.8826277175112084,1149
6234,1158.770068794367,0.8826277175112084,1149
6235,1158.770068794367,0.8826277175112084,1149
6236,1158.770068794367,0.8826277175112084,1149
6237,1158.770068794367,0.8826277175112084,1149
6238,1158.770068794367,0.8826277175112084,1149
6239,1158.770068794367,0.8826277175112084,1149
6240,1158.770068794367,0.8826277175112084,1149
6241,1158.770068794367,0.8826277175112084,1149
6242,1158.770068794367,0.8826277175112084,1149
6243,1158.770068794367,0.8826277175112084,1149
6244,1158.770068794367,0.8826277175112084,1149
6245,1158.770068794367,0.8826277175112084,1149
6246,1158.770068794367,0.8826277175112084,1149
6247,1158.770068794367,0.8826277175112084,1149
6248,1158.770068794367,0.8826277175112084,1149
6249,1158.770068794367,0.8826277175112084,1149
6250,1158.770068794367,0.8826277175112084,1149
6251,1158.770068794367,0.8826277175112084,1149
6252,1158.770068794367,0.8826277175112084,1149
6253,1158.770068794367,0.8826277175112084,1149
6254,1158.770068794367,0.8826277175112084,1149
6255,1158.770068794367,0.8826277175112084,1149
6256,1158.770068794367,0.8826277175112084,1149
6257,1158.770068794367,0.8826277175112084,1149
6258,1158.770068794367,0.8826277175112084,1149
6259,1158.770068794367,0.8826277175112084,1149
6260,1158.770068794367,0.8826277175112084,1149
6261,1158.770068794367,0.8826277175112084,1149
6262,1158.770068794367,0.8826277175112084,1149
6263,1158.770068794367,0.8826277175112084,1149
6264,1158.770068794367,0.8826277175112084,1149
6265,1158.770068794367,0.8826277175112084,1149
6266,1158.770068794367,0.8826277175112084,1149
6267,1158.770068794367,0.8826277175112084,1149
6268,1158.770068794367,0.8826277175112084,1149
6269,1148.5073408612031,0.8857839877318207,1139
6270,1148.5073408612031,0.8857839877318207,1139
6271,1148.5073408612031,0.8857839877318207,1139
6272,1148.5073408612031,0.8857839877318207,1139
6273,1167.427634942279,0.8987549862772832,1159
6274,1167.427634942279,0.8987549862772832,1159
6275,1167.427634942279,0.8987549862772832,1159
6276,1167.427634942279,0.8987549862772832,1159
6277,1167.427634942279,0.8987549862772832,1159
6278,1167.427634942279,0.8987549862772832,1159
6279,1165.5320539580164,0.8975005531233029,1157
6280,1165.5320539580164,0.8975005531233029,1157
6281,1173.1190761971761,0.9024618428979316,1165
6282,1173.1190761971761,0.9024618428979316,1165
6283,1173.1190761971761,0.9024618428979316,1165
6284,1173.1190761971761,0.9024618428979316,1165
6285,1173.1190761971761,0.9024618428979316,1165
6286,1173.1190761971761,0.9024618428979316,1165
6287,1173.1190761971761,0.9024618428979316,1165
6288,1173.1190761971761,0.9024618428979316,1165
6289,1173.1190761971761,0.9024618428979316,1165
6290,1173.1190761971761,0.9024618428979316,1165
6291,1173.1190761971761,0.9024618428979316,1165
6292,1173.1190761971761,0.9024618428979316,1165
6293,1173.1190761971761,0.9024618428979316,1165
6294,1173.1190761971761,0.9024618428979316,1165
6295,1178.8175317073815,0.9060844340775884,1171
6296,1178.8175317073815,0.9060844340775884,1171
6297,1178.8175317073815,0.9060844340775884,1171
6298,1178.8175317073815,0.9060844340775884,1171
6299,1178.8175317073815,0.9060844340775884,1171
6300,1178.8175317073815,0.9060844340775884,1171
6301,1178.8175317073815,0.9060844340775884,1171
6302,1175.0177841743805,0.9036787100627053,1167
6303,1175.0177841743805,0.9036787100627053,1167
6304,1175.0177841743805,0.9036787100627053,1167
6305,1175.0177841743805,0.9036787100627053,1167
6306,1175.0177841743805,0.9036787100627053,1167
6307,1175.0177841743805,0.9036787100627053,1167
6308,1175.0177841743805,0.9036787100627053,1167
6309,1175.0177841743805,0.9036787100627053,1167
6310,1175.0177841743805,0.9036787100627053,1167
6311,1175.0177841743805,0.9036787100627053,1167
6312,1175.0177841743805,0.9036787100627053,1167
6313,1175.0177841743805,0.9036787100627053,1167
6314,1175.0177841743805,0.9036787100627053,1167
6315,1175.0177841743805,0.9036787100627053,1167
6316,1175.0177841743805,0.9036787100627053,1167
6317,1175.0177841743805,0.9036787100627053,1167
6318,1175.0177841743805,0.9036787100627053,1167
6319,1171.2211476058674,0.901235612615722,1163
6320,1171.2211476058674,0.901235612615722,1163
6321,1171.2211476058674,0.901235612615722,1163
6322,1171.2211476058674,0.901235612615722,1163
6323,1171.2211476058674,0.901235612615722,1163
6324,1171.2211476058674,0.901235612615722,1163
6325,1171.2211476058674,0.901235612615722,1163
6326,1171.2211476058674,0.901235612615722,1163
6327,1171.2211476058674,0.901235612615722,1163
6328,1171.2211476058674,0.901235612615722,1163
6329,1171.2211476058674,0.901235612615722,1163
6330,1166.479746347109,0.8981289482567392,1158
6331,1166.479746347109,0.8981289482567392,1158
6332,1166.479746347109,0.8981289482567392,1158
6333,1166.479746347109,0.8981289482567392,1158
6334,1166.479746347109,0.8981289482567392,1158
6335,1166.479746347109,0.8981289482567392,1158
6336,1166.479746347109,0.8981289482567392,1158
6337,1166.479746347109,0.8981289482567392,1158
6338,1166.479746347109,0.8981289482567392,1158
6339,1166.479746347109,0.8981289482567392,1158
6340,1166.479746347109,0.8981289482567392,1158
6341,1166.479746347109,0.8981289482567392,1158
6342,1166.479746347109,0.8981289482567392,1158
6343,1166.479746347109,0.8981289482567392,1158
6344,1166.479746347109,0.8981289482567392,1158
6345,1166.479746347109,0.8981289482567392,1158
6346,1166.479746347109,0.8981289482567392,1158
6347,1166.479746347109,0.8981289482567392,1158
6348,1166.479746347109,0.8981289482567392,1158
6349,1166.479746347109,0.8981289482567392,1158
6350,1166.479746347109,0.8981289482567392,1158
6351,1166.479746347109,0.8981289482567392,1158
6352,1196.908385716432,0.9170064185916398,1190
6353,1196.908385716432,0.9170064185916398,1190
6354,1196.908385716432,0.9170064185916398,1190
6355,1182.6203766925437,0.9084529469901049,1175
6356,1182.6203766925437,0.9084529469901049,1175
6357,1182.6203766925437,0.9084529469901049,1175
6358,1182.6203766925437,0.9084529469901049,1175
6359,1182.6203766925437,0.9084529469901049,1175
6360,1182.6203766925437,0.9084529469901049,1175
6361,1182.6203766925437,0.9084529469901049,1175
6362,1182.6203766925437,0.9084529469901049,1175
6363,1182.6203766925437,0.9084529469901049,1175
6364,1182.6203766925437,0.9084529469901049,1175
6365,1182.6203766925437,0.9084529469901049,1175
6366,1182.6203766925437,0.9084529469901049,1175
6367,1182.6203766925437,0.9084529469901049,1175
6368,1182.6203766925437,0.9084529469901049,1175
6369,1182.6203766925437,0.9084529469901049,1175
6370,1182.6203766925437,0.9084529469901049,1175
6371,1182.6203766925437,0.9084529469901049,1175
6372,1182.6203766925437,0.9084529469901049,1175
6373,1182.6203766925437,0.9084529469901049,1175
6374,1182.6203766925437,0.9084529469901049,1175
6375,1182.6203766925437,0.9084529469901049,1175
6376,1182.6203766925437,0.9084529469901049,1175
6377,1182.6203766925437,0.9084529469901049,1175
6378,1182.6203766925437,0.9084529469901049,1175
6379,1182.6203766925437,0.9084529469901049,1175
6380,1182.6203766925437,0.9084529469901049,1175
6381,1182.6203766925437,0.9084529469901049,1175
6382,1182.6203766925437,0.9084529469901049,1175
6383,1182.6203766925437,0.9084529469901049,1175
6384,1182.6203766925437,0.9084529469901049,1175
6385,1182.6203766925437,0.9084529469901049,1175
6386,1182.6203766925437,0.9084529469901049,1175
6387,1182.6203766925437,0.9084529469901049,1175
6388,1182.6203766925437,0.9084529469901049,1175
6389,1182.6203766925437,0.9084529469901049,1175
6390,1182.6203766925437,0.9084529469901049,1175
6391,1182.6203766925437,0.9084529469901049,1175
6392,1182.6203766925437,0.9084529469901049,1175
6393,1182.6203766925437,0.9084529469901049,1175
6394,1182.6203766925437,0.9084529469901049,1175
6395,1182.6203766925437,0.9084529469901049,1175
6396,1182.6203766925437,0.9084529469901049,1175
6397,1182.6203766925437,0.9084529469901049,1175
6398,1180.7185678848232,0.9072733315134179,1173
6399,1180.7185678848232,0.9072733315134179,1173
6400,1180.7185678848232,0.9072733315134179,1173
6401,1180.7185678848232,0.9072733315134179,1173
6402,1180.7185678848232,0.9072733315134179,1173
6403,1180.7185678848232,0.9072733315134179,1173
6404,1180.7185678848232,0.9072733315134179,1173
6405,1180.7185678848232,0.9072733315134179,1173
6406,1180.7185678848232,0.9072733315134179,1173
6407,1180.7185678848232,0.9072733315134179,1173
6408,1180.7185678848232,0.9072733315134179,1173
6409,1180.7185678848232,0.9072733315134179,1173
6410,1180.7185678848232,0.9072733315134179,1173
6411,1180.7185678848232,0.9072733315134179,1173
6412,1180.7185678848232,0.9072733315134179,1173
6413,1180.7185678848232,0.9072733315134179,1173
6414,1180.7185678848232,0.9072733315134179,1173
6415,1180.7185678848232,0.9072733315134179,1173
6416,1180.7185678848232,0.9072733315134179,1173
6417,1180.7185678848232,0.9072733315134179,1173
6418,1180.7185678848232,0.9072733315134179,1173
6419,1180.7185678848232,0.9072733315134179,1173
6420,1180.7185678848232,0.9072733315134179,1173
6421,1180.7185678848232,0.9072733315134179,1173
6422,1180.7185678848232,0.9072733315134179,1173
6423,1180.7185678848232,0.9072733315134179,1173
6424,1180.7185678848232,0.9072733315134179,1173
6425,1180.7185678848232,0.9072733315134179,1173
6426,1180.7185678848232,0.9072733315134179,1173
6427,1180.7185678848232,0.9072733315134179,1173
6428,1180.7185678848232,0.9072733315134179,1173
6429,1180.7185678848232,0.9072733315134179,1173
6430,1180.7185678848232,0.9072733315134179,1173
6431,1180.7185678848232,0.9072733315134179,1173
6432,1180.7185678848232,0.9072733315134179,1173
6433,1180.7185678848232,0.9072733315134179,1173
6434,1180.7185678848232,0.9072733315134179,1173
6435,1180.7185678848232,0.9072733315134179,1173
6436,1180.7185678848232,0.9072733315134179,1173
6437,1180.7185678848232,0.9072733315134179,1173
6438,1180.7185678848232,0.9072733315134179,1173
6439,1180.7185678848232,0.9072733315134179,1173
6440,1180.7185678848232,0.9072733315134179,1173
6441,1180.7185678848232,0.9072733315134179,1173
6442,1180.7185678848232,0.9072733315134179,1173
6443,1180.7185678848232,0.9072733315134179,1173
6444,1180.7185678848232,0.9072733315134179,1173
6445,1180.7185678848232,0.9072733315134179,1173
6446,1180.7185678848232,0.9072733315134179,1173
6447,1180.7185678848232,0.9072733315134179,1173
6448,1155.1204383695388,0.8904320234317793,1146
6449,1155.1204383695388,0.8904320234317793,1146
6450,1155.1204383695388,0.8904320234317793,1146
6451,1155.1204383695388,0.8904320234317793,1146
6452,1155.1204383695388,0.8904320234317793,1146
6453,1155.1204383695388,0.8904320234317793,1146
6454,1155.1204383695388,0.8904320234317793,1146
6455,1155.1204383695388,0.8904320234317793,1146
6456,1155.1204383695388,0.8904320234317793,1146
6457,1155.1204383695388,0.8904320234317793,1146
6458,1155.1204383695388,0.8904320234317793,1146
6459,1155.1204383695388,0.8904320234317793,1146
6460,1155.1204383695388,0.8904320234317793,1146
6461,1155.1204383695388,0.8904320234317793,1146
6462,1155.1204383695388,0.8904320234317793,1146
6463,1155.1204383695388,0.8904320234317793,1146
6464,1155.1204383695388,0.8904320234317793,1146
6465,1155.1204383695388,0.8904320234317793,1146
6466,1155.1204383695388,0.8904320234317793,1146
6467,1155.1204383695388,0.8904320234317793,1146
6468,1155.1204383695388,0.8904320234317793,1146
6469,1155.1204383695388,0.8904320234317793,1146
6470,1155.1204383695388,0.8904320234317793,1146
6471,1155.1204383695388,0.8904320234317793,1146
6472,1155.1204383695388,0.8904320234317793,1146
6473,1155.1204383695388,0.8904320234317793,1146
6474,1155.1204383695388,0.8904320234317793,1146
6475,1155.1204383695388,0.8904320234317793,1146
6476,1155.1204383695388,0.8904320234317793,1146
6477,1155.1204383695388,0.8904320234317793,1146
6478,1155.1204383695388,0.8904320234317793,1146
6479,1155.1204383695388,0.8904320234317793,1146
6480,1155.1204383695388,0.8904320234317793,1146
6481,1155.1204383695388,0.8904320234317793,1146
6482,1155.1204383695388,0.8904320234317793,1146
6483,1155.1204383695388,0.8904320234317793,1146
6484,1155.1204383695388,0.8904320234317793,1146
6485,1155.1204383695388,0.8904320234317793,1146
6486,1155.1204383695388,0.8904320234317793,1146
6487,1155.1204383695388,0.8904320234317793,1146
6488,1155.1204383695388,0.8904320234317793,1146
6489,1155.1204383695388,0.8904320234317793,1146
6490,1155.1204383695388,0.8904320234317793,1146
6491,1155.1204383695388,0.8904320234317793,1146
6492,1155.1204383695388,0.8904320234317793,1146
6493,1155.1204383695388,0.8904320234317793,1146
6494,1155.1204383695388,0.8904320234317793,1146
6495,1155.1204383695388,0.8904320234317793,1146
6496,1155.1204383695388,0.8904320234317793,1146
6497,1155.1204383695388,0.8904320234317793,1146
6498,1155.1204383695388,0.8904320234317793,1146
6499,1155.1204383695388,0.8904320234317793,1146
6500,1155.1204383695388,0.8904320234317793,1146
6501,1155.1204383695388,0.8904320234317793,1146
6502,1155.1204383695388,0.8904320234317793,1146
6503,1155.1204383695388,0.8904320234317793,1146
6504,1155.1204383695388,0.8904320234317793,1146
6505,1155.1204383695388,0.8904320234317793,1146
6506,1155.1204383695388,0.8904320234317793,1146
6507,1155.1204383695388,0.8904320234317793,1146
6508,1155.1204383695388,0.8904320234317793,1146
6509,1155.1204383695388,0.8904320234317793,1146
6510,1155.1204383695388,0.8904320234317793,1146
6511,1155.1204383695388,0.8904320234317793,1146
6512,1155.1204383695388,0.8904320234317793,1146
6513,1155.1204383695388,0.8904320234317793,1146
6514,1155.1204383695388,0.8904320234317793,1146
6515,1155.1204383695388,0.8904320234317793,1146
6516,1155.1204383695388,0.8904320234317793,1146
6517,1155.1204383695388,0.8904320234317793,1146
6518,1155.1204383695388,0.8904320234317793,1146
6519,1155.1204383695388,0.8904320234317793,1146
6520,1155.1204383695388,0.8904320234317793,1146
6521,1155.1204383695388,0.8904320234317793,1146
6522,1155.1204383695388,0.8904320234317793,1146
6523,1155.1204383695388,0.8904320234317793,1146
6524,1155.1204383695388,0.8904320234317793,1146
6525,1155.1204383695388,0.8904320234317793,1146
6526,1155.1204383695388,0.8904320234317793,1146
6527,1155.1204383695388,0.8904320234317793,1146
6528,1155.1204383695388,0.8904320234317793,1146
6529,1155.1204383695388,0.8904320234317793,1146
6530,1155.1204383695388,0.8904320234317793,1146
6531,1155.1204383695388,0.8904320234317793,1146
6532,1155.1204383695388,0.8904320234317793,1146
6533,1155.1204383695388,0.8904320234317793,1146
6534,1155.1204383695388,0.8904320234317793,1146
6535,1155.1204383695388,0.8904320234317793,1146
6536,1155.1204383695388,0.8904320234317793,1146
6537,1155.1204383695388,0.8904320234317793,1146
6538,1155.1204383695388,0.8904320234317793,1146
6539,1155.1204383695388,0.8904320234317793,1146
6540,1155.1204383695388,0.8904320234317793,1146
6541,1155.1204383695388,0.8904320234317793,1146
6542,1155.1204383695388,0.8904320234317793,1146
6543,1155.1204383695388,0.8904320234317793,1146
6544,1155.1204383695388,0.8904320234317793,1146
6545,1155.1204383695388,0.8904320234317793,1146
6546,1155.1204383695388,0.8904320234317793,1146
6547,1155.1204383695388,0.8904320234317793,1146
6548,1155.1204383695388,0.8904320234317793,1146
6549,1155.1204383695388,0.8904320234317793,1146
6550,1155.1204383695388,0.8904320234317793,1146
6551,1155.1204383695388,0.8904320234317793,1146
6552,1155.1204383695388,0.8904320234317793,1146
6553,1155.1204383695388,0.8904320234317793,1146
6554,1155.1204383695388,0.8904320234317793,1146
6555,1155.1204383695388,0.8904320234317793,1146
6556,1155.1204383695388,0.8904320234317793,1146
6557,1155.1204383695388,0.8904320234317793,1146
6558,1155.1204383695388,0.8904320234317793,1146
6559,1155.1204383695388,0.8904320234317793,1146
6560,1155.1204383695388,0.8904320234317793,1146
6561,1155.1204383695388,0.8904320234317793,1146
6562,1155.1204383695388,0.8904320234317793,1146
6563,1155.1204383695388,0.8904320234317793,1146
6564,1155.1204383695388,0.8904320234317793,1146
6565,1155.1204383695388,0.8904320234317793,1146
6566,1155.1204383695388,0.8904320234317793,1146
6567,1155.1204383695388,0.8904320234317793,1146
6568,1153.229988369186,0.8891159494331337,1144
6569,1153.229988369186,0.8891159494331337,1144
6570,1153.229988369186,0.8891159494331337,1144
6571,1153.229988369186,0.8891159494331337,1144
6572,1153.229988369186,0.8891159494331337,1144
6573,1153.229988369186,0.8891159494331337,1144
6574,1153.229988369186,0.8891159494331337,1144
6575,1153.229988369186,0.8891159494331337,1144
6576,1153.229988369186,0.8891159494331337,1144
6577,1153.229988369186,0.8891159494331337,1144
6578,1153.229988369186,0.8891159494331337,1144
6579,1153.229988369186,0.8891159494331337,1144
6580,1153.229988369186,0.8891159494331337,1144
6581,1153.229988369186,0.8891159494331337,1144
6582,1153.229988369186,0.8891159494331337,1144
6583,1153.229988369186,0.8891159494331337,1144
6584,1153.229988369186,0.8891159494331337,1144
6585,1153.229988369186,0.8891159494331337,1144
6586,1153.229988369186,0.8891159494331337,1144
6587,1153.229988369186,0.8891159494331337,1144
6588,1153.229988369186,0.8891159494331337,1144
6589,1153.229988369186,0.8891159494331337,1144
6590,1153.229988369186,0.8891159494331337,1144
6591,1153.229988369186,0.8891159494331337,1144
6592,1153.229988369186,0.8891159494331337,1144
6593,1153.229988369186,0.8891159494331337,1144
6594,1153.229988369186,0.8891159494331337,1144
6595,1153.229988369186,0.8891159494331337,1144
6596,1153.229988369186,0.8891159494331337,1144
6597,1153.229988369186,0.8891159494331337,1144
6598,1153.229988369186,0.8891159494331337,1144
6599,1153.229988369186,0.8891159494331337,1144
6600,1153.229988369186,0.8891159494331337,1144
6601,1153.229988369186,0.8891159494331337,1144
6602,1153.229988369186,0.8891159494331337,1144
6603,1153.229988369186,0.8891159494331337,1144
6604,1153.229988369186,0.8891159494331337,1144
6605,1153.229988369186,0.8891159494331337,1144
6606,1153.229988369186,0.8891159494331337,1144
6607,1153.229988369186,0.8891159494331337,1144
6608,1153.229988369186,0.8891159494331337,1144
6609,1153.229988369186,0.8891159494331337,1144
6610,1153.229988369186,0.8891159494331337,1144
6611,1153.229988369186,0.8891159494331337,1144
6612,1153.229988369186,0.8891159494331337,1144
6613,1153.229988369186,0.8891159494331337,1144
6614,1153.229988369186,0.8891159494331337,1144
6615,1153.229988369186,0.8891159494331337,1144
6616,1153.229988369186,0.8891159494331337,1144
6617,1153.229988369186,0.8891159494331337,1144
6618,1153.229988369186,0.8891159494331337,1144
6619,1153.229988369186,0.8891159494331337,1144
6620,1153.229988369186,0.8891159494331337,1144
6621,1153.229988369186,0.8891159494331337,1144
6622,1153.229988369186,0.8891159494331337,1144
6623,1153.229988369186,0.8891159494331337,1144
6624,1153.229988369186,0.8891159494331337,1144
6625,1153.229988369186,0.8891159494331337,1144
6626,1153.229988369186,0.8891159494331337,1144
6627,1153.229988369186,0.8891159494331337,1144
6628,1153.229988369186,0.8891159494331337,1144
6629,1153.229988369186,0.8891159494331337,1144
6630,1153.229988369186,0.8891159494331337,1144
6631,1153.229988369186,0.8891159494331337,1144
6632,1153.229988369186,0.8891159494331337,1144
6633,1171.9438879164852,0.8805395492973912,1162
6634,1171.9438879164852,0.8805395492973912,1162
6635,1171.9438879164852,0.8805395492973912,1162
6636,1171.9438879164852,0.8805395492973912,1162
6637,1171.9438879164852,0.8805395492973912,1162
6638,1171.9438879164852,0.8805395492973912,1162
6639,1171.9438879164852,0.8805395492973912,1162
6640,1172.8879964401544,0.8812109990370696,1163
6641,1172.8879964401544,0.8812109990370696,1163
6642,1172.8879964401544,0.8812109990370696,1163
6643,1172.8879964401544,0.8812109990370696,1163
6644,1172.8879964401544,0.8812109990370696,1163
6645,1172.8879964401544,0.8812109990370696,1163
6646,1172.8879964401544,0.8812109990370696,1163
6647,1172.8879964401544,0.8812109990370696,1163
6648,1172.8879964401544,0.8812109990370696,1163
6649,1172.8879964401544,0.8812109990370696,1163
6650,1172.8879964401544,0.8812109990370696,1163
6651,1172.8879964401544,0.8812109990370696,1163
6652,1151.3403326344453,0.8877903335602451,1142
6653,1151.3403326344453,0.8877903335602451,1142
6654,1151.3403326344453,0.8877903335602451,1142
6655,1151.3403326344453,0.8877903335602451,1142
6656,1151.3403326344453,0.8877903335602451,1142
6657,1151.3403326344453,0.8877903335602451,1142
6658,1151.3403326344453,0.8877903335602451,1142
6659,1151.3403326344453,0.8877903335602451,1142
6660,1151.3403326344453,0.8877903335602451,1142
6661,1151.3403326344453,0.8877903335602451,1142
6662,1151.3403326344453,0.8877903335602451,1142
6663,1151.3403326344453,0.8877903335602451,1142
6664,1151.3403326344453,0.8877903335602451,1142
6665,1151.3403326344453,0.8877903335602451,1142
6666,1151.3403326344453,0.8877903335602451,1142
6667,1151.3403326344453,0.8877903335602451,1142
6668,1151.3403326344453,0.8877903335602451,1142
6669,1151.3403326344453,0.8877903335602451,1142
6670,1151.3403326344453,0.8877903335602451,1142
6671,1151.3403326344453,0.8877903335602451,1142
6672,1151.3403326344453,0.8877903335602451,1142
6673,1151.3403326344453,0.8877903335602451,1142
6674,1151.3403326344453,0.8877903335602451,1142
6675,1151.3403326344453,0.8877903335602451,1142
6676,1151.3403326344453,0.8877903335602451,1142
6677,1151.3403326344453,0.8877903335602451,1142
6678,1151.3403326344453,0.8877903335602451,1142
6679,1151.3403326344453,0.8877903335602451,1142
6680,1151.3403326344453,0.8877903335602451,1142
6681,1151.3403326344453,0.8877903335602451,1142
6682,1151.3403326344453,0.8877903335602451,1142
6683,1151.3403326344453,0.8877903335602451,1142
6684,1151.3403326344453,0.8877903335602451,1142
6685,1151.3403326344453,0.8877903335602451,1142
6686,1151.3403326344453,0.8877903335602451,1142
6687,1151.3403326344453,0.8877903335602451,1142
6688,1151.3403326344453,0.8877903335602451,1142
6689,1151.3403326344453,0.8877903335602451,1142
6690,1151.3403326344453,0.8877903335602451,1142
6691,1151.3403326344453,0.8877903335602451,1142
6692,1151.3403326344453,0.8877903335602451,1142
6693,1151.3403326344453,0.8877903335602451,1142
6694,1151.3403326344453,0.8877903335602451,1142
6695,1151.3403326344453,0.8877903335602451,1142
6696,1151.3403326344453,0.8877903335602451,1142
6697,1151.3403326344453,0.8877903335602451,1142
6698,1151.3403326344453,0.8877903335602451,1142
6699,1151.3403326344453,0.8877903335602451,1142
6700,1151.3403326344453,0.8877903335602451,1142
6701,1151.3403326344453,0.8877903335602451,1142
6702,1151.3403326344453,0.8877903335602451,1142
6703,1151.3403326344453,0.8877903335602451,1142
6704,1151.3403326344453,0.8877903335602451,1142
6705,1151.3403326344453,0.8877903335602451,1142
6706,1151.3403326344453,0.8877903335602451,1142
6707,1151.3403326344453,0.8877903335602451,1142
6708,1151.3403326344453,0.8877903335602451,1142
6709,1151.3403326344453,0.8877903335602451,1142
6710,1151.3403326344453,0.8877903335602451,1142
6711,1151.3403326344453,0.8877903335602451,1142
6712,1151.3403326344453,0.8877903335602451,1142
6713,1151.3403326344453,0.8877903335602451,1142
6714,1151.3403326344453,0.8877903335602451,1142
6715,1151.3403326344453,0.8877903335602451,1142
6716,1151.3403326344453,0.8877903335602451,1142
6717,1151.3403326344453,0.8877903335602451,1142
6718,1151.3403326344453,0.8877903335602451,1142
6719,1151.3403326344453,0.8877903335602451,1142
6720,1151.3403326344453,0.8877903335602451,1142
6721,1151.3403326344453,0.8877903335602451,1142
6722,1151.3403326344453,0.8877903335602451,1142
6723,1151.3403326344453,0.8877903335602451,1142
6724,1151.3403326344453,0.8877903335602451,1142
6725,1181.0938367128795,0.8787381461691571,1171
6726,1181.0938367128795,0.8787381461691571,1171
6727,1181.0938367128795,0.8787381461691571,1171
6728,1181.0938367128795,0.8787381461691571,1171
6729,1181.0938367128795,0.8787381461691571,1171
6730,1181.0938367128795,0.8787381461691571,1171
6731,1181.0938367128795,0.8787381461691571,1171
6732,1181.0938367128795,0.8787381461691571,1171
6733,1181.0938367128795,0.8787381461691571,1171
6734,1181.0938367128795,0.8787381461691571,1171
6735,1181.0938367128795,0.8787381461691571,1171
6736,1181.0938367128795,0.8787381461691571,1171
6737,1181.0938367128795,0.8787381461691571,1171
6738,1181.0938367128795,0.8787381461691571,1171
6739,1181.0938367128795,0.8787381461691571,1171
6740,1181.0938367128795,0.8787381461691571,1171
6741,1181.0938367128795,0.8787381461691571,1171
6742,1181.0938367128795,0.8787381461691571,1171
6743,1181.0938367128795,0.8787381461691571,1171
6744,1181.0938367128795,0.8787381461691571,1171
6745,1181.0938367128795,0.8787381461691571,1171
6746,1181.0938367128795,0.8787381461691571,1171
6747,1181.0938367128795,0.8787381461691571,1171
6748,1181.0938367128795,0.8787381461691571,1171
6749,1181.0938367128795,0.8787381461691571,1171
6750,1181.0938367128795,0.8787381461691571,1171
6751,1181.0938367128795,0.8787381461691571,1171
6752,1181.0938367128795,0.8787381461691571,1171
6753,1181.0938367128795,0.8787381461691571,1171
6754,1181.0938367128795,0.8787381461691571,1171
6755,1181.0938367128795,0.8787381461691571,1171
6756,1181.0938367128795,0.8787381461691571,1171
6757,1181.0938367128795,0.8787381461691571,1171
6758,1181.0938367128795,0.8787381461691571,1171
6759,1181.0938367128795,0.8787381461691571,1171
6760,1181.0938367128795,0.8787381461691571,1171
6761,1181.0938367128795,0.8787381461691571,1171
6762,1181.0938367128795,0.8787381461691571,1171
6763,1181.0938367128795,0.8787381461691571,1171
6764,1181.0938367128795,0.8787381461691571,1171
6765,1181.0938367128795,0.8787381461691571,1171
6766,1181.0938367128795,0.8787381461691571,1171
6767,1181.0938367128795,0.8787381461691571,1171
6768,1181.0938367128795,0.8787381461691571,1171
6769,1181.0938367128795,0.8787381461691571,1171
6770,1181.0938367128795,0.8787381461691571,1171
6771,1181.0938367128795,0.8787381461691571,1171
6772,1181.0938367128795,0.8787381461691571,1171
6773,1181.0938367128795,0.8787381461691571,1171
6774,1181.0938367128795,0.8787381461691571,1171
6775,1181.0938367128795,0.8787381461691571,1171
6776,1181.0938367128795,0.8787381461691571,1171
6777,1181.0938367128795,0.8787381461691571,1171
6778,1181.0938367128795,0.8787381461691571,1171
6779,1181.0938367128795,0.8787381461691571,1171
6780,1181.0938367128795,0.8787381461691571,1171
6781,1181.0938367128795,0.8787381461691571,1171
6782,1181.0938367128795,0.8787381461691571,1171
6783,1181.0938367128795,0.8787381461691571,1171
6784,1181.0938367128795,0.8787381461691571,1171
6785,1181.0938367128795,0.8787381461691571,1171
6786,1181.0938367128795,0.8787381461691571,1171
6787,1181.0938367128795,0.8787381461691571,1171
6788,1181.0938367128795,0.8787381461691571,1171
6789,1181.0938367128795,0.8787381461691571,1171
6790,1181.0938367128795,0.8787381461691571,1171
6791,1181.0938367128795,0.8787381461691571,1171
6792,1181.0938367128795,0.8787381461691571,1171
6793,1181.0938367128795,0.8787381461691571,1171
6794,1181.0938367128795,0.8787381461691571,1171
6795,1181.0938367128795,0.8787381461691571,1171
6796,1181.0938367128795,0.8787381461691571,1171
6797,1181.0938367128795,0.8787381461691571,1171
6798,1181.0938367128795,0.8787381461691571,1171
6799,1181.0938367128795,0.8787381461691571,1171
6800,1181.0938367128795,0.8787381461691571,1171
6801,1181.0938367128795,0.8787381461691571,1171
6802,1181.0938367128795,0.8787381461691571,1171
6803,1181.0938367128795,0.8787381461691571,1171
6804,1181.0938367128795,0.8787381461691571,1171
6805,1181.0938367128795,0.8787381461691571,1171
6806,1181.0938367128795,0.8787381461691571,1171
6807,1181.0938367128795,0.8787381461691571,1171
6808,1181.0938367128795,0.8787381461691571,1171
6809,1181.0938367128795,0.8787381461691571,1171
6810,1181.0938367128795,0.8787381461691571,1171
6811,1181.0938367128795,0.8787381461691571,1171
6812,1181.0938367128795,0.8787381461691571,1171
6813,1181.0938367128795,0.8787381461691571,1171
6814,1181.0938367128795,0.8787381461691571,1171
6815,1181.0938367128795,0.8787381461691571,1171
6816,1181.0938367128795,0.8787381461691571,1171
6817,1181.0938367128795,0.8787381461691571,1171
6818,1181.0938367128795,0.8787381461691571,1171
6819,1181.0938367128795,0.8787381461691571,1171
6820,1181.0938367128795,0.8787381461691571,1171
6821,1181.0938367128795,0.8787381461691571,1171
6822,1181.0938367128795,0.8787381461691571,1171
6823,1181.0938367128795,0.8787381461691571,1171
6824,1181.0938367128795,0.8787381461691571,1171
6825,1181.0938367128795,0.8787381461691571,1171
6826,1181.0938367128795,0.8787381461691571,1171
6827,1176.9911127451296,0.8799722159402966,1167
6828,1176.9911127451296,0.8799722159402966,1167
6829,1176.9911127451296,0.8799722159402966,1167
6830,1176.9911127451296,0.8799722159402966,1167
6831,1176.9911127451296,0.8799722159402966,1167
6832,1176.9911127451296,0.8799722159402966,1167
6833,1176.9911127451296,0.8799722159402966,1167
6834,1176.9911127451296,0.8799722159402966,1167
6835,1176.9911127451296,0.8799722159402966,1167
6836,1176.9911127451296,0.8799722159402966,1167
6837,1176.9911127451296,0.8799722159402966,1167
6838,1176.9911127451296,0.8799722159402966,1167
6839,1176.9911127451296,0.8799722159402966,1167
6840,1176.9911127451296,0.8799722159402966,1167
6841,1176.9911127451296,0.8799722159402966,1167
6842,1176.9911127451296,0.8799722159402966,1167
6843,1176.9911127451296,0.8799722159402966,1167
6844,1176.9911127451296,0.8799722159402966,1167
6845,1176.9911127451296,0.8799722159402966,1167
6846,1176.9911127451296,0.8799722159402966,1167
6847,1176.9911127451296,0.8799722159402966,1167
6848,1176.9911127451296,0.8799722159402966,1167
6849,1176.9911127451296,0.8799722159402966,1167
6850,1176.9911127451296,0.8799722159402966,1167
6851,1176.9911127451296,0.8799722159402966,1167
6852,1176.9911127451296,0.8799722159402966,1167
6853,1176.9911127451296,0.8799722159402966,1167
6854,1176.9911127451296,0.8799722159402966,1167
6855,1176.9911127451296,0.8799722159402966,1167
6856,1176.9911127451296,0.8799722159402966,1167
6857,1176.9911127451296,0.8799722159402966,1167
6858,1176.9911127451296,0.8799722159402966,1167
6859,1176.9911127451296,0.8799722159402966,1167
6860,1176.9911127451296,0.8799722159402966,1167
6861,1176.9911127451296,0.8799722159402966,1167
6862,1176.9911127451296,0.8799722159402966,1167
6863,1176.9911127451296,0.8799722159402966,1167
6864,1176.9911127451296,0.8799722159402966,1167
6865,1176.9911127451296,0.8799722159402966,1167
6866,1176.9911127451296,0.8799722159402966,1167
6867,1176.9911127451296,0.8799722159402966,1167
6868,1176.9911127451296,0.8799722159402966,1167
6869,1176.9911127451296,0.8799722159402966,1167
6870,1176.9911127451296,0.8799722159402966,1167
6871,1176.9911127451296,0.8799722159402966,1167
6872,1176.9911127451296,0.8799722159402966,1167
6873,1176.9911127451296,0.8799722159402966,1167
6874,1176.9911127451296,0.8799722159402966,1167
6875,1176.9911127451296,0.8799722159402966,1167
6876,1176.9911127451296,0.8799722159402966,1167
6877,1176.9911127451296,0.8799722159402966,1167
6878,1176.9911127451296,0.8799722159402966,1167
6879,1176.9911127451296,0.8799722159402966,1167
6880,1176.9911127451296,0.8799722159402966,1167
6881,1176.9911127451296,0.8799722159402966,1167
6882,1176.9911127451296,0.8799722159402966,1167
6883,1176.9911127451296,0.8799722159402966,1167
6884,1176.9911127451296,0.8799722159402966,1167
6885,1176.9911127451296,0.8799722159402966,1167
6886,1176.9911127451296,0.8799722159402966,1167
6887,1176.9911127451296,0.8799722159402966,1167
6888,1176.9911127451296,0.8799722159402966,1167
6889,1182.1194560523893,0.8784303693850404,1172
6890,1182.1194560523893,0.8784303693850404,1172
6891,1182.1194560523893,0.8784303693850404,1172
6892,1182.1194560523893,0.8784303693850404,1172
6893,1182.1194560523893,0.8784303693850404,1172
6894,1182.1194560523893,0.8784303693850404,1172
6895,1182.1194560523893,0.8784303693850404,1172
6896,1182.1194560523893,0.8784303693850404,1172
6897,1182.1194560523893,0.8784303693850404,1172
6898,1182.1194560523893,0.8784303693850404,1172
6899,1182.1194560523893,0.8784303693850404,1172
6900,1182.1194560523893,0.8784303693850404,1172
6901,1182.1194560523893,0.8784303693850404,1172
6902,1182.1194560523893,0.8784303693850404,1172
6903,1182.1194560523893,0.8784303693850404,1172
6904,1182.1194560523893,0.8784303693850404,1172
6905,1182.1194560523893,0.8784303693850404,1172
6906,1182.1194560523893,0.8784303693850404,1172
6907,1182.1194560523893,0.8784303693850404,1172
6908,1182.1194560523893,0.8784303693850404,1172
6909,1182.1194560523893,0.8784303693850404,1172
6910,1182.1194560523893,0.8784303693850404,1172
6911,1182.1194560523893,0.8784303693850404,1172
6912,1182.1194560523893,0.8784303693850404,1172
6913,1188.732385504694,0.8830804240185708,1179
6914,1188.732385504694,0.8830804240185708,1179
6915,1188.732385504694,0.8830804240185708,1179
6916,1188.732385504694,0.8830804240185708,1179
6917,1188.732385504694,0.8830804240185708,1179
6918,1188.732385504694,0.8830804240185708,1179
6919,1188.732385504694,0.8830804240185708,1179
6920,1188.732385504694,0.8830804240185708,1179
6921,1188.732385504694,0.8830804240185708,1179
6922,1188.732385504694,0.8830804240185708,1179
6923,1188.732385504694,0.8830804240185708,1179
6924,1188.732385504694,0.8830804240185708,1179
6925,1188.732385504694,0.8830804240185708,1179
6926,1188.732385504694,0.8830804240185708,1179
6927,1188.732385504694,0.8830804240185708,1179
6928,1188.732385504694,0.8830804240185708,1179
6929,1188.732385504694,0.8830804240185708,1179
6930,1188.732385504694,0.8830804240185708,1179
6931,1188.732385504694,0.8830804240185708,1179
6932,1188.732385504694,0.8830804240185708,1179
6933,1188.732385504694,0.8830804240185708,1179
6934,1188.732385504694,0.8830804240185708,1179
6935,1188.732385504694,0.8830804240185708,1179
6936,1188.732385504694,0.8830804240185708,1179
6937,1188.732385504694,0.8830804240185708,1179
6938,1188.732385504694,0.8830804240185708,1179
6939,1188.732385504694,0.8830804240185708,1179
6940,1188.732385504694,0.8830804240185708,1179
6941,1188.732385504694,0.8830804240185708,1179
6942,1188.732385504694,0.8830804240185708,1179
6943,1188.732385504694,0.8830804240185708,1179
6944,1188.732385504694,0.8830804240185708,1179
6945,1188.732385504694,0.8830804240185708,1179
6946,1188.732385504694,0.8830804240185708,1179
6947,1188.732385504694,0.8830804240185708,1179
6948,1188.732385504694,0.8830804240185708,1179
6949,1188.732385504694,0.8830804240185708,1179
6950,1188.732385504694,0.8830804240185708,1179
6951,1188.732385504694,0.8830804240185708,1179
6952,1188.732385504694,0.8830804240185708,1179
6953,1188.732385504694,0.8830804240185708,1179
6954,1188.732385504694,0.8830804240185708,1179
6955,1188.732385504694,0.8830804240185708,1179
6956,1188.732385504694,0.8830804240185708,1179
6957,1188.732385504694,0.8830804240185708,1179
6958,1188.732385504694,0.8830804240185708,1179
6959,1188.732385504694,0.8830804240185708,1179
6960,1188.732385504694,0.8830804240185708,1179
6961,1188.732385504694,0.8830804240185708,1179
6962,1188.732385504694,0.8830804240185708,1179
6963,1188.732385504694,0.8830804240185708,1179
6964,1188.732385504694,0.8830804240185708,1179
6965,1188.732385504694,0.8830804240185708,1179
6966,1188.732385504694,0.8830804240185708,1179
6967,1188.732385504694,0.8830804240185708,1179
6968,1188.732385504694,0.8830804240185708,1179
6969,1188.732385504694,0.8830804240185708,1179
6970,1184.952455216904,0.8804366264187425,1175
6971,1184.952455216904,0.8804366264187425,1175
6972,1184.952455216904,0.8804366264187425,1175
6973,1184.952455216904,0.8804366264187425,1175
6974,1184.952455216904,0.8804366264187425,1175
6975,1184.952455216904,0.8804366264187425,1175
6976,1184.952455216904,0.8804366264187425,1175
6977,1184.952455216904,0.8804366264187425,1175
6978,1184.952455216904,0.8804366264187425,1175
6979,1184.952455216904,0.8804366264187425,1175
6980,1184.952455216904,0.8804366264187425,1175
6981,1184.952455216904,0.8804366264187425,1175
6982,1184.952455216904,0.8804366264187425,1175
6983,1184.952455216904,0.8804366264187425,1175
6984,1184.952455216904,0.8804366264187425,1175
6985,1184.952455216904,0.8804366264187425,1175
6986,1184.952455216904,0.8804366264187425,1175
6987,1184.952455216904,0.8804366264187425,1175
6988,1184.952455216904,0.8804366264187425,1175
6989,1184.952455216904,0.8804366264187425,1175
6990,1184.952455216904,0.8804366264187425,1175
6991,1184.952455216904,0.8804366264187425,1175
6992,1184.952455216904,0.8804366264187425,1175
6993,1184.952455216904,0.8804366264187425,1175
6994,1184.952455216904,0.8804366264187425,1175
6995,1184.952455216904,0.8804366264187425,1175
6996,1184.952455216904,0.8804366264187425,1175
6997,1184.952455216904,0.8804366264187425,1175
6998,1184.952455216904,0.8804366264187425,1175
6999,1184.952455216904,0.8804366264187425,1175
7000,1184.952455216904,0.8804366264187425,1175
7001,1184.952455216904,0.8804366264187425,1175
7002,1184.952455216904,0.8804366264187425,1175
7003,1184.952455216904,0.8804366264187425,1175
7004,1184.952455216904,0.8804366264187425,1175
7005,1184.952455216904,0.8804366264187425,1175
7006,1184.952455216904,0.8804366264187425,1175
7007,1184.952455216904,0.8804366264187425,1175
7008,1184.952455216904,0.8804366264187425,1175
7009,1184.952455216904,0.8804366264187425,1175
7010,1184.952455216904,0.8804366264187425,1175
7011,1184.952455216904,0.8804366264187425,1175
7012,1184.952455216904,0.8804366264187425,1175
7013,1184.952455216904,0.8804366264187425,1175
7014,1184.952455216904,0.8804366264187425,1175
7015,1184.952455216904,0.8804366264187425,1175
7016,1184.952455216904,0.8804366264187425,1175
7017,1184.952455216904,0.8804366264187425,1175
7018,1184.952455216904,0.8804366264187425,1175
7019,1184.952455216904,0.8804366264187425,1175
7020,1184.952455216904,0.8804366264187425,1175
7021,1184.952455216904,0.8804366264187425,1175
7022,1184.952455216904,0.8804366264187425,1175
7023,1184.952455216904,0.8804366264187425,1175
7024,1184.952455216904,0.8804366264187425,1175
7025,1184.952455216904,0.8804366264187425,1175
7026,1184.952455216904,0.8804366264187425,1175
7027,1184.952455216904,0.8804366264187425,1175
7028,1184.952455216904,0.8804366264187425,1175
7029,1184.952455216904,0.8804366264187425,1175
7030,1184.952455216904,0.8804366264187425,1175
7031,1184.952455216904,0.8804366264187425,1175
7032,1184.952455216904,0.8804366264187425,1175
7033,1184.952455216904,0.8804366264187425,1175
7034,1184.952455216904,0.8804366264187425,1175
7035,1184.952455216904,0.8804366264187425,1175
7036,1184.952455216904,0.8804366264187425,1175
7037,1184.952455216904,0.8804366264187425,1175
7038,1184.952455216904,0.8804366264187425,1175
7039,1184.952455216904,0.8804366264187425,1175
7040,1184.952455216904,0.8804366264187425,1175
7041,1184.952455216904,0.8804366264187425,1175
7042,1184.952455216904,0.8804366264187425,1175
7043,1184.952455216904,0.8804366264187425,1175
7044,1184.952455216904,0.8804366264187425,1175
7045,1184.952455216904,0.8804366264187425,1175
7046,1184.952455216904,0.8804366264187425,1175
7047,1184.952455216904,0.8804366264187425,1175
7048,1184.952455216904,0.8804366264187425,1175
7049,1184.952455216904,0.8804366264187425,1175
7050,1184.952455216904,0.8804366264187425,1175
7051,1184.952455216904,0.8804366264187425,1175
7052,1184.952455216904,0.8804366264187425,1175
7053,1184.952455216904,0.8804366264187425,1175
7054,1184.952455216904,0.8804366264187425,1175
7055,1184.952455216904,0.8804366264187425,1175
7056,1184.952455216904,0.8804366264187425,1175
7057,1184.952455216904,0.8804366264187425,1175
7058,1184.952455216904,0.8804366264187425,1175
7059,1184.952455216904,0.8804366264187425,1175
7060,1184.952455216904,0.8804366264187425,1175
7061,1184.952455216904,0.8804366264187425,1175
7062,1184.952455216904,0.8804366264187425,1175
7063,1184.952455216904,0.8804366264187425,1175
7064,1184.952455216904,0.8804366264187425,1175
7065,1184.952455216904,0.8804366264187425,1175
7066,1184.952455216904,0.8804366264187425,1175
7067,1184.952455216904,0.8804366264187425,1175
7068,1184.952455216904,0.8804366264187425,1175
7069,1184.952455216904,0.8804366264187425,1175
7070,1184.952455216904,0.8804366264187425,1175
7071,1184.952455216904,0.8804366264187425,1175
7072,1184.952455216904,0.8804366264187425,1175
7073,1184.952455216904,0.8804366264187425,1175
7074,1194.4078339567723,0.8869794094573238,1185
7075,1194.4078339567723,0.8869794094573238,1185
7076,1194.4078339567723,0.8869794094573238,1185
7077,1194.4078339567723,0.8869794094573238,1185
7078,1194.4078339567723,0.8869794094573238,1185
7079,1194.4078339567723,0.8869794094573238,1185
7080,1194.4078339567723,0.8869794094573238,1185
7081,1194.4078339567723,0.8869794094573238,1185
7082,1194.4078339567723,0.8869794094573238,1185
7083,1194.4078339567723,0.8869794094573238,1185
7084,1194.4078339567723,0.8869794094573238,1185
7085,1194.4078339567723,0.8869794094573238,1185
7086,1194.4078339567723,0.8869794094573238,1185
7087,1194.4078339567723,0.8869794094573238,1185
7088,1194.4078339567723,0.8869794094573238,1185
7089,1194.4078339567723,0.8869794094573238,1185
7090,1194.4078339567723,0.8869794094573238,1185
7091,1194.4078339567723,0.8869794094573238,1185
7092,1194.4078339567723,0.8869794094573238,1185
7093,1194.4078339567723,0.8869794094573238,1185
7094,1194.4078339567723,0.8869794094573238,1185
7095,1195.3543883686295,0.8876214756291491,1186
7096,1195.3543883686295,0.8876214756291491,1186
7097,1195.3543883686295,0.8876214756291491,1186
7098,1195.3543883686295,0.8876214756291491,1186
7099,1195.3543883686295,0.8876214756291491,1186
7100,1195.3543883686295,0.8876214756291491,1186
7101,1195.3543883686295,0.8876214756291491,1186
7102,1195.3543883686295,0.8876214756291491,1186
7103,1195.3543883686295,0.8876214756291491,1186
7104,1195.3543883686295,0.8876214756291491,1186
7105,1195.3543883686295,0.8876214756291491,1186
7106,1195.3543883686295,0.8876214756291491,1186
7107,1195.3543883686295,0.8876214756291491,1186
7108,1195.3543883686295,0.8876214756291491,1186
7109,1195.3543883686295,0.8876214756291491,1186
7110,1195.3543883686295,0.8876214756291491,1186
7111,1195.3543883686295,0.8876214756291491,1186
7112,1195.3543883686295,0.8876214756291491,1186
7113,1195.3543883686295,0.8876214756291491,1186
7114,1195.3543883686295,0.8876214756291491,1186
7115,1195.3543883686295,0.8876214756291491,1186
7116,1195.3543883686295,0.8876214756291491,1186
7117,1195.3543883686295,0.8876214756291491,1186
7118,1195.3543883686295,0.8876214756291491,1186
7119,1195.3543883686295,0.8876214756291491,1186
7120,1195.3543883686295,0.8876214756291491,1186
7121,1195.3543883686295,0.8876214756291491,1186
7122,1195.3543883686295,0.8876214756291491,1186
7123,1195.3543883686295,0.8876214756291491,1186
7124,1195.3543883686295,0.8876214756291491,1186
7125,1195.3543883686295,0.8876214756291491,1186
7126,1195.3543883686295,0.8876214756291491,1186
7127,1195.3543883686295,0.8876214756291491,1186
7128,1195.3543883686295,0.8876214756291491,1186
7129,1195.3543883686295,0.8876214756291491,1186
7130,1195.3543883686295,0.8876214756291491,1186
7131,1195.3543883686295,0.8876214756291491,1186
7132,1195.3543883686295,0.8876214756291491,1186
7133,1195.3543883686295,0.8876214756291491,1186
7134,1195.3543883686295,0.8876214756291491,1186
7135,1195.3543883686295,0.8876214756291491,1186
7136,1195.3543883686295,0.8876214756291491,1186
7137,1195.3543883686295,0.8876214756291491,1186
7138,1195.3543883686295,0.8876214756291491,1186
7139,1195.3543883686295,0.8876214756291491,1186
7140,1195.3543883686295,0.8876214756291491,1186
7141,1195.3543883686295,0.8876214756291491,1186
7142,1195.3543883686295,0.8876214756291491,1186
7143,1195.3543883686295,0.8876214756291491,1186
7144,1195.3543883686295,0.8876214756291491,1186
7145,1195.3543883686295,0.8876214756291491,1186
7146,1195.3543883686295,0.8876214756291491,1186
7147,1195.3543883686295,0.8876214756291491,1186
7148,1195.3543883686295,0.8876214756291491,1186
7149,1195.3543883686295,0.8876214756291491,1186
7150,1195.3543883686295,0.8876214756291491,1186
7151,1195.3543883686295,0.8876214756291491,1186
7152,1195.3543883686295,0.8876214756291491,1186
7153,1195.3543883686295,0.8876214756291491,1186
7154,1195.3543883686295,0.8876214756291491,1186
7155,1195.3543883686295,0.8876214756291491,1186
7156,1195.3543883686295,0.8876214756291491,1186
7157,1195.3543883686295,0.8876214756291491,1186
7158,1195.3543883686295,0.8876214756291491,1186
7159,1195.3543883686295,0.8876214756291491,1186
7160,1195.3543883686295,0.8876214756291491,1186
7161,1195.3543883686295,0.8876214756291491,1186
7162,1195.3543883686295,0.8876214756291491,1186
7163,1195.3543883686295,0.8876214756291491,1186
7164,1195.3543883686295,0.8876214756291491,1186
7165,1195.3543883686295,0.8876214756291491,1186
7166,1195.3543883686295,0.8876214756291491,1186
7167,1195.3543883686295,0.8876214756291491,1186
7168,1195.3543883686295,0.8876214756291491,1186
7169,1195.3543883686295,0.8876214756291491,1186
7170,1195.3543883686295,0.8876214756291491,1186
7171,1195.3543883686295,0.8876214756291491,1186
7172,1195.3543883686295,0.8876214756291491,1186
7173,1195.3543883686295,0.8876214756291491,1186
7174,1195.3543883686295,0.8876214756291491,1186
7175,1195.3543883686295,0.8876214756291491,1186
7176,1195.3543883686295,0.8876214756291491,1186
7177,1195.3543883686295,0.8876214756291491,1186
7178,1195.3543883686295,0.8876214756291491,1186
7179,1195.3543883686295,0.8876214756291491,1186
7180,1195.3543883686295,0.8876214756291491,1186
7181,1195.3543883686295,0.8876214756291491,1186
7182,1198.195157083513,0.8895343935185827,1189
7183,1198.195157083513,0.8895343935185827,1189
7184,1198.195157083513,0.8895343935185827,1189
7185,1198.195157083513,0.8895343935185827,1189
7186,1198.195157083513,0.8895343935185827,1189
7187,1198.195157083513,0.8895343935185827,1189
7188,1198.195157083513,0.8895343935185827,1189
7189,1198.195157083513,0.8895343935185827,1189
7190,1183.0636033259348,0.879101353604821,1173
7191,1183.0636033259348,0.879101353604821,1173
7192,1183.0636033259348,0.879101353604821,1173
7193,1183.0636033259348,0.879101353604821,1173
7194,1183.0636033259348,0.879101353604821,1173
7195,1183.0636033259348,0.879101353604821,1173
7196,1183.0636033259348,0.879101353604821,1173
7197,1183.0636033259348,0.879101353604821,1173
7198,1183.0636033259348,0.879101353604821,1173
7199,1183.0636033259348,0.879101353604821,1173
7200,1183.0636033259348,0.879101353604821,1173
7201,1183.0636033259348,0.879101353604821,1173
7202,1183.0636033259348,0.879101353604821,1173
7203,1183.0636033259348,0.879101353604821,1173
7204,1183.0636033259348,0.879101353604821,1173
7205,1183.0636033259348,0.879101353604821,1173
7206,1183.0636033259348,0.879101353604821,1173
7207,1183.0636033259348,0.879101353604821,1173
7208,1183.0636033259348,0.879101353604821,1173
7209,1183.0636033259348,0.879101353604821,1173
7210,1183.0636033259348,0.879101353604821,1173
7211,1183.0636033259348,0.879101353604821,1173
7212,1183.0636033259348,0.879101353604821,1173
7213,1183.0636033259348,0.879101353604821,1173
7214,1183.0636033259348,0.879101353604821,1173
7215,1183.0636033259348,0.879101353604821,1173
7216,1183.0636033259348,0.879101353604821,1173
7217,1183.0636033259348,0.879101353604821,1173
7218,1183.0636033259348,0.879101353604821,1173
7219,1183.0636033259348,0.879101353604821,1173
7220,1189.6778313057255,0.8837358084367447,1180
7221,1189.6778313057255,0.8837358084367447,1180
7222,1189.6778313057255,0.8837358084367447,1180
7223,1189.6778313057255,0.8837358084367447,1180
7224,1189.6778313057255,0.8837358084367447,1180
7225,1189.6778313057255,0.8837358084367447,1180
7226,1189.6778313057255,0.8837358084367447,1180
7227,1189.6778313057255,0.8837358084367447,1180
7228,1189.6778313057255,0.8837358084367447,1180
7229,1189.6778313057255,0.8837358084367447,1180
7230,1189.6778313057255,0.8837358084367447,1180
7231,1189.6778313057255,0.8837358084367447,1180
7232,1189.6778313057255,0.8837358084367447,1180
7233,1189.6778313057255,0.8837358084367447,1180
7234,1189.6778313057255,0.8837358084367447,1180
7235,1189.6778313057255,0.8837358084367447,1180
7236,1189.6778313057255,0.8837358084367447,1180
7237,1189.6778313057255,0.8837358084367447,1180
7238,1189.6778313057255,0.8837358084367447,1180
7239,1189.6778313057255,0.8837358084367447,1180
7240,1189.6778313057255,0.8837358084367447,1180
7241,1189.6778313057255,0.8837358084367447,1180
7242,1189.6778313057255,0.8837358084367447,1180
7243,1189.6778313057255,0.8837358084367447,1180
7244,1189.6778313057255,0.8837358084367447,1180
7245,1189.6778313057255,0.8837358084367447,1180
7246,1189.6778313057255,0.8837358084367447,1180
7247,1189.6778313057255,0.8837358084367447,1180
7248,1189.6778313057255,0.8837358084367447,1180
7249,1189.6778313057255,0.8837358084367447,1180
7250,1189.6778313057255,0.8837358084367447,1180
7251,1189.6778313057255,0.8837358084367447,1180
7252,1189.6778313057255,0.8837358084367447,1180
7253,1189.6778313057255,0.8837358084367447,1180
7254,1189.6778313057255,0.8837358084367447,1180
7255,1189.6778313057255,0.8837358084367447,1180
7256,1189.6778313057255,0.8837358084367447,1180
7257,1189.6778313057255,0.8837358084367447,1180
7258,1189.6778313057255,0.8837358084367447,1180
7259,1189.6778313057255,0.8837358084367447,1180
7260,1189.6778313057255,0.8837358084367447,1180
7261,1189.6778313057255,0.8837358084367447,1180
7262,1189.6778313057255,0.8837358084367447,1180
7263,1189.6778313057255,0.8837358084367447,1180
7264,1189.6778313057255,0.8837358084367447,1180
7265,1189.6778313057255,0.8837358084367447,1180
7266,1189.6778313057255,0.8837358084367447,1180
7267,1189.6778313057255,0.8837358084367447,1180
7268,1189.6778313057255,0.8837358084367447,1180
7269,1189.6778313057255,0.8837358084367447,1180
7270,1189.6778313057255,0.8837358084367447,1180
7271,1189.6778313057255,0.8837358084367447,1180
7272,1189.6778313057255,0.8837358084367447,1180
7273,1189.6778313057255,0.8837358084367447,1180
7274,1189.6778313057255,0.8837358084367447,1180
7275,1189.6778313057255,0.8837358084367447,1180
7276,1189.6778313057255,0.8837358084367447,1180
7277,1189.6778313057255,0.8837358084367447,1180
7278,1189.6778313057255,0.8837358084367447,1180
7279,1189.6778313057255,0.8837358084367447,1180
7280,1189.6778313057255,0.8837358084367447,1180
7281,1189.6778313057255,0.8837358084367447,1180
7282,1189.6778313057255,0.8837358084367447,1180
7283,1189.6778313057255,0.8837358084367447,1180
7284,1189.6778313057255,0.8837358084367447,1180
7285,1189.6778313057255,0.8837358084367447,1180
7286,1189.6778313057255,0.8837358084367447,1180
7287,1189.6778313057255,0.8837358084367447,1180
7288,1189.6778313057255,0.8837358084367447,1180
7289,1189.6778313057255,0.8837358084367447,1180
7290,1189.6778313057255,0.8837358084367447,1180
7291,1189.6778313057255,0.8837358084367447,1180
7292,1189.6778313057255,0.8837358084367447,1180
7293,1189.6778313057255,0.8837358084367447,1180
7294,1189.6778313057255,0.8837358084367447,1180
7295,1189.6778313057255,0.8837358084367447,1180
7296,1189.6778313057255,0.8837358084367447,1180
7297,1189.6778313057255,0.8837358084367447,1180
7298,1189.6778313057255,0.8837358084367447,1180
7299,1189.6778313057255,0.8837358084367447,1180
7300,1189.6778313057255,0.8837358084367447,1180
7301,1189.6778313057255,0.8837358084367447,1180
7302,1189.6778313057255,0.8837358084367447,1180
7303,1189.6778313057255,0.8837358084367447,1180
7304,1189.6778313057255,0.8837358084367447,1180
7305,1189.6778313057255,0.8837358084367447,1180
7306,1215.387125764745,0.8752147313221422,1205
7307,1215.387125764745,0.8752147313221422,1205
7308,1215.387125764745,0.8752147313221422,1205
7309,1215.387125764745,0.8752147313221422,1205
7310,1215.387125764745,0.8752147313221422,1205
7311,1215.387125764745,0.8752147313221422,1205
7312,1215.387125764745,0.8752147313221422,1205
7313,1215.387125764745,0.8752147313221422,1205
7314,1215.387125764745,0.8752147313221422,1205
7315,1215.387125764745,0.8752147313221422,1205
7316,1215.387125764745,0.8752147313221422,1205
7317,1215.387125764745,0.8752147313221422,1205
7318,1215.387125764745,0.8752147313221422,1205
7319,1215.387125764745,0.8752147313221422,1205
7320,1215.387125764745,0.8752147313221422,1205
7321,1215.387125764745,0.8752147313221422,1205
7322,1215.387125764745,0.8752147313221422,1205
7323,1215.387125764745,0.8752147313221422,1205
7324,1215.387125764745,0.8752147313221422,1205
7325,1215.387125764745,0.8752147313221422,1205
7326,1215.387125764745,0.8752147313221422,1205
7327,1215.387125764745,0.8752147313221422,1205
7328,1215.387125764745,0.8752147313221422,1205
7329,1215.387125764745,0.8752147313221422,1205
7330,1215.387125764745,0.8752147313221422,1205
7331,1215.387125764745,0.8752147313221422,1205
7332,1215.387125764745,0.8752147313221422,1205
7333,1215.387125764745,0.8752147313221422,1205
7334,1215.387125764745,0.8752147313221422,1205
7335,1215.387125764745,0.8752147313221422,1205
7336,1215.387125764745,0.8752147313221422,1205
7337,1215.387125764745,0.8752147313221422,1205
7338,1215.387125764745,0.8752147313221422,1205
7339,1215.387125764745,0.8752147313221422,1205
7340,1211.608721430637,0.8725526017463139,1201
7341,1211.608721430637,0.8725526017463139,1201
7342,1211.608721430637,0.8725526017463139,1201
7343,1211.608721430637,0.8725526017463139,1201
7344,1211.608721430637,0.8725526017463139,1201
7345,1211.608721430637,0.8725526017463139,1201
7346,1211.608721430637,0.8725526017463139,1201
7347,1211.608721430637,0.8725526017463139,1201
7348,1211.608721430637,0.8725526017463139,1201
7349,1211.608721430637,0.8725526017463139,1201
7350,1211.608721430637,0.8725526017463139,1201
7351,1211.608721430637,0.8725526017463139,1201
7352,1211.608721430637,0.8725526017463139,1201
7353,1211.608721430637,0.8725526017463139,1201
7354,1218.863187819969,0.8694955812113296,1208
7355,1218.863187819969,0.8694955812113296,1208
7356,1218.863187819969,0.8694955812113296,1208
7357,1218.863187819969,0.8694955812113296,1208
7358,1218.863187819969,0.8694955812113296,1208
7359,1218.863187819969,0.8694955812113296,1208
7360,1218.863187819969,0.8694955812113296,1208
7361,1218.863187819969,0.8694955812113296,1208
7362,1218.863187819969,0.8694955812113296,1208
7363,1218.863187819969,0.8694955812113296,1208
7364,1218.863187819969,0.8694955812113296,1208
7365,1218.863187819969,0.8694955812113296,1208
7366,1218.863187819969,0.8694955812113296,1208
7367,1218.863187819969,0.8694955812113296,1208
7368,1218.863187819969,0.8694955812113296,1208
7369,1218.863187819969,0.8694955812113296,1208
7370,1218.863187819969,0.8694955812113296,1208
7371,1218.863187819969,0.8694955812113296,1208
7372,1218.863187819969,0.8694955812113296,1208
7373,1218.863187819969,0.8694955812113296,1208
7374,1218.863187819969,0.8694955812113296,1208
7375,1218.863187819969,0.8694955812113296,1208
7376,1218.863187819969,0.8694955812113296,1208
7377,1218.863187819969,0.8694955812113296,1208
7378,1218.863187819969,0.8694955812113296,1208
7379,1218.863187819969,0.8694955812113296,1208
7380,1218.863187819969,0.8694955812113296,1208
7381,1218.863187819969,0.8694955812113296,1208
7382,1218.863187819969,0.8694955812113296,1208
7383,1218.863187819969,0.8694955812113296,1208
7384,1218.863187819969,0.8694955812113296,1208
7385,1203.7813025279133,0.8584658514186283,1192
7386,1203.7813025279133,0.8584658514186283,1192
7387,1203.7813025279133,0.8584658514186283,1192
7388,1203.7813025279133,0.8584658514186283,1192
7389,1200.9583664326515,0.8563387021545954,1189
7390,1200.9583664326515,0.8563387021545954,1189
7391,1200.9583664326515,0.8563387021545954,1189
7392,1200.9583664326515,0.8563387021545954,1189
7393,1200.9583664326515,0.8563387021545954,1189
7394,1200.9583664326515,0.8563387021545954,1189
7395,1200.9583664326515,0.8563387021545954,1189
7396,1200.9583664326515,0.8563387021545954,1189
7397,1200.9583664326515,0.8563387021545954,1189
7398,1200.9583664326515,0.8563387021545954,1189
7399,1200.9583664326515,0.8563387021545954,1189
7400,1200.9583664326515,0.8563387021545954,1189
7401,1200.9583664326515,0.8563387021545954,1189
7402,1200.9583664326515,0.8563387021545954,1189
7403,1200.9583664326515,0.8563387021545954,1189
7404,1200.9583664326515,0.8563387021545954,1189
7405,1200.9583664326515,0.8563387021545954,1189
7406,1200.9583664326515,0.8563387021545954,1189
7407,1200.9583664326515,0.8563387021545954,1189
7408,1200.9583664326515,0.8563387021545954,1189
7409,1200.9583664326515,0.8563387021545954,1189
7410,1200.9583664326515,0.8563387021545954,1189
7411,1200.9583664326515,0.8563387021545954,1189
7412,1200.9583664326515,0.8563387021545954,1189
7413,1200.9583664326515,0.8563387021545954,1189
7414,1200.9583664326515,0.8563387021545954,1189
7415,1200.9583664326515,0.8563387021545954,1189
7416,1200.9583664326515,0.8563387021545954,1189
7417,1200.9583664326515,0.8563387021545954,1189
7418,1200.9583664326515,0.8563387021545954,1189
7419,1200.9583664326515,0.8563387021545954,1189
7420,1200.9583664326515,0.8563387021545954,1189
7421,1200.9583664326515,0.8563387021545954,1189
7422,1200.9583664326515,0.8563387021545954,1189
7423,1200.9583664326515,0.8563387021545954,1189
7424,1200.9583664326515,0.8563387021545954,1189
7425,1200.9583664326515,0.8563387021545954,1189
7426,1200.9583664326515,0.8563387021545954,1189
7427,1200.9583664326515,0.8563387021545954,1189
7428,1200.9583664326515,0.8563387021545954,1189
7429,1200.9583664326515,0.8563387021545954,1189
7430,1200.9583664326515,0.8563387021545954,1189
7431,1200.9583664326515,0.8563387021545954,1189
7432,1200.9583664326515,0.8563387021545954,1189
7433,1200.9583664326515,0.8563387021545954,1189
7434,1200.9583664326515,0.8563387021545954,1189
7435,1200.9583664326515,0.8563387021545954,1189
7436,1200.9583664326515,0.8563387021545954,1189
7437,1200.9583664326515,0.8563387021545954,1189
7438,1200.9583664326515,0.8563387021545954,1189
7439,1200.9583664326515,0.8563387021545954,1189
7440,1200.9583664326515,0.8563387021545954,1189
7441,1200.9583664326515,0.8563387021545954,1189
7442,1200.9583664326515,0.8563387021545954,1189
7443,1200.9583664326515,0.8563387021545954,1189
7444,1200.9583664326515,0.8563387021545954,1189
7445,1200.9583664326515,0.8563387021545954,1189
7446,1200.9583664326515,0.8563387021545954,1189
7447,1200.9583664326515,0.8563387021545954,1189
7448,1200.9583664326515,0.8563387021545954,1189
7449,1200.9583664326515,0.8563387021545954,1189
7450,1200.9583664326515,0.8563387021545954,1189
7451,1200.9583664326515,0.8563387021545954,1189
7452,1200.9583664326515,0.8563387021545954,1189
7453,1200.9583664326515,0.8563387021545954,1189
7454,1200.9583664326515,0.8563387021545954,1189
7455,1200.9583664326515,0.8563387021545954,1189
7456,1200.9583664326515,0.8563387021545954,1189
7457,1200.9583664326515,0.8563387021545954,1189
7458,1200.9583664326515,0.8563387021545954,1189
7459,1200.9583664326515,0.8563387021545954,1189
7460,1200.9583664326515,0.8563387021545954,1189
7461,1200.9583664326515,0.8563387021545954,1189
7462,1200.9583664326515,0.8563387021545954,1189
7463,1200.9583664326515,0.8563387021545954,1189
7464,1200.9583664326515,0.8563387021545954,1189
7465,1200.9583664326515,0.8563387021545954,1189
7466,1200.9583664326515,0.8563387021545954,1189
7467,1200.9583664326515,0.8563387021545954,1189
7468,1200.9583664326515,0.8563387021545954,1189
7469,1200.9583664326515,0.8563387021545954,1189
7470,1200.9583664326515,0.8563387021545954,1189
7471,1200.9583664326515,0.8563387021545954,1189
7472,1200.9583664326515,0.8563387021545954,1189
7473,1200.9583664326515,0.8563387021545954,1189
7474,1200.9583664326515,0.8563387021545954,1189
7475,1200.9583664326515,0.8563387021545954,1189
7476,1200.9583664326515,0.8563387021545954,1189
7477,1200.9583664326515,0.8563387021545954,1189
7478,1200.9583664326515,0.8563387021545954,1189
7479,1200.9583664326515,0.8563387021545954,1189
7480,1200.9583664326515,0.8563387021545954,1189
7481,1200.9583664326515,0.8563387021545954,1189
7482,1200.9583664326515,0.8563387021545954,1189
7483,1200.9583664326515,0.8563387021545954,1189
7484,1200.9583664326515,0.8563387021545954,1189
7485,1200.9583664326515,0.8563387021545954,1189
7486,1200.9583664326515,0.8563387021545954,1189
7487,1200.9583664326515,0.8563387021545954,1189
7488,1200.9583664326515,0.8563387021545954,1189
7489,1200.9583664326515,0.8563387021545954,1189
7490,1200.9583664326515,0.8563387021545954,1189
7491,1200.9583664326515,0.8563387021545954,1189
7492,1200.9583664326515,0.8563387021545954,1189
7493,1200.9583664326515,0.8563387021545954,1189
7494,1200.9583664326515,0.8563387021545954,1189
7495,1200.9583664326515,0.8563387021545954,1189
7496,1200.9583664326515,0.8563387021545954,1189
7497,1219.8072702572376,0.8701673443388083,1209
7498,1235.882936908118,0.8812717814978634,1226
7499,1235.882936908118,0.8812717814978634,1226
7500,1216.0319731925972,0.8674678857208402,1205
7501,1216.0319731925972,0.8674678857208402,1205
7502,1216.0319731925972,0.8674678857208402,1205
7503,1216.0319731925972,0.8674678857208402,1205
7504,1216.0319731925972,0.8674678857208402,1205
7505,1205.7831466109453,0.8704571526796566,1195
7506,1205.7831466109453,0.8704571526796566,1195
7507,1205.7831466109453,0.8704571526796566,1195
7508,1205.7831466109453,0.8704571526796566,1195
7509,1217.8336864249475,0.9058903601039475,1210
7510,1217.8336864249475,0.9058903601039475,1210
7511,1217.8336864249475,0.9058903601039475,1210
7512,1217.8336864249475,0.9058903601039475,1210
7513,1217.8336864249475,0.9058903601039475,1210
7514,1217.8336864249475,0.9058903601039475,1210
7515,1217.8336864249475,0.9058903601039475,1210
7516,1217.8336864249475,0.9058903601039475,1210
7517,1217.8336864249475,0.9058903601039475,1210
7518,1217.8336864249475,0.9058903601039475,1210
7519,1217.8336864249475,0.9058903601039475,1210
7520,1217.8336864249475,0.9058903601039475,1210
7521,1190.3061790129668,0.888200636557343,1181
7522,1190.3061790129668,0.888200636557343,1181
7523,1190.3061790129668,0.888200636557343,1181
7524,1190.3061790129668,0.888200636557343,1181
7525,1190.3061790129668,0.888200636557343,1181
7526,1190.3061790129668,0.888200636557343,1181
7527,1190.3061790129668,0.888200636557343,1181
7528,1190.3061790129668,0.888200636557343,1181
7529,1190.3061790129668,0.888200636557343,1181
7530,1190.3061790129668,0.888200636557343,1181
7531,1190.3061790129668,0.888200636557343,1181
7532,1190.3061790129668,0.888200636557343,1181
7533,1190.3061790129668,0.888200636557343,1181
7534,1190.3061790129668,0.888200636557343,1181
7535,1190.3061790129668,0.888200636557343,1181
7536,1190.3061790129668,0.888200636557343,1181
7537,1190.3061790129668,0.888200636557343,1181
7538,1190.3061790129668,0.888200636557343,1181
7539,1190.3061790129668,0.888200636557343,1181
7540,1190.3061790129668,0.888200636557343,1181
7541,1190.3061790129668,0.888200636557343,1181
7542,1190.3061790129668,0.888200636557343,1181
7543,1190.3061790129668,0.888200636557343,1181
7544,1190.3061790129668,0.888200636557343,1181
7545,1190.3061790129668,0.888200636557343,1181
7546,1190.3061790129668,0.888200636557343,1181
7547,1190.3061790129668,0.888200636557343,1181
7548,1190.3061790129668,0.888200636557343,1181
7549,1190.3061790129668,0.888200636557343,1181
7550,1190.3061790129668,0.888200636557343,1181
7551,1190.3061790129668,0.888200636557343,1181
7552,1190.3061790129668,0.888200636557343,1181
7553,1190.3061790129668,0.888200636557343,1181
7554,1190.3061790129668,0.888200636557343,1181
7555,1190.3061790129668,0.888200636557343,1181
7556,1190.3061790129668,0.888200636557343,1181
7557,1190.3061790129668,0.888200636557343,1181
7558,1190.3061790129668,0.888200636557343,1181
7559,1190.3061790129668,0.888200636557343,1181
7560,1190.3061790129668,0.888200636557343,1181
7561,1190.3061790129668,0.888200636557343,1181
7562,1190.3061790129668,0.888200636557343,1181
7563,1190.3061790129668,0.888200636557343,1181
7564,1190.3061790129668,0.888200636557343,1181
7565,1190.3061790129668,0.888200636557343,1181
7566,1190.3061790129668,0.888200636557343,1181
7567,1190.3061790129668,0.888200636557343,1181
7568,1190.3061790129668,0.888200636557343,1181
7569,1190.3061790129668,0.888200636557343,1181
7570,1190.3061790129668,0.888200636557343,1181
7571,1190.3061790129668,0.888200636557343,1181
7572,1190.3061790129668,0.888200636557343,1181
7573,1190.3061790129668,0.888200636557343,1181
7574,1208.324,0.9,1200
7575,1208.324,0.9,1200
7576,1208.324,0.9,1200
7577,1208.324,0.9,1200
7578,1208.324,0.9,1200
7579,1208.324,0.9,1200
7580,1208.324,0.9,1200
7581,1208.324,0.9,1200
7582,1208.324,0.9,1200
7583,1208.324,0.9,1200
7584,1208.324,0.9,1200
7585,1208.324,0.9,1200
7586,1208.324,0.9,1200
7587,1208.324,0.9,1200
7588,1208.324,0.9,1200
7589,1208.324,0.9,1200
7590,1208.324,0.9,1200
7591,1208.324,0.9,1200
7592,1208.324,0.9,1200
7593,1208.324,0.9,1200
7594,1208.324,0.9,1200
7595,1208.324,0.9,1200
7596,1208.324,0.9,1200
7597,1208.324,0.9,1200
7598,1208.324,0.9,1200
7599,1208.324,0.9,1200
7600,1208.324,0.9,1200
7601,1208.324,0.9,1200
7602,1208.324,0.9,1200
7603,1208.324,0.9,1200
7604,1208.324,0.9,1200
7605,1203.1989337457783,0.9015024778258262,1195
7606,1203.1989337457783,0.9015024778258262,1195
7607,1203.1989337457783,0.9015024778258262,1195
7608,1203.1989337457783,0.9015024778258262,1195
7609,1203.1989337457783,0.9015024778258262,1195
7610,1203.1989337457783,0.9015024778258262,1195
7611,1203.1989337457783,0.9015024778258262,1195
7612,1203.1989337457783,0.9015024778258262,1195
7613,1203.1989337457783,0.9015024778258262,1195
7614,1203.1989337457783,0.9015024778258262,1195
7615,1203.1989337457783,0.9015024778258262,1195
7616,1203.1989337457783,0.9015024778258262,1195
7617,1203.1989337457783,0.9015024778258262,1195
7618,1203.1989337457783,0.9015024778258262,1195
7619,1203.1989337457783,0.9015024778258262,1195
7620,1203.1989337457783,0.9015024778258262,1195
7621,1203.1989337457783,0.9015024778258262,1195
7622,1204.7305525932923,0.9071293537566999,1197
7623,1204.7305525932923,0.9071293537566999,1197
7624,1204.7305525932923,0.9071293537566999,1197
7625,1204.7305525932923,0.9071293537566999,1197
7626,1204.7305525932923,0.9071293537566999,1197
7627,1204.7305525932923,0.9071293537566999,1197
7628,1204.7305525932923,0.9071293537566999,1197
7629,1204.7305525932923,0.9071293537566999,1197
7630,1204.7305525932923,0.9071293537566999,1197
7631,1204.7305525932923,0.9071293537566999,1197
7632,1204.7305525932923,0.9071293537566999,1197
7633,1204.7305525932923,0.9071293537566999,1197
7634,1204.7305525932923,0.9071293537566999,1197
7635,1204.7305525932923,0.9071293537566999,1197
7636,1204.7305525932923,0.9071293537566999,1197
7637,1204.7305525932923,0.9071293537566999,1197
7638,1204.7305525932923,0.9071293537566999,1197
7639,1204.7305525932923,0.9071293537566999,1197
7640,1204.7305525932923,0.9071293537566999,1197
7641,1204.7305525932923,0.9071293537566999,1197
7642,1204.7305525932923,0.9071293537566999,1197
7643,1204.7305525932923,0.9071293537566999,1197
7644,1204.7305525932923,0.9071293537566999,1197
7645,1204.7305525932923,0.9071293537566999,1197
7646,1204.7305525932923,0.9071293537566999,1197
7647,1204.7305525932923,0.9071293537566999,1197
7648,1204.7305525932923,0.9071293537566999,1197
7649,1204.7305525932923,0.9071293537566999,1197
7650,1204.7305525932923,0.9071293537566999,1197
7651,1204.7305525932923,0.9071293537566999,1197
7652,1204.7305525932923,0.9071293537566999,1197
7653,1204.7305525932923,0.9071293537566999,1197
7654,1204.7305525932923,0.9071293537566999,1197
7655,1204.7305525932923,0.9071293537566999,1197
7656,1204.7305525932923,0.9071293537566999,1197
7657,1204.7305525932923,0.9071293537566999,1197
7658,1204.7305525932923,0.9071293537566999,1197
7659,1204.7305525932923,0.9071293537566999,1197
7660,1204.7305525932923,0.9071293537566999,1197
7661,1204.7305525932923,0.9071293537566999,1197
7662,1204.7305525932923,0.9071293537566999,1197
7663,1204.7305525932923,0.9071293537566999,1197
7664,1204.7305525932923,0.9071293537566999,1197
7665,1204.7305525932923,0.9071293537566999,1197
7666,1204.7305525932923,0.9071293537566999,1197
7667,1204.7305525932923,0.9071293537566999,1197
7668,1204.7305525932923,0.9071293537566999,1197
7669,1204.7305525932923,0.9071293537566999,1197
7670,1204.7305525932923,0.9071293537566999,1197
7671,1204.7305525932923,0.9071293537566999,1197
7672,1204.7305525932923,0.9071293537566999,1197
7673,1204.7305525932923,0.9071293537566999,1197
7674,1204.7305525932923,0.9071293537566999,1197
7675,1204.7305525932923,0.9071293537566999,1197
7676,1204.7305525932923,0.9071293537566999,1197
7677,1204.7305525932923,0.9071293537566999,1197
7678,1204.7305525932923,0.9071293537566999,1197
7679,1218.0719217162232,0.9150417862058724,1211
7680,1218.0719217162232,0.9150417862058724,1211
7681,1218.0719217162232,0.9150417862058724,1211
7682,1218.0719217162232,0.9150417862058724,1211
7683,1218.0719217162232,0.9150417862058724,1211
7684,1218.0719217162232,0.9150417862058724,1211
7685,1218.0719217162232,0.9150417862058724,1211
7686,1218.0719217162232,0.9150417862058724,1211
7687,1218.0719217162232,0.9150417862058724,1211
7688,1218.0719217162232,0.9150417862058724,1211
7689,1218.0719217162232,0.9150417862058724,1211
7690,1218.0719217162232,0.9150417862058724,1211
7691,1218.0719217162232,0.9150417862058724,1211
7692,1218.0719217162232,0.9150417862058724,1211
7693,1210.4438652822748,0.910573458886656,1203
7694,1210.4438652822748,0.910573458886656,1203
7695,1210.4438652822748,0.910573458886656,1203
7696,1210.4438652822748,0.910573458886656,1203
7697,1210.4438652822748,0.910573458886656,1203
7698,1210.4438652822748,0.910573458886656,1203
7699,1210.4438652822748,0.910573458886656,1203
7700,1210.4438652822748,0.910573458886656,1203
7701,1210.4438652822748,0.910573458886656,1203
7702,1210.4438652822748,0.910573458886656,1203
7703,1210.4438652822748,0.910573458886656,1203
7704,1210.4438652822748,0.910573458886656,1203
7705,1210.4438652822748,0.910573458886656,1203
7706,1210.4438652822748,0.910573458886656,1203
7707,1210.4438652822748,0.910573458886656,1203
7708,1210.4438652822748,0.910573458886656,1203
7709,1210.4438652822748,0.910573458886656,1203
7710,1222.4477237511126,0.8985136502749564,1214
7711,1222.4477237511126,0.8985136502749564,1214
7712,1222.4477237511126,0.8985136502749564,1214
7713,1222.4477237511126,0.8985136502749564,1214
7714,1222.4477237511126,0.8985136502749564,1214
7715,1222.4477237511126,0.8985136502749564,1214
7716,1222.4477237511126,0.8985136502749564,1214
7717,1222.4477237511126,0.8985136502749564,1214
7718,1222.4477237511126,0.8985136502749564,1214
7719,1222.4477237511126,0.8985136502749564,1214
7720,1222.4477237511126,0.8985136502749564,1214
7721,1222.4477237511126,0.8985136502749564,1214
7722,1222.4477237511126,0.8985136502749564,1214
7723,1222.4477237511126,0.8985136502749564,1214
7724,1222.4477237511126,0.8985136502749564,1214
7725,1222.4477237511126,0.8985136502749564,1214
7726,1222.4477237511126,0.8985136502749564,1214
7727,1222.4477237511126,0.8985136502749564,1214
7728,1222.4477237511126,0.8985136502749564,1214
7729,1222.4477237511126,0.8985136502749564,1214
7730,1222.4477237511126,0.8985136502749564,1214
7731,1222.4477237511126,0.8985136502749564,1214
7732,1220.5475063590227,0.8973149163980931,1212
7733,1220.5475063590227,0.8973149163980931,1212
7734,1220.5475063590227,0.8973149163980931,1212
7735,1220.5475063590227,0.8973149163980931,1212
7736,1220.5475063590227,0.8973149163980931,1212
7737,1222.4477237511126,0.8985136502749564,1214
7738,1222.4477237511126,0.8985136502749564,1214
7739,1222.4477237511126,0.8985136502749564,1214
7740,1222.4477237511126,0.8985136502749564,1214
7741,1222.4477237511126,0.8985136502749564,1214
7742,1222.4477237511126,0.8985136502749564,1214
7743,1222.4477237511126,0.8985136502749564,1214
7744,1222.4477237511126,0.8985136502749564,1214
7745,1222.4477237511126,0.8985136502749564,1214
7746,1222.4477237511126,0.8985136502749564,1214
7747,1222.4477237511126,0.8985136502749564,1214
7748,1222.4477237511126,0.8985136502749564,1214
7749,1222.4477237511126,0.8985136502749564,1214
7750,1222.4477237511126,0.8985136502749564,1214
7751,1222.4477237511126,0.8985136502749564,1214
7752,1222.4477237511126,0.8985136502749564,1214
7753,1222.4477237511126,0.8985136502749564,1214
7754,1221.4975256705216,0.8979153571537546,1213
7755,1221.4975256705216,0.8979153571537546,1213
7756,1221.4975256705216,0.8979153571537546,1213
7757,1221.4975256705216,0.8979153571537546,1213
7758,1221.4975256705216,0.8979153571537546,1213
7759,1221.4975256705216,0.8979153571537546,1213
7760,1221.4975256705216,0.8979153571537546,1213
7761,1221.4975256705216,0.8979153571537546,1213
7762,1221.4975256705216,0.8979153571537546,1213
7763,1221.4975256705216,0.8979153571537546,1213
7764,1221.4975256705216,0.8979153571537546,1213
7765,1221.4975256705216,0.8979153571537546,1213
7766,1221.4975256705216,0.8979153571537546,1213
7767,1221.4975256705216,0.8979153571537546,1213
7768,1221.4975256705216,0.8979153571537546,1213
7769,1221.4975256705216,0.8979153571537546,1213
7770,1221.4975256705216,0.8979153571537546,1213
7771,1221.4975256705216,0.8979153571537546,1213
7772,1220.5475063590227,0.8973149163980931,1212
7773,1220.5475063590227,0.8973149163980931,1212
7774,1220.5475063590227,0.8973149163980931,1212
7775,1220.5475063590227,0.8973149163980931,1212
7776,1220.5475063590227,0.8973149163980931,1212
7777,1220.5475063590227,0.8973149163980931,1212
7778,1220.5475063590227,0.8973149163980931,1212
7779,1220.5475063590227,0.8973149163980931,1212
7780,1220.5475063590227,0.8973149163980931,1212
7781,1220.5475063590227,0.8973149163980931,1212
7782,1220.5475063590227,0.8973149163980931,1212
7783,1220.5475063590227,0.8973149163980931,1212
7784,1220.5475063590227,0.8973149163980931,1212
7785,1220.5475063590227,0.8973149163980931,1212
7786,1220.5475063590227,0.8973149163980931,1212
7787,1216.1509611119216,0.9020787949072369,1208
7788,1216.1509611119216,0.9020787949072369,1208
7789,1216.1509611119216,0.9020787949072369,1208
7790,1216.1509611119216,0.9020787949072369,1208
7791,1224.3486555699694,0.8997038014179564,1216
7792,1224.3486555699694,0.8997038014179564,1216
7793,1224.3486555699694,0.8997038014179564,1216
7794,1224.3486555699694,0.8997038014179564,1216
7795,1224.3486555699694,0.8997038014179564,1216
7796,1224.3486555699694,0.8997038014179564,1216
7797,1224.3486555699694,0.8997038014179564,1216
7798,1224.3486555699694,0.8997038014179564,1216
7799,1224.3486555699694,0.8997038014179564,1216
7800,1224.3486555699694,0.8997038014179564,1216
7801,1224.3486555699694,0.8997038014179564,1216
7802,1224.3486555699694,0.8997038014179564,1216
7803,1224.3486555699694,0.8997038014179564,1216
7804,1224.3486555699694,0.8997038014179564,1216
7805,1222.4477237511126,0.8985136502749564,1214
7806,1222.4477237511126,0.8985136502749564,1214
7807,1222.4477237511126,0.8985136502749564,1214
7808,1222.4477237511126,0.8985136502749564,1214
7809,1222.4477237511126,0.8985136502749564,1214
7810,1222.4477237511126,0.8985136502749564,1214
7811,1222.4477237511126,0.8985136502749564,1214
7812,1222.4477237511126,0.8985136502749564,1214
7813,1222.4477237511126,0.8985136502749564,1214
7814,1222.4477237511126,0.8985136502749564,1214
7815,1222.4477237511126,0.8985136502749564,1214
7816,1222.4477237511126,0.8985136502749564,1214
7817,1222.4477237511126,0.8985136502749564,1214
7818,1222.4477237511126,0.8985136502749564,1214
7819,1222.4477237511126,0.8985136502749564,1214
7820,1222.4477237511126,0.8985136502749564,1214
7821,1222.4477237511126,0.8985136502749564,1214
7822,1217.6985226282738,0.8955006892326544,1209
7823,1217.6985226282738,0.8955006892326544,1209
7824,1217.6985226282738,0.8955006892326544,1209
7825,1217.6985226282738,0.8955006892326544,1209
7826,1217.6985226282738,0.8955006892326544,1209
7827,1217.6985226282738,0.8955006892326544,1209
7828,1217.6985226282738,0.8955006892326544,1209
7829,1217.6985226282738,0.8955006892326544,1209
7830,1217.6985226282738,0.8955006892326544,1209
7831,1217.6985226282738,0.8955006892326544,1209
7832,1217.6985226282738,0.8955006892326544,1209
7833,1217.6985226282738,0.8955006892326544,1209
7834,1217.6985226282738,0.8955006892326544,1209
7835,1217.6985226282738,0.8955006892326544,1209
7836,1217.6985226282738,0.8955006892326544,1209
7837,1217.6985226282738,0.8955006892326544,1209
7838,1217.6985226282738,0.8955006892326544,1209
7839,1217.6985226282738,0.8955006892326544,1209
7840,1217.6985226282738,0.8955006892326544,1209
7841,1217.6985226282738,0.8955006892326544,1209
7842,1217.6985226282738,0.8955006892326544,1209
7843,1217.6985226282738,0.8955006892326544,1209
7844,1217.6985226282738,0.8955006892326544,1209
7845,1217.6985226282738,0.8955006892326544,1209
7846,1217.6985226282738,0.8955006892326544,1209
7847,1217.6985226282738,0.8955006892326544,1209
7848,1217.6985226282738,0.8955006892326544,1209
7849,1217.6985226282738,0.8955006892326544,1209
7850,1217.6985226282738,0.8955006892326544,1209
7851,1217.6985226282738,0.8955006892326544,1209
7852,1217.6985226282738,0.8955006892326544,1209
7853,1217.6985226282738,0.8955006892326544,1209
7854,1217.6985226282738,0.8955006892326544,1209
7855,1217.6985226282738,0.8955006892326544,1209
7856,1217.6985226282738,0.8955006892326544,1209
7857,1217.6985226282738,0.8955006892326544,1209
7858,1217.6985226282738,0.8955006892326544,1209
7859,1217.6985226282738,0.8955006892326544,1209
7860,1217.6985226282738,0.8955006892326544,1209
7861,1217.6985226282738,0.8955006892326544,1209
7862,1217.6985226282738,0.8955006892326544,1209
7863,1217.6985226282738,0.8955006892326544,1209
7864,1217.6985226282738,0.8955006892326544,1209
7865,1217.6985226282738,0.8955006892326544,1209
7866,1217.6985226282738,0.8955006892326544,1209
7867,1217.6985226282738,0.8955006892326544,1209
7868,1217.6985226282738,0.8955006892326544,1209
7869,1217.6985226282738,0.8955006892326544,1209
7870,1217.6985226282738,0.8955006892326544,1209
7871,1217.6985226282738,0.8955006892326544,1209
7872,1217.6985226282738,0.8955006892326544,1209
7873,1217.6985226282738,0.8955006892326544,1209
7874,1217.6985226282738,0.8955006892326544,1209
7875,1217.6985226282738,0.8955006892326544,1209
7876,1217.6985226282738,0.8955006892326544,1209
7877,1217.6985226282738,0.8955006892326544,1209
7878,1217.6985226282738,0.8955006892326544,1209
7879,1217.6985226282738,0.8955006892326544,1209
7880,1217.6985226282738,0.8955006892326544,1209
7881,1217.6985226282738,0.8955006892326544,1209
7882,1217.6985226282738,0.8955006892326544,1209
7883,1217.6985226282738,0.8955006892326544,1209
7884,1217.6985226282738,0.8955006892326544,1209
7885,1217.6985226282738,0.8955006892326544,1209
7886,1217.6985226282738,0.8955006892326544,1209
7887,1217.6985226282738,0.8955006892326544,1209
7888,1217.6985226282738,0.8955006892326544,1209
7889,1217.6985226282738,0.8955006892326544,1209
7890,1217.6985226282738,0.8955006892326544,1209
7891,1221.4975256705216,0.8979153571537546,1213
7892,1221.4975256705216,0.8979153571537546,1213
7893,1221.4975256705216,0.8979153571537546,1213
7894,1221.4975256705216,0.8979153571537546,1213
7895,1221.4975256705216,0.8979153571537546,1213
7896,1219.299267101717,0.9002971275622648,1211
7897,1219.299267101717,0.9002971275622648,1211
7898,1219.299267101717,0.9002971275622648,1211
7899,1219.299267101717,0.9002971275622648,1211
7900,1219.299267101717,0.9002971275622648,1211
7901,1219.299267101717,0.9002971275622648,1211
7902,1219.299267101717,0.9002971275622648,1211
7903,1219.299267101717,0.9002971275622648,1211
7904,1219.299267101717,0.9002971275622648,1211
7905,1219.299267101717,0.9002971275622648,1211
7906,1219.299267101717,0.9002971275622648,1211
7907,1234.5314363697655,0.9095214275616837,1227
7908,1234.5314363697655,0.9095214275616837,1227
7909,1234.5314363697655,0.9095214275616837,1227
7910,1234.5314363697655,0.9095214275616837,1227
7911,1234.5314363697655,0.9095214275616837,1227
7912,1234.5314363697655,0.9095214275616837,1227
7913,1234.5314363697655,0.9095214275616837,1227
7914,1234.5314363697655,0.9095214275616837,1227
7915,1234.5314363697655,0.9095214275616837,1227
7916,1234.5314363697655,0.9095214275616837,1227
7917,1253.6352166836914,0.9202881224928952,1247
7918,1253.6352166836914,0.9202881224928952,1247
7919,1253.6352166836914,0.9202881224928952,1247
7920,1253.6352166836914,0.9202881224928952,1247
7921,1253.6352166836914,0.9202881224928952,1247
7922,1253.6352166836914,0.9202881224928952,1247
7923,1253.6352166836914,0.9202881224928952,1247
7924,1253.6352166836914,0.9202881224928952,1247
7925,1253.6352166836914,0.9202881224928952,1247
7926,1253.6352166836914,0.9202881224928952,1247
7927,1253.6352166836914,0.9202881224928952,1247
7928,1253.6352166836914,0.9202881224928952,1247
7929,1253.6352166836914,0.9202881224928952,1247
7930,1253.6352166836914,0.9202881224928952,1247
7931,1253.6352166836914,0.9202881224928952,1247
7932,1231.5836237730944,0.9209079316062659,1225
7933,1231.5836237730944,0.9209079316062659,1225
7934,1231.5836237730944,0.9209079316062659,1225
7935,1231.5836237730944,0.9209079316062659,1225
7936,1231.5836237730944,0.9209079316062659,1225
7937,1231.5836237730944,0.9209079316062659,1225
7938,1231.5836237730944,0.9209079316062659,1225
7939,1231.5836237730944,0.9209079316062659,1225
7940,1231.5836237730944,0.9209079316062659,1225
7941,1231.5836237730944,0.9209079316062659,1225
7942,1231.5836237730944,0.9209079316062659,1225
7943,1231.5836237730944,0.9209079316062659,1225
7944,1231.5836237730944,0.9209079316062659,1225
7945,1231.5836237730944,0.9209079316062659,1225
7946,1231.5836237730944,0.9209079316062659,1225
7947,1231.5836237730944,0.9209079316062659,1225
7948,1231.5836237730944,0.9209079316062659,1225
7949,1231.5836237730944,0.9209079316062659,1225
7950,1231.5836237730944,0.9209079316062659,1225
7951,1231.5836237730944,0.9209079316062659,1225
7952,1231.5836237730944,0.9209079316062659,1225
7953,1231.5836237730944,0.9209079316062659,1225
7954,1231.5836237730944,0.9209079316062659,1225
7955,1231.5836237730944,0.9209079316062659,1225
7956,1231.5836237730944,0.9209079316062659,1225
7957,1231.5836237730944,0.9209079316062659,1225
7958,1231.5836237730944,0.9209079316062659,1225
7959,1231.5836237730944,0.9209079316062659,1225
7960,1231.5836237730944,0.9209079316062659,1225
7961,1231.5836237730944,0.9209079316062659,1225
7962,1216.3054865924487,0.9122358650594831,1209
7963,1216.3054865924487,0.9122358650594831,1209
7964,1216.3054865924487,0.9122358650594831,1209
7965,1216.3054865924487,0.9122358650594831,1209
7966,1216.3054865924487,0.9122358650594831,1209
7967,1216.3054865924487,0.9122358650594831,1209
7968,1216.3054865924487,0.9122358650594831,1209
7969,1216.3054865924487,0.9122358650594831,1209
7970,1216.3054865924487,0.9122358650594831,1209
7971,1216.3054865924487,0.9122358650594831,1209
7972,1216.3054865924487,0.9122358650594831,1209
7973,1216.3054865924487,0.9122358650594831,1209
7974,1216.3054865924487,0.9122358650594831,1209
7975,1216.3054865924487,0.9122358650594831,1209
7976,1216.3054865924487,0.9122358650594831,1209
7977,1216.3054865924487,0.9122358650594831,1209
7978,1216.3054865924487,0.9122358650594831,1209
7979,1216.3054865924487,0.9122358650594831,1209
7980,1216.3054865924487,0.9122358650594831,1209
7981,1216.3054865924487,0.9122358650594831,1209
7982,1216.3054865924487,0.9122358650594831,1209
7983,1216.3054865924487,0.9122358650594831,1209
7984,1216.3054865924487,0.9122358650594831,1209
7985,1216.3054865924487,0.9122358650594831,1209
7986,1216.3054865924487,0.9122358650594831,1209
7987,1216.3054865924487,0.9122358650594831,1209
7988,1216.3054865924487,0.9122358650594831,1209
7989,1216.3054865924487,0.9122358650594831,1209
7990,1216.3054865924487,0.9122358650594831,1209
7991,1216.3054865924487,0.9122358650594831,1209
7992,1216.3054865924487,0.9122358650594831,1209
7993,1216.3054865924487,0.9122358650594831,1209
7994,1216.3054865924487,0.9122358650594831,1209
7995,1216.3054865924487,0.9122358650594831,1209
7996,1216.3054865924487,0.9122358650594831,1209
7997,1216.3054865924487,0.9122358650594831,1209
7998,1216.3054865924487,0.9122358650594831,1209
7999,1216.3054865924487,0.9122358650594831,1209
8000,1216.3054865924487,0.9122358650594831,1209
8001,1216.3054865924487,0.9122358650594831,1209
8002,1211.5406118884628,0.9094111978800715,1204
8003,1211.5406118884628,0.9094111978800715,1204
8004,1211.5406118884628,0.9094111978800715,1204
8005,1211.5406118884628,0.9094111978800715,1204
8006,1211.5406118884628,0.9094111978800715,1204
8007,1211.5406118884628,0.9094111978800715,1204
8008,1211.5406118884628,0.9094111978800715,1204
8009,1211.5406118884628,0.9094111978800715,1204
8010,1211.5406118884628,0.9094111978800715,1204
8011,1211.5406118884628,0.9094111978800715,1204
8012,1211.5406118884628,0.9094111978800715,1204
8013,1211.5406118884628,0.9094111978800715,1204
8014,1211.5406118884628,0.9094111978800715,1204
8015,1211.5406118884628,0.9094111978800715,1204
8016,1211.5406118884628,0.9094111978800715,1204
8017,1211.5406118884628,0.9094111978800715,1204
8018,1211.5406118884628,0.9094111978800715,1204
8019,1211.5406118884628,0.9094111978800715,1204
8020,1211.5406118884628,0.9094111978800715,1204
8021,1211.5406118884628,0.9094111978800715,1204
8022,1211.5406118884628,0.9094111978800715,1204
8023,1211.5406118884628,0.9094111978800715,1204
8024,1211.5406118884628,0.9094111978800715,1204
8025,1211.5406118884628,0.9094111978800715,1204
8026,1211.5406118884628,0.9094111978800715,1204
8027,1211.5406118884628,0.9094111978800715,1204
8028,1211.5406118884628,0.9094111978800715,1204
8029,1211.5406118884628,0.9094111978800715,1204
8030,1211.5406118884628,0.9094111978800715,1204
8031,1211.5406118884628,0.9094111978800715,1204
8032,1211.5406118884628,0.9094111978800715,1204
8033,1210.5159046044566,0.9097080177263727,1203
8034,1210.5159046044566,0.9097080177263727,1203
8035,1210.5159046044566,0.9097080177263727,1203
8036,1210.5159046044566,0.9097080177263727,1203
8037,1210.5159046044566,0.9097080177263727,1203
8038,1210.5159046044566,0.9097080177263727,1203
8039,1210.5159046044566,0.9097080177263727,1203
8040,1210.5159046044566,0.9097080177263727,1203
8041,1210.5159046044566,0.9097080177263727,1203
8042,1210.5159046044566,0.9097080177263727,1203
8043,1210.5159046044566,0.9097080177263727,1203
8044,1210.5159046044566,0.9097080177263727,1203
8045,1210.5159046044566,0.9097080177263727,1203
8046,1210.5159046044566,0.9097080177263727,1203
8047,1210.5159046044566,0.9097080177263727,1203
8048,1210.5159046044566,0.9097080177263727,1203
8049,1210.5159046044566,0.9097080177263727,1203
8050,1210.5159046044566,0.9097080177263727,1203
8051,1210.5159046044566,0.9097080177263727,1203
8052,1210.5159046044566,0.9097080177263727,1203
8053,1210.5159046044566,0.9097080177263727,1203
8054,1210.5159046044566,0.9097080177263727,1203
8055,1210.5159046044566,0.9097080177263727,1203
8056,1210.5159046044566,0.9097080177263727,1203
8057,1210.5159046044566,0.9097080177263727,1203
8058,1210.5159046044566,0.9097080177263727,1203
8059,1210.5159046044566,0.9097080177263727,1203
8060,1210.5159046044566,0.9097080177263727,1203
8061,1210.5159046044566,0.9097080177263727,1203
8062,1210.5159046044566,0.9097080177263727,1203
8063,1210.5159046044566,0.9097080177263727,1203
8064,1210.5159046044566,0.9097080177263727,1203
8065,1210.5159046044566,0.9097080177263727,1203
8066,1210.5159046044566,0.9097080177263727,1203
8067,1210.5159046044566,0.9097080177263727,1203
8068,1210.5159046044566,0.9097080177263727,1203
8069,1210.5159046044566,0.9097080177263727,1203
8070,1210.5159046044566,0.9097080177263727,1203
8071,1210.5159046044566,0.9097080177263727,1203
8072,1210.5159046044566,0.9097080177263727,1203
8073,1210.5159046044566,0.9097080177263727,1203
8074,1210.5159046044566,0.9097080177263727,1203
8075,1210.5159046044566,0.9097080177263727,1203
8076,1210.5159046044566,0.9097080177263727,1203
8077,1210.5159046044566,0.9097080177263727,1203
8078,1210.5159046044566,0.9097080177263727,1203
8079,1210.5159046044566,0.9097080177263727,1203
8080,1210.5159046044566,0.9097080177263727,1203
8081,1210.5159046044566,0.9097080177263727,1203
8082,1210.5159046044566,0.9097080177263727,1203
8083,1210.5159046044566,0.9097080177263727,1203
8084,1210.5159046044566,0.9097080177263727,1203
8085,1210.5159046044566,0.9097080177263727,1203
8086,1210.5159046044566,0.9097080177263727,1203
8087,1210.5159046044566,0.9097080177263727,1203
8088,1210.5159046044566,0.9097080177263727,1203
8089,1210.5159046044566,0.9097080177263727,1203
8090,1210.5159046044566,0.9097080177263727,1203
8091,1210.5159046044566,0.9097080177263727,1203
8092,1210.5159046044566,0.9097080177263727,1203
8093,1210.5159046044566,0.9097080177263727,1203
8094,1210.5159046044566,0.9097080177263727,1203
8095,1210.5159046044566,0.9097080177263727,1203
8096,1210.5159046044566,0.9097080177263727,1203
8097,1210.5159046044566,0.9097080177263727,1203
8098,1210.5159046044566,0.9097080177263727,1203
8099,1210.5159046044566,0.9097080177263727,1203
8100,1210.5159046044566,0.9097080177263727,1203
8101,1210.5159046044566,0.9097080177263727,1203
8102,1210.5159046044566,0.9097080177263727,1203
8103,1210.5159046044566,0.9097080177263727,1203
8104,1210.5159046044566,0.9097080177263727,1203
8105,1210.5159046044566,0.9097080177263727,1203
8106,1210.5159046044566,0.9097080177263727,1203
8107,1210.5159046044566,0.9097080177263727,1203
8108,1210.5159046044566,0.9097080177263727,1203
8109,1210.5159046044566,0.9097080177263727,1203
8110,1210.5159046044566,0.9097080177263727,1203
8111,1210.5159046044566,0.9097080177263727,1203
8112,1210.5159046044566,0.9097080177263727,1203
8113,1210.5159046044566,0.9097080177263727,1203
8114,1210.5159046044566,0.9097080177263727,1203
8115,1210.5159046044566,0.9097080177263727,1203
8116,1210.5159046044566,0.9097080177263727,1203
8117,1210.5159046044566,0.9097080177263727,1203
8118,1210.5159046044566,0.9097080177263727,1203
8119,1210.5159046044566,0.9097080177263727,1203
8120,1210.5159046044566,0.9097080177263727,1203
8121,1210.5159046044566,0.9097080177263727,1203
8122,1210.5159046044566,0.9097080177263727,1203
8123,1210.5159046044566,0.9097080177263727,1203
8124,1210.5159046044566,0.9097080177263727,1203
8125,1244.324,0.9,1236
8126,1244.324,0.9,1236
8127,1244.324,0.9,1236
8128,1244.324,0.9,1236
8129,1244.324,0.9,1236
8130,1244.324,0.9,1236
8131,1244.324,0.9,1236
8132,1244.324,0.9,1236
8133,1244.324,0.9,1236
8134,1244.324,0.9,1236
8135,1244.324,0.9,1236
8136,1244.324,0.9,1236
8137,1244.324,0.9,1236
8138,1244.324,0.9,1236
8139,1264.8056535461635,0.8942136767640123,1256
8140,1264.8056535461635,0.8942136767640123,1256
8141,1264.8056535461635,0.8942136767640123,1256
8142,1264.8056535461635,0.8942136767640123,1256
8143,1264.8056535461635,0.8942136767640123,1256
8144,1264.8056535461635,0.8942136767640123,1256
8145,1264.8056535461635,0.8942136767640123,1256
8146,1270.2292005739607,0.9011388686453529,1262
8147,1270.2292005739607,0.9011388686453529,1262
8148,1270.2292005739607,0.9011388686453529,1262
8149,1270.2292005739607,0.9011388686453529,1262
8150,1270.2292005739607,0.9011388686453529,1262
8151,1270.2292005739607,0.9011388686453529,1262
8152,1270.2292005739607,0.9011388686453529,1262
8153,1270.2292005739607,0.9011388686453529,1262
8154,1270.2292005739607,0.9011388686453529,1262
8155,1270.2292005739607,0.9011388686453529,1262
8156,1283.7505846435693,0.8948752445510665,1275
8157,1283.7505846435693,0.8948752445510665,1275
8158,1283.7505846435693,0.8948752445510665,1275
8159,1283.7505846435693,0.8948752445510665,1275
8160,1283.7505846435693,0.8948752445510665,1275
8161,1283.7505846435693,0.8948752445510665,1275
8162,1283.7505846435693,0.8948752445510665,1275
8163,1256.108838412521,0.9025848340638988,1248
8164,1256.108838412521,0.9025848340638988,1248
8165,1256.108838412521,0.9025848340638988,1248
8166,1256.108838412521,0.9025848340638988,1248
8167,1256.108838412521,0.9025848340638988,1248
8168,1256.108838412521,0.9025848340638988,1248
8169,1256.108838412521,0.9025848340638988,1248
8170,1256.108838412521,0.9025848340638988,1248
8171,1256.108838412521,0.9025848340638988,1248
8172,1256.108838412521,0.9025848340638988,1248
8173,1256.108838412521,0.9025848340638988,1248
8174,1256.108838412521,0.9025848340638988,1248
8175,1256.108838412521,0.9025848340638988,1248
8176,1256.108838412521,0.9025848340638988,1248
8177,1256.108838412521,0.9025848340638988,1248
8178,1256.108838412521,0.9025848340638988,1248
8179,1256.108838412521,0.9025848340638988,1248
8180,1256.108838412521,0.9025848340638988,1248
8181,1256.108838412521,0.9025848340638988,1248
8182,1256.108838412521,0.9025848340638988,1248
8183,1256.108838412521,0.9025848340638988,1248
8184,1256.108838412521,0.9025848340638988,1248
8185,1256.108838412521,0.9025848340638988,1248
8186,1256.108838412521,0.9025848340638988,1248
8187,1238.1782525021815,0.9017509310165605,1230
8188,1238.1782525021815,0.9017509310165605,1230
8189,1238.1782525021815,0.9017509310165605,1230
8190,1238.1782525021815,0.9017509310165605,1230
8191,1238.1782525021815,0.9017509310165605,1230
8192,1238.1782525021815,0.9017509310165605,1230
8193,1230.8564729889963,0.9296435248799091,1225
8194,1230.8564729889963,0.9296435248799091,1225
8195,1230.8564729889963,0.9296435248799091,1225
8196,1230.8564729889963,0.9296435248799091,1225
8197,1230.8564729889963,0.9296435248799091,1225
8198,1230.8564729889963,0.9296435248799091,1225
8199,1230.8564729889963,0.9296435248799091,1225
8200,1230.8564729889963,0.9296435248799091,1225
8201,1230.8564729889963,0.9296435248799091,1225
8202,1230.8564729889963,0.9296435248799091,1225
8203,1230.8564729889963,0.9296435248799091,1225
8204,1230.8564729889963,0.9296435248799091,1225
8205,1230.8564729889963,0.9296435248799091,1225
8206,1230.8564729889963,0.9296435248799091,1225
8207,1230.8564729889963,0.9296435248799091,1225
8208,1230.8564729889963,0.9296435248799091,1225
8209,1230.8564729889963,0.9296435248799091,1225
8210,1230.8564729889963,0.9296435248799091,1225
8211,1230.8564729889963,0.9296435248799091,1225
8212,1230.8564729889963,0.9296435248799091,1225
8213,1230.8564729889963,0.9296435248799091,1225
8214,1230.8564729889963,0.9296435248799091,1225
8215,1230.8564729889963,0.9296435248799091,1225
8216,1230.8564729889963,0.9296435248799091,1225
8217,1230.8564729889963,0.9296435248799091,1225
8218,1230.8564729889963,0.9296435248799091,1225
8219,1230.8564729889963,0.9296435248799091,1225
8220,1230.8564729889963,0.9296435248799091,1225
8221,1230.8564729889963,0.9296435248799091,1225
8222,1230.8564729889963,0.9296435248799091,1225
8223,1230.8564729889963,0.9296435248799091,1225
8224,1230.8564729889963,0.9296435248799091,1225
8225,1230.8564729889963,0.9296435248799091,1225
8226,1230.8564729889963,0.9296435248799091,1225
8227,1230.8564729889963,0.9296435248799091,1225
8228,1230.8564729889963,0.9296435248799091,1225
8229,1230.8564729889963,0.9296435248799091,1225
8230,1230.8564729889963,0.9296435248799091,1225
8231,1230.8564729889963,0.9296435248799091,1225
8232,1230.8564729889963,0.9296435248799091,1225
8233,1230.8564729889963,0.9296435248799091,1225
8234,1238.02037003716,0.9276745550557403,1232
8235,1238.02037003716,0.9276745550557403,1232
8236,1250.4952606493428,0.9339829330929521,1245
8237,1250.4952606493428,0.9339829330929521,1245
8238,1250.4952606493428,0.9339829330929521,1245
8239,1250.4952606493428,0.9339829330929521,1245
8240,1250.4952606493428,0.9339829330929521,1245
8241,1250.4952606493428,0.9339829330929521,1245
8242,1250.4952606493428,0.9339829330929521,1245
8243,1250.4952606493428,0.9339829330929521,1245
8244,1250.4952606493428,0.9339829330929521,1245
8245,1250.4952606493428,0.9339829330929521,1245
8246,1228.444645891511,0.9225775361423453,1222
8247,1228.444645891511,0.9225775361423453,1222
8248,1228.444645891511,0.9225775361423453,1222
8249,1228.444645891511,0.9225775361423453,1222
8250,1228.444645891511,0.9225775361423453,1222
8251,1228.444645891511,0.9225775361423453,1222
8252,1228.444645891511,0.9225775361423453,1222
8253,1228.444645891511,0.9225775361423453,1222
8254,1228.444645891511,0.9225775361423453,1222
8255,1228.444645891511,0.9225775361423453,1222
8256,1228.444645891511,0.9225775361423453,1222
8257,1228.444645891511,0.9225775361423453,1222
8258,1228.444645891511,0.9225775361423453,1222
8259,1228.444645891511,0.9225775361423453,1222
8260,1228.444645891511,0.9225775361423453,1222
8261,1228.444645891511,0.9225775361423453,1222
8262,1228.444645891511,0.9225775361423453,1222
8263,1228.444645891511,0.9225775361423453,1222
8264,1228.444645891511,0.9225775361423453,1222
8265,1228.444645891511,0.9225775361423453,1222
8266,1228.444645891511,0.9225775361423453,1222
8267,1228.444645891511,0.9225775361423453,1222
8268,1228.444645891511,0.9225775361423453,1222
8269,1228.444645891511,0.9225775361423453,1222
8270,1228.444645891511,0.9225775361423453,1222
8271,1228.444645891511,0.9225775361423453,1222
8272,1228.444645891511,0.9225775361423453,1222
8273,1228.444645891511,0.9225775361423453,1222
8274,1228.444645891511,0.9225775361423453,1222
8275,1228.444645891511,0.9225775361423453,1222
8276,1228.444645891511,0.9225775361423453,1222
8277,1228.444645891511,0.9225775361423453,1222
8278,1228.444645891511,0.9225775361423453,1222
8279,1244.3574977642252,0.923624486253902,1238
8280,1244.3574977642252,0.923624486253902,1238
8281,1244.3574977642252,0.923624486253902,1238
8282,1244.3574977642252,0.923624486253902,1238
8283,1244.3574977642252,0.923624486253902,1238
8284,1244.3574977642252,0.923624486253902,1238
8285,1244.3574977642252,0.923624486253902,1238
8286,1244.3574977642252,0.923624486253902,1238
8287,1199.551464782496,0.897267362055551,1191
8288,1199.551464782496,0.897267362055551,1191
8289,1199.551464782496,0.897267362055551,1191
8290,1199.551464782496,0.897267362055551,1191
8291,1199.551464782496,0.897267362055551,1191
8292,1199.551464782496,0.897267362055551,1191
8293,1199.551464782496,0.897267362055551,1191
8294,1199.551464782496,0.897267362055551,1191
8295,1199.551464782496,0.897267362055551,1191
8296,1199.551464782496,0.897267362055551,1191
8297,1199.551464782496,0.897267362055551,1191
8298,1199.551464782496,0.897267362055551,1191
8299,1199.551464782496,0.897267362055551,1191
8300,1199.551464782496,0.897267362055551,1191
8301,1199.551464782496,0.897267362055551,1191
8302,1199.551464782496,0.897267362055551,1191
8303,1199.551464782496,0.897267362055551,1191
8304,1199.551464782496,0.897267362055551,1191
8305,1199.551464782496,0.897267362055551,1191
8306,1199.551464782496,0.897267362055551,1191
8307,1199.551464782496,0.897267362055551,1191
8308,1199.551464782496,0.897267362055551,1191
8309,1199.551464782496,0.897267362055551,1191
8310,1199.551464782496,0.897267362055551,1191
8311,1199.551464782496,0.897267362055551,1191
8312,1199.551464782496,0.897267362055551,1191
8313,1199.551464782496,0.897267362055551,1191
8314,1199.551464782496,0.897267362055551,1191
8315,1199.551464782496,0.897267362055551,1191
8316,1199.551464782496,0.897267362055551,1191
8317,1199.551464782496,0.897267362055551,1191
8318,1199.551464782496,0.897267362055551,1191
8319,1199.551464782496,0.897267362055551,1191
8320,1199.551464782496,0.897267362055551,1191
8321,1199.551464782496,0.897267362055551,1191
8322,1199.551464782496,0.897267362055551,1191
8323,1199.551464782496,0.897267362055551,1191
8324,1199.551464782496,0.897267362055551,1191
8325,1199.551464782496,0.897267362055551,1191
8326,1199.551464782496,0.897267362055551,1191
8327,1199.551464782496,0.897267362055551,1191
8328,1199.551464782496,0.897267362055551,1191
8329,1199.551464782496,0.897267362055551,1191
8330,1199.551464782496,0.897267362055551,1191
8331,1199.551464782496,0.897267362055551,1191
8332,1199.551464782496,0.897267362055551,1191
8333,1199.551464782496,0.897267362055551,1191
8334,1199.551464782496,0.897267362055551,1191
8335,1199.551464782496,0.897267362055551,1191
8336,1199.551464782496,0.897267362055551,1191
8337,1199.551464782496,0.897267362055551,1191
8338,1199.551464782496,0.897267362055551,1191
8339,1199.551464782496,0.897267362055551,1191
8340,1199.551464782496,0.897267362055551,1191
8341,1199.551464782496,0.897267362055551,1191
8342,1199.551464782496,0.897267362055551,1191
8343,1199.551464782496,0.897267362055551,1191
8344,1199.551464782496,0.897267362055551,1191
8345,1199.551464782496,0.897267362055551,1191
8346,1199.551464782496,0.897267362055551,1191
8347,1199.551464782496,0.897267362055551,1191
8348,1199.551464782496,0.897267362055551,1191
8349,1199.551464782496,0.897267362055551,1191
8350,1199.551464782496,0.897267362055551,1191
8351,1199.551464782496,0.897267362055551,1191
8352,1199.551464782496,0.897267362055551,1191
8353,1199.551464782496,0.897267362055551,1191
8354,1199.551464782496,0.897267362055551,1191
8355,1199.551464782496,0.897267362055551,1191
8356,1199.551464782496,0.897267362055551,1191
8357,1199.551464782496,0.897267362055551,1191
8358,1199.551464782496,0.897267362055551,1191
8359,1199.551464782496,0.897267362055551,1191
8360,1199.551464782496,0.897267362055551,1191
8361,1199.551464782496,0.897267362055551,1191
8362,1199.551464782496,0.897267362055551,1191
8363,1199.551464782496,0.897267362055551,1191
8364,1199.551464782496,0.897267362055551,1191
8365,1199.551464782496,0.897267362055551,1191
8366,1199.551464782496,0.897267362055551,1191
8367,1199.551464782496,0.897267362055551,1191
8368,1199.551464782496,0.897267362055551,1191
8369,1199.551464782496,0.897267362055551,1191
8370,1199.551464782496,0.897267362055551,1191
8371,1199.551464782496,0.897267362055551,1191
8372,1199.551464782496,0.897267362055551,1191
8373,1199.551464782496,0.897267362055551,1191
8374,1199.551464782496,0.897267362055551,1191
8375,1199.551464782496,0.897267362055551,1191
8376,1199.551464782496,0.897267362055551,1191
8377,1199.551464782496,0.897267362055551,1191
8378,1199.551464782496,0.897267362055551,1191
8379,1199.551464782496,0.897267362055551,1191
8380,1199.551464782496,0.897267362055551,1191
8381,1199.551464782496,0.897267362055551,1191
8382,1199.551464782496,0.897267362055551,1191
8383,1199.551464782496,0.897267362055551,1191
8384,1199.551464782496,0.897267362055551,1191
8385,1199.551464782496,0.897267362055551,1191
8386,1199.551464782496,0.897267362055551,1191
8387,1201.4499070357629,0.8984874214829077,1193
8388,1201.4499070357629,0.8984874214829077,1193
8389,1201.4499070357629,0.8984874214829077,1193
8390,1201.4499070357629,0.8984874214829077,1193
8391,1201.4499070357629,0.8984874214829077,1193
8392,1201.4499070357629,0.8984874214829077,1193
8393,1201.4499070357629,0.8984874214829077,1193
8394,1201.4499070357629,0.8984874214829077,1193
8395,1201.4499070357629,0.8984874214829077,1193
8396,1201.4499070357629,0.8984874214829077,1193
8397,1201.4499070357629,0.8984874214829077,1193
8398,1201.4499070357629,0.8984874214829077,1193
8399,1201.4499070357629,0.8984874214829077,1193
8400,1201.4499070357629,0.8984874214829077,1193
8401,1201.4499070357629,0.8984874214829077,1193
8402,1201.4499070357629,0.8984874214829077,1193
8403,1201.4499070357629,0.8984874214829077,1193
8404,1201.4499070357629,0.8984874214829077,1193
8405,1201.4499070357629,0.8984874214829077,1193
8406,1201.4499070357629,0.8984874214829077,1193
8407,1201.4499070357629,0.8984874214829077,1193
8408,1201.4499070357629,0.8984874214829077,1193
8409,1201.4499070357629,0.8984874214829077,1193
8410,1201.4499070357629,0.8984874214829077,1193
8411,1201.4499070357629,0.8984874214829077,1193
8412,1201.4499070357629,0.8984874214829077,1193
8413,1201.4499070357629,0.8984874214829077,1193
8414,1201.4499070357629,0.8984874214829077,1193
8415,1201.4499070357629,0.8984874214829077,1193
8416,1201.4499070357629,0.8984874214829077,1193
8417,1201.4499070357629,0.8984874214829077,1193
8418,1201.4499070357629,0.8984874214829077,1193
8419,1201.4499070357629,0.8984874214829077,1193
8420,1201.4499070357629,0.8984874214829077,1193
8421,1201.4499070357629,0.8984874214829077,1193
8422,1201.4499070357629,0.8984874214829077,1193
8423,1201.4499070357629,0.8984874214829077,1193
8424,1201.4499070357629,0.8984874214829077,1193
8425,1201.4499070357629,0.8984874214829077,1193
8426,1201.4499070357629,0.8984874214829077,1193
8427,1201.4499070357629,0.8984874214829077,1193
8428,1201.4499070357629,0.8984874214829077,1193
8429,1201.4499070357629,0.8984874214829077,1193
8430,1201.4499070357629,0.8984874214829077,1193
8431,1201.4499070357629,0.8984874214829077,1193
8432,1201.4499070357629,0.8984874214829077,1193
8433,1201.4499070357629,0.8984874214829077,1193
8434,1201.4499070357629,0.8984874214829077,1193
8435,1201.4499070357629,0.8984874214829077,1193
8436,1201.4499070357629,0.8984874214829077,1193
8437,1201.4499070357629,0.8984874214829077,1193
8438,1201.4499070357629,0.8984874214829077,1193
8439,1201.4499070357629,0.8984874214829077,1193
8440,1201.4499070357629,0.8984874214829077,1193
8441,1201.4499070357629,0.8984874214829077,1193
8442,1201.4499070357629,0.8984874214829077,1193
8443,1201.4499070357629,0.8984874214829077,1193
8444,1201.4499070357629,0.8984874214829077,1193
8445,1201.4499070357629,0.8984874214829077,1193
8446,1201.4499070357629,0.8984874214829077,1193
8447,1201.4499070357629,0.8984874214829077,1193
8448,1201.4499070357629,0.8984874214829077,1193
8449,1201.4499070357629,0.8984874214829077,1193
8450,1201.4499070357629,0.8984874214829077,1193
8451,1201.4499070357629,0.8984874214829077,1193
8452,1201.4499070357629,0.8984874214829077,1193
8453,1201.4499070357629,0.8984874214829077,1193
8454,1201.4499070357629,0.8984874214829077,1193
8455,1201.4499070357629,0.8984874214829077,1193
8456,1201.4499070357629,0.8984874214829077,1193
8457,1201.4499070357629,0.8984874214829077,1193
8458,1201.4499070357629,0.8984874214829077,1193
8459,1201.4499070357629,0.8984874214829077,1193
8460,1201.4499070357629,0.8984874214829077,1193
8461,1201.4499070357629,0.8984874214829077,1193
8462,1201.4499070357629,0.8984874214829077,1193
8463,1201.4499070357629,0.8984874214829077,1193
8464,1201.4499070357629,0.8984874214829077,1193
8465,1201.4499070357629,0.8984874214829077,1193
8466,1201.4499070357629,0.8984874214829077,1193
8467,1201.4499070357629,0.8984874214829077,1193
8468,1201.4499070357629,0.8984874214829077,1193
8469,1201.4499070357629,0.8984874214829077,1193
8470,1201.4499070357629,0.8984874214829077,1193
8471,1201.4499070357629,0.8984874214829077,1193
8472,1201.4499070357629,0.8984874214829077,1193
8473,1201.4499070357629,0.8984874214829077,1193
8474,1201.4499070357629,0.8984874214829077,1193
8475,1197.4050443964,0.8870129217155212,1188
8476,1197.4050443964,0.8870129217155212,1188
8477,1197.4050443964,0.8870129217155212,1188
8478,1197.4050443964,0.8870129217155212,1188
8479,1197.4050443964,0.8870129217155212,1188
8480,1197.4050443964,0.8870129217155212,1188
8481,1197.4050443964,0.8870129217155212,1188
8482,1197.4050443964,0.8870129217155212,1188
8483,1197.4050443964,0.8870129217155212,1188
8484,1197.4050443964,0.8870129217155212,1188
8485,1197.4050443964,0.8870129217155212,1188
8486,1197.4050443964,0.8870129217155212,1188
8487,1197.4050443964,0.8870129217155212,1188
8488,1197.4050443964,0.8870129217155212,1188
8489,1197.4050443964,0.8870129217155212,1188
8490,1197.4050443964,0.8870129217155212,1188
8491,1197.4050443964,0.8870129217155212,1188
8492,1197.4050443964,0.8870129217155212,1188
8493,1197.4050443964,0.8870129217155212,1188
8494,1197.4050443964,0.8870129217155212,1188
8495,1197.4050443964,0.8870129217155212,1188
8496,1197.4050443964,0.8870129217155212,1188
8497,1197.4050443964,0.8870129217155212,1188
8498,1197.4050443964,0.8870129217155212,1188
8499,1197.4050443964,0.8870129217155212,1188
8500,1197.4050443964,0.8870129217155212,1188
8501,1197.4050443964,0.8870129217155212,1188
8502,1197.4050443964,0.8870129217155212,1188
8503,1197.4050443964,0.8870129217155212,1188
8504,1176.8745443709795,0.8693591497960176,1166
8505,1176.8745443709795,0.8693591497960176,1166
8506,1176.8745443709795,0.8693591497960176,1166
8507,1176.8745443709795,0.8693591497960176,1166
8508,1176.8745443709795,0.8693591497960176,1166
8509,1176.8745443709795,0.8693591497960176,1166
8510,1176.8745443709795,0.8693591497960176,1166
8511,1176.8745443709795,0.8693591497960176,1166
8512,1176.8745443709795,0.8693591497960176,1166
8513,1179.95126736003,0.8684374416142492,1169
8514,1179.95126736003,0.8684374416142492,1169
8515,1179.95126736003,0.8684374416142492,1169
8516,1179.95126736003,0.8684374416142492,1169
8517,1179.95126736003,0.8684374416142492,1169
8518,1179.95126736003,0.8684374416142492,1169
8519,1179.95126736003,0.8684374416142492,1169
8520,1179.95126736003,0.8684374416142492,1169
8521,1179.95126736003,0.8684374416142492,1169
8522,1179.95126736003,0.8684374416142492,1169
8523,1179.95126736003,0.8684374416142492,1169
8524,1179.95126736003,0.8684374416142492,1169
8525,1179.95126736003,0.8684374416142492,1169
8526,1179.95126736003,0.8684374416142492,1169
8527,1179.95126736003,0.8684374416142492,1169
8528,1179.95126736003,0.8684374416142492,1169
8529,1179.95126736003,0.8684374416142492,1169
8530,1179.95126736003,0.8684374416142492,1169
8531,1179.95126736003,0.8684374416142492,1169
8532,1179.95126736003,0.8684374416142492,1169
8533,1179.95126736003,0.8684374416142492,1169
8534,1179.95126736003,0.8684374416142492,1169
8535,1179.95126736003,0.8684374416142492,1169
8536,1179.95126736003,0.8684374416142492,1169
8537,1179.95126736003,0.8684374416142492,1169
8538,1179.95126736003,0.8684374416142492,1169
8539,1179.95126736003,0.8684374416142492,1169
8540,1179.95126736003,0.8684374416142492,1169
8541,1179.95126736003,0.8684374416142492,1169
8542,1179.95126736003,0.8684374416142492,1169
8543,1179.95126736003,0.8684374416142492,1169
8544,1179.95126736003,0.8684374416142492,1169
8545,1179.95126736003,0.8684374416142492,1169
8546,1179.95126736003,0.8684374416142492,1169
8547,1179.95126736003,0.8684374416142492,1169
8548,1179.95126736003,0.8684374416142492,1169
8549,1179.95126736003,0.8684374416142492,1169
8550,1179.95126736003,0.8684374416142492,1169
8551,1179.95126736003,0.8684374416142492,1169
8552,1179.95126736003,0.8684374416142492,1169
8553,1183.0277433387985,0.8675187008794024,1172
8554,1183.0277433387985,0.8675187008794024,1172
8555,1183.0277433387985,0.8675187008794024,1172
8556,1183.0277433387985,0.8675187008794024,1172
8557,1183.0277433387985,0.8675187008794024,1172
8558,1183.0277433387985,0.8675187008794024,1172
8559,1183.0277433387985,0.8675187008794024,1172
8560,1183.0277433387985,0.8675187008794024,1172
8561,1183.0277433387985,0.8675187008794024,1172
8562,1183.0277433387985,0.8675187008794024,1172
8563,1183.0277433387985,0.8675187008794024,1172
8564,1183.0277433387985,0.8675187008794024,1172
8565,1183.0277433387985,0.8675187008794024,1172
8566,1183.0277433387985,0.8675187008794024,1172
8567,1183.0277433387985,0.8675187008794024,1172
8568,1183.0277433387985,0.8675187008794024,1172
8569,1183.0277433387985,0.8675187008794024,1172
8570,1183.0277433387985,0.8675187008794024,1172
8571,1183.0277433387985,0.8675187008794024,1172
8572,1183.0277433387985,0.8675187008794024,1172
8573,1183.0277433387985,0.8675187008794024,1172
8574,1183.0277433387985,0.8675187008794024,1172
8575,1183.0277433387985,0.8675187008794024,1172
8576,1183.0277433387985,0.8675187008794024,1172
8577,1183.0277433387985,0.8675187008794024,1172
8578,1183.0277433387985,0.8675187008794024,1172
8579,1184.0531803278689,0.8672131147540983,1173
8580,1184.0531803278689,0.8672131147540983,1173
8581,1184.0531803278689,0.8672131147540983,1173
8582,1184.0531803278689,0.8672131147540983,1173
8583,1184.0531803278689,0.8672131147540983,1173
8584,1184.0531803278689,0.8672131147540983,1173
8585,1184.0531803278689,0.8672131147540983,1173
8586,1184.0531803278689,0.8672131147540983,1173
8587,1184.0531803278689,0.8672131147540983,1173
8588,1184.0531803278689,0.8672131147540983,1173
8589,1184.0531803278689,0.8672131147540983,1173
8590,1184.0531803278689,0.8672131147540983,1173
8591,1184.0531803278689,0.8672131147540983,1173
8592,1184.0531803278689,0.8672131147540983,1173
8593,1184.0531803278689,0.8672131147540983,1173
8594,1184.0531803278689,0.8672131147540983,1173
8595,1184.0531803278689,0.8672131147540983,1173
8596,1184.0531803278689,0.8672131147540983,1173
8597,1184.0531803278689,0.8672131147540983,1173
8598,1184.0531803278689,0.8672131147540983,1173
8599,1184.0531803278689,0.8672131147540983,1173
8600,1184.0531803278689,0.8672131147540983,1173
8601,1184.0531803278689,0.8672131147540983,1173
8602,1184.0531803278689,0.8672131147540983,1173
8603,1184.0531803278689,0.8672131147540983,1173
8604,1184.0531803278689,0.8672131147540983,1173
8605,1184.0531803278689,0.8672131147540983,1173
8606,1184.0531803278689,0.8672131147540983,1173
8607,1184.0531803278689,0.8672131147540983,1173
8608,1184.0531803278689,0.8672131147540983,1173
8609,1184.0531803278689,0.8672131147540983,1173
8610,1184.0531803278689,0.8672131147540983,1173
8611,1184.0531803278689,0.8672131147540983,1173
8612,1184.0531803278689,0.8672131147540983,1173
8613,1184.0531803278689,0.8672131147540983,1173
8614,1184.0531803278689,0.8672131147540983,1173
8615,1184.0531803278689,0.8672131147540983,1173
8616,1184.0531803278689,0.8672131147540983,1173
8617,1184.0531803278689,0.8672131147540983,1173
8618,1184.0531803278689,0.8672131147540983,1173
8619,1184.0531803278689,0.8672131147540983,1173
8620,1184.0531803278689,0.8672131147540983,1173
8621,1184.0531803278689,0.8672131147540983,1173
8622,1184.0531803278689,0.8672131147540983,1173
8623,1184.0531803278689,0.8672131147540983,1173
8624,1184.0531803278689,0.8672131147540983,1173
8625,1184.0531803278689,0.8672131147540983,1173
8626,1184.0531803278689,0.8672131147540983,1173
8627,1184.0531803278689,0.8672131147540983,1173
8628,1184.0531803278689,0.8672131147540983,1173
8629,1184.0531803278689,0.8672131147540983,1173
8630,1184.0531803278689,0.8672131147540983,1173
8631,1184.0531803278689,0.8672131147540983,1173
8632,1184.0531803278689,0.8672131147540983,1173
8633,1184.0531803278689,0.8672131147540983,1173
8634,1184.0531803278689,0.8672131147540983,1173
8635,1184.0531803278689,0.8672131147540983,1173
8636,1184.0531803278689,0.8672131147540983,1173
8637,1184.0531803278689,0.8672131147540983,1173
8638,1184.0531803278689,0.8672131147540983,1173
8639,1184.0531803278689,0.8672131147540983,1173
8640,1184.0531803278689,0.8672131147540983,1173
8641,1184.0531803278689,0.8672131147540983,1173
8642,1184.0531803278689,0.8672131147540983,1173
8643,1184.0531803278689,0.8672131147540983,1173
8644,1184.0531803278689,0.8672131147540983,1173
8645,1184.0531803278689,0.8672131147540983,1173
8646,1184.0531803278689,0.8672131147540983,1173
8647,1184.0531803278689,0.8672131147540983,1173
8648,1184.0531803278689,0.8672131147540983,1173
8649,1184.0531803278689,0.8672131147540983,1173
8650,1184.0531803278689,0.8672131147540983,1173
8651,1184.0531803278689,0.8672131147540983,1173
8652,1184.0531803278689,0.8672131147540983,1173
8653,1184.0531803278689,0.8672131147540983,1173
8654,1184.0531803278689,0.8672131147540983,1173
8655,1184.0531803278689,0.8672131147540983,1173
8656,1184.0531803278689,0.8672131147540983,1173
8657,1184.0531803278689,0.8672131147540983,1173
8658,1184.0531803278689,0.8672131147540983,1173
8659,1184.0531803278689,0.8672131147540983,1173
8660,1184.0531803278689,0.8672131147540983,1173
8661,1184.0531803278689,0.8672131147540983,1173
8662,1184.0531803278689,0.8672131147540983,1173
8663,1184.0531803278689,0.8672131147540983,1173
8664,1184.0531803278689,0.8672131147540983,1173
8665,1184.0531803278689,0.8672131147540983,1173
8666,1184.0531803278689,0.8672131147540983,1173
8667,1184.0531803278689,0.8672131147540983,1173
8668,1184.0531803278689,0.8672131147540983,1173
8669,1184.0531803278689,0.8672131147540983,1173
8670,1184.0531803278689,0.8672131147540983,1173
8671,1184.0531803278689,0.8672131147540983,1173
8672,1184.0531803278689,0.8672131147540983,1173
8673,1184.0531803278689,0.8672131147540983,1173
8674,1184.0531803278689,0.8672131147540983,1173
8675,1184.0531803278689,0.8672131147540983,1173
8676,1184.0531803278689,0.8672131147540983,1173
8677,1184.0531803278689,0.8672131147540983,1173
8678,1184.0531803278689,0.8672131147540983,1173
8679,1184.0531803278689,0.8672131147540983,1173
8680,1184.0531803278689,0.8672131147540983,1173
8681,1184.0531803278689,0.8672131147540983,1173
8682,1184.0531803278689,0.8672131147540983,1173
8683,1184.0531803278689,0.8672131147540983,1173
8684,1184.0531803278689,0.8672131147540983,1173
8685,1184.0531803278689,0.8672131147540983,1173
8686,1184.0531803278689,0.8672131147540983,1173
8687,1184.0531803278689,0.8672131147540983,1173
8688,1184.0531803278689,0.8672131147540983,1173
8689,1184.0531803278689,0.8672131147540983,1173
8690,1184.0531803278689,0.8672131147540983,1173
8691,1184.0531803278689,0.8672131147540983,1173
8692,1184.0531803278689,0.8672131147540983,1173
8693,1184.0531803278689,0.8672131147540983,1173
8694,1184.0531803278689,0.8672131147540983,1173
8695,1184.0531803278689,0.8672131147540983,1173
8696,1184.0531803278689,0.8672131147540983,1173
8697,1184.0531803278689,0.8672131147540983,1173
8698,1184.0531803278689,0.8672131147540983,1173
8699,1184.0531803278689,0.8672131147540983,1173
8700,1184.0531803278689,0.8672131147540983,1173
8701,1184.0531803278689,0.8672131147540983,1173
8702,1184.0531803278689,0.8672131147540983,1173
8703,1184.0531803278689,0.8672131147540983,1173
8704,1184.0531803278689,0.8672131147540983,1173
8705,1184.0531803278689,0.8672131147540983,1173
8706,1187.1293259668507,0.8662983425414365,1176
8707,1187.1293259668507,0.8662983425414365,1176
8708,1187.1293259668507,0.8662983425414365,1176
8709,1195.2479380089828,0.8648734021025616,1184
8710,1195.2479380089828,0.8648734021025616,1184
8711,1195.2479380089828,0.8648734021025616,1184
8712,1195.2479380089828,0.8648734021025616,1184
8713,1195.2479380089828,0.8648734021025616,1184
8714,1195.2479380089828,0.8648734021025616,1184
8715,1195.2479380089828,0.8648734021025616,1184
8716,1195.2479380089828,0.8648734021025616,1184
8717,1195.2479380089828,0.8648734021025616,1184
8718,1195.2479380089828,0.8648734021025616,1184
8719,1195.2479380089828,0.8648734021025616,1184
8720,1195.2479380089828,0.8648734021025616,1184
8721,1195.2479380089828,0.8648734021025616,1184
8722,1195.2479380089828,0.8648734021025616,1184
8723,1195.2479380089828,0.8648734021025616,1184
8724,1195.2479380089828,0.8648734021025616,1184
8725,1195.2479380089828,0.8648734021025616,1184
8726,1195.2479380089828,0.8648734021025616,1184
8727,1180.1987572193584,0.8534507782393274,1168
8728,1180.1987572193584,0.8534507782393274,1168
8729,1180.1987572193584,0.8534507782393274,1168
8730,1180.1987572193584,0.8534507782393274,1168
8731,1180.1987572193584,0.8534507782393274,1168
8732,1180.1987572193584,0.8534507782393274,1168
8733,1180.1987572193584,0.8534507782393274,1168
8734,1180.1987572193584,0.8534507782393274,1168
8735,1180.1987572193584,0.8534507782393274,1168
8736,1180.1987572193584,0.8534507782393274,1168
8737,1180.1987572193584,0.8534507782393274,1168
8738,1180.1987572193584,0.8534507782393274,1168
8739,1180.1987572193584,0.8534507782393274,1168
8740,1180.1987572193584,0.8534507782393274,1168
8741,1180.1987572193584,0.8534507782393274,1168
8742,1180.1987572193584,0.8534507782393274,1168
8743,1180.1987572193584,0.8534507782393274,1168
8744,1180.1987572193584,0.8534507782393274,1168
8745,1180.1987572193584,0.8534507782393274,1168
8746,1180.1987572193584,0.8534507782393274,1168
8747,1180.1987572193584,0.8534507782393274,1168
8748,1180.1987572193584,0.8534507782393274,1168
8749,1180.1987572193584,0.8534507782393274,1168
8750,1180.1987572193584,0.8534507782393274,1168
8751,1180.1987572193584,0.8534507782393274,1168
8752,1180.1987572193584,0.8534507782393274,1168
8753,1180.1987572193584,0.8534507782393274,1168
8754,1180.1987572193584,0.8534507782393274,1168
8755,1180.1987572193584,0.8534507782393274,1168
8756,1180.1987572193584,0.8534507782393274,1168
8757,1180.1987572193584,0.8534507782393274,1168
8758,1180.1987572193584,0.8534507782393274,1168
8759,1180.1987572193584,0.8534507782393274,1168
8760,1180.1987572193584,0.8534507782393274,1168
8761,1180.1987572193584,0.8534507782393274,1168
8762,1180.1987572193584,0.8534507782393274,1168
8763,1180.1987572193584,0.8534507782393274,1168
8764,1180.1987572193584,0.8534507782393274,1168
8765,1180.1987572193584,0.8534507782393274,1168
8766,1180.1987572193584,0.8534507782393274,1168
8767,1180.1987572193584,0.8534507782393274,1168
8768,1180.1987572193584,0.8534507782393274,1168
8769,1180.1987572193584,0.8534507782393274,1168
8770,1180.1987572193584,0.8534507782393274,1168
8771,1180.1987572193584,0.8534507782393274,1168
8772,1180.1987572193584,0.8534507782393274,1168
8773,1180.1987572193584,0.8534507782393274,1168
8774,1180.1987572193584,0.8534507782393274,1168
8775,1180.1987572193584,0.8534507782393274,1168
8776,1180.1987572193584,0.8534507782393274,1168
8777,1180.1987572193584,0.8534507782393274,1168
8778,1180.1987572193584,0.8534507782393274,1168
8779,1180.1987572193584,0.8534507782393274,1168
8780,1180.1987572193584,0.8534507782393274,1168
8781,1180.1987572193584,0.8534507782393274,1168
8782,1180.1987572193584,0.8534507782393274,1168
8783,1180.1987572193584,0.8534507782393274,1168
8784,1180.1987572193584,0.8534507782393274,1168
8785,1180.1987572193584,0.8534507782393274,1168
8786,1180.1987572193584,0.8534507782393274,1168
8787,1180.1987572193584,0.8534507782393274,1168
8788,1180.1987572193584,0.8534507782393274,1168
8789,1180.1987572193584,0.8534507782393274,1168
8790,1180.1987572193584,0.8534507782393274,1168
8791,1180.1987572193584,0.8534507782393274,1168
8792,1180.1987572193584,0.8534507782393274,1168
8793,1180.1987572193584,0.8534507782393274,1168
8794,1180.1987572193584,0.8534507782393274,1168
8795,1180.1987572193584,0.8534507782393274,1168
8796,1180.1987572193584,0.8534507782393274,1168
8797,1180.1987572193584,0.8534507782393274,1168
8798,1180.1987572193584,0.8534507782393274,1168
8799,1179.1735482560566,0.8537536249873054,1167
8800,1179.1735482560566,0.8537536249873054,1167
8801,1179.1735482560566,0.8537536249873054,1167
8802,1179.1735482560566,0.8537536249873054,1167
8803,1179.1735482560566,0.8537536249873054,1167
8804,1179.1735482560566,0.8537536249873054,1167
8805,1179.1735482560566,0.8537536249873054,1167
8806,1179.1735482560566,0.8537536249873054,1167
8807,1179.1735482560566,0.8537536249873054,1167
8808,1179.1735482560566,0.8537536249873054,1167
8809,1179.1735482560566,0.8537536249873054,1167
8810,1179.1735482560566,0.8537536249873054,1167
8811,1179.1735482560566,0.8537536249873054,1167
8812,1180.1987572193584,0.8534507782393274,1168
8813,1180.1987572193584,0.8534507782393274,1168
8814,1180.1987572193584,0.8534507782393274,1168
8815,1180.1987572193584,0.8534507782393274,1168
8816,1180.1987572193584,0.8534507782393274,1168
8817,1180.1987572193584,0.8534507782393274,1168
8818,1180.1987572193584,0.8534507782393274,1168
8819,1180.1987572193584,0.8534507782393274,1168
8820,1180.1987572193584,0.8534507782393274,1168
8821,1180.1987572193584,0.8534507782393274,1168
8822,1180.1987572193584,0.8534507782393274,1168
8823,1180.1987572193584,0.8534507782393274,1168
8824,1180.1987572193584,0.8534507782393274,1168
8825,1179.1735482560566,0.8537536249873054,1167
8826,1179.1735482560566,0.8537536249873054,1167
8827,1179.1735482560566,0.8537536249873054,1167
8828,1179.1735482560566,0.8537536249873054,1167
8829,1179.1735482560566,0.8537536249873054,1167
8830,1179.1735482560566,0.8537536249873054,1167
8831,1179.1735482560566,0.8537536249873054,1167
8832,1179.1735482560566,0.8537536249873054,1167
8833,1179.1735482560566,0.8537536249873054,1167
8834,1179.1735482560566,0.8537536249873054,1167
8835,1194.5484782703838,0.8492494201059128,1182
8836,1194.5484782703838,0.8492494201059128,1182
8837,1194.5484782703838,0.8492494201059128,1182
8838,1194.5484782703838,0.8492494201059128,1182
8839,1194.5484782703838,0.8492494201059128,1182
8840,1194.5484782703838,0.8492494201059128,1182
8841,1194.5484782703838,0.8492494201059128,1182
8842,1194.5484782703838,0.8492494201059128,1182
8843,1194.5484782703838,0.8492494201059128,1182
8844,1194.5484782703838,0.8492494201059128,1182
8845,1194.5484782703838,0.8492494201059128,1182
8846,1194.5484782703838,0.8492494201059128,1182
8847,1194.5484782703838,0.8492494201059128,1182
8848,1194.5484782703838,0.8492494201059128,1182
8849,1194.5484782703838,0.8492494201059128,1182
8850,1194.5484782703838,0.8492494201059128,1182
8851,1194.5484782703838,0.8492494201059128,1182
8852,1194.5484782703838,0.8492494201059128,1182
8853,1194.5484782703838,0.8492494201059128,1182
8854,1194.5484782703838,0.8492494201059128,1182
8855,1194.5484782703838,0.8492494201059128,1182
8856,1194.5484782703838,0.8492494201059128,1182
8857,1194.5484782703838,0.8492494201059128,1182
8858,1194.5484782703838,0.8492494201059128,1182
8859,1194.5484782703838,0.8492494201059128,1182
8860,1194.5484782703838,0.8492494201059128,1182
8861,1194.5484782703838,0.8492494201059128,1182
8862,1194.5484782703838,0.8492494201059128,1182
8863,1194.5484782703838,0.8492494201059128,1182
8864,1194.5484782703838,0.8492494201059128,1182
8865,1194.5484782703838,0.8492494201059128,1182
8866,1194.5484782703838,0.8492494201059128,1182
8867,1194.5484782703838,0.8492494201059128,1182
8868,1194.5484782703838,0.8492494201059128,1182
8869,1194.5484782703838,0.8492494201059128,1182
8870,1194.5484782703838,0.8492494201059128,1182
8871,1180.1987572193584,0.8534507782393274,1168
8872,1180.1987572193584,0.8534507782393274,1168
8873,1180.1987572193584,0.8534507782393274,1168
8874,1180.1987572193584,0.8534507782393274,1168
8875,1180.1987572193584,0.8534507782393274,1168
8876,1180.1987572193584,0.8534507782393274,1168
8877,1180.1987572193584,0.8534507782393274,1168
8878,1180.1987572193584,0.8534507782393274,1168
8879,1180.1987572193584,0.8534507782393274,1168
8880,1180.1987572193584,0.8534507782393274,1168
8881,1180.1987572193584,0.8534507782393274,1168
8882,1180.1987572193584,0.8534507782393274,1168
8883,1180.1987572193584,0.8534507782393274,1168
8884,1180.1987572193584,0.8534507782393274,1168
8885,1180.1987572193584,0.8534507782393274,1168
8886,1180.1987572193584,0.8534507782393274,1168
8887,1180.1987572193584,0.8534507782393274,1168
8888,1180.1987572193584,0.8534507782393274,1168
8889,1180.1987572193584,0.8534507782393274,1168
8890,1180.1987572193584,0.8534507782393274,1168
8891,1180.1987572193584,0.8534507782393274,1168
8892,1180.1987572193584,0.8534507782393274,1168
8893,1180.1987572193584,0.8534507782393274,1168
8894,1176.4435711344347,0.850509717270125,1164
8895,1176.4435711344347,0.850509717270125,1164
8896,1176.4435711344347,0.850509717270125,1164
8897,1176.4435711344347,0.850509717270125,1164
8898,1176.4435711344347,0.850509717270125,1164
8899,1176.4435711344347,0.850509717270125,1164
8900,1176.4435711344347,0.850509717270125,1164
8901,1176.4435711344347,0.850509717270125,1164
8902,1176.4435711344347,0.850509717270125,1164
8903,1176.4435711344347,0.850509717270125,1164
8904,1176.4435711344347,0.850509717270125,1164
8905,1176.4435711344347,0.850509717270125,1164
8906,1176.4435711344347,0.850509717270125,1164
8907,1176.4435711344347,0.850509717270125,1164
8908,1176.4435711344347,0.850509717270125,1164
8909,1176.4435711344347,0.850509717270125,1164
8910,1176.4435711344347,0.850509717270125,1164
8911,1176.4435711344347,0.850509717270125,1164
8912,1176.4435711344347,0.850509717270125,1164
8913,1176.4435711344347,0.850509717270125,1164
8914,1176.4435711344347,0.850509717270125,1164
8915,1176.4435711344347,0.850509717270125,1164
8916,1176.4435711344347,0.850509717270125,1164
8917,1176.4435711344347,0.850509717270125,1164
8918,1176.4435711344347,0.850509717270125,1164
8919,1176.4435711344347,0.850509717270125,1164
8920,1176.4435711344347,0.850509717270125,1164
8921,1176.4435711344347,0.850509717270125,1164
8922,1176.4435711344347,0.850509717270125,1164
8923,1176.4435711344347,0.850509717270125,1164
8924,1176.4435711344347,0.850509717270125,1164
8925,1176.4435711344347,0.850509717270125,1164
8926,1176.4435711344347,0.850509717270125,1164
8927,1176.4435711344347,0.850509717270125,1164
8928,1176.4435711344347,0.850509717270125,1164
8929,1176.4435711344347,0.850509717270125,1164
8930,1188.6824077568424,0.8716673743771938,1178
8931,1188.6824077568424,0.8716673743771938,1178
8932,1188.6824077568424,0.8716673743771938,1178
8933,1188.6824077568424,0.8716673743771938,1178
8934,1188.6824077568424,0.8716673743771938,1178
8935,1188.6824077568424,0.8716673743771938,1178
8936,1188.6824077568424,0.8716673743771938,1178
8937,1188.6824077568424,0.8716673743771938,1178
8938,1188.6824077568424,0.8716673743771938,1178
8939,1188.6824077568424,0.8716673743771938,1178
8940,1188.6824077568424,0.8716673743771938,1178
8941,1188.6824077568424,0.8716673743771938,1178
8942,1188.6824077568424,0.8716673743771938,1178
8943,1188.6824077568424,0.8716673743771938,1178
8944,1188.6824077568424,0.8716673743771938,1178
8945,1188.6824077568424,0.8716673743771938,1178
8946,1188.6824077568424,0.8716673743771938,1178
8947,1188.6824077568424,0.8716673743771938,1178
8948,1188.6824077568424,0.8716673743771938,1178
8949,1188.6824077568424,0.8716673743771938,1178
8950,1188.6824077568424,0.8716673743771938,1178
8951,1188.6824077568424,0.8716673743771938,1178
8952,1188.6824077568424,0.8716673743771938,1178
8953,1188.6824077568424,0.8716673743771938,1178
8954,1188.6824077568424,0.8716673743771938,1178
8955,1188.6824077568424,0.8716673743771938,1178
8956,1188.6824077568424,0.8716673743771938,1178
8957,1188.6824077568424,0.8716673743771938,1178
8958,1188.6824077568424,0.8716673743771938,1178
8959,1188.6824077568424,0.8716673743771938,1178
8960,1188.6824077568424,0.8716673743771938,1178
8961,1188.6824077568424,0.8716673743771938,1178
8962,1188.6824077568424,0.8716673743771938,1178
8963,1188.6824077568424,0.8716673743771938,1178
8964,1188.6824077568424,0.8716673743771938,1178
8965,1188.6824077568424,0.8716673743771938,1178
8966,1188.6824077568424,0.8716673743771938,1178
8967,1188.6824077568424,0.8716673743771938,1178
8968,1188.6824077568424,0.8716673743771938,1178
8969,1188.6824077568424,0.8716673743771938,1178
8970,1188.6824077568424,0.8716673743771938,1178
8971,1188.6824077568424,0.8716673743771938,1178
8972,1188.6824077568424,0.8716673743771938,1178
8973,1188.6824077568424,0.8716673743771938,1178
8974,1188.6824077568424,0.8716673743771938,1178
8975,1188.6824077568424,0.8716673743771938,1178
8976,1188.6824077568424,0.8716673743771938,1178
8977,1188.6824077568424,0.8716673743771938,1178
8978,1188.6824077568424,0.8716673743771938,1178
8979,1188.6824077568424,0.8716673743771938,1178
8980,1188.6824077568424,0.8716673743771938,1178
8981,1188.6824077568424,0.8716673743771938,1178
8982,1188.6824077568424,0.8716673743771938,1178
8983,1188.6824077568424,0.8716673743771938,1178
8984,1188.6824077568424,0.8716673743771938,1178
8985,1188.6824077568424,0.8716673743771938,1178
8986,1188.6824077568424,0.8716673743771938,1178
8987,1188.6824077568424,0.8716673743771938,1178
8988,1188.6824077568424,0.8716673743771938,1178
8989,1188.6824077568424,0.8716673743771938,1178
8990,1188.6824077568424,0.8716673743771938,1178
8991,1188.6824077568424,0.8716673743771938,1178
8992,1188.6824077568424,0.8716673743771938,1178
8993,1188.6824077568424,0.8716673743771938,1178
8994,1188.6824077568424,0.8716673743771938,1178
8995,1188.6824077568424,0.8716673743771938,1178
8996,1188.6824077568424,0.8716673743771938,1178
8997,1188.6824077568424,0.8716673743771938,1178
8998,1188.6824077568424,0.8716673743771938,1178
8999,1188.6824077568424,0.8716673743771938,1178
9000,1192.7015143334747,0.871437838377286,1182
9001,1192.7015143334747,0.871437838377286,1182
9002,1192.7015143334747,0.871437838377286,1182
9003,1192.7015143334747,0.871437838377286,1182
9004,1192.7015143334747,0.871437838377286,1182
9005,1192.7015143334747,0.871437838377286,1182
9006,1192.7015143334747,0.871437838377286,1182
9007,1192.7015143334747,0.871437838377286,1182
9008,1192.7015143334747,0.871437838377286,1182
9009,1192.7015143334747,0.871437838377286,1182
9010,1192.7015143334747,0.871437838377286,1182
9011,1192.7015143334747,0.871437838377286,1182
9012,1192.7015143334747,0.871437838377286,1182
9013,1192.7015143334747,0.871437838377286,1182
9014,1192.7015143334747,0.871437838377286,1182
9015,1192.7015143334747,0.871437838377286,1182
9016,1192.7015143334747,0.871437838377286,1182
9017,1192.7015143334747,0.871437838377286,1182
9018,1192.7015143334747,0.871437838377286,1182
9019,1192.7015143334747,0.871437838377286,1182
9020,1192.7015143334747,0.871437838377286,1182
9021,1192.7015143334747,0.871437838377286,1182
9022,1192.7015143334747,0.871437838377286,1182
9023,1192.7015143334747,0.871437838377286,1182
9024,1192.7015143334747,0.871437838377286,1182
9025,1192.7015143334747,0.871437838377286,1182
9026,1192.7015143334747,0.871437838377286,1182
9027,1192.7015143334747,0.871437838377286,1182
9028,1192.7015143334747,0.871437838377286,1182
9029,1192.7015143334747,0.871437838377286,1182
9030,1192.7015143334747,0.871437838377286,1182
9031,1192.7015143334747,0.871437838377286,1182
9032,1192.7015143334747,0.871437838377286,1182
9033,1192.7015143334747,0.871437838377286,1182
9034,1192.7015143334747,0.871437838377286,1182
9035,1192.7015143334747,0.871437838377286,1182
9036,1192.7015143334747,0.871437838377286,1182
9037,1192.7015143334747,0.871437838377286,1182
9038,1192.7015143334747,0.871437838377286,1182
9039,1192.7015143334747,0.871437838377286,1182
9040,1192.7015143334747,0.871437838377286,1182
9041,1192.7015143334747,0.871437838377286,1182
9042,1192.7015143334747,0.871437838377286,1182
9043,1192.7015143334747,0.871437838377286,1182
9044,1192.7015143334747,0.871437838377286,1182
9045,1192.7015143334747,0.871437838377286,1182
9046,1192.7015143334747,0.871437838377286,1182
9047,1192.7015143334747,0.871437838377286,1182
9048,1192.7015143334747,0.871437838377286,1182
9049,1192.7015143334747,0.871437838377286,1182
9050,1192.7015143334747,0.871437838377286,1182
9051,1192.7015143334747,0.871437838377286,1182
9052,1192.7015143334747,0.871437838377286,1182
9053,1192.7015143334747,0.871437838377286,1182
9054,1192.7015143334747,0.871437838377286,1182
9055,1192.7015143334747,0.871437838377286,1182
9056,1192.7015143334747,0.871437838377286,1182
9057,1192.7015143334747,0.871437838377286,1182
9058,1192.7015143334747,0.871437838377286,1182
9059,1192.7015143334747,0.871437838377286,1182
9060,1192.7015143334747,0.871437838377286,1182
9061,1192.7015143334747,0.871437838377286,1182
9062,1192.7015143334747,0.871437838377286,1182
9063,1192.7015143334747,0.871437838377286,1182
9064,1192.7015143334747,0.871437838377286,1182
9065,1192.7015143334747,0.871437838377286,1182
9066,1192.7015143334747,0.871437838377286,1182
9067,1192.7015143334747,0.871437838377286,1182
9068,1192.7015143334747,0.871437838377286,1182
9069,1192.7015143334747,0.871437838377286,1182
9070,1192.7015143334747,0.871437838377286,1182
9071,1192.7015143334747,0.871437838377286,1182
9072,1192.7015143334747,0.871437838377286,1182
9073,1192.7015143334747,0.871437838377286,1182
9074,1192.7015143334747,0.871437838377286,1182
9075,1189.8729123079136,0.8693787565123304,1179
9076,1196.1071424604277,0.8665648430991392,1185
9077,1196.1071424604277,0.8665648430991392,1185
9078,1196.1071424604277,0.8665648430991392,1185
9079,1196.1071424604277,0.8665648430991392,1185
9080,1196.1071424604277,0.8665648430991392,1185
9081,1196.1071424604277,0.8665648430991392,1185
9082,1196.1071424604277,0.8665648430991392,1185
9083,1184.9041386624408,0.8449767099658708,1172
9084,1184.9041386624408,0.8449767099658708,1172
9085,1184.9041386624408,0.8449767099658708,1172
9086,1184.9041386624408,0.8449767099658708,1172
9087,1184.9041386624408,0.8449767099658708,1172
9088,1184.9041386624408,0.8449767099658708,1172
9089,1184.9041386624408,0.8449767099658708,1172
9090,1184.9041386624408,0.8449767099658708,1172
9091,1184.9041386624408,0.8449767099658708,1172
9092,1184.9041386624408,0.8449767099658708,1172
9093,1184.9041386624408,0.8449767099658708,1172
9094,1184.9041386624408,0.8449767099658708,1172
9095,1184.9041386624408,0.8449767099658708,1172
9096,1184.9041386624408,0.8449767099658708,1172
9097,1184.9041386624408,0.8449767099658708,1172
9098,1184.9041386624408,0.8449767099658708,1172
9099,1184.9041386624408,0.8449767099658708,1172
9100,1184.9041386624408,0.8449767099658708,1172
9101,1184.9041386624408,0.8449767099658708,1172
9102,1184.9041386624408,0.8449767099658708,1172
9103,1184.9041386624408,0.8449767099658708,1172
9104,1184.9041386624408,0.8449767099658708,1172
9105,1184.9041386624408,0.8449767099658708,1172
9106,1184.9041386624408,0.8449767099658708,1172
9107,1184.9041386624408,0.8449767099658708,1172
9108,1184.9041386624408,0.8449767099658708,1172
9109,1184.9041386624408,0.8449767099658708,1172
9110,1184.9041386624408,0.8449767099658708,1172
9111,1184.9041386624408,0.8449767099658708,1172
9112,1184.9041386624408,0.8449767099658708,1172
9113,1184.9041386624408,0.8449767099658708,1172
9114,1189.5960610853879,0.8486777860957718,1177
9115,1189.5960610853879,0.8486777860957718,1177
9116,1189.5960610853879,0.8486777860957718,1177
9117,1189.5960610853879,0.8486777860957718,1177
9118,1189.5960610853879,0.8486777860957718,1177
9119,1189.5960610853879,0.8486777860957718,1177
9120,1189.5960610853879,0.8486777860957718,1177
9121,1189.5960610853879,0.8486777860957718,1177
9122,1189.5960610853879,0.8486777860957718,1177
9123,1189.5960610853879,0.8486777860957718,1177
9124,1189.5960610853879,0.8486777860957718,1177
9125,1189.5960610853879,0.8486777860957718,1177
9126,1189.5960610853879,0.8486777860957718,1177
9127,1189.5960610853879,0.8486777860957718,1177
9128,1189.5960610853879,0.8486777860957718,1177
9129,1189.5960610853879,0.8486777860957718,1177
9130,1189.5960610853879,0.8486777860957718,1177
9131,1189.5960610853879,0.8486777860957718,1177
9132,1189.5960610853879,0.8486777860957718,1177
9133,1189.5960610853879,0.8486777860957718,1177
9134,1189.5960610853879,0.8486777860957718,1177
9135,1189.5960610853879,0.8486777860957718,1177
9136,1189.5960610853879,0.8486777860957718,1177
9137,1189.5960610853879,0.8486777860957718,1177
9138,1189.5960610853879,0.8486777860957718,1177
9139,1189.5960610853879,0.8486777860957718,1177
9140,1189.5960610853879,0.8486777860957718,1177
9141,1189.5960610853879,0.8486777860957718,1177
9142,1189.5960610853879,0.8486777860957718,1177
9143,1189.5960610853879,0.8486777860957718,1177
9144,1189.5960610853879,0.8486777860957718,1177
9145,1189.5960610853879,0.8486777860957718,1177
9146,1189.5960610853879,0.8486777860957718,1177
9147,1189.5960610853879,0.8486777860957718,1177
9148,1189.5960610853879,0.8486777860957718,1177
9149,1189.5960610853879,0.8486777860957718,1177
9150,1189.5960610853879,0.8486777860957718,1177
9151,1189.5960610853879,0.8486777860957718,1177
9152,1189.5960610853879,0.8486777860957718,1177
9153,1189.5960610853879,0.8486777860957718,1177
9154,1189.5960610853879,0.8486777860957718,1177
9155,1189.5960610853879,0.8486777860957718,1177
9156,1189.5960610853879,0.8486777860957718,1177
9157,1189.5960610853879,0.8486777860957718,1177
9158,1189.5960610853879,0.8486777860957718,1177
9159,1189.5960610853879,0.8486777860957718,1177
9160,1189.5960610853879,0.8486777860957718,1177
9161,1189.5960610853879,0.8486777860957718,1177
9162,1189.5960610853879,0.8486777860957718,1177
9163,1189.5960610853879,0.8486777860957718,1177
9164,1189.5960610853879,0.8486777860957718,1177
9165,1189.5960610853879,0.8486777860957718,1177
9166,1189.5960610853879,0.8486777860957718,1177
9167,1189.5960610853879,0.8486777860957718,1177
9168,1189.5960610853879,0.8486777860957718,1177
9169,1189.5960610853879,0.8486777860957718,1177
9170,1189.5960610853879,0.8486777860957718,1177
9171,1189.5960610853879,0.8486777860957718,1177
9172,1189.5960610853879,0.8486777860957718,1177
9173,1189.5960610853879,0.8486777860957718,1177
9174,1189.5960610853879,0.8486777860957718,1177
9175,1189.5960610853879,0.8486777860957718,1177
9176,1189.5960610853879,0.8486777860957718,1177
9177,1189.5960610853879,0.8486777860957718,1177
9178,1189.5960610853879,0.8486777860957718,1177
9179,1189.5960610853879,0.8486777860957718,1177
9180,1189.5960610853879,0.8486777860957718,1177
9181,1189.5960610853879,0.8486777860957718,1177
9182,1189.5960610853879,0.8486777860957718,1177
9183,1189.5960610853879,0.8486777860957718,1177
9184,1189.5960610853879,0.8486777860957718,1177
9185,1189.5960610853879,0.8486777860957718,1177
9186,1189.5960610853879,0.8486777860957718,1177
9187,1189.5960610853879,0.8486777860957718,1177
9188,1189.5960610853879,0.8486777860957718,1177
9189,1189.5960610853879,0.8486777860957718,1177
9190,1189.5960610853879,0.8486777860957718,1177
9191,1189.5960610853879,0.8486777860957718,1177
9192,1189.5960610853879,0.8486777860957718,1177
9193,1189.5960610853879,0.8486777860957718,1177
9194,1189.5960610853879,0.8486777860957718,1177
9195,1189.5960610853879,0.8486777860957718,1177
9196,1189.5960610853879,0.8486777860957718,1177
9197,1189.5960610853879,0.8486777860957718,1177
9198,1189.5960610853879,0.8486777860957718,1177
9199,1189.5960610853879,0.8486777860957718,1177
9200,1189.5960610853879,0.8486777860957718,1177
9201,1189.5960610853879,0.8486777860957718,1177
9202,1189.5960610853879,0.8486777860957718,1177
9203,1189.5960610853879,0.8486777860957718,1177
9204,1189.5960610853879,0.8486777860957718,1177
9205,1189.5960610853879,0.8486777860957718,1177
9206,1189.5960610853879,0.8486777860957718,1177
9207,1189.5960610853879,0.8486777860957718,1177
9208,1189.5960610853879,0.8486777860957718,1177
9209,1189.5960610853879,0.8486777860957718,1177
9210,1189.5960610853879,0.8486777860957718,1177
9211,1189.5960610853879,0.8486777860957718,1177
9212,1189.5960610853879,0.8486777860957718,1177
9213,1189.5960610853879,0.8486777860957718,1177
9214,1189.5960610853879,0.8486777860957718,1177
9215,1189.5960610853879,0.8486777860957718,1177
9216,1189.5960610853879,0.8486777860957718,1177
9217,1189.5960610853879,0.8486777860957718,1177
9218,1189.5960610853879,0.8486777860957718,1177
9219,1189.5960610853879,0.8486777860957718,1177
9220,1189.5960610853879,0.8486777860957718,1177
9221,1189.5960610853879,0.8486777860957718,1177
9222,1189.5960610853879,0.8486777860957718,1177
9223,1189.5960610853879,0.8486777860957718,1177
9224,1189.5960610853879,0.8486777860957718,1177
9225,1189.5960610853879,0.8486777860957718,1177
9226,1189.5960610853879,0.8486777860957718,1177
9227,1189.5960610853879,0.8486777860957718,1177
9228,1189.5960610853879,0.8486777860957718,1177
9229,1189.5960610853879,0.8486777860957718,1177
9230,1189.5960610853879,0.8486777860957718,1177
9231,1189.5960610853879,0.8486777860957718,1177
9232,1189.5960610853879,0.8486777860957718,1177
9233,1189.5960610853879,0.8486777860957718,1177
9234,1189.5960610853879,0.8486777860957718,1177
9235,1189.5960610853879,0.8486777860957718,1177
9236,1189.5960610853879,0.8486777860957718,1177
9237,1189.5960610853879,0.8486777860957718,1177
9238,1189.5960610853879,0.8486777860957718,1177
9239,1189.5960610853879,0.8486777860957718,1177
9240,1189.5960610853879,0.8486777860957718,1177
9241,1189.5960610853879,0.8486777860957718,1177
9242,1189.5960610853879,0.8486777860957718,1177
9243,1189.5960610853879,0.8486777860957718,1177
9244,1189.5960610853879,0.8486777860957718,1177
9245,1189.5960610853879,0.8486777860957718,1177
9246,1189.5960610853879,0.8486777860957718,1177
9247,1193.7268041237114,0.8711340206185567,1183
9248,1193.7268041237114,0.8711340206185567,1183
9249,1193.7268041237114,0.8711340206185567,1183
9250,1193.7268041237114,0.8711340206185567,1183
9251,1193.7268041237114,0.8711340206185567,1183
9252,1193.7268041237114,0.8711340206185567,1183
9253,1193.7268041237114,0.8711340206185567,1183
9254,1193.7268041237114,0.8711340206185567,1183
9255,1193.7268041237114,0.8711340206185567,1183
9256,1193.7268041237114,0.8711340206185567,1183
9257,1193.7268041237114,0.8711340206185567,1183
9258,1193.7268041237114,0.8711340206185567,1183
9259,1193.7268041237114,0.8711340206185567,1183
9260,1193.7268041237114,0.8711340206185567,1183
9261,1193.7268041237114,0.8711340206185567,1183
9262,1193.7268041237114,0.8711340206185567,1183
9263,1193.7268041237114,0.8711340206185567,1183
9264,1193.7268041237114,0.8711340206185567,1183
9265,1193.7268041237114,0.8711340206185567,1183
9266,1193.7268041237114,0.8711340206185567,1183
9267,1193.7268041237114,0.8711340206185567,1183
9268,1193.7268041237114,0.8711340206185567,1183
9269,1193.7268041237114,0.8711340206185567,1183
9270,1193.7268041237114,0.8711340206185567,1183
9271,1193.7268041237114,0.8711340206185567,1183
9272,1193.7268041237114,0.8711340206185567,1183
9273,1193.7268041237114,0.8711340206185567,1183
9274,1193.7268041237114,0.8711340206185567,1183
9275,1193.7268041237114,0.8711340206185567,1183
9276,1193.7268041237114,0.8711340206185567,1183
9277,1193.7268041237114,0.8711340206185567,1183
9278,1193.7268041237114,0.8711340206185567,1183
9279,1193.7268041237114,0.8711340206185567,1183
9280,1193.7268041237114,0.8711340206185567,1183
9281,1193.7268041237114,0.8711340206185567,1183
9282,1193.7268041237114,0.8711340206185567,1183
9283,1193.7268041237114,0.8711340206185567,1183
9284,1193.7268041237114,0.8711340206185567,1183
9285,1193.7268041237114,0.8711340206185567,1183
9286,1193.7268041237114,0.8711340206185567,1183
9287,1193.7268041237114,0.8711340206185567,1183
9288,1193.7268041237114,0.8711340206185567,1183
9289,1193.7268041237114,0.8711340206185567,1183
9290,1193.7268041237114,0.8711340206185567,1183
9291,1193.7268041237114,0.8711340206185567,1183
9292,1193.7268041237114,0.8711340206185567,1183
9293,1192.7015143334747,0.871437838377286,1182
9294,1192.7015143334747,0.871437838377286,1182
9295,1192.7015143334747,0.871437838377286,1182
9296,1192.7015143334747,0.871437838377286,1182
9297,1192.7015143334747,0.871437838377286,1182
9298,1192.7015143334747,0.871437838377286,1182
9299,1192.7015143334747,0.871437838377286,1182
9300,1192.7015143334747,0.871437838377286,1182
9301,1192.7015143334747,0.871437838377286,1182
9302,1192.7015143334747,0.871437838377286,1182
9303,1192.7015143334747,0.871437838377286,1182
9304,1192.7015143334747,0.871437838377286,1182
9305,1192.7015143334747,0.871437838377286,1182
9306,1192.7015143334747,0.871437838377286,1182
9307,1192.7015143334747,0.871437838377286,1182
9308,1192.7015143334747,0.871437838377286,1182
9309,1192.7015143334747,0.871437838377286,1182
9310,1192.7015143334747,0.871437838377286,1182
9311,1192.7015143334747,0.871437838377286,1182
9312,1192.7015143334747,0.871437838377286,1182
9313,1192.7015143334747,0.871437838377286,1182
9314,1192.7015143334747,0.871437838377286,1182
9315,1192.7015143334747,0.871437838377286,1182
9316,1192.7015143334747,0.871437838377286,1182
9317,1192.7015143334747,0.871437838377286,1182
9318,1192.7015143334747,0.871437838377286,1182
9319,1192.7015143334747,0.871437838377286,1182
9320,1192.7015143334747,0.871437838377286,1182
9321,1192.7015143334747,0.871437838377286,1182
9322,1192.7015143334747,0.871437838377286,1182
9323,1192.7015143334747,0.871437838377286,1182
9324,1192.7015143334747,0.871437838377286,1182
9325,1192.7015143334747,0.871437838377286,1182
9326,1192.7015143334747,0.871437838377286,1182
9327,1192.7015143334747,0.871437838377286,1182
9328,1192.7015143334747,0.871437838377286,1182
9329,1192.7015143334747,0.871437838377286,1182
9330,1192.7015143334747,0.871437838377286,1182
9331,1192.7015143334747,0.871437838377286,1182
9332,1192.7015143334747,0.871437838377286,1182
9333,1192.7015143334747,0.871437838377286,1182
9334,1192.7015143334747,0.871437838377286,1182
9335,1192.7015143334747,0.871437838377286,1182
9336,1192.7015143334747,0.871437838377286,1182
9337,1192.7015143334747,0.871437838377286,1182
9338,1192.7015143334747,0.871437838377286,1182
9339,1192.7015143334747,0.871437838377286,1182
9340,1192.7015143334747,0.871437838377286,1182
9341,1192.7015143334747,0.871437838377286,1182
9342,1192.7015143334747,0.871437838377286,1182
9343,1192.7015143334747,0.871437838377286,1182
9344,1192.7015143334747,0.871437838377286,1182
9345,1192.7015143334747,0.871437838377286,1182
9346,1192.7015143334747,0.871437838377286,1182
9347,1192.7015143334747,0.871437838377286,1182
9348,1192.7015143334747,0.871437838377286,1182
9349,1192.7015143334747,0.871437838377286,1182
9350,1192.7015143334747,0.871437838377286,1182
9351,1192.7015143334747,0.871437838377286,1182
9352,1197.5822264706867,0.8728708977572486,1187
9353,1197.5822264706867,0.8728708977572486,1187
9354,1197.5822264706867,0.8728708977572486,1187
9355,1197.5822264706867,0.8728708977572486,1187
9356,1197.5822264706867,0.8728708977572486,1187
9357,1197.5822264706867,0.8728708977572486,1187
9358,1197.5822264706867,0.8728708977572486,1187
9359,1197.5822264706867,0.8728708977572486,1187
9360,1197.5822264706867,0.8728708977572486,1187
9361,1197.5822264706867,0.8728708977572486,1187
9362,1197.5822264706867,0.8728708977572486,1187
9363,1197.5822264706867,0.8728708977572486,1187
9364,1197.5822264706867,0.8728708977572486,1187
9365,1197.5822264706867,0.8728708977572486,1187
9366,1197.5822264706867,0.8728708977572486,1187
9367,1197.5822264706867,0.8728708977572486,1187
9368,1197.5822264706867,0.8728708977572486,1187
9369,1197.5822264706867,0.8728708977572486,1187
9370,1198.0524256478227,0.8552087259992461,1186
9371,1198.0524256478227,0.8552087259992461,1186
9372,1198.0524256478227,0.8552087259992461,1186
9373,1198.0524256478227,0.8552087259992461,1186
9374,1198.0524256478227,0.8552087259992461,1186
9375,1198.0524256478227,0.8552087259992461,1186
9376,1198.0524256478227,0.8552087259992461,1186
9377,1198.0524256478227,0.8552087259992461,1186
9378,1198.0524256478227,0.8552087259992461,1186
9379,1198.0524256478227,0.8552087259992461,1186
9380,1198.0524256478227,0.8552087259992461,1186
9381,1198.0524256478227,0.8552087259992461,1186
9382,1198.0524256478227,0.8552087259992461,1186
9383,1198.0524256478227,0.8552087259992461,1186
9384,1198.0524256478227,0.8552087259992461,1186
9385,1198.0524256478227,0.8552087259992461,1186
9386,1198.0524256478227,0.8552087259992461,1186
9387,1198.0524256478227,0.8552087259992461,1186
9388,1179.600175128255,0.8606418172963125,1168
9389,1179.600175128255,0.8606418172963125,1168
9390,1179.600175128255,0.8606418172963125,1168
9391,1179.600175128255,0.8606418172963125,1168
9392,1179.600175128255,0.8606418172963125,1168
9393,1179.600175128255,0.8606418172963125,1168
9394,1179.600175128255,0.8606418172963125,1168
9395,1179.600175128255,0.8606418172963125,1168
9396,1179.600175128255,0.8606418172963125,1168
9397,1179.600175128255,0.8606418172963125,1168
9398,1179.600175128255,0.8606418172963125,1168
9399,1179.600175128255,0.8606418172963125,1168
9400,1179.600175128255,0.8606418172963125,1168
9401,1179.600175128255,0.8606418172963125,1168
9402,1179.600175128255,0.8606418172963125,1168
9403,1179.600175128255,0.8606418172963125,1168
9404,1179.600175128255,0.8606418172963125,1168
9405,1179.600175128255,0.8606418172963125,1168
9406,1179.600175128255,0.8606418172963125,1168
9407,1179.600175128255,0.8606418172963125,1168
9408,1179.600175128255,0.8606418172963125,1168
9409,1179.600175128255,0.8606418172963125,1168
9410,1179.600175128255,0.8606418172963125,1168
9411,1179.600175128255,0.8606418172963125,1168
9412,1179.600175128255,0.8606418172963125,1168
9413,1179.600175128255,0.8606418172963125,1168
9414,1179.600175128255,0.8606418172963125,1168
9415,1179.600175128255,0.8606418172963125,1168
9416,1179.600175128255,0.8606418172963125,1168
9417,1179.600175128255,0.8606418172963125,1168
9418,1179.600175128255,0.8606418172963125,1168
9419,1179.600175128255,0.8606418172963125,1168
9420,1179.600175128255,0.8606418172963125,1168
9421,1179.600175128255,0.8606418172963125,1168
9422,1179.600175128255,0.8606418172963125,1168
9423,1179.600175128255,0.8606418172963125,1168
9424,1179.600175128255,0.8606418172963125,1168
9425,1179.600175128255,0.8606418172963125,1168
9426,1179.600175128255,0.8606418172963125,1168
9427,1179.600175128255,0.8606418172963125,1168
9428,1175.8399352736058,0.857761469562641,1164
9429,1175.8399352736058,0.857761469562641,1164
9430,1175.8399352736058,0.857761469562641,1164
9431,1175.8399352736058,0.857761469562641,1164
9432,1175.8399352736058,0.857761469562641,1164
9433,1175.8399352736058,0.857761469562641,1164
9434,1175.8399352736058,0.857761469562641,1164
9435,1175.8399352736058,0.857761469562641,1164
9436,1175.8399352736058,0.857761469562641,1164
9437,1175.8399352736058,0.857761469562641,1164
9438,1175.8399352736058,0.857761469562641,1164
9439,1175.8399352736058,0.857761469562641,1164
9440,1175.8399352736058,0.857761469562641,1164
9441,1175.8399352736058,0.857761469562641,1164
9442,1175.8399352736058,0.857761469562641,1164
9443,1175.8399352736058,0.857761469562641,1164
9444,1175.8399352736058,0.857761469562641,1164
9445,1175.8399352736058,0.857761469562641,1164
9446,1175.8399352736058,0.857761469562641,1164
9447,1175.8399352736058,0.857761469562641,1164
9448,1175.8399352736058,0.857761469562641,1164
9449,1175.8399352736058,0.857761469562641,1164
9450,1175.8399352736058,0.857761469562641,1164
9451,1175.8399352736058,0.857761469562641,1164
9452,1175.8399352736058,0.857761469562641,1164
9453,1175.8399352736058,0.857761469562641,1164
9454,1175.8399352736058,0.857761469562641,1164
9455,1175.8399352736058,0.857761469562641,1164
9456,1175.8399352736058,0.857761469562641,1164
9457,1175.8399352736058,0.857761469562641,1164
9458,1175.8399352736058,0.857761469562641,1164
9459,1175.8399352736058,0.857761469562641,1164
9460,1175.8399352736058,0.857761469562641,1164
9461,1175.8399352736058,0.857761469562641,1164
9462,1175.8399352736058,0.857761469562641,1164
9463,1175.8399352736058,0.857761469562641,1164
9464,1175.8399352736058,0.857761469562641,1164
9465,1175.8399352736058,0.857761469562641,1164
9466,1175.8399352736058,0.857761469562641,1164
9467,1175.8399352736058,0.857761469562641,1164
9468,1175.8399352736058,0.857761469562641,1164
9469,1175.8399352736058,0.857761469562641,1164
9470,1175.8399352736058,0.857761469562641,1164
9471,1175.8399352736058,0.857761469562641,1164
9472,1175.8399352736058,0.857761469562641,1164
9473,1175.8399352736058,0.857761469562641,1164
9474,1175.8399352736058,0.857761469562641,1164
9475,1175.8399352736058,0.857761469562641,1164
9476,1175.8399352736058,0.857761469562641,1164
9477,1175.8399352736058,0.857761469562641,1164
9478,1175.8399352736058,0.857761469562641,1164
9479,1170.7984699211947,0.8582596117107804,1159
9480,1170.7984699211947,0.8582596117107804,1159
9481,1174.1338480535,0.8662440166566544,1163
9482,1174.1338480535,0.8662440166566544,1163
9483,1174.1338480535,0.8662440166566544,1163
9484,1174.1338480535,0.8662440166566544,1163
9485,1174.1338480535,0.8662440166566544,1163
9486,1174.1338480535,0.8662440166566544,1163
9487,1174.1338480535,0.8662440166566544,1163
9488,1174.1338480535,0.8662440166566544,1163
9489,1174.1338480535,0.8662440166566544,1163
9490,1174.1338480535,0.8662440166566544,1163
9491,1174.1338480535,0.8662440166566544,1163
9492,1174.1338480535,0.8662440166566544,1163
9493,1174.1338480535,0.8662440166566544,1163
9494,1174.1338480535,0.8662440166566544,1163
9495,1174.1338480535,0.8662440166566544,1163
9496,1174.1338480535,0.8662440166566544,1163
9497,1174.1338480535,0.8662440166566544,1163
9498,1174.1338480535,0.8662440166566544,1163
9499,1174.1338480535,0.8662440166566544,1163
9500,1174.1338480535,0.8662440166566544,1163
9501,1174.1338480535,0.8662440166566544,1163
9502,1174.1338480535,0.8662440166566544,1163
9503,1174.1338480535,0.8662440166566544,1163
9504,1174.1338480535,0.8662440166566544,1163
9505,1174.1338480535,0.8662440166566544,1163
9506,1174.1338480535,0.8662440166566544,1163
9507,1174.1338480535,0.8662440166566544,1163
9508,1174.1338480535,0.8662440166566544,1163
9509,1170.7984699211947,0.8582596117107804,1159
9510,1170.7984699211947,0.8582596117107804,1159
9511,1170.7984699211947,0.8582596117107804,1159
9512,1170.7984699211947,0.8582596117107804,1159
9513,1170.7984699211947,0.8582596117107804,1159
9514,1170.7984699211947,0.8582596117107804,1159
9515,1170.7984699211947,0.8582596117107804,1159
9516,1170.7984699211947,0.8582596117107804,1159
9517,1170.7984699211947,0.8582596117107804,1159
9518,1170.7984699211947,0.8582596117107804,1159
9519,1170.7984699211947,0.8582596117107804,1159
9520,1170.7984699211947,0.8582596117107804,1159
9521,1170.7984699211947,0.8582596117107804,1159
9522,1170.7984699211947,0.8582596117107804,1159
9523,1170.7984699211947,0.8582596117107804,1159
9524,1170.7984699211947,0.8582596117107804,1159
9525,1170.7984699211947,0.8582596117107804,1159
9526,1170.7984699211947,0.8582596117107804,1159
9527,1170.7984699211947,0.8582596117107804,1159
9528,1164.6447807178154,0.8601059500502707,1153
9529,1164.6447807178154,0.8601059500502707,1153
9530,1164.6447807178154,0.8601059500502707,1153
9531,1164.6447807178154,0.8601059500502707,1153
9532,1164.6447807178154,0.8601059500502707,1153
9533,1164.6447807178154,0.8601059500502707,1153
9534,1164.6447807178154,0.8601059500502707,1153
9535,1164.6447807178154,0.8601059500502707,1153
9536,1164.6447807178154,0.8601059500502707,1153
9537,1164.6447807178154,0.8601059500502707,1153
9538,1164.6447807178154,0.8601059500502707,1153
9539,1164.6447807178154,0.8601059500502707,1153
9540,1164.6447807178154,0.8601059500502707,1153
9541,1164.6447807178154,0.8601059500502707,1153
9542,1164.6447807178154,0.8601059500502707,1153
9543,1164.6447807178154,0.8601059500502707,1153
9544,1164.6447807178154,0.8601059500502707,1153
9545,1164.6447807178154,0.8601059500502707,1153
9546,1164.6447807178154,0.8601059500502707,1153
9547,1164.6447807178154,0.8601059500502707,1153
9548,1164.6447807178154,0.8601059500502707,1153
9549,1164.6447807178154,0.8601059500502707,1153
9550,1164.6447807178154,0.8601059500502707,1153
9551,1164.6447807178154,0.8601059500502707,1153
9552,1164.6447807178154,0.8601059500502707,1153
9553,1164.6447807178154,0.8601059500502707,1153
9554,1164.6447807178154,0.8601059500502707,1153
9555,1164.6447807178154,0.8601059500502707,1153
9556,1164.6447807178154,0.8601059500502707,1153
9557,1164.6447807178154,0.8601059500502707,1153
9558,1164.6447807178154,0.8601059500502707,1153
9559,1164.6447807178154,0.8601059500502707,1153
9560,1164.6447807178154,0.8601059500502707,1153
9561,1164.6447807178154,0.8601059500502707,1153
9562,1164.6447807178154,0.8601059500502707,1153
9563,1164.6447807178154,0.8601059500502707,1153
9564,1164.6447807178154,0.8601059500502707,1153
9565,1164.6447807178154,0.8601059500502707,1153
9566,1164.6447807178154,0.8601059500502707,1153
9567,1164.6447807178154,0.8601059500502707,1153
9568,1164.6447807178154,0.8601059500502707,1153
9569,1164.6447807178154,0.8601059500502707,1153
9570,1164.6447807178154,0.8601059500502707,1153
9571,1164.6447807178154,0.8601059500502707,1153
9572,1164.6447807178154,0.8601059500502707,1153
9573,1164.6447807178154,0.8601059500502707,1153
9574,1164.6447807178154,0.8601059500502707,1153
9575,1164.6447807178154,0.8601059500502707,1153
9576,1164.6447807178154,0.8601059500502707,1153
9577,1164.6447807178154,0.8601059500502707,1153
9578,1164.6447807178154,0.8601059500502707,1153
9579,1164.6447807178154,0.8601059500502707,1153
9580,1164.6447807178154,0.8601059500502707,1153
9581,1164.6447807178154,0.8601059500502707,1153
9582,1164.6447807178154,0.8601059500502707,1153
9583,1164.6447807178154,0.8601059500502707,1153
9584,1164.6447807178154,0.8601059500502707,1153
9585,1164.6447807178154,0.8601059500502707,1153
9586,1170.2854023714865,0.8644233256669082,1159
9587,1170.2854023714865,0.8644233256669082,1159
9588,1170.2854023714865,0.8644233256669082,1159
9589,1186.69246692607,0.8595330739299611,1175
9590,1186.69246692607,0.8595330739299611,1175
9591,1186.69246692607,0.8595330739299611,1175
9592,1186.69246692607,0.8595330739299611,1175
9593,1186.69246692607,0.8595330739299611,1175
9594,1186.69246692607,0.8595330739299611,1175
9595,1186.69246692607,0.8595330739299611,1175
9596,1186.69246692607,0.8595330739299611,1175
9597,1186.69246692607,0.8595330739299611,1175
9598,1186.69246692607,0.8595330739299611,1175
9599,1186.69246692607,0.8595330739299611,1175
9600,1186.69246692607,0.8595330739299611,1175
9601,1186.69246692607,0.8595330739299611,1175
9602,1186.69246692607,0.8595330739299611,1175
9603,1186.69246692607,0.8595330739299611,1175
9604,1186.69246692607,0.8595330739299611,1175
9605,1186.69246692607,0.8595330739299611,1175
9606,1186.69246692607,0.8595330739299611,1175
9607,1186.69246692607,0.8595330739299611,1175
9608,1186.69246692607,0.8595330739299611,1175
9609,1186.69246692607,0.8595330739299611,1175
9610,1186.69246692607,0.8595330739299611,1175
9611,1186.69246692607,0.8595330739299611,1175
9612,1186.69246692607,0.8595330739299611,1175
9613,1186.69246692607,0.8595330739299611,1175
9614,1185.667242836966,0.8598361023910884,1174
9615,1185.667242836966,0.8598361023910884,1174
9616,1185.667242836966,0.8598361023910884,1174
9617,1185.667242836966,0.8598361023910884,1174
9618,1185.667242836966,0.8598361023910884,1174
9619,1185.667242836966,0.8598361023910884,1174
9620,1185.667242836966,0.8598361023910884,1174
9621,1185.667242836966,0.8598361023910884,1174
9622,1185.667242836966,0.8598361023910884,1174
9623,1185.667242836966,0.8598361023910884,1174
9624,1185.667242836966,0.8598361023910884,1174
9625,1185.667242836966,0.8598361023910884,1174
9626,1185.667242836966,0.8598361023910884,1174
9627,1185.667242836966,0.8598361023910884,1174
9628,1185.667242836966,0.8598361023910884,1174
9629,1185.667242836966,0.8598361023910884,1174
9630,1185.667242836966,0.8598361023910884,1174
9631,1185.667242836966,0.8598361023910884,1174
9632,1185.667242836966,0.8598361023910884,1174
9633,1185.667242836966,0.8598361023910884,1174
9634,1185.667242836966,0.8598361023910884,1174
9635,1185.667242836966,0.8598361023910884,1174
9636,1185.667242836966,0.8598361023910884,1174
9637,1185.667242836966,0.8598361023910884,1174
9638,1185.667242836966,0.8598361023910884,1174
9639,1185.667242836966,0.8598361023910884,1174
9640,1185.667242836966,0.8598361023910884,1174
9641,1185.667242836966,0.8598361023910884,1174
9642,1185.667242836966,0.8598361023910884,1174
9643,1185.667242836966,0.8598361023910884,1174
9644,1185.667242836966,0.8598361023910884,1174
9645,1185.667242836966,0.8598361023910884,1174
9646,1185.667242836966,0.8598361023910884,1174
9647,1185.667242836966,0.8598361023910884,1174
9648,1185.667242836966,0.8598361023910884,1174
9649,1185.667242836966,0.8598361023910884,1174
9650,1185.667242836966,0.8598361023910884,1174
9651,1185.667242836966,0.8598361023910884,1174
9652,1185.667242836966,0.8598361023910884,1174
9653,1185.667242836966,0.8598361023910884,1174
9654,1185.667242836966,0.8598361023910884,1174
9655,1185.667242836966,0.8598361023910884,1174
9656,1185.667242836966,0.8598361023910884,1174
9657,1185.667242836966,0.8598361023910884,1174
9658,1185.667242836966,0.8598361023910884,1174
9659,1185.667242836966,0.8598361023910884,1174
9660,1185.667242836966,0.8598361023910884,1174
9661,1185.667242836966,0.8598361023910884,1174
9662,1185.667242836966,0.8598361023910884,1174
9663,1185.667242836966,0.8598361023910884,1174
9664,1185.667242836966,0.8598361023910884,1174
9665,1185.667242836966,0.8598361023910884,1174
9666,1185.667242836966,0.8598361023910884,1174
9667,1185.667242836966,0.8598361023910884,1174
9668,1185.667242836966,0.8598361023910884,1174
9669,1185.667242836966,0.8598361023910884,1174
9670,1185.667242836966,0.8598361023910884,1174
9671,1185.667242836966,0.8598361023910884,1174
9672,1185.667242836966,0.8598361023910884,1174
9673,1185.667242836966,0.8598361023910884,1174
9674,1185.667242836966,0.8598361023910884,1174
9675,1185.667242836966,0.8598361023910884,1174
9676,1185.667242836966,0.8598361023910884,1174
9677,1185.667242836966,0.8598361023910884,1174
9678,1185.667242836966,0.8598361023910884,1174
9679,1185.667242836966,0.8598361023910884,1174
9680,1185.667242836966,0.8598361023910884,1174
9681,1185.667242836966,0.8598361023910884,1174
9682,1185.667242836966,0.8598361023910884,1174
9683,1185.667242836966,0.8598361023910884,1174
9684,1185.667242836966,0.8598361023910884,1174
9685,1185.667242836966,0.8598361023910884,1174
9686,1185.667242836966,0.8598361023910884,1174
9687,1185.667242836966,0.8598361023910884,1174
9688,1185.667242836966,0.8598361023910884,1174
9689,1185.667242836966,0.8598361023910884,1174
9690,1185.667242836966,0.8598361023910884,1174
9691,1185.667242836966,0.8598361023910884,1174
9692,1185.667242836966,0.8598361023910884,1174
9693,1185.667242836966,0.8598361023910884,1174
9694,1185.667242836966,0.8598361023910884,1174
9695,1185.667242836966,0.8598361023910884,1174
9696,1185.667242836966,0.8598361023910884,1174
9697,1185.667242836966,0.8598361023910884,1174
9698,1185.667242836966,0.8598361023910884,1174
9699,1185.667242836966,0.8598361023910884,1174
9700,1185.667242836966,0.8598361023910884,1174
9701,1185.667242836966,0.8598361023910884,1174
9702,1185.667242836966,0.8598361023910884,1174
9703,1185.667242836966,0.8598361023910884,1174
9704,1185.667242836966,0.8598361023910884,1174
9705,1185.667242836966,0.8598361023910884,1174
9706,1185.667242836966,0.8598361023910884,1174
9707,1185.667242836966,0.8598361023910884,1174
9708,1185.667242836966,0.8598361023910884,1174
9709,1185.667242836966,0.8598361023910884,1174
9710,1185.667242836966,0.8598361023910884,1174
9711,1185.667242836966,0.8598361023910884,1174
9712,1185.667242836966,0.8598361023910884,1174
9713,1185.667242836966,0.8598361023910884,1174
9714,1185.667242836966,0.8598361023910884,1174
9715,1185.667242836966,0.8598361023910884,1174
9716,1185.667242836966,0.8598361023910884,1174
9717,1185.667242836966,0.8598361023910884,1174
9718,1185.667242836966,0.8598361023910884,1174
9719,1185.667242836966,0.8598361023910884,1174
9720,1185.667242836966,0.8598361023910884,1174
9721,1185.667242836966,0.8598361023910884,1174
9722,1185.667242836966,0.8598361023910884,1174
9723,1185.667242836966,0.8598361023910884,1174
9724,1185.667242836966,0.8598361023910884,1174
9725,1185.667242836966,0.8598361023910884,1174
9726,1185.667242836966,0.8598361023910884,1174
9727,1185.667242836966,0.8598361023910884,1174
9728,1185.667242836966,0.8598361023910884,1174
9729,1185.667242836966,0.8598361023910884,1174
9730,1185.667242836966,0.8598361023910884,1174
9731,1185.667242836966,0.8598361023910884,1174
9732,1185.667242836966,0.8598361023910884,1174
9733,1185.667242836966,0.8598361023910884,1174
9734,1185.667242836966,0.8598361023910884,1174
9735,1185.667242836966,0.8598361023910884,1174
9736,1185.667242836966,0.8598361023910884,1174
9737,1185.667242836966,0.8598361023910884,1174
9738,1185.667242836966,0.8598361023910884,1174
9739,1185.667242836966,0.8598361023910884,1174
9740,1185.667242836966,0.8598361023910884,1174
9741,1185.667242836966,0.8598361023910884,1174
9742,1185.667242836966,0.8598361023910884,1174
9743,1185.667242836966,0.8598361023910884,1174
9744,1185.667242836966,0.8598361023910884,1174
9745,1185.667242836966,0.8598361023910884,1174
9746,1185.667242836966,0.8598361023910884,1174
9747,1185.667242836966,0.8598361023910884,1174
9748,1185.667242836966,0.8598361023910884,1174
9749,1185.667242836966,0.8598361023910884,1174
9750,1180.0269706212875,0.8555145288168245,1168
9751,1180.0269706212875,0.8555145288168245,1168
9752,1180.0269706212875,0.8555145288168245,1168
9753,1180.0269706212875,0.8555145288168245,1168
9754,1180.0269706212875,0.8555145288168245,1168
9755,1180.0269706212875,0.8555145288168245,1168
9756,1180.0269706212875,0.8555145288168245,1168
9757,1180.0269706212875,0.8555145288168245,1168
9758,1180.0269706212875,0.8555145288168245,1168
9759,1180.0269706212875,0.8555145288168245,1168
9760,1180.0269706212875,0.8555145288168245,1168
9761,1180.0269706212875,0.8555145288168245,1168
9762,1180.0269706212875,0.8555145288168245,1168
9763,1180.0269706212875,0.8555145288168245,1168
9764,1180.0269706212875,0.8555145288168245,1168
9765,1180.0269706212875,0.8555145288168245,1168
9766,1180.0269706212875,0.8555145288168245,1168
9767,1180.0269706212875,0.8555145288168245,1168
9768,1180.0269706212875,0.8555145288168245,1168
9769,1180.0269706212875,0.8555145288168245,1168
9770,1180.0269706212875,0.8555145288168245,1168
9771,1180.0269706212875,0.8555145288168245,1168
9772,1180.0269706212875,0.8555145288168245,1168
9773,1180.0269706212875,0.8555145288168245,1168
9774,1180.0269706212875,0.8555145288168245,1168
9775,1180.0269706212875,0.8555145288168245,1168
9776,1180.0269706212875,0.8555145288168245,1168
9777,1180.0269706212875,0.8555145288168245,1168
9778,1180.0269706212875,0.8555145288168245,1168
9779,1180.0269706212875,0.8555145288168245,1168
9780,1180.0269706212875,0.8555145288168245,1168
9781,1180.0269706212875,0.8555145288168245,1168
9782,1180.0269706212875,0.8555145288168245,1168
9783,1180.0269706212875,0.8555145288168245,1168
9784,1180.0269706212875,0.8555145288168245,1168
9785,1180.0269706212875,0.8555145288168245,1168
9786,1180.0269706212875,0.8555145288168245,1168
9787,1180.0269706212875,0.8555145288168245,1168
9788,1180.0269706212875,0.8555145288168245,1168
9789,1180.0269706212875,0.8555145288168245,1168
9790,1180.0269706212875,0.8555145288168245,1168
9791,1180.0269706212875,0.8555145288168245,1168
9792,1180.0269706212875,0.8555145288168245,1168
9793,1180.0269706212875,0.8555145288168245,1168
9794,1180.0269706212875,0.8555145288168245,1168
9795,1180.0269706212875,0.8555145288168245,1168
9796,1180.0269706212875,0.8555145288168245,1168
9797,1181.0522088312196,0.855211330715767,1169
9798,1181.0522088312196,0.855211330715767,1169
9799,1181.0522088312196,0.855211330715767,1169
9800,1181.0522088312196,0.855211330715767,1169
9801,1181.0522088312196,0.855211330715767,1169
9802,1181.0522088312196,0.855211330715767,1169
9803,1181.0522088312196,0.855211330715767,1169
9804,1181.0522088312196,0.855211330715767,1169
9805,1181.0522088312196,0.855211330715767,1169
9806,1181.0522088312196,0.855211330715767,1169
9807,1181.0522088312196,0.855211330715767,1169
9808,1181.0522088312196,0.855211330715767,1169
9809,1181.0522088312196,0.855211330715767,1169
9810,1181.0522088312196,0.855211330715767,1169
9811,1181.0522088312196,0.855211330715767,1169
9812,1181.0522088312196,0.855211330715767,1169
9813,1181.0522088312196,0.855211330715767,1169
9814,1181.0522088312196,0.855211330715767,1169
9815,1181.0522088312196,0.855211330715767,1169
9816,1181.0522088312196,0.855211330715767,1169
9817,1181.0522088312196,0.855211330715767,1169
9818,1181.0522088312196,0.855211330715767,1169
9819,1181.0522088312196,0.855211330715767,1169
9820,1181.0522088312196,0.855211330715767,1169
9821,1181.0522088312196,0.855211330715767,1169
9822,1181.0522088312196,0.855211330715767,1169
9823,1186.69246692607,0.8595330739299611,1175
9824,1186.69246692607,0.8595330739299611,1175
9825,1186.69246692607,0.8595330739299611,1175
9826,1186.69246692607,0.8595330739299611,1175
9827,1186.69246692607,0.8595330739299611,1175
9828,1186.69246692607,0.8595330739299611,1175
9829,1186.69246692607,0.8595330739299611,1175
9830,1186.69246692607,0.8595330739299611,1175
9831,1186.69246692607,0.8595330739299611,1175
9832,1186.69246692607,0.8595330739299611,1175
9833,1186.69246692607,0.8595330739299611,1175
9834,1186.69246692607,0.8595330739299611,1175
9835,1186.69246692607,0.8595330739299611,1175
9836,1186.69246692607,0.8595330739299611,1175
9837,1186.69246692607,0.8595330739299611,1175
9838,1186.69246692607,0.8595330739299611,1175
9839,1186.69246692607,0.8595330739299611,1175
9840,1186.69246692607,0.8595330739299611,1175
9841,1186.69246692607,0.8595330739299611,1175
9842,1186.69246692607,0.8595330739299611,1175
9843,1186.69246692607,0.8595330739299611,1175
9844,1186.69246692607,0.8595330739299611,1175
9845,1186.69246692607,0.8595330739299611,1175
9846,1186.69246692607,0.8595330739299611,1175
9847,1186.69246692607,0.8595330739299611,1175
9848,1186.69246692607,0.8595330739299611,1175
9849,1186.69246692607,0.8595330739299611,1175
9850,1186.69246692607,0.8595330739299611,1175
9851,1186.69246692607,0.8595330739299611,1175
9852,1186.69246692607,0.8595330739299611,1175
9853,1186.69246692607,0.8595330739299611,1175
9854,1185.667242836966,0.8598361023910884,1174
9855,1185.667242836966,0.8598361023910884,1174
9856,1185.667242836966,0.8598361023910884,1174
9857,1185.667242836966,0.8598361023910884,1174
9858,1185.667242836966,0.8598361023910884,1174
9859,1185.667242836966,0.8598361023910884,1174
9860,1185.667242836966,0.8598361023910884,1174
9861,1185.667242836966,0.8598361023910884,1174
9862,1185.667242836966,0.8598361023910884,1174
9863,1185.667242836966,0.8598361023910884,1174
9864,1185.667242836966,0.8598361023910884,1174
9865,1185.667242836966,0.8598361023910884,1174
9866,1185.667242836966,0.8598361023910884,1174
9867,1179.5152886724,0.8616615969197498,1168
9868,1179.5152886724,0.8616615969197498,1168
9869,1179.5152886724,0.8616615969197498,1168
9870,1179.5152886724,0.8616615969197498,1168
9871,1179.5152886724,0.8616615969197498,1168
9872,1179.5152886724,0.8616615969197498,1168
9873,1179.5152886724,0.8616615969197498,1168
9874,1179.5152886724,0.8616615969197498,1168
9875,1179.5152886724,0.8616615969197498,1168
9876,1179.5152886724,0.8616615969197498,1168
9877,1179.5152886724,0.8616615969197498,1168
9878,1179.5152886724,0.8616615969197498,1168
9879,1179.5152886724,0.8616615969197498,1168
9880,1179.5152886724,0.8616615969197498,1168
9881,1179.5152886724,0.8616615969197498,1168
9882,1179.5152886724,0.8616615969197498,1168
9883,1179.5152886724,0.8616615969197498,1168
9884,1179.5152886724,0.8616615969197498,1168
9885,1179.5152886724,0.8616615969197498,1168
9886,1179.5152886724,0.8616615969197498,1168
9887,1179.5152886724,0.8616615969197498,1168
9888,1179.5152886724,0.8616615969197498,1168
9889,1179.5152886724,0.8616615969197498,1168
9890,1179.5152886724,0.8616615969197498,1168
9891,1179.5152886724,0.8616615969197498,1168
9892,1179.5152886724,0.8616615969197498,1168
9893,1179.5152886724,0.8616615969197498,1168
9894,1179.5152886724,0.8616615969197498,1168
9895,1179.5152886724,0.8616615969197498,1168
9896,1179.5152886724,0.8616615969197498,1168
9897,1179.5152886724,0.8616615969197498,1168
9898,1179.5152886724,0.8616615969197498,1168
9899,1173.8749080842201,0.8573413252736647,1162
9900,1173.8749080842201,0.8573413252736647,1162
9901,1173.8749080842201,0.8573413252736647,1162
9902,1173.8749080842201,0.8573413252736647,1162
9903,1173.8749080842201,0.8573413252736647,1162
9904,1173.8749080842201,0.8573413252736647,1162
9905,1173.8749080842201,0.8573413252736647,1162
9906,1173.8749080842201,0.8573413252736647,1162
9907,1173.8749080842201,0.8573413252736647,1162
9908,1173.8749080842201,0.8573413252736647,1162
9909,1173.8749080842201,0.8573413252736647,1162
9910,1173.8749080842201,0.8573413252736647,1162
9911,1173.8749080842201,0.8573413252736647,1162
9912,1173.8749080842201,0.8573413252736647,1162
9913,1173.8749080842201,0.8573413252736647,1162
9914,1173.8749080842201,0.8573413252736647,1162
9915,1173.8749080842201,0.8573413252736647,1162
9916,1173.8749080842201,0.8573413252736647,1162
9917,1173.8749080842201,0.8573413252736647,1162
9918,1173.8749080842201,0.8573413252736647,1162
9919,1173.8749080842201,0.8573413252736647,1162
9920,1173.8749080842201,0.8573413252736647,1162
9921,1173.8749080842201,0.8573413252736647,1162
9922,1173.8749080842201,0.8573413252736647,1162
9923,1173.8749080842201,0.8573413252736647,1162
9924,1173.8749080842201,0.8573413252736647,1162
9925,1173.8749080842201,0.8573413252736647,1162
9926,1173.8749080842201,0.8573413252736647,1162
9927,1173.8749080842201,0.8573413252736647,1162
9928,1173.8749080842201,0.8573413252736647,1162
9929,1173.8749080842201,0.8573413252736647,1162
9930,1173.8749080842201,0.8573413252736647,1162
9931,1173.8749080842201,0.8573413252736647,1162
9932,1173.8749080842201,0.8573413252736647,1162
9933,1173.8749080842201,0.8573413252736647,1162
9934,1173.8749080842201,0.8573413252736647,1162
9935,1173.8749080842201,0.8573413252736647,1162
9936,1173.8749080842201,0.8573413252736647,1162
9937,1173.8749080842201,0.8573413252736647,1162
9938,1173.8749080842201,0.8573413252736647,1162
9939,1173.8749080842201,0.8573413252736647,1162
9940,1173.8749080842201,0.8573413252736647,1162
9941,1173.8749080842201,0.8573413252736647,1162
9942,1173.8749080842201,0.8573413252736647,1162
9943,1173.8749080842201,0.8573413252736647,1162
9944,1173.8749080842201,0.8573413252736647,1162
9945,1173.8749080842201,0.8573413252736647,1162
9946,1173.8749080842201,0.8573413252736647,1162
9947,1173.8749080842201,0.8573413252736647,1162
9948,1173.8749080842201,0.8573413252736647,1162
9949,1173.8749080842201,0.8573413252736647,1162
9950,1173.8749080842201,0.8573413252736647,1162
9951,1173.8749080842201,0.8573413252736647,1162
9952,1173.8749080842201,0.8573413252736647,1162
9953,1173.8749080842201,0.8573413252736647,1162
9954,1173.8749080842201,0.8573413252736647,1162
9955,1173.8749080842201,0.8573413252736647,1162
9956,1173.8749080842201,0.8573413252736647,1162
9957,1173.8749080842201,0.8573413252736647,1162
9958,1173.8749080842201,0.8573413252736647,1162
9959,1173.8749080842201,0.8573413252736647,1162
9960,1173.8749080842201,0.8573413252736647,1162
9961,1173.8749080842201,0.8573413252736647,1162
9962,1173.8749080842201,0.8573413252736647,1162
9963,1173.8749080842201,0.8573413252736647,1162
9964,1173.8749080842201,0.8573413252736647,1162
9965,1173.8749080842201,0.8573413252736647,1162
9966,1173.8749080842201,0.8573413252736647,1162
9967,1173.8749080842201,0.8573413252736647,1162
9968,1173.8749080842201,0.8573413252736647,1162
9969,1173.8749080842201,0.8573413252736647,1162
9970,1173.8749080842201,0.8573413252736647,1162
9971,1173.8749080842201,0.8573413252736647,1162
9972,1173.8749080842201,0.8573413252736647,1162
9973,1173.8749080842201,0.8573413252736647,1162
9974,1173.8749080842201,0.8573413252736647,1162
9975,1173.8749080842201,0.8573413252736647,1162
9976,1173.8749080842201,0.8573413252736647,1162
9977,1173.8749080842201,0.8573413252736647,1162
9978,1173.8749080842201,0.8573413252736647,1162
9979,1173.8749080842201,0.8573413252736647,1162
9980,1173.8749080842201,0.8573413252736647,1162
9981,1173.8749080842201,0.8573413252736647,1162
9982,1173.8749080842201,0.8573413252736647,1162
9983,1173.8749080842201,0.8573413252736647,1162
9984,1173.8749080842201,0.8573413252736647,1162
9985,1173.8749080842201,0.8573413252736647,1162
9986,1173.8749080842201,0.8573413252736647,1162
9987,1173.8749080842201,0.8573413252736647,1162
9988,1173.8749080842201,0.8573413252736647,1162
9989,1173.8749080842201,0.8573413252736647,1162
9990,1173.8749080842201,0.8573413252736647,1162
9991,1173.8749080842201,0.8573413252736647,1162
9992,1173.8749080842201,0.8573413252736647,1162
9993,1173.8749080842201,0.8573413252736647,1162
9994,1173.8749080842201,0.8573413252736647,1162
9995,1173.8749080842201,0.8573413252736647,1162
9996,1173.8749080842201,0.8573413252736647,1162
9997,1173.8749080842201,0.8573413252736647,1162
9998,1173.8749080842201,0.8573413252736647,1162
9999,1173.8749080842201,0.8573413252736647,1162
10000,1173.8749080842201,0.8573413252736647,1162
